environment_step,learning_update,td_loss
1000,1,0.8656213283538818
1010,2,0.800071656703949
1020,3,0.670947790145874
1030,4,0.6056888699531555
1040,5,0.5311132669448853
1050,6,0.4458668529987335
1060,7,0.3969331681728363
1070,8,0.34255653619766235
1080,9,0.27877774834632874
1090,10,0.21880178153514862
1100,11,0.19871464371681213
1110,12,0.17925304174423218
1120,13,0.1194552481174469
1130,14,0.10305976867675781
1140,15,0.12383709102869034
1150,16,0.08989954739809036
1160,17,0.06352758407592773
1170,18,0.09265796840190887
1180,19,0.17361609637737274
1190,20,0.13343572616577148
1200,21,0.1215151771903038
1210,22,0.10643891245126724
1220,23,0.06656438857316971
1230,24,0.09133876860141754
1240,25,0.08075512200593948
1250,26,0.1183672845363617
1260,27,0.08844675868749619
1270,28,0.06974680721759796
1280,29,0.05249269679188728
1290,30,0.056374721229076385
1300,31,0.05576707422733307
1310,32,0.06844539195299149
1320,33,0.05057363212108612
1330,34,0.0445399209856987
1340,35,0.04458791762590408
1350,36,0.05450509488582611
1360,37,0.03378373384475708
1370,38,0.04156240448355675
1380,39,0.05340317636728287
1390,40,0.03641459718346596
1400,41,0.038449034094810486
1410,42,0.039678409695625305
1420,43,0.0368853360414505
1430,44,0.034169040620326996
1440,45,0.03377578780055046
1450,46,0.025663502514362335
1460,47,0.023503011092543602
1470,48,0.022921811789274216
1480,49,0.020075947046279907
1490,50,0.024663105607032776
1500,51,0.016646984964609146
1510,52,0.031034188345074654
1520,53,0.016036104410886765
1530,54,0.05128849670290947
1540,55,0.03182585537433624
1550,56,0.022259069606661797
1560,57,0.012458652257919312
1570,58,0.010821793228387833
1580,59,0.013171530328691006
1590,60,0.011313790455460548
1600,61,0.007376900874078274
1610,62,0.013583580031991005
1620,63,0.014066622592508793
1630,64,0.01684493198990822
1640,65,0.007912930101156235
1650,66,0.012986126355826855
1660,67,0.013243096880614758
1670,68,0.013763564638793468
1680,69,0.024116409942507744
1690,70,0.00949312373995781
1700,71,0.02033986896276474
1710,72,0.014122609049081802
1720,73,0.01342935673892498
1730,74,0.01441940013319254
1740,75,0.007276491727679968
1750,76,0.011180832982063293
1760,77,0.010214501060545444
1770,78,0.018281249329447746
1780,79,0.008188704028725624
1790,80,0.008987746201455593
1800,81,0.007221666630357504
1810,82,0.012720458209514618
1820,83,0.010974801145493984
1830,84,0.005145580507814884
1840,85,0.009073380380868912
1850,86,0.006509639322757721
1860,87,0.006750485859811306
1870,88,0.00837582815438509
1880,89,0.005242686718702316
1890,90,0.00814046896994114
1900,91,0.006330198608338833
1910,92,0.008652516640722752
1920,93,0.007893294095993042
1930,94,0.006742367520928383
1940,95,0.011932667344808578
1950,96,0.01970008946955204
1960,97,0.009941709227859974
1970,98,0.006718128453940153
1980,99,0.004221559502184391
1990,100,0.006652217824012041
2000,101,0.007516436744481325
2010,102,0.9193498492240906
2020,103,0.8480392098426819
2030,104,0.6704474687576294
2040,105,0.48725152015686035
2050,106,0.3296559154987335
2060,107,0.25789743661880493
2070,108,0.09674950689077377
2080,109,0.035655222833156586
2090,110,0.10219821333885193
2100,111,0.3569810688495636
2110,112,0.24443963170051575
2120,113,0.22583511471748352
2130,114,0.20682558417320251
2140,115,0.2204892486333847
2150,116,0.1529632955789566
2160,117,0.0914754644036293
2170,118,0.0525549054145813
2180,119,0.023702021688222885
2190,120,0.0376863032579422
2200,121,0.05685313045978546
2210,122,0.07428822666406631
2220,123,0.06771101802587509
2230,124,0.06212542951107025
2240,125,0.07512278109788895
2250,126,0.07264530658721924
2260,127,0.04829294979572296
2270,128,0.042692914605140686
2280,129,0.03954792022705078
2290,130,0.04127344861626625
2300,131,0.028493674471974373
2310,132,0.02342550829052925
2320,133,0.02312358468770981
2330,134,0.03724703565239906
2340,135,0.046495627611875534
2350,136,0.02798304706811905
2360,137,0.033830028027296066
2370,138,0.025748953223228455
2380,139,0.025169987231492996
2390,140,0.025975652039051056
2400,141,0.014833432622253895
2410,142,0.02194173075258732
2420,143,0.01523612905293703
2430,144,0.01897580176591873
2440,145,0.018834229558706284
2450,146,0.010029863566160202
2460,147,0.016250811517238617
2470,148,0.009458590298891068
2480,149,0.008215008303523064
2490,150,0.015060288831591606
2500,151,0.006318423897027969
2510,152,0.013629325665533543
2520,153,0.01748504675924778
2530,154,0.01518463809043169
2540,155,0.010958514176309109
2550,156,0.009865902364253998
2560,157,0.018051093444228172
2570,158,0.013122625648975372
2580,159,0.006171868648380041
2590,160,0.007968169637024403
2600,161,0.005676723551005125
2610,162,0.002189507009461522
2620,163,0.004497360438108444
2630,164,0.008926764130592346
2640,165,0.0033358335494995117
2650,166,0.006442476529628038
2660,167,0.006202663294970989
2670,168,0.006905910558998585
2680,169,0.009992954321205616
2690,170,0.015007100068032742
2700,171,0.011454282328486443
2710,172,0.015342948958277702
2720,173,0.008530141785740852
2730,174,0.009952918626368046
2740,175,0.005489367060363293
2750,176,0.01690983958542347
2760,177,0.006260854657739401
2770,178,0.005425444804131985
2780,179,0.005369176156818867
2790,180,0.00891111884266138
2800,181,0.017273161560297012
2810,182,0.006310541648417711
2820,183,0.009520746767520905
2830,184,0.012376193888485432
2840,185,0.004429767839610577
2850,186,0.009052673354744911
2860,187,0.02431604638695717
2870,188,0.009094820357859135
2880,189,0.0055468445643782616
2890,190,0.01624731533229351
2900,191,0.008857833221554756
2910,192,0.011949487030506134
2920,193,0.011574254371225834
2930,194,0.008634896017611027
2940,195,0.011737218126654625
2950,196,0.08117012679576874
2960,197,0.004367217421531677
2970,198,0.049503203481435776
2980,199,0.003976648207753897
2990,200,0.06767303496599197
3000,201,0.005255857482552528
3010,202,0.9519127607345581
3020,203,0.8136897683143616
3030,204,0.6040740609169006
3040,205,0.37950196862220764
3050,206,0.1848727911710739
3060,207,0.09354124218225479
3070,208,0.057812850922346115
3080,209,0.19601936638355255
3090,210,0.2735673487186432
3100,211,0.5603908896446228
3110,212,0.2508544921875
3120,213,0.31691688299179077
3130,214,0.15791697800159454
3140,215,0.0541299507021904
3150,216,0.1252519190311432
3160,217,0.03083501197397709
3170,218,0.0539812371134758
3180,219,0.11309761554002762
3190,220,0.14057423174381256
3200,221,0.1475697159767151
3210,222,0.1354799121618271
3220,223,0.11161704361438751
3230,224,0.0993117243051529
3240,225,0.06023571267724037
3250,226,0.027923304587602615
3260,227,0.06888027489185333
3270,228,0.018877629190683365
3280,229,0.029542168602347374
3290,230,0.03069256991147995
3300,231,0.04433916509151459
3310,232,0.056711047887802124
3320,233,0.04327524080872536
3330,234,0.03503298759460449
3340,235,0.02419465221464634
3350,236,0.016565566882491112
3360,237,0.008259988389909267
3370,238,0.007318309508264065
3380,239,0.09769648313522339
3390,240,0.014977158978581429
3400,241,0.015674004331231117
3410,242,0.016429847106337547
3420,243,0.01853439025580883
3430,244,0.02202753536403179
3440,245,0.012883702293038368
3450,246,0.012238246388733387
3460,247,0.014289706945419312
3470,248,0.005292156711220741
3480,249,0.008705596439540386
3490,250,0.01379453670233488
3500,251,0.011370652355253696
3510,252,0.008175306022167206
3520,253,0.013253916054964066
3530,254,0.00635385699570179
3540,255,0.004419808275997639
3550,256,0.004938607569783926
3560,257,0.0055189537815749645
3570,258,0.007263728883117437
3580,259,0.103341244161129
3590,260,0.00774432672187686
3600,261,0.011018471792340279
3610,262,0.008599650114774704
3620,263,0.013112527318298817
3630,264,0.005413278471678495
3640,265,0.005368037614971399
3650,266,0.007640550844371319
3660,267,0.003648255253210664
3670,268,0.00647685956209898
3680,269,0.004920691251754761
3690,270,0.006563203409314156
3700,271,0.011633594520390034
3710,272,0.008494772017002106
3720,273,0.007186708506196737
3730,274,0.007078531198203564
3740,275,0.008792378939688206
3750,276,0.006067891605198383
3760,277,0.00721101276576519
3770,278,0.005876070354133844
3780,279,0.08313338458538055
3790,280,0.006036575883626938
3800,281,0.008418851532042027
3810,282,0.004340280778706074
3820,283,0.006569617427885532
3830,284,0.004671620205044746
3840,285,0.004512622486799955
3850,286,0.004158059135079384
3860,287,0.009842870756983757
3870,288,0.0042773024179041386
3880,289,0.0944860652089119
3890,290,0.0068507688120007515
3900,291,0.10388962179422379
3910,292,0.007123582996428013
3920,293,0.008024666458368301
3930,294,0.013564975000917912
3940,295,0.08744662255048752
3950,296,0.009115118533372879
3960,297,0.0030994080007076263
3970,298,0.005297423806041479
3980,299,0.008029299788177013
3990,300,0.004178009927272797
4000,301,0.0035902434028685093
4010,302,0.9104902148246765
4020,303,0.7632912993431091
4030,304,0.48913833498954773
4040,305,0.25173819065093994
4050,306,0.07362255454063416
4060,307,0.06684646755456924
4070,308,0.12105164676904678
4080,309,0.18614238500595093
4090,310,0.31184548139572144
4100,311,0.3931126296520233
4110,312,0.3816686272621155
4120,313,0.3451659679412842
4130,314,0.044890470802783966
4140,315,0.0234596636146307
4150,316,0.04973284900188446
4160,317,0.14238907396793365
4170,318,0.14113575220108032
4180,319,0.15805253386497498
4190,320,0.13117878139019012
4200,321,0.10529229789972305
4210,322,0.07555816322565079
4220,323,0.030979398638010025
4230,324,0.016504153609275818
4240,325,0.025267645716667175
4250,326,0.06916610151529312
4260,327,0.05166291818022728
4270,328,0.06310661137104034
4280,329,0.05891472473740578
4290,330,0.06930424273014069
4300,331,0.029820933938026428
4310,332,0.027395963668823242
4320,333,0.02368893101811409
4330,334,0.021730633452534676
4340,335,0.022026142105460167
4350,336,0.019743826240301132
4360,337,0.03915613144636154
4370,338,0.054023951292037964
4380,339,0.029647469520568848
4390,340,0.025939853861927986
4400,341,0.015179997310042381
4410,342,0.01009999681264162
4420,343,0.006958197336643934
4430,344,0.03333884850144386
4440,345,0.03486662730574608
4450,346,0.011819977313280106
4460,347,0.013926402665674686
4470,348,0.011650513857603073
4480,349,0.007047118619084358
4490,350,0.004022448789328337
4500,351,0.009165165945887566
4510,352,0.007768901996314526
4520,353,0.007431947160512209
4530,354,0.006335819605737925
4540,355,0.00923597440123558
4550,356,0.14449022710323334
4560,357,0.006653858348727226
4570,358,0.13719859719276428
4580,359,0.00479807099327445
4590,360,0.003977552056312561
4600,361,0.00394252547994256
4610,362,0.008647000417113304
4620,363,0.1724453717470169
4630,364,0.008349169045686722
4640,365,0.004869107156991959
4650,366,0.008088493719696999
4660,367,0.008022847585380077
4670,368,0.0062513407319784164
4680,369,0.003498391481116414
4690,370,0.13728412985801697
4700,371,0.007916519418358803
4710,372,0.012464502826333046
4720,373,0.008441225625574589
4730,374,0.007231888826936483
4740,375,0.009873444214463234
4750,376,0.00929508451372385
4760,377,0.006628596223890781
4770,378,0.007342868484556675
4780,379,0.008206028491258621
4790,380,0.12254548817873001
4800,381,0.020763857290148735
4810,382,0.008284705691039562
4820,383,0.008740724064409733
4830,384,0.131596177816391
4840,385,0.011271301656961441
4850,386,0.007531707640737295
4860,387,0.11338883638381958
4870,388,0.009258757345378399
4880,389,0.011009502224624157
4890,390,0.005965596064925194
4900,391,0.0050027212128043175
4910,392,0.007191345561295748
4920,393,0.007317121606320143
4930,394,0.0062697166576981544
4940,395,0.17894266545772552
4950,396,0.00804257020354271
4960,397,0.009855496697127819
4970,398,0.007752399425953627
4980,399,0.08075922727584839
4990,400,0.1047317385673523
5000,401,0.01607969030737877
5010,402,0.9327782392501831
5020,403,0.7495077848434448
5030,404,0.49437832832336426
5040,405,0.2381058633327484
5050,406,0.0718311220407486
5060,407,0.038315076380968094
5070,408,0.14433351159095764
5080,409,0.28823235630989075
5090,410,1.002340316772461
5100,411,0.7677208781242371
5110,412,0.23088955879211426
5120,413,0.08494894951581955
5130,414,0.18358401954174042
5140,415,0.07378296554088593
5150,416,0.11250282824039459
5160,417,0.24012571573257446
5170,418,0.18411540985107422
5180,419,0.19167625904083252
5190,420,0.12422376126050949
5200,421,0.06472650170326233
5210,422,0.07296381145715714
5220,423,0.04369595646858215
5230,424,0.07739276438951492
5240,425,0.07649645954370499
5250,426,0.08019167929887772
5260,427,0.08078335970640182
5270,428,0.06962898373603821
5280,429,0.06039315462112427
5290,430,0.042589396238327026
5300,431,0.02164069004356861
5310,432,0.028710074722766876
5320,433,0.017718303948640823
5330,434,0.049045875668525696
5340,435,0.048153411597013474
5350,436,0.04289989918470383
5360,437,0.03761451318860054
5370,438,0.028342027217149734
5380,439,0.018358919769525528
5390,440,0.04060780256986618
5400,441,0.04002175107598305
5410,442,0.022933609783649445
5420,443,0.01714887097477913
5430,444,0.17230775952339172
5440,445,0.030581198632717133
5450,446,0.024111807346343994
5460,447,0.018381502479314804
5470,448,0.008618220686912537
5480,449,0.012920944020152092
5490,450,0.020831367000937462
5500,451,0.016613595187664032
5510,452,0.027926579117774963
5520,453,0.021897325292229652
5530,454,0.010022678412497044
5540,455,0.017182759940624237
5550,456,0.11448141187429428
5560,457,0.013205669820308685
5570,458,0.011024958454072475
5580,459,0.014867228455841541
5590,460,0.015836594626307487
5600,461,0.023935522884130478
5610,462,0.007415936328470707
5620,463,0.010881450027227402
5630,464,0.18677927553653717
5640,465,0.01344143133610487
5650,466,0.007567858789116144
5660,467,0.016120996326208115
5670,468,0.029192181304097176
5680,469,0.010750168934464455
5690,470,0.021601125597953796
5700,471,0.013432390987873077
5710,472,0.009968680329620838
5720,473,0.008016139268875122
5730,474,0.009230416268110275
5740,475,0.012063756585121155
5750,476,0.007337361574172974
5760,477,0.010991007089614868
5770,478,0.022418253123760223
5780,479,0.02092190831899643
5790,480,0.01288203801959753
5800,481,0.007733249105513096
5810,482,0.008561762981116772
5820,483,0.015237570740282536
5830,484,0.008705099113285542
5840,485,0.006677650380879641
5850,486,0.01505319681018591
5860,487,0.012480739504098892
5870,488,0.007115335203707218
5880,489,0.10358697921037674
5890,490,0.006347258575260639
5900,491,0.010526646859943867
5910,492,0.007046370767056942
5920,493,0.0070508308708667755
5930,494,0.0064466227777302265
5940,495,0.1966380923986435
5950,496,0.011231346987187862
5960,497,0.011747030541300774
5970,498,0.004878858104348183
5980,499,0.011307621374726295
5990,500,0.007999792695045471
6000,501,0.17418216168880463
6010,502,0.9002541303634644
6020,503,0.6508319973945618
6030,504,0.428162157535553
6040,505,0.1743890941143036
6050,506,0.033877596259117126
6060,507,0.09757597744464874
6070,508,0.29773280024528503
6080,509,0.4975641071796417
6090,510,0.47694581747055054
6100,511,0.3609720468521118
6110,512,0.11515288054943085
6120,513,0.049631956964731216
6130,514,0.052588097751140594
6140,515,0.1165008693933487
6150,516,0.18125782907009125
6160,517,0.1806727647781372
6170,518,0.16038034856319427
6180,519,0.1499319225549698
6190,520,0.09426860511302948
6200,521,0.06274112313985825
6210,522,0.03408767655491829
6220,523,0.0415506437420845
6230,524,0.045874662697315216
6240,525,0.10987275838851929
6250,526,0.6380000710487366
6260,527,0.09141223132610321
6270,528,0.06214264780282974
6280,529,0.02101886086165905
6290,530,0.042261842638254166
6300,531,0.0653645396232605
6310,532,0.047383472323417664
6320,533,0.028550537303090096
6330,534,0.055212002247571945
6340,535,0.057851243764162064
6350,536,0.09975390136241913
6360,537,0.023410815745592117
6370,538,0.013652401976287365
6380,539,0.07313979417085648
6390,540,0.020141825079917908
6400,541,0.04890909790992737
6410,542,0.04424664378166199
6420,543,0.037195056676864624
6430,544,0.03599568083882332
6440,545,0.03481598198413849
6450,546,0.3142814338207245
6460,547,0.025538355112075806
6470,548,0.022377505898475647
6480,549,0.01924705132842064
6490,550,0.05014556646347046
6500,551,0.04717595875263214
6510,552,0.02275289036333561
6520,553,0.041782964020967484
6530,554,0.030253678560256958
6540,555,0.014769338071346283
6550,556,0.016404058784246445
6560,557,0.03733803331851959
6570,558,0.3653930425643921
6580,559,0.05147748067975044
6590,560,0.019908156245946884
6600,561,0.03106718510389328
6610,562,0.041537631303071976
6620,563,0.3425077795982361
6630,564,0.058064937591552734
6640,565,0.04140114411711693
6650,566,0.02914455160498619
6660,567,0.04031667485833168
6670,568,0.019737370312213898
6680,569,0.018724313005805016
6690,570,0.5130021572113037
6700,571,0.01640940271317959
6710,572,0.4606584906578064
6720,573,0.02871622145175934
6730,574,0.016133248805999756
6740,575,0.01977888122200966
6750,576,0.05570259317755699
6760,577,0.023591969162225723
6770,578,0.023127423599362373
6780,579,0.022380750626325607
6790,580,0.039158012717962265
6800,581,0.022820042446255684
6810,582,0.03136201947927475
6820,583,0.015110768377780914
6830,584,0.03625296428799629
6840,585,0.022687943652272224
6850,586,0.031757697463035583
6860,587,0.03649921342730522
6870,588,0.02522977627813816
6880,589,0.035483572632074356
6890,590,0.36216863989830017
6900,591,0.020176349207758904
6910,592,0.01463783998042345
6920,593,0.043746110051870346
6930,594,0.012140216305851936
6940,595,0.024750977754592896
6950,596,0.026830244809389114
6960,597,0.01751379482448101
6970,598,0.2529994249343872
6980,599,0.0381399467587471
6990,600,0.043689168989658356
7000,601,0.015725677832961082
7010,602,0.8575752377510071
7020,603,0.6192536950111389
7030,604,0.3300054967403412
7040,605,0.10468922555446625
7050,606,0.017188433557748795
7060,607,0.29880478978157043
7070,608,0.3368002474308014
7080,609,0.7997246980667114
7090,610,0.3971547484397888
7100,611,0.14478515088558197
7110,612,0.33488503098487854
7120,613,0.10727840662002563
7130,614,0.22774973511695862
7140,615,0.4311760365962982
7150,616,0.211898535490036
7160,617,0.2277067005634308
7170,618,0.12020866572856903
7180,619,0.03795909509062767
7190,620,0.05954549461603165
7200,621,0.07025674730539322
7210,622,0.13706035912036896
7220,623,0.8321853876113892
7230,624,0.08639810234308243
7240,625,0.060598596930503845
7250,626,0.021528862416744232
7260,627,0.07926920056343079
7270,628,0.09100457280874252
7280,629,0.08195742964744568
7290,630,0.08997942507266998
7300,631,0.08570875972509384
7310,632,0.056046657264232635
7320,633,0.04044179618358612
7330,634,0.02752530574798584
7340,635,0.028622044250369072
7350,636,0.034581877291202545
7360,637,0.02514745481312275
7370,638,0.03855648264288902
7380,639,0.03215658664703369
7390,640,0.028815757483243942
7400,641,0.019267432391643524
7410,642,0.20848295092582703
7420,643,0.03423327952623367
7430,644,0.028165213763713837
7440,645,0.030156336724758148
7450,646,0.03310135379433632
7460,647,0.030066007748246193
7470,648,0.034813035279512405
7480,649,0.05409620702266693
7490,650,0.04137309640645981
7500,651,0.03175916522741318
7510,652,0.03631247580051422
7520,653,0.03344445303082466
7530,654,0.016945723444223404
7540,655,0.029161501675844193
7550,656,0.0329345166683197
7560,657,0.029439939185976982
7570,658,0.021374892443418503
7580,659,0.02900884486734867
7590,660,0.02313237078487873
7600,661,0.04284362122416496
7610,662,0.024265043437480927
7620,663,0.02092708647251129
7630,664,0.028770964592695236
7640,665,0.020105522125959396
7650,666,0.012769738212227821
7660,667,0.028006618842482567
7670,668,0.04446244239807129
7680,669,0.016345784068107605
7690,670,0.020143359899520874
7700,671,0.019713258370757103
7710,672,0.021223261952400208
7720,673,0.018115192651748657
7730,674,0.015255038626492023
7740,675,0.02035091444849968
7750,676,0.052420973777770996
7760,677,0.022667545825242996
7770,678,0.016519133001565933
7780,679,0.021993102505803108
7790,680,0.01253766193985939
7800,681,0.007061149924993515
7810,682,0.02487490139901638
7820,683,0.013569649308919907
7830,684,0.016077596694231033
7840,685,0.34133976697921753
7850,686,0.01907952129840851
7860,687,0.00815114751458168
7870,688,0.012988682836294174
7880,689,0.01834212802350521
7890,690,0.024426884949207306
7900,691,0.027686890214681625
7910,692,0.03751574829220772
7920,693,0.014074092730879784
7930,694,0.023222552612423897
7940,695,0.032799720764160156
7950,696,0.02201135642826557
7960,697,0.022199861705303192
7970,698,0.4018395245075226
7980,699,0.2974816858768463
7990,700,0.028496302664279938
8000,701,0.046831678599119186
8010,702,0.8392410278320312
8020,703,0.6440185308456421
8030,704,0.40267321467399597
8040,705,0.11450673639774323
8050,706,0.05060373619198799
8060,707,0.17661644518375397
8070,708,0.8402293920516968
8080,709,0.42667582631111145
8090,710,0.3515716791152954
8100,711,0.21869593858718872
8110,712,0.09848029911518097
8120,713,0.07198414206504822
8130,714,0.09711384773254395
8140,715,0.14084173738956451
8150,716,0.2647908329963684
8160,717,0.27639439702033997
8170,718,0.5873956680297852
8180,719,0.06533369421958923
8190,720,0.3483821749687195
8200,721,0.030775733292102814
8210,722,0.059806860983371735
8220,723,0.5095071792602539
8230,724,0.0800899863243103
8240,725,0.09285897761583328
8250,726,0.0626692920923233
8260,727,0.04442654922604561
8270,728,0.02119893580675125
8280,729,0.05059166997671127
8290,730,0.04087332636117935
8300,731,0.06583760678768158
8310,732,0.04564765468239784
8320,733,0.04401442036032677
8330,734,0.04011993855237961
8340,735,0.02457127533853054
8350,736,0.03327137231826782
8360,737,0.06217717379331589
8370,738,0.04106495901942253
8380,739,0.022979844361543655
8390,740,0.5050626993179321
8400,741,0.016469556838274002
8410,742,0.022693976759910583
8420,743,0.018485531210899353
8430,744,0.8907412886619568
8440,745,0.046928148716688156
8450,746,0.043006885796785355
8460,747,0.06124516576528549
8470,748,0.0356290303170681
8480,749,0.04154568910598755
8490,750,0.0156447421759367
8500,751,0.0325642004609108
8510,752,0.06235329061746597
8520,753,0.06079269200563431
8530,754,0.26192915439605713
8540,755,0.02401876635849476
8550,756,0.02106102928519249
8560,757,0.009899763390421867
8570,758,0.020930562168359756
8580,759,0.021211829036474228
8590,760,0.028908386826515198
8600,761,0.0199979729950428
8610,762,0.02295061945915222
8620,763,0.015202914364635944
8630,764,0.02452622726559639
8640,765,0.01735384576022625
8650,766,0.02380148321390152
8660,767,0.02215723879635334
8670,768,0.025783859193325043
8680,769,0.03795279935002327
8690,770,0.027820760384202003
8700,771,0.03292233869433403
8710,772,0.012508478946983814
8720,773,0.02287304401397705
8730,774,0.013555598445236683
8740,775,0.02404811419546604
8750,776,0.02372428961098194
8760,777,0.024547237902879715
8770,778,0.019760355353355408
8780,779,0.41194942593574524
8790,780,0.018682578578591347
8800,781,0.01808204874396324
8810,782,0.024581873789429665
8820,783,0.021076716482639313
8830,784,0.007295407820492983
8840,785,0.33281227946281433
8850,786,0.026565000414848328
8860,787,0.01290415320545435
8870,788,0.018706802278757095
8880,789,0.02542383223772049
8890,790,0.013818780891597271
8900,791,0.026920361444354057
8910,792,0.021305471658706665
8920,793,0.021081184968352318
8930,794,0.014555241912603378
8940,795,0.018779436126351357
8950,796,0.020051514729857445
8960,797,0.02002882771193981
8970,798,0.030966512858867645
8980,799,0.028073860332369804
8990,800,0.017735294997692108
9000,801,0.7258745431900024
9010,802,0.909061849117279
9020,803,0.7340268492698669
9030,804,0.33758196234703064
9040,805,0.07172081619501114
9050,806,0.03456680104136467
9060,807,0.3724101483821869
9070,808,0.44757625460624695
9080,809,0.375625342130661
9090,810,0.2232269048690796
9100,811,0.8971280455589294
9110,812,0.08554244786500931
9120,813,0.14266040921211243
9130,814,0.19653677940368652
9140,815,0.16977444291114807
9150,816,0.17625264823436737
9160,817,0.10445340722799301
9170,818,0.14891429245471954
9180,819,0.08476846665143967
9190,820,0.05734913796186447
9200,821,0.04567784443497658
9210,822,0.07218562066555023
9220,823,0.10165547579526901
9230,824,0.11646196246147156
9240,825,0.04002850875258446
9250,826,0.05510573089122772
9260,827,0.03014417365193367
9270,828,0.025951160117983818
9280,829,0.04011394828557968
9290,830,0.0466342568397522
9300,831,0.5104236006736755
9310,832,0.06177540868520737
9320,833,0.5191711187362671
9330,834,0.02648443914949894
9340,835,0.021867817267775536
9350,836,0.023463210090994835
9360,837,0.03496161475777626
9370,838,0.036114830523729324
9380,839,0.04050499573349953
9390,840,0.02991882897913456
9400,841,0.029084905982017517
9410,842,0.02448803372681141
9420,843,0.8920222520828247
9430,844,0.036693211644887924
9440,845,0.025917643681168556
9450,846,0.05181662738323212
9460,847,0.04027630388736725
9470,848,0.02923010103404522
9480,849,0.039040058851242065
9490,850,0.023462940007448196
9500,851,0.5333314538002014
9510,852,0.025069819763302803
9520,853,0.031058823689818382
9530,854,0.02460455521941185
9540,855,0.017460107803344727
9550,856,0.013507525436580181
9560,857,0.03321637213230133
9570,858,0.028263209387660027
9580,859,0.014889501966536045
9590,860,0.0196524728089571
9600,861,0.04076971486210823
9610,862,0.02050166018307209
9620,863,0.027276886627078056
9630,864,0.011812404729425907
9640,865,0.02119029313325882
9650,866,0.058370549231767654
9660,867,0.34860116243362427
9670,868,0.01953515037894249
9680,869,0.020319513976573944
9690,870,0.033688925206661224
9700,871,0.011867006309330463
9710,872,0.0477750338613987
9720,873,0.015007579699158669
9730,874,0.060681287199258804
9740,875,0.026906872168183327
9750,876,0.01603267341852188
9760,877,0.03959203138947487
9770,878,0.0350058376789093
9780,879,0.03096124902367592
9790,880,0.3986903131008148
9800,881,0.02962500974535942
9810,882,0.029734937474131584
9820,883,0.013776440173387527
9830,884,0.018411904573440552
9840,885,0.01780496910214424
9850,886,0.02491120435297489
9860,887,0.0238063745200634
9870,888,0.035482488572597504
9880,889,0.026323307305574417
9890,890,0.0316835381090641
9900,891,0.014835421927273273
9910,892,0.04135977476835251
9920,893,0.011564674787223339
9930,894,0.04178211838006973
9940,895,0.029865439981222153
9950,896,0.014622079208493233
9960,897,0.0313706211745739
9970,898,0.03723924607038498
9980,899,0.3735902011394501
9990,900,0.01915009692311287
10000,901,0.04632894694805145
10010,902,0.7726306915283203
10020,903,0.5992388725280762
10030,904,0.7179954648017883
10040,905,0.08499067276716232
10050,906,0.06453732401132584
10060,907,0.3198091983795166
10070,908,0.3768504559993744
10080,909,0.9587607979774475
10090,910,0.24615909159183502
10100,911,0.13696114718914032
10110,912,0.08591856062412262
10120,913,0.07700388133525848
10130,914,0.16179829835891724
10140,915,0.252724289894104
10150,916,0.3982575535774231
10160,917,0.19461087882518768
10170,918,0.45888766646385193
10180,919,0.055604007095098495
10190,920,0.044162072241306305
10200,921,0.12390740215778351
10210,922,0.15387922525405884
10220,923,0.17167532444000244
10230,924,0.128187894821167
10240,925,0.08551941812038422
10250,926,0.049612775444984436
10260,927,0.030018532648682594
10270,928,0.5607208609580994
10280,929,0.12434778362512589
10290,930,0.12474402040243149
10300,931,0.0654594898223877
10310,932,0.043048322200775146
10320,933,0.045089829713106155
10330,934,0.019132137298583984
10340,935,0.027615349739789963
10350,936,0.05035492032766342
10360,937,0.05864886939525604
10370,938,0.054866716265678406
10380,939,0.07960933446884155
10390,940,0.046422556042671204
10400,941,0.03813802823424339
10410,942,0.015259104780852795
10420,943,0.049796558916568756
10430,944,0.05209130048751831
10440,945,0.026720797643065453
10450,946,0.39884310960769653
10460,947,0.03349355235695839
10470,948,0.03521906957030296
10480,949,0.04474562406539917
10490,950,0.03989872336387634
10500,951,0.014320895075798035
10510,952,0.04471609741449356
10520,953,0.015305118635296822
10530,954,0.07583659142255783
10540,955,0.04424627125263214
10550,956,0.027727849781513214
10560,957,0.027387971058487892
10570,958,0.05110323429107666
10580,959,0.041877150535583496
10590,960,0.7548701167106628
10600,961,0.019860971719026566
10610,962,0.36439964175224304
10620,963,0.04529479146003723
10630,964,0.6711341738700867
10640,965,0.0700807198882103
10650,966,0.06599804013967514
10660,967,0.04766023904085159
10670,968,0.06980402767658234
10680,969,0.04354080930352211
10690,970,0.023860683664679527
10700,971,0.025511326268315315
10710,972,0.03225820139050484
10720,973,0.04419505223631859
10730,974,0.0557088702917099
10740,975,0.053489476442337036
10750,976,0.030808618292212486
10760,977,0.03803625330328941
10770,978,0.03431662172079086
10780,979,0.02880028262734413
10790,980,0.032992709428071976
10800,981,0.037217624485492706
10810,982,0.015345402993261814
10820,983,0.02132757566869259
10830,984,0.025854017585515976
10840,985,0.0386606901884079
10850,986,0.02779218554496765
10860,987,0.11223282665014267
10870,988,0.03684331849217415
10880,989,0.03815315291285515
10890,990,0.04216601327061653
10900,991,0.07304927706718445
10910,992,0.04049873352050781
10920,993,0.02156638540327549
10930,994,0.03696935623884201
10940,995,0.015704745426774025
10950,996,0.02109268121421337
10960,997,0.01828964799642563
10970,998,0.017197685316205025
10980,999,0.8845064640045166
10990,1000,0.02502525970339775
11000,1001,0.08122345060110092
11010,1002,0.7503506541252136
11020,1003,1.1427738666534424
11030,1004,0.6600825786590576
11040,1005,0.0449044331908226
11050,1006,0.09582434594631195
11060,1007,0.23626874387264252
11070,1008,0.4653729200363159
11080,1009,0.2749002277851105
11090,1010,0.17899207770824432
11100,1011,0.12984448671340942
11110,1012,0.042914677411317825
11120,1013,0.11666043847799301
11130,1014,0.15410934388637543
11140,1015,0.15462647378444672
11150,1016,0.17184913158416748
11160,1017,0.07161975651979446
11170,1018,0.04665713757276535
11180,1019,0.03461366146802902
11190,1020,0.5488301515579224
11200,1021,0.13027483224868774
11210,1022,0.08491983264684677
11220,1023,0.09020210802555084
11230,1024,0.03814595565199852
11240,1025,0.04282952845096588
11250,1026,0.0629609227180481
11260,1027,0.08116130530834198
11270,1028,0.026773707941174507
11280,1029,0.0505487285554409
11290,1030,0.026976581662893295
11300,1031,0.06725358217954636
11310,1032,0.02947000041604042
11320,1033,0.022528570145368576
11330,1034,0.03187820315361023
11340,1035,0.05293992906808853
11350,1036,0.023123430088162422
11360,1037,0.02975863218307495
11370,1038,0.06106516718864441
11380,1039,0.01721598021686077
11390,1040,0.04942744970321655
11400,1041,0.07857584953308105
11410,1042,0.026406489312648773
11420,1043,0.04299524053931236
11430,1044,0.01845213770866394
11440,1045,0.020531591027975082
11450,1046,0.024118367582559586
11460,1047,0.01295403577387333
11470,1048,0.01864338479936123
11480,1049,0.024685043841600418
11490,1050,0.0361286997795105
11500,1051,0.025453699752688408
11510,1052,0.019854001700878143
11520,1053,0.02742229588329792
11530,1054,0.014279723167419434
11540,1055,0.02761853300035
11550,1056,0.02303275279700756
11560,1057,0.017268845811486244
11570,1058,0.039727918803691864
11580,1059,0.020218487828969955
11590,1060,0.025737926363945007
11600,1061,0.010173274204134941
11610,1062,0.018877971917390823
11620,1063,0.03080993890762329
11630,1064,0.024606887251138687
11640,1065,0.019199902191758156
11650,1066,0.02797723561525345
11660,1067,0.03270562365651131
11670,1068,0.009066524915397167
11680,1069,0.014605258591473103
11690,1070,0.02150345966219902
11700,1071,0.026700491085648537
11710,1072,0.05635066702961922
11720,1073,0.01714746654033661
11730,1074,0.017395315691828728
11740,1075,0.027723360806703568
11750,1076,0.03386290743947029
11760,1077,0.026078803464770317
11770,1078,0.009319384582340717
11780,1079,0.0286391694098711
11790,1080,0.008778550662100315
11800,1081,0.0144271869212389
11810,1082,0.739021897315979
11820,1083,0.01478506624698639
11830,1084,0.847102165222168
11840,1085,0.03165547922253609
11850,1086,0.06116150692105293
11860,1087,0.037327032536268234
11870,1088,0.04439256712794304
11880,1089,0.03566645458340645
11890,1090,0.015425924211740494
11900,1091,0.023839745670557022
11910,1092,0.03706905618309975
11920,1093,0.03176164627075195
11930,1094,0.03823518380522728
11940,1095,0.06468081474304199
11950,1096,0.024597758427262306
11960,1097,0.7202699780464172
11970,1098,0.04802579805254936
11980,1099,0.1060962900519371
11990,1100,0.053398020565509796
12000,1101,0.03781798109412193
12010,1102,0.657349169254303
12020,1103,0.31074801087379456
12030,1104,0.1092369332909584
12040,1105,0.015444262884557247
12050,1106,0.24689525365829468
12060,1107,0.31600847840309143
12070,1108,0.36368879675865173
12080,1109,0.17841999232769012
12090,1110,0.05928855016827583
12100,1111,0.05885375663638115
12110,1112,0.06333700567483902
12120,1113,0.10938645899295807
12130,1114,0.13411951065063477
12140,1115,0.06492789089679718
12150,1116,0.08432912826538086
12160,1117,0.052280575037002563
12170,1118,0.06196881830692291
12180,1119,0.07876401394605637
12190,1120,0.05052672326564789
12200,1121,0.8094002604484558
12210,1122,0.04944382607936859
12220,1123,0.022269640117883682
12230,1124,0.09288456290960312
12240,1125,0.05998515710234642
12250,1126,0.05294954031705856
12260,1127,0.04589446634054184
12270,1128,0.7377325296401978
12280,1129,0.03402557969093323
12290,1130,0.05501723662018776
12300,1131,0.08053015917539597
12310,1132,0.048259589821100235
12320,1133,0.03166358917951584
12330,1134,0.04308481514453888
12340,1135,0.08501678705215454
12350,1136,0.039033956825733185
12360,1137,0.03765426576137543
12370,1138,0.014731580391526222
12380,1139,0.04353801906108856
12390,1140,0.05527718365192413
12400,1141,0.01995920203626156
12410,1142,0.030494937673211098
12420,1143,0.025919286534190178
12430,1144,0.04367126524448395
12440,1145,0.015095631591975689
12450,1146,0.02505074068903923
12460,1147,0.04595370218157768
12470,1148,0.019267834722995758
12480,1149,0.02469572424888611
12490,1150,0.02484242245554924
12500,1151,0.022648757323622704
12510,1152,0.03309055045247078
12520,1153,0.024042515084147453
12530,1154,0.019770760089159012
12540,1155,0.017282260581851006
12550,1156,0.03928125277161598
12560,1157,0.030773576349020004
12570,1158,0.03502663969993591
12580,1159,0.0651654377579689
12590,1160,0.013361848890781403
12600,1161,0.026437833905220032
12610,1162,0.05649641901254654
12620,1163,0.8155454993247986
12630,1164,0.015567732974886894
12640,1165,0.009278137236833572
12650,1166,0.025094646960496902
12660,1167,0.028824610635638237
12670,1168,0.026930155232548714
12680,1169,0.017837675288319588
12690,1170,0.7554246187210083
12700,1171,0.04881809279322624
12710,1172,0.05642858147621155
12720,1173,0.020557362586259842
12730,1174,0.021132083609700203
12740,1175,0.04385044053196907
12750,1176,0.05878143757581711
12760,1177,0.05022064596414566
12770,1178,0.020664801821112633
12780,1179,0.030868863686919212
12790,1180,0.017093395814299583
12800,1181,0.044910769909620285
12810,1182,0.02127356268465519
12820,1183,0.019745174795389175
12830,1184,0.018445776775479317
12840,1185,0.0354015976190567
12850,1186,0.0551425963640213
12860,1187,0.028988558799028397
12870,1188,0.04154493287205696
12880,1189,0.03793400153517723
12890,1190,0.03769027814269066
12900,1191,0.046149011701345444
12910,1192,0.025851275771856308
12920,1193,0.020105212926864624
12930,1194,0.03594500944018364
12940,1195,0.014092553406953812
12950,1196,0.03095364384353161
12960,1197,0.01828981749713421
12970,1198,0.010940352454781532
12980,1199,0.01638764888048172
12990,1200,0.06611931324005127
13000,1201,0.024350659921765327
13010,1202,0.7429597973823547
13020,1203,0.47533515095710754
13030,1204,0.16215772926807404
13040,1205,0.02175724133849144
13050,1206,0.1783156543970108
13060,1207,1.1572630405426025
13070,1208,0.4006265103816986
13080,1209,0.2612631320953369
13090,1210,0.15701262652873993
13100,1211,0.037337154150009155
13110,1212,0.08922010660171509
13120,1213,1.0434534549713135
13130,1214,0.21352016925811768
13140,1215,0.21749785542488098
13150,1216,0.13702863454818726
13160,1217,0.04029475525021553
13170,1218,0.08080913871526718
13180,1219,0.1114073172211647
13190,1220,0.21855588257312775
13200,1221,0.1974203884601593
13210,1222,1.5403259992599487
13220,1223,0.1067977324128151
13230,1224,0.06507504731416702
13240,1225,0.0940459817647934
13250,1226,0.06273680925369263
13260,1227,0.14042498171329498
13270,1228,0.14531037211418152
13280,1229,0.08140663802623749
13290,1230,0.10689540952444077
13300,1231,0.035005051642656326
13310,1232,0.05989156290888786
13320,1233,0.07706541568040848
13330,1234,0.0870574414730072
13340,1235,1.0443933010101318
13350,1236,0.03682151436805725
13360,1237,0.05244748294353485
13370,1238,0.03228205442428589
13380,1239,0.04219719022512436
13390,1240,0.05021125450730324
13400,1241,0.04373616725206375
13410,1242,0.020843667909502983
13420,1243,0.05370566248893738
13430,1244,0.04256986454129219
13440,1245,0.028744317591190338
13450,1246,0.1193394735455513
13460,1247,0.038828883320093155
13470,1248,0.03963654115796089
13480,1249,0.05047985538840294
13490,1250,0.04596827179193497
13500,1251,0.014810459688305855
13510,1252,0.06020857021212578
13520,1253,0.05327794700860977
13530,1254,0.027045616880059242
13540,1255,0.04276068136096001
13550,1256,0.031169407069683075
13560,1257,0.08388496190309525
13570,1258,0.024337969720363617
13580,1259,0.040178894996643066
13590,1260,0.10053641349077225
13600,1261,0.04828612506389618
13610,1262,0.038941312581300735
13620,1263,0.034864719957113266
13630,1264,0.03262212499976158
13640,1265,0.0452590212225914
13650,1266,0.11111690104007721
13660,1267,0.014222981408238411
13670,1268,0.034726060926914215
13680,1269,0.021533265709877014
13690,1270,0.03833293914794922
13700,1271,0.03895505890250206
13710,1272,0.019803490489721298
13720,1273,0.023162782192230225
13730,1274,0.02103016898036003
13740,1275,0.01807960867881775
13750,1276,0.02142459712922573
13760,1277,0.016623442992568016
13770,1278,0.023967742919921875
13780,1279,0.03891462832689285
13790,1280,0.038451455533504486
13800,1281,0.026187259703874588
13810,1282,0.015322422608733177
13820,1283,0.030007254332304
13830,1284,0.9156227707862854
13840,1285,0.04191240295767784
13850,1286,0.0495896115899086
13860,1287,0.017748786136507988
13870,1288,0.042109906673431396
13880,1289,0.03340659663081169
13890,1290,0.06308624148368835
13900,1291,0.06172361224889755
13910,1292,0.033528830856084824
13920,1293,0.018370069563388824
13930,1294,0.043893780559301376
13940,1295,0.0479569174349308
13950,1296,0.014805857092142105
13960,1297,0.03010270558297634
13970,1298,0.02368023246526718
13980,1299,0.02032320573925972
13990,1300,0.018124330788850784
14000,1301,0.028094500303268433
14010,1302,0.6917092204093933
14020,1303,0.42763492465019226
14030,1304,0.14693976938724518
14040,1305,0.0404021330177784
14050,1306,0.11237423121929169
14060,1307,0.3610480725765228
14070,1308,0.447578489780426
14080,1309,0.3943879306316376
14090,1310,0.29624879360198975
14100,1311,1.7466397285461426
14110,1312,0.10566971451044083
14120,1313,0.2836557626724243
14130,1314,0.3698999285697937
14140,1315,0.2710300087928772
14150,1316,0.2526930570602417
14160,1317,0.07270988076925278
14170,1318,0.061800744384527206
14180,1319,0.11849275976419449
14190,1320,0.14522400498390198
14200,1321,0.13593702018260956
14210,1322,0.0770128145813942
14220,1323,0.05251166597008705
14230,1324,0.028574595227837563
14240,1325,0.06665866076946259
14250,1326,0.08533227443695068
14260,1327,0.08672833442687988
14270,1328,0.08955337107181549
14280,1329,0.07337077707052231
14290,1330,0.011502496898174286
14300,1331,0.04922060668468475
14310,1332,0.0604972280561924
14320,1333,0.05832405015826225
14330,1334,0.05176488682627678
14340,1335,0.09740753471851349
14350,1336,0.08035377413034439
14360,1337,0.036526937037706375
14370,1338,0.027439996600151062
14380,1339,0.04601352661848068
14390,1340,0.09895505011081696
14400,1341,0.10961542278528214
14410,1342,0.043968163430690765
14420,1343,0.023052489385008812
14430,1344,0.08187457919120789
14440,1345,0.11507193744182587
14450,1346,0.028939221054315567
14460,1347,0.03073924593627453
14470,1348,0.9641135931015015
14480,1349,0.0697377622127533
14490,1350,0.07721900194883347
14500,1351,0.03949976712465286
14510,1352,0.0773797407746315
14520,1353,1.538158893585205
14530,1354,0.07681132107973099
14540,1355,0.04349325969815254
14550,1356,0.09412118792533875
14560,1357,0.05785488337278366
14570,1358,0.03859943896532059
14580,1359,0.0336444117128849
14590,1360,0.026560228317975998
14600,1361,0.02021034248173237
14610,1362,0.0793904960155487
14620,1363,0.04521263763308525
14630,1364,0.05351971834897995
14640,1365,0.04242490977048874
14650,1366,0.13057516515254974
14660,1367,0.04526972770690918
14670,1368,0.086208276450634
14680,1369,0.03353844955563545
14690,1370,1.4255344867706299
14700,1371,0.027192503213882446
14710,1372,0.015257587656378746
14720,1373,0.07355789095163345
14730,1374,0.020802676677703857
14740,1375,0.05060630291700363
14750,1376,0.03557730093598366
14760,1377,0.05168795585632324
14770,1378,0.01753491722047329
14780,1379,0.022286059334874153
14790,1380,0.06968018412590027
14800,1381,1.4094852209091187
14810,1382,0.027019012719392776
14820,1383,0.015657320618629456
14830,1384,0.0521065890789032
14840,1385,0.03385108336806297
14850,1386,0.03053465485572815
14860,1387,0.07872051745653152
14870,1388,0.03598755598068237
14880,1389,0.9632994532585144
14890,1390,0.08041878789663315
14900,1391,0.10308898240327835
14910,1392,0.10820858180522919
14920,1393,0.0689062774181366
14930,1394,0.06505636125802994
14940,1395,0.022954529151320457
14950,1396,0.05215075984597206
14960,1397,0.021660028025507927
14970,1398,0.04166121780872345
14980,1399,0.031064042821526527
14990,1400,0.06531587988138199
15000,1401,0.020018626004457474
15010,1402,0.6796364188194275
15020,1403,0.5096248388290405
15030,1404,0.20034128427505493
15040,1405,0.04367451369762421
15050,1406,0.18043991923332214
15060,1407,0.32311177253723145
15070,1408,0.444661945104599
15080,1409,0.27882540225982666
15090,1410,0.13954681158065796
15100,1411,0.066595159471035
15110,1412,0.123539499938488
15120,1413,0.20822395384311676
15130,1414,0.19945856928825378
15140,1415,0.14680993556976318
15150,1416,0.0922093391418457
15160,1417,0.01942005567252636
15170,1418,0.029787806794047356
15180,1419,0.05251055210828781
15190,1420,0.10150347650051117
15200,1421,0.10093916952610016
15210,1422,0.048662979155778885
15220,1423,0.0321480855345726
15230,1424,0.03678763285279274
15240,1425,0.07498352974653244
15250,1426,0.09108901023864746
15260,1427,0.06743194907903671
15270,1428,0.031371165066957474
15280,1429,0.015658356249332428
15290,1430,0.025776250287890434
15300,1431,0.08492232114076614
15310,1432,0.0558662936091423
15320,1433,1.3556135892868042
15330,1434,0.041801195591688156
15340,1435,0.020286738872528076
15350,1436,0.06178952753543854
15360,1437,0.06809929758310318
15370,1438,0.04754753038287163
15380,1439,0.039888203144073486
15390,1440,1.0291277170181274
15400,1441,0.01553000696003437
15410,1442,0.07925339043140411
15420,1443,0.07503122091293335
15430,1444,1.3917657136917114
15440,1445,0.041688863188028336
15450,1446,0.0326567105948925
15460,1447,0.04839923232793808
15470,1448,0.05713267624378204
15480,1449,0.08434538543224335
15490,1450,0.024096783250570297
15500,1451,0.017383044585585594
15510,1452,0.02580144628882408
15520,1453,0.05415066331624985
15530,1454,0.06398417800664902
15540,1455,0.054470475763082504
15550,1456,0.029983440414071083
15560,1457,0.05678236111998558
15570,1458,0.024180304259061813
15580,1459,0.04560264199972153
15590,1460,0.039581917226314545
15600,1461,0.07484230399131775
15610,1462,0.0305953249335289
15620,1463,0.08332440257072449
15630,1464,1.0906832218170166
15640,1465,0.05437677353620529
15650,1466,0.0332924947142601
15660,1467,0.027035079896450043
15670,1468,0.02951832301914692
15680,1469,0.04527631774544716
15690,1470,0.06894613802433014
15700,1471,0.07383977621793747
15710,1472,0.04772934317588806
15720,1473,0.02184044010937214
15730,1474,0.11880403012037277
15740,1475,0.03804832696914673
15750,1476,0.08105438202619553
15760,1477,0.051965855062007904
15770,1478,0.08653982728719711
15780,1479,1.0418879985809326
15790,1480,0.020174844190478325
15800,1481,0.04512649402022362
15810,1482,0.02360880747437477
15820,1483,0.055681049823760986
15830,1484,0.015168906189501286
15840,1485,0.04502314701676369
15850,1486,0.03292253240942955
15860,1487,0.03106812573969364
15870,1488,0.0527803897857666
15880,1489,0.0855308473110199
15890,1490,0.03400054946541786
15900,1491,0.0247110016644001
15910,1492,0.02244666777551174
15920,1493,0.03185158967971802
15930,1494,0.9917991161346436
15940,1495,0.08846228569746017
15950,1496,0.18042342364788055
15960,1497,0.08344075828790665
15970,1498,0.05259929969906807
15980,1499,0.04006053879857063
15990,1500,0.03256231173872948
16000,1501,0.06741277873516083
16010,1502,0.655335545539856
16020,1503,0.3965620994567871
16030,1504,0.1016882061958313
16040,1505,0.056723978370428085
16050,1506,0.17664286494255066
16060,1507,0.44121018052101135
16070,1508,0.3628925681114197
16080,1509,0.19007952511310577
16090,1510,0.09393060952425003
16100,1511,0.0600295215845108
16110,1512,0.1716836839914322
16120,1513,0.24947497248649597
16130,1514,0.23145273327827454
16140,1515,0.13498902320861816
16150,1516,0.06154374033212662
16160,1517,0.04216770827770233
16170,1518,0.07386868447065353
16180,1519,0.1628948599100113
16190,1520,0.16084247827529907
16200,1521,0.11031739413738251
16210,1522,0.0630360096693039
16220,1523,0.03312884271144867
16230,1524,0.07192424684762955
16240,1525,0.12419860064983368
16250,1526,0.13760080933570862
16260,1527,0.0866813138127327
16270,1528,1.4020088911056519
16280,1529,0.04431343451142311
16290,1530,0.0751461386680603
16300,1531,0.12383821606636047
16310,1532,0.11683159321546555
16320,1533,0.06560119241476059
16330,1534,0.06182963401079178
16340,1535,0.04684169590473175
16350,1536,0.031192073598504066
16360,1537,0.05311063304543495
16370,1538,0.11880677938461304
16380,1539,0.1451929360628128
16390,1540,0.03766366094350815
16400,1541,0.03187080845236778
16410,1542,0.032210078090429306
16420,1543,1.1327999830245972
16430,1544,0.022647714242339134
16440,1545,0.050485823303461075
16450,1546,0.07743944227695465
16460,1547,0.05561884492635727
16470,1548,0.06555428355932236
16480,1549,0.0666687861084938
16490,1550,0.016242697834968567
16500,1551,0.022159310057759285
16510,1552,0.06554366648197174
16520,1553,0.051616813987493515
16530,1554,0.02209782786667347
16540,1555,0.042132433503866196
16550,1556,0.01702573150396347
16560,1557,0.058618199080228806
16570,1558,0.0818684920668602
16580,1559,0.13436336815357208
16590,1560,0.09358247369527817
16600,1561,0.061123259365558624
16610,1562,0.04235532134771347
16620,1563,0.032292455434799194
16630,1564,0.09279259294271469
16640,1565,0.03476085886359215
16650,1566,0.03328879550099373
16660,1567,0.04517676308751106
16670,1568,0.03449326381087303
16680,1569,0.039498668164014816
16690,1570,0.08859194070100784
16700,1571,0.1197347491979599
16710,1572,0.044530998915433884
16720,1573,0.041092194616794586
16730,1574,0.02793818898499012
16740,1575,0.06180446967482567
16750,1576,0.03555486723780632
16760,1577,0.04311007261276245
16770,1578,0.06502698361873627
16780,1579,0.07211649417877197
16790,1580,0.041268158704042435
16800,1581,0.08108039945363998
16810,1582,0.03671056777238846
16820,1583,0.021342802792787552
16830,1584,0.047134872525930405
16840,1585,2.717341899871826
16850,1586,1.4794304370880127
16860,1587,1.1574499607086182
16870,1588,0.06237362325191498
16880,1589,0.129813551902771
16890,1590,0.10542265325784683
16900,1591,0.08889245241880417
16910,1592,0.06984725594520569
16920,1593,0.07394255697727203
16930,1594,0.07623786479234695
16940,1595,0.08518869429826736
16950,1596,0.12049098312854767
16960,1597,0.14311790466308594
16970,1598,0.08091721683740616
16980,1599,0.19223423302173615
16990,1600,0.06635492295026779
17000,1601,0.083686962723732
17010,1602,0.711382269859314
17020,1603,0.5124794244766235
17030,1604,0.12039404362440109
17040,1605,0.08456956595182419
17050,1606,1.4383494853973389
17060,1607,2.593583583831787
17070,1608,0.3034117817878723
17080,1609,0.1704426258802414
17090,1610,0.06197110190987587
17100,1611,0.12106043845415115
17110,1612,0.16848695278167725
17120,1613,0.24467958509922028
17130,1614,0.13370050489902496
17140,1615,0.05456671118736267
17150,1616,0.06632020324468613
17160,1617,0.11163254082202911
17170,1618,1.7082626819610596
17180,1619,0.10265889763832092
17190,1620,0.10194461792707443
17200,1621,0.04589368402957916
17210,1622,0.06540007889270782
17220,1623,0.07241109758615494
17230,1624,0.08406431972980499
17240,1625,0.07115848362445831
17250,1626,0.05050784349441528
17260,1627,0.07437822967767715
17270,1628,0.10312657803297043
17280,1629,0.03476518765091896
17290,1630,0.09195931255817413
17300,1631,0.12464107573032379
17310,1632,0.149882510304451
17320,1633,0.09188955277204514
17330,1634,0.06301730871200562
17340,1635,0.044393714517354965
17350,1636,2.171811580657959
17360,1637,0.09027302265167236
17370,1638,0.08086735010147095
17380,1639,0.0707152858376503
17390,1640,0.10679147392511368
17400,1641,0.022612350061535835
17410,1642,0.0525251105427742
17420,1643,0.08888830244541168
17430,1644,0.057851698249578476
17440,1645,0.03930605947971344
17450,1646,1.5139589309692383
17460,1647,0.0310379471629858
17470,1648,0.22615846991539001
17480,1649,0.05696684494614601
17490,1650,0.06827659904956818
17500,1651,0.034869223833084106
17510,1652,0.029940389096736908
17520,1653,0.016573268920183182
17530,1654,0.05749429762363434
17540,1655,0.07543271780014038
17550,1656,0.8837994337081909
17560,1657,0.13801012933254242
17570,1658,1.2215030193328857
17580,1659,0.1341092586517334
17590,1660,0.09270398318767548
17600,1661,0.025104228407144547
17610,1662,0.04712709039449692
17620,1663,0.06713554263114929
17630,1664,0.025410121306777
17640,1665,0.13305842876434326
17650,1666,0.07820674777030945
17660,1667,0.06750031560659409
17670,1668,0.03967456519603729
17680,1669,0.06224523484706879
17690,1670,0.12944692373275757
17700,1671,0.04485582560300827
17710,1672,0.04260070621967316
17720,1673,0.24511030316352844
17730,1674,0.04031221941113472
17740,1675,0.02481135167181492
17750,1676,0.0964793860912323
17760,1677,0.018367527052760124
17770,1678,0.04785998910665512
17780,1679,2.3731911182403564
17790,1680,0.09557607024908066
17800,1681,0.03410070016980171
17810,1682,0.07120180130004883
17820,1683,1.1566306352615356
17830,1684,0.09031864255666733
17840,1685,0.18208448588848114
17850,1686,0.11854518204927444
17860,1687,0.09841489791870117
17870,1688,0.11509944498538971
17880,1689,0.11392512172460556
17890,1690,0.14526574313640594
17900,1691,0.13038824498653412
17910,1692,0.06115545332431793
17920,1693,0.09808696061372757
17930,1694,0.18035480380058289
17940,1695,0.0531533882021904
17950,1696,0.05301196500658989
17960,1697,0.01672748662531376
17970,1698,0.05126461014151573
17980,1699,0.03150821849703789
17990,1700,0.10847752541303635
18000,1701,0.07039986550807953
18010,1702,0.6879076361656189
18020,1703,0.38839349150657654
18030,1704,0.1353052258491516
18040,1705,0.20646829903125763
18050,1706,0.36038050055503845
18060,1707,0.4291992783546448
18070,1708,0.3553003966808319
18080,1709,0.13975153863430023
18090,1710,0.08880853652954102
18100,1711,0.09500084072351456
18110,1712,0.25852298736572266
18120,1713,0.33099251985549927
18130,1714,0.13263729214668274
18140,1715,0.056215640157461166
18150,1716,0.07208388298749924
18160,1717,0.09290618449449539
18170,1718,0.08998069167137146
18180,1719,0.20922167599201202
18190,1720,0.08998268842697144
18200,1721,0.11699515581130981
18210,1722,0.07364866137504578
18220,1723,0.0657733678817749
18230,1724,0.1390083134174347
18240,1725,0.13065075874328613
18250,1726,0.05144675448536873
18260,1727,0.10432977229356766
18270,1728,0.07975362241268158
18280,1729,0.12258469313383102
18290,1730,0.07637999951839447
18300,1731,0.1593887209892273
18310,1732,0.07624740898609161
18320,1733,0.07136492431163788
18330,1734,0.03634800761938095
18340,1735,0.0680701956152916
18350,1736,0.09075534343719482
18360,1737,0.14428754150867462
18370,1738,0.06779369711875916
18380,1739,0.046432316303253174
18390,1740,0.041689999401569366
18400,1741,0.08464070409536362
18410,1742,0.05292539298534393
18420,1743,0.05951550602912903
18430,1744,0.0375123992562294
18440,1745,0.036420196294784546
18450,1746,0.06395889818668365
18460,1747,0.11825982481241226
18470,1748,0.04245885834097862
18480,1749,0.04603400081396103
18490,1750,1.2010010480880737
18500,1751,0.10253722965717316
18510,1752,0.05949197709560394
18520,1753,0.08053802698850632
18530,1754,0.04956686496734619
18540,1755,0.044085439294576645
18550,1756,0.04663797467947006
18560,1757,0.13008299469947815
18570,1758,0.016549212858080864
18580,1759,0.04056336730718613
18590,1760,0.035674404352903366
18600,1761,0.04547445476055145
18610,1762,0.08025923371315002
18620,1763,0.21883916854858398
18630,1764,0.09993075579404831
18640,1765,0.05156857892870903
18650,1766,0.09735778719186783
18660,1767,0.04214489087462425
18670,1768,0.09281641989946365
18680,1769,0.0976063460111618
18690,1770,0.05099797621369362
18700,1771,0.01957574300467968
18710,1772,0.049702003598213196
18720,1773,0.22350138425827026
18730,1774,0.107758067548275
18740,1775,0.07704903185367584
18750,1776,0.038100991398096085
18760,1777,0.03659311681985855
18770,1778,0.047219496220350266
18780,1779,0.05421869084239006
18790,1780,0.013011908158659935
18800,1781,0.08228292316198349
18810,1782,0.10077100992202759
18820,1783,0.09476569294929504
18830,1784,0.0181707926094532
18840,1785,1.9523978233337402
18850,1786,0.08449629694223404
18860,1787,0.09826822578907013
18870,1788,2.090655565261841
18880,1789,0.07144111394882202
18890,1790,0.09911353886127472
18900,1791,0.13448430597782135
18910,1792,0.05557373911142349
18920,1793,0.04886385053396225
18930,1794,1.11775803565979
18940,1795,0.0503506101667881
18950,1796,0.04225936532020569
18960,1797,0.06452076882123947
18970,1798,0.11331069469451904
18980,1799,0.2685440182685852
18990,1800,0.026739243417978287
19000,1801,0.05648425966501236
19010,1802,0.5838249921798706
19020,1803,0.43546199798583984
19030,1804,0.15984734892845154
19040,1805,0.10682153701782227
19050,1806,0.3934694528579712
19060,1807,0.32288309931755066
19070,1808,0.3420559763908386
19080,1809,0.20360422134399414
19090,1810,0.04836776852607727
19100,1811,0.117926225066185
19110,1812,0.3867030143737793
19120,1813,0.18283168971538544
19130,1814,0.11664687097072601
19140,1815,0.10183270275592804
19150,1816,0.0717288926243782
19160,1817,0.14686749875545502
19170,1818,0.09775673598051071
19180,1819,0.14796659350395203
19190,1820,0.06869319826364517
19200,1821,0.058338891714811325
19210,1822,0.08692464232444763
19220,1823,0.17217662930488586
19230,1824,0.15077346563339233
19240,1825,0.09194193035364151
19250,1826,0.11083780229091644
19260,1827,0.15017637610435486
19270,1828,0.09298620373010635
19280,1829,0.1163347065448761
19290,1830,0.08974725008010864
19300,1831,0.09668286144733429
19310,1832,0.029925933107733727
19320,1833,0.15313494205474854
19330,1834,0.034873414784669876
19340,1835,0.1120811477303505
19350,1836,0.023645058274269104
19360,1837,0.018301909789443016
19370,1838,0.05498235672712326
19380,1839,0.06696592271327972
19390,1840,3.846529722213745
19400,1841,0.034758616238832474
19410,1842,0.07797082513570786
19420,1843,0.0730692446231842
19430,1844,0.14857874810695648
19440,1845,0.05653592199087143
19450,1846,0.11557459831237793
19460,1847,0.04373101890087128
19470,1848,0.08216441422700882
19480,1849,0.1058390662074089
19490,1850,0.20081967115402222
19500,1851,0.12197481840848923
19510,1852,0.05594896152615547
19520,1853,0.12214155495166779
19530,1854,0.11249741166830063
19540,1855,0.19555369019508362
19550,1856,0.1178024485707283
19560,1857,0.11067025363445282
19570,1858,0.06437481194734573
19580,1859,0.1378069967031479
19590,1860,0.06093405932188034
19600,1861,0.026396172121167183
19610,1862,0.13343816995620728
19620,1863,0.05848628655076027
19630,1864,2.24363112449646
19640,1865,0.03994650021195412
19650,1866,0.07085059583187103
19660,1867,0.05085184425115585
19670,1868,0.06866025179624557
19680,1869,0.037968385964632034
19690,1870,0.08581896871328354
19700,1871,0.08495529741048813
19710,1872,0.27734583616256714
19720,1873,0.1135997325181961
19730,1874,0.051879823207855225
19740,1875,0.051398422569036484
19750,1876,1.0990655422210693
19760,1877,0.14486609399318695
19770,1878,0.2039305567741394
19780,1879,0.08821088075637817
19790,1880,0.04714451730251312
19800,1881,0.06109108403325081
19810,1882,0.048340123146772385
19820,1883,0.029668644070625305
19830,1884,0.06494022905826569
19840,1885,0.05864058807492256
19850,1886,0.10951646417379379
19860,1887,0.11944179236888885
19870,1888,0.06734143197536469
19880,1889,0.06316778063774109
19890,1890,0.05289028584957123
19900,1891,0.05774782598018646
19910,1892,0.14466267824172974
19920,1893,0.06556517630815506
19930,1894,0.13772062957286835
19940,1895,0.12527325749397278
19950,1896,0.05895349755883217
19960,1897,0.06580745428800583
19970,1898,0.02218201756477356
19980,1899,0.09085675328969955
19990,1900,0.1250826120376587
20000,1901,0.05386864393949509
20010,1902,0.590554416179657
20020,1903,0.4991956055164337
20030,1904,0.12004402279853821
20040,1905,0.16827668249607086
20050,1906,0.30480697751045227
20060,1907,0.7221671342849731
20070,1908,0.3821934461593628
20080,1909,0.14047491550445557
20090,1910,0.09509235620498657
20100,1911,0.14520812034606934
20110,1912,0.327088862657547
20120,1913,0.2736644446849823
20130,1914,0.1910153478384018
20140,1915,0.09393855929374695
20150,1916,0.1988571733236313
20160,1917,0.12967751920223236
20170,1918,1.5916372537612915
20180,1919,0.13642531633377075
20190,1920,0.10038601607084274
20200,1921,0.08931542932987213
20210,1922,0.12915447354316711
20220,1923,0.15716269612312317
20230,1924,0.13129785656929016
20240,1925,0.1886884570121765
20250,1926,0.10133490711450577
20260,1927,0.0794491097331047
20270,1928,0.07170827686786652
20280,1929,1.986596703529358
20290,1930,1.9234436750411987
20300,1931,0.053665872663259506
20310,1932,0.10872441530227661
20320,1933,0.21435385942459106
20330,1934,2.3360660076141357
20340,1935,0.1400006115436554
20350,1936,1.7753113508224487
20360,1937,0.15400579571723938
20370,1938,1.6004629135131836
20380,1939,0.27480268478393555
20390,1940,0.047047462314367294
20400,1941,0.10662275552749634
20410,1942,0.12687067687511444
20420,1943,0.19896525144577026
20430,1944,0.1716395914554596
20440,1945,0.08687804639339447
20450,1946,0.09222915023565292
20460,1947,0.10817492008209229
20470,1948,0.10871564596891403
20480,1949,0.09673025459051132
20490,1950,0.060317933559417725
20500,1951,0.08886940032243729
20510,1952,0.05438278988003731
20520,1953,0.08065373450517654
20530,1954,0.06686428189277649
20540,1955,0.024381570518016815
20550,1956,0.04780745506286621
20560,1957,0.09229548275470734
20570,1958,0.06575188785791397
20580,1959,0.05614370107650757
20590,1960,0.03323382884263992
20600,1961,0.08438383787870407
20610,1962,0.0925569012761116
20620,1963,0.13802409172058105
20630,1964,0.06603409349918365
20640,1965,0.05287787318229675
20650,1966,0.052100565284490585
20660,1967,0.08315786719322205
20670,1968,0.03219732642173767
20680,1969,0.048972465097904205
20690,1970,0.019222350791096687
20700,1971,0.06907250732183456
20710,1972,0.07342645525932312
20720,1973,0.044525887817144394
20730,1974,0.02657799795269966
20740,1975,0.030940715223550797
20750,1976,0.03953322768211365
20760,1977,0.08683071285486221
20770,1978,0.08890174329280853
20780,1979,0.11701857298612595
20790,1980,0.09718000888824463
20800,1981,0.04278451204299927
20810,1982,0.029095526784658432
20820,1983,0.06246986985206604
20830,1984,0.014448746107518673
20840,1985,0.086493119597435
20850,1986,2.0330803394317627
20860,1987,0.03331894800066948
20870,1988,0.09517765790224075
20880,1989,0.03250739723443985
20890,1990,0.023244284093379974
20900,1991,0.052647657692432404
20910,1992,0.03671354055404663
20920,1993,0.04265475645661354
20930,1994,0.10119446367025375
20940,1995,0.034978196024894714
20950,1996,0.06839770078659058
20960,1997,0.1514054238796234
20970,1998,0.047947730869054794
20980,1999,0.03390190377831459
20990,2000,2.3190178871154785
21000,2001,0.05278685688972473
21010,2002,3.765467643737793
21020,2003,0.5059362053871155
21030,2004,0.23668378591537476
21040,2005,0.07853922247886658
21050,2006,0.17830270528793335
21060,2007,0.35262331366539
21070,2008,1.6332261562347412
21080,2009,0.2141236811876297
21090,2010,0.0852041095495224
21100,2011,0.07975703477859497
21110,2012,0.2401483803987503
21120,2013,0.21938371658325195
21130,2014,0.2467537224292755
21140,2015,0.4073278307914734
21150,2016,0.1759730577468872
21160,2017,0.1656801849603653
21170,2018,0.2139105200767517
21180,2019,0.2817583680152893
21190,2020,0.2298925220966339
21200,2021,0.12707610428333282
21210,2022,0.08912306278944016
21220,2023,0.1565834879875183
21230,2024,0.16886116564273834
21240,2025,0.17970184981822968
21250,2026,0.19810810685157776
21260,2027,0.15606658160686493
21270,2028,0.0390821136534214
21280,2029,0.07809743285179138
21290,2030,0.1294083595275879
21300,2031,0.10579301416873932
21310,2032,0.10208459198474884
21320,2033,0.05516159161925316
21330,2034,0.033276453614234924
21340,2035,0.2037617564201355
21350,2036,0.07075103372335434
21360,2037,0.17441421747207642
21370,2038,0.061614297330379486
21380,2039,0.04144711419939995
21390,2040,0.045740291476249695
21400,2041,0.056753918528556824
21410,2042,0.08942592889070511
21420,2043,0.08551885932683945
21430,2044,0.13996906578540802
21440,2045,0.06961849331855774
21450,2046,0.10201344639062881
21460,2047,0.08833763748407364
21470,2048,0.06591832637786865
21480,2049,0.03209372237324715
21490,2050,0.068559929728508
21500,2051,0.11486292630434036
21510,2052,0.03452602028846741
21520,2053,0.028801705688238144
21530,2054,0.03957851976156235
21540,2055,0.04297924414277077
21550,2056,0.1028163880109787
21560,2057,0.06245959550142288
21570,2058,0.04660695791244507
21580,2059,0.10984523594379425
21590,2060,0.066367506980896
21600,2061,0.05257965251803398
21610,2062,0.029826737940311432
21620,2063,0.05624718219041824
21630,2064,0.02092098258435726
21640,2065,0.04421623796224594
21650,2066,0.06114162504673004
21660,2067,0.07667737454175949
21670,2068,0.07213979214429855
21680,2069,0.1688513159751892
21690,2070,0.033012181520462036
21700,2071,0.029223887249827385
21710,2072,0.025963325053453445
21720,2073,0.046552903950214386
21730,2074,0.04114500433206558
21740,2075,0.03473106771707535
21750,2076,0.10155114531517029
21760,2077,0.025305824354290962
21770,2078,0.041513584554195404
21780,2079,0.04762054234743118
21790,2080,0.03230656310915947
21800,2081,0.1313735693693161
21810,2082,0.06520436704158783
21820,2083,0.09814071655273438
21830,2084,0.04632805660367012
21840,2085,0.06345294415950775
21850,2086,2.3923747539520264
21860,2087,0.04217912629246712
21870,2088,0.051960863173007965
21880,2089,0.08673713356256485
21890,2090,0.05092383548617363
21900,2091,0.037008047103881836
21910,2092,0.03637150302529335
21920,2093,0.07875575125217438
21930,2094,0.036203328520059586
21940,2095,0.028811318799853325
21950,2096,0.0628449097275734
21960,2097,0.04703328385949135
21970,2098,0.08584234118461609
21980,2099,0.053640641272068024
21990,2100,0.04540064558386803
22000,2101,0.0729215145111084
22010,2102,0.7579086422920227
22020,2103,0.5643787384033203
22030,2104,0.09536263346672058
22040,2105,0.09426827728748322
22050,2106,0.16861821711063385
22060,2107,0.30594179034233093
22070,2108,0.5997538566589355
22080,2109,0.35504764318466187
22090,2110,0.12246347218751907
22100,2111,0.20574098825454712
22110,2112,0.22930890321731567
22120,2113,0.2667325735092163
22130,2114,0.272883802652359
22140,2115,0.13677318394184113
22150,2116,0.05355409160256386
22160,2117,0.10077419877052307
22170,2118,0.19896551966667175
22180,2119,0.24654534459114075
22190,2120,0.13927635550498962
22200,2121,0.10011457651853561
22210,2122,0.019479133188724518
22220,2123,0.0837557464838028
22230,2124,0.0831654965877533
22240,2125,0.11534895747900009
22250,2126,0.14275062084197998
22260,2127,0.08178360760211945
22270,2128,0.09539731591939926
22280,2129,2.1726787090301514
22290,2130,0.05491388961672783
22300,2131,0.09240514785051346
22310,2132,0.05651983246207237
22320,2133,0.051861777901649475
22330,2134,0.07382762432098389
22340,2135,0.10134022682905197
22350,2136,0.05654207244515419
22360,2137,0.05261944234371185
22370,2138,0.055448271334171295
22380,2139,0.08578374981880188
22390,2140,0.035608530044555664
22400,2141,0.07163269072771072
22410,2142,0.027545129880309105
22420,2143,0.049711670726537704
22430,2144,0.037216443568468094
22440,2145,0.045869130641222
22450,2146,0.08909592032432556
22460,2147,0.06387639045715332
22470,2148,0.07972485572099686
22480,2149,0.07693049311637878
22490,2150,0.0429401770234108
22500,2151,0.06205994263291359
22510,2152,0.19472476840019226
22520,2153,0.04531799256801605
22530,2154,0.026666590943932533
22540,2155,0.07878314703702927
22550,2156,0.062092509120702744
22560,2157,0.17399315536022186
22570,2158,0.04366083815693855
22580,2159,0.06616846472024918
22590,2160,0.038503266870975494
22600,2161,0.04422825574874878
22610,2162,0.0569467768073082
22620,2163,0.0345066636800766
22630,2164,0.03903166577219963
22640,2165,0.06263723969459534
22650,2166,0.10676977038383484
22660,2167,0.04968762770295143
22670,2168,0.11560706794261932
22680,2169,0.18369968235492706
22690,2170,0.03871177136898041
22700,2171,0.029272068291902542
22710,2172,0.044012438505887985
22720,2173,0.02847842127084732
22730,2174,0.03998370096087456
22740,2175,2.2574644088745117
22750,2176,1.978434681892395
22760,2177,0.10557588934898376
22770,2178,0.21062347292900085
22780,2179,0.09913907200098038
22790,2180,0.10406195372343063
22800,2181,0.2145460844039917
22810,2182,0.13498012721538544
22820,2183,0.10115207731723785
22830,2184,0.21539315581321716
22840,2185,0.15848416090011597
22850,2186,0.09097402542829514
22860,2187,0.03333194926381111
22870,2188,0.03700205683708191
22880,2189,0.1356375515460968
22890,2190,0.054390884935855865
22900,2191,0.02717168815433979
22910,2192,0.0656052976846695
22920,2193,0.07341986149549484
22930,2194,0.04291970655322075
22940,2195,0.0631740540266037
22950,2196,0.04164683073759079
22960,2197,0.030982837080955505
22970,2198,0.047563862055540085
22980,2199,1.6222628355026245
22990,2200,0.06364619731903076
23000,2201,0.08785225450992584
23010,2202,3.158902645111084
23020,2203,0.3824026882648468
23030,2204,0.13108941912651062
23040,2205,0.1253979206085205
23050,2206,0.3523463308811188
23060,2207,0.46565598249435425
23070,2208,0.27187207341194153
23080,2209,0.08543206751346588
23090,2210,0.01687629520893097
23100,2211,0.10958247631788254
23110,2212,0.26218536496162415
23120,2213,0.4490220844745636
23130,2214,0.21081019937992096
23140,2215,0.10596119612455368
23150,2216,0.052785150706768036
23160,2217,0.12497804313898087
23170,2218,0.16737323999404907
23180,2219,0.3150014579296112
23190,2220,0.10241496562957764
23200,2221,0.061106301844120026
23210,2222,0.05039345473051071
23220,2223,0.07951246947050095
23230,2224,0.1570490598678589
23240,2225,0.15165454149246216
23250,2226,0.13449861109256744
23260,2227,0.118082195520401
23270,2228,0.1110239177942276
23280,2229,0.07192942500114441
23290,2230,0.12987031042575836
23300,2231,0.1064407154917717
23310,2232,0.19755369424819946
23320,2233,0.045720409601926804
23330,2234,0.03815527632832527
23340,2235,1.5905078649520874
23350,2236,0.1337524950504303
23360,2237,0.062125928699970245
23370,2238,0.14908915758132935
23380,2239,0.13798144459724426
23390,2240,0.07963674515485764
23400,2241,0.07036694884300232
23410,2242,0.041742630302906036
23420,2243,0.07158617675304413
23430,2244,0.023574503138661385
23440,2245,0.12003176659345627
23450,2246,0.04738660901784897
23460,2247,0.14049114286899567
23470,2248,0.09342066943645477
23480,2249,2.369891881942749
23490,2250,0.06507381796836853
23500,2251,0.03516972064971924
23510,2252,0.03226466476917267
23520,2253,0.037269461899995804
23530,2254,0.0743609145283699
23540,2255,0.31781747937202454
23550,2256,0.1141451895236969
23560,2257,0.3925495147705078
23570,2258,0.022704264149069786
23580,2259,0.06412448734045029
23590,2260,0.0920887365937233
23600,2261,0.12970033288002014
23610,2262,0.11435969173908234
23620,2263,0.05993102490901947
23630,2264,0.14490535855293274
23640,2265,2.6370489597320557
23650,2266,0.03834330663084984
23660,2267,0.18691390752792358
23670,2268,0.08438118547201157
23680,2269,2.158315896987915
23690,2270,0.03323420509696007
23700,2271,0.16288721561431885
23710,2272,0.044298239052295685
23720,2273,0.09237492829561234
23730,2274,0.15114960074424744
23740,2275,0.025517690926790237
23750,2276,0.07476677000522614
23760,2277,0.13712814450263977
23770,2278,0.14963139593601227
23780,2279,0.05379880219697952
23790,2280,0.03015773743391037
23800,2281,0.15407530963420868
23810,2282,0.033486466854810715
23820,2283,1.7750306129455566
23830,2284,0.02072690613567829
23840,2285,0.08689770847558975
23850,2286,0.01694653183221817
23860,2287,0.3040854334831238
23870,2288,0.2527850866317749
23880,2289,0.03622237220406532
23890,2290,2.5936057567596436
23900,2291,0.03806431591510773
23910,2292,0.1072286069393158
23920,2293,0.0651974007487297
23930,2294,0.10930387675762177
23940,2295,0.07237429916858673
23950,2296,0.06122506782412529
23960,2297,0.08688297122716904
23970,2298,0.17511042952537537
23980,2299,0.09801097214221954
23990,2300,0.1510806679725647
24000,2301,0.1746719479560852
24010,2302,0.7611329555511475
24020,2303,0.3725135326385498
24030,2304,0.07259394228458405
24040,2305,0.08620991557836533
24050,2306,0.19987250864505768
24060,2307,0.31394144892692566
24070,2308,0.3913620114326477
24080,2309,2.329425811767578
24090,2310,0.08023114502429962
24100,2311,2.521268129348755
24110,2312,0.44124123454093933
24120,2313,2.4519855976104736
24130,2314,0.31085240840911865
24140,2315,0.146560400724411
24150,2316,0.07079291343688965
24160,2317,0.2049999088048935
24170,2318,0.22910159826278687
24180,2319,0.18081355094909668
24190,2320,0.1323292851448059
24200,2321,0.07061178982257843
24210,2322,0.16123665869235992
24220,2323,0.19991259276866913
24230,2324,0.11698393523693085
24240,2325,0.04761483520269394
24250,2326,0.12397228926420212
24260,2327,0.07066859304904938
24270,2328,0.09632088989019394
24280,2329,0.14192049205303192
24290,2330,0.12262535095214844
24300,2331,0.30919602513313293
24310,2332,0.0951058566570282
24320,2333,0.15101324021816254
24330,2334,0.1291038542985916
24340,2335,0.16389277577400208
24350,2336,0.06830611079931259
24360,2337,0.02936609461903572
24370,2338,0.044473566114902496
24380,2339,0.08422461152076721
24390,2340,0.07751049846410751
24400,2341,0.07753755152225494
24410,2342,0.02434728294610977
24420,2343,0.07803168892860413
24430,2344,0.017436515539884567
24440,2345,0.10462728142738342
24450,2346,0.07150204479694366
24460,2347,0.02618134766817093
24470,2348,0.0650940015912056
24480,2349,0.05455614626407623
24490,2350,0.035364165902137756
24500,2351,0.027155300602316856
24510,2352,0.026575475931167603
24520,2353,0.023677844554185867
24530,2354,0.07654590904712677
24540,2355,0.0855068489909172
24550,2356,0.01938493363559246
24560,2357,0.051710933446884155
24570,2358,0.03732636570930481
24580,2359,0.1314837783575058
24590,2360,0.027542654424905777
24600,2361,0.09369387477636337
24610,2362,0.021988993510603905
24620,2363,0.03565583750605583
24630,2364,0.03853372856974602
24640,2365,0.036267202347517014
24650,2366,0.2530238628387451
24660,2367,0.11371847987174988
24670,2368,0.016302961856126785
24680,2369,0.02484828606247902
24690,2370,0.028713999316096306
24700,2371,0.025346435606479645
24710,2372,0.02761692740023136
24720,2373,0.05864616855978966
24730,2374,0.06627053767442703
24740,2375,0.04229417070746422
24750,2376,0.039432592689991
24760,2377,0.02886669524013996
24770,2378,0.04389181360602379
24780,2379,0.029848072677850723
24790,2380,0.10469265282154083
24800,2381,0.2228013426065445
24810,2382,0.08421062678098679
24820,2383,0.014451703056693077
24830,2384,0.0932614877820015
24840,2385,0.03706815838813782
24850,2386,0.0722891241312027
24860,2387,0.04126904532313347
24870,2388,0.03830445185303688
24880,2389,0.01786167360842228
24890,2390,0.04716893658041954
24900,2391,0.08885803818702698
24910,2392,0.0696972906589508
24920,2393,0.12953899800777435
24930,2394,0.056556250900030136
24940,2395,0.052592627704143524
24950,2396,0.031935833394527435
24960,2397,0.050961628556251526
24970,2398,0.09654806554317474
24980,2399,0.06940586864948273
24990,2400,0.04336399957537651
25000,2401,0.1022302508354187
25010,2402,0.7379260063171387
25020,2403,0.33638960123062134
25030,2404,0.1383952647447586
25040,2405,0.12824907898902893
25050,2406,0.4403991103172302
25060,2407,0.4349280893802643
25070,2408,0.3331466615200043
25080,2409,0.07237710803747177
25090,2410,0.050102539360523224
25100,2411,0.13656683266162872
25110,2412,0.28949791193008423
25120,2413,0.25200435519218445
25130,2414,0.10565845668315887
25140,2415,0.09109274297952652
25150,2416,0.13479174673557281
25160,2417,0.11324352771043777
25170,2418,0.10905404388904572
25180,2419,0.15061601996421814
25190,2420,0.08698485791683197
25200,2421,0.07325819879770279
25210,2422,0.08499320596456528
25220,2423,0.10674674808979034
25230,2424,0.08865906298160553
25240,2425,0.0473196916282177
25250,2426,0.06288482993841171
25260,2427,0.09813985228538513
25270,2428,0.09567645192146301
25280,2429,0.09345877170562744
25290,2430,0.07699788361787796
25300,2431,2.8502111434936523
25310,2432,0.07472565025091171
25320,2433,0.08074082434177399
25330,2434,0.09042559564113617
25340,2435,0.10700539499521255
25350,2436,0.07562278211116791
25360,2437,0.05746007338166237
25370,2438,0.1531151831150055
25380,2439,0.13642576336860657
25390,2440,0.189607173204422
25400,2441,0.2414214313030243
25410,2442,0.04298257455229759
25420,2443,0.2102145552635193
25430,2444,0.050721507519483566
25440,2445,0.04961821064352989
25450,2446,0.07343976944684982
25460,2447,0.03456179425120354
25470,2448,0.06307259947061539
25480,2449,0.08108892291784286
25490,2450,0.0487968809902668
25500,2451,0.06651073694229126
25510,2452,0.07580394297838211
25520,2453,0.048451174050569534
25530,2454,0.05542793869972229
25540,2455,0.047242578119039536
25550,2456,0.1435651034116745
25560,2457,0.10319032520055771
25570,2458,0.09291431307792664
25580,2459,0.08545385301113129
25590,2460,0.16707764565944672
25600,2461,2.5810093879699707
25610,2462,0.05589897185564041
25620,2463,0.04923797398805618
25630,2464,0.08888287097215652
25640,2465,0.038938749581575394
25650,2466,0.05416858196258545
25660,2467,0.08480679243803024
25670,2468,0.07631854712963104
25680,2469,0.08797412365674973
25690,2470,0.07774125784635544
25700,2471,0.14324133098125458
25710,2472,0.08403424173593521
25720,2473,0.18384499847888947
25730,2474,0.06423714756965637
25740,2475,0.05735854059457779
25750,2476,0.17542056739330292
25760,2477,0.13526484370231628
25770,2478,0.1939886212348938
25780,2479,0.026389552280306816
25790,2480,0.09639712423086166
25800,2481,0.06364745646715164
25810,2482,0.0459258034825325
25820,2483,0.053467653691768646
25830,2484,0.09736078977584839
25840,2485,0.028623130172491074
25850,2486,0.0761144757270813
25860,2487,0.029921231791377068
25870,2488,0.020156091079115868
25880,2489,0.0545777827501297
25890,2490,0.024844828993082047
25900,2491,0.023693891242146492
25910,2492,0.021552523598074913
25920,2493,0.02932627685368061
25930,2494,0.018994245678186417
25940,2495,0.04544532671570778
25950,2496,0.05033780634403229
25960,2497,0.012490605004131794
25970,2498,0.029970208182930946
25980,2499,0.016585376113653183
25990,2500,0.014798570424318314
26000,2501,0.024082059040665627
26010,2502,0.61099773645401
26020,2503,0.2908041477203369
26030,2504,0.12746894359588623
26040,2505,0.0966920331120491
26050,2506,0.2862609326839447
26060,2507,0.33908072113990784
26070,2508,0.22246494889259338
26080,2509,0.11144782602787018
26090,2510,0.046793099492788315
26100,2511,0.18971185386180878
26110,2512,0.3255861699581146
26120,2513,0.23200193047523499
26130,2514,0.09648557007312775
26140,2515,0.04449925571680069
26150,2516,0.08398642390966415
26160,2517,0.10060471296310425
26170,2518,0.2120019495487213
26180,2519,0.08989018201828003
26190,2520,0.05000105872750282
26200,2521,0.028075680136680603
26210,2522,0.046003252267837524
26220,2523,2.791419267654419
26230,2524,0.08186936378479004
26240,2525,0.15829002857208252
26250,2526,0.07242140173912048
26260,2527,0.0842580571770668
26270,2528,0.07979686558246613
26280,2529,0.1412704586982727
26290,2530,0.1151382252573967
26300,2531,0.11313414573669434
26310,2532,0.032108064740896225
26320,2533,0.023490505293011665
26330,2534,0.26704680919647217
26340,2535,0.15032051503658295
26350,2536,0.06619364023208618
26360,2537,0.021315328776836395
26370,2538,0.029984062537550926
26380,2539,0.10381750762462616
26390,2540,4.554412364959717
26400,2541,0.10842449218034744
26410,2542,0.026702020317316055
26420,2543,0.049675848335027695
26430,2544,0.11539316922426224
26440,2545,0.16614359617233276
26450,2546,0.0938793271780014
26460,2547,0.10661663115024567
26470,2548,0.041832178831100464
26480,2549,0.08320291340351105
26490,2550,0.08574800193309784
26500,2551,0.08585237711668015
26510,2552,0.057665858417749405
26520,2553,0.03309015557169914
26530,2554,0.10067912936210632
26540,2555,0.10190710425376892
26550,2556,0.06079721823334694
26560,2557,0.04145515710115433
26570,2558,0.029739558696746826
26580,2559,0.20291024446487427
26590,2560,0.10181271284818649
26600,2561,0.18636050820350647
26610,2562,0.09380719065666199
26620,2563,0.02476000227034092
26630,2564,0.06482148170471191
26640,2565,0.0413706935942173
26650,2566,0.06508345901966095
26660,2567,0.018155420199036598
26670,2568,0.060048580169677734
26680,2569,0.019823942333459854
26690,2570,0.13845400512218475
26700,2571,0.05842842534184456
26710,2572,0.05660223588347435
26720,2573,0.05405779182910919
26730,2574,0.016249079257249832
26740,2575,0.04010837525129318
26750,2576,0.04318999499082565
26760,2577,0.01527751050889492
26770,2578,0.005401602480560541
26780,2579,0.02604580856859684
26790,2580,0.01997939869761467
26800,2581,0.04983866587281227
26810,2582,0.01593129150569439
26820,2583,1.9078865051269531
26830,2584,0.03667815774679184
26840,2585,0.2143833190202713
26850,2586,0.21450023353099823
26860,2587,0.023836227133870125
26870,2588,0.14358852803707123
26880,2589,0.038126468658447266
26890,2590,0.023760095238685608
26900,2591,0.036310095340013504
26910,2592,0.09162131696939468
26920,2593,3.0848498344421387
26930,2594,0.013155970722436905
26940,2595,0.024721594527363777
26950,2596,0.06640519946813583
26960,2597,0.03984914720058441
26970,2598,0.022249145433306694
26980,2599,0.03394585847854614
26990,2600,0.05053640156984329
27000,2601,0.1403408646583557
27010,2602,0.5946905016899109
27020,2603,0.34640002250671387
27030,2604,0.24356615543365479
27040,2605,0.11123505234718323
27050,2606,0.2541170120239258
27060,2607,0.4285273551940918
27070,2608,0.2826811373233795
27080,2609,0.17322777211666107
27090,2610,0.08434692770242691
27100,2611,0.16957123577594757
27110,2612,0.2249123454093933
27120,2613,0.44092845916748047
27130,2614,0.09391377121210098
27140,2615,0.04899294674396515
27150,2616,0.04333171993494034
27160,2617,0.10312463343143463
27170,2618,0.10928279161453247
27180,2619,0.129068523645401
27190,2620,0.04494829103350639
27200,2621,0.03596658632159233
27210,2622,0.0640619620680809
27220,2623,0.09946555644273758
27230,2624,0.0773191973567009
27240,2625,0.041529763489961624
27250,2626,0.030236871913075447
27260,2627,0.09144287556409836
27270,2628,0.1041320338845253
27280,2629,0.07946887612342834
27290,2630,0.043606068938970566
27300,2631,0.03444068133831024
27310,2632,1.9575674533843994
27320,2633,0.0666288509964943
27330,2634,0.08824431896209717
27340,2635,0.29341012239456177
27350,2636,0.01991170272231102
27360,2637,0.026064446195960045
27370,2638,0.052436210215091705
27380,2639,0.06542183458805084
27390,2640,0.05118885636329651
27400,2641,0.061556361615657806
27410,2642,0.1879020631313324
27420,2643,0.014422918669879436
27430,2644,0.02233872562646866
27440,2645,0.11290943622589111
27450,2646,0.026813209056854248
27460,2647,0.09823383390903473
27470,2648,0.01257442869246006
27480,2649,0.01679571345448494
27490,2650,0.015086676925420761
27500,2651,0.06442979723215103
27510,2652,0.017100872471928596
27520,2653,0.03217299282550812
27530,2654,0.037831004709005356
27540,2655,0.027421647682785988
27550,2656,0.0994463562965393
27560,2657,0.015246529132127762
27570,2658,0.03984168916940689
27580,2659,0.007807222194969654
27590,2660,0.014029414393007755
27600,2661,0.024005945771932602
27610,2662,0.018442902714014053
27620,2663,0.022820675745606422
27630,2664,0.029275808483362198
27640,2665,0.09762884676456451
27650,2666,0.13157644867897034
27660,2667,0.030986499041318893
27670,2668,0.22747518122196198
27680,2669,0.014103975147008896
27690,2670,0.024298960343003273
27700,2671,0.017344890162348747
27710,2672,0.021140221506357193
27720,2673,0.05065295100212097
27730,2674,0.012532425113022327
27740,2675,0.021035248413681984
27750,2676,0.029645169153809547
27760,2677,0.041362881660461426
27770,2678,0.05138714611530304
27780,2679,0.02690446935594082
27790,2680,0.05623175576329231
27800,2681,0.02487598918378353
27810,2682,0.1114649698138237
27820,2683,0.009675943292677402
27830,2684,0.04986710101366043
27840,2685,0.04292115196585655
27850,2686,0.04752745106816292
27860,2687,0.14671564102172852
27870,2688,0.012261656112968922
27880,2689,0.01076673623174429
27890,2690,0.03086601011455059
27900,2691,0.01487735565751791
27910,2692,0.01434645988047123
27920,2693,0.05133892223238945
27930,2694,0.06430874019861221
27940,2695,0.025072196498513222
27950,2696,0.005511556286364794
27960,2697,0.010638473555445671
27970,2698,0.009345008060336113
27980,2699,0.048575013875961304
27990,2700,0.059573736041784286
28000,2701,0.03590470924973488
28010,2702,0.5888544321060181
28020,2703,0.29044315218925476
28030,2704,0.09828347712755203
28040,2705,0.2525215446949005
28050,2706,0.37439367175102234
28060,2707,0.4784316420555115
28070,2708,0.20431095361709595
28080,2709,0.12082146853208542
28090,2710,0.02910797856748104
28100,2711,0.16832944750785828
28110,2712,0.20078417658805847
28120,2713,0.17715413868427277
28130,2714,3.840034008026123
28140,2715,0.0315270759165287
28150,2716,0.04145538806915283
28160,2717,0.05284034088253975
28170,2718,0.10567642748355865
28180,2719,0.07677095383405685
28190,2720,0.048487529158592224
28200,2721,0.11380922049283981
28210,2722,0.0511518158018589
28220,2723,0.04277808219194412
28230,2724,0.12011364847421646
28240,2725,0.06964431703090668
28250,2726,0.06889979541301727
28260,2727,0.019674278795719147
28270,2728,0.019014393910765648
28280,2729,0.030918404459953308
28290,2730,0.08946309238672256
28300,2731,0.03551081195473671
28310,2732,0.05497938022017479
28320,2733,0.03341137617826462
28330,2734,0.04399067908525467
28340,2735,0.028796590864658356
28350,2736,0.04832691326737404
28360,2737,0.05007956549525261
28370,2738,0.08921884000301361
28380,2739,0.040529876947402954
28390,2740,0.01771191507577896
28400,2741,0.031749118119478226
28410,2742,0.048619408160448074
28420,2743,0.07545997947454453
28430,2744,0.026583027094602585
28440,2745,0.005892392247915268
28450,2746,0.11492712795734406
28460,2747,0.04722443222999573
28470,2748,0.05058307945728302
28480,2749,0.028580427169799805
28490,2750,0.03713305667042732
28500,2751,0.07054869085550308
28510,2752,0.02426319196820259
28520,2753,0.13990019261837006
28530,2754,0.04998672008514404
28540,2755,0.05456781014800072
28550,2756,0.01326269842684269
28560,2757,0.046958815306425095
28570,2758,0.022469686344265938
28580,2759,0.02533566579222679
28590,2760,0.17068812251091003
28600,2761,0.0425545796751976
28610,2762,0.03886273130774498
28620,2763,0.10647063702344894
28630,2764,0.016116715967655182
28640,2765,0.016743626445531845
28650,2766,0.07470740377902985
28660,2767,0.03779344633221626
28670,2768,0.1323312669992447
28680,2769,0.04734990745782852
28690,2770,0.029540659859776497
28700,2771,0.08838014304637909
28710,2772,0.10359875112771988
28720,2773,0.033250268548727036
28730,2774,0.044234033674001694
28740,2775,0.02442539483308792
28750,2776,0.1510794758796692
28760,2777,0.008378464728593826
28770,2778,0.11170747131109238
28780,2779,0.02351708710193634
28790,2780,0.08899948000907898
28800,2781,0.18183039128780365
28810,2782,0.051653534173965454
28820,2783,0.09492644667625427
28830,2784,0.05402636155486107
28840,2785,0.02664121612906456
28850,2786,0.04998811334371567
28860,2787,0.027552727609872818
28870,2788,0.025229832157492638
28880,2789,0.07857827097177505
28890,2790,0.034747328609228134
28900,2791,0.04257938265800476
28910,2792,0.023442883044481277
28920,2793,0.009534759446978569
28930,2794,0.0858772024512291
28940,2795,0.023651298135519028
28950,2796,0.11945919692516327
28960,2797,0.12855346500873566
28970,2798,0.042296893894672394
28980,2799,0.022044219076633453
28990,2800,0.05129466578364372
29000,2801,0.03013060986995697
29010,2802,0.6500909328460693
29020,2803,0.38340821862220764
29030,2804,0.06364583969116211
29040,2805,0.16053417325019836
29050,2806,0.3508792519569397
29060,2807,0.4645300805568695
29070,2808,0.36402079463005066
29080,2809,0.11956851184368134
29090,2810,0.10884526371955872
29100,2811,0.15725840628147125
29110,2812,0.2971276342868805
29120,2813,0.259225994348526
29130,2814,0.11148188263177872
29140,2815,0.07988038659095764
29150,2816,0.0912536159157753
29160,2817,0.4115965962409973
29170,2818,0.26521092653274536
29180,2819,0.1285843402147293
29190,2820,0.0328763909637928
29200,2821,0.11447018384933472
29210,2822,2.559354066848755
29220,2823,0.16914747655391693
29230,2824,0.16390185058116913
29240,2825,0.07219516485929489
29250,2826,0.08052363991737366
29260,2827,0.14492404460906982
29270,2828,0.13346505165100098
29280,2829,0.2121485471725464
29290,2830,0.1021849662065506
29300,2831,3.358311176300049
29310,2832,0.31510114669799805
29320,2833,0.13490863144397736
29330,2834,0.08951326459646225
29340,2835,0.09164417535066605
29350,2836,0.08016175031661987
29360,2837,0.10984404385089874
29370,2838,0.08942147344350815
29380,2839,0.07730142027139664
29390,2840,0.06191953271627426
29400,2841,0.04768659919500351
29410,2842,0.04595028981566429
29420,2843,0.056004688143730164
29430,2844,0.03637147694826126
29440,2845,0.0448349304497242
29450,2846,0.11241286247968674
29460,2847,0.14054425060749054
29470,2848,0.016656670719385147
29480,2849,0.227000892162323
29490,2850,0.03793618455529213
29500,2851,0.02653174102306366
29510,2852,0.09020889550447464
29520,2853,0.08622509241104126
29530,2854,0.027217108756303787
29540,2855,0.0393308624625206
29550,2856,0.019801713526248932
29560,2857,0.04448951780796051
29570,2858,0.27773454785346985
29580,2859,0.02076975628733635
29590,2860,0.08178430050611496
29600,2861,0.024624161422252655
29610,2862,0.008962193503975868
29620,2863,0.02548416145145893
29630,2864,0.016356946900486946
29640,2865,0.09605403244495392
29650,2866,0.03474608063697815
29660,2867,0.11751125007867813
29670,2868,0.021920520812273026
29680,2869,0.0849074050784111
29690,2870,0.0768856480717659
29700,2871,0.045973170548677444
29710,2872,0.011274466291069984
29720,2873,0.041187312453985214
29730,2874,0.027362896129488945
29740,2875,0.018247878178954124
29750,2876,0.05702577903866768
29760,2877,0.03679536655545235
29770,2878,0.023282349109649658
29780,2879,0.041449759155511856
29790,2880,0.049615226686000824
29800,2881,0.00770985335111618
29810,2882,0.06186509132385254
29820,2883,0.013884845189750195
29830,2884,0.018251735717058182
29840,2885,0.03533594310283661
29850,2886,0.015620456077158451
29860,2887,0.08318877965211868
29870,2888,0.05579884350299835
29880,2889,0.01356872171163559
29890,2890,0.03793807700276375
29900,2891,0.038327910006046295
29910,2892,0.11346406489610672
29920,2893,0.1138988733291626
29930,2894,0.028229057788848877
29940,2895,0.04420202225446701
29950,2896,0.014147359877824783
29960,2897,0.020088283345103264
29970,2898,0.02441115863621235
29980,2899,0.0227261520922184
29990,2900,0.06816861778497696
30000,2901,0.09745284914970398
30010,2902,0.6048267483711243
30020,2903,0.26012110710144043
30030,2904,0.04127996042370796
30040,2905,0.1142503023147583
30050,2906,0.29522448778152466
30060,2907,0.2973199486732483
30070,2908,0.12900717556476593
30080,2909,0.015461231581866741
30090,2910,0.07459380477666855
30100,2911,0.26706114411354065
30110,2912,0.20564696192741394
30120,2913,0.10030174255371094
30130,2914,0.04280032962560654
30140,2915,4.600562572479248
30150,2916,0.05446530133485794
30160,2917,0.031754348427057266
30170,2918,0.0946035385131836
30180,2919,0.04641912877559662
30190,2920,0.07610006630420685
30200,2921,0.14819616079330444
30210,2922,2.539362668991089
30220,2923,0.16611000895500183
30230,2924,0.02489464357495308
30240,2925,0.1293051838874817
30250,2926,0.11438960582017899
30260,2927,0.06249634176492691
30270,2928,0.08808178454637527
30280,2929,0.05719905346632004
30290,2930,0.08159735798835754
30300,2931,0.02301308512687683
30310,2932,0.4520866870880127
30320,2933,2.5697200298309326
30330,2934,0.09812335669994354
30340,2935,0.08263945579528809
30350,2936,0.13257411122322083
30360,2937,0.1342136561870575
30370,2938,0.3440738022327423
30380,2939,0.17306005954742432
30390,2940,0.07225926220417023
30400,2941,0.04579718038439751
30410,2942,0.022315019741654396
30420,2943,0.12094919383525848
30430,2944,0.16548258066177368
30440,2945,0.040542032569646835
30450,2946,0.08721591532230377
30460,2947,0.05150323733687401
30470,2948,0.14055392146110535
30480,2949,0.10077586770057678
30490,2950,0.039341773837804794
30500,2951,0.08037449419498444
30510,2952,0.04224604368209839
30520,2953,0.12479458004236221
30530,2954,0.07568519562482834
30540,2955,0.020623551681637764
30550,2956,0.027786314487457275
30560,2957,0.11650390923023224
30570,2958,3.253793716430664
30580,2959,0.05627381056547165
30590,2960,0.025765571743249893
30600,2961,0.039050787687301636
30610,2962,0.06629852205514908
30620,2963,0.053999628871679306
30630,2964,0.2642500698566437
30640,2965,0.04949737712740898
30650,2966,0.04572221264243126
30660,2967,0.10448747128248215
30670,2968,0.06535594910383224
30680,2969,0.16190889477729797
30690,2970,0.21586573123931885
30700,2971,0.05035310238599777
30710,2972,0.01573212258517742
30720,2973,0.340789794921875
30730,2974,0.012612247839570045
30740,2975,0.014981037937104702
30750,2976,0.0467277392745018
30760,2977,0.07285455614328384
30770,2978,0.050621431320905685
30780,2979,0.0913742184638977
30790,2980,0.03447733819484711
30800,2981,0.02042246237397194
30810,2982,0.022239308804273605
30820,2983,0.09466459602117538
30830,2984,0.07622615993022919
30840,2985,0.058392979204654694
30850,2986,0.16499438881874084
30860,2987,0.044518791139125824
30870,2988,0.1132035106420517
30880,2989,0.05125205218791962
30890,2990,0.2492140531539917
30900,2991,2.2899227142333984
30910,2992,0.01937214471399784
30920,2993,0.027753474190831184
30930,2994,0.08134305477142334
30940,2995,0.02543683908879757
30950,2996,0.048986807465553284
30960,2997,0.03266813978552818
30970,2998,0.036261867731809616
30980,2999,0.1314089149236679
30990,3000,0.18433651328086853
31000,3001,0.03567778691649437
31010,3002,0.4527275562286377
31020,3003,0.27985525131225586
31030,3004,0.09534239768981934
31040,3005,0.2068280726671219
31050,3006,0.3434940576553345
31060,3007,0.42029210925102234
31070,3008,0.21067343652248383
31080,3009,0.13553474843502045
31090,3010,0.252409964799881
31100,3011,0.22913974523544312
31110,3012,0.4691377878189087
31120,3013,0.20048311352729797
31130,3014,0.05582452565431595
31140,3015,0.039306916296482086
31150,3016,0.09892424941062927
31160,3017,0.31967484951019287
31170,3018,0.34134215116500854
31180,3019,0.051171403378248215
31190,3020,0.04985739290714264
31200,3021,0.06898119300603867
31210,3022,2.933950185775757
31220,3023,0.14593398571014404
31230,3024,0.06155749037861824
31240,3025,0.033096794039011
31250,3026,0.1268465220928192
31260,3027,0.08109544962644577
31270,3028,0.06318322569131851
31280,3029,0.06701847910881042
31290,3030,0.041869379580020905
31300,3031,0.12843234837055206
31310,3032,0.04612967371940613
31320,3033,0.14027944207191467
31330,3034,0.030617419630289078
31340,3035,0.01808326318860054
31350,3036,0.04870288074016571
31360,3037,0.10541385412216187
31370,3038,0.014504577033221722
31380,3039,0.04651069641113281
31390,3040,0.1324613094329834
31400,3041,0.08453842252492905
31410,3042,0.022889461368322372
31420,3043,0.05813897028565407
31430,3044,0.009911964647471905
31440,3045,0.04836016893386841
31450,3046,0.049762941896915436
31460,3047,0.01280086301267147
31470,3048,0.020819978788495064
31480,3049,0.4872661828994751
31490,3050,0.04075799137353897
31500,3051,0.04739425703883171
31510,3052,0.09595908224582672
31520,3053,0.05746074020862579
31530,3054,0.09927288442850113
31540,3055,0.019252320751547813
31550,3056,0.038897112011909485
31560,3057,0.031118782237172127
31570,3058,0.020892444998025894
31580,3059,0.06692471355199814
31590,3060,0.023051835596561432
31600,3061,0.6706233024597168
31610,3062,0.09411726146936417
31620,3063,0.03004642017185688
31630,3064,0.0726950541138649
31640,3065,0.0403035543859005
31650,3066,0.08545370399951935
31660,3067,0.01270347461104393
31670,3068,1.7562236785888672
31680,3069,0.027037499472498894
31690,3070,0.023875867947936058
31700,3071,0.19122827053070068
31710,3072,0.0320592075586319
31720,3073,0.2068534791469574
31730,3074,0.052200883626937866
31740,3075,0.01596255414187908
31750,3076,0.10037627816200256
31760,3077,4.077573299407959
31770,3078,0.04053490608930588
31780,3079,0.07587920874357224
31790,3080,0.10308408737182617
31800,3081,0.12922950088977814
31810,3082,0.1203061193227768
31820,3083,0.034090396016836166
31830,3084,0.14663515985012054
31840,3085,0.06495307385921478
31850,3086,0.07324160635471344
31860,3087,0.2531088590621948
31870,3088,0.26563650369644165
31880,3089,0.07940912246704102
31890,3090,0.048769813030958176
31900,3091,0.05860890820622444
31910,3092,2.0904767513275146
31920,3093,0.04482066258788109
31930,3094,0.1307707577943802
31940,3095,0.09426967799663544
31950,3096,0.011735038831830025
31960,3097,0.02209736406803131
31970,3098,0.24305664002895355
31980,3099,0.13632652163505554
31990,3100,0.025781959295272827
32000,3101,0.1133856549859047
32010,3102,0.30789071321487427
32020,3103,0.3032383918762207
32030,3104,0.21421712636947632
32040,3105,0.1458883285522461
32050,3106,0.35907480120658875
32060,3107,0.3383782207965851
32070,3108,0.17878271639347076
32080,3109,0.12723690271377563
32090,3110,0.17563258111476898
32100,3111,0.2234017550945282
32110,3112,0.14608557522296906
32120,3113,0.10684025287628174
32130,3114,0.09766075015068054
32140,3115,0.042804405093193054
32150,3116,0.5931073427200317
32160,3117,0.22391214966773987
32170,3118,0.11552959680557251
32180,3119,0.06172981113195419
32190,3120,0.0719887912273407
32200,3121,0.08561406284570694
32210,3122,0.15125048160552979
32220,3123,0.15763112902641296
32230,3124,0.10582214593887329
32240,3125,0.037237852811813354
32250,3126,0.1974307745695114
32260,3127,0.08080468326807022
32270,3128,0.13717691600322723
32280,3129,0.12946146726608276
32290,3130,0.03071715496480465
32300,3131,0.09036816656589508
32310,3132,0.05492408946156502
32320,3133,0.06264660507440567
32330,3134,0.06899038702249527
32340,3135,0.04703768715262413
32350,3136,0.07872487604618073
32360,3137,0.17887113988399506
32370,3138,0.07599994540214539
32380,3139,7.060604572296143
32390,3140,0.3237500786781311
32400,3141,0.16280490159988403
32410,3142,0.09302110970020294
32420,3143,0.4614790678024292
32430,3144,0.3318663239479065
32440,3145,0.12963561713695526
32450,3146,0.16214779019355774
32460,3147,0.06640654057264328
32470,3148,0.14526216685771942
32480,3149,0.057129450142383575
32490,3150,0.07850439101457596
32500,3151,0.08058582991361618
32510,3152,0.05946829915046692
32520,3153,0.04461013898253441
32530,3154,0.06383176147937775
32540,3155,0.15086860954761505
32550,3156,0.0391266755759716
32560,3157,0.04667968675494194
32570,3158,4.8139729499816895
32580,3159,2.3424861431121826
32590,3160,0.11702705174684525
32600,3161,0.055284012109041214
32610,3162,0.18468602001667023
32620,3163,0.09237650781869888
32630,3164,0.047099336981773376
32640,3165,0.26691025495529175
32650,3166,0.09047101438045502
32660,3167,0.041972290724515915
32670,3168,0.06939484924077988
32680,3169,0.09323704242706299
32690,3170,0.16737258434295654
32700,3171,0.06980608403682709
32710,3172,0.047857653349637985
32720,3173,0.10292170941829681
32730,3174,0.09828460961580276
32740,3175,0.04306837171316147
32750,3176,0.12008632719516754
32760,3177,0.20722852647304535
32770,3178,0.07903332263231277
32780,3179,0.20990502834320068
32790,3180,0.0421893447637558
32800,3181,0.064015693962574
32810,3182,0.07584602385759354
32820,3183,0.19344846904277802
32830,3184,0.036972176283597946
32840,3185,0.03229298070073128
32850,3186,0.06485874205827713
32860,3187,0.15227153897285461
32870,3188,0.02250939980149269
32880,3189,0.03160062059760094
32890,3190,0.05986839160323143
32900,3191,0.02030302584171295
32910,3192,0.07640156149864197
32920,3193,0.18562129139900208
32930,3194,0.036680467426776886
32940,3195,0.14022982120513916
32950,3196,0.011841906234622002
32960,3197,0.04715103283524513
32970,3198,0.03595481812953949
32980,3199,0.07489197701215744
32990,3200,0.03435929864645004
33000,3201,6.63801383972168
33010,3202,0.8196918368339539
33020,3203,0.4805508255958557
33030,3204,0.1377861350774765
33040,3205,0.35303953289985657
33050,3206,0.46205514669418335
33060,3207,0.8555186986923218
33070,3208,0.4323062598705292
33080,3209,0.10892414301633835
33090,3210,0.11371016502380371
33100,3211,0.442477822303772
33110,3212,0.41647961735725403
33120,3213,0.5229601860046387
33130,3214,0.23456881940364838
33140,3215,0.08623018860816956
33150,3216,0.1957630068063736
33160,3217,0.7501152753829956
33170,3218,0.5300612449645996
33180,3219,0.131559357047081
33190,3220,0.2617420554161072
33200,3221,0.18173165619373322
33210,3222,0.18359480798244476
33220,3223,0.17169447243213654
33230,3224,0.12131591886281967
33240,3225,0.07160919159650803
33250,3226,0.2656010389328003
33260,3227,0.11482121795415878
33270,3228,0.2271347939968109
33280,3229,0.0721946656703949
33290,3230,0.05023066699504852
33300,3231,0.09153463691473007
33310,3232,0.08153912425041199
33320,3233,0.1605055034160614
33330,3234,0.18724636733531952
33340,3235,0.07018008083105087
33350,3236,0.0512411929666996
33360,3237,0.2132890224456787
33370,3238,0.24732768535614014
33380,3239,0.2130863219499588
33390,3240,0.07023461163043976
33400,3241,0.03598571568727493
33410,3242,0.06320387125015259
33420,3243,0.09942492842674255
33430,3244,0.18430082499980927
33440,3245,0.07114416360855103
33450,3246,0.05067872628569603
33460,3247,0.1775650531053543
33470,3248,0.1004580408334732
33480,3249,0.14346173405647278
33490,3250,0.0791085809469223
33500,3251,0.09330438822507858
33510,3252,0.02071418985724449
33520,3253,0.04054806008934975
33530,3254,0.07423043996095657
33540,3255,0.11898566037416458
33550,3256,0.043237023055553436
33560,3257,0.25937214493751526
33570,3258,0.03063511848449707
33580,3259,0.04609261080622673
33590,3260,0.03982512652873993
33600,3261,0.08638206869363785
33610,3262,0.0901760682463646
33620,3263,0.038258638232946396
33630,3264,0.21582543849945068
33640,3265,0.059822581708431244
33650,3266,0.08001783490180969
33660,3267,0.03524753078818321
33670,3268,0.03471527621150017
33680,3269,0.0663147047162056
33690,3270,0.26196709275245667
33700,3271,0.07801651954650879
33710,3272,0.06482622027397156
33720,3273,0.013842960819602013
33730,3274,0.3182916045188904
33740,3275,0.18088509142398834
33750,3276,0.02364043891429901
33760,3277,0.05479632690548897
33770,3278,0.22248341143131256
33780,3279,0.06363950669765472
33790,3280,0.0583379864692688
33800,3281,0.026576826348900795
33810,3282,0.02347463369369507
33820,3283,0.07083308696746826
33830,3284,0.07286421209573746
33840,3285,0.024804988875985146
33850,3286,0.019898904487490654
33860,3287,0.05577539652585983
33870,3288,0.05180356651544571
33880,3289,0.10645914077758789
33890,3290,0.03057790920138359
33900,3291,0.07507319748401642
33910,3292,0.02743510901927948
33920,3293,0.04131167382001877
33930,3294,0.025005735456943512
33940,3295,0.03567017242312431
33950,3296,0.08220450580120087
33960,3297,0.011728975921869278
33970,3298,0.03948318585753441
33980,3299,0.038046639412641525
33990,3300,0.018603233620524406
34000,3301,0.0642818808555603
34010,3302,0.7053630352020264
34020,3303,0.3203919529914856
34030,3304,0.2106861174106598
34040,3305,0.09906504303216934
34050,3306,0.37625113129615784
34060,3307,0.3377227187156677
34070,3308,0.294564425945282
34080,3309,0.10508079081773758
34090,3310,0.11859574913978577
34100,3311,0.21172049641609192
34110,3312,0.23490408062934875
34120,3313,0.15725119411945343
34130,3314,0.11496540158987045
34140,3315,0.3440917432308197
34150,3316,0.14829011261463165
34160,3317,0.10858801007270813
34170,3318,0.17525674402713776
34180,3319,0.06376733630895615
34190,3320,0.030187763273715973
34200,3321,0.2438550889492035
34210,3322,0.19629040360450745
34220,3323,0.10763901472091675
34230,3324,0.08723244071006775
34240,3325,0.08853215724229813
34250,3326,0.020334510132670403
34260,3327,0.06646724045276642
34270,3328,0.22467735409736633
34280,3329,0.0765070989727974
34290,3330,0.05447058379650116
34300,3331,0.10102952271699905
34310,3332,0.2238692194223404
34320,3333,0.019013334065675735
34330,3334,0.14962908625602722
34340,3335,0.06384734064340591
34350,3336,0.10642644017934799
34360,3337,0.044690366834402084
34370,3338,0.0220525823533535
34380,3339,0.03300899639725685
34390,3340,0.07040266692638397
34400,3341,0.019805211573839188
34410,3342,0.0819515734910965
34420,3343,0.033639613538980484
34430,3344,0.015180038288235664
34440,3345,0.054617058485746384
34450,3346,0.017455443739891052
34460,3347,0.026454076170921326
34470,3348,0.019851218909025192
34480,3349,0.05245455726981163
34490,3350,0.5541588664054871
34500,3351,0.062399722635746
34510,3352,0.03842039406299591
34520,3353,0.20809058845043182
34530,3354,0.10004353523254395
34540,3355,0.03915134444832802
34550,3356,0.009027368389070034
34560,3357,0.05794529244303703
34570,3358,0.013967353850603104
34580,3359,0.054553449153900146
34590,3360,0.01033684890717268
34600,3361,0.050231583416461945
34610,3362,0.020275814458727837
34620,3363,0.012540861964225769
34630,3364,0.07920732349157333
34640,3365,0.03239016607403755
34650,3366,0.03408496454358101
34660,3367,0.03702706843614578
34670,3368,0.02085176669061184
34680,3369,0.11649477481842041
34690,3370,0.04542306810617447
34700,3371,0.016321726143360138
34710,3372,0.015405591577291489
34720,3373,0.2076050192117691
34730,3374,0.01929837092757225
34740,3375,0.0033894137013703585
34750,3376,0.11367327719926834
34760,3377,0.05083369463682175
34770,3378,0.24435631930828094
34780,3379,0.1619318425655365
34790,3380,0.06110392510890961
34800,3381,0.02842508815228939
34810,3382,0.07553644478321075
34820,3383,0.10985250771045685
34830,3384,0.012310871854424477
34840,3385,0.007888376712799072
34850,3386,0.01743781566619873
34860,3387,0.02462187223136425
34870,3388,0.05433931201696396
34880,3389,0.09981686621904373
34890,3390,0.02714451774954796
34900,3391,0.04826638475060463
34910,3392,0.03366564214229584
34920,3393,0.023647986352443695
34930,3394,0.020279357209801674
34940,3395,0.06765531748533249
34950,3396,0.06875672936439514
34960,3397,0.01119937002658844
34970,3398,0.03246282413601875
34980,3399,0.009432540275156498
34990,3400,0.022289322689175606
35000,3401,0.13580864667892456
35010,3402,0.5150919556617737
35020,3403,0.25682568550109863
35030,3404,0.05851629003882408
35040,3405,0.11773061752319336
35050,3406,0.4536542296409607
35060,3407,0.3621346354484558
35070,3408,0.2364269495010376
35080,3409,0.06044016405940056
35090,3410,0.14945009350776672
35100,3411,0.13030962646007538
35110,3412,0.1962866634130478
35120,3413,0.1914118528366089
35130,3414,0.1351524293422699
35140,3415,0.10826455056667328
35150,3416,0.10452578961849213
35160,3417,0.25991886854171753
35170,3418,0.1976420283317566
35180,3419,0.04907284677028656
35190,3420,0.052406542003154755
35200,3421,0.03467346355319023
35210,3422,0.08655177056789398
35220,3423,0.197049081325531
35230,3424,0.06419992446899414
35240,3425,0.023934245109558105
35250,3426,0.02345391921699047
35260,3427,0.05233962461352348
35270,3428,0.08216670900583267
35280,3429,0.12828947603702545
35290,3430,0.04306098818778992
35300,3431,0.052472781389951706
35310,3432,0.08446645736694336
35320,3433,0.05258750542998314
35330,3434,0.03744618594646454
35340,3435,0.07986226677894592
35350,3436,0.036297306418418884
35360,3437,0.20983384549617767
35370,3438,0.1092662662267685
35380,3439,0.07771530002355576
35390,3440,0.1110849380493164
35400,3441,0.09899366647005081
35410,3442,0.05969490110874176
35420,3443,0.025226302444934845
35430,3444,0.029889510944485664
35440,3445,0.25476789474487305
35450,3446,0.021353501826524734
35460,3447,0.052552878856658936
35470,3448,0.06382092833518982
35480,3449,0.06071507930755615
35490,3450,0.1110016480088234
35500,3451,0.0368364155292511
35510,3452,0.06874899566173553
35520,3453,0.041110578924417496
35530,3454,0.018475593999028206
35540,3455,0.10426028072834015
35550,3456,0.03483143821358681
35560,3457,0.14593487977981567
35570,3458,0.09210919588804245
35580,3459,0.02661178447306156
35590,3460,0.009914589114487171
35600,3461,0.09648109972476959
35610,3462,0.017269626259803772
35620,3463,0.014484782703220844
35630,3464,0.020157689228653908
35640,3465,0.05410604178905487
35650,3466,0.036356937140226364
35660,3467,5.71254301071167
35670,3468,0.054082226008176804
35680,3469,4.190617561340332
35690,3470,0.043498020619153976
35700,3471,0.06038510054349899
35710,3472,0.09292362630367279
35720,3473,0.05801190808415413
35730,3474,0.25246208906173706
35740,3475,0.16735482215881348
35750,3476,0.13496360182762146
35760,3477,0.19749240577220917
35770,3478,0.12810653448104858
35780,3479,0.16907081007957458
35790,3480,0.2497732937335968
35800,3481,0.04756290465593338
35810,3482,0.03540806844830513
35820,3483,0.07247066497802734
35830,3484,0.22434382140636444
35840,3485,0.025939293205738068
35850,3486,0.20324869453907013
35860,3487,0.07276482880115509
35870,3488,0.04418212175369263
35880,3489,0.3542560338973999
35890,3490,0.05378758907318115
35900,3491,0.06953581422567368
35910,3492,0.05054536461830139
35920,3493,0.22751793265342712
35930,3494,0.030024049803614616
35940,3495,0.045975685119628906
35950,3496,0.04062187299132347
35960,3497,0.07944139838218689
35970,3498,0.1422766000032425
35980,3499,0.05380444973707199
35990,3500,0.14573004841804504
36000,3501,0.03194618970155716
36010,3502,0.32546675205230713
36020,3503,0.11794345080852509
36030,3504,0.07181063294410706
36040,3505,0.10327485203742981
36050,3506,0.14822882413864136
36060,3507,0.1201266348361969
36070,3508,0.0678781270980835
36080,3509,0.02095757983624935
36090,3510,0.06022658199071884
36100,3511,0.11373889446258545
36110,3512,0.08757107704877853
36120,3513,0.04597366601228714
36130,3514,0.0177471823990345
36140,3515,0.04466238617897034
36150,3516,0.08910645544528961
36160,3517,0.07266112416982651
36170,3518,0.07374557852745056
36180,3519,0.01931024342775345
36190,3520,0.17132039368152618
36200,3521,0.04503737390041351
36210,3522,0.0670233741402626
36220,3523,0.04843927174806595
36230,3524,0.021763186901807785
36240,3525,0.03508174419403076
36250,3526,0.016295427456498146
36260,3527,0.018123356625437737
36270,3528,0.012910917401313782
36280,3529,0.0163058303296566
36290,3530,0.33549654483795166
36300,3531,0.019116515293717384
36310,3532,0.01570662297308445
36320,3533,0.015730710700154305
36330,3534,0.041730958968400955
36340,3535,0.12784458696842194
36350,3536,0.021767525002360344
36360,3537,0.08699829131364822
36370,3538,0.11954160779714584
36380,3539,0.07078926265239716
36390,3540,0.07141291350126266
36400,3541,0.01974637433886528
36410,3542,0.13163337111473083
36420,3543,0.1581651270389557
36430,3544,0.029715146869421005
36440,3545,0.08088051527738571
36450,3546,0.026429742574691772
36460,3547,0.02738562971353531
36470,3548,0.0050481040962040424
36480,3549,0.040877602994441986
36490,3550,0.10667054355144501
36500,3551,0.01639033667743206
36510,3552,0.050825245678424835
36520,3553,0.09696990996599197
36530,3554,0.022326799109578133
36540,3555,0.007314111106097698
36550,3556,0.07415755093097687
36560,3557,0.07268091291189194
36570,3558,0.015626244246959686
36580,3559,0.019725298509001732
36590,3560,0.023666558787226677
36600,3561,0.012803114950656891
36610,3562,0.043227050453424454
36620,3563,0.005445998162031174
36630,3564,0.028217246755957603
36640,3565,0.04265080392360687
36650,3566,0.012441451661288738
36660,3567,0.020504288375377655
36670,3568,0.007950075902044773
36680,3569,0.1698787957429886
36690,3570,0.03560221567749977
36700,3571,0.01365980226546526
36710,3572,0.023617640137672424
36720,3573,0.06175590306520462
36730,3574,0.015402408316731453
36740,3575,0.04016371816396713
36750,3576,0.09437264502048492
36760,3577,0.01734103634953499
36770,3578,0.0675332248210907
36780,3579,0.04159047082066536
36790,3580,0.047516509890556335
36800,3581,0.07618801295757294
36810,3582,0.06334033608436584
36820,3583,0.1034265011548996
36830,3584,0.024429287761449814
36840,3585,0.02208450436592102
36850,3586,0.036822881549596786
36860,3587,0.023344211280345917
36870,3588,0.011443695053458214
36880,3589,0.09222660958766937
36890,3590,0.0371696911752224
36900,3591,0.02481568604707718
36910,3592,0.05274033918976784
36920,3593,0.013850558549165726
36930,3594,0.07948093861341476
36940,3595,0.05173154175281525
36950,3596,0.08038002252578735
36960,3597,0.038580719381570816
36970,3598,0.02444348856806755
36980,3599,0.0722023993730545
36990,3600,0.07666601240634918
37000,3601,0.08357489109039307
37010,3602,0.5806878805160522
37020,3603,0.3822926878929138
37030,3604,0.1952296495437622
37040,3605,0.21660977602005005
37050,3606,0.3480052649974823
37060,3607,0.4660561978816986
37070,3608,0.15589648485183716
37080,3609,0.015805570408701897
37090,3610,0.09695136547088623
37100,3611,0.2215242087841034
37110,3612,0.2782127559185028
37120,3613,0.11277607828378677
37130,3614,0.038168154656887054
37140,3615,0.08295073360204697
37150,3616,0.13680113852024078
37160,3617,0.19855143129825592
37170,3618,0.10825292021036148
37180,3619,0.017826315015554428
37190,3620,0.16405029594898224
37200,3621,0.10612446814775467
37210,3622,0.19873270392417908
37220,3623,0.051452331244945526
37230,3624,0.07834851741790771
37240,3625,0.12955521047115326
37250,3626,0.12287092953920364
37260,3627,0.07334203273057938
37270,3628,0.10494910180568695
37280,3629,0.06447777897119522
37290,3630,0.052824717015028
37300,3631,0.07490077614784241
37310,3632,0.05312049016356468
37320,3633,0.0466289147734642
37330,3634,0.03052768111228943
37340,3635,0.09032649546861649
37350,3636,0.06743602454662323
37360,3637,0.03951086476445198
37370,3638,0.029240095987915993
37380,3639,0.012555590830743313
37390,3640,0.019619282335042953
37400,3641,0.08615493774414062
37410,3642,0.02546762116253376
37420,3643,0.027281003072857857
37430,3644,0.025919293984770775
37440,3645,0.02256939746439457
37450,3646,0.06438355147838593
37460,3647,0.02231631428003311
37470,3648,0.030738631263375282
37480,3649,0.08677557110786438
37490,3650,0.023051630705595016
37500,3651,0.0487695038318634
37510,3652,0.044653959572315216
37520,3653,0.10137392580509186
37530,3654,0.03173535317182541
37540,3655,0.021843772381544113
37550,3656,0.01165780983865261
37560,3657,0.055085986852645874
37570,3658,0.012969019822776318
37580,3659,0.025326410308480263
37590,3660,0.0073177022859454155
37600,3661,0.08202619850635529
37610,3662,0.023428143933415413
37620,3663,0.02499164082109928
37630,3664,0.02447635494172573
37640,3665,0.020583920180797577
37650,3666,0.01345235574990511
37660,3667,0.013489468023180962
37670,3668,2.0712218284606934
37680,3669,0.01668093353509903
37690,3670,0.0616886205971241
37700,3671,0.05436907708644867
37710,3672,0.04908306524157524
37720,3673,0.026479318737983704
37730,3674,0.04738091677427292
37740,3675,0.034144844859838486
37750,3676,0.1271987408399582
37760,3677,0.01739063672721386
37770,3678,0.013232310302555561
37780,3679,0.03375152498483658
37790,3680,0.022558683529496193
37800,3681,0.08534510433673859
37810,3682,1.308227777481079
37820,3683,0.10159635543823242
37830,3684,0.008709635585546494
37840,3685,0.02118537202477455
37850,3686,0.013500094413757324
37860,3687,0.0077785770408809185
37870,3688,0.03058919496834278
37880,3689,0.01414598897099495
37890,3690,0.2095870077610016
37900,3691,0.1924794316291809
37910,3692,0.008297464810311794
37920,3693,0.007898638024926186
37930,3694,2.6875550746917725
37940,3695,0.00880103837698698
37950,3696,0.018559208139777184
37960,3697,0.08767160773277283
37970,3698,0.04937174543738365
37980,3699,0.04711572825908661
37990,3700,0.021155066788196564
38000,3701,0.024336516857147217
38010,3702,0.6042525172233582
38020,3703,0.17193421721458435
38030,3704,0.06661739945411682
38040,3705,9.786711692810059
38050,3706,0.2226201295852661
38060,3707,0.1674153208732605
38070,3708,0.04552758112549782
38080,3709,0.03407324478030205
38090,3710,0.13035240769386292
38100,3711,0.1884266883134842
38110,3712,0.0966019481420517
38120,3713,0.05489019677042961
38130,3714,0.05480608344078064
38140,3715,0.10704335570335388
38150,3716,0.09855290502309799
38160,3717,0.08276233077049255
38170,3718,0.03876848891377449
38180,3719,0.03264441341161728
38190,3720,0.11250388622283936
38200,3721,0.06482788920402527
38210,3722,0.032393909990787506
38220,3723,0.3260921835899353
38230,3724,0.037607625126838684
38240,3725,0.06062118336558342
38250,3726,0.03608077019453049
38260,3727,0.40454721450805664
38270,3728,0.08722355216741562
38280,3729,0.06426917761564255
38290,3730,0.012751279398798943
38300,3731,0.03581364452838898
38310,3732,0.46868211030960083
38320,3733,0.02072317712008953
38330,3734,0.009506218135356903
38340,3735,0.062038544565439224
38350,3736,0.043803729116916656
38360,3737,0.01721656695008278
38370,3738,0.013522084802389145
38380,3739,0.022289153188467026
38390,3740,0.028990797698497772
38400,3741,0.04495415464043617
38410,3742,0.014472167938947678
38420,3743,0.010498186573386192
38430,3744,0.01020138245075941
38440,3745,0.008484091609716415
38450,3746,0.06872308999300003
38460,3747,0.007817383855581284
38470,3748,0.004094298928976059
38480,3749,0.2503739595413208
38490,3750,0.010804437100887299
38500,3751,0.04233534261584282
38510,3752,0.2313256561756134
38520,3753,0.008646875619888306
38530,3754,0.04376864805817604
38540,3755,0.026532791554927826
38550,3756,0.024598754942417145
38560,3757,0.09079493582248688
38570,3758,0.01736385188996792
38580,3759,0.00986356008797884
38590,3760,0.032464399933815
38600,3761,0.06405024975538254
38610,3762,0.011993435211479664
38620,3763,0.011917730793356895
38630,3764,0.019671937450766563
38640,3765,0.022405877709388733
38650,3766,0.06161648780107498
38660,3767,0.012749653309583664
38670,3768,0.022380486130714417
38680,3769,0.02767643705010414
38690,3770,0.013731536455452442
38700,3771,0.021634843200445175
38710,3772,0.12401280552148819
38720,3773,0.0051139164716005325
38730,3774,0.030157294124364853
38740,3775,0.1664065718650818
38750,3776,0.059466827660799026
38760,3777,0.005733151454478502
38770,3778,0.012270668521523476
38780,3779,0.037716299295425415
38790,3780,0.007146985270082951
38800,3781,0.11810226738452911
38810,3782,0.004365046042948961
38820,3783,0.04872921481728554
38830,3784,0.0030267462134361267
38840,3785,0.006554223597049713
38850,3786,0.12528792023658752
38860,3787,0.016246149316430092
38870,3788,0.34790894389152527
38880,3789,0.009526458568871021
38890,3790,0.012977447360754013
38900,3791,0.0339042991399765
38910,3792,0.006679504178464413
38920,3793,0.010006087832152843
38930,3794,0.29462170600891113
38940,3795,0.08859977126121521
38950,3796,0.0572628378868103
38960,3797,0.15177807211875916
38970,3798,0.00576885836198926
38980,3799,0.012395843863487244
38990,3800,0.008108303882181644
39000,3801,0.010568903759121895
39010,3802,0.3977171778678894
39020,3803,0.11513355374336243
39030,3804,0.01094803586602211
39040,3805,0.12896135449409485
39050,3806,0.25677651166915894
39060,3807,0.33821454644203186
39070,3808,0.04605467617511749
39080,3809,0.0382443405687809
39090,3810,0.11438051611185074
39100,3811,0.15548254549503326
39110,3812,0.1443318873643875
39120,3813,0.006845912430435419
39130,3814,0.09248889982700348
39140,3815,0.11812616884708405
39150,3816,0.04801492393016815
39160,3817,0.10635240375995636
39170,3818,0.008931203745305538
39180,3819,0.1602877527475357
39190,3820,0.20630598068237305
39200,3821,0.2707860469818115
39210,3822,0.00792764499783516
39220,3823,0.042253147810697556
39230,3824,0.056069061160087585
39240,3825,0.09302013367414474
39250,3826,0.06858621537685394
39260,3827,0.06192615628242493
39270,3828,0.03786097839474678
39280,3829,0.14378589391708374
39290,3830,0.022914061322808266
39300,3831,0.02121758833527565
39310,3832,0.009820107370615005
39320,3833,0.0348280593752861
39330,3834,0.027752432972192764
39340,3835,0.009581029415130615
39350,3836,0.01090694684535265
39360,3837,0.022917529568076134
39370,3838,0.03539373353123665
39380,3839,0.03483281284570694
39390,3840,0.1811584234237671
39400,3841,0.18799804151058197
39410,3842,0.03985869511961937
39420,3843,0.09086314588785172
39430,3844,0.009667692705988884
39440,3845,0.01266154833137989
39450,3846,0.016567818820476532
39460,3847,0.018341252580285072
39470,3848,0.018946267664432526
39480,3849,0.11078710854053497
39490,3850,0.014269297942519188
39500,3851,0.03862314671278
39510,3852,0.010823954828083515
39520,3853,0.06480018049478531
39530,3854,8.628289222717285
39540,3855,0.05962557718157768
39550,3856,0.03642694652080536
39560,3857,0.040986448526382446
39570,3858,0.09592600166797638
39580,3859,0.03228900209069252
39590,3860,0.26064804196357727
39600,3861,0.10624723136425018
39610,3862,0.04646305739879608
39620,3863,0.027277186512947083
39630,3864,0.036259640008211136
39640,3865,0.05991881340742111
39650,3866,0.05826340243220329
39660,3867,0.04924965649843216
39670,3868,0.02209814079105854
39680,3869,0.06357880681753159
39690,3870,0.1303522288799286
39700,3871,0.025184044614434242
39710,3872,0.016167370602488518
39720,3873,0.16559886932373047
39730,3874,0.057254064828157425
39740,3875,0.030530991032719612
39750,3876,0.04038594290614128
39760,3877,0.013802522793412209
39770,3878,0.012755616568028927
39780,3879,0.05192873626947403
39790,3880,0.06457488983869553
39800,3881,0.023387575522065163
39810,3882,0.03296901658177376
39820,3883,0.01564420573413372
39830,3884,0.06606276333332062
39840,3885,0.02230522222816944
39850,3886,0.024140870198607445
39860,3887,0.044286664575338364
39870,3888,0.026791203767061234
39880,3889,0.017452968284487724
39890,3890,0.138544499874115
39900,3891,0.18218572437763214
39910,3892,0.01439924631267786
39920,3893,0.01985420100390911
39930,3894,0.33639511466026306
39940,3895,0.04608501121401787
39950,3896,0.02026861347258091
39960,3897,0.060096755623817444
39970,3898,0.01399294100701809
39980,3899,0.013070952147245407
39990,3900,0.0030070249922573566
40000,3901,0.027561388909816742
40010,3902,0.4834747314453125
40020,3903,0.1529821902513504
40030,3904,0.02395499125123024
40040,3905,0.15009094774723053
40050,3906,0.2302473932504654
40060,3907,0.16508381068706512
40070,3908,0.03132898733019829
40080,3909,0.05407493934035301
40090,3910,0.18880563974380493
40100,3911,0.2550164759159088
40110,3912,0.048705026507377625
40120,3913,0.03235073387622833
40130,3914,0.13407108187675476
40140,3915,0.24828803539276123
40150,3916,0.09506271779537201
40160,3917,0.012627744115889072
40170,3918,0.45747143030166626
40180,3919,0.09201286733150482
40190,3920,0.10166043043136597
40200,3921,0.08241860568523407
40210,3922,0.06341628730297089
40220,3923,0.04123886674642563
40230,3924,0.07590673118829727
40240,3925,0.12024269253015518
40250,3926,0.10477679967880249
40260,3927,0.010113363154232502
40270,3928,0.017216335982084274
40280,3929,0.04327508062124252
40290,3930,0.04202178865671158
40300,3931,0.039343349635601044
40310,3932,0.009655085392296314
40320,3933,0.036395113915205
40330,3934,0.021920839324593544
40340,3935,0.035714615136384964
40350,3936,0.020861033350229263
40360,3937,0.09686142206192017
40370,3938,0.2367383986711502
40380,3939,0.0506448857486248
40390,3940,0.002363360021263361
40400,3941,0.007748313248157501
40410,3942,0.022833233699202538
40420,3943,0.011918514035642147
40430,3944,0.015585195273160934
40440,3945,0.020247334614396095
40450,3946,0.006448062602430582
40460,3947,0.006373824551701546
40470,3948,0.032083459198474884
40480,3949,0.007117085158824921
40490,3950,0.0048085711896419525
40500,3951,0.00927944015711546
40510,3952,0.017159588634967804
40520,3953,0.11087250709533691
40530,3954,0.01769285649061203
40540,3955,0.012015248648822308
40550,3956,0.008853667415678501
40560,3957,0.014848995953798294
40570,3958,0.010540101677179337
40580,3959,0.038716331124305725
40590,3960,0.008019731380045414
40600,3961,0.032750628888607025
40610,3962,0.009843510575592518
40620,3963,0.06164637580513954
40630,3964,0.04706563428044319
40640,3965,0.02211364358663559
40650,3966,0.00623303884640336
40660,3967,0.015834365040063858
40670,3968,0.10043808817863464
40680,3969,0.016153639182448387
40690,3970,0.00682176323607564
40700,3971,0.00774281844496727
40710,3972,0.022026224061846733
40720,3973,0.019241953268647194
40730,3974,0.00780883664265275
40740,3975,0.026439638808369637
40750,3976,0.19529344141483307
40760,3977,0.014739113859832287
40770,3978,0.013213428668677807
40780,3979,0.01851881667971611
40790,3980,0.010523400269448757
40800,3981,0.011805741116404533
40810,3982,0.0060080233961343765
40820,3983,0.4326727092266083
40830,3984,0.005346087738871574
40840,3985,0.010549355298280716
40850,3986,0.11465836316347122
40860,3987,0.027780532836914062
40870,3988,0.012465257197618484
40880,3989,0.006725237239152193
40890,3990,0.016305524855852127
40900,3991,0.04058557376265526
40910,3992,0.012817155569791794
40920,3993,0.026734143495559692
40930,3994,0.006147830747067928
40940,3995,0.01740487664937973
40950,3996,0.061352118849754333
40960,3997,0.006352943368256092
40970,3998,0.04074886813759804
40980,3999,0.023421335965394974
40990,4000,0.005243232473731041
41000,4001,0.04053190350532532
41010,4002,0.5107789635658264
41020,4003,0.14963030815124512
41030,4004,0.038776516914367676
41040,4005,0.1521666795015335
41050,4006,0.28204718232154846
41060,4007,0.20210283994674683
41070,4008,0.060547757893800735
41080,4009,0.019415460526943207
41090,4010,0.18959157168865204
41100,4011,0.17731279134750366
41110,4012,0.1640799343585968
41120,4013,0.45136508345603943
41130,4014,0.07092233747243881
41140,4015,0.082197405397892
41150,4016,0.08201167732477188
41160,4017,0.047880902886390686
41170,4018,0.05843738093972206
41180,4019,0.02038918063044548
41190,4020,0.05195292457938194
41200,4021,0.056106869131326675
41210,4022,0.0397433340549469
41220,4023,0.008923530578613281
41230,4024,0.020584845915436745
41240,4025,0.035875461995601654
41250,4026,0.025811413303017616
41260,4027,0.039183590561151505
41270,4028,0.04614103212952614
41280,4029,0.026631735265254974
41290,4030,0.01614559441804886
41300,4031,0.160771906375885
41310,4032,0.0523376539349556
41320,4033,0.013428328558802605
41330,4034,0.04916321113705635
41340,4035,0.046539146453142166
41350,4036,0.01767794042825699
41360,4037,0.01820025034248829
41370,4038,0.044353216886520386
41380,4039,0.005920469760894775
41390,4040,0.021224770694971085
41400,4041,0.189000204205513
41410,4042,0.025257974863052368
41420,4043,0.018042486160993576
41430,4044,0.02493062987923622
41440,4045,0.012229489162564278
41450,4046,0.02826536074280739
41460,4047,0.030243486166000366
41470,4048,0.0048825666308403015
41480,4049,0.009061099030077457
41490,4050,0.4011046588420868
41500,4051,0.010660526342689991
41510,4052,0.04159873351454735
41520,4053,0.008049494586884975
41530,4054,0.011485631577670574
41540,4055,0.05084228515625
41550,4056,0.018306581303477287
41560,4057,0.007784451823681593
41570,4058,0.011966115795075893
41580,4059,0.021788321435451508
41590,4060,0.015494869090616703
41600,4061,0.01448374055325985
41610,4062,0.01385456882417202
41620,4063,0.03285038471221924
41630,4064,0.008645696565508842
41640,4065,0.01273201685398817
41650,4066,0.010386415757238865
41660,4067,0.3076890707015991
41670,4068,0.015236018225550652
41680,4069,0.013296328485012054
41690,4070,0.01715165004134178
41700,4071,0.013954203575849533
41710,4072,0.012093046680092812
41720,4073,0.03310404345393181
41730,4074,0.01158926822245121
41740,4075,0.018744975328445435
41750,4076,0.05687092989683151
41760,4077,0.013388478197157383
41770,4078,0.04230546951293945
41780,4079,0.017923586070537567
41790,4080,0.013370338827371597
41800,4081,0.022806519642472267
41810,4082,0.004191499203443527
41820,4083,0.0074733770452439785
41830,4084,0.019172970205545425
41840,4085,0.026940790936350822
41850,4086,0.010714881122112274
41860,4087,0.0097269956022501
41870,4088,0.006593041587620974
41880,4089,0.08118551224470139
41890,4090,0.01574069820344448
41900,4091,0.009752252139151096
41910,4092,0.01779094710946083
41920,4093,0.044135212898254395
41930,4094,0.004086018074303865
41940,4095,0.01388806663453579
41950,4096,0.04203395918011665
41960,4097,0.010123013518750668
41970,4098,0.0062418547458946705
41980,4099,0.018726086243987083
41990,4100,0.0068694353103637695
42000,4101,0.009556220844388008
42010,4102,0.462865948677063
42020,4103,0.14735624194145203
42030,4104,0.01905788667500019
42040,4105,0.2655014991760254
42050,4106,0.3890913724899292
42060,4107,0.2055952250957489
42070,4108,0.06688490509986877
42080,4109,0.08047981560230255
42090,4110,0.2407608926296234
42100,4111,0.20324037969112396
42110,4112,0.07525987923145294
42120,4113,0.018744954839348793
42130,4114,0.08444427698850632
42140,4115,0.24071115255355835
42150,4116,0.0662936419248581
42160,4117,0.04312888905405998
42170,4118,0.04736819490790367
42180,4119,0.1102529838681221
42190,4120,0.1319229006767273
42200,4121,0.012835109606385231
42210,4122,0.21392111480236053
42220,4123,0.030307747423648834
42230,4124,0.04511084780097008
42240,4125,0.023453503847122192
42250,4126,0.33683502674102783
42260,4127,0.07401195168495178
42270,4128,0.04246112331748009
42280,4129,0.022231413051486015
42290,4130,0.02378152124583721
42300,4131,0.023607032373547554
42310,4132,0.09308424592018127
42320,4133,0.022899536415934563
42330,4134,0.028506336733698845
42340,4135,0.06453128904104233
42350,4136,0.020738858729600906
42360,4137,4.1576972007751465
42370,4138,0.055632274597883224
42380,4139,0.0364406555891037
42390,4140,0.19751952588558197
42400,4141,0.028658626601099968
42410,4142,0.037974413484334946
42420,4143,0.05509220436215401
42430,4144,0.07284785062074661
42440,4145,0.021598828956484795
42450,4146,0.02715974487364292
42460,4147,0.06964486837387085
42470,4148,0.17764535546302795
42480,4149,0.07330624759197235
42490,4150,0.04881158471107483
42500,4151,0.2317396104335785
42510,4152,0.04168802127242088
42520,4153,0.031254205852746964
42530,4154,0.03283622860908508
42540,4155,0.013299195095896721
42550,4156,0.01898401416838169
42560,4157,0.15372560918331146
42570,4158,0.08046895265579224
42580,4159,0.01251946296542883
42590,4160,0.03673790767788887
42600,4161,0.3748556971549988
42610,4162,0.08447913080453873
42620,4163,0.09788143634796143
42630,4164,0.035449229180812836
42640,4165,0.030987713485956192
42650,4166,0.0261449683457613
42660,4167,0.023592155426740646
42670,4168,0.02278909459710121
42680,4169,0.022222395986318588
42690,4170,0.06162256747484207
42700,4171,0.06292149424552917
42710,4172,0.03970840573310852
42720,4173,0.011450612917542458
42730,4174,0.026547936722636223
42740,4175,0.04367922991514206
42750,4176,0.042448773980140686
42760,4177,0.04651184007525444
42770,4178,0.022073082625865936
42780,4179,0.020181363448500633
42790,4180,0.029671313241124153
42800,4181,0.013061575591564178
42810,4182,0.028825540095567703
42820,4183,0.01997413858771324
42830,4184,0.04881228506565094
42840,4185,0.02406376227736473
42850,4186,0.012106439098715782
42860,4187,0.02466977946460247
42870,4188,0.0175975002348423
42880,4189,0.041598159819841385
42890,4190,0.00868980959057808
42900,4191,0.00858654361218214
42910,4192,0.009408840909600258
42920,4193,0.04640105366706848
42930,4194,0.004008096642792225
42940,4195,0.0031814691610634327
42950,4196,0.017434166744351387
42960,4197,0.024226080626249313
42970,4198,0.00602747080847621
42980,4199,0.0690796971321106
42990,4200,0.022023880854249
43000,4201,0.09287844598293304
43010,4202,0.4923868179321289
43020,4203,0.17624817788600922
43030,4204,0.08623203635215759
43040,4205,0.17380113899707794
43050,4206,0.3606034517288208
43060,4207,0.2616225481033325
43070,4208,0.02964692749083042
43080,4209,0.10862968116998672
43090,4210,0.18700429797172546
43100,4211,0.21358232200145721
43110,4212,0.07395211607217789
43120,4213,0.3904690742492676
43130,4214,0.055746838450431824
43140,4215,0.11741560697555542
43150,4216,0.14529819786548615
43160,4217,0.048618800938129425
43170,4218,0.021057892590761185
43180,4219,0.07663115113973618
43190,4220,0.1349317878484726
43200,4221,0.031074926257133484
43210,4222,0.011442299000918865
43220,4223,0.044532813131809235
43230,4224,0.06909587234258652
43240,4225,0.04911162704229355
43250,4226,0.019083790481090546
43260,4227,0.025301571935415268
43270,4228,0.05813520401716232
43280,4229,0.04776252433657646
43290,4230,0.024357585236430168
43300,4231,0.04612235352396965
43310,4232,0.03983670473098755
43320,4233,0.04002182558178902
43330,4234,0.01583338901400566
43340,4235,0.00855091493576765
43350,4236,0.14351679384708405
43360,4237,0.052751574665308
43370,4238,0.05120524391531944
43380,4239,0.02053089067339897
43390,4240,0.016803598031401634
43400,4241,0.012756191194057465
43410,4242,0.013017280027270317
43420,4243,0.013649421744048595
43430,4244,0.2584244906902313
43440,4245,0.08970990777015686
43450,4246,0.07510346174240112
43460,4247,0.0683877095580101
43470,4248,0.016812145709991455
43480,4249,0.06413665413856506
43490,4250,0.09701243788003922
43500,4251,0.04769807681441307
43510,4252,0.01016974076628685
43520,4253,0.01469888910651207
43530,4254,0.02017219364643097
43540,4255,0.005651415791362524
43550,4256,0.02098884992301464
43560,4257,0.0601310059428215
43570,4258,0.005738013423979282
43580,4259,0.008750081062316895
43590,4260,0.07397472113370895
43600,4261,0.034718628972768784
43610,4262,0.20288638770580292
43620,4263,0.032679807394742966
43630,4264,0.005794677883386612
43640,4265,0.01438539195805788
43650,4266,0.01388581097126007
43660,4267,0.12967093288898468
43670,4268,0.028128856793045998
43680,4269,0.0411551371216774
43690,4270,0.07438765466213226
43700,4271,0.014045380055904388
43710,4272,0.01562650315463543
43720,4273,0.06360180675983429
43730,4274,0.017698753625154495
43740,4275,0.009381916373968124
43750,4276,0.04902443662285805
43760,4277,0.12414944171905518
43770,4278,0.12754525244235992
43780,4279,0.16053326427936554
43790,4280,0.03121640905737877
43800,4281,0.05587637424468994
43810,4282,0.04455216974020004
43820,4283,0.07410267740488052
43830,4284,0.03842087835073471
43840,4285,0.07286810129880905
43850,4286,0.14455021917819977
43860,4287,0.042847633361816406
43870,4288,0.18320588767528534
43880,4289,0.06830213963985443
43890,4290,0.012263471260666847
43900,4291,0.0614190548658371
43910,4292,0.030632326379418373
43920,4293,0.027949616312980652
43930,4294,0.08073853701353073
43940,4295,0.018981559202075005
43950,4296,0.03821628540754318
43960,4297,0.033390823751688004
43970,4298,0.03067859448492527
43980,4299,0.2724112272262573
43990,4300,0.05876360833644867
44000,4301,0.011205806396901608
44010,4302,0.48718732595443726
44020,4303,0.16101044416427612
44030,4304,0.39175912737846375
44040,4305,0.14737628400325775
44050,4306,0.29925286769866943
44060,4307,0.08378738909959793
44070,4308,0.1523209661245346
44080,4309,0.06346595287322998
44090,4310,0.08326119929552078
44100,4311,0.12299469858407974
44110,4312,0.03652319684624672
44120,4313,0.08736171573400497
44130,4314,0.12490981817245483
44140,4315,0.20162171125411987
44150,4316,0.19728940725326538
44160,4317,0.02944144792854786
44170,4318,0.18011856079101562
44180,4319,0.04808313027024269
44190,4320,0.033210642635822296
44200,4321,0.01997372694313526
44210,4322,0.015966227278113365
44220,4323,0.025918200612068176
44230,4324,0.05817097797989845
44240,4325,0.03659295663237572
44250,4326,0.04406193643808365
44260,4327,5.795938491821289
44270,4328,0.039899230003356934
44280,4329,0.029748978093266487
44290,4330,0.08584225177764893
44300,4331,0.14421892166137695
44310,4332,0.17987103760242462
44320,4333,0.042912743985652924
44330,4334,0.10146798938512802
44340,4335,0.15156342089176178
44350,4336,0.10350531339645386
44360,4337,0.08854920417070389
44370,4338,0.08238361775875092
44380,4339,0.0503980852663517
44390,4340,0.12305188179016113
44400,4341,0.08388660848140717
44410,4342,0.05186832323670387
44420,4343,0.19189289212226868
44430,4344,0.140359029173851
44440,4345,0.16650918126106262
44450,4346,0.12449575960636139
44460,4347,0.02742321789264679
44470,4348,0.07616576552391052
44480,4349,0.01947903446853161
44490,4350,0.033821284770965576
44500,4351,0.019513268023729324
44510,4352,0.03260734677314758
44520,4353,0.041763029992580414
44530,4354,0.10466528683900833
44540,4355,0.02865859493613243
44550,4356,0.027548206970095634
44560,4357,0.03089888021349907
44570,4358,0.018443819135427475
44580,4359,0.16487756371498108
44590,4360,0.021649518981575966
44600,4361,0.01833253540098667
44610,4362,0.04327460750937462
44620,4363,0.029958263039588928
44630,4364,0.036489687860012054
44640,4365,0.016905682161450386
44650,4366,0.02160685509443283
44660,4367,0.03066672757267952
44670,4368,0.03778175264596939
44680,4369,0.034171219915151596
44690,4370,0.04897815361618996
44700,4371,0.012442248873412609
44710,4372,0.01981993578374386
44720,4373,0.03507072106003761
44730,4374,0.028293415904045105
44740,4375,0.048343852162361145
44750,4376,0.01363674271851778
44760,4377,0.021844135597348213
44770,4378,0.02263673208653927
44780,4379,0.05279691889882088
44790,4380,0.020789779722690582
44800,4381,0.043265681713819504
44810,4382,0.022149715572595596
44820,4383,0.016641035676002502
44830,4384,0.032744791358709335
44840,4385,0.015270723029971123
44850,4386,0.047558024525642395
44860,4387,0.010025741532444954
44870,4388,0.009151941165328026
44880,4389,0.04528472200036049
44890,4390,0.006977506913244724
44900,4391,0.012613991275429726
44910,4392,0.05768299475312233
44920,4393,0.10627485066652298
44930,4394,0.011055177077651024
44940,4395,0.026718448847532272
44950,4396,0.028886469081044197
44960,4397,0.006856605876237154
44970,4398,0.010769025422632694
44980,4399,0.020140377804636955
44990,4400,0.034568723291158676
45000,4401,0.06624004989862442
45010,4402,0.48755943775177
45020,4403,0.18244841694831848
45030,4404,0.009021331556141376
45040,4405,0.18800891935825348
45050,4406,0.32221585512161255
45060,4407,0.16297002136707306
45070,4408,0.05663914233446121
45080,4409,0.10123737901449203
45090,4410,0.1388120800256729
45100,4411,0.14470639824867249
45110,4412,0.098700612783432
45120,4413,0.13226476311683655
45130,4414,0.059482771903276443
45140,4415,0.038715098053216934
45150,4416,0.06463179737329483
45160,4417,0.021123334765434265
45170,4418,0.033052507787942886
45180,4419,0.024674424901604652
45190,4420,0.1905706375837326
45200,4421,0.03582564368844032
45210,4422,0.0163962971419096
45220,4423,0.030887695029377937
45230,4424,0.00865381769835949
45240,4425,0.017694907262921333
45250,4426,0.15713872015476227
45260,4427,0.037245869636535645
45270,4428,0.017198309302330017
45280,4429,0.0518316887319088
45290,4430,0.1278686225414276
45300,4431,0.0608057864010334
45310,4432,0.07796427607536316
45320,4433,0.0410357229411602
45330,4434,0.01806936040520668
45340,4435,0.07616236060857773
45350,4436,0.09157920628786087
45360,4437,0.02368679642677307
45370,4438,0.03267019987106323
45380,4439,0.1571931093931198
45390,4440,0.04005666822195053
45400,4441,0.03613419085741043
45410,4442,0.02278485894203186
45420,4443,0.01767028495669365
45430,4444,0.027511725202202797
45440,4445,0.049438685178756714
45450,4446,0.012235084548592567
45460,4447,0.08052746951580048
45470,4448,0.044294387102127075
45480,4449,0.0073867314495146275
45490,4450,0.03607553988695145
45500,4451,0.017926573753356934
45510,4452,0.037743959575891495
45520,4453,0.05804514139890671
45530,4454,0.013639751821756363
45540,4455,0.03127646446228027
45550,4456,0.0695437490940094
45560,4457,0.01100856065750122
45570,4458,0.07900942116975784
45580,4459,0.19372312724590302
45590,4460,0.10551182925701141
45600,4461,0.025734389200806618
45610,4462,0.08274459838867188
45620,4463,0.05497490242123604
45630,4464,0.03483978286385536
45640,4465,0.06668896228075027
45650,4466,0.15506485104560852
45660,4467,0.04242114722728729
45670,4468,0.03138361871242523
45680,4469,0.06858421117067337
45690,4470,0.1491292268037796
45700,4471,0.07253939658403397
45710,4472,0.025619981810450554
45720,4473,0.02545125223696232
45730,4474,0.06746864318847656
45740,4475,0.09614033252000809
45750,4476,0.015479126945137978
45760,4477,0.030227936804294586
45770,4478,0.06538768857717514
45780,4479,0.06504744291305542
45790,4480,0.038284458220005035
45800,4481,0.03844301402568817
45810,4482,0.05271894112229347
45820,4483,0.1349475085735321
45830,4484,0.034757886081933975
45840,4485,0.01740376092493534
45850,4486,0.24843718111515045
45860,4487,0.04523696377873421
45870,4488,0.022369123995304108
45880,4489,0.008490144275128841
45890,4490,0.029433738440275192
45900,4491,0.021599365398287773
45910,4492,0.019220631569623947
45920,4493,0.07120884209871292
45930,4494,0.01915520802140236
45940,4495,0.023817582055926323
45950,4496,0.02709306590259075
45960,4497,0.03652887046337128
45970,4498,0.020627610385417938
45980,4499,0.031428076326847076
45990,4500,0.05259750038385391
46000,4501,0.05125536397099495
46010,4502,0.5303575992584229
46020,4503,0.24785639345645905
46030,4504,0.05514075607061386
46040,4505,0.2100335657596588
46050,4506,0.33693546056747437
46060,4507,0.22604212164878845
46070,4508,0.09788428246974945
46080,4509,0.06551017612218857
46090,4510,0.20024843513965607
46100,4511,0.25586217641830444
46110,4512,0.14027664065361023
46120,4513,0.006711091846227646
46130,4514,0.12220343202352524
46140,4515,0.19340303540229797
46150,4516,0.33792996406555176
46160,4517,0.05280335992574692
46170,4518,0.04970137029886246
46180,4519,0.14857812225818634
46190,4520,0.133559450507164
46200,4521,0.07735396921634674
46210,4522,0.09744787961244583
46220,4523,0.10856911540031433
46230,4524,0.12396316975355148
46240,4525,2.832873821258545
46250,4526,0.02440693974494934
46260,4527,0.167082279920578
46270,4528,0.14769451320171356
46280,4529,0.035876043140888214
46290,4530,0.07642205059528351
46300,4531,0.05718834698200226
46310,4532,0.13367299735546112
46320,4533,0.04889288172125816
46330,4534,0.0347195565700531
46340,4535,0.05383286997675896
46350,4536,0.09483838081359863
46360,4537,0.20019640028476715
46370,4538,0.1302017867565155
46380,4539,0.03139285743236542
46390,4540,0.2536976933479309
46400,4541,0.0640195906162262
46410,4542,0.15831974148750305
46420,4543,0.06512095779180527
46430,4544,0.11936257034540176
46440,4545,0.16183079779148102
46450,4546,0.11033795028924942
46460,4547,0.04426402971148491
46470,4548,0.35766977071762085
46480,4549,0.035534098744392395
46490,4550,0.06026391685009003
46500,4551,0.055298492312431335
46510,4552,0.04760390520095825
46520,4553,0.20805040001869202
46530,4554,0.02023070864379406
46540,4555,0.06157897412776947
46550,4556,0.22666171193122864
46560,4557,0.03096557781100273
46570,4558,0.11531274765729904
46580,4559,0.07166354358196259
46590,4560,0.24357636272907257
46600,4561,0.02461199089884758
46610,4562,0.0802174061536789
46620,4563,0.24223506450653076
46630,4564,0.03635883331298828
46640,4565,0.09577701985836029
46650,4566,0.15879055857658386
46660,4567,0.11747115105390549
46670,4568,0.08043141663074493
46680,4569,0.4811592400074005
46690,4570,0.0769333764910698
46700,4571,0.0806824341416359
46710,4572,0.06929029524326324
46720,4573,0.04995809867978096
46730,4574,0.2530275881290436
46740,4575,0.06268597394227982
46750,4576,0.035586997866630554
46760,4577,0.050147153437137604
46770,4578,0.10153716057538986
46780,4579,0.06943760812282562
46790,4580,0.06772429496049881
46800,4581,0.03894571587443352
46810,4582,0.04248737543821335
46820,4583,0.02165091782808304
46830,4584,0.06428416073322296
46840,4585,0.01137685589492321
46850,4586,0.03982982039451599
46860,4587,0.09108051657676697
46870,4588,0.050239596515893936
46880,4589,0.149386927485466
46890,4590,0.08594228327274323
46900,4591,0.06617897003889084
46910,4592,0.25214719772338867
46920,4593,0.03693753108382225
46930,4594,0.20666316151618958
46940,4595,0.16380859911441803
46950,4596,0.10625090450048447
46960,4597,0.13456358015537262
46970,4598,0.04154735803604126
46980,4599,0.08516411483287811
46990,4600,0.06226591020822525
47000,4601,1.5874532461166382
47010,4602,0.3633687198162079
47020,4603,0.24794144928455353
47030,4604,0.15545786917209625
47040,4605,0.2204226553440094
47050,4606,0.2630518674850464
47060,4607,0.1900603175163269
47070,4608,0.04727597162127495
47080,4609,0.06003473699092865
47090,4610,0.21130554378032684
47100,4611,0.16400213539600372
47110,4612,0.07698053121566772
47120,4613,0.05602271854877472
47130,4614,0.09610344469547272
47140,4615,0.18974830210208893
47150,4616,0.19460590183734894
47160,4617,1.0576657056808472
47170,4618,0.11546535044908524
47180,4619,0.13242433965206146
47190,4620,0.4464187026023865
47200,4621,0.07166001945734024
47210,4622,0.05977337062358856
47220,4623,0.40863582491874695
47230,4624,0.17617341876029968
47240,4625,0.1787954419851303
47250,4626,0.5280120968818665
47260,4627,0.18977731466293335
47270,4628,0.20582570135593414
47280,4629,0.16717207431793213
47290,4630,0.12488483637571335
47300,4631,0.12663701176643372
47310,4632,0.10601251572370529
47320,4633,0.2025592029094696
47330,4634,0.37978506088256836
47340,4635,0.07877356559038162
47350,4636,0.17580658197402954
47360,4637,0.23269400000572205
47370,4638,0.2566450536251068
47380,4639,0.15539009869098663
47390,4640,0.06997299194335938
47400,4641,0.12899601459503174
47410,4642,0.051146700978279114
47420,4643,0.08435013890266418
47430,4644,0.014737047255039215
47440,4645,0.045917611569166183
47450,4646,0.11520937830209732
47460,4647,0.05073806643486023
47470,4648,0.11567779630422592
47480,4649,0.1398269236087799
47490,4650,0.11083102971315384
47500,4651,0.04345408082008362
47510,4652,0.17766813933849335
47520,4653,0.13182221353054047
47530,4654,0.009399996139109135
47540,4655,0.06479720771312714
47550,4656,0.08352532237768173
47560,4657,0.06632062047719955
47570,4658,0.02328605391085148
47580,4659,0.09748826175928116
47590,4660,0.038689106702804565
47600,4661,0.06384293735027313
47610,4662,0.33057889342308044
47620,4663,0.1675454080104828
47630,4664,0.053403340280056
47640,4665,0.04436193034052849
47650,4666,0.08388720452785492
47660,4667,0.11838008463382721
47670,4668,4.365017890930176
47680,4669,0.06711854040622711
47690,4670,0.04982193559408188
47700,4671,0.05708266422152519
47710,4672,0.03315257281064987
47720,4673,0.09473264217376709
47730,4674,0.14523018896579742
47740,4675,0.26871147751808167
47750,4676,0.24277055263519287
47760,4677,0.21821792423725128
47770,4678,0.2611924111843109
47780,4679,0.15716448426246643
47790,4680,0.05361834913492203
47800,4681,0.3305739164352417
47810,4682,0.053054068237543106
47820,4683,0.15146729350090027
47830,4684,0.12409280240535736
47840,4685,0.4026798605918884
47850,4686,0.06422869861125946
47860,4687,0.03767344728112221
47870,4688,0.1801968216896057
47880,4689,0.11210860311985016
47890,4690,0.20752649009227753
47900,4691,0.10852950811386108
47910,4692,0.121405690908432
47920,4693,0.1365353912115097
47930,4694,0.14815843105316162
47940,4695,0.038499776273965836
47950,4696,0.09605154395103455
47960,4697,0.03885844349861145
47970,4698,0.6715994477272034
47980,4699,0.05528148263692856
47990,4700,0.03824276849627495
48000,4701,0.024608556181192398
48010,4702,0.4688474237918854
48020,4703,0.11457187682390213
48030,4704,0.030348218977451324
48040,4705,0.10348854959011078
48050,4706,0.19186244904994965
48060,4707,0.18036296963691711
48070,4708,0.11120644211769104
48080,4709,0.12840776145458221
48090,4710,0.1264565885066986
48100,4711,0.14526966214179993
48110,4712,0.07139535248279572
48120,4713,0.07558697462081909
48130,4714,0.17343154549598694
48140,4715,0.18728166818618774
48150,4716,0.5555054545402527
48160,4717,1.2187457084655762
48170,4718,0.12930315732955933
48180,4719,7.8790459632873535
48190,4720,0.12675297260284424
48200,4721,0.0402585044503212
48210,4722,0.0799008309841156
48220,4723,0.1816590130329132
48230,4724,0.23353458940982819
48240,4725,0.17408129572868347
48250,4726,0.1894253045320511
48260,4727,0.24623727798461914
48270,4728,0.2974351644515991
48280,4729,0.05553075298666954
48290,4730,0.6538309454917908
48300,4731,0.23546457290649414
48310,4732,0.05526845157146454
48320,4733,0.22466686367988586
48330,4734,0.11461878567934036
48340,4735,0.07179952412843704
48350,4736,0.1790376901626587
48360,4737,0.14997170865535736
48370,4738,0.4284496307373047
48380,4739,0.10350429266691208
48390,4740,0.19516777992248535
48400,4741,0.1511777639389038
48410,4742,0.24409432709217072
48420,4743,0.44972798228263855
48430,4744,0.05407274141907692
48440,4745,0.021303001791238785
48450,4746,0.15129750967025757
48460,4747,0.11197000741958618
48470,4748,0.04514007642865181
48480,4749,0.04635853320360184
48490,4750,0.06750766932964325
48500,4751,0.32477593421936035
48510,4752,0.03116822987794876
48520,4753,0.06957483291625977
48530,4754,0.11541210114955902
48540,4755,0.08612985163927078
48550,4756,0.16510622203350067
48560,4757,0.03236020356416702
48570,4758,0.11444158107042313
48580,4759,0.0834507867693901
48590,4760,0.14113199710845947
48600,4761,0.15069633722305298
48610,4762,0.06748456507921219
48620,4763,0.10681015253067017
48630,4764,0.07945434004068375
48640,4765,0.15953309834003448
48650,4766,0.08823594450950623
48660,4767,0.07372665405273438
48670,4768,0.04573091119527817
48680,4769,6.257508754730225
48690,4770,0.35016924142837524
48700,4771,0.06127890199422836
48710,4772,0.045649148523807526
48720,4773,0.14824652671813965
48730,4774,0.15299497544765472
48740,4775,0.07661250978708267
48750,4776,0.4363059103488922
48760,4777,0.04721364378929138
48770,4778,0.05518830567598343
48780,4779,0.08908858895301819
48790,4780,0.18075281381607056
48800,4781,0.8050273060798645
48810,4782,0.150300070643425
48820,4783,0.07780265063047409
48830,4784,0.20726343989372253
48840,4785,0.676664412021637
48850,4786,0.2605469226837158
48860,4787,0.31226372718811035
48870,4788,0.2047778069972992
48880,4789,0.08905374258756638
48890,4790,0.3463132977485657
48900,4791,0.13089698553085327
48910,4792,0.8821460604667664
48920,4793,0.14007040858268738
48930,4794,0.10955767333507538
48940,4795,0.19442059099674225
48950,4796,0.10594695061445236
48960,4797,10.46842098236084
48970,4798,0.22587838768959045
48980,4799,0.24673917889595032
48990,4800,0.21511344611644745
49000,4801,5.213861465454102
49010,4802,0.6391764879226685
49020,4803,0.16524793207645416
49030,4804,0.19689390063285828
49040,4805,0.5977861285209656
49050,4806,0.9362778067588806
49060,4807,0.15691423416137695
49070,4808,0.4390130937099457
49080,4809,0.2864890396595001
49090,4810,0.355852872133255
49100,4811,0.6945471167564392
49110,4812,0.15013162791728973
49120,4813,0.06843341141939163
49130,4814,0.20730671286582947
49140,4815,0.061468303203582764
49150,4816,0.7053149342536926
49160,4817,0.1103399321436882
49170,4818,0.15818215906620026
49180,4819,0.2875440716743469
49190,4820,0.0701870545744896
49200,4821,0.06367558985948563
49210,4822,0.02797756902873516
49220,4823,0.15235021710395813
49230,4824,0.2779112756252289
49240,4825,0.4464656412601471
49250,4826,0.24530261754989624
49260,4827,0.1130373552441597
49270,4828,0.36414456367492676
49280,4829,0.38581547141075134
49290,4830,0.055412039160728455
49300,4831,0.15111792087554932
49310,4832,0.12799835205078125
49320,4833,0.1137789636850357
49330,4834,0.16161057353019714
49340,4835,0.18806256353855133
49350,4836,0.08545465767383575
49360,4837,0.08679290115833282
49370,4838,0.06668336689472198
49380,4839,0.16905775666236877
49390,4840,0.10148456692695618
49400,4841,0.09716185927391052
49410,4842,0.7299328446388245
49420,4843,0.27557432651519775
49430,4844,0.38479185104370117
49440,4845,0.0574251152575016
49450,4846,0.10802633315324783
49460,4847,0.13223886489868164
49470,4848,0.1269574761390686
49480,4849,0.12386562675237656
49490,4850,0.08643901348114014
49500,4851,0.11940788477659225
49510,4852,0.13007129728794098
49520,4853,0.13528020679950714
49530,4854,0.03735651448369026
49540,4855,0.1151280626654625
49550,4856,0.11791104078292847
49560,4857,0.14005081355571747
49570,4858,0.12931843101978302
49580,4859,0.04773423448204994
49590,4860,0.0950663685798645
49600,4861,0.14164209365844727
49610,4862,0.19365118443965912
49620,4863,0.09990646690130234
49630,4864,0.03959586098790169
49640,4865,0.05894230678677559
49650,4866,0.14017067849636078
49660,4867,0.20811082422733307
49670,4868,0.09607785940170288
49680,4869,0.07025966048240662
49690,4870,0.09395155310630798
49700,4871,0.20139937102794647
49710,4872,0.041487667709589005
49720,4873,0.05140441656112671
49730,4874,0.02999746799468994
49740,4875,0.1671520173549652
49750,4876,0.22865819931030273
49760,4877,0.043308284133672714
49770,4878,0.028766345232725143
49780,4879,0.1561422348022461
49790,4880,0.06880804896354675
49800,4881,0.11621763557195663
49810,4882,0.035437680780887604
49820,4883,0.0268329419195652
49830,4884,0.048939723521471024
49840,4885,0.08011016994714737
49850,4886,0.08413348346948624
49860,4887,0.07649986445903778
49870,4888,0.6889681220054626
49880,4889,0.01733952760696411
49890,4890,0.06505394726991653
49900,4891,0.20210061967372894
49910,4892,0.14601857960224152
49920,4893,0.08488499373197556
49930,4894,0.05767803639173508
49940,4895,0.2681567072868347
49950,4896,0.04773181304335594
49960,4897,0.06305881589651108
49970,4898,0.0901683121919632
49980,4899,0.08646692335605621
49990,4900,0.11528488248586655
50000,4901,0.07308405637741089
50010,4902,5.124563217163086
50020,4903,0.2587052881717682
50030,4904,0.23565468192100525
50040,4905,4.00687837600708
50050,4906,0.33038461208343506
50060,4907,0.24382053315639496
50070,4908,0.17280970513820648
50080,4909,0.4027940332889557
50090,4910,0.6618747115135193
50100,4911,0.2804535925388336
50110,4912,0.41405773162841797
50120,4913,0.5296688079833984
50130,4914,0.08576314896345139
50140,4915,0.46715888381004333
50150,4916,0.7719959616661072
50160,4917,0.15295182168483734
50170,4918,0.11881443858146667
50180,4919,0.15181538462638855
50190,4920,0.12176679819822311
50200,4921,0.155970960855484
50210,4922,0.29825207591056824
50220,4923,0.1648750752210617
50230,4924,0.27703964710235596
50240,4925,0.16452006995677948
50250,4926,0.0665523111820221
50260,4927,0.10683473944664001
50270,4928,0.14155389368534088
50280,4929,0.19005924463272095
50290,4930,0.1542315036058426
50300,4931,0.13442294299602509
50310,4932,0.13107351958751678
50320,4933,1.8800325393676758
50330,4934,0.2458675503730774
50340,4935,0.04799655079841614
50350,4936,0.05823102965950966
50360,4937,0.22040487825870514
50370,4938,0.21734079718589783
50380,4939,0.1274394989013672
50390,4940,0.1329476237297058
50400,4941,0.13803528249263763
50410,4942,0.062487903982400894
50420,4943,0.28304362297058105
50430,4944,0.07586464285850525
50440,4945,0.3430962860584259
50450,4946,0.15864704549312592
50460,4947,0.12592151761054993
50470,4948,0.21184086799621582
50480,4949,0.9696668982505798
50490,4950,0.10430549085140228
50500,4951,0.27849751710891724
50510,4952,0.0751093178987503
50520,4953,0.06787697970867157
50530,4954,0.7411648631095886
50540,4955,0.0504947304725647
50550,4956,0.09826786816120148
50560,4957,0.1610867828130722
50570,4958,0.12991176545619965
50580,4959,0.18843820691108704
50590,4960,0.16139039397239685
50600,4961,0.1600494235754013
50610,4962,0.12801872193813324
50620,4963,0.6227301359176636
50630,4964,0.1160598024725914
50640,4965,0.07086208462715149
50650,4966,0.17926593124866486
50660,4967,0.0438978411257267
50670,4968,0.12154559046030045
50680,4969,0.06278128921985626
50690,4970,0.05533824861049652
50700,4971,0.09597966820001602
50710,4972,0.10454553365707397
50720,4973,0.12033087760210037
50730,4974,0.11093516647815704
50740,4975,0.29518890380859375
50750,4976,0.545214831829071
50760,4977,0.07817526161670685
50770,4978,0.12374316900968552
50780,4979,0.03537271171808243
50790,4980,0.049118828028440475
50800,4981,0.09253060072660446
50810,4982,0.12620314955711365
50820,4983,0.11256249994039536
50830,4984,0.1433715522289276
50840,4985,0.1551855504512787
50850,4986,0.18689869344234467
50860,4987,0.06736345589160919
50870,4988,0.059957001358270645
50880,4989,0.08024480193853378
50890,4990,0.05217418447136879
50900,4991,8.264601707458496
50910,4992,0.14763890206813812
50920,4993,0.10937117785215378
50930,4994,0.0834466964006424
50940,4995,0.07203252613544464
50950,4996,0.08829133957624435
50960,4997,0.27641546726226807
50970,4998,0.3814842700958252
50980,4999,0.09076888114213943
50990,5000,0.25969454646110535
51000,5001,0.056004274636507034
51010,5002,0.451848566532135
51020,5003,0.11197233200073242
51030,5004,0.1297038495540619
51040,5005,0.13771089911460876
51050,5006,0.23548533022403717
51060,5007,0.1597709208726883
51070,5008,0.06415225565433502
51080,5009,0.11262521147727966
51090,5010,0.5399794578552246
51100,5011,0.5402278900146484
51110,5012,0.8565545082092285
51120,5013,0.21711128950119019
51130,5014,0.2399488091468811
51140,5015,0.17689529061317444
51150,5016,0.10933560132980347
51160,5017,0.06728555262088776
51170,5018,0.1028120219707489
51180,5019,0.11907203495502472
51190,5020,0.10207796096801758
51200,5021,0.05936168134212494
51210,5022,0.07740772515535355
51220,5023,0.11605166643857956
51230,5024,0.05046209692955017
51240,5025,0.07549906522035599
51250,5026,0.12077628076076508
51260,5027,0.11446188390254974
51270,5028,3.4861557483673096
51280,5029,0.0562281534075737
51290,5030,0.049414753913879395
51300,5031,0.14867335557937622
51310,5032,0.24709045886993408
51320,5033,0.08041031658649445
51330,5034,0.20566564798355103
51340,5035,0.296237051486969
51350,5036,1.0283726453781128
51360,5037,0.0869998186826706
51370,5038,0.2896648347377777
51380,5039,0.06702394783496857
51390,5040,0.04378452152013779
51400,5041,0.15026958286762238
51410,5042,0.22898605465888977
51420,5043,0.061945393681526184
51430,5044,0.10220498591661453
51440,5045,0.041964516043663025
51450,5046,0.04505962133407593
51460,5047,0.03128159046173096
51470,5048,0.03841528296470642
51480,5049,0.21303533017635345
51490,5050,0.0860728845000267
51500,5051,0.08273238688707352
51510,5052,0.11973995715379715
51520,5053,0.018384171649813652
51530,5054,0.04684871435165405
51540,5055,0.37813717126846313
51550,5056,0.11415204405784607
51560,5057,0.12499284744262695
51570,5058,0.04208545386791229
51580,5059,0.12142107635736465
51590,5060,0.1335621178150177
51600,5061,4.472282886505127
51610,5062,0.8245724439620972
51620,5063,0.10232844948768616
51630,5064,0.1937141716480255
51640,5065,0.10422056913375854
51650,5066,0.05771574750542641
51660,5067,0.03626753389835358
51670,5068,0.11152767390012741
51680,5069,0.09008724987506866
51690,5070,0.1019556075334549
51700,5071,0.051707249134778976
51710,5072,0.03880865126848221
51720,5073,0.057311221957206726
51730,5074,0.32373344898223877
51740,5075,0.12427017092704773
51750,5076,0.02684466727077961
51760,5077,0.3961956799030304
51770,5078,0.24947988986968994
51780,5079,0.11842527240514755
51790,5080,0.314208447933197
51800,5081,0.06026529148221016
51810,5082,0.1493929773569107
51820,5083,0.11504989862442017
51830,5084,0.027538741007447243
51840,5085,0.15611307322978973
51850,5086,0.07866737991571426
51860,5087,0.7843033671379089
51870,5088,0.022930148988962173
51880,5089,1.0178366899490356
51890,5090,0.11343872547149658
51900,5091,0.05921799689531326
51910,5092,0.08655250817537308
51920,5093,0.8599336743354797
51930,5094,0.08722090721130371
51940,5095,0.17200779914855957
51950,5096,0.06771840155124664
51960,5097,0.18236044049263
51970,5098,0.04721958935260773
51980,5099,0.07343225926160812
51990,5100,0.3173866868019104
52000,5101,0.048413023352622986
52010,5102,0.5064026117324829
52020,5103,0.313610315322876
52030,5104,0.16668757796287537
52040,5105,0.10390815883874893
52050,5106,0.29904744029045105
52060,5107,0.28201204538345337
52070,5108,0.12972398102283478
52080,5109,0.2118249237537384
52090,5110,0.0648600310087204
52100,5111,0.059350110590457916
52110,5112,0.2214365303516388
52120,5113,0.13046936690807343
52130,5114,0.10815364122390747
52140,5115,0.12469188868999481
52150,5116,0.09998047351837158
52160,5117,0.09747172892093658
52170,5118,0.06991993635892868
52180,5119,0.18945883214473724
52190,5120,0.062284864485263824
52200,5121,0.11375334858894348
52210,5122,0.04280896112322807
52220,5123,0.2235720157623291
52230,5124,13.112222671508789
52240,5125,0.0991583913564682
52250,5126,0.5406711101531982
52260,5127,0.07607371360063553
52270,5128,0.16248077154159546
52280,5129,0.44587981700897217
52290,5130,1.2594611644744873
52300,5131,0.3273661732673645
52310,5132,0.1452740579843521
52320,5133,0.3650156855583191
52330,5134,0.7937400937080383
52340,5135,0.32207512855529785
52350,5136,0.22303467988967896
52360,5137,0.6180611252784729
52370,5138,0.678800106048584
52380,5139,0.3398202359676361
52390,5140,0.07519333809614182
52400,5141,0.2682993710041046
52410,5142,0.09277841448783875
52420,5143,9.15987491607666
52430,5144,0.23848262429237366
52440,5145,0.1227799579501152
52450,5146,0.340877503156662
52460,5147,0.4070133566856384
52470,5148,0.35454946756362915
52480,5149,0.17261415719985962
52490,5150,0.1714332103729248
52500,5151,0.22445839643478394
52510,5152,0.08262360095977783
52520,5153,0.4005221426486969
52530,5154,0.13404273986816406
52540,5155,0.1319054365158081
52550,5156,0.10338414460420609
52560,5157,0.13366782665252686
52570,5158,0.10032304376363754
52580,5159,0.2797071933746338
52590,5160,0.14807599782943726
52600,5161,0.13127216696739197
52610,5162,0.12807437777519226
52620,5163,6.605093479156494
52630,5164,0.22333453595638275
52640,5165,0.1524353325366974
52650,5166,0.14376430213451385
52660,5167,0.05030246824026108
52670,5168,0.6992969512939453
52680,5169,0.037062134593725204
52690,5170,0.037284109741449356
52700,5171,0.06403351575136185
52710,5172,0.3007768988609314
52720,5173,0.11534044146537781
52730,5174,0.7550880312919617
52740,5175,0.036142218858003616
52750,5176,0.06614649295806885
52760,5177,0.0715760886669159
52770,5178,0.1201772540807724
52780,5179,7.336953163146973
52790,5180,0.37248435616493225
52800,5181,0.1747833788394928
52810,5182,0.08291561901569366
52820,5183,0.11133325845003128
52830,5184,0.2703019380569458
52840,5185,0.3172908425331116
52850,5186,0.27149009704589844
52860,5187,0.21763978898525238
52870,5188,0.14391979575157166
52880,5189,0.26377248764038086
52890,5190,0.08721926808357239
52900,5191,0.0707627460360527
52910,5192,0.10767939686775208
52920,5193,0.09764202684164047
52930,5194,0.09446948021650314
52940,5195,4.10186243057251
52950,5196,0.2663523256778717
52960,5197,0.1989630162715912
52970,5198,0.08557915687561035
52980,5199,0.04100193828344345
52990,5200,0.11624237895011902
53000,5201,0.41052955389022827
53010,5202,0.3991308808326721
53020,5203,0.3095777928829193
53030,5204,0.13415947556495667
53040,5205,0.2845390737056732
53050,5206,0.553620457649231
53060,5207,0.14538070559501648
53070,5208,0.16343265771865845
53080,5209,0.11164668947458267
53090,5210,0.214516282081604
53100,5211,6.4898362159729
53110,5212,0.5847979187965393
53120,5213,0.4902815520763397
53130,5214,0.2367251217365265
53140,5215,0.2870398163795471
53150,5216,0.1022089421749115
53160,5217,0.5184035897254944
53170,5218,0.1738882213830948
53180,5219,0.14970652759075165
53190,5220,0.08156383037567139
53200,5221,0.14953483641147614
53210,5222,0.10477615892887115
53220,5223,0.13364385068416595
53230,5224,0.17218460142612457
53240,5225,0.2273884117603302
53250,5226,0.037320200353860855
53260,5227,0.07467911392450333
53270,5228,0.05150683969259262
53280,5229,1.313069224357605
53290,5230,0.039438314735889435
53300,5231,0.06283377856016159
53310,5232,6.401300430297852
53320,5233,0.20689532160758972
53330,5234,0.14230622351169586
53340,5235,0.2619940936565399
53350,5236,0.06866738945245743
53360,5237,0.27996188402175903
53370,5238,0.2336755096912384
53380,5239,0.11359652876853943
53390,5240,0.9202449321746826
53400,5241,0.18117313086986542
53410,5242,0.3394697904586792
53420,5243,0.1149386614561081
53430,5244,0.17000508308410645
53440,5245,0.16789069771766663
53450,5246,0.03252321481704712
53460,5247,0.09395146369934082
53470,5248,0.3143369257450104
53480,5249,0.22501112520694733
53490,5250,0.23589663207530975
53500,5251,0.10796470195055008
53510,5252,0.18435533344745636
53520,5253,0.1419791579246521
53530,5254,0.07928109169006348
53540,5255,5.649929523468018
53550,5256,0.05081721395254135
53560,5257,0.1726255565881729
53570,5258,0.12032677233219147
53580,5259,0.4717952311038971
53590,5260,0.7592801451683044
53600,5261,0.19483347237110138
53610,5262,0.2087356001138687
53620,5263,0.15021318197250366
53630,5264,0.3828900456428528
53640,5265,0.5217934846878052
53650,5266,0.3093874156475067
53660,5267,0.14052817225456238
53670,5268,0.1211404800415039
53680,5269,0.28158020973205566
53690,5270,0.2805735468864441
53700,5271,0.22452810406684875
53710,5272,0.08911437541246414
53720,5273,0.3394697904586792
53730,5274,5.690740585327148
53740,5275,0.07780627906322479
53750,5276,0.26914408802986145
53760,5277,0.10596882551908493
53770,5278,0.8886599540710449
53780,5279,0.22178815305233002
53790,5280,0.3880980610847473
53800,5281,0.09797743707895279
53810,5282,0.0819430947303772
53820,5283,3.1692817211151123
53830,5284,0.37539491057395935
53840,5285,3.447293519973755
53850,5286,0.038746003061532974
53860,5287,0.507120668888092
53870,5288,0.15334317088127136
53880,5289,0.9178371429443359
53890,5290,8.243592262268066
53900,5291,0.24941766262054443
53910,5292,0.22080373764038086
53920,5293,0.6767364740371704
53930,5294,0.11875532567501068
53940,5295,0.14217659831047058
53950,5296,0.21065977215766907
53960,5297,0.3306080996990204
53970,5298,0.48650962114334106
53980,5299,0.14432241022586823
53990,5300,0.885301411151886
54000,5301,0.16904756426811218
54010,5302,0.5022741556167603
54020,5303,0.4652363061904907
54030,5304,0.09167565405368805
54040,5305,0.5728694796562195
54050,5306,0.32110291719436646
54060,5307,0.14125776290893555
54070,5308,0.2128019779920578
54080,5309,0.26554226875305176
54090,5310,0.26041775941848755
54100,5311,0.3902541697025299
54110,5312,0.3167315423488617
54120,5313,0.5133649706840515
54130,5314,3.638298749923706
54140,5315,0.21980372071266174
54150,5316,0.8003021478652954
54160,5317,0.15911760926246643
54170,5318,0.19442695379257202
54180,5319,0.12507112324237823
54190,5320,0.6826543211936951
54200,5321,0.13822796940803528
54210,5322,0.11438091099262238
54220,5323,0.13103090226650238
54230,5324,0.08357976377010345
54240,5325,0.06339195370674133
54250,5326,0.22278094291687012
54260,5327,4.439990043640137
54270,5328,0.14385996758937836
54280,5329,0.4417422413825989
54290,5330,0.2548685371875763
54300,5331,0.09452611207962036
54310,5332,0.18167594075202942
54320,5333,0.6796164512634277
54330,5334,0.4463346600532532
54340,5335,0.06695538014173508
54350,5336,0.10401517152786255
54360,5337,0.4686717092990875
54370,5338,0.685606837272644
54380,5339,0.10141105949878693
54390,5340,0.18363671004772186
54400,5341,0.09395793825387955
54410,5342,0.1502954661846161
54420,5343,0.30059629678726196
54430,5344,0.11724984645843506
54440,5345,0.8119227290153503
54450,5346,0.20230312645435333
54460,5347,0.039838604629039764
54470,5348,0.08501134067773819
54480,5349,0.18885502219200134
54490,5350,0.3679024875164032
54500,5351,0.10550741851329803
54510,5352,0.20535746216773987
54520,5353,0.11009001731872559
54530,5354,0.4024834632873535
54540,5355,0.19018769264221191
54550,5356,0.05796870216727257
54560,5357,0.06395135074853897
54570,5358,0.11971984058618546
54580,5359,0.16172362864017487
54590,5360,0.28510695695877075
54600,5361,0.10396647453308105
54610,5362,0.9391926527023315
54620,5363,0.08441869169473648
54630,5364,2.024146795272827
54640,5365,0.11609365046024323
54650,5366,0.15615339577198029
54660,5367,0.07176349312067032
54670,5368,0.7955414056777954
54680,5369,0.05887403339147568
54690,5370,0.509502649307251
54700,5371,0.09249383956193924
54710,5372,0.11248128861188889
54720,5373,0.32274648547172546
54730,5374,1.7518811225891113
54740,5375,0.8735888600349426
54750,5376,0.13797132670879364
54760,5377,0.34137246012687683
54770,5378,0.12547293305397034
54780,5379,0.08879218995571136
54790,5380,0.13531342148780823
54800,5381,0.38544103503227234
54810,5382,0.3233037292957306
54820,5383,0.16334350407123566
54830,5384,0.6733613014221191
54840,5385,0.18679310381412506
54850,5386,0.15651170909404755
54860,5387,0.1063656136393547
54870,5388,0.26244738698005676
54880,5389,0.10562888532876968
54890,5390,0.10502569377422333
54900,5391,0.24252691864967346
54910,5392,1.8513872623443604
54920,5393,0.17654968798160553
54930,5394,0.4487529695034027
54940,5395,0.2673775553703308
54950,5396,0.3130571246147156
54960,5397,0.2598921060562134
54970,5398,0.14975973963737488
54980,5399,0.07128509134054184
54990,5400,0.06639677286148071
55000,5401,0.03487072512507439
55010,5402,0.5052493214607239
55020,5403,0.36862096190452576
55030,5404,0.18407228589057922
55040,5405,0.3266836404800415
55050,5406,1.0194109678268433
55060,5407,0.49244001507759094
55070,5408,0.24731817841529846
55080,5409,0.19458599388599396
55090,5410,0.21125048398971558
55100,5411,0.9183632731437683
55110,5412,0.06731636822223663
55120,5413,0.26993852853775024
55130,5414,0.9313026666641235
55140,5415,0.30564171075820923
55150,5416,0.12794454395771027
55160,5417,0.2484765350818634
55170,5418,0.3305720090866089
55180,5419,0.15715795755386353
55190,5420,1.103661060333252
55200,5421,0.36084839701652527
55210,5422,0.46263375878334045
55220,5423,0.1581185907125473
55230,5424,0.5721690654754639
55240,5425,0.2524661719799042
55250,5426,0.10475503653287888
55260,5427,0.14729546010494232
55270,5428,0.7673394083976746
55280,5429,0.17721332609653473
55290,5430,0.14511626958847046
55300,5431,0.2596812844276428
55310,5432,0.5177115201950073
55320,5433,0.7200118899345398
55330,5434,0.30003058910369873
55340,5435,0.9814462065696716
55350,5436,0.363455206155777
55360,5437,0.15549220144748688
55370,5438,0.7501852512359619
55380,5439,0.24022643268108368
55390,5440,0.4234444499015808
55400,5441,1.1147379875183105
55410,5442,0.2591003477573395
55420,5443,0.16338056325912476
55430,5444,0.12656235694885254
55440,5445,0.2933858335018158
55450,5446,0.048975620418787
55460,5447,0.18922120332717896
55470,5448,0.11214610934257507
55480,5449,0.16237185895442963
55490,5450,0.49474555253982544
55500,5451,0.20546382665634155
55510,5452,0.08748139441013336
55520,5453,0.11285437643527985
55530,5454,0.19182978570461273
55540,5455,0.6604087948799133
55550,5456,0.11362046003341675
55560,5457,0.10856327414512634
55570,5458,0.09679370373487473
55580,5459,0.2587253451347351
55590,5460,0.7312195301055908
55600,5461,0.3406878709793091
55610,5462,0.17212854325771332
55620,5463,0.4675441086292267
55630,5464,0.2177773267030716
55640,5465,0.2770257890224457
55650,5466,0.17955413460731506
55660,5467,0.049104828387498856
55670,5468,0.06531146168708801
55680,5469,0.630304753780365
55690,5470,0.12249349057674408
55700,5471,0.3406614661216736
55710,5472,0.3203750252723694
55720,5473,0.21344886720180511
55730,5474,0.07442806661128998
55740,5475,0.10538722574710846
55750,5476,1.2897030115127563
55760,5477,0.13476508855819702
55770,5478,0.2319115251302719
55780,5479,0.16033653914928436
55790,5480,0.1910710483789444
55800,5481,0.12310338020324707
55810,5482,0.24115405976772308
55820,5483,0.1922302544116974
55830,5484,0.052387066185474396
55840,5485,0.3284763991832733
55850,5486,0.05987602472305298
55860,5487,0.4627656936645508
55870,5488,0.4183594286441803
55880,5489,0.47316041588783264
55890,5490,0.2163834422826767
55900,5491,0.2949810028076172
55910,5492,0.16221612691879272
55920,5493,0.4119677245616913
55930,5494,0.16820818185806274
55940,5495,0.20692682266235352
55950,5496,0.5152438282966614
55960,5497,0.1346653252840042
55970,5498,0.25150880217552185
55980,5499,0.18009129166603088
55990,5500,0.11847928166389465
56000,5501,0.1055939644575119
56010,5502,0.7144484519958496
56020,5503,0.33647269010543823
56030,5504,0.7195042967796326
56040,5505,0.160249724984169
56050,5506,0.8877475261688232
56060,5507,1.3838860988616943
56070,5508,0.22818352282047272
56080,5509,0.30926162004470825
56090,5510,0.23201653361320496
56100,5511,0.6389458179473877
56110,5512,0.337081640958786
56120,5513,0.15882249176502228
56130,5514,0.2263661026954651
56140,5515,0.2977752685546875
56150,5516,0.42355144023895264
56160,5517,0.13105207681655884
56170,5518,0.162037193775177
56180,5519,0.6664355397224426
56190,5520,0.923225462436676
56200,5521,0.13883209228515625
56210,5522,0.6981226205825806
56220,5523,0.4524346590042114
56230,5524,0.5568650960922241
56240,5525,0.23498067259788513
56250,5526,0.5909162163734436
56260,5527,0.24221451580524445
56270,5528,0.24784182012081146
56280,5529,0.43769124150276184
56290,5530,0.18006841838359833
56300,5531,0.35048341751098633
56310,5532,0.21656417846679688
56320,5533,0.22011706233024597
56330,5534,0.2658960223197937
56340,5535,0.5078462958335876
56350,5536,0.3594163954257965
56360,5537,0.569411039352417
56370,5538,0.20214541256427765
56380,5539,0.18969647586345673
56390,5540,0.7087759375572205
56400,5541,0.19569715857505798
56410,5542,0.31218865513801575
56420,5543,0.18964409828186035
56430,5544,0.26222899556159973
56440,5545,0.07267895340919495
56450,5546,0.2523733973503113
56460,5547,0.5481069684028625
56470,5548,0.6226046681404114
56480,5549,0.8390544056892395
56490,5550,0.5499269366264343
56500,5551,0.3486902117729187
56510,5552,3.479996681213379
56520,5553,0.2476189136505127
56530,5554,0.12927688658237457
56540,5555,0.19108280539512634
56550,5556,0.18543840944766998
56560,5557,0.20586711168289185
56570,5558,0.13249346613883972
56580,5559,2.440329074859619
56590,5560,0.2415623962879181
56600,5561,0.4110473096370697
56610,5562,0.5443745255470276
56620,5563,0.3184712529182434
56630,5564,0.48227745294570923
56640,5565,0.3039957582950592
56650,5566,0.7528045773506165
56660,5567,0.2831127345561981
56670,5568,0.6596183776855469
56680,5569,0.2441292256116867
56690,5570,0.6513038277626038
56700,5571,0.21758024394512177
56710,5572,0.18715442717075348
56720,5573,0.18621717393398285
56730,5574,0.7253535985946655
56740,5575,0.3869481682777405
56750,5576,0.6838964223861694
56760,5577,0.37564927339553833
56770,5578,0.5903418064117432
56780,5579,0.21780596673488617
56790,5580,0.4755100607872009
56800,5581,0.4358759820461273
56810,5582,0.15778841078281403
56820,5583,0.5822705626487732
56830,5584,0.1455473154783249
56840,5585,0.4910310208797455
56850,5586,0.17323514819145203
56860,5587,0.5191674828529358
56870,5588,0.20782886445522308
56880,5589,0.2390451282262802
56890,5590,0.2860456705093384
56900,5591,0.23783613741397858
56910,5592,0.1963539570569992
56920,5593,0.2082609236240387
56930,5594,0.14554345607757568
56940,5595,0.1877192109823227
56950,5596,0.42129993438720703
56960,5597,0.19632628560066223
56970,5598,1.420135736465454
56980,5599,0.09447792172431946
56990,5600,0.14876356720924377
57000,5601,0.21639716625213623
57010,5602,0.46051689982414246
57020,5603,1.0715101957321167
57030,5604,0.22240833938121796
57040,5605,3.518721342086792
57050,5606,0.5425509810447693
57060,5607,0.5704540610313416
57070,5608,0.7802009582519531
57080,5609,0.4347487986087799
57090,5610,1.1442416906356812
57100,5611,2.795631170272827
57110,5612,0.6143930554389954
57120,5613,0.20078451931476593
57130,5614,0.34021005034446716
57140,5615,0.502883791923523
57150,5616,0.15689432621002197
57160,5617,0.2724161446094513
57170,5618,0.488730251789093
57180,5619,0.6584168076515198
57190,5620,0.3253715932369232
57200,5621,0.31712979078292847
57210,5622,0.4595351219177246
57220,5623,0.25499510765075684
57230,5624,0.20654483139514923
57240,5625,0.5965033173561096
57250,5626,0.2653903365135193
57260,5627,0.38532155752182007
57270,5628,0.3328595757484436
57280,5629,0.20621836185455322
57290,5630,0.09997235983610153
57300,5631,0.18497121334075928
57310,5632,0.19362492859363556
57320,5633,0.24277564883232117
57330,5634,0.2255466729402542
57340,5635,0.15089476108551025
57350,5636,0.1941983997821808
57360,5637,1.157294750213623
57370,5638,0.17574985325336456
57380,5639,0.21930266916751862
57390,5640,0.16983817517757416
57400,5641,0.17052201926708221
57410,5642,0.36150336265563965
57420,5643,0.15999872982501984
57430,5644,0.07973365485668182
57440,5645,0.7492681741714478
57450,5646,0.09515988081693649
57460,5647,0.44483596086502075
57470,5648,0.21234045922756195
57480,5649,0.0901024118065834
57490,5650,0.2957468032836914
57500,5651,0.13594719767570496
57510,5652,0.48008063435554504
57520,5653,1.0845376253128052
57530,5654,0.1898965835571289
57540,5655,0.23756639659404755
57550,5656,0.4265567660331726
57560,5657,0.13377566635608673
57570,5658,0.23996436595916748
57580,5659,0.14001056551933289
57590,5660,0.32197773456573486
57600,5661,0.13791267573833466
57610,5662,0.1257631480693817
57620,5663,0.38426917791366577
57630,5664,0.32423126697540283
57640,5665,0.4746866226196289
57650,5666,0.14910903573036194
57660,5667,0.18411362171173096
57670,5668,0.32204005122184753
57680,5669,0.5317159295082092
57690,5670,0.2694965600967407
57700,5671,2.270808696746826
57710,5672,0.23326408863067627
57720,5673,0.4019913077354431
57730,5674,0.9811797738075256
57740,5675,0.2227054238319397
57750,5676,0.4412321448326111
57760,5677,0.3001621663570404
57770,5678,0.2760416567325592
57780,5679,0.19685973227024078
57790,5680,0.48985740542411804
57800,5681,0.16970103979110718
57810,5682,0.23997929692268372
57820,5683,0.14436514675617218
57830,5684,0.11865741014480591
57840,5685,0.027536163106560707
57850,5686,0.3018151819705963
57860,5687,0.1512569636106491
57870,5688,0.390438437461853
57880,5689,0.08684363961219788
57890,5690,0.09359263628721237
57900,5691,0.1265493482351303
57910,5692,0.31282705068588257
57920,5693,0.06133771315217018
57930,5694,0.21617533266544342
57940,5695,0.1039653867483139
57950,5696,0.11428103595972061
57960,5697,0.10607646405696869
57970,5698,0.2690504193305969
57980,5699,0.10318920016288757
57990,5700,0.07126264274120331
58000,5701,0.09961070120334625
58010,5702,0.495974063873291
58020,5703,0.3406051993370056
58030,5704,0.2536585032939911
58040,5705,0.2151949554681778
58050,5706,0.5819540619850159
58060,5707,0.34408286213874817
58070,5708,0.3037770390510559
58080,5709,0.5543901920318604
58090,5710,0.20259734988212585
58100,5711,0.28354185819625854
58110,5712,0.29044973850250244
58120,5713,0.07301553338766098
58130,5714,0.10919017344713211
58140,5715,0.3088069260120392
58150,5716,0.24897350370883942
58160,5717,0.18757373094558716
58170,5718,0.1435859203338623
58180,5719,0.40215858817100525
58190,5720,0.6104391813278198
58200,5721,0.18636837601661682
58210,5722,0.14030754566192627
58220,5723,0.11212991178035736
58230,5724,0.10068456083536148
58240,5725,0.3368273973464966
58250,5726,0.11091886460781097
58260,5727,0.35593587160110474
58270,5728,0.4037698805332184
58280,5729,0.14965121448040009
58290,5730,0.2697545886039734
58300,5731,0.15623633563518524
58310,5732,0.10071364045143127
58320,5733,0.35392075777053833
58330,5734,0.20555953681468964
58340,5735,0.10591096431016922
58350,5736,0.10500776767730713
58360,5737,0.21485814452171326
58370,5738,0.06054189056158066
58380,5739,0.6481198668479919
58390,5740,0.3414302170276642
58400,5741,0.37800025939941406
58410,5742,0.10198411345481873
58420,5743,0.6967682838439941
58430,5744,0.24688898026943207
58440,5745,0.11180511116981506
58450,5746,1.0802240371704102
58460,5747,1.0056171417236328
58470,5748,0.07392609864473343
58480,5749,0.3224745988845825
58490,5750,0.28024789690971375
58500,5751,0.09566087275743484
58510,5752,0.3111836910247803
58520,5753,0.2168552577495575
58530,5754,0.16776108741760254
58540,5755,0.11861389875411987
58550,5756,1.8100230693817139
58560,5757,0.15892884135246277
58570,5758,0.15117023885250092
58580,5759,0.4242711365222931
58590,5760,0.09310304373502731
58600,5761,0.10490790754556656
58610,5762,0.18399858474731445
58620,5763,0.08852022886276245
58630,5764,0.4945010542869568
58640,5765,0.1843561828136444
58650,5766,0.17280475795269012
58660,5767,0.29225391149520874
58670,5768,0.08074012398719788
58680,5769,0.2514408230781555
58690,5770,0.38802337646484375
58700,5771,0.12212791293859482
58710,5772,0.5891115069389343
58720,5773,0.10605625808238983
58730,5774,0.15940870344638824
58740,5775,0.16762112081050873
58750,5776,0.2672121226787567
58760,5777,0.14469969272613525
58770,5778,0.1321718394756317
58780,5779,0.06907036900520325
58790,5780,0.12225712835788727
58800,5781,0.0525330975651741
58810,5782,0.28512296080589294
58820,5783,0.43774157762527466
58830,5784,0.19112545251846313
58840,5785,0.1164916455745697
58850,5786,0.11960854381322861
58860,5787,0.09294796735048294
58870,5788,0.5759872794151306
58880,5789,0.14851641654968262
58890,5790,0.04451598972082138
58900,5791,0.11733930557966232
58910,5792,0.10717158019542694
58920,5793,0.21181006729602814
58930,5794,0.6789011359214783
58940,5795,0.20124951004981995
58950,5796,0.22156192362308502
58960,5797,0.49916425347328186
58970,5798,0.16848649084568024
58980,5799,0.5781079530715942
58990,5800,0.042278140783309937
59000,5801,0.09545164555311203
59010,5802,0.5004037618637085
59020,5803,0.1726042926311493
59030,5804,0.08723607659339905
59040,5805,0.13760928809642792
59050,5806,0.17604118585586548
59060,5807,0.28356191515922546
59070,5808,0.16097699105739594
59080,5809,0.21463938057422638
59090,5810,0.215243399143219
59100,5811,0.16186413168907166
59110,5812,0.07917264103889465
59120,5813,0.13302220404148102
59130,5814,0.21901357173919678
59140,5815,5.828131198883057
59150,5816,0.6477347016334534
59160,5817,0.2438639998435974
59170,5818,0.1097896546125412
59180,5819,0.776984691619873
59190,5820,0.5482799410820007
59200,5821,0.1336895078420639
59210,5822,0.1415761411190033
59220,5823,0.13358621299266815
59230,5824,0.27102130651474
59240,5825,0.07730433344841003
59250,5826,14.335271835327148
59260,5827,0.24672262370586395
59270,5828,0.6893584728240967
59280,5829,0.34437885880470276
59290,5830,0.49037009477615356
59300,5831,0.22869594395160675
59310,5832,0.2146390676498413
59320,5833,0.188348650932312
59330,5834,0.42474570870399475
59340,5835,0.45667895674705505
59350,5836,0.21651537716388702
59360,5837,0.37600359320640564
59370,5838,0.4668886065483093
59380,5839,0.2447776049375534
59390,5840,0.5408199429512024
59400,5841,0.2570558190345764
59410,5842,0.1637898087501526
59420,5843,0.6685547828674316
59430,5844,0.5474902987480164
59440,5845,0.33466270565986633
59450,5846,0.29936081171035767
59460,5847,0.08944587409496307
59470,5848,0.24563048779964447
59480,5849,0.3093734383583069
59490,5850,0.23805274069309235
59500,5851,0.39887940883636475
59510,5852,0.08104819804430008
59520,5853,0.25297266244888306
59530,5854,0.5643462538719177
59540,5855,1.018084168434143
59550,5856,0.4067186713218689
59560,5857,0.5142976641654968
59570,5858,0.20947469770908356
59580,5859,0.2883794903755188
59590,5860,0.11414047330617905
59600,5861,0.25989511609077454
59610,5862,0.1703306883573532
59620,5863,0.23098820447921753
59630,5864,0.5903937816619873
59640,5865,0.35461223125457764
59650,5866,0.1185770332813263
59660,5867,0.36920344829559326
59670,5868,0.1037098839879036
59680,5869,0.11245309561491013
59690,5870,0.10499271750450134
59700,5871,0.1110760048031807
59710,5872,0.6087325811386108
59720,5873,0.437188982963562
59730,5874,0.31203728914260864
59740,5875,0.27081772685050964
59750,5876,0.10383503884077072
59760,5877,0.10352955013513565
59770,5878,0.23345093429088593
59780,5879,0.5411803722381592
59790,5880,0.3746306598186493
59800,5881,0.11758456379175186
59810,5882,0.2893005907535553
59820,5883,0.2306482344865799
59830,5884,0.5141028761863708
59840,5885,0.041978154331445694
59850,5886,0.15705633163452148
59860,5887,0.08706808090209961
59870,5888,0.08135613799095154
59880,5889,0.23559623956680298
59890,5890,0.0728880763053894
59900,5891,0.27874115109443665
59910,5892,0.5434756278991699
59920,5893,0.04215196147561073
59930,5894,0.43964648246765137
59940,5895,0.21013158559799194
59950,5896,0.15568794310092926
59960,5897,0.2407669872045517
59970,5898,0.14476710557937622
59980,5899,0.9385743141174316
59990,5900,0.10009642690420151
60000,5901,0.48032450675964355
60010,5902,3.1149303913116455
60020,5903,1.5056935548782349
60030,5904,0.17615222930908203
60040,5905,0.1983702927827835
60050,5906,0.29619982838630676
60060,5907,0.46520012617111206
60070,5908,0.12659980356693268
60080,5909,0.2895229458808899
60090,5910,0.5882384181022644
60100,5911,0.696683406829834
60110,5912,6.7509989738464355
60120,5913,0.65157151222229
60130,5914,0.6902859210968018
60140,5915,0.2637435495853424
60150,5916,0.3715195059776306
60160,5917,0.29253631830215454
60170,5918,0.24385911226272583
60180,5919,0.7422695159912109
60190,5920,0.32996609807014465
60200,5921,0.30818992853164673
60210,5922,0.1359122395515442
60220,5923,0.8159050941467285
60230,5924,0.2852475941181183
60240,5925,0.29373010993003845
60250,5926,0.10642480850219727
60260,5927,0.13573841750621796
60270,5928,0.32789450883865356
60280,5929,0.33325085043907166
60290,5930,0.3731542229652405
60300,5931,0.1998790204524994
60310,5932,0.30246874690055847
60320,5933,0.13266795873641968
60330,5934,0.1934787482023239
60340,5935,0.5425592660903931
60350,5936,0.16330969333648682
60360,5937,0.07682565599679947
60370,5938,0.22641298174858093
60380,5939,0.35132038593292236
60390,5940,0.1506616771221161
60400,5941,0.08294276148080826
60410,5942,1.2766494750976562
60420,5943,0.30936628580093384
60430,5944,0.1471739411354065
60440,5945,0.26831406354904175
60450,5946,0.6008415818214417
60460,5947,0.14366552233695984
60470,5948,0.285087913274765
60480,5949,2.8351588249206543
60490,5950,0.08415296673774719
60500,5951,0.5317574143409729
60510,5952,0.9518729448318481
60520,5953,0.24420404434204102
60530,5954,0.1559602916240692
60540,5955,0.8536094427108765
60550,5956,0.16644379496574402
60560,5957,0.11121496558189392
60570,5958,0.1347440481185913
60580,5959,0.13276945054531097
60590,5960,0.4369065463542938
60600,5961,0.2072441279888153
60610,5962,0.5127031803131104
60620,5963,0.3566332459449768
60630,5964,0.20405806601047516
60640,5965,0.14167095720767975
60650,5966,0.5887337327003479
60660,5967,0.20594967901706696
60670,5968,0.4413156807422638
60680,5969,0.2806539237499237
60690,5970,0.3154106140136719
60700,5971,0.3808709979057312
60710,5972,0.6794440746307373
60720,5973,0.4850161373615265
60730,5974,0.10968482494354248
60740,5975,0.18658415973186493
60750,5976,0.17574003338813782
60760,5977,0.2303716242313385
60770,5978,0.3165886104106903
60780,5979,0.44242075085639954
60790,5980,0.13965320587158203
60800,5981,0.8670940399169922
60810,5982,0.16352316737174988
60820,5983,0.11417841911315918
60830,5984,0.2446564882993698
60840,5985,0.29112640023231506
60850,5986,0.08410210907459259
60860,5987,0.19546650350093842
60870,5988,0.44809260964393616
60880,5989,0.15926507115364075
60890,5990,0.3197254538536072
60900,5991,0.14083819091320038
60910,5992,0.5042646527290344
60920,5993,0.3421223759651184
60930,5994,0.11486509442329407
60940,5995,0.10368760675191879
60950,5996,0.09932909905910492
60960,5997,0.27797386050224304
60970,5998,1.2515861988067627
60980,5999,9.74903678894043
60990,6000,0.10810230672359467
61000,6001,0.16838903725147247
61010,6002,0.2693746089935303
61020,6003,6.3617424964904785
61030,6004,0.38645052909851074
61040,6005,0.3422999978065491
61050,6006,2.478785514831543
61060,6007,0.31976479291915894
61070,6008,0.29730844497680664
61080,6009,0.38073036074638367
61090,6010,0.3270803391933441
61100,6011,1.0246798992156982
61110,6012,0.41716262698173523
61120,6013,2.519662618637085
61130,6014,0.5098928809165955
61140,6015,0.1402200162410736
61150,6016,0.32412928342819214
61160,6017,0.3394744098186493
61170,6018,1.6428062915802002
61180,6019,0.3766602873802185
61190,6020,1.2795956134796143
61200,6021,0.30815964937210083
61210,6022,0.6819148659706116
61220,6023,0.7367238402366638
61230,6024,4.031300067901611
61240,6025,0.7744572758674622
61250,6026,1.3686842918395996
61260,6027,0.2797265350818634
61270,6028,2.7618653774261475
61280,6029,0.20145393908023834
61290,6030,0.7728936076164246
61300,6031,0.45544180274009705
61310,6032,1.8074651956558228
61320,6033,0.277618944644928
61330,6034,1.0170201063156128
61340,6035,0.323550820350647
61350,6036,0.18446390330791473
61360,6037,0.4588066339492798
61370,6038,0.9988367557525635
61380,6039,10.26950454711914
61390,6040,0.17778518795967102
61400,6041,0.40358349680900574
61410,6042,0.9712861776351929
61420,6043,3.487269163131714
61430,6044,0.4252147972583771
61440,6045,0.9513418674468994
61450,6046,0.25166964530944824
61460,6047,0.5884062647819519
61470,6048,0.7057580947875977
61480,6049,0.5723735094070435
61490,6050,0.4584265351295471
61500,6051,1.8886058330535889
61510,6052,0.49652642011642456
61520,6053,1.3346868753433228
61530,6054,0.22398528456687927
61540,6055,1.349268913269043
61550,6056,1.936821460723877
61560,6057,1.848815679550171
61570,6058,0.2442368119955063
61580,6059,1.208776593208313
61590,6060,0.3254856467247009
61600,6061,3.2446954250335693
61610,6062,1.2372740507125854
61620,6063,0.9333459138870239
61630,6064,1.7233905792236328
61640,6065,0.7587121725082397
61650,6066,0.19063600897789001
61660,6067,0.39947426319122314
61670,6068,0.2891150414943695
61680,6069,1.322536826133728
61690,6070,0.6055355072021484
61700,6071,0.8421024084091187
61710,6072,0.8459317684173584
61720,6073,0.5095311999320984
61730,6074,0.7556231617927551
61740,6075,0.06820084899663925
61750,6076,0.21829009056091309
61760,6077,0.4579295217990875
61770,6078,0.2167845517396927
61780,6079,0.14997778832912445
61790,6080,0.1948886513710022
61800,6081,0.3131754994392395
61810,6082,1.0372475385665894
61820,6083,1.4227913618087769
61830,6084,2.5645673274993896
61840,6085,0.48447418212890625
61850,6086,0.1460086554288864
61860,6087,0.18984293937683105
61870,6088,1.368331789970398
61880,6089,0.2909325957298279
61890,6090,0.30503419041633606
61900,6091,0.4273349642753601
61910,6092,0.9046109318733215
61920,6093,0.6380233764648438
61930,6094,0.1608433723449707
61940,6095,0.8093168139457703
61950,6096,0.32693684101104736
61960,6097,0.2944766879081726
61970,6098,0.7029249668121338
61980,6099,0.23379254341125488
61990,6100,0.3395368158817291
62000,6101,0.20705610513687134
62010,6102,0.5265633463859558
62020,6103,0.31943756341934204
62030,6104,1.2733595371246338
62040,6105,1.8333947658538818
62050,6106,0.4465654492378235
62060,6107,0.3713790476322174
62070,6108,0.41693753004074097
62080,6109,0.7305051684379578
62090,6110,0.18021653592586517
62100,6111,0.2568235695362091
62110,6112,0.18782691657543182
62120,6113,0.7680973410606384
62130,6114,0.7577643990516663
62140,6115,1.9765352010726929
62150,6116,0.814012885093689
62160,6117,2.6503663063049316
62170,6118,0.25235074758529663
62180,6119,0.43577009439468384
62190,6120,0.30775925517082214
62200,6121,0.46250882744789124
62210,6122,0.29649150371551514
62220,6123,1.0226606130599976
62230,6124,0.3563939034938812
62240,6125,0.1936415433883667
62250,6126,0.7141009569168091
62260,6127,0.23511116206645966
62270,6128,0.5437204837799072
62280,6129,0.6606156826019287
62290,6130,0.46939393877983093
62300,6131,16.69055938720703
62310,6132,6.496108055114746
62320,6133,0.3765234351158142
62330,6134,0.35343843698501587
62340,6135,0.7495423555374146
62350,6136,0.45721760392189026
62360,6137,0.31632593274116516
62370,6138,0.7370924949645996
62380,6139,0.2900207042694092
62390,6140,2.7837467193603516
62400,6141,1.68348228931427
62410,6142,2.3401381969451904
62420,6143,1.051100254058838
62430,6144,0.33043766021728516
62440,6145,0.8982179164886475
62450,6146,0.5741801261901855
62460,6147,0.6348119378089905
62470,6148,0.908124566078186
62480,6149,2.5062050819396973
62490,6150,5.020664691925049
62500,6151,1.1613414287567139
62510,6152,0.7290930151939392
62520,6153,1.3139513731002808
62530,6154,0.8248132467269897
62540,6155,0.7680323719978333
62550,6156,3.3250372409820557
62560,6157,0.5406821966171265
62570,6158,0.4452556371688843
62580,6159,2.0967535972595215
62590,6160,0.22561560571193695
62600,6161,0.28324466943740845
62610,6162,0.7584656476974487
62620,6163,1.042978286743164
62630,6164,1.6106597185134888
62640,6165,0.5027703642845154
62650,6166,0.20692063868045807
62660,6167,0.18837517499923706
62670,6168,0.5427632331848145
62680,6169,1.49747896194458
62690,6170,3.507002115249634
62700,6171,3.5306806564331055
62710,6172,0.3705073297023773
62720,6173,0.6771758198738098
62730,6174,2.3326010704040527
62740,6175,1.2443488836288452
62750,6176,0.3558167815208435
62760,6177,0.487409770488739
62770,6178,8.556466102600098
62780,6179,0.25999435782432556
62790,6180,0.12048523128032684
62800,6181,1.141366958618164
62810,6182,0.255788654088974
62820,6183,0.9993403553962708
62830,6184,2.2078638076782227
62840,6185,0.395357221364975
62850,6186,2.573498487472534
62860,6187,0.29132574796676636
62870,6188,0.3849252462387085
62880,6189,0.375322163105011
62890,6190,0.34470316767692566
62900,6191,1.4049488306045532
62910,6192,1.1919420957565308
62920,6193,0.9655768275260925
62930,6194,0.1524241715669632
62940,6195,0.9608239531517029
62950,6196,0.21872365474700928
62960,6197,0.6343339085578918
62970,6198,0.29397907853126526
62980,6199,0.26432281732559204
62990,6200,0.5043469071388245
63000,6201,0.9674860239028931
63010,6202,0.3953670263290405
63020,6203,0.5320409536361694
63030,6204,4.285163879394531
63040,6205,1.492687463760376
63050,6206,0.6857303977012634
63060,6207,0.5848370790481567
63070,6208,0.5740933418273926
63080,6209,0.7263578176498413
63090,6210,2.8034732341766357
63100,6211,0.7584741115570068
63110,6212,0.37904027104377747
63120,6213,1.7961848974227905
63130,6214,0.26604869961738586
63140,6215,0.6614681482315063
63150,6216,0.7664478421211243
63160,6217,0.4986790120601654
63170,6218,0.8443942070007324
63180,6219,2.8306736946105957
63190,6220,0.7732061743736267
63200,6221,0.7644665241241455
63210,6222,0.25426965951919556
63220,6223,0.7180315256118774
63230,6224,0.39340996742248535
63240,6225,1.6819846630096436
63250,6226,0.2016519457101822
63260,6227,0.966184139251709
63270,6228,0.3626846373081207
63280,6229,0.6500288248062134
63290,6230,0.24951672554016113
63300,6231,0.6185632944107056
63310,6232,0.49088507890701294
63320,6233,0.41827166080474854
63330,6234,0.2146357297897339
63340,6235,0.6869001984596252
63350,6236,0.18391425907611847
63360,6237,3.3565502166748047
63370,6238,1.731026291847229
63380,6239,1.1939386129379272
63390,6240,0.18101778626441956
63400,6241,1.020172357559204
63410,6242,0.5442319512367249
63420,6243,1.216984510421753
63430,6244,0.8362637758255005
63440,6245,0.7010862231254578
63450,6246,1.1645312309265137
63460,6247,1.093519926071167
63470,6248,0.7201868891716003
63480,6249,1.6948513984680176
63490,6250,1.346303105354309
63500,6251,1.1604973077774048
63510,6252,3.909323215484619
63520,6253,1.2594704627990723
63530,6254,0.4854294955730438
63540,6255,0.4354512095451355
63550,6256,0.8269020915031433
63560,6257,0.21837283670902252
63570,6258,0.8411868810653687
63580,6259,1.1477364301681519
63590,6260,2.0367064476013184
63600,6261,15.654010772705078
63610,6262,0.724857747554779
63620,6263,0.3514939844608307
63630,6264,0.9100911617279053
63640,6265,0.32808253169059753
63650,6266,1.2131844758987427
63660,6267,4.55239200592041
63670,6268,0.31658288836479187
63680,6269,0.670188844203949
63690,6270,0.29904651641845703
63700,6271,0.2838842272758484
63710,6272,0.3800712525844574
63720,6273,1.2475082874298096
63730,6274,0.3845922350883484
63740,6275,0.3237049877643585
63750,6276,0.48312580585479736
63760,6277,0.6689146161079407
63770,6278,1.8953183889389038
63780,6279,0.6522588133811951
63790,6280,5.7343902587890625
63800,6281,0.486041784286499
63810,6282,0.7665852308273315
63820,6283,0.19661997258663177
63830,6284,0.7297025918960571
63840,6285,0.4842439591884613
63850,6286,0.8793094754219055
63860,6287,0.9531981945037842
63870,6288,0.48696643114089966
63880,6289,0.6140099763870239
63890,6290,0.4818810522556305
63900,6291,1.347309947013855
63910,6292,1.7938443422317505
63920,6293,0.8390834927558899
63930,6294,0.2730599641799927
63940,6295,0.569713830947876
63950,6296,0.18097354471683502
63960,6297,0.7847955226898193
63970,6298,0.6792758703231812
63980,6299,0.6193873286247253
63990,6300,0.8331074714660645
64000,6301,0.3306586742401123
64010,6302,0.39764508605003357
64020,6303,0.7413812279701233
64030,6304,0.2711769640445709
64040,6305,1.0577051639556885
64050,6306,0.4252772927284241
64060,6307,4.1564040184021
64070,6308,0.8069654107093811
64080,6309,1.7570527791976929
64090,6310,0.6992297172546387
64100,6311,1.0298585891723633
64110,6312,5.342866897583008
64120,6313,0.29817646741867065
64130,6314,0.319145143032074
64140,6315,1.5395007133483887
64150,6316,0.5730387568473816
64160,6317,1.1758685111999512
64170,6318,0.448638916015625
64180,6319,0.7684516906738281
64190,6320,0.22637349367141724
64200,6321,0.3288435935974121
64210,6322,0.7086043357849121
64220,6323,0.41004693508148193
64230,6324,0.8424502611160278
64240,6325,0.8970250487327576
64250,6326,0.13486112654209137
64260,6327,0.8370420336723328
64270,6328,0.39843490719795227
64280,6329,0.28788623213768005
64290,6330,0.5102961659431458
64300,6331,0.2730350196361542
64310,6332,1.0245002508163452
64320,6333,1.5142452716827393
64330,6334,0.2932645380496979
64340,6335,0.5622307062149048
64350,6336,0.2669845223426819
64360,6337,0.25800958275794983
64370,6338,0.3723505437374115
64380,6339,1.8242582082748413
64390,6340,0.29568758606910706
64400,6341,0.8214066028594971
64410,6342,0.332441121339798
64420,6343,0.2743493616580963
64430,6344,0.22640222311019897
64440,6345,0.5200175642967224
64450,6346,0.2342880517244339
64460,6347,0.20399430394172668
64470,6348,0.2684030830860138
64480,6349,0.46731996536254883
64490,6350,0.9715384840965271
64500,6351,0.6943890452384949
64510,6352,0.5147770047187805
64520,6353,0.8715112209320068
64530,6354,3.0558481216430664
64540,6355,0.6435965299606323
64550,6356,0.639962911605835
64560,6357,0.5456268191337585
64570,6358,0.23955471813678741
64580,6359,0.7397878170013428
64590,6360,0.5121108293533325
64600,6361,0.9221329689025879
64610,6362,0.1740146279335022
64620,6363,0.22570282220840454
64630,6364,0.6682966351509094
64640,6365,1.6383033990859985
64650,6366,0.3495425879955292
64660,6367,0.4999541640281677
64670,6368,0.21540451049804688
64680,6369,0.9123040437698364
64690,6370,1.1253700256347656
64700,6371,1.352604627609253
64710,6372,1.5416314601898193
64720,6373,0.4313734173774719
64730,6374,0.3696661591529846
64740,6375,5.403166770935059
64750,6376,0.3710034191608429
64760,6377,0.24712252616882324
64770,6378,0.8095076084136963
64780,6379,9.40578556060791
64790,6380,0.3421846032142639
64800,6381,12.839471817016602
64810,6382,0.36765366792678833
64820,6383,0.716885507106781
64830,6384,0.6047435402870178
64840,6385,0.9528513550758362
64850,6386,0.4500952363014221
64860,6387,2.0669615268707275
64870,6388,0.2112405151128769
64880,6389,0.23270776867866516
64890,6390,0.5486171841621399
64900,6391,0.933868408203125
64910,6392,0.5007710456848145
64920,6393,0.4383373260498047
64930,6394,0.8748013973236084
64940,6395,0.14292636513710022
64950,6396,0.41203439235687256
64960,6397,0.28022661805152893
64970,6398,0.5439772605895996
64980,6399,0.44696328043937683
64990,6400,0.5746670961380005
65000,6401,0.7393229603767395
65010,6402,0.37581852078437805
65020,6403,0.6421164274215698
65030,6404,0.8669759035110474
65040,6405,1.5006564855575562
65050,6406,1.37690007686615
65060,6407,0.5048072338104248
65070,6408,0.8886760473251343
65080,6409,1.032126784324646
65090,6410,10.160472869873047
65100,6411,1.3140203952789307
65110,6412,0.9540001749992371
65120,6413,0.48231640458106995
65130,6414,1.147868037223816
65140,6415,0.6369257569313049
65150,6416,0.5054646730422974
65160,6417,0.8980482816696167
65170,6418,0.9547320604324341
65180,6419,0.7424347400665283
65190,6420,0.727521538734436
65200,6421,0.5642661452293396
65210,6422,1.0399600267410278
65220,6423,0.434320330619812
65230,6424,4.089940547943115
65240,6425,1.1113810539245605
65250,6426,0.2530360519886017
65260,6427,0.3755520284175873
65270,6428,0.63209068775177
65280,6429,0.8827753663063049
65290,6430,0.6220005750656128
65300,6431,0.3558899760246277
65310,6432,0.7700716853141785
65320,6433,0.20244187116622925
65330,6434,0.37183648347854614
65340,6435,0.5536406636238098
65350,6436,0.5907222032546997
65360,6437,2.181464672088623
65370,6438,1.9158992767333984
65380,6439,10.815460205078125
65390,6440,0.5710407495498657
65400,6441,0.6949515342712402
65410,6442,1.301565170288086
65420,6443,0.4424486458301544
65430,6444,0.7398711442947388
65440,6445,1.0526745319366455
65450,6446,0.9965628385543823
65460,6447,0.575768768787384
65470,6448,0.9722529053688049
65480,6449,0.5278409719467163
65490,6450,1.2895699739456177
65500,6451,1.0962281227111816
65510,6452,3.091667413711548
65520,6453,1.0218226909637451
65530,6454,0.4925244450569153
65540,6455,1.6009042263031006
65550,6456,0.770135223865509
65560,6457,0.31240609288215637
65570,6458,0.638098418712616
65580,6459,0.8748778104782104
65590,6460,0.5404244661331177
65600,6461,0.5252536535263062
65610,6462,0.79007887840271
65620,6463,0.5237869024276733
65630,6464,0.30873799324035645
65640,6465,0.7945329546928406
65650,6466,0.2911834716796875
65660,6467,0.9770929217338562
65670,6468,0.6707250475883484
65680,6469,0.379684716463089
65690,6470,1.2674180269241333
65700,6471,0.4656572639942169
65710,6472,1.59873366355896
65720,6473,0.14567822217941284
65730,6474,0.5396922826766968
65740,6475,1.2968088388442993
65750,6476,0.5589059591293335
65760,6477,0.8853341341018677
65770,6478,0.39077338576316833
65780,6479,11.236422538757324
65790,6480,0.30871817469596863
65800,6481,0.6828718185424805
65810,6482,0.17578116059303284
65820,6483,0.574927031993866
65830,6484,0.29778245091438293
65840,6485,0.8313208818435669
65850,6486,0.5705368518829346
65860,6487,0.5106551051139832
65870,6488,0.7988758683204651
65880,6489,0.5376634001731873
65890,6490,0.43870729207992554
65900,6491,0.45531412959098816
65910,6492,0.6331859827041626
65920,6493,0.7586877346038818
65930,6494,4.596510410308838
65940,6495,9.602325439453125
65950,6496,1.2320125102996826
65960,6497,6.6768388748168945
65970,6498,0.34843677282333374
65980,6499,0.7548243999481201
65990,6500,0.5708332061767578
66000,6501,1.9691884517669678
66010,6502,1.1168231964111328
66020,6503,0.5367799997329712
66030,6504,0.37682247161865234
66040,6505,0.7749865055084229
66050,6506,0.7793378233909607
66060,6507,1.8361387252807617
66070,6508,1.0432926416397095
66080,6509,0.8142839670181274
66090,6510,0.5179686546325684
66100,6511,1.5358479022979736
66110,6512,0.34227922558784485
66120,6513,0.5272307991981506
66130,6514,0.8774265646934509
66140,6515,0.8233453631401062
66150,6516,0.538882851600647
66160,6517,1.4052934646606445
66170,6518,0.4364670515060425
66180,6519,0.571784496307373
66190,6520,19.648080825805664
66200,6521,0.5992259383201599
66210,6522,4.815097332000732
66220,6523,0.9830089211463928
66230,6524,6.825932025909424
66240,6525,0.8922554850578308
66250,6526,0.5939356684684753
66260,6527,1.0014264583587646
66270,6528,1.7525224685668945
66280,6529,0.5923067331314087
66290,6530,2.40932035446167
66300,6531,0.3477734625339508
66310,6532,0.4701196551322937
66320,6533,0.4653962254524231
66330,6534,0.9400366544723511
66340,6535,0.22345171868801117
66350,6536,5.279188632965088
66360,6537,0.4846339821815491
66370,6538,0.7447556853294373
66380,6539,0.5513961315155029
66390,6540,0.28008952736854553
66400,6541,1.7437646389007568
66410,6542,0.4671715497970581
66420,6543,4.150601863861084
66430,6544,1.2664613723754883
66440,6545,1.4673690795898438
66450,6546,1.5994329452514648
66460,6547,0.643101155757904
66470,6548,0.28435319662094116
66480,6549,0.387861430644989
66490,6550,1.2546706199645996
66500,6551,7.067479610443115
66510,6552,0.47346678376197815
66520,6553,0.6981915235519409
66530,6554,0.9059680700302124
66540,6555,1.8128881454467773
66550,6556,5.179584980010986
66560,6557,0.5758862495422363
66570,6558,0.9029827117919922
66580,6559,1.2330864667892456
66590,6560,0.5457594990730286
66600,6561,1.1771291494369507
66610,6562,0.12959542870521545
66620,6563,1.6194753646850586
66630,6564,1.9403072595596313
66640,6565,0.7363089323043823
66650,6566,1.4383840560913086
66660,6567,0.983660101890564
66670,6568,3.629986524581909
66680,6569,2.1307382583618164
66690,6570,0.44736918807029724
66700,6571,1.6184624433517456
66710,6572,0.6629920601844788
66720,6573,1.591837763786316
66730,6574,2.632452964782715
66740,6575,0.800177812576294
66750,6576,0.5174553394317627
66760,6577,0.9375673532485962
66770,6578,1.0014034509658813
66780,6579,0.6318237781524658
66790,6580,1.0017882585525513
66800,6581,0.8196325898170471
66810,6582,0.40971967577934265
66820,6583,0.5931422710418701
66830,6584,0.856481671333313
66840,6585,0.37718161940574646
66850,6586,1.1636556386947632
66860,6587,1.088066816329956
66870,6588,1.0595532655715942
66880,6589,0.3756404519081116
66890,6590,1.4939830303192139
66900,6591,0.7158571481704712
66910,6592,3.5725104808807373
66920,6593,0.2919268310070038
66930,6594,0.2932567000389099
66940,6595,0.5100036263465881
66950,6596,0.6885063648223877
66960,6597,1.5184510946273804
66970,6598,0.6607868671417236
66980,6599,1.2834454774856567
66990,6600,0.37592095136642456
67000,6601,0.5000671744346619
67010,6602,1.0439279079437256
67020,6603,3.2105212211608887
67030,6604,1.1009094715118408
67040,6605,0.24095776677131653
67050,6606,0.8867096304893494
67060,6607,1.1488707065582275
67070,6608,0.5869358777999878
67080,6609,0.6560328006744385
67090,6610,0.5428231954574585
67100,6611,8.22997760772705
67110,6612,1.0428916215896606
67120,6613,1.4034359455108643
67130,6614,1.081571340560913
67140,6615,0.2523456811904907
67150,6616,0.6151705384254456
67160,6617,2.379072427749634
67170,6618,0.798354983329773
67180,6619,0.9011417031288147
67190,6620,2.65285325050354
67200,6621,0.5190943479537964
67210,6622,1.0907217264175415
67220,6623,0.5253739953041077
67230,6624,2.409393310546875
67240,6625,1.472438097000122
67250,6626,0.3002695143222809
67260,6627,0.3640652298927307
67270,6628,1.4569785594940186
67280,6629,0.8770992755889893
67290,6630,12.211630821228027
67300,6631,1.6143181324005127
67310,6632,2.2513062953948975
67320,6633,1.6370552778244019
67330,6634,2.0409765243530273
67340,6635,0.6636744141578674
67350,6636,0.3716084659099579
67360,6637,0.15750065445899963
67370,6638,0.3760269582271576
67380,6639,0.6745669841766357
67390,6640,0.9742063879966736
67400,6641,0.3523218631744385
67410,6642,4.588969707489014
67420,6643,0.25837433338165283
67430,6644,1.6657403707504272
67440,6645,1.7040069103240967
67450,6646,0.7271566987037659
67460,6647,1.0915647745132446
67470,6648,1.8597179651260376
67480,6649,0.718227744102478
67490,6650,1.7176356315612793
67500,6651,1.5616765022277832
67510,6652,0.5697871446609497
67520,6653,0.5265505313873291
67530,6654,1.102988839149475
67540,6655,0.6507921814918518
67550,6656,0.45416685938835144
67560,6657,1.4966322183609009
67570,6658,0.6393890976905823
67580,6659,1.9974430799484253
67590,6660,0.5022642612457275
67600,6661,1.2103112936019897
67610,6662,1.588363766670227
67620,6663,1.6118541955947876
67630,6664,0.8650504350662231
67640,6665,0.9985852241516113
67650,6666,3.0021166801452637
67660,6667,0.17489245533943176
67670,6668,1.118810772895813
67680,6669,2.0531389713287354
67690,6670,0.47783389687538147
67700,6671,0.5734317898750305
67710,6672,0.6857709288597107
67720,6673,2.1246445178985596
67730,6674,0.9962489008903503
67740,6675,0.574938178062439
67750,6676,1.042938470840454
67760,6677,2.2578885555267334
67770,6678,0.7064456939697266
67780,6679,1.5189108848571777
67790,6680,1.8170785903930664
67800,6681,0.9917093515396118
67810,6682,0.38609611988067627
67820,6683,1.9541759490966797
67830,6684,1.6230800151824951
67840,6685,1.13887619972229
67850,6686,0.9172318577766418
67860,6687,0.5129993557929993
67870,6688,0.698918879032135
67880,6689,0.21695871651172638
67890,6690,0.6277891993522644
67900,6691,0.9090512990951538
67910,6692,1.7462825775146484
67920,6693,1.508549451828003
67930,6694,0.9497874975204468
67940,6695,0.2763576805591583
67950,6696,1.1217893362045288
67960,6697,0.44848722219467163
67970,6698,1.2406638860702515
67980,6699,0.3827663064002991
67990,6700,1.1232357025146484
68000,6701,2.402513265609741
68010,6702,1.0153565406799316
68020,6703,0.8230304718017578
68030,6704,1.5194073915481567
68040,6705,1.417358160018921
68050,6706,0.9635888338088989
68060,6707,0.8434985876083374
68070,6708,1.7808537483215332
68080,6709,0.4531722068786621
68090,6710,0.7949812412261963
68100,6711,0.3777110278606415
68110,6712,1.1888506412506104
68120,6713,1.4669573307037354
68130,6714,2.027459144592285
68140,6715,0.29318463802337646
68150,6716,1.5765116214752197
68160,6717,0.2895295023918152
68170,6718,0.8371677398681641
68180,6719,0.5822526216506958
68190,6720,0.3794713020324707
68200,6721,0.5415607690811157
68210,6722,0.2922919690608978
68220,6723,0.6247801780700684
68230,6724,7.6505961418151855
68240,6725,0.5080060958862305
68250,6726,0.653938889503479
68260,6727,0.4768305718898773
68270,6728,0.9168842434883118
68280,6729,0.2922343909740448
68290,6730,0.729462206363678
68300,6731,0.8289252519607544
68310,6732,0.8543112277984619
68320,6733,1.0014243125915527
68330,6734,0.3119019567966461
68340,6735,0.5716058015823364
68350,6736,0.461247056722641
68360,6737,10.801483154296875
68370,6738,0.3814372420310974
68380,6739,0.7796227931976318
68390,6740,0.9302953481674194
68400,6741,0.9020665884017944
68410,6742,0.40810930728912354
68420,6743,0.8434089422225952
68430,6744,1.9235308170318604
68440,6745,1.0966079235076904
68450,6746,1.1318515539169312
68460,6747,0.7617520689964294
68470,6748,6.380980014801025
68480,6749,1.0743526220321655
68490,6750,0.6955848932266235
68500,6751,0.6612765789031982
68510,6752,0.9594386219978333
68520,6753,0.5301963090896606
68530,6754,0.6520422101020813
68540,6755,0.8325626254081726
68550,6756,0.31534019112586975
68560,6757,0.3544064164161682
68570,6758,0.8348298072814941
68580,6759,0.25344380736351013
68590,6760,0.7176317572593689
68600,6761,0.5908710956573486
68610,6762,1.4817286729812622
68620,6763,0.8035627007484436
68630,6764,0.35828202962875366
68640,6765,0.2824837565422058
68650,6766,0.7609007358551025
68660,6767,0.8310777544975281
68670,6768,0.32988476753234863
68680,6769,0.5853989720344543
68690,6770,0.3788347840309143
68700,6771,0.3655816316604614
68710,6772,0.4797680974006653
68720,6773,0.6075617074966431
68730,6774,0.8998764753341675
68740,6775,0.6223604083061218
68750,6776,0.6818270683288574
68760,6777,0.7862130999565125
68770,6778,0.22500602900981903
68780,6779,0.6343656778335571
68790,6780,1.9346050024032593
68800,6781,0.533601701259613
68810,6782,0.6438215374946594
68820,6783,0.8451015949249268
68830,6784,0.38185209035873413
68840,6785,0.7993855476379395
68850,6786,0.40888652205467224
68860,6787,0.7002404928207397
68870,6788,0.35093677043914795
68880,6789,0.7793886661529541
68890,6790,0.444387823343277
68900,6791,2.416402578353882
68910,6792,0.2664949297904968
68920,6793,1.0698693990707397
68930,6794,0.6021451950073242
68940,6795,0.9950547814369202
68950,6796,0.863792896270752
68960,6797,0.8481335043907166
68970,6798,0.24351131916046143
68980,6799,0.2989175617694855
68990,6800,2.6284046173095703
69000,6801,0.34743714332580566
69010,6802,0.735490083694458
69020,6803,0.4691348671913147
69030,6804,14.535329818725586
69040,6805,1.6341984272003174
69050,6806,0.9371582269668579
69060,6807,0.3135695457458496
69070,6808,4.082515239715576
69080,6809,0.4026094079017639
69090,6810,1.2001147270202637
69100,6811,0.32679426670074463
69110,6812,0.36473703384399414
69120,6813,0.5516180396080017
69130,6814,1.1284146308898926
69140,6815,0.9294700026512146
69150,6816,2.131439208984375
69160,6817,0.44352614879608154
69170,6818,1.0785539150238037
69180,6819,1.8713665008544922
69190,6820,0.5512211322784424
69200,6821,0.4050813913345337
69210,6822,1.586156964302063
69220,6823,0.8941473960876465
69230,6824,5.459621429443359
69240,6825,1.1863183975219727
69250,6826,0.9231390953063965
69260,6827,0.7526485323905945
69270,6828,0.31644830107688904
69280,6829,1.4417383670806885
69290,6830,1.064153790473938
69300,6831,0.7733848094940186
69310,6832,0.9686393141746521
69320,6833,1.8666579723358154
69330,6834,1.0505833625793457
69340,6835,0.5857605934143066
69350,6836,0.9926270246505737
69360,6837,1.0471996068954468
69370,6838,0.9209975600242615
69380,6839,0.7668818831443787
69390,6840,0.8574695587158203
69400,6841,3.591407537460327
69410,6842,0.7027698159217834
69420,6843,0.5661143064498901
69430,6844,1.388094186782837
69440,6845,0.6592360138893127
69450,6846,0.745936930179596
69460,6847,0.6494579911231995
69470,6848,0.761939525604248
69480,6849,2.253312349319458
69490,6850,1.460942029953003
69500,6851,1.4305930137634277
69510,6852,0.7388341426849365
69520,6853,0.6468181014060974
69530,6854,0.6178004741668701
69540,6855,2.2356035709381104
69550,6856,0.8705064058303833
69560,6857,1.3755245208740234
69570,6858,0.7616034150123596
69580,6859,1.2846720218658447
69590,6860,1.1975867748260498
69600,6861,0.7400655150413513
69610,6862,0.9419658780097961
69620,6863,1.1347228288650513
69630,6864,0.26763594150543213
69640,6865,1.719314455986023
69650,6866,0.9387883543968201
69660,6867,1.3839614391326904
69670,6868,0.45708489418029785
69680,6869,1.2184727191925049
69690,6870,0.5997714400291443
69700,6871,1.2394425868988037
69710,6872,1.049677848815918
69720,6873,0.9738825559616089
69730,6874,0.6943808794021606
69740,6875,1.1222679615020752
69750,6876,0.9830754995346069
69760,6877,0.600979208946228
69770,6878,0.5768816471099854
69780,6879,0.7539616823196411
69790,6880,0.9962109923362732
69800,6881,1.8273543119430542
69810,6882,1.021411657333374
69820,6883,1.599631428718567
69830,6884,0.43189308047294617
69840,6885,0.529642641544342
69850,6886,1.1680505275726318
69860,6887,1.514244794845581
69870,6888,1.4893916845321655
69880,6889,0.9408014416694641
69890,6890,0.6699814796447754
69900,6891,0.32169604301452637
69910,6892,0.847369909286499
69920,6893,0.418607622385025
69930,6894,0.5777498483657837
69940,6895,0.6392459273338318
69950,6896,0.6059349775314331
69960,6897,0.8110449314117432
69970,6898,1.1325702667236328
69980,6899,1.0987579822540283
69990,6900,0.6547254323959351
70000,6901,0.306325763463974
70010,6902,7.632904529571533
70020,6903,0.6161458492279053
70030,6904,1.0305235385894775
70040,6905,0.8024735450744629
70050,6906,1.4806700944900513
70060,6907,1.0021586418151855
70070,6908,0.5838348269462585
70080,6909,0.20924121141433716
70090,6910,1.173832654953003
70100,6911,0.49999338388442993
70110,6912,2.866912603378296
70120,6913,0.36401256918907166
70130,6914,1.9083188772201538
70140,6915,0.8319364190101624
70150,6916,3.675647735595703
70160,6917,0.44300776720046997
70170,6918,0.4716604948043823
70180,6919,0.4466860294342041
70190,6920,1.614436149597168
70200,6921,0.44355008006095886
70210,6922,0.47048237919807434
70220,6923,0.3576793074607849
70230,6924,3.121297836303711
70240,6925,0.4427475035190582
70250,6926,0.7189868688583374
70260,6927,0.41469183564186096
70270,6928,0.9008581042289734
70280,6929,4.5708184242248535
70290,6930,1.533452033996582
70300,6931,1.55959153175354
70310,6932,0.5429201722145081
70320,6933,4.697884559631348
70330,6934,0.8635937571525574
70340,6935,0.20198242366313934
70350,6936,0.5118553638458252
70360,6937,0.4974392056465149
70370,6938,0.8288996815681458
70380,6939,2.3426058292388916
70390,6940,7.5322465896606445
70400,6941,1.0260196924209595
70410,6942,0.6318897008895874
70420,6943,0.45422306656837463
70430,6944,2.06195068359375
70440,6945,0.5598456859588623
70450,6946,0.6797601580619812
70460,6947,0.4072711169719696
70470,6948,0.3002506494522095
70480,6949,0.18235918879508972
70490,6950,0.77239590883255
70500,6951,1.1437331438064575
70510,6952,1.3541927337646484
70520,6953,0.7194132804870605
70530,6954,0.4992225766181946
70540,6955,0.5880487561225891
70550,6956,1.3238906860351562
70560,6957,0.34059420228004456
70570,6958,1.9855430126190186
70580,6959,0.6656045913696289
70590,6960,1.7368569374084473
70600,6961,0.3781343996524811
70610,6962,1.2480077743530273
70620,6963,0.2517266273498535
70630,6964,0.9125912189483643
70640,6965,2.85956072807312
70650,6966,0.6351728439331055
70660,6967,0.9514546394348145
70670,6968,0.33339473605155945
70680,6969,0.6245618462562561
70690,6970,0.8578107953071594
70700,6971,1.35710608959198
70710,6972,7.177504539489746
70720,6973,1.1707770824432373
70730,6974,0.27847209572792053
70740,6975,1.1171315908432007
70750,6976,0.45494070649147034
70760,6977,0.1702788770198822
70770,6978,1.136041522026062
70780,6979,0.31759247183799744
70790,6980,7.782206058502197
70800,6981,0.6690027713775635
70810,6982,0.6359695792198181
70820,6983,0.9102795720100403
70830,6984,0.7511233687400818
70840,6985,0.39453795552253723
70850,6986,4.799049377441406
70860,6987,0.530677855014801
70870,6988,0.8909988403320312
70880,6989,2.0947327613830566
70890,6990,0.5139673352241516
70900,6991,1.1743887662887573
70910,6992,1.1601520776748657
70920,6993,0.8751981258392334
70930,6994,0.5044214725494385
70940,6995,2.3338394165039062
70950,6996,1.9911786317825317
70960,6997,0.9536300301551819
70970,6998,0.842052161693573
70980,6999,2.1255545616149902
70990,7000,0.7641186714172363
71000,7001,0.1655827909708023
71010,7002,1.1369290351867676
71020,7003,2.3641796112060547
71030,7004,1.343002438545227
71040,7005,1.8858824968338013
71050,7006,0.3331872820854187
71060,7007,0.3612246811389923
71070,7008,3.594337224960327
71080,7009,0.2693988084793091
71090,7010,1.0390006303787231
71100,7011,6.496010780334473
71110,7012,0.386701762676239
71120,7013,1.5020298957824707
71130,7014,1.179740309715271
71140,7015,0.9763050675392151
71150,7016,1.1465758085250854
71160,7017,1.1276159286499023
71170,7018,0.7670630216598511
71180,7019,0.9829438924789429
71190,7020,0.792651355266571
71200,7021,1.7684663534164429
71210,7022,0.900169312953949
71220,7023,0.47669148445129395
71230,7024,0.77166348695755
71240,7025,3.4351768493652344
71250,7026,2.971205949783325
71260,7027,0.8855512142181396
71270,7028,1.8430026769638062
71280,7029,0.7914986610412598
71290,7030,0.5327085852622986
71300,7031,0.6359366178512573
71310,7032,0.210891455411911
71320,7033,1.5663344860076904
71330,7034,9.809992790222168
71340,7035,0.7538092136383057
71350,7036,0.23081299662590027
71360,7037,2.5275356769561768
71370,7038,1.758663535118103
71380,7039,3.6185290813446045
71390,7040,4.064690113067627
71400,7041,0.5990556478500366
71410,7042,1.1070806980133057
71420,7043,1.4520660638809204
71430,7044,2.1378116607666016
71440,7045,2.8744513988494873
71450,7046,0.8383121490478516
71460,7047,0.5335540771484375
71470,7048,4.745599269866943
71480,7049,0.9260563850402832
71490,7050,0.5662985444068909
71500,7051,0.5450925827026367
71510,7052,0.6779029965400696
71520,7053,3.906885862350464
71530,7054,3.3093349933624268
71540,7055,0.7224704027175903
71550,7056,0.9460915923118591
71560,7057,1.4426183700561523
71570,7058,0.7567698955535889
71580,7059,0.6770386695861816
71590,7060,1.7753082513809204
71600,7061,0.26415911316871643
71610,7062,3.8338356018066406
71620,7063,1.1467698812484741
71630,7064,2.757957696914673
71640,7065,0.8346086144447327
71650,7066,1.484802007675171
71660,7067,1.037390947341919
71670,7068,1.5217688083648682
71680,7069,2.2485013008117676
71690,7070,0.8895703554153442
71700,7071,1.989152431488037
71710,7072,1.1709283590316772
71720,7073,0.8337586522102356
71730,7074,0.6744228601455688
71740,7075,0.7302544116973877
71750,7076,0.5521366596221924
71760,7077,5.517444610595703
71770,7078,1.3242541551589966
71780,7079,1.6292438507080078
71790,7080,2.050265312194824
71800,7081,0.9098505973815918
71810,7082,0.7734772562980652
71820,7083,1.819846510887146
71830,7084,0.3120649456977844
71840,7085,9.45366382598877
71850,7086,0.5482721328735352
71860,7087,0.5499784350395203
71870,7088,1.3586714267730713
71880,7089,0.25956016778945923
71890,7090,0.8034163117408752
71900,7091,0.49173182249069214
71910,7092,0.6396045088768005
71920,7093,0.42721471190452576
71930,7094,0.43121159076690674
71940,7095,0.43401312828063965
71950,7096,1.5934137105941772
71960,7097,0.595016360282898
71970,7098,0.1492173671722412
71980,7099,1.2274582386016846
71990,7100,7.5750651359558105
72000,7101,0.4989079535007477
72010,7102,1.0992099046707153
72020,7103,11.642946243286133
72030,7104,3.8945164680480957
72040,7105,0.9952234625816345
72050,7106,1.0776097774505615
72060,7107,0.5021468997001648
72070,7108,2.7092578411102295
72080,7109,3.4842541217803955
72090,7110,0.5974368453025818
72100,7111,0.6040637493133545
72110,7112,0.5932519435882568
72120,7113,1.3029015064239502
72130,7114,0.9825429916381836
72140,7115,1.7059030532836914
72150,7116,1.0302269458770752
72160,7117,1.2895236015319824
72170,7118,1.1313536167144775
72180,7119,12.546218872070312
72190,7120,0.660586953163147
72200,7121,1.004839301109314
72210,7122,4.770659446716309
72220,7123,2.318791627883911
72230,7124,1.9995923042297363
72240,7125,2.774132251739502
72250,7126,2.0198254585266113
72260,7127,1.3489199876785278
72270,7128,1.6040458679199219
72280,7129,0.5526284575462341
72290,7130,9.012796401977539
72300,7131,0.5562816858291626
72310,7132,1.8098644018173218
72320,7133,1.0075126886367798
72330,7134,2.1483638286590576
72340,7135,1.5768197774887085
72350,7136,1.91531503200531
72360,7137,1.0415829420089722
72370,7138,1.5730544328689575
72380,7139,0.49755915999412537
72390,7140,0.5956860184669495
72400,7141,2.0222747325897217
72410,7142,1.2863953113555908
72420,7143,1.6973979473114014
72430,7144,4.410648822784424
72440,7145,0.6671979427337646
72450,7146,1.7087559700012207
72460,7147,1.727728247642517
72470,7148,1.041010856628418
72480,7149,1.9981143474578857
72490,7150,0.6434284448623657
72500,7151,2.502206325531006
72510,7152,1.6662532091140747
72520,7153,0.9420440196990967
72530,7154,0.955442488193512
72540,7155,2.271789073944092
72550,7156,1.6291745901107788
72560,7157,0.6464540362358093
72570,7158,1.7421116828918457
72580,7159,0.6781629920005798
72590,7160,0.5490353107452393
72600,7161,0.7697024941444397
72610,7162,1.0048928260803223
72620,7163,2.3469884395599365
72630,7164,1.7085227966308594
72640,7165,1.3392062187194824
72650,7166,2.4995203018188477
72660,7167,1.4438470602035522
72670,7168,0.9411753416061401
72680,7169,0.7211856842041016
72690,7170,0.606951892375946
72700,7171,0.8601065278053284
72710,7172,0.3409457802772522
72720,7173,9.30335521697998
72730,7174,1.2373610734939575
72740,7175,2.1832730770111084
72750,7176,0.8100554347038269
72760,7177,0.43613091111183167
72770,7178,2.512875556945801
72780,7179,1.2730038166046143
72790,7180,0.7429924011230469
72800,7181,0.8314003944396973
72810,7182,0.5401009917259216
72820,7183,1.1318389177322388
72830,7184,2.35969614982605
72840,7185,1.2626925706863403
72850,7186,1.4195460081100464
72860,7187,1.0052294731140137
72870,7188,8.450603485107422
72880,7189,0.9427894353866577
72890,7190,1.0120941400527954
72900,7191,4.286200046539307
72910,7192,1.303552269935608
72920,7193,1.1975276470184326
72930,7194,1.460073471069336
72940,7195,1.290266752243042
72950,7196,1.4323381185531616
72960,7197,0.8632140159606934
72970,7198,0.41098707914352417
72980,7199,0.9640373587608337
72990,7200,1.7460260391235352
73000,7201,0.5320109724998474
73010,7202,0.7223305106163025
73020,7203,3.9600934982299805
73030,7204,1.4477291107177734
73040,7205,0.6136611700057983
73050,7206,1.170701026916504
73060,7207,0.8455656170845032
73070,7208,1.7180416584014893
73080,7209,2.1292028427124023
73090,7210,0.4782397449016571
73100,7211,14.580126762390137
73110,7212,1.0184613466262817
73120,7213,1.342503547668457
73130,7214,1.0722185373306274
73140,7215,2.211318016052246
73150,7216,0.5599992871284485
73160,7217,0.838034987449646
73170,7218,0.8137746453285217
73180,7219,1.3005867004394531
73190,7220,1.4003932476043701
73200,7221,0.6729465126991272
73210,7222,1.2128087282180786
73220,7223,0.5460733771324158
73230,7224,0.7518882751464844
73240,7225,1.374398946762085
73250,7226,11.684408187866211
73260,7227,7.640630722045898
73270,7228,1.7557790279388428
73280,7229,1.7242982387542725
73290,7230,0.6348950862884521
73300,7231,1.1252570152282715
73310,7232,0.892947793006897
73320,7233,2.811650037765503
73330,7234,1.0631446838378906
73340,7235,0.7337021827697754
73350,7236,2.8970353603363037
73360,7237,0.5986731648445129
73370,7238,1.6169570684432983
73380,7239,1.272058367729187
73390,7240,0.5575251579284668
73400,7241,1.5714225769042969
73410,7242,0.6039709448814392
73420,7243,1.1291253566741943
73430,7244,1.7039093971252441
73440,7245,0.9199405312538147
73450,7246,0.6809276938438416
73460,7247,2.633448839187622
73470,7248,1.6373728513717651
73480,7249,0.599886953830719
73490,7250,2.511284351348877
73500,7251,0.7680594325065613
73510,7252,2.155240058898926
73520,7253,0.7572503089904785
73530,7254,12.744709014892578
73540,7255,0.396599143743515
73550,7256,1.313476324081421
73560,7257,0.3987565338611603
73570,7258,1.0178980827331543
73580,7259,0.5093376636505127
73590,7260,0.9803173542022705
73600,7261,0.2773417830467224
73610,7262,1.7583144903182983
73620,7263,1.1223727464675903
73630,7264,0.515038251876831
73640,7265,1.891514539718628
73650,7266,0.5178602337837219
73660,7267,1.493751883506775
73670,7268,1.9685320854187012
73680,7269,2.248775005340576
73690,7270,0.9173245429992676
73700,7271,0.9481682777404785
73710,7272,0.44068366289138794
73720,7273,1.2077070474624634
73730,7274,1.4514436721801758
73740,7275,0.6047998666763306
73750,7276,0.7923591732978821
73760,7277,2.2123334407806396
73770,7278,0.8968713879585266
73780,7279,0.523219108581543
73790,7280,0.8410782217979431
73800,7281,1.0183082818984985
73810,7282,0.9552972912788391
73820,7283,1.4317739009857178
73830,7284,4.726773738861084
73840,7285,1.0517354011535645
73850,7286,1.0086195468902588
73860,7287,1.1384927034378052
73870,7288,1.2202004194259644
73880,7289,1.0832551717758179
73890,7290,0.9921014308929443
73900,7291,0.40846970677375793
73910,7292,0.7880837917327881
73920,7293,0.7260319590568542
73930,7294,0.7012594938278198
73940,7295,1.0734370946884155
73950,7296,7.807847023010254
73960,7297,0.6445133090019226
73970,7298,0.9496384263038635
73980,7299,0.668539822101593
73990,7300,1.6427217721939087
74000,7301,1.4325923919677734
74010,7302,1.4439369440078735
74020,7303,4.016210079193115
74030,7304,7.448909282684326
74040,7305,1.6743897199630737
74050,7306,5.8042097091674805
74060,7307,1.9159119129180908
74070,7308,0.44314783811569214
74080,7309,0.464722603559494
74090,7310,1.398319125175476
74100,7311,0.49214643239974976
74110,7312,1.808187484741211
74120,7313,1.3047847747802734
74130,7314,1.6287388801574707
74140,7315,1.4419879913330078
74150,7316,2.2391037940979004
74160,7317,0.9507589340209961
74170,7318,0.8533530235290527
74180,7319,1.2324960231781006
74190,7320,9.007221221923828
74200,7321,0.962118923664093
74210,7322,2.3300881385803223
74220,7323,0.9736373424530029
74230,7324,0.4511209726333618
74240,7325,2.5917325019836426
74250,7326,0.7250118851661682
74260,7327,1.4421981573104858
74270,7328,0.7941319942474365
74280,7329,1.5626561641693115
74290,7330,0.9825342297554016
74300,7331,2.4955780506134033
74310,7332,1.6282953023910522
74320,7333,2.2542495727539062
74330,7334,0.6740472316741943
74340,7335,0.6455374956130981
74350,7336,0.9612182974815369
74360,7337,1.771628499031067
74370,7338,0.7817516326904297
74380,7339,1.281346321105957
74390,7340,1.4389128684997559
74400,7341,3.4662368297576904
74410,7342,0.7498956322669983
74420,7343,1.4737130403518677
74430,7344,1.8088977336883545
74440,7345,2.235990524291992
74450,7346,0.4734938144683838
74460,7347,0.6442219018936157
74470,7348,0.45432430505752563
74480,7349,1.156633734703064
74490,7350,0.6354413628578186
74500,7351,0.6349520087242126
74510,7352,0.8754114508628845
74520,7353,0.668303906917572
74530,7354,1.1421427726745605
74540,7355,1.608107566833496
74550,7356,2.2066054344177246
74560,7357,1.6977145671844482
74570,7358,1.5079481601715088
74580,7359,1.025998592376709
74590,7360,1.2219314575195312
74600,7361,1.2092528343200684
74610,7362,0.7650070190429688
74620,7363,1.1725666522979736
74630,7364,1.1415194272994995
74640,7365,1.453945517539978
74650,7366,0.847273588180542
74660,7367,1.118430256843567
74670,7368,0.7572551369667053
74680,7369,0.45945948362350464
74690,7370,1.1340641975402832
74700,7371,0.6064075827598572
74710,7372,0.46738582849502563
74720,7373,0.9064273834228516
74730,7374,0.8503590822219849
74740,7375,1.5327787399291992
74750,7376,0.8917825818061829
74760,7377,1.334904670715332
74770,7378,0.6919865012168884
74780,7379,0.5862511396408081
74790,7380,2.6293137073516846
74800,7381,0.3092121481895447
74810,7382,0.523964524269104
74820,7383,0.7834662199020386
74830,7384,0.5208755135536194
74840,7385,0.7062942385673523
74850,7386,14.052066802978516
74860,7387,0.7452684640884399
74870,7388,2.818040370941162
74880,7389,8.93923568725586
74890,7390,1.7094452381134033
74900,7391,1.3343605995178223
74910,7392,0.5694230794906616
74920,7393,0.59864741563797
74930,7394,1.0485320091247559
74940,7395,0.7142378091812134
74950,7396,0.9817896485328674
74960,7397,0.4674740731716156
74970,7398,1.8173437118530273
74980,7399,0.48404645919799805
74990,7400,1.8732808828353882
75000,7401,0.39052915573120117
75010,7402,0.9232586622238159
75020,7403,2.2790029048919678
75030,7404,3.885634183883667
75040,7405,0.6193193197250366
75050,7406,6.200727462768555
75060,7407,0.8921887278556824
75070,7408,0.3772757351398468
75080,7409,0.8369966149330139
75090,7410,1.270338535308838
75100,7411,1.1796833276748657
75110,7412,0.8597931265830994
75120,7413,1.4461262226104736
75130,7414,0.7633984088897705
75140,7415,1.9788578748703003
75150,7416,0.5584985017776489
75160,7417,0.8971433639526367
75170,7418,0.9583621025085449
75180,7419,1.124018669128418
75190,7420,5.865879535675049
75200,7421,0.8694766163825989
75210,7422,0.9554526805877686
75220,7423,1.0550189018249512
75230,7424,16.37818145751953
75240,7425,0.5702022910118103
75250,7426,5.713682651519775
75260,7427,1.7683721780776978
75270,7428,1.410941481590271
75280,7429,1.3479243516921997
75290,7430,0.741676926612854
75300,7431,1.784961223602295
75310,7432,1.3596023321151733
75320,7433,1.575094223022461
75330,7434,1.0481535196304321
75340,7435,1.3310165405273438
75350,7436,2.555211067199707
75360,7437,1.372022271156311
75370,7438,1.8926585912704468
75380,7439,2.176398515701294
75390,7440,0.7069690227508545
75400,7441,2.531242609024048
75410,7442,1.8573687076568604
75420,7443,3.330235481262207
75430,7444,1.424765706062317
75440,7445,2.4040603637695312
75450,7446,3.9836344718933105
75460,7447,0.5843496322631836
75470,7448,1.0126508474349976
75480,7449,1.1489136219024658
75490,7450,0.6972399950027466
75500,7451,1.5241942405700684
75510,7452,1.2151380777359009
75520,7453,1.246131420135498
75530,7454,1.3823471069335938
75540,7455,1.8110277652740479
75550,7456,1.1699188947677612
75560,7457,1.6776126623153687
75570,7458,1.3804001808166504
75580,7459,1.8432998657226562
75590,7460,0.9465155601501465
75600,7461,6.695494174957275
75610,7462,1.0633352994918823
75620,7463,0.8438936471939087
75630,7464,0.6459236145019531
75640,7465,0.6021258234977722
75650,7466,3.251883029937744
75660,7467,5.215473175048828
75670,7468,12.137774467468262
75680,7469,0.7539297342300415
75690,7470,1.025425672531128
75700,7471,0.9081572890281677
75710,7472,1.0409815311431885
75720,7473,1.154768943786621
75730,7474,1.3712823390960693
75740,7475,0.702457070350647
75750,7476,1.0099669694900513
75760,7477,0.42831170558929443
75770,7478,1.3047147989273071
75780,7479,0.7287186980247498
75790,7480,0.4812161326408386
75800,7481,1.1666569709777832
75810,7482,0.8620054721832275
75820,7483,4.917613506317139
75830,7484,0.43814799189567566
75840,7485,2.228724956512451
75850,7486,0.880191445350647
75860,7487,2.074632406234741
75870,7488,0.6600605249404907
75880,7489,0.6097049713134766
75890,7490,5.9555463790893555
75900,7491,1.2742630243301392
75910,7492,3.59853458404541
75920,7493,1.7581877708435059
75930,7494,1.2185975313186646
75940,7495,0.5346678495407104
75950,7496,0.4730079174041748
75960,7497,0.9843343496322632
75970,7498,1.124401569366455
75980,7499,0.7879723906517029
75990,7500,0.6388331651687622
76000,7501,0.5659999847412109
76010,7502,1.8237696886062622
76020,7503,1.0659838914871216
76030,7504,0.859687864780426
76040,7505,0.4280479848384857
76050,7506,1.4328798055648804
76060,7507,1.5752291679382324
76070,7508,8.419573783874512
76080,7509,0.44253161549568176
76090,7510,4.452273368835449
76100,7511,4.860547065734863
76110,7512,1.5948289632797241
76120,7513,1.411799669265747
76130,7514,3.7429604530334473
76140,7515,1.7763584852218628
76150,7516,1.778253197669983
76160,7517,0.8599773049354553
76170,7518,1.4709491729736328
76180,7519,4.146790504455566
76190,7520,0.8784504532814026
76200,7521,1.1018034219741821
76210,7522,1.1144134998321533
76220,7523,0.5862095355987549
76230,7524,1.6126611232757568
76240,7525,1.4172568321228027
76250,7526,2.9707953929901123
76260,7527,1.8296878337860107
76270,7528,1.2459033727645874
76280,7529,1.1890580654144287
76290,7530,12.903142929077148
76300,7531,1.9618499279022217
76310,7532,1.2203497886657715
76320,7533,6.754342555999756
76330,7534,0.9953919649124146
76340,7535,1.3760820627212524
76350,7536,1.6649417877197266
76360,7537,1.4965519905090332
76370,7538,3.4834935665130615
76380,7539,1.1352996826171875
76390,7540,0.6080714464187622
76400,7541,2.035034418106079
76410,7542,2.2211077213287354
76420,7543,4.233301162719727
76430,7544,1.60395085811615
76440,7545,0.7971811890602112
76450,7546,2.452547311782837
76460,7547,0.7280318737030029
76470,7548,2.4481489658355713
76480,7549,1.167494773864746
76490,7550,1.6222476959228516
76500,7551,0.7992324233055115
76510,7552,2.7928128242492676
76520,7553,0.613775908946991
76530,7554,0.5901362299919128
76540,7555,2.4639108180999756
76550,7556,0.7335275411605835
76560,7557,3.629544973373413
76570,7558,4.770071983337402
76580,7559,1.8721530437469482
76590,7560,1.3668928146362305
76600,7561,0.8794448971748352
76610,7562,5.131366729736328
76620,7563,1.1356858015060425
76630,7564,9.34926700592041
76640,7565,2.0872769355773926
76650,7566,1.0975723266601562
76660,7567,4.5586323738098145
76670,7568,1.801835536956787
76680,7569,1.2230377197265625
76690,7570,0.6583000421524048
76700,7571,1.0630391836166382
76710,7572,2.6308417320251465
76720,7573,0.8766282796859741
76730,7574,1.607815146446228
76740,7575,0.7823115587234497
76750,7576,1.434302806854248
76760,7577,3.5808143615722656
76770,7578,1.4679088592529297
76780,7579,0.5890166759490967
76790,7580,3.4484024047851562
76800,7581,1.11826753616333
76810,7582,1.3792914152145386
76820,7583,1.0693811178207397
76830,7584,1.2943012714385986
76840,7585,1.0311371088027954
76850,7586,2.7302675247192383
76860,7587,0.7598467469215393
76870,7588,2.58780574798584
76880,7589,1.5291918516159058
76890,7590,1.272562861442566
76900,7591,6.022104740142822
76910,7592,1.4010040760040283
76920,7593,1.7245603799819946
76930,7594,1.4229878187179565
76940,7595,1.802602767944336
76950,7596,2.3638851642608643
76960,7597,2.2580831050872803
76970,7598,12.107161521911621
76980,7599,4.063569068908691
76990,7600,1.0304988622665405
77000,7601,0.7196254730224609
77010,7602,2.6304712295532227
77020,7603,2.023298740386963
77030,7604,3.861720085144043
77040,7605,2.3615314960479736
77050,7606,4.086231231689453
77060,7607,2.489227771759033
77070,7608,0.6673517227172852
77080,7609,2.0856714248657227
77090,7610,3.4769129753112793
77100,7611,2.261110782623291
77110,7612,2.6607749462127686
77120,7613,1.4574499130249023
77130,7614,3.5937135219573975
77140,7615,1.9677064418792725
77150,7616,0.7536106109619141
77160,7617,1.007893443107605
77170,7618,2.4212589263916016
77180,7619,1.3436903953552246
77190,7620,1.9521464109420776
77200,7621,1.6196002960205078
77210,7622,1.6838605403900146
77220,7623,4.229928016662598
77230,7624,1.7495591640472412
77240,7625,1.0085318088531494
77250,7626,1.0653321743011475
77260,7627,0.5734953284263611
77270,7628,1.9956237077713013
77280,7629,1.3910326957702637
77290,7630,2.3189697265625
77300,7631,0.884829044342041
77310,7632,0.4633882939815521
77320,7633,11.119190216064453
77330,7634,2.3275344371795654
77340,7635,1.661371111869812
77350,7636,0.699167788028717
77360,7637,0.9426758885383606
77370,7638,1.0701985359191895
77380,7639,2.0306363105773926
77390,7640,8.548108100891113
77400,7641,0.9400100708007812
77410,7642,1.597409963607788
77420,7643,0.7966918349266052
77430,7644,1.7940822839736938
77440,7645,3.781407356262207
77450,7646,1.5270626544952393
77460,7647,1.0186399221420288
77470,7648,1.766300082206726
77480,7649,1.9107940196990967
77490,7650,1.007126808166504
77500,7651,4.650214672088623
77510,7652,0.4541134536266327
77520,7653,1.0438563823699951
77530,7654,1.7977913618087769
77540,7655,1.7160749435424805
77550,7656,1.2153517007827759
77560,7657,1.2506811618804932
77570,7658,0.9323567748069763
77580,7659,0.816879391670227
77590,7660,1.5639986991882324
77600,7661,1.7240254878997803
77610,7662,0.690876841545105
77620,7663,3.4301607608795166
77630,7664,2.2823545932769775
77640,7665,1.6815016269683838
77650,7666,0.6479349136352539
77660,7667,1.168121337890625
77670,7668,1.3653690814971924
77680,7669,2.0400192737579346
77690,7670,1.8749165534973145
77700,7671,1.1234910488128662
77710,7672,2.049131393432617
77720,7673,1.6708958148956299
77730,7674,12.928376197814941
77740,7675,0.4509987235069275
77750,7676,5.468145370483398
77760,7677,0.5986419916152954
77770,7678,0.9021096229553223
77780,7679,9.229354858398438
77790,7680,0.7234368324279785
77800,7681,1.9281703233718872
77810,7682,5.290073871612549
77820,7683,2.614165782928467
77830,7684,1.2019727230072021
77840,7685,0.8353084921836853
77850,7686,4.136162281036377
77860,7687,1.1953911781311035
77870,7688,2.194626808166504
77880,7689,7.481781005859375
77890,7690,1.3865859508514404
77900,7691,1.8126951456069946
77910,7692,2.701138973236084
77920,7693,0.532815158367157
77930,7694,1.458678960800171
77940,7695,4.278568744659424
77950,7696,1.486512303352356
77960,7697,5.409799575805664
77970,7698,3.901284694671631
77980,7699,4.319572448730469
77990,7700,1.0409882068634033
78000,7701,4.91959810256958
78010,7702,1.4663904905319214
78020,7703,1.4759137630462646
78030,7704,1.0647019147872925
78040,7705,1.687739610671997
78050,7706,2.515331268310547
78060,7707,1.1544318199157715
78070,7708,1.8673380613327026
78080,7709,1.4782521724700928
78090,7710,2.6621294021606445
78100,7711,1.2291513681411743
78110,7712,1.1593592166900635
78120,7713,1.6804449558258057
78130,7714,7.917870044708252
78140,7715,2.1392982006073
78150,7716,2.377645969390869
78160,7717,1.9371914863586426
78170,7718,1.8060798645019531
78180,7719,1.4664115905761719
78190,7720,1.5525119304656982
78200,7721,1.6345150470733643
78210,7722,1.3833441734313965
78220,7723,1.9575493335723877
78230,7724,1.3305720090866089
78240,7725,3.241708993911743
78250,7726,1.6021631956100464
78260,7727,4.274589538574219
78270,7728,1.1787759065628052
78280,7729,1.6423988342285156
78290,7730,7.976195812225342
78300,7731,1.6916663646697998
78310,7732,1.1540273427963257
78320,7733,3.018672227859497
78330,7734,0.8162373900413513
78340,7735,0.7947782278060913
78350,7736,1.132866621017456
78360,7737,2.6230359077453613
78370,7738,1.6084425449371338
78380,7739,4.277151107788086
78390,7740,1.2437530755996704
78400,7741,6.7397565841674805
78410,7742,2.3206846714019775
78420,7743,1.6518481969833374
78430,7744,1.5113706588745117
78440,7745,2.619523525238037
78450,7746,1.6368478536605835
78460,7747,1.4399579763412476
78470,7748,1.8007211685180664
78480,7749,6.760861873626709
78490,7750,1.0631918907165527
78500,7751,0.5969734787940979
78510,7752,1.5072181224822998
78520,7753,2.1639046669006348
78530,7754,2.4104647636413574
78540,7755,0.5863237380981445
78550,7756,1.0953384637832642
78560,7757,0.9106674194335938
78570,7758,0.623562753200531
78580,7759,2.0502655506134033
78590,7760,0.9099518060684204
78600,7761,2.7132465839385986
78610,7762,1.643709659576416
78620,7763,1.5033427476882935
78630,7764,1.7678935527801514
78640,7765,1.089463710784912
78650,7766,2.3273332118988037
78660,7767,1.4521187543869019
78670,7768,1.4664723873138428
78680,7769,2.8372206687927246
78690,7770,2.243367910385132
78700,7771,2.8790154457092285
78710,7772,0.8043124675750732
78720,7773,0.5559338331222534
78730,7774,3.330404043197632
78740,7775,1.7356016635894775
78750,7776,0.8275091648101807
78760,7777,2.1919236183166504
78770,7778,2.236884117126465
78780,7779,4.6760029792785645
78790,7780,1.490032434463501
78800,7781,1.2220396995544434
78810,7782,1.9863513708114624
78820,7783,1.5467138290405273
78830,7784,1.3207460641860962
78840,7785,0.7961456179618835
78850,7786,1.5145776271820068
78860,7787,1.0022231340408325
78870,7788,1.7818341255187988
78880,7789,0.6845500469207764
78890,7790,0.5622203350067139
78900,7791,0.9751980900764465
78910,7792,1.8707902431488037
78920,7793,0.4325910806655884
78930,7794,1.857059359550476
78940,7795,4.123376846313477
78950,7796,1.652888298034668
78960,7797,1.3025060892105103
78970,7798,1.9156385660171509
78980,7799,0.8016959428787231
78990,7800,1.2363193035125732
79000,7801,4.49139404296875
79010,7802,2.613004207611084
79020,7803,1.557363510131836
79030,7804,1.1418547630310059
79040,7805,1.5768463611602783
79050,7806,1.2695342302322388
79060,7807,1.1908873319625854
79070,7808,0.8750911951065063
79080,7809,1.6834815740585327
79090,7810,1.7689427137374878
79100,7811,1.457835078239441
79110,7812,2.5483736991882324
79120,7813,1.2548222541809082
79130,7814,1.0668548345565796
79140,7815,1.0928678512573242
79150,7816,2.4530386924743652
79160,7817,3.495530128479004
79170,7818,1.7903428077697754
79180,7819,2.1767680644989014
79190,7820,0.7612857222557068
79200,7821,1.2729071378707886
79210,7822,1.373448133468628
79220,7823,3.298882246017456
79230,7824,1.0531322956085205
79240,7825,4.019874095916748
79250,7826,3.7723476886749268
79260,7827,1.1668137311935425
79270,7828,0.6217091679573059
79280,7829,1.9063215255737305
79290,7830,1.4533052444458008
79300,7831,1.0729761123657227
79310,7832,1.6309186220169067
79320,7833,1.8098230361938477
79330,7834,1.418980360031128
79340,7835,1.6629481315612793
79350,7836,5.8957109451293945
79360,7837,1.2438929080963135
79370,7838,1.6735477447509766
79380,7839,0.9292593598365784
79390,7840,0.8468144536018372
79400,7841,0.7366464138031006
79410,7842,1.9044049978256226
79420,7843,5.455751895904541
79430,7844,1.8781169652938843
79440,7845,1.3092554807662964
79450,7846,0.4995148479938507
79460,7847,1.597245216369629
79470,7848,1.1080291271209717
79480,7849,1.3631223440170288
79490,7850,2.7777647972106934
79500,7851,0.7799652218818665
79510,7852,0.7686974406242371
79520,7853,1.346281886100769
79530,7854,1.4944442510604858
79540,7855,0.6770843267440796
79550,7856,1.2986886501312256
79560,7857,1.595730185508728
79570,7858,0.8509053587913513
79580,7859,0.7524943947792053
79590,7860,1.8550193309783936
79600,7861,1.1540868282318115
79610,7862,1.816161036491394
79620,7863,2.2368075847625732
79630,7864,0.7214151620864868
79640,7865,1.0239968299865723
79650,7866,1.9833228588104248
79660,7867,1.0200237035751343
79670,7868,1.124382734298706
79680,7869,0.6713743209838867
79690,7870,1.0633907318115234
79700,7871,2.8287315368652344
79710,7872,6.13825798034668
79720,7873,1.6568547487258911
79730,7874,1.0727401971817017
79740,7875,1.718414545059204
79750,7876,1.0197581052780151
79760,7877,11.666021347045898
79770,7878,4.996657848358154
79780,7879,1.7913691997528076
79790,7880,6.015614032745361
79800,7881,5.7089433670043945
79810,7882,0.9261115193367004
79820,7883,1.2165758609771729
79830,7884,1.0349870920181274
79840,7885,0.6901101469993591
79850,7886,3.5454978942871094
79860,7887,2.7096338272094727
79870,7888,1.249032974243164
79880,7889,2.1298723220825195
79890,7890,0.6974541544914246
79900,7891,1.0589746236801147
79910,7892,3.3984005451202393
79920,7893,2.5786709785461426
79930,7894,12.211248397827148
79940,7895,3.791383743286133
79950,7896,1.9592030048370361
79960,7897,1.9549998044967651
79970,7898,2.4992971420288086
79980,7899,4.737565040588379
79990,7900,1.2584505081176758
80000,7901,0.7126832008361816
80010,7902,2.398604393005371
80020,7903,1.1528581380844116
80030,7904,1.7887765169143677
80040,7905,2.0124480724334717
80050,7906,1.1863943338394165
80060,7907,1.4038665294647217
80070,7908,1.0072968006134033
80080,7909,2.785051107406616
80090,7910,4.213609218597412
80100,7911,8.76082706451416
80110,7912,2.811706781387329
80120,7913,11.830721855163574
80130,7914,1.4255777597427368
80140,7915,1.80989670753479
80150,7916,2.5411365032196045
80160,7917,1.3227251768112183
80170,7918,3.0512514114379883
80180,7919,2.532960891723633
80190,7920,1.3955533504486084
80200,7921,2.089930534362793
80210,7922,2.0368497371673584
80220,7923,3.835428237915039
80230,7924,11.209943771362305
80240,7925,1.4361677169799805
80250,7926,1.3139231204986572
80260,7927,5.920047283172607
80270,7928,3.529233455657959
80280,7929,1.3466854095458984
80290,7930,0.5733387470245361
80300,7931,2.9516842365264893
80310,7932,1.9018595218658447
80320,7933,0.9899435043334961
80330,7934,1.3809924125671387
80340,7935,2.590221643447876
80350,7936,5.452211380004883
80360,7937,1.9650497436523438
80370,7938,0.9334401488304138
80380,7939,1.6857866048812866
80390,7940,1.1981923580169678
80400,7941,1.3730331659317017
80410,7942,3.9562485218048096
80420,7943,1.7830649614334106
80430,7944,1.3860021829605103
80440,7945,2.700411319732666
80450,7946,2.275294065475464
80460,7947,1.5440568923950195
80470,7948,2.3052823543548584
80480,7949,1.2030656337738037
80490,7950,2.7521555423736572
80500,7951,1.1630843877792358
80510,7952,0.8431403040885925
80520,7953,1.428112268447876
80530,7954,2.2559657096862793
80540,7955,2.1414499282836914
80550,7956,1.0785071849822998
80560,7957,1.2251977920532227
80570,7958,1.6023659706115723
80580,7959,3.8670804500579834
80590,7960,1.9948241710662842
80600,7961,2.5465359687805176
80610,7962,1.067997932434082
80620,7963,1.0556098222732544
80630,7964,1.3953027725219727
80640,7965,1.0923484563827515
80650,7966,0.47231531143188477
80660,7967,4.4290900230407715
80670,7968,1.6768460273742676
80680,7969,1.4925506114959717
80690,7970,1.5389866828918457
80700,7971,4.181741237640381
80710,7972,3.453173875808716
80720,7973,2.152853488922119
80730,7974,1.8757047653198242
80740,7975,1.4992704391479492
80750,7976,2.6330726146698
80760,7977,2.2674057483673096
80770,7978,2.0295965671539307
80780,7979,1.3818143606185913
80790,7980,2.4867563247680664
80800,7981,2.323756217956543
80810,7982,0.6503820419311523
80820,7983,4.694731712341309
80830,7984,2.1085660457611084
80840,7985,0.5017910003662109
80850,7986,2.723088264465332
80860,7987,1.4272366762161255
80870,7988,0.7521583437919617
80880,7989,11.232237815856934
80890,7990,1.9211386442184448
80900,7991,2.976469039916992
80910,7992,2.3365697860717773
80920,7993,0.9079003930091858
80930,7994,1.6348778009414673
80940,7995,1.4549764394760132
80950,7996,1.7248234748840332
80960,7997,0.9895620942115784
80970,7998,1.0802861452102661
80980,7999,2.368147611618042
80990,8000,1.4272475242614746
81000,8001,0.7230699062347412
81010,8002,5.383604526519775
81020,8003,1.7653847932815552
81030,8004,2.782817840576172
81040,8005,3.118302345275879
81050,8006,4.671298503875732
81060,8007,1.8334121704101562
81070,8008,1.5217422246932983
81080,8009,9.74793815612793
81090,8010,3.0045721530914307
81100,8011,7.755905628204346
81110,8012,1.7290093898773193
81120,8013,1.044158935546875
81130,8014,10.245128631591797
81140,8015,1.1387650966644287
81150,8016,7.993023872375488
81160,8017,3.7539970874786377
81170,8018,2.0404255390167236
81180,8019,0.8000112175941467
81190,8020,1.8508822917938232
81200,8021,2.9871997833251953
81210,8022,2.050710678100586
81220,8023,1.4537622928619385
81230,8024,3.466130018234253
81240,8025,3.781341791152954
81250,8026,0.8786872625350952
81260,8027,1.100854754447937
81270,8028,2.051785945892334
81280,8029,1.569944977760315
81290,8030,1.3314580917358398
81300,8031,0.8360613584518433
81310,8032,1.3710572719573975
81320,8033,1.9492144584655762
81330,8034,2.3301002979278564
81340,8035,2.026257038116455
81350,8036,1.561110258102417
81360,8037,2.1851089000701904
81370,8038,1.4250824451446533
81380,8039,6.397600173950195
81390,8040,3.046346664428711
81400,8041,0.8166389465332031
81410,8042,1.193497896194458
81420,8043,1.7384871244430542
81430,8044,1.492530345916748
81440,8045,0.9451194405555725
81450,8046,1.5013049840927124
81460,8047,1.4660823345184326
81470,8048,1.9179664850234985
81480,8049,1.741914987564087
81490,8050,9.356698989868164
81500,8051,1.4482502937316895
81510,8052,1.023593783378601
81520,8053,1.747491717338562
81530,8054,2.060394287109375
81540,8055,2.069716215133667
81550,8056,2.032590866088867
81560,8057,2.427401065826416
81570,8058,1.0543732643127441
81580,8059,1.4175560474395752
81590,8060,1.0942103862762451
81600,8061,2.4427683353424072
81610,8062,0.8620168566703796
81620,8063,1.3646938800811768
81630,8064,0.9735848307609558
81640,8065,15.592164039611816
81650,8066,1.1504000425338745
81660,8067,0.6104752421379089
81670,8068,1.895944595336914
81680,8069,2.7280936241149902
81690,8070,1.4751393795013428
81700,8071,1.3165634870529175
81710,8072,3.2540647983551025
81720,8073,2.6615712642669678
81730,8074,1.3872255086898804
81740,8075,0.9143041372299194
81750,8076,0.41250818967819214
81760,8077,1.2429858446121216
81770,8078,2.2970664501190186
81780,8079,3.9750683307647705
81790,8080,1.9405851364135742
81800,8081,1.9876432418823242
81810,8082,0.8920333385467529
81820,8083,6.737279415130615
81830,8084,1.1333147287368774
81840,8085,1.3904469013214111
81850,8086,5.167876243591309
81860,8087,2.0226428508758545
81870,8088,1.162638545036316
81880,8089,0.7454781532287598
81890,8090,3.819706439971924
81900,8091,2.867844343185425
81910,8092,2.062812328338623
81920,8093,1.570128083229065
81930,8094,1.8348942995071411
81940,8095,1.3144590854644775
81950,8096,8.568527221679688
81960,8097,0.9653646945953369
81970,8098,0.4206573963165283
81980,8099,3.2165908813476562
81990,8100,0.7729243636131287
82000,8101,1.0142356157302856
82010,8102,3.7171356678009033
82020,8103,1.0293453931808472
82030,8104,3.534576416015625
82040,8105,2.059068441390991
82050,8106,1.1170480251312256
82060,8107,1.5312377214431763
82070,8108,3.93469500541687
82080,8109,3.1608824729919434
82090,8110,1.6630299091339111
82100,8111,2.3538482189178467
82110,8112,1.7427047491073608
82120,8113,1.0359395742416382
82130,8114,2.647188186645508
82140,8115,1.4888650178909302
82150,8116,2.5064191818237305
82160,8117,1.2532119750976562
82170,8118,3.2190299034118652
82180,8119,2.47581148147583
82190,8120,0.7543368935585022
82200,8121,1.2944037914276123
82210,8122,5.107548236846924
82220,8123,1.4915186166763306
82230,8124,1.0360838174819946
82240,8125,4.904664993286133
82250,8126,5.547774791717529
82260,8127,1.2164989709854126
82270,8128,2.9075989723205566
82280,8129,0.978926420211792
82290,8130,1.3679077625274658
82300,8131,1.520498275756836
82310,8132,1.0893539190292358
82320,8133,1.223093867301941
82330,8134,1.7001965045928955
82340,8135,2.0505573749542236
82350,8136,2.3872463703155518
82360,8137,1.304594874382019
82370,8138,0.6518393754959106
82380,8139,6.193078517913818
82390,8140,5.744654178619385
82400,8141,1.8430142402648926
82410,8142,2.460425615310669
82420,8143,1.1513776779174805
82430,8144,0.8118541240692139
82440,8145,1.1448445320129395
82450,8146,1.809882402420044
82460,8147,0.7442730665206909
82470,8148,2.3852603435516357
82480,8149,2.485109806060791
82490,8150,3.0704948902130127
82500,8151,1.3053159713745117
82510,8152,1.5439023971557617
82520,8153,1.4537194967269897
82530,8154,12.677705764770508
82540,8155,1.5076695680618286
82550,8156,2.2503738403320312
82560,8157,0.9746623635292053
82570,8158,0.7372434735298157
82580,8159,2.146955966949463
82590,8160,0.8200771808624268
82600,8161,1.689709186553955
82610,8162,2.609689950942993
82620,8163,10.563844680786133
82630,8164,2.4344475269317627
82640,8165,6.950160026550293
82650,8166,2.2561190128326416
82660,8167,1.143904209136963
82670,8168,1.9481322765350342
82680,8169,1.2999210357666016
82690,8170,1.2729771137237549
82700,8171,1.923267126083374
82710,8172,1.4373414516448975
82720,8173,3.0457520484924316
82730,8174,4.787876605987549
82740,8175,0.8659471273422241
82750,8176,1.5402472019195557
82760,8177,1.5904262065887451
82770,8178,3.5390522480010986
82780,8179,1.4613629579544067
82790,8180,6.148336410522461
82800,8181,1.268823504447937
82810,8182,2.631467580795288
82820,8183,2.017080307006836
82830,8184,1.5381914377212524
82840,8185,0.8334829807281494
82850,8186,4.109249114990234
82860,8187,1.0548053979873657
82870,8188,9.37154769897461
82880,8189,1.1213891506195068
82890,8190,1.3465747833251953
82900,8191,5.730082035064697
82910,8192,1.1006877422332764
82920,8193,2.2897515296936035
82930,8194,1.2032526731491089
82940,8195,1.0683985948562622
82950,8196,0.9709264636039734
82960,8197,0.8300641775131226
82970,8198,2.1552956104278564
82980,8199,1.2369518280029297
82990,8200,4.425323486328125
83000,8201,5.121721267700195
83010,8202,1.037611961364746
83020,8203,1.403183937072754
83030,8204,1.6105175018310547
83040,8205,6.609195232391357
83050,8206,1.2884762287139893
83060,8207,11.138032913208008
83070,8208,1.5317316055297852
83080,8209,1.7018890380859375
83090,8210,2.5935821533203125
83100,8211,1.3529590368270874
83110,8212,1.6786707639694214
83120,8213,1.917538046836853
83130,8214,1.3249568939208984
83140,8215,2.859334945678711
83150,8216,2.472726821899414
83160,8217,2.0002803802490234
83170,8218,3.381303071975708
83180,8219,1.5657087564468384
83190,8220,1.4937474727630615
83200,8221,3.159511089324951
83210,8222,0.9158111214637756
83220,8223,2.2067577838897705
83230,8224,1.4298217296600342
83240,8225,1.5736035108566284
83250,8226,1.8838963508605957
83260,8227,1.9522066116333008
83270,8228,1.669268250465393
83280,8229,1.2422873973846436
83290,8230,1.1845011711120605
83300,8231,1.0421290397644043
83310,8232,2.144576072692871
83320,8233,1.1970839500427246
83330,8234,1.0405381917953491
83340,8235,0.8889992237091064
83350,8236,1.4093060493469238
83360,8237,2.6082496643066406
83370,8238,2.5571906566619873
83380,8239,4.3414530754089355
83390,8240,1.387259602546692
83400,8241,9.908467292785645
83410,8242,1.3352638483047485
83420,8243,3.208540678024292
83430,8244,1.8420737981796265
83440,8245,4.372717380523682
83450,8246,6.862660884857178
83460,8247,1.4450727701187134
83470,8248,3.5469396114349365
83480,8249,2.8927865028381348
83490,8250,1.0949287414550781
83500,8251,1.6333441734313965
83510,8252,1.8866596221923828
83520,8253,2.355799913406372
83530,8254,1.3661705255508423
83540,8255,1.7747368812561035
83550,8256,1.8036134243011475
83560,8257,1.0169689655303955
83570,8258,0.960623025894165
83580,8259,0.521104633808136
83590,8260,4.687507629394531
83600,8261,2.391294479370117
83610,8262,1.9075071811676025
83620,8263,2.8524205684661865
83630,8264,1.4150464534759521
83640,8265,8.598986625671387
83650,8266,2.2959377765655518
83660,8267,12.728891372680664
83670,8268,1.4373210668563843
83680,8269,5.086709976196289
83690,8270,7.991726398468018
83700,8271,2.1836280822753906
83710,8272,3.1723880767822266
83720,8273,3.784182548522949
83730,8274,1.8658761978149414
83740,8275,2.349527359008789
83750,8276,0.9260263442993164
83760,8277,1.7424118518829346
83770,8278,2.11881947517395
83780,8279,2.768620014190674
83790,8280,0.9646286964416504
83800,8281,2.7745652198791504
83810,8282,2.460484743118286
83820,8283,1.233285665512085
83830,8284,1.8736956119537354
83840,8285,1.7276477813720703
83850,8286,0.8500639200210571
83860,8287,2.8951869010925293
83870,8288,1.3418574333190918
83880,8289,2.3118386268615723
83890,8290,6.195281028747559
83900,8291,1.0650092363357544
83910,8292,1.5065425634384155
83920,8293,3.561854124069214
83930,8294,2.357309579849243
83940,8295,1.3641369342803955
83950,8296,1.3773975372314453
83960,8297,1.6646322011947632
83970,8298,1.1475627422332764
83980,8299,1.3528765439987183
83990,8300,2.6013412475585938
84000,8301,1.412743330001831
84010,8302,2.6719231605529785
84020,8303,1.4992671012878418
84030,8304,1.7085222005844116
84040,8305,1.3387547731399536
84050,8306,3.578195810317993
84060,8307,1.270342230796814
84070,8308,1.4662972688674927
84080,8309,2.3507320880889893
84090,8310,1.909398078918457
84100,8311,1.5202118158340454
84110,8312,6.740124225616455
84120,8313,2.413064956665039
84130,8314,5.797334671020508
84140,8315,6.195547103881836
84150,8316,2.764371871948242
84160,8317,1.3841015100479126
84170,8318,4.816699504852295
84180,8319,1.317251205444336
84190,8320,3.994149684906006
84200,8321,2.490833044052124
84210,8322,2.524596929550171
84220,8323,0.91518235206604
84230,8324,3.9389777183532715
84240,8325,1.3179653882980347
84250,8326,3.953371047973633
84260,8327,1.1486304998397827
84270,8328,3.3760986328125
84280,8329,1.2248787879943848
84290,8330,0.8457610011100769
84300,8331,1.7534517049789429
84310,8332,1.3400002717971802
84320,8333,1.568577766418457
84330,8334,1.0846412181854248
84340,8335,2.4110169410705566
84350,8336,0.6896868944168091
84360,8337,2.107748031616211
84370,8338,1.7882217168807983
84380,8339,2.077683687210083
84390,8340,2.1051623821258545
84400,8341,1.0405105352401733
84410,8342,0.9756305813789368
84420,8343,0.9600485563278198
84430,8344,1.9971909523010254
84440,8345,1.2904760837554932
84450,8346,1.5741058588027954
84460,8347,1.4241106510162354
84470,8348,1.2708510160446167
84480,8349,1.4329465627670288
84490,8350,0.7868046760559082
84500,8351,0.6311907768249512
84510,8352,1.4639525413513184
84520,8353,1.6604708433151245
84530,8354,2.716902256011963
84540,8355,0.9469017386436462
84550,8356,1.1834665536880493
84560,8357,1.3317471742630005
84570,8358,0.7435901761054993
84580,8359,1.69700026512146
84590,8360,2.453303575515747
84600,8361,1.4959008693695068
84610,8362,2.160309076309204
84620,8363,1.9405696392059326
84630,8364,1.3414437770843506
84640,8365,1.4571539163589478
84650,8366,3.906564712524414
84660,8367,1.0967299938201904
84670,8368,1.548156976699829
84680,8369,0.6970202326774597
84690,8370,1.8269869089126587
84700,8371,2.02996826171875
84710,8372,2.0423457622528076
84720,8373,0.9282294511795044
84730,8374,15.124844551086426
84740,8375,1.7402596473693848
84750,8376,4.304999351501465
84760,8377,0.7041662931442261
84770,8378,2.1147382259368896
84780,8379,3.00130558013916
84790,8380,2.4054861068725586
84800,8381,2.8312385082244873
84810,8382,1.0822654962539673
84820,8383,0.7902141213417053
84830,8384,7.861520290374756
84840,8385,2.0150794982910156
84850,8386,1.6188435554504395
84860,8387,7.039879322052002
84870,8388,1.1537333726882935
84880,8389,0.9860129356384277
84890,8390,2.5505897998809814
84900,8391,0.6203553676605225
84910,8392,3.4571447372436523
84920,8393,1.5402727127075195
84930,8394,1.0716450214385986
84940,8395,0.4440838098526001
84950,8396,5.468415260314941
84960,8397,11.333797454833984
84970,8398,1.1781648397445679
84980,8399,1.2018399238586426
84990,8400,3.302300453186035
85000,8401,1.151126742362976
85010,8402,5.986859321594238
85020,8403,2.0432403087615967
85030,8404,3.0151331424713135
85040,8405,9.156744956970215
85050,8406,2.368720769882202
85060,8407,2.469893455505371
85070,8408,1.989547848701477
85080,8409,3.4543871879577637
85090,8410,1.5657967329025269
85100,8411,2.7082552909851074
85110,8412,4.044853210449219
85120,8413,4.232274532318115
85130,8414,2.3818111419677734
85140,8415,1.3659590482711792
85150,8416,2.5989537239074707
85160,8417,2.8430867195129395
85170,8418,2.286022901535034
85180,8419,2.551798105239868
85190,8420,2.6141772270202637
85200,8421,4.930450439453125
85210,8422,2.478165626525879
85220,8423,1.270456075668335
85230,8424,3.8739235401153564
85240,8425,2.6841416358947754
85250,8426,4.460128307342529
85260,8427,1.7530449628829956
85270,8428,1.1906672716140747
85280,8429,1.2246460914611816
85290,8430,2.5436460971832275
85300,8431,1.757226586341858
85310,8432,1.7456767559051514
85320,8433,4.845664978027344
85330,8434,1.8896424770355225
85340,8435,4.374963283538818
85350,8436,1.1979576349258423
85360,8437,1.3352527618408203
85370,8438,2.171464443206787
85380,8439,2.419560432434082
85390,8440,1.4130730628967285
85400,8441,1.1601382493972778
85410,8442,1.2650389671325684
85420,8443,2.9312891960144043
85430,8444,1.6565825939178467
85440,8445,2.595071792602539
85450,8446,2.7469568252563477
85460,8447,1.2882276773452759
85470,8448,1.433936595916748
85480,8449,0.9899394512176514
85490,8450,3.7744834423065186
85500,8451,5.140976428985596
85510,8452,2.1019794940948486
85520,8453,1.84980046749115
85530,8454,1.974575400352478
85540,8455,1.0249379873275757
85550,8456,1.2587910890579224
85560,8457,1.293001413345337
85570,8458,5.995672702789307
85580,8459,1.536618709564209
85590,8460,0.9363879561424255
85600,8461,1.568355679512024
85610,8462,1.127068281173706
85620,8463,2.7352354526519775
85630,8464,1.2340565919876099
85640,8465,1.4311190843582153
85650,8466,1.7014859914779663
85660,8467,1.0120928287506104
85670,8468,5.107298374176025
85680,8469,0.761922299861908
85690,8470,1.4348076581954956
85700,8471,2.763791561126709
85710,8472,0.9902138710021973
85720,8473,1.543473720550537
85730,8474,2.5638391971588135
85740,8475,3.0487775802612305
85750,8476,0.8343154191970825
85760,8477,1.1666804552078247
85770,8478,2.0585861206054688
85780,8479,1.5982943773269653
85790,8480,1.6377944946289062
85800,8481,2.4026451110839844
85810,8482,2.3356525897979736
85820,8483,10.768733978271484
85830,8484,3.376260757446289
85840,8485,2.567650556564331
85850,8486,1.059975266456604
85860,8487,6.650905132293701
85870,8488,0.829974889755249
85880,8489,1.0626167058944702
85890,8490,2.147000551223755
85900,8491,2.6527512073516846
85910,8492,2.2983579635620117
85920,8493,5.343778133392334
85930,8494,1.8639775514602661
85940,8495,1.581900954246521
85950,8496,3.733978271484375
85960,8497,1.386199951171875
85970,8498,1.4872044324874878
85980,8499,2.3598947525024414
85990,8500,1.3353679180145264
86000,8501,1.3871766328811646
86010,8502,2.540663719177246
86020,8503,1.7840650081634521
86030,8504,1.6247074604034424
86040,8505,5.485815525054932
86050,8506,3.25828218460083
86060,8507,4.177890300750732
86070,8508,1.7222012281417847
86080,8509,3.082446813583374
86090,8510,3.568274974822998
86100,8511,1.9681752920150757
86110,8512,0.8467962145805359
86120,8513,2.584506034851074
86130,8514,2.8776144981384277
86140,8515,3.892002820968628
86150,8516,1.5100785493850708
86160,8517,1.0585823059082031
86170,8518,1.9419392347335815
86180,8519,0.7134820818901062
86190,8520,1.1128764152526855
86200,8521,2.1175694465637207
86210,8522,2.4866738319396973
86220,8523,3.1871325969696045
86230,8524,1.685185194015503
86240,8525,1.7034456729888916
86250,8526,2.2566614151000977
86260,8527,3.180224657058716
86270,8528,1.8369759321212769
86280,8529,0.9602635502815247
86290,8530,1.6311326026916504
86300,8531,8.964664459228516
86310,8532,1.9270497560501099
86320,8533,1.324961543083191
86330,8534,1.145849585533142
86340,8535,2.27362322807312
86350,8536,5.6714911460876465
86360,8537,0.9845747947692871
86370,8538,2.039055585861206
86380,8539,1.2861109972000122
86390,8540,1.5921097993850708
86400,8541,0.9055706858634949
86410,8542,1.1164370775222778
86420,8543,0.7137176990509033
86430,8544,3.1341803073883057
86440,8545,2.5065343379974365
86450,8546,2.099794626235962
86460,8547,4.181596279144287
86470,8548,9.099196434020996
86480,8549,1.0701801776885986
86490,8550,1.4062219858169556
86500,8551,1.575655460357666
86510,8552,1.7137625217437744
86520,8553,3.659919261932373
86530,8554,2.116908550262451
86540,8555,1.695281744003296
86550,8556,0.9724584221839905
86560,8557,2.766639232635498
86570,8558,2.36018443107605
86580,8559,1.9073954820632935
86590,8560,1.0553474426269531
86600,8561,11.285199165344238
86610,8562,2.09787917137146
86620,8563,2.2100744247436523
86630,8564,2.1672232151031494
86640,8565,3.210132360458374
86650,8566,9.425296783447266
86660,8567,3.5214529037475586
86670,8568,2.1728789806365967
86680,8569,2.0732665061950684
86690,8570,2.087512493133545
86700,8571,4.366703987121582
86710,8572,1.2934598922729492
86720,8573,3.437800407409668
86730,8574,1.572390079498291
86740,8575,2.502243995666504
86750,8576,4.166731357574463
86760,8577,2.4826905727386475
86770,8578,2.9472765922546387
86780,8579,1.673240303993225
86790,8580,1.1157047748565674
86800,8581,5.952841281890869
86810,8582,3.917555332183838
86820,8583,2.1797637939453125
86830,8584,2.64493989944458
86840,8585,1.7148469686508179
86850,8586,2.1127240657806396
86860,8587,0.9008869528770447
86870,8588,2.0521492958068848
86880,8589,3.4660165309906006
86890,8590,3.3811194896698
86900,8591,1.6345986127853394
86910,8592,0.8912816643714905
86920,8593,1.8344825506210327
86930,8594,2.615694284439087
86940,8595,1.218843936920166
86950,8596,2.8873112201690674
86960,8597,1.3973438739776611
86970,8598,2.530088424682617
86980,8599,2.7956833839416504
86990,8600,1.6477108001708984
87000,8601,1.0112072229385376
87010,8602,3.4760475158691406
87020,8603,1.992423415184021
87030,8604,1.2113314867019653
87040,8605,2.498060464859009
87050,8606,2.2706127166748047
87060,8607,2.331284761428833
87070,8608,1.8958125114440918
87080,8609,3.6885781288146973
87090,8610,2.598191499710083
87100,8611,1.3571715354919434
87110,8612,2.437061071395874
87120,8613,1.718435287475586
87130,8614,1.800693154335022
87140,8615,0.8472245931625366
87150,8616,3.2664475440979004
87160,8617,7.659572601318359
87170,8618,2.79475736618042
87180,8619,1.678712010383606
87190,8620,1.8994314670562744
87200,8621,5.224170684814453
87210,8622,1.4362988471984863
87220,8623,0.757003128528595
87230,8624,3.0576577186584473
87240,8625,2.6737635135650635
87250,8626,5.562964916229248
87260,8627,2.258962631225586
87270,8628,1.1340737342834473
87280,8629,1.4483338594436646
87290,8630,6.450308799743652
87300,8631,1.3917454481124878
87310,8632,1.8803009986877441
87320,8633,7.554418563842773
87330,8634,5.718027591705322
87340,8635,1.3668177127838135
87350,8636,3.390787124633789
87360,8637,2.532888412475586
87370,8638,4.006089687347412
87380,8639,1.5692481994628906
87390,8640,3.4493305683135986
87400,8641,2.373495578765869
87410,8642,1.490248203277588
87420,8643,1.7361607551574707
87430,8644,4.154979705810547
87440,8645,1.289171814918518
87450,8646,0.9735867977142334
87460,8647,1.6360059976577759
87470,8648,2.547553062438965
87480,8649,1.4280848503112793
87490,8650,0.8459063172340393
87500,8651,1.4006580114364624
87510,8652,5.326723098754883
87520,8653,1.4058523178100586
87530,8654,1.100609540939331
87540,8655,0.5719942450523376
87550,8656,0.7094374895095825
87560,8657,0.9075985550880432
87570,8658,2.4509212970733643
87580,8659,3.1820716857910156
87590,8660,1.9489665031433105
87600,8661,1.6233388185501099
87610,8662,2.0167863368988037
87620,8663,9.095815658569336
87630,8664,1.7446584701538086
87640,8665,1.3433128595352173
87650,8666,0.8149338960647583
87660,8667,0.7497849464416504
87670,8668,3.068133592605591
87680,8669,4.590864181518555
87690,8670,8.091395378112793
87700,8671,3.4444284439086914
87710,8672,1.5842808485031128
87720,8673,0.5025765895843506
87730,8674,0.9621424674987793
87740,8675,1.4583719968795776
87750,8676,1.0171840190887451
87760,8677,2.9238386154174805
87770,8678,3.6964588165283203
87780,8679,4.2948198318481445
87790,8680,1.0572054386138916
87800,8681,1.3112974166870117
87810,8682,1.6766406297683716
87820,8683,1.6751375198364258
87830,8684,9.873241424560547
87840,8685,2.158052444458008
87850,8686,1.3410804271697998
87860,8687,5.568171977996826
87870,8688,1.3541699647903442
87880,8689,1.5658190250396729
87890,8690,2.5459249019622803
87900,8691,2.3036580085754395
87910,8692,2.3796815872192383
87920,8693,2.4998605251312256
87930,8694,4.156285762786865
87940,8695,1.5980257987976074
87950,8696,1.4537373781204224
87960,8697,2.4951319694519043
87970,8698,1.3066797256469727
87980,8699,1.3746750354766846
87990,8700,3.2278130054473877
88000,8701,3.591848373413086
88010,8702,2.4388370513916016
88020,8703,1.4325999021530151
88030,8704,10.275833129882812
88040,8705,1.992307424545288
88050,8706,2.8490281105041504
88060,8707,1.199169635772705
88070,8708,1.1995055675506592
88080,8709,1.2037906646728516
88090,8710,1.1982078552246094
88100,8711,2.8735179901123047
88110,8712,3.642843246459961
88120,8713,1.4592339992523193
88130,8714,1.0604526996612549
88140,8715,2.050446033477783
88150,8716,5.762362003326416
88160,8717,2.849888563156128
88170,8718,0.8718138933181763
88180,8719,0.8458844423294067
88190,8720,7.387752532958984
88200,8721,1.477164626121521
88210,8722,2.1203789710998535
88220,8723,1.9663525819778442
88230,8724,5.87013053894043
88240,8725,1.2313164472579956
88250,8726,2.245600700378418
88260,8727,0.9391164183616638
88270,8728,1.0245721340179443
88280,8729,1.3185473680496216
88290,8730,1.217660665512085
88300,8731,1.9268656969070435
88310,8732,1.7065736055374146
88320,8733,2.9428372383117676
88330,8734,2.5152242183685303
88340,8735,1.9983495473861694
88350,8736,1.562446117401123
88360,8737,1.9852041006088257
88370,8738,4.22416877746582
88380,8739,1.468443751335144
88390,8740,3.429993152618408
88400,8741,1.4411653280258179
88410,8742,2.2912046909332275
88420,8743,4.258190155029297
88430,8744,2.1043872833251953
88440,8745,1.50372314453125
88450,8746,1.036051630973816
88460,8747,2.247115135192871
88470,8748,1.184429407119751
88480,8749,1.083328366279602
88490,8750,1.28024423122406
88500,8751,1.3613593578338623
88510,8752,2.4716482162475586
88520,8753,1.9890445470809937
88530,8754,1.3601734638214111
88540,8755,1.0895698070526123
88550,8756,1.1419540643692017
88560,8757,1.824289321899414
88570,8758,1.90461266040802
88580,8759,1.1578929424285889
88590,8760,1.373610258102417
88600,8761,1.4962563514709473
88610,8762,1.3055499792099
88620,8763,1.3390564918518066
88630,8764,9.351997375488281
88640,8765,6.685087203979492
88650,8766,1.1241297721862793
88660,8767,0.830837070941925
88670,8768,3.2290148735046387
88680,8769,3.0949583053588867
88690,8770,2.0868871212005615
88700,8771,1.6370773315429688
88710,8772,2.412705659866333
88720,8773,5.312548637390137
88730,8774,2.5650508403778076
88740,8775,1.3938144445419312
88750,8776,1.2942321300506592
88760,8777,2.146132707595825
88770,8778,1.241647481918335
88780,8779,8.01525592803955
88790,8780,1.4114408493041992
88800,8781,2.7201874256134033
88810,8782,1.8448370695114136
88820,8783,0.7272433042526245
88830,8784,3.593928337097168
88840,8785,2.228259325027466
88850,8786,1.035126805305481
88860,8787,1.958353042602539
88870,8788,1.4157133102416992
88880,8789,1.0384224653244019
88890,8790,0.9819270372390747
88900,8791,8.925345420837402
88910,8792,3.2072274684906006
88920,8793,0.8516124486923218
88930,8794,1.9139219522476196
88940,8795,6.367686748504639
88950,8796,2.2776894569396973
88960,8797,2.1942152976989746
88970,8798,1.875187635421753
88980,8799,1.258445143699646
88990,8800,2.804831027984619
89000,8801,1.8780702352523804
89010,8802,2.903655767440796
89020,8803,1.5429773330688477
89030,8804,3.8509936332702637
89040,8805,1.963655710220337
89050,8806,2.604849100112915
89060,8807,2.9138803482055664
89070,8808,1.4894474744796753
89080,8809,3.8341026306152344
89090,8810,2.0344645977020264
89100,8811,2.345069169998169
89110,8812,1.072121500968933
89120,8813,1.22976815700531
89130,8814,1.1894639730453491
89140,8815,1.0709515810012817
89150,8816,2.4663302898406982
89160,8817,1.0294424295425415
89170,8818,5.748263359069824
89180,8819,1.48922598361969
89190,8820,4.381863117218018
89200,8821,2.3375329971313477
89210,8822,9.5279541015625
89220,8823,3.201657772064209
89230,8824,3.170477867126465
89240,8825,1.6373294591903687
89250,8826,1.0074801445007324
89260,8827,1.037111520767212
89270,8828,1.8627220392227173
89280,8829,2.1741061210632324
89290,8830,2.459212064743042
89300,8831,2.3706023693084717
89310,8832,0.9931769371032715
89320,8833,0.9815952181816101
89330,8834,5.0529866218566895
89340,8835,1.5227985382080078
89350,8836,0.988736629486084
89360,8837,6.8173298835754395
89370,8838,1.5076112747192383
89380,8839,1.516256332397461
89390,8840,1.4111686944961548
89400,8841,1.2645002603530884
89410,8842,3.529109001159668
89420,8843,1.8584531545639038
89430,8844,0.9903569221496582
89440,8845,1.3922525644302368
89450,8846,2.1973252296447754
89460,8847,1.9490933418273926
89470,8848,2.470184326171875
89480,8849,2.7253611087799072
89490,8850,1.5092114210128784
89500,8851,2.6443307399749756
89510,8852,1.7485305070877075
89520,8853,4.605233192443848
89530,8854,1.664374828338623
89540,8855,1.556705355644226
89550,8856,2.2738122940063477
89560,8857,3.0079102516174316
89570,8858,3.1713664531707764
89580,8859,1.3264085054397583
89590,8860,2.4143435955047607
89600,8861,2.1276919841766357
89610,8862,1.1185392141342163
89620,8863,1.1325734853744507
89630,8864,3.0263020992279053
89640,8865,2.6139492988586426
89650,8866,1.6253790855407715
89660,8867,2.3141725063323975
89670,8868,1.6239084005355835
89680,8869,3.9443821907043457
89690,8870,1.7660043239593506
89700,8871,1.2377169132232666
89710,8872,0.5366260409355164
89720,8873,1.5482877492904663
89730,8874,2.519199848175049
89740,8875,0.582983136177063
89750,8876,1.627629280090332
89760,8877,5.236307621002197
89770,8878,3.3636646270751953
89780,8879,1.9731625318527222
89790,8880,2.6124770641326904
89800,8881,0.9370192289352417
89810,8882,1.366163730621338
89820,8883,2.7058346271514893
89830,8884,1.3043183088302612
89840,8885,0.9768564701080322
89850,8886,1.3961515426635742
89860,8887,1.4630279541015625
89870,8888,0.9182569980621338
89880,8889,0.7413585186004639
89890,8890,2.7261948585510254
89900,8891,1.6855132579803467
89910,8892,1.1116716861724854
89920,8893,2.224912166595459
89930,8894,1.141450047492981
89940,8895,3.9893486499786377
89950,8896,0.9570857286453247
89960,8897,2.6862473487854004
89970,8898,2.331599235534668
89980,8899,3.5408105850219727
89990,8900,2.7196176052093506
90000,8901,4.131020545959473
90010,8902,0.6431093811988831
90020,8903,1.492492437362671
90030,8904,2.092207908630371
90040,8905,0.946605920791626
90050,8906,2.2392947673797607
90060,8907,1.044701099395752
90070,8908,1.3793981075286865
90080,8909,1.7835259437561035
90090,8910,1.8427162170410156
90100,8911,2.255286931991577
90110,8912,1.0828096866607666
90120,8913,6.824449062347412
90130,8914,1.5472772121429443
90140,8915,2.095264196395874
90150,8916,5.712570667266846
90160,8917,2.1118099689483643
90170,8918,1.2617589235305786
90180,8919,3.554903745651245
90190,8920,2.5263590812683105
90200,8921,2.1493732929229736
90210,8922,2.0149967670440674
90220,8923,1.0949852466583252
90230,8924,8.413309097290039
90240,8925,2.3002893924713135
90250,8926,2.576270818710327
90260,8927,2.0133397579193115
90270,8928,3.2387678623199463
90280,8929,0.8495664596557617
90290,8930,3.4400341510772705
90300,8931,1.324598789215088
90310,8932,2.2590537071228027
90320,8933,1.528745412826538
90330,8934,1.0082530975341797
90340,8935,6.240482807159424
90350,8936,0.9669169783592224
90360,8937,1.8724275827407837
90370,8938,4.476933479309082
90380,8939,2.745236873626709
90390,8940,0.6222220659255981
90400,8941,1.1667667627334595
90410,8942,3.0744831562042236
90420,8943,0.9643648266792297
90430,8944,1.3995434045791626
90440,8945,1.9177502393722534
90450,8946,1.9068210124969482
90460,8947,1.4959357976913452
90470,8948,1.9101499319076538
90480,8949,0.8354086875915527
90490,8950,1.7155948877334595
90500,8951,1.5859402418136597
90510,8952,2.177135467529297
90520,8953,1.523787260055542
90530,8954,1.3189271688461304
90540,8955,3.4180843830108643
90550,8956,3.070960760116577
90560,8957,0.8208342790603638
90570,8958,2.3030953407287598
90580,8959,0.9928191900253296
90590,8960,2.1575911045074463
90600,8961,3.2654576301574707
90610,8962,1.7018476724624634
90620,8963,1.10009765625
90630,8964,3.097595691680908
90640,8965,0.8414586186408997
90650,8966,1.134185552597046
90660,8967,2.805617570877075
90670,8968,3.8477678298950195
90680,8969,1.0525321960449219
90690,8970,2.0568795204162598
90700,8971,1.6137560606002808
90710,8972,1.1581597328186035
90720,8973,1.71915602684021
90730,8974,4.1886796951293945
90740,8975,0.7187741994857788
90750,8976,1.054499626159668
90760,8977,1.9063233137130737
90770,8978,0.990628719329834
90780,8979,3.74418568611145
90790,8980,1.218908667564392
90800,8981,2.7542524337768555
90810,8982,1.3506113290786743
90820,8983,1.1569509506225586
90830,8984,3.559649705886841
90840,8985,0.5328393578529358
90850,8986,2.459959030151367
90860,8987,0.9321386218070984
90870,8988,6.8827900886535645
90880,8989,1.4812841415405273
90890,8990,2.013390302658081
90900,8991,1.430562973022461
90910,8992,5.107124328613281
90920,8993,1.8917067050933838
90930,8994,3.9201948642730713
90940,8995,1.804903268814087
90950,8996,1.2009042501449585
90960,8997,3.1113245487213135
90970,8998,0.8384160995483398
90980,8999,2.067412853240967
90990,9000,5.119569778442383
91000,9001,1.3475250005722046
91010,9002,1.5604523420333862
91020,9003,3.1910860538482666
91030,9004,2.564284563064575
91040,9005,2.0607128143310547
91050,9006,3.43998122215271
91060,9007,1.124280333518982
91070,9008,1.8877300024032593
91080,9009,1.9995858669281006
91090,9010,1.472206711769104
91100,9011,3.8206958770751953
91110,9012,1.9739539623260498
91120,9013,1.8362324237823486
91130,9014,2.3537042140960693
91140,9015,0.8059389591217041
91150,9016,3.247025966644287
91160,9017,2.9622204303741455
91170,9018,2.0911641120910645
91180,9019,2.985704183578491
91190,9020,2.9501800537109375
91200,9021,1.6665241718292236
91210,9022,1.2387442588806152
91220,9023,1.3535994291305542
91230,9024,4.006143569946289
91240,9025,1.4476187229156494
91250,9026,1.7465804815292358
91260,9027,1.4934265613555908
91270,9028,1.6056458950042725
91280,9029,1.1459002494812012
91290,9030,2.4282031059265137
91300,9031,0.7823634743690491
91310,9032,1.2261955738067627
91320,9033,1.5456629991531372
91330,9034,1.7960511445999146
91340,9035,1.3179869651794434
91350,9036,1.0254803895950317
91360,9037,1.5232855081558228
91370,9038,1.821640968322754
91380,9039,1.1206313371658325
91390,9040,1.0092661380767822
91400,9041,1.6123605966567993
91410,9042,2.321601390838623
91420,9043,3.345686674118042
91430,9044,7.8369550704956055
91440,9045,2.6304149627685547
91450,9046,1.2585523128509521
91460,9047,0.7254823446273804
91470,9048,1.7863940000534058
91480,9049,1.143344759941101
91490,9050,3.1147267818450928
91500,9051,0.6521721482276917
91510,9052,2.696047782897949
91520,9053,1.7563292980194092
91530,9054,4.159494876861572
91540,9055,1.9132362604141235
91550,9056,2.424131155014038
91560,9057,1.8598401546478271
91570,9058,0.688957154750824
91580,9059,1.6916861534118652
91590,9060,1.9292720556259155
91600,9061,1.5866801738739014
91610,9062,1.1969544887542725
91620,9063,2.882039785385132
91630,9064,2.1791441440582275
91640,9065,1.3444825410842896
91650,9066,7.571261882781982
91660,9067,1.8971668481826782
91670,9068,1.3244664669036865
91680,9069,3.238914728164673
91690,9070,1.9766831398010254
91700,9071,0.6778263449668884
91710,9072,1.0774058103561401
91720,9073,2.465818166732788
91730,9074,1.2002942562103271
91740,9075,1.775380253791809
91750,9076,3.6139721870422363
91760,9077,1.349557638168335
91770,9078,1.1489965915679932
91780,9079,1.1054377555847168
91790,9080,5.911187648773193
91800,9081,0.906929612159729
91810,9082,2.55387020111084
91820,9083,3.9976022243499756
91830,9084,0.5415721535682678
91840,9085,0.6996970772743225
91850,9086,0.7390894293785095
91860,9087,0.9099153876304626
91870,9088,1.3822903633117676
91880,9089,1.017768144607544
91890,9090,1.9536077976226807
91900,9091,1.4519089460372925
91910,9092,0.7384559512138367
91920,9093,1.599657416343689
91930,9094,1.9116379022598267
91940,9095,0.5634572505950928
91950,9096,0.8248312473297119
91960,9097,0.8131319284439087
91970,9098,1.5354948043823242
91980,9099,3.3979709148406982
91990,9100,0.9666804075241089
92000,9101,1.0755773782730103
92010,9102,1.712287425994873
92020,9103,2.051896333694458
92030,9104,2.229628324508667
92040,9105,2.200004816055298
92050,9106,1.9515283107757568
92060,9107,1.092513084411621
92070,9108,1.2968920469284058
92080,9109,1.0140392780303955
92090,9110,1.722732663154602
92100,9111,1.1998443603515625
92110,9112,1.426303744316101
92120,9113,2.3755128383636475
92130,9114,1.9157737493515015
92140,9115,4.07354211807251
92150,9116,2.235626697540283
92160,9117,1.4944322109222412
92170,9118,2.007781505584717
92180,9119,3.378070116043091
92190,9120,0.9956496953964233
92200,9121,0.44820836186408997
92210,9122,2.4968032836914062
92220,9123,1.4764434099197388
92230,9124,1.7945607900619507
92240,9125,5.555220127105713
92250,9126,1.4651219844818115
92260,9127,2.6785190105438232
92270,9128,2.2426886558532715
92280,9129,0.7461035251617432
92290,9130,1.1171871423721313
92300,9131,1.2949590682983398
92310,9132,3.6131763458251953
92320,9133,1.903674602508545
92330,9134,2.0364694595336914
92340,9135,6.7000412940979
92350,9136,1.69801926612854
92360,9137,0.9348270297050476
92370,9138,1.7149949073791504
92380,9139,1.9350438117980957
92390,9140,1.4319956302642822
92400,9141,4.7340521812438965
92410,9142,1.4387938976287842
92420,9143,1.7777550220489502
92430,9144,2.316852569580078
92440,9145,4.899176597595215
92450,9146,2.408005475997925
92460,9147,9.662035942077637
92470,9148,1.06043541431427
92480,9149,1.160761833190918
92490,9150,1.258095145225525
92500,9151,1.678727149963379
92510,9152,1.6588618755340576
92520,9153,2.573537588119507
92530,9154,1.5697356462478638
92540,9155,1.397067904472351
92550,9156,0.6556481122970581
92560,9157,3.55318021774292
92570,9158,1.121205449104309
92580,9159,1.345908522605896
92590,9160,1.7316079139709473
92600,9161,1.9082845449447632
92610,9162,1.9936192035675049
92620,9163,1.5985313653945923
92630,9164,0.49605536460876465
92640,9165,5.046104431152344
92650,9166,0.6129537224769592
92660,9167,1.6427043676376343
92670,9168,7.331421852111816
92680,9169,3.1571288108825684
92690,9170,3.0913984775543213
92700,9171,3.993072986602783
92710,9172,2.9831905364990234
92720,9173,1.7919625043869019
92730,9174,4.105278015136719
92740,9175,1.0821589231491089
92750,9176,1.2113817930221558
92760,9177,4.365835189819336
92770,9178,1.4367263317108154
92780,9179,7.4444427490234375
92790,9180,1.2933111190795898
92800,9181,1.4114471673965454
92810,9182,3.55826473236084
92820,9183,3.3555448055267334
92830,9184,2.6376118659973145
92840,9185,1.1198064088821411
92850,9186,2.6720738410949707
92860,9187,1.668971061706543
92870,9188,0.8046444654464722
92880,9189,3.2226459980010986
92890,9190,0.7572546601295471
92900,9191,2.0436348915100098
92910,9192,1.336029052734375
92920,9193,1.6500303745269775
92930,9194,1.276383399963379
92940,9195,3.1990268230438232
92950,9196,1.457743525505066
92960,9197,1.2034564018249512
92970,9198,1.490659475326538
92980,9199,1.7023992538452148
92990,9200,0.7188592553138733
93000,9201,1.4546235799789429
93010,9202,1.9518985748291016
93020,9203,1.8662850856781006
93030,9204,1.527665376663208
93040,9205,1.4235117435455322
93050,9206,1.3599820137023926
93060,9207,1.8731157779693604
93070,9208,1.437804102897644
93080,9209,1.1807491779327393
93090,9210,1.8293731212615967
93100,9211,1.3137508630752563
93110,9212,2.311781883239746
93120,9213,1.1657737493515015
93130,9214,1.022059440612793
93140,9215,1.2508022785186768
93150,9216,2.090627431869507
93160,9217,3.3701093196868896
93170,9218,2.8134658336639404
93180,9219,1.5457786321640015
93190,9220,1.106895089149475
93200,9221,3.5502922534942627
93210,9222,1.1358665227890015
93220,9223,2.7231783866882324
93230,9224,1.1783428192138672
93240,9225,4.314410209655762
93250,9226,0.9584012627601624
93260,9227,6.158849239349365
93270,9228,0.7156915068626404
93280,9229,2.3305504322052
93290,9230,1.3284021615982056
93300,9231,1.0724449157714844
93310,9232,2.6519877910614014
93320,9233,1.815199375152588
93330,9234,2.7463831901550293
93340,9235,1.0129485130310059
93350,9236,1.2080280780792236
93360,9237,1.7483556270599365
93370,9238,2.0143356323242188
93380,9239,0.6962546110153198
93390,9240,1.3477369546890259
93400,9241,3.622826099395752
93410,9242,0.6319893598556519
93420,9243,0.9296420216560364
93430,9244,1.627096176147461
93440,9245,2.049269199371338
93450,9246,1.8869625329971313
93460,9247,0.9829374551773071
93470,9248,2.126617431640625
93480,9249,1.8480377197265625
93490,9250,1.7702829837799072
93500,9251,1.4648107290267944
93510,9252,1.1470036506652832
93520,9253,1.9242147207260132
93530,9254,0.697348952293396
93540,9255,1.072065830230713
93550,9256,1.9530061483383179
93560,9257,1.8120152950286865
93570,9258,1.7606909275054932
93580,9259,1.6836247444152832
93590,9260,2.3182640075683594
93600,9261,1.2942042350769043
93610,9262,1.141189694404602
93620,9263,1.6342933177947998
93630,9264,2.642700672149658
93640,9265,2.3756887912750244
93650,9266,9.349708557128906
93660,9267,1.696938395500183
93670,9268,0.8246733546257019
93680,9269,2.092122793197632
93690,9270,1.555023431777954
93700,9271,0.4945603311061859
93710,9272,0.7337363958358765
93720,9273,2.0220067501068115
93730,9274,1.0467150211334229
93740,9275,1.3028616905212402
93750,9276,1.2892969846725464
93760,9277,2.74568510055542
93770,9278,1.213691234588623
93780,9279,1.28827965259552
93790,9280,2.7306861877441406
93800,9281,2.6955084800720215
93810,9282,0.782728910446167
93820,9283,4.911258220672607
93830,9284,1.5828921794891357
93840,9285,1.0375207662582397
93850,9286,2.6374363899230957
93860,9287,1.5163766145706177
93870,9288,1.211773157119751
93880,9289,0.4346419870853424
93890,9290,2.626527786254883
93900,9291,3.1707522869110107
93910,9292,0.41971075534820557
93920,9293,0.8648117780685425
93930,9294,1.0387834310531616
93940,9295,3.131392478942871
93950,9296,2.3007922172546387
93960,9297,1.1827441453933716
93970,9298,1.1553364992141724
93980,9299,3.7422330379486084
93990,9300,1.17755925655365
94000,9301,2.123183250427246
94010,9302,3.3054025173187256
94020,9303,1.6927077770233154
94030,9304,2.8612914085388184
94040,9305,2.0211968421936035
94050,9306,1.7318739891052246
94060,9307,1.9244117736816406
94070,9308,0.9356728792190552
94080,9309,1.9440631866455078
94090,9310,1.63534414768219
94100,9311,1.1014777421951294
94110,9312,1.7385127544403076
94120,9313,1.7916032075881958
94130,9314,1.3288488388061523
94140,9315,1.0103611946105957
94150,9316,1.0032331943511963
94160,9317,1.9314631223678589
94170,9318,1.3961024284362793
94180,9319,2.007063150405884
94190,9320,1.0283136367797852
94200,9321,9.268620491027832
94210,9322,8.265496253967285
94220,9323,2.1701607704162598
94230,9324,0.6085093021392822
94240,9325,1.7702367305755615
94250,9326,0.9104663729667664
94260,9327,1.9437224864959717
94270,9328,2.6249873638153076
94280,9329,2.2622969150543213
94290,9330,1.8782483339309692
94300,9331,1.7465226650238037
94310,9332,0.843812882900238
94320,9333,1.2394829988479614
94330,9334,2.614243268966675
94340,9335,1.2643462419509888
94350,9336,2.0578603744506836
94360,9337,1.97965669631958
94370,9338,0.9495434761047363
94380,9339,1.1448277235031128
94390,9340,6.690506935119629
94400,9341,6.128459453582764
94410,9342,1.3150302171707153
94420,9343,1.636740803718567
94430,9344,2.238852024078369
94440,9345,4.580247402191162
94450,9346,1.9012835025787354
94460,9347,1.4319391250610352
94470,9348,1.272939920425415
94480,9349,2.0263965129852295
94490,9350,1.477710485458374
94500,9351,1.3614602088928223
94510,9352,1.9841192960739136
94520,9353,2.174107551574707
94530,9354,3.680619478225708
94540,9355,1.546952247619629
94550,9356,1.0366843938827515
94560,9357,1.2252427339553833
94570,9358,1.1692783832550049
94580,9359,1.7393826246261597
94590,9360,1.529835820198059
94600,9361,2.185483694076538
94610,9362,1.0028237104415894
94620,9363,1.0569442510604858
94630,9364,2.0551037788391113
94640,9365,2.6724905967712402
94650,9366,1.0174455642700195
94660,9367,0.8929700255393982
94670,9368,0.9079747796058655
94680,9369,1.4916560649871826
94690,9370,0.6770352721214294
94700,9371,1.3496918678283691
94710,9372,2.869882822036743
94720,9373,1.7789984941482544
94730,9374,2.4510951042175293
94740,9375,1.4044593572616577
94750,9376,0.8569739460945129
94760,9377,1.7766119241714478
94770,9378,2.306748628616333
94780,9379,2.7359485626220703
94790,9380,1.3425192832946777
94800,9381,1.634202003479004
94810,9382,0.4390929341316223
94820,9383,0.5402929782867432
94830,9384,1.3628811836242676
94840,9385,2.7839913368225098
94850,9386,2.4222495555877686
94860,9387,1.1961857080459595
94870,9388,1.5219485759735107
94880,9389,1.0377991199493408
94890,9390,1.2879047393798828
94900,9391,2.3517119884490967
94910,9392,1.0944842100143433
94920,9393,2.6664822101593018
94930,9394,1.2708452939987183
94940,9395,0.5319602489471436
94950,9396,1.271918535232544
94960,9397,0.9322323799133301
94970,9398,1.0506303310394287
94980,9399,2.7878477573394775
94990,9400,0.6397991180419922
95000,9401,2.9390835762023926
95010,9402,2.0920310020446777
95020,9403,1.4935814142227173
95030,9404,1.4139328002929688
95040,9405,1.7758578062057495
95050,9406,1.1265448331832886
95060,9407,0.6255245804786682
95070,9408,1.7935023307800293
95080,9409,1.5534900426864624
95090,9410,2.1629085540771484
95100,9411,0.8759440183639526
95110,9412,1.807680368423462
95120,9413,1.0966209173202515
95130,9414,1.9335532188415527
95140,9415,2.4389753341674805
95150,9416,3.7163355350494385
95160,9417,2.4939515590667725
95170,9418,1.9280198812484741
95180,9419,7.104481220245361
95190,9420,2.9997425079345703
95200,9421,0.9966453313827515
95210,9422,0.5430096387863159
95220,9423,1.9098550081253052
95230,9424,1.019313097000122
95240,9425,1.739748239517212
95250,9426,1.3098485469818115
95260,9427,0.8922441601753235
95270,9428,1.455859899520874
95280,9429,1.1067860126495361
95290,9430,0.5837535262107849
95300,9431,5.048286437988281
95310,9432,1.4445029497146606
95320,9433,4.015848159790039
95330,9434,1.3658442497253418
95340,9435,2.606271982192993
95350,9436,4.853793621063232
95360,9437,0.9835572242736816
95370,9438,0.985468327999115
95380,9439,1.1406176090240479
95390,9440,0.7463401556015015
95400,9441,1.0810234546661377
95410,9442,1.6857799291610718
95420,9443,0.9412531852722168
95430,9444,1.5894114971160889
95440,9445,1.7761178016662598
95450,9446,2.028487205505371
95460,9447,1.4506622552871704
95470,9448,1.1065126657485962
95480,9449,2.769821882247925
95490,9450,2.3475658893585205
95500,9451,1.522009253501892
95510,9452,2.081376075744629
95520,9453,1.9156348705291748
95530,9454,1.8266668319702148
95540,9455,1.7428873777389526
95550,9456,1.1227772235870361
95560,9457,2.5478622913360596
95570,9458,1.3794811964035034
95580,9459,2.137631893157959
95590,9460,1.7457503080368042
95600,9461,0.6586819291114807
95610,9462,1.3314374685287476
95620,9463,2.154920816421509
95630,9464,6.368213176727295
95640,9465,1.415152907371521
95650,9466,2.1507091522216797
95660,9467,1.1170594692230225
95670,9468,1.2391119003295898
95680,9469,1.1136339902877808
95690,9470,4.131782531738281
95700,9471,4.843346118927002
95710,9472,1.2151719331741333
95720,9473,0.7238341569900513
95730,9474,1.6305558681488037
95740,9475,1.4443384408950806
95750,9476,2.0560641288757324
95760,9477,1.4744021892547607
95770,9478,1.8458983898162842
95780,9479,0.6808624863624573
95790,9480,0.4706307053565979
95800,9481,4.733652591705322
95810,9482,1.4037091732025146
95820,9483,1.3878631591796875
95830,9484,0.9973103404045105
95840,9485,1.7272539138793945
95850,9486,3.0477192401885986
95860,9487,1.1137758493423462
95870,9488,0.5631684064865112
95880,9489,2.5084471702575684
95890,9490,3.685410737991333
95900,9491,1.0943933725357056
95910,9492,0.5116317272186279
95920,9493,1.758080005645752
95930,9494,2.0275704860687256
95940,9495,2.434826135635376
95950,9496,0.5907633900642395
95960,9497,1.004713773727417
95970,9498,1.4666818380355835
95980,9499,0.9358381032943726
95990,9500,2.0237529277801514
96000,9501,1.2928462028503418
96010,9502,2.4239437580108643
96020,9503,1.8824803829193115
96030,9504,5.108757495880127
96040,9505,1.9572594165802002
96050,9506,1.922519326210022
96060,9507,1.4887237548828125
96070,9508,1.9842420816421509
96080,9509,1.675938606262207
96090,9510,1.5852702856063843
96100,9511,5.949701309204102
96110,9512,1.2040482759475708
96120,9513,2.94112229347229
96130,9514,0.9273568391799927
96140,9515,1.6975644826889038
96150,9516,0.6490360498428345
96160,9517,0.7368541359901428
96170,9518,2.059201240539551
96180,9519,2.9537715911865234
96190,9520,1.9238404035568237
96200,9521,3.811044692993164
96210,9522,2.297837257385254
96220,9523,1.2094027996063232
96230,9524,8.385141372680664
96240,9525,1.562865972518921
96250,9526,4.648781776428223
96260,9527,3.8824784755706787
96270,9528,4.207049369812012
96280,9529,2.977247476577759
96290,9530,2.979487419128418
96300,9531,2.2468276023864746
96310,9532,1.6012940406799316
96320,9533,2.239144802093506
96330,9534,2.07686710357666
96340,9535,1.8539599180221558
96350,9536,1.6636730432510376
96360,9537,1.4984763860702515
96370,9538,4.649524688720703
96380,9539,5.002996921539307
96390,9540,1.483773112297058
96400,9541,2.457404375076294
96410,9542,1.0021063089370728
96420,9543,1.3385478258132935
96430,9544,1.2933294773101807
96440,9545,2.526121139526367
96450,9546,2.3699536323547363
96460,9547,1.2818413972854614
96470,9548,1.1669180393218994
96480,9549,1.6762391328811646
96490,9550,1.4663138389587402
96500,9551,1.8603392839431763
96510,9552,0.49655693769454956
96520,9553,1.9975632429122925
96530,9554,0.8774834871292114
96540,9555,2.1038811206817627
96550,9556,4.508366584777832
96560,9557,0.8587563037872314
96570,9558,1.186774492263794
96580,9559,1.6820905208587646
96590,9560,0.34640368819236755
96600,9561,1.3642851114273071
96610,9562,2.5693976879119873
96620,9563,2.106065511703491
96630,9564,1.3845679759979248
96640,9565,1.4420626163482666
96650,9566,1.1858762502670288
96660,9567,1.4840397834777832
96670,9568,1.4088184833526611
96680,9569,2.1956005096435547
96690,9570,1.0531060695648193
96700,9571,2.00905442237854
96710,9572,2.7214913368225098
96720,9573,0.6351165771484375
96730,9574,1.947922945022583
96740,9575,2.1649272441864014
96750,9576,1.2712293863296509
96760,9577,0.9636246562004089
96770,9578,1.1542608737945557
96780,9579,0.8095082640647888
96790,9580,1.2593108415603638
96800,9581,0.7512277960777283
96810,9582,0.7272576093673706
96820,9583,1.372228980064392
96830,9584,2.829843282699585
96840,9585,0.4887949228286743
96850,9586,1.693734884262085
96860,9587,1.0502891540527344
96870,9588,0.8718066215515137
96880,9589,1.1240341663360596
96890,9590,1.5705558061599731
96900,9591,2.5244362354278564
96910,9592,0.753912627696991
96920,9593,0.8051252961158752
96930,9594,2.435990810394287
96940,9595,1.4066643714904785
96950,9596,1.0580625534057617
96960,9597,1.52378249168396
96970,9598,1.3210464715957642
96980,9599,1.2662540674209595
96990,9600,0.6819345355033875
97000,9601,0.9963375926017761
97010,9602,1.3492038249969482
97020,9603,1.5699771642684937
97030,9604,1.512132167816162
97040,9605,1.1141756772994995
97050,9606,1.3624186515808105
97060,9607,1.029554009437561
97070,9608,2.596740245819092
97080,9609,1.871990442276001
97090,9610,1.102986454963684
97100,9611,3.77756929397583
97110,9612,1.2083845138549805
97120,9613,2.841386079788208
97130,9614,2.633941650390625
97140,9615,1.5635192394256592
97150,9616,1.6163228750228882
97160,9617,1.0799603462219238
97170,9618,1.209823489189148
97180,9619,1.141054391860962
97190,9620,1.9658163785934448
97200,9621,1.3230438232421875
97210,9622,0.9323692321777344
97220,9623,1.6966642141342163
97230,9624,1.3119165897369385
97240,9625,1.0094833374023438
97250,9626,1.0506911277770996
97260,9627,2.0347065925598145
97270,9628,2.3774051666259766
97280,9629,0.8479616045951843
97290,9630,2.353524684906006
97300,9631,1.1408768892288208
97310,9632,1.857640266418457
97320,9633,3.4678845405578613
97330,9634,1.527037262916565
97340,9635,1.169835090637207
97350,9636,1.3436493873596191
97360,9637,0.8336670398712158
97370,9638,2.4462642669677734
97380,9639,1.0016968250274658
97390,9640,6.809946060180664
97400,9641,2.431208848953247
97410,9642,1.6095751523971558
97420,9643,1.135312557220459
97430,9644,0.7580148577690125
97440,9645,1.5964453220367432
97450,9646,1.0435798168182373
97460,9647,1.065822958946228
97470,9648,2.1330201625823975
97480,9649,0.9982455372810364
97490,9650,1.2333050966262817
97500,9651,4.836583614349365
97510,9652,1.0873522758483887
97520,9653,1.1806364059448242
97530,9654,1.0144267082214355
97540,9655,1.178025722503662
97550,9656,8.118049621582031
97560,9657,1.2513090372085571
97570,9658,0.8273523449897766
97580,9659,1.817029595375061
97590,9660,2.5669822692871094
97600,9661,3.1622352600097656
97610,9662,1.7326221466064453
97620,9663,0.9108219146728516
97630,9664,3.0895087718963623
97640,9665,2.4420218467712402
97650,9666,1.920249581336975
97660,9667,2.269038677215576
97670,9668,0.7678296566009521
97680,9669,2.0969605445861816
97690,9670,1.6158716678619385
97700,9671,0.9522196054458618
97710,9672,1.0084627866744995
97720,9673,1.870875358581543
97730,9674,1.8907079696655273
97740,9675,3.1100401878356934
97750,9676,3.0833053588867188
97760,9677,1.9233912229537964
97770,9678,0.6549800634384155
97780,9679,1.256849765777588
97790,9680,2.153876304626465
97800,9681,0.9589225053787231
97810,9682,0.7810587286949158
97820,9683,1.7908438444137573
97830,9684,3.6217594146728516
97840,9685,0.6379532814025879
97850,9686,2.2722926139831543
97860,9687,1.018349528312683
97870,9688,6.801908016204834
97880,9689,0.4716251790523529
97890,9690,1.287354588508606
97900,9691,2.5782556533813477
97910,9692,0.8512265086174011
97920,9693,1.310994029045105
97930,9694,0.4749895930290222
97940,9695,1.135384202003479
97950,9696,1.062980055809021
97960,9697,0.6447120904922485
97970,9698,0.5724932551383972
97980,9699,1.8933711051940918
97990,9700,1.8572579622268677
98000,9701,1.38001549243927
98010,9702,4.757447242736816
98020,9703,1.6760696172714233
98030,9704,2.100533962249756
98040,9705,1.7781152725219727
98050,9706,2.3709404468536377
98060,9707,0.7498555183410645
98070,9708,1.2603157758712769
98080,9709,4.220997333526611
98090,9710,1.7643952369689941
98100,9711,1.6958147287368774
98110,9712,1.7328991889953613
98120,9713,3.1097798347473145
98130,9714,5.109162330627441
98140,9715,1.1066547632217407
98150,9716,1.0547823905944824
98160,9717,2.592006206512451
98170,9718,1.4497861862182617
98180,9719,1.7195217609405518
98190,9720,2.04935622215271
98200,9721,2.9555864334106445
98210,9722,1.9794561862945557
98220,9723,2.224407434463501
98230,9724,1.4049972295761108
98240,9725,2.39121413230896
98250,9726,1.8616548776626587
98260,9727,2.116826057434082
98270,9728,1.5068808794021606
98280,9729,1.0596760511398315
98290,9730,0.7212740182876587
98300,9731,1.654330849647522
98310,9732,0.540847897529602
98320,9733,1.3507936000823975
98330,9734,1.343639850616455
98340,9735,1.5194206237792969
98350,9736,3.243840217590332
98360,9737,0.7978839874267578
98370,9738,0.9816780686378479
98380,9739,7.780071258544922
98390,9740,2.110015392303467
98400,9741,0.7669966220855713
98410,9742,3.201857566833496
98420,9743,1.283589482307434
98430,9744,1.7838459014892578
98440,9745,2.014522075653076
98450,9746,1.9989566802978516
98460,9747,2.1288511753082275
98470,9748,1.2644147872924805
98480,9749,1.3473621606826782
98490,9750,0.7107782959938049
98500,9751,0.5225378274917603
98510,9752,1.6039739847183228
98520,9753,2.177238941192627
98530,9754,2.628577470779419
98540,9755,0.6711884140968323
98550,9756,2.6058051586151123
98560,9757,7.783375263214111
98570,9758,0.9170775413513184
98580,9759,1.106951117515564
98590,9760,1.0448871850967407
98600,9761,0.9809627532958984
98610,9762,1.6839532852172852
98620,9763,3.139772891998291
98630,9764,0.9269090890884399
98640,9765,1.8856229782104492
98650,9766,1.5477725267410278
98660,9767,1.1708883047103882
98670,9768,1.3056566715240479
98680,9769,2.615340232849121
98690,9770,0.785845935344696
98700,9771,1.090477705001831
98710,9772,1.0643125772476196
98720,9773,0.9329257011413574
98730,9774,1.02861487865448
98740,9775,4.864058017730713
98750,9776,0.6287305951118469
98760,9777,3.0800976753234863
98770,9778,0.5129373669624329
98780,9779,0.925591230392456
98790,9780,2.1383185386657715
98800,9781,0.7843901515007019
98810,9782,1.167083978652954
98820,9783,0.894615113735199
98830,9784,1.2496888637542725
98840,9785,1.5228629112243652
98850,9786,1.4546154737472534
98860,9787,1.6439235210418701
98870,9788,2.266663074493408
98880,9789,1.7927041053771973
98890,9790,1.946089506149292
98900,9791,3.0941426753997803
98910,9792,0.9976857900619507
98920,9793,1.163550853729248
98930,9794,1.5251808166503906
98940,9795,0.9247300028800964
98950,9796,0.9275235533714294
98960,9797,1.1395050287246704
98970,9798,1.1142892837524414
98980,9799,2.381213665008545
98990,9800,1.9146614074707031
99000,9801,0.5704101920127869
99010,9802,3.0826873779296875
99020,9803,1.95396888256073
99030,9804,3.92590594291687
99040,9805,2.5419321060180664
99050,9806,2.054229497909546
99060,9807,7.930821418762207
99070,9808,2.6814074516296387
99080,9809,2.372843027114868
99090,9810,3.0340864658355713
99100,9811,1.2047568559646606
99110,9812,2.7827305793762207
99120,9813,2.7112491130828857
99130,9814,3.3723158836364746
99140,9815,3.8006770610809326
99150,9816,1.9546915292739868
99160,9817,3.480070114135742
99170,9818,4.52549934387207
99180,9819,2.217485189437866
99190,9820,2.3752455711364746
99200,9821,1.3871891498565674
99210,9822,1.6491410732269287
99220,9823,3.963477373123169
99230,9824,2.488079786300659
99240,9825,3.3882036209106445
99250,9826,1.6000816822052002
99260,9827,1.8914432525634766
99270,9828,3.4430954456329346
99280,9829,2.0947928428649902
99290,9830,2.51747989654541
99300,9831,4.228761196136475
99310,9832,1.269361138343811
99320,9833,2.7088277339935303
99330,9834,2.8524272441864014
99340,9835,1.4373509883880615
99350,9836,1.850771427154541
99360,9837,1.9453679323196411
99370,9838,1.6725434064865112
99380,9839,2.121093511581421
99390,9840,1.8817063570022583
99400,9841,3.226456642150879
99410,9842,1.1825331449508667
99420,9843,1.1082732677459717
99430,9844,3.663875102996826
99440,9845,1.642769455909729
99450,9846,2.2300872802734375
99460,9847,2.593883514404297
99470,9848,1.6846519708633423
99480,9849,1.930238962173462
99490,9850,3.2055468559265137
99500,9851,3.0047712326049805
99510,9852,1.0864757299423218
99520,9853,3.9189841747283936
99530,9854,1.8479459285736084
99540,9855,1.714840292930603
99550,9856,2.139404773712158
99560,9857,9.59144115447998
99570,9858,1.9962209463119507
99580,9859,2.2340898513793945
99590,9860,1.6059746742248535
99600,9861,1.3115447759628296
99610,9862,1.4354634284973145
99620,9863,0.9514157772064209
99630,9864,2.0189480781555176
99640,9865,1.2174371480941772
99650,9866,2.5273072719573975
99660,9867,1.192022681236267
99670,9868,1.1375601291656494
99680,9869,1.9319899082183838
99690,9870,2.670663356781006
99700,9871,1.018106460571289
99710,9872,2.7356157302856445
99720,9873,0.9602007865905762
99730,9874,3.1557977199554443
99740,9875,2.031690835952759
99750,9876,1.5659948587417603
99760,9877,1.8027859926223755
99770,9878,1.7234129905700684
99780,9879,0.6716257333755493
99790,9880,0.9094331860542297
99800,9881,4.061295032501221
99810,9882,2.070298910140991
99820,9883,2.704710006713867
99830,9884,2.8688838481903076
99840,9885,2.5721497535705566
99850,9886,2.3245131969451904
99860,9887,0.8945711255073547
99870,9888,1.9082447290420532
99880,9889,1.4247161149978638
99890,9890,4.972885608673096
99900,9891,0.8689192533493042
99910,9892,1.8800888061523438
99920,9893,1.3641024827957153
99930,9894,1.4718296527862549
99940,9895,3.9452974796295166
99950,9896,1.613943338394165
99960,9897,1.7192095518112183
99970,9898,1.0655823945999146
99980,9899,0.62384033203125
99990,9900,1.966895580291748
100000,9901,1.7755764722824097
100010,9902,1.1153537034988403
100020,9903,2.685810089111328
100030,9904,3.7231616973876953
100040,9905,1.7111423015594482
100050,9906,3.111903429031372
100060,9907,1.637014389038086
100070,9908,1.4797399044036865
100080,9909,1.6664434671401978
100090,9910,12.436701774597168
100100,9911,3.7157609462738037
100110,9912,2.6011452674865723
100120,9913,3.124770402908325
100130,9914,1.546940565109253
100140,9915,1.2301183938980103
100150,9916,3.656342029571533
100160,9917,1.9840435981750488
100170,9918,5.440032482147217
100180,9919,3.6448404788970947
100190,9920,1.6849873065948486
100200,9921,1.9205026626586914
100210,9922,2.7355124950408936
100220,9923,3.762526750564575
100230,9924,2.298328161239624
100240,9925,1.1411128044128418
100250,9926,1.5994606018066406
100260,9927,1.2579716444015503
100270,9928,1.136389136314392
100280,9929,1.860992670059204
100290,9930,1.5527111291885376
100300,9931,1.9307630062103271
100310,9932,0.6802492141723633
100320,9933,0.7268183827400208
100330,9934,0.7625154852867126
100340,9935,1.171112060546875
100350,9936,4.295467376708984
100360,9937,3.2496237754821777
100370,9938,1.0882948637008667
100380,9939,1.0834555625915527
100390,9940,1.3737313747406006
100400,9941,1.0050983428955078
100410,9942,2.0609450340270996
100420,9943,1.1834204196929932
100430,9944,1.7462286949157715
100440,9945,2.1488630771636963
100450,9946,0.9189193248748779
100460,9947,2.1274826526641846
100470,9948,2.5634841918945312
100480,9949,1.52983558177948
100490,9950,0.6120365262031555
100500,9951,1.3827614784240723
100510,9952,1.1110719442367554
100520,9953,4.107363224029541
100530,9954,5.299132347106934
100540,9955,1.7577191591262817
100550,9956,1.2061800956726074
100560,9957,1.8357806205749512
100570,9958,1.6966102123260498
100580,9959,1.3667365312576294
100590,9960,3.8946595191955566
100600,9961,1.665610432624817
100610,9962,0.989545464515686
100620,9963,1.5361113548278809
100630,9964,4.265501976013184
100640,9965,1.0618939399719238
100650,9966,3.087272882461548
100660,9967,0.7989048957824707
100670,9968,0.9300816655158997
100680,9969,2.621345281600952
100690,9970,2.9188058376312256
100700,9971,3.6212093830108643
100710,9972,1.358658790588379
100720,9973,0.8720293641090393
100730,9974,3.0983848571777344
100740,9975,0.9336676597595215
100750,9976,0.6410180330276489
100760,9977,2.307739734649658
100770,9978,1.3041627407073975
100780,9979,0.880638837814331
100790,9980,0.5859750509262085
100800,9981,2.762267589569092
100810,9982,1.0630731582641602
100820,9983,1.2335214614868164
100830,9984,0.6458139419555664
100840,9985,1.136879324913025
100850,9986,3.0388002395629883
100860,9987,3.842961072921753
100870,9988,0.9868457317352295
100880,9989,0.6618973016738892
100890,9990,0.7995480298995972
100900,9991,0.7289380431175232
100910,9992,0.8057718873023987
100920,9993,1.0692180395126343
100930,9994,1.4188556671142578
100940,9995,1.640714168548584
100950,9996,2.1636972427368164
100960,9997,2.9282584190368652
100970,9998,1.7304539680480957
100980,9999,1.2944238185882568
100990,10000,1.1778810024261475
101000,10001,2.8378732204437256
101010,10002,1.4009450674057007
101020,10003,2.148162364959717
101030,10004,1.7526463270187378
101040,10005,2.393012523651123
101050,10006,1.9076199531555176
101060,10007,2.474442481994629
101070,10008,1.3662405014038086
101080,10009,2.5067543983459473
101090,10010,1.230899691581726
101100,10011,3.3206048011779785
101110,10012,1.514532208442688
101120,10013,1.040358304977417
101130,10014,3.095620632171631
101140,10015,1.482810616493225
101150,10016,1.4678881168365479
101160,10017,1.0563749074935913
101170,10018,1.1722996234893799
101180,10019,1.3696287870407104
101190,10020,2.066493511199951
101200,10021,1.726643681526184
101210,10022,3.265380859375
101220,10023,1.3715729713439941
101230,10024,3.6830787658691406
101240,10025,1.987189769744873
101250,10026,1.198657751083374
101260,10027,1.0256863832473755
101270,10028,3.0562796592712402
101280,10029,1.21409273147583
101290,10030,1.6363894939422607
101300,10031,1.032489538192749
101310,10032,3.558779001235962
101320,10033,2.029475212097168
101330,10034,5.078558444976807
101340,10035,4.495937347412109
101350,10036,0.6378701329231262
101360,10037,1.8904125690460205
101370,10038,1.4585989713668823
101380,10039,0.6008350849151611
101390,10040,1.6330534219741821
101400,10041,1.284653663635254
101410,10042,2.4960906505584717
101420,10043,1.7125767469406128
101430,10044,1.3116041421890259
101440,10045,1.7540547847747803
101450,10046,3.801098585128784
101460,10047,1.7471998929977417
101470,10048,2.6187541484832764
101480,10049,2.990675926208496
101490,10050,1.5098955631256104
101500,10051,3.0534920692443848
101510,10052,5.068386554718018
101520,10053,0.46276193857192993
101530,10054,1.870864748954773
101540,10055,1.094014286994934
101550,10056,2.4817099571228027
101560,10057,1.6741235256195068
101570,10058,0.8897558450698853
101580,10059,2.3268651962280273
101590,10060,1.481553554534912
101600,10061,2.0207386016845703
101610,10062,1.0168238878250122
101620,10063,1.4191547632217407
101630,10064,5.724733829498291
101640,10065,1.0141582489013672
101650,10066,4.619689464569092
101660,10067,1.912214994430542
101670,10068,2.747826099395752
101680,10069,2.36362886428833
101690,10070,1.6390643119812012
101700,10071,1.3043224811553955
101710,10072,2.1732654571533203
101720,10073,0.8207758665084839
101730,10074,1.3605366945266724
101740,10075,1.581284999847412
101750,10076,2.946126937866211
101760,10077,1.5752688646316528
101770,10078,2.4542746543884277
101780,10079,0.4821518063545227
101790,10080,1.3870090246200562
101800,10081,1.3972537517547607
101810,10082,4.235863208770752
101820,10083,2.3369827270507812
101830,10084,1.414847493171692
101840,10085,1.5537012815475464
101850,10086,0.9308343529701233
101860,10087,1.2152934074401855
101870,10088,1.2550055980682373
101880,10089,1.6998355388641357
101890,10090,0.8690074682235718
101900,10091,1.608183741569519
101910,10092,0.7692663073539734
101920,10093,1.3899108171463013
101930,10094,1.6395574808120728
101940,10095,1.6515206098556519
101950,10096,0.8327237367630005
101960,10097,1.157187581062317
101970,10098,2.5585532188415527
101980,10099,1.3448368310928345
101990,10100,0.9100707769393921
102000,10101,1.1750892400741577
102010,10102,2.1494061946868896
102020,10103,1.4050884246826172
102030,10104,2.960439920425415
102040,10105,1.8232089281082153
102050,10106,0.9902210235595703
102060,10107,1.7998607158660889
102070,10108,1.0405892133712769
102080,10109,2.8667335510253906
102090,10110,1.459499716758728
102100,10111,3.1698622703552246
102110,10112,1.7261542081832886
102120,10113,1.4749517440795898
102130,10114,1.286694049835205
102140,10115,1.9995304346084595
102150,10116,1.3667248487472534
102160,10117,4.459583759307861
102170,10118,2.335764169692993
102180,10119,9.621414184570312
102190,10120,0.8450661301612854
102200,10121,3.1722207069396973
102210,10122,6.529780864715576
102220,10123,3.7781875133514404
102230,10124,0.8232744336128235
102240,10125,4.169504642486572
102250,10126,2.3659541606903076
102260,10127,1.3826313018798828
102270,10128,1.2932168245315552
102280,10129,1.148415207862854
102290,10130,2.7901453971862793
102300,10131,1.5857155323028564
102310,10132,1.0588183403015137
102320,10133,0.6950839161872864
102330,10134,2.230886459350586
102340,10135,3.3964810371398926
102350,10136,1.6774425506591797
102360,10137,1.5471124649047852
102370,10138,7.752057075500488
102380,10139,3.2690000534057617
102390,10140,5.897642612457275
102400,10141,5.656125068664551
102410,10142,0.9083840847015381
102420,10143,1.5175895690917969
102430,10144,2.011237144470215
102440,10145,1.2835801839828491
102450,10146,2.6822357177734375
102460,10147,3.521764039993286
102470,10148,4.536993503570557
102480,10149,3.049424648284912
102490,10150,5.352697849273682
102500,10151,1.7064987421035767
102510,10152,3.4921131134033203
102520,10153,1.4349498748779297
102530,10154,0.8327873349189758
102540,10155,1.9410954713821411
102550,10156,1.390434741973877
102560,10157,1.603621482849121
102570,10158,1.9006186723709106
102580,10159,2.235347032546997
102590,10160,2.1118578910827637
102600,10161,1.070191740989685
102610,10162,1.5626024007797241
102620,10163,1.5022963285446167
102630,10164,1.0028345584869385
102640,10165,0.8902286291122437
102650,10166,2.4200937747955322
102660,10167,1.8326313495635986
102670,10168,0.767734944820404
102680,10169,1.369436502456665
102690,10170,1.7780200242996216
102700,10171,4.939757347106934
102710,10172,0.5516169667243958
102720,10173,1.2236353158950806
102730,10174,1.985310673713684
102740,10175,1.7921708822250366
102750,10176,1.1734716892242432
102760,10177,2.083585262298584
102770,10178,1.0406352281570435
102780,10179,1.4501409530639648
102790,10180,1.1817588806152344
102800,10181,1.2896816730499268
102810,10182,1.482658863067627
102820,10183,2.1355366706848145
102830,10184,0.959172785282135
102840,10185,0.9513000249862671
102850,10186,1.3710663318634033
102860,10187,1.3464255332946777
102870,10188,1.044083833694458
102880,10189,1.748964786529541
102890,10190,1.5703485012054443
102900,10191,1.4300830364227295
102910,10192,2.6566975116729736
102920,10193,2.6927034854888916
102930,10194,1.5281826257705688
102940,10195,2.1247060298919678
102950,10196,2.0381102561950684
102960,10197,0.5170688629150391
102970,10198,1.2448049783706665
102980,10199,2.6054627895355225
102990,10200,1.7176157236099243
103000,10201,3.7792606353759766
103010,10202,1.0334553718566895
103020,10203,2.051171064376831
103030,10204,1.8006707429885864
103040,10205,0.9423492550849915
103050,10206,2.8380391597747803
103060,10207,1.4600645303726196
103070,10208,2.2127246856689453
103080,10209,2.103550434112549
103090,10210,2.8106143474578857
103100,10211,2.4937679767608643
103110,10212,5.240280628204346
103120,10213,1.0797542333602905
103130,10214,2.7180652618408203
103140,10215,2.2740941047668457
103150,10216,3.1307246685028076
103160,10217,3.436776638031006
103170,10218,2.1313955783843994
103180,10219,2.289921522140503
103190,10220,2.1916027069091797
103200,10221,1.1446940898895264
103210,10222,1.0440618991851807
103220,10223,1.0301733016967773
103230,10224,1.7773889303207397
103240,10225,1.180861473083496
103250,10226,1.4543206691741943
103260,10227,4.081196308135986
103270,10228,3.8797099590301514
103280,10229,2.097780466079712
103290,10230,2.3879776000976562
103300,10231,2.6270499229431152
103310,10232,1.0755338668823242
103320,10233,0.9425040483474731
103330,10234,1.9465962648391724
103340,10235,2.2838339805603027
103350,10236,1.6128445863723755
103360,10237,1.6987686157226562
103370,10238,1.943866491317749
103380,10239,0.7277817130088806
103390,10240,1.3557699918746948
103400,10241,3.6583077907562256
103410,10242,1.3399666547775269
103420,10243,1.5638853311538696
103430,10244,1.7904764413833618
103440,10245,1.9399259090423584
103450,10246,1.2578051090240479
103460,10247,2.5635478496551514
103470,10248,1.679910659790039
103480,10249,1.8946964740753174
103490,10250,2.572906017303467
103500,10251,1.6159132719039917
103510,10252,3.042581796646118
103520,10253,0.9500948786735535
103530,10254,0.9892889857292175
103540,10255,2.6642892360687256
103550,10256,3.5508484840393066
103560,10257,5.598735332489014
103570,10258,0.6537742018699646
103580,10259,0.9183349013328552
103590,10260,1.2119320631027222
103600,10261,1.8795161247253418
103610,10262,1.068536639213562
103620,10263,2.692904233932495
103630,10264,2.455925226211548
103640,10265,1.1447232961654663
103650,10266,0.7626926898956299
103660,10267,0.9162474870681763
103670,10268,4.788791656494141
103680,10269,1.472357988357544
103690,10270,0.8953176736831665
103700,10271,1.6738406419754028
103710,10272,1.3426644802093506
103720,10273,1.3168370723724365
103730,10274,2.902923583984375
103740,10275,0.6239810585975647
103750,10276,1.2327320575714111
103760,10277,1.7845836877822876
103770,10278,0.4629305601119995
103780,10279,0.8042362332344055
103790,10280,0.7321121096611023
103800,10281,1.5539333820343018
103810,10282,1.0382719039916992
103820,10283,2.6984739303588867
103830,10284,1.5424290895462036
103840,10285,0.5403591990470886
103850,10286,6.6690778732299805
103860,10287,2.878875732421875
103870,10288,1.6682348251342773
103880,10289,1.9231162071228027
103890,10290,0.6588045358657837
103900,10291,0.6715756058692932
103910,10292,1.0996147394180298
103920,10293,2.394489049911499
103930,10294,1.0914112329483032
103940,10295,1.227712631225586
103950,10296,0.8748520612716675
103960,10297,0.8530235290527344
103970,10298,1.6945226192474365
103980,10299,1.107163429260254
103990,10300,1.9399640560150146
104000,10301,0.8673751354217529
104010,10302,2.129448413848877
104020,10303,0.8165949583053589
104030,10304,1.5246217250823975
104040,10305,0.8554982542991638
104050,10306,0.9781085848808289
104060,10307,1.045722484588623
104070,10308,0.9551039338111877
104080,10309,2.8242480754852295
104090,10310,0.6978651285171509
104100,10311,1.3160252571105957
104110,10312,1.360589861869812
104120,10313,0.7984658479690552
104130,10314,2.101513624191284
104140,10315,1.4853556156158447
104150,10316,1.2942755222320557
104160,10317,0.894046425819397
104170,10318,1.2924375534057617
104180,10319,0.8761417269706726
104190,10320,1.2972748279571533
104200,10321,2.108705997467041
104210,10322,2.1427721977233887
104220,10323,2.111417531967163
104230,10324,2.3470325469970703
104240,10325,1.3804864883422852
104250,10326,1.7828969955444336
104260,10327,0.694084107875824
104270,10328,1.766812801361084
104280,10329,1.2977873086929321
104290,10330,1.3323924541473389
104300,10331,1.309063196182251
104310,10332,0.8629348874092102
104320,10333,1.5605378150939941
104330,10334,0.8809730410575867
104340,10335,1.801932454109192
104350,10336,3.9578616619110107
104360,10337,1.0866782665252686
104370,10338,1.155799388885498
104380,10339,0.8084273934364319
104390,10340,0.42878690361976624
104400,10341,0.7423932552337646
104410,10342,4.251671314239502
104420,10343,1.2488517761230469
104430,10344,3.7475554943084717
104440,10345,1.925697922706604
104450,10346,1.2364717721939087
104460,10347,2.6767022609710693
104470,10348,1.2673799991607666
104480,10349,1.0316870212554932
104490,10350,1.1251507997512817
104500,10351,0.6215628385543823
104510,10352,2.4988930225372314
104520,10353,1.0416851043701172
104530,10354,2.284550666809082
104540,10355,2.2474870681762695
104550,10356,2.1350908279418945
104560,10357,1.153059482574463
104570,10358,1.748650312423706
104580,10359,1.0765981674194336
104590,10360,1.0404876470565796
104600,10361,2.9212121963500977
104610,10362,2.870966672897339
104620,10363,1.8781651258468628
104630,10364,1.2149829864501953
104640,10365,1.1040723323822021
104650,10366,1.6788411140441895
104660,10367,1.7216087579727173
104670,10368,1.076249599456787
104680,10369,1.1581631898880005
104690,10370,1.2403618097305298
104700,10371,1.6072148084640503
104710,10372,1.1702343225479126
104720,10373,2.6586666107177734
104730,10374,0.9358285069465637
104740,10375,1.374202847480774
104750,10376,0.8404929041862488
104760,10377,0.9509824514389038
104770,10378,3.9485599994659424
104780,10379,1.6812889575958252
104790,10380,1.9759833812713623
104800,10381,1.060239315032959
104810,10382,0.8526803255081177
104820,10383,1.557726263999939
104830,10384,1.6888169050216675
104840,10385,1.2318917512893677
104850,10386,1.0047203302383423
104860,10387,0.4723866879940033
104870,10388,0.7756061553955078
104880,10389,1.4079616069793701
104890,10390,2.069930076599121
104900,10391,1.4098848104476929
104910,10392,1.0193641185760498
104920,10393,0.5041128396987915
104930,10394,0.6088453531265259
104940,10395,3.4355809688568115
104950,10396,3.322838306427002
104960,10397,1.2714146375656128
104970,10398,0.8391473293304443
104980,10399,2.676877737045288
104990,10400,1.0395801067352295
105000,10401,0.866165280342102
105010,10402,1.0511904954910278
105020,10403,1.9332026243209839
105030,10404,1.114688754081726
105040,10405,1.9616749286651611
105050,10406,1.198185682296753
105060,10407,0.9725266695022583
105070,10408,0.8198273181915283
105080,10409,1.8536490201950073
105090,10410,1.2515478134155273
105100,10411,2.7871546745300293
105110,10412,0.886599063873291
105120,10413,2.0067362785339355
105130,10414,1.7260510921478271
105140,10415,1.45183265209198
105150,10416,1.2370890378952026
105160,10417,1.2114766836166382
105170,10418,0.7232523560523987
105180,10419,0.6499524712562561
105190,10420,0.8023551106452942
105200,10421,1.0453298091888428
105210,10422,1.0793261528015137
105220,10423,2.50416898727417
105230,10424,1.5111312866210938
105240,10425,1.1541345119476318
105250,10426,0.929825484752655
105260,10427,1.9318628311157227
105270,10428,2.271880626678467
105280,10429,0.6362682580947876
105290,10430,1.2558271884918213
105300,10431,0.7885816693305969
105310,10432,3.4686567783355713
105320,10433,2.673320770263672
105330,10434,0.7779711484909058
105340,10435,1.2481143474578857
105350,10436,7.516919136047363
105360,10437,0.9584843516349792
105370,10438,2.950801372528076
105380,10439,1.2891592979431152
105390,10440,1.2131494283676147
105400,10441,1.1806446313858032
105410,10442,0.8907313346862793
105420,10443,1.3797764778137207
105430,10444,1.0395903587341309
105440,10445,1.2743701934814453
105450,10446,1.3828283548355103
105460,10447,0.6854959726333618
105470,10448,1.0427848100662231
105480,10449,1.550142765045166
105490,10450,1.4636508226394653
105500,10451,0.43613773584365845
105510,10452,2.1070783138275146
105520,10453,0.7056856155395508
105530,10454,1.4720458984375
105540,10455,1.2479989528656006
105550,10456,0.6113938093185425
105560,10457,1.0404210090637207
105570,10458,1.5432746410369873
105580,10459,0.6203951835632324
105590,10460,2.207007884979248
105600,10461,0.995779275894165
105610,10462,1.9373385906219482
105620,10463,0.8479610681533813
105630,10464,1.9064359664916992
105640,10465,0.7947026491165161
105650,10466,0.7795616984367371
105660,10467,3.927976608276367
105670,10468,2.298236846923828
105680,10469,0.5021858811378479
105690,10470,0.5078340768814087
105700,10471,1.2892745733261108
105710,10472,1.3046879768371582
105720,10473,0.5344579219818115
105730,10474,1.6652439832687378
105740,10475,0.6059855222702026
105750,10476,0.581491231918335
105760,10477,1.4031236171722412
105770,10478,1.171142816543579
105780,10479,0.8242480754852295
105790,10480,0.8404346704483032
105800,10481,0.7465590238571167
105810,10482,1.1577997207641602
105820,10483,0.6539210677146912
105830,10484,0.5471155047416687
105840,10485,1.1985673904418945
105850,10486,1.231376051902771
105860,10487,0.7318482398986816
105870,10488,0.6874663829803467
105880,10489,0.9793866276741028
105890,10490,0.9518431425094604
105900,10491,0.8056547045707703
105910,10492,0.7914772629737854
105920,10493,0.7251132130622864
105930,10494,0.9491864442825317
105940,10495,0.678264856338501
105950,10496,1.1429284811019897
105960,10497,1.2349306344985962
105970,10498,6.60321044921875
105980,10499,0.5889657735824585
105990,10500,1.3804469108581543
106000,10501,1.1263220310211182
106010,10502,1.156677007675171
106020,10503,1.0131361484527588
106030,10504,1.049018383026123
106040,10505,2.8211448192596436
106050,10506,1.4275450706481934
106060,10507,1.3883670568466187
106070,10508,1.4056404829025269
106080,10509,2.191333532333374
106090,10510,1.557875633239746
106100,10511,0.8717570900917053
106110,10512,1.3777885437011719
106120,10513,1.9304770231246948
106130,10514,2.1434249877929688
106140,10515,6.832703113555908
106150,10516,3.226710319519043
106160,10517,0.9816655516624451
106170,10518,2.620387315750122
106180,10519,1.3039374351501465
106190,10520,0.8237816691398621
106200,10521,1.7743582725524902
106210,10522,1.7418534755706787
106220,10523,1.2337771654129028
106230,10524,0.7801483273506165
106240,10525,3.9348461627960205
106250,10526,6.413857936859131
106260,10527,0.5186248421669006
106270,10528,2.541980266571045
106280,10529,1.822084903717041
106290,10530,2.606606960296631
106300,10531,0.5081029534339905
106310,10532,1.5551502704620361
106320,10533,1.9121274948120117
106330,10534,1.3591127395629883
106340,10535,2.15962290763855
106350,10536,0.9567558765411377
106360,10537,3.0587894916534424
106370,10538,1.2244882583618164
106380,10539,1.9351425170898438
106390,10540,0.8960574269294739
106400,10541,0.67731112241745
106410,10542,1.1832597255706787
106420,10543,0.7034302949905396
106430,10544,1.378190517425537
106440,10545,0.2727774381637573
106450,10546,1.1569308042526245
106460,10547,0.534073531627655
106470,10548,1.4637686014175415
106480,10549,0.9645431041717529
106490,10550,0.5178219676017761
106500,10551,1.5065240859985352
106510,10552,1.5291824340820312
106520,10553,0.8387983441352844
106530,10554,0.8210920095443726
106540,10555,0.4443354904651642
106550,10556,0.9644879698753357
106560,10557,0.778199315071106
106570,10558,2.121311902999878
106580,10559,3.1562981605529785
106590,10560,1.4583293199539185
106600,10561,2.0355095863342285
106610,10562,0.8438381552696228
106620,10563,0.6852790117263794
106630,10564,1.4732766151428223
106640,10565,0.9328135251998901
106650,10566,1.197986364364624
106660,10567,0.906169593334198
106670,10568,1.0275037288665771
106680,10569,0.8283556699752808
106690,10570,1.0376169681549072
106700,10571,1.0888901948928833
106710,10572,1.7707610130310059
106720,10573,2.305689573287964
106730,10574,2.731320381164551
106740,10575,1.3811498880386353
106750,10576,0.3026593327522278
106760,10577,1.1067677736282349
106770,10578,0.5083943605422974
106780,10579,1.0304925441741943
106790,10580,0.4907712936401367
106800,10581,0.8939090371131897
106810,10582,1.2122037410736084
106820,10583,1.9198670387268066
106830,10584,1.2165405750274658
106840,10585,0.7044155597686768
106850,10586,4.194833278656006
106860,10587,0.7244700789451599
106870,10588,1.1585650444030762
106880,10589,2.03645396232605
106890,10590,1.048728585243225
106900,10591,0.8104017376899719
106910,10592,1.0858898162841797
106920,10593,1.3210961818695068
106930,10594,3.380908727645874
106940,10595,1.6970465183258057
106950,10596,1.7874960899353027
106960,10597,0.9657405614852905
106970,10598,4.36457633972168
106980,10599,1.5786174535751343
106990,10600,1.3218138217926025
107000,10601,0.604137122631073
107010,10602,0.9446953535079956
107020,10603,0.7700140476226807
107030,10604,0.7766509056091309
107040,10605,1.1640288829803467
107050,10606,4.743734836578369
107060,10607,2.0885438919067383
107070,10608,1.7342249155044556
107080,10609,2.3998706340789795
107090,10610,0.8746353983879089
107100,10611,2.1110146045684814
107110,10612,1.8644533157348633
107120,10613,1.1228294372558594
107130,10614,1.7565069198608398
107140,10615,1.5069001913070679
107150,10616,2.8897225856781006
107160,10617,0.5892171263694763
107170,10618,0.5244855284690857
107180,10619,2.3079018592834473
107190,10620,1.3821150064468384
107200,10621,3.7424232959747314
107210,10622,2.1394951343536377
107220,10623,0.6397875547409058
107230,10624,1.3846722841262817
107240,10625,1.0267118215560913
107250,10626,0.8690821528434753
107260,10627,2.122774839401245
107270,10628,0.9846521615982056
107280,10629,3.183197021484375
107290,10630,0.9795449376106262
107300,10631,2.085191011428833
107310,10632,3.055299758911133
107320,10633,0.9135155081748962
107330,10634,0.5403903722763062
107340,10635,0.6808536648750305
107350,10636,0.8271856904029846
107360,10637,3.300344467163086
107370,10638,1.7430015802383423
107380,10639,8.740230560302734
107390,10640,2.447009801864624
107400,10641,0.7589475512504578
107410,10642,1.1605783700942993
107420,10643,2.394296646118164
107430,10644,0.6956796646118164
107440,10645,0.9198198914527893
107450,10646,0.9680569171905518
107460,10647,2.7974534034729004
107470,10648,0.6579697132110596
107480,10649,1.6918702125549316
107490,10650,5.044034957885742
107500,10651,1.0141122341156006
107510,10652,0.6069109439849854
107520,10653,1.747675895690918
107530,10654,1.1752655506134033
107540,10655,1.1144399642944336
107550,10656,1.8236292600631714
107560,10657,5.272268295288086
107570,10658,0.5483497977256775
107580,10659,1.5188766717910767
107590,10660,1.380210280418396
107600,10661,1.0687304735183716
107610,10662,4.976072788238525
107620,10663,2.0993599891662598
107630,10664,1.540903925895691
107640,10665,1.4101122617721558
107650,10666,1.287871241569519
107660,10667,0.8971231579780579
107670,10668,0.6095004081726074
107680,10669,2.7598960399627686
107690,10670,0.9591445326805115
107700,10671,2.078519821166992
107710,10672,0.7588948011398315
107720,10673,1.7229435443878174
107730,10674,0.9657788872718811
107740,10675,0.6127378344535828
107750,10676,1.1880030632019043
107760,10677,2.8025245666503906
107770,10678,1.177064299583435
107780,10679,2.2201528549194336
107790,10680,1.182507872581482
107800,10681,0.9456834197044373
107810,10682,4.987362861633301
107820,10683,0.81747967004776
107830,10684,4.346505641937256
107840,10685,0.8869187831878662
107850,10686,0.40014931559562683
107860,10687,0.8595536947250366
107870,10688,3.2354354858398438
107880,10689,1.5657882690429688
107890,10690,1.5680774450302124
107900,10691,1.0110818147659302
107910,10692,1.9651408195495605
107920,10693,1.67637300491333
107930,10694,1.3271890878677368
107940,10695,0.6711924076080322
107950,10696,3.3328447341918945
107960,10697,1.1277879476547241
107970,10698,1.4913427829742432
107980,10699,1.822148323059082
107990,10700,3.4175450801849365
108000,10701,1.0893276929855347
108010,10702,8.43423843383789
108020,10703,1.0091010332107544
108030,10704,2.0452721118927
108040,10705,1.1597697734832764
108050,10706,0.8069905042648315
108060,10707,0.8416299223899841
108070,10708,1.0720226764678955
108080,10709,0.9468660950660706
108090,10710,1.729551911354065
108100,10711,4.786983489990234
108110,10712,2.0638208389282227
108120,10713,1.6213734149932861
108130,10714,0.8693912625312805
108140,10715,0.8428139686584473
108150,10716,1.636436939239502
108160,10717,0.4201743006706238
108170,10718,3.224764585494995
108180,10719,0.9811768531799316
108190,10720,2.1648402214050293
108200,10721,1.2828748226165771
108210,10722,0.9005351066589355
108220,10723,1.1076133251190186
108230,10724,0.9282826781272888
108240,10725,0.5411086678504944
108250,10726,1.4215372800827026
108260,10727,0.9647337198257446
108270,10728,2.7440080642700195
108280,10729,1.3695961236953735
108290,10730,0.7976076006889343
108300,10731,0.7143799662590027
108310,10732,1.762598991394043
108320,10733,0.6957564949989319
108330,10734,1.2332813739776611
108340,10735,0.6118564009666443
108350,10736,1.131770372390747
108360,10737,0.9398384690284729
108370,10738,0.7187818288803101
108380,10739,1.0891990661621094
108390,10740,1.6257082223892212
108400,10741,9.657018661499023
108410,10742,1.2508862018585205
108420,10743,1.5369478464126587
108430,10744,1.6113485097885132
108440,10745,1.3665367364883423
108450,10746,1.8359601497650146
108460,10747,1.9524686336517334
108470,10748,2.08640193939209
108480,10749,1.8138457536697388
108490,10750,1.5820822715759277
108500,10751,1.1306309700012207
108510,10752,0.9632557034492493
108520,10753,0.941091775894165
108530,10754,0.8138784766197205
108540,10755,1.3078111410140991
108550,10756,2.1040377616882324
108560,10757,2.440234899520874
108570,10758,1.4292242527008057
108580,10759,0.5158400535583496
108590,10760,0.7884940505027771
108600,10761,3.3634748458862305
108610,10762,3.6734843254089355
108620,10763,0.5896136164665222
108630,10764,1.24318265914917
108640,10765,0.6462510824203491
108650,10766,1.2576422691345215
108660,10767,0.7457234263420105
108670,10768,0.9831832647323608
108680,10769,1.613089680671692
108690,10770,1.6724870204925537
108700,10771,0.9120086431503296
108710,10772,1.8415594100952148
108720,10773,1.712792158126831
108730,10774,1.1937086582183838
108740,10775,2.3120059967041016
108750,10776,0.8298112750053406
108760,10777,2.349715232849121
108770,10778,2.518664836883545
108780,10779,0.6653237342834473
108790,10780,0.6937593817710876
108800,10781,1.0282244682312012
108810,10782,1.1491410732269287
108820,10783,0.5827284455299377
108830,10784,0.9757091403007507
108840,10785,0.6955146789550781
108850,10786,2.48614764213562
108860,10787,1.7702131271362305
108870,10788,3.098231792449951
108880,10789,0.7530225515365601
108890,10790,3.3237464427948
108900,10791,0.9311032295227051
108910,10792,0.7792694568634033
108920,10793,0.837629497051239
108930,10794,0.40620943903923035
108940,10795,0.9792430400848389
108950,10796,1.7180376052856445
108960,10797,1.6027065515518188
108970,10798,1.0950325727462769
108980,10799,0.8152137398719788
108990,10800,0.9294732809066772
109000,10801,2.7236244678497314
109010,10802,1.3440673351287842
109020,10803,3.6085245609283447
109030,10804,1.1996278762817383
109040,10805,1.2757458686828613
109050,10806,1.0771235227584839
109060,10807,2.0515029430389404
109070,10808,1.189296841621399
109080,10809,1.6476860046386719
109090,10810,1.44089937210083
109100,10811,7.419494152069092
109110,10812,0.5822942852973938
109120,10813,0.8689479231834412
109130,10814,1.7884713411331177
109140,10815,1.6309171915054321
109150,10816,3.6990766525268555
109160,10817,1.5199799537658691
109170,10818,1.5015947818756104
109180,10819,1.8378691673278809
109190,10820,2.8374061584472656
109200,10821,0.9844039082527161
109210,10822,0.6084564924240112
109220,10823,1.358192801475525
109230,10824,0.9300030469894409
109240,10825,0.83743816614151
109250,10826,1.1214230060577393
109260,10827,1.2109687328338623
109270,10828,5.412700653076172
109280,10829,0.6417014598846436
109290,10830,1.0947171449661255
109300,10831,1.4298776388168335
109310,10832,1.6958643198013306
109320,10833,0.9924304485321045
109330,10834,1.5091331005096436
109340,10835,1.3088791370391846
109350,10836,0.7345333099365234
109360,10837,0.9846048355102539
109370,10838,1.1023504734039307
109380,10839,1.984704852104187
109390,10840,3.1782619953155518
109400,10841,1.2802822589874268
109410,10842,1.2627652883529663
109420,10843,1.4603612422943115
109430,10844,1.1368794441223145
109440,10845,1.8988596200942993
109450,10846,1.1518627405166626
109460,10847,0.8518220782279968
109470,10848,3.943248987197876
109480,10849,0.7625031471252441
109490,10850,0.8428944945335388
109500,10851,1.2159031629562378
109510,10852,0.9240634441375732
109520,10853,0.7834327220916748
109530,10854,0.35114675760269165
109540,10855,0.6819604635238647
109550,10856,1.5962612628936768
109560,10857,4.301511764526367
109570,10858,1.981166958808899
109580,10859,0.6842823028564453
109590,10860,0.6841244101524353
109600,10861,1.9337936639785767
109610,10862,1.136846661567688
109620,10863,6.592528343200684
109630,10864,0.5998072028160095
109640,10865,0.9699759483337402
109650,10866,1.1139097213745117
109660,10867,8.451255798339844
109670,10868,0.6233007311820984
109680,10869,0.9547584652900696
109690,10870,2.723227024078369
109700,10871,0.9787038564682007
109710,10872,1.7455073595046997
109720,10873,0.7767415642738342
109730,10874,0.8717013597488403
109740,10875,3.8589634895324707
109750,10876,0.5519298315048218
109760,10877,2.282545804977417
109770,10878,0.569549024105072
109780,10879,1.7286393642425537
109790,10880,1.187804102897644
109800,10881,1.080167531967163
109810,10882,0.3147849440574646
109820,10883,1.7128962278366089
109830,10884,0.9897961616516113
109840,10885,0.6348444819450378
109850,10886,1.1979987621307373
109860,10887,0.8878816962242126
109870,10888,0.6639079451560974
109880,10889,2.0485293865203857
109890,10890,1.58963942527771
109900,10891,1.8796072006225586
109910,10892,0.5949164628982544
109920,10893,0.655728816986084
109930,10894,0.7966461777687073
109940,10895,0.5379759073257446
109950,10896,1.0183566808700562
109960,10897,0.7732734084129333
109970,10898,7.885078430175781
109980,10899,1.1762901544570923
109990,10900,1.9552810192108154
110000,10901,1.4777178764343262
110010,10902,1.6575589179992676
110020,10903,3.369464874267578
110030,10904,3.0415098667144775
110040,10905,2.275416612625122
110050,10906,1.9081225395202637
110060,10907,2.122875213623047
110070,10908,3.420517921447754
110080,10909,1.5218262672424316
110090,10910,1.2889769077301025
110100,10911,1.0705182552337646
110110,10912,1.044546127319336
110120,10913,0.7531707882881165
110130,10914,2.850193977355957
110140,10915,1.5985209941864014
110150,10916,1.7638235092163086
110160,10917,0.634652853012085
110170,10918,2.191556930541992
110180,10919,1.8804093599319458
110190,10920,0.7361398339271545
110200,10921,1.3189797401428223
110210,10922,0.7146375775337219
110220,10923,1.672447919845581
110230,10924,0.9147156476974487
110240,10925,1.668189525604248
110250,10926,6.48624324798584
110260,10927,2.1454362869262695
110270,10928,1.173825740814209
110280,10929,2.1584415435791016
110290,10930,1.0844017267227173
110300,10931,3.561570644378662
110310,10932,1.115649700164795
110320,10933,0.9487503170967102
110330,10934,2.299182176589966
110340,10935,1.3193360567092896
110350,10936,1.4443066120147705
110360,10937,2.469226837158203
110370,10938,0.43188607692718506
110380,10939,1.1502971649169922
110390,10940,0.8292604088783264
110400,10941,0.9631911516189575
110410,10942,0.8624758124351501
110420,10943,0.5045591592788696
110430,10944,1.4570518732070923
110440,10945,0.9302510023117065
110450,10946,1.0788816213607788
110460,10947,2.0900208950042725
110470,10948,0.7079071998596191
110480,10949,1.1220976114273071
110490,10950,2.057541847229004
110500,10951,0.9944714307785034
110510,10952,1.3504843711853027
110520,10953,3.3233835697174072
110530,10954,1.6666433811187744
110540,10955,0.4680289030075073
110550,10956,1.3158220052719116
110560,10957,1.219123125076294
110570,10958,1.8919634819030762
110580,10959,2.3553826808929443
110590,10960,1.336566686630249
110600,10961,0.36687472462654114
110610,10962,0.7077586054801941
110620,10963,0.8287302255630493
110630,10964,0.9109191298484802
110640,10965,1.3994624614715576
110650,10966,1.385594367980957
110660,10967,0.8884632587432861
110670,10968,0.6099653840065002
110680,10969,1.2249932289123535
110690,10970,0.6163417100906372
110700,10971,0.6645194888114929
110710,10972,2.1642136573791504
110720,10973,4.804817199707031
110730,10974,1.164337158203125
110740,10975,2.601388931274414
110750,10976,6.664490699768066
110760,10977,0.6565626859664917
110770,10978,1.6977901458740234
110780,10979,1.6609909534454346
110790,10980,0.8511464595794678
110800,10981,0.8964033722877502
110810,10982,0.5896727442741394
110820,10983,0.48507770895957947
110830,10984,1.2746351957321167
110840,10985,1.2161026000976562
110850,10986,1.0128096342086792
110860,10987,1.3271609544754028
110870,10988,7.223280429840088
110880,10989,2.277395725250244
110890,10990,0.8853307366371155
110900,10991,1.608195424079895
110910,10992,1.2434675693511963
110920,10993,4.3210015296936035
110930,10994,2.1193342208862305
110940,10995,0.5957724452018738
110950,10996,3.7570207118988037
110960,10997,1.771072506904602
110970,10998,1.2095282077789307
110980,10999,0.7980718612670898
110990,11000,3.3944904804229736
111000,11001,1.6067657470703125
111010,11002,1.0055793523788452
111020,11003,2.202122688293457
111030,11004,1.2261903285980225
111040,11005,1.5059664249420166
111050,11006,2.0196564197540283
111060,11007,3.327558755874634
111070,11008,1.3218046426773071
111080,11009,0.8353950381278992
111090,11010,1.2885785102844238
111100,11011,1.5428341627120972
111110,11012,1.914807915687561
111120,11013,1.472031831741333
111130,11014,2.1772592067718506
111140,11015,1.0983942747116089
111150,11016,2.101863384246826
111160,11017,2.5949454307556152
111170,11018,2.246586322784424
111180,11019,1.2869999408721924
111190,11020,1.3093125820159912
111200,11021,1.9014676809310913
111210,11022,1.4916085004806519
111220,11023,1.0785598754882812
111230,11024,1.5471415519714355
111240,11025,2.9325575828552246
111250,11026,0.7385697364807129
111260,11027,1.0686674118041992
111270,11028,1.5461442470550537
111280,11029,1.2508095502853394
111290,11030,4.850401401519775
111300,11031,0.8228855133056641
111310,11032,1.0708316564559937
111320,11033,1.5292563438415527
111330,11034,1.461320161819458
111340,11035,1.732889175415039
111350,11036,1.3159091472625732
111360,11037,0.8967986702919006
111370,11038,1.133028507232666
111380,11039,1.6779015064239502
111390,11040,1.737014889717102
111400,11041,2.231961727142334
111410,11042,2.1346240043640137
111420,11043,0.7347687482833862
111430,11044,2.3232438564300537
111440,11045,1.2437748908996582
111450,11046,1.2102434635162354
111460,11047,2.0274906158447266
111470,11048,1.3891921043395996
111480,11049,1.8416239023208618
111490,11050,0.8094868659973145
111500,11051,1.621370553970337
111510,11052,1.7579299211502075
111520,11053,0.9502089023590088
111530,11054,1.5980775356292725
111540,11055,2.5795676708221436
111550,11056,2.6542630195617676
111560,11057,1.081197738647461
111570,11058,0.8582611083984375
111580,11059,1.210852861404419
111590,11060,0.8304752707481384
111600,11061,0.8345426917076111
111610,11062,0.8140831589698792
111620,11063,1.2930383682250977
111630,11064,1.3121612071990967
111640,11065,1.400363564491272
111650,11066,1.9062464237213135
111660,11067,1.1465606689453125
111670,11068,2.6405909061431885
111680,11069,0.9087815880775452
111690,11070,0.955914318561554
111700,11071,3.5024302005767822
111710,11072,6.232750415802002
111720,11073,4.294722557067871
111730,11074,1.6750935316085815
111740,11075,0.8975667953491211
111750,11076,0.7938269972801208
111760,11077,0.8629885911941528
111770,11078,0.9193776249885559
111780,11079,1.1318339109420776
111790,11080,0.8211984634399414
111800,11081,0.6582726836204529
111810,11082,0.9805042743682861
111820,11083,2.6185057163238525
111830,11084,1.2037272453308105
111840,11085,3.26078200340271
111850,11086,1.1118379831314087
111860,11087,2.36655592918396
111870,11088,0.8762807846069336
111880,11089,2.50947642326355
111890,11090,1.0230488777160645
111900,11091,1.3774398565292358
111910,11092,2.770268440246582
111920,11093,1.525445818901062
111930,11094,1.6045657396316528
111940,11095,2.4381675720214844
111950,11096,2.261026382446289
111960,11097,0.9161044955253601
111970,11098,1.0619115829467773
111980,11099,0.7034967541694641
111990,11100,0.5916107892990112
112000,11101,1.1542431116104126
112010,11102,1.714578628540039
112020,11103,3.052487850189209
112030,11104,2.4761037826538086
112040,11105,1.394088864326477
112050,11106,1.554057002067566
112060,11107,2.187842607498169
112070,11108,1.1935266256332397
112080,11109,1.1368253231048584
112090,11110,4.5289459228515625
112100,11111,2.1795127391815186
112110,11112,2.1182875633239746
112120,11113,0.998044490814209
112130,11114,2.80294132232666
112140,11115,1.3498566150665283
112150,11116,2.370436429977417
112160,11117,2.1198160648345947
112170,11118,1.4756224155426025
112180,11119,1.1854928731918335
112190,11120,1.4034082889556885
112200,11121,1.239793062210083
112210,11122,0.9804727435112
112220,11123,1.498200535774231
112230,11124,1.4371968507766724
112240,11125,2.2985496520996094
112250,11126,0.6238008141517639
112260,11127,0.9036964178085327
112270,11128,1.160414457321167
112280,11129,1.4330158233642578
112290,11130,4.234376907348633
112300,11131,1.3152934312820435
112310,11132,0.9382124543190002
112320,11133,4.738363742828369
112330,11134,1.9005680084228516
112340,11135,1.5071974992752075
112350,11136,3.3049817085266113
112360,11137,1.5093882083892822
112370,11138,2.1100845336914062
112380,11139,1.618581771850586
112390,11140,1.9235934019088745
112400,11141,3.347019672393799
112410,11142,1.5688174962997437
112420,11143,2.1988391876220703
112430,11144,1.1173886060714722
112440,11145,3.2983040809631348
112450,11146,1.8246800899505615
112460,11147,1.5101426839828491
112470,11148,1.4876163005828857
112480,11149,0.6980879306793213
112490,11150,0.5730178356170654
112500,11151,1.323689341545105
112510,11152,2.3977549076080322
112520,11153,2.4951231479644775
112530,11154,3.656832695007324
112540,11155,2.963358163833618
112550,11156,0.9034849405288696
112560,11157,4.615828514099121
112570,11158,0.9161384105682373
112580,11159,1.8271021842956543
112590,11160,2.36328125
112600,11161,1.7311888933181763
112610,11162,1.7676658630371094
112620,11163,1.3404165506362915
112630,11164,1.519209384918213
112640,11165,3.480919599533081
112650,11166,0.4236672818660736
112660,11167,0.61252361536026
112670,11168,0.9107257723808289
112680,11169,1.5569803714752197
112690,11170,2.2750322818756104
112700,11171,0.7376761436462402
112710,11172,1.2651551961898804
112720,11173,1.1642022132873535
112730,11174,1.350195288658142
112740,11175,0.700612485408783
112750,11176,1.743691086769104
112760,11177,1.1340842247009277
112770,11178,1.3756190538406372
112780,11179,0.8415393829345703
112790,11180,0.7273492217063904
112800,11181,2.079455614089966
112810,11182,1.4016697406768799
112820,11183,1.3543416261672974
112830,11184,1.2644869089126587
112840,11185,1.2439124584197998
112850,11186,0.6929932832717896
112860,11187,0.8328770399093628
112870,11188,1.8890061378479004
112880,11189,1.946209192276001
112890,11190,1.7365471124649048
112900,11191,10.485154151916504
112910,11192,1.4675253629684448
112920,11193,1.6252477169036865
112930,11194,1.5749725103378296
112940,11195,0.9217284321784973
112950,11196,1.6344845294952393
112960,11197,1.4087780714035034
112970,11198,1.3846306800842285
112980,11199,1.404809832572937
112990,11200,1.7570854425430298
113000,11201,1.321724534034729
113010,11202,2.2338950634002686
113020,11203,1.924461007118225
113030,11204,1.0739350318908691
113040,11205,1.04888117313385
113050,11206,2.6063926219940186
113060,11207,0.8720138669013977
113070,11208,1.2122501134872437
113080,11209,1.901828408241272
113090,11210,1.2341809272766113
113100,11211,1.2856696844100952
113110,11212,1.5847883224487305
113120,11213,1.2286375761032104
113130,11214,1.491287112236023
113140,11215,1.6102927923202515
113150,11216,2.8619985580444336
113160,11217,1.5207879543304443
113170,11218,2.6320672035217285
113180,11219,1.427247166633606
113190,11220,3.8489651679992676
113200,11221,2.007622480392456
113210,11222,1.4175946712493896
113220,11223,1.4312230348587036
113230,11224,2.1363015174865723
113240,11225,1.9814928770065308
113250,11226,1.3554023504257202
113260,11227,2.3633275032043457
113270,11228,0.5599598288536072
113280,11229,1.3013253211975098
113290,11230,0.9129393100738525
113300,11231,4.952119827270508
113310,11232,7.0320892333984375
113320,11233,2.6875839233398438
113330,11234,1.1815409660339355
113340,11235,1.7687557935714722
113350,11236,2.5348637104034424
113360,11237,0.8201751708984375
113370,11238,1.094651699066162
113380,11239,1.2084335088729858
113390,11240,3.814279556274414
113400,11241,1.6128239631652832
113410,11242,2.8732378482818604
113420,11243,2.4063220024108887
113430,11244,1.073325276374817
113440,11245,1.3373651504516602
113450,11246,1.0144221782684326
113460,11247,1.1503628492355347
113470,11248,1.2987030744552612
113480,11249,1.1483521461486816
113490,11250,2.408036947250366
113500,11251,1.0787760019302368
113510,11252,0.9119919538497925
113520,11253,2.6971511840820312
113530,11254,1.9330596923828125
113540,11255,4.227035999298096
113550,11256,1.2326326370239258
113560,11257,1.0034681558609009
113570,11258,1.1521837711334229
113580,11259,1.3630672693252563
113590,11260,2.165363073348999
113600,11261,1.7018214464187622
113610,11262,1.863720417022705
113620,11263,1.0440897941589355
113630,11264,0.946577787399292
113640,11265,2.3786489963531494
113650,11266,2.1940269470214844
113660,11267,1.7144503593444824
113670,11268,2.5840559005737305
113680,11269,0.7061514854431152
113690,11270,1.1345287561416626
113700,11271,3.9252312183380127
113710,11272,0.6184232234954834
113720,11273,2.1760668754577637
113730,11274,3.7204341888427734
113740,11275,0.6260381937026978
113750,11276,0.5195112228393555
113760,11277,0.649303674697876
113770,11278,1.1430737972259521
113780,11279,4.919809818267822
113790,11280,1.8929723501205444
113800,11281,1.4924488067626953
113810,11282,0.7901277542114258
113820,11283,1.2665479183197021
113830,11284,1.4343286752700806
113840,11285,2.373788833618164
113850,11286,1.0635873079299927
113860,11287,0.81089186668396
113870,11288,1.2321741580963135
113880,11289,1.4695740938186646
113890,11290,1.5193064212799072
113900,11291,1.0720762014389038
113910,11292,0.5043986439704895
113920,11293,1.4069892168045044
113930,11294,1.475535273551941
113940,11295,1.473572850227356
113950,11296,1.1358885765075684
113960,11297,0.8458810448646545
113970,11298,3.2630228996276855
113980,11299,2.0879011154174805
113990,11300,0.7821754813194275
114000,11301,0.9812363386154175
114010,11302,8.631917953491211
114020,11303,1.2768243551254272
114030,11304,2.503978967666626
114040,11305,3.2173025608062744
114050,11306,1.3969392776489258
114060,11307,1.4459247589111328
114070,11308,0.5545188188552856
114080,11309,2.463442325592041
114090,11310,0.8401353359222412
114100,11311,1.2724831104278564
114110,11312,1.7802345752716064
114120,11313,0.4710466265678406
114130,11314,1.3666303157806396
114140,11315,0.9982287883758545
114150,11316,1.321807622909546
114160,11317,0.8644221425056458
114170,11318,1.7302260398864746
114180,11319,0.865240752696991
114190,11320,1.1912896633148193
114200,11321,1.4445146322250366
114210,11322,1.1621817350387573
114220,11323,1.9426542520523071
114230,11324,2.896294355392456
114240,11325,1.630650281906128
114250,11326,1.6122688055038452
114260,11327,1.8569200038909912
114270,11328,1.3725508451461792
114280,11329,1.2032804489135742
114290,11330,2.3567869663238525
114300,11331,0.7553278207778931
114310,11332,1.0082600116729736
114320,11333,1.365325927734375
114330,11334,1.9666258096694946
114340,11335,2.0888161659240723
114350,11336,2.4560296535491943
114360,11337,1.5348474979400635
114370,11338,1.8237234354019165
114380,11339,1.0760314464569092
114390,11340,1.3271944522857666
114400,11341,1.0016825199127197
114410,11342,1.1443264484405518
114420,11343,1.5529627799987793
114430,11344,0.9331823587417603
114440,11345,1.3118125200271606
114450,11346,1.365023136138916
114460,11347,0.9742711186408997
114470,11348,3.5137264728546143
114480,11349,1.6493041515350342
114490,11350,1.1572434902191162
114500,11351,1.6381758451461792
114510,11352,1.0367305278778076
114520,11353,1.6836307048797607
114530,11354,0.7859708666801453
114540,11355,0.891930103302002
114550,11356,0.8785082101821899
114560,11357,1.0303796529769897
114570,11358,1.227555274963379
114580,11359,1.5506491661071777
114590,11360,1.6398961544036865
114600,11361,1.1213289499282837
114610,11362,1.044621467590332
114620,11363,2.27787446975708
114630,11364,1.8373055458068848
114640,11365,0.7684839367866516
114650,11366,0.8828730583190918
114660,11367,0.8731536865234375
114670,11368,2.809906244277954
114680,11369,2.7367355823516846
114690,11370,1.4399610757827759
114700,11371,1.2383627891540527
114710,11372,6.811854839324951
114720,11373,0.7614761590957642
114730,11374,2.5850701332092285
114740,11375,2.2695939540863037
114750,11376,1.8450896739959717
114760,11377,1.5013728141784668
114770,11378,4.329853057861328
114780,11379,1.5923471450805664
114790,11380,3.2394087314605713
114800,11381,0.8056462407112122
114810,11382,11.074625968933105
114820,11383,0.500670313835144
114830,11384,0.8634970188140869
114840,11385,0.8750712871551514
114850,11386,1.950640082359314
114860,11387,0.7472302913665771
114870,11388,3.441347122192383
114880,11389,2.528233528137207
114890,11390,1.214179277420044
114900,11391,1.638129472732544
114910,11392,0.719313383102417
114920,11393,2.4186203479766846
114930,11394,1.135071039199829
114940,11395,1.3148952722549438
114950,11396,2.779566764831543
114960,11397,0.8366101384162903
114970,11398,0.7568402886390686
114980,11399,0.8181824088096619
114990,11400,2.856233596801758
115000,11401,1.109183430671692
115010,11402,1.5143218040466309
115020,11403,1.9557089805603027
115030,11404,1.4788044691085815
115040,11405,3.0423383712768555
115050,11406,1.194287896156311
115060,11407,4.217451572418213
115070,11408,1.2799949645996094
115080,11409,1.567946434020996
115090,11410,1.5153803825378418
115100,11411,3.9222376346588135
115110,11412,2.014199733734131
115120,11413,0.4159787893295288
115130,11414,1.4533298015594482
115140,11415,7.278702259063721
115150,11416,1.128343105316162
115160,11417,1.5937695503234863
115170,11418,1.1344348192214966
115180,11419,1.464622974395752
115190,11420,1.5484933853149414
115200,11421,1.7084064483642578
115210,11422,1.4296088218688965
115220,11423,10.979279518127441
115230,11424,1.474204659461975
115240,11425,2.2720346450805664
115250,11426,1.7507805824279785
115260,11427,2.2026519775390625
115270,11428,2.049586057662964
115280,11429,1.1804828643798828
115290,11430,1.3693434000015259
115300,11431,1.0427677631378174
115310,11432,1.1218947172164917
115320,11433,1.033432126045227
115330,11434,0.8605923652648926
115340,11435,5.263324737548828
115350,11436,1.957383155822754
115360,11437,3.908447027206421
115370,11438,0.7783811092376709
115380,11439,0.9865318536758423
115390,11440,2.530710458755493
115400,11441,1.0195928812026978
115410,11442,1.704958438873291
115420,11443,4.734677791595459
115430,11444,3.3775577545166016
115440,11445,1.4014583826065063
115450,11446,0.44233453273773193
115460,11447,1.9432965517044067
115470,11448,0.6469656229019165
115480,11449,1.7106044292449951
115490,11450,0.7010275721549988
115500,11451,1.6064096689224243
115510,11452,1.9876093864440918
115520,11453,8.863493919372559
115530,11454,1.2132114171981812
115540,11455,0.9026375412940979
115550,11456,1.085638403892517
115560,11457,0.6159160137176514
115570,11458,4.162161350250244
115580,11459,1.2867600917816162
115590,11460,0.8775742650032043
115600,11461,1.3225727081298828
115610,11462,0.590788722038269
115620,11463,1.352026343345642
115630,11464,0.8339443206787109
115640,11465,1.435152530670166
115650,11466,1.8891228437423706
115660,11467,1.0798505544662476
115670,11468,0.800703227519989
115680,11469,0.7602986693382263
115690,11470,0.8726682066917419
115700,11471,1.2699198722839355
115710,11472,8.475709915161133
115720,11473,0.8253401517868042
115730,11474,5.078049659729004
115740,11475,1.0453546047210693
115750,11476,4.374702453613281
115760,11477,0.564073383808136
115770,11478,2.144604206085205
115780,11479,1.7801456451416016
115790,11480,0.8045780062675476
115800,11481,1.6375467777252197
115810,11482,2.9718453884124756
115820,11483,0.9072951078414917
115830,11484,0.6956172585487366
115840,11485,0.9592487812042236
115850,11486,1.179564118385315
115860,11487,5.983432292938232
115870,11488,3.374728202819824
115880,11489,0.8778824210166931
115890,11490,1.0094683170318604
115900,11491,3.0018808841705322
115910,11492,1.5620062351226807
115920,11493,1.4986456632614136
115930,11494,1.5665332078933716
115940,11495,1.4713671207427979
115950,11496,1.7388014793395996
115960,11497,1.5712599754333496
115970,11498,1.8136518001556396
115980,11499,1.382171392440796
115990,11500,1.340010643005371
116000,11501,1.6952935457229614
116010,11502,0.8871610164642334
116020,11503,1.2192507982254028
116030,11504,1.8842030763626099
116040,11505,2.3023667335510254
116050,11506,1.2132434844970703
116060,11507,2.600360631942749
116070,11508,2.6779110431671143
116080,11509,0.8488848805427551
116090,11510,0.659200131893158
116100,11511,1.084031581878662
116110,11512,2.036604404449463
116120,11513,1.0199016332626343
116130,11514,1.0001468658447266
116140,11515,3.6334939002990723
116150,11516,1.309788465499878
116160,11517,2.3573930263519287
116170,11518,1.0952826738357544
116180,11519,4.854869365692139
116190,11520,1.0884813070297241
116200,11521,1.1818087100982666
116210,11522,0.8155832886695862
116220,11523,0.6783416867256165
116230,11524,1.9869753122329712
116240,11525,1.371572732925415
116250,11526,2.2292938232421875
116260,11527,1.6311144828796387
116270,11528,0.7981625199317932
116280,11529,1.8630629777908325
116290,11530,1.377057433128357
116300,11531,1.1674785614013672
116310,11532,1.6061104536056519
116320,11533,0.9904908537864685
116330,11534,1.069427251815796
116340,11535,0.8392302989959717
116350,11536,1.0601426362991333
116360,11537,1.002346158027649
116370,11538,1.9445973634719849
116380,11539,1.195754051208496
116390,11540,1.228185772895813
116400,11541,2.6570370197296143
116410,11542,0.8683867454528809
116420,11543,2.441293954849243
116430,11544,1.5449726581573486
116440,11545,1.4083932638168335
116450,11546,1.60554039478302
116460,11547,3.993920087814331
116470,11548,3.2360846996307373
116480,11549,0.6012017726898193
116490,11550,3.4235615730285645
116500,11551,1.0536668300628662
116510,11552,0.6919702887535095
116520,11553,3.057404041290283
116530,11554,0.8511921167373657
116540,11555,0.45663097500801086
116550,11556,1.3067777156829834
116560,11557,0.9811117649078369
116570,11558,2.2067971229553223
116580,11559,2.226029872894287
116590,11560,0.7979750037193298
116600,11561,8.038818359375
116610,11562,1.3392322063446045
116620,11563,4.335414409637451
116630,11564,0.5419175624847412
116640,11565,2.5329959392547607
116650,11566,2.2570865154266357
116660,11567,2.0214455127716064
116670,11568,4.90314245223999
116680,11569,1.4636517763137817
116690,11570,4.124173641204834
116700,11571,1.044734239578247
116710,11572,1.16880202293396
116720,11573,0.45596742630004883
116730,11574,2.3543825149536133
116740,11575,2.3711893558502197
116750,11576,0.9792677164077759
116760,11577,2.277334451675415
116770,11578,0.9098411798477173
116780,11579,1.5604374408721924
116790,11580,0.8154720067977905
116800,11581,1.5816901922225952
116810,11582,0.992548406124115
116820,11583,1.1368305683135986
116830,11584,1.2671750783920288
116840,11585,1.1327054500579834
116850,11586,1.086148977279663
116860,11587,0.6361306309700012
116870,11588,0.8154590725898743
116880,11589,3.5059666633605957
116890,11590,1.2897952795028687
116900,11591,0.9974066615104675
116910,11592,2.0586702823638916
116920,11593,2.3568005561828613
116930,11594,0.7396724224090576
116940,11595,0.8004805445671082
116950,11596,1.371798038482666
116960,11597,1.564266324043274
116970,11598,1.360532283782959
116980,11599,4.640382766723633
116990,11600,1.7203707695007324
117000,11601,0.9045876264572144
117010,11602,1.6854609251022339
117020,11603,1.516263484954834
117030,11604,1.1557841300964355
117040,11605,1.3126683235168457
117050,11606,1.1131854057312012
117060,11607,0.8522086143493652
117070,11608,1.287933111190796
117080,11609,1.278626799583435
117090,11610,0.7180052995681763
117100,11611,0.913136899471283
117110,11612,1.794746994972229
117120,11613,1.246447205543518
117130,11614,2.1231191158294678
117140,11615,1.437569499015808
117150,11616,0.892492949962616
117160,11617,0.785248339176178
117170,11618,2.0561742782592773
117180,11619,1.693858027458191
117190,11620,6.4415974617004395
117200,11621,1.6002655029296875
117210,11622,0.8804817795753479
117220,11623,1.1632907390594482
117230,11624,1.6709110736846924
117240,11625,1.093281865119934
117250,11626,1.9652172327041626
117260,11627,2.1391544342041016
117270,11628,0.7579711079597473
117280,11629,1.299777626991272
117290,11630,1.1657054424285889
117300,11631,1.8579062223434448
117310,11632,1.5546009540557861
117320,11633,1.230139136314392
117330,11634,0.9461811780929565
117340,11635,0.6550108194351196
117350,11636,1.1425509452819824
117360,11637,0.88839191198349
117370,11638,1.4206610918045044
117380,11639,0.907085657119751
117390,11640,2.688621997833252
117400,11641,1.3172290325164795
117410,11642,1.7840075492858887
117420,11643,0.9309162497520447
117430,11644,1.345599889755249
117440,11645,2.09458065032959
117450,11646,0.6497399806976318
117460,11647,3.4825687408447266
117470,11648,1.612016201019287
117480,11649,1.1334280967712402
117490,11650,1.9760832786560059
117500,11651,4.308762073516846
117510,11652,1.1128652095794678
117520,11653,1.0741400718688965
117530,11654,1.4379419088363647
117540,11655,0.833796501159668
117550,11656,1.811706781387329
117560,11657,0.7309625148773193
117570,11658,4.50048303604126
117580,11659,1.311171531677246
117590,11660,0.7671637535095215
117600,11661,1.3121618032455444
117610,11662,1.271959662437439
117620,11663,1.034780502319336
117630,11664,1.7764840126037598
117640,11665,2.491236925125122
117650,11666,1.5073633193969727
117660,11667,1.0045148134231567
117670,11668,2.1902363300323486
117680,11669,6.394803047180176
117690,11670,1.4672858715057373
117700,11671,1.0336644649505615
117710,11672,2.602372884750366
117720,11673,1.8100264072418213
117730,11674,0.9029212594032288
117740,11675,8.569211959838867
117750,11676,1.5139762163162231
117760,11677,0.8782943487167358
117770,11678,2.17016339302063
117780,11679,1.1121726036071777
117790,11680,1.8006443977355957
117800,11681,2.613994598388672
117810,11682,1.9329205751419067
117820,11683,1.0157115459442139
117830,11684,0.9908185601234436
117840,11685,0.6399171352386475
117850,11686,0.8154458999633789
117860,11687,0.7027803659439087
117870,11688,5.3730597496032715
117880,11689,0.8853298425674438
117890,11690,2.4431564807891846
117900,11691,1.7305622100830078
117910,11692,2.362382650375366
117920,11693,0.6655158996582031
117930,11694,0.49010568857192993
117940,11695,0.7174609899520874
117950,11696,3.3605551719665527
117960,11697,0.4523653984069824
117970,11698,1.6572370529174805
117980,11699,0.8003847599029541
117990,11700,1.9038995504379272
118000,11701,0.9323137998580933
118010,11702,0.953865647315979
118020,11703,0.6186068058013916
118030,11704,1.5148001909255981
118040,11705,1.6350204944610596
118050,11706,0.7796185612678528
118060,11707,4.130049228668213
118070,11708,2.064500570297241
118080,11709,0.8376076221466064
118090,11710,1.687610149383545
118100,11711,1.4879305362701416
118110,11712,2.052122116088867
118120,11713,2.6177847385406494
118130,11714,0.5782452821731567
118140,11715,1.2557226419448853
118150,11716,1.358565092086792
118160,11717,1.0877496004104614
118170,11718,1.0036721229553223
118180,11719,0.43353071808815
118190,11720,2.4964535236358643
118200,11721,2.229130983352661
118210,11722,1.7881025075912476
118220,11723,1.4854543209075928
118230,11724,2.725421190261841
118240,11725,0.5669233798980713
118250,11726,4.0143513679504395
118260,11727,1.3154610395431519
118270,11728,1.9067740440368652
118280,11729,1.4459871053695679
118290,11730,0.9488531351089478
118300,11731,0.8464393615722656
118310,11732,0.8045783042907715
118320,11733,1.445997953414917
118330,11734,1.1083465814590454
118340,11735,1.114598274230957
118350,11736,3.1730706691741943
118360,11737,2.419245481491089
118370,11738,2.330594062805176
118380,11739,4.037862300872803
118390,11740,1.0822089910507202
118400,11741,2.987865924835205
118410,11742,0.7753110527992249
118420,11743,1.1124297380447388
118430,11744,1.235534906387329
118440,11745,1.6757196187973022
118450,11746,1.5286242961883545
118460,11747,1.6514594554901123
118470,11748,2.8611228466033936
118480,11749,3.076490879058838
118490,11750,2.683448076248169
118500,11751,1.0397495031356812
118510,11752,0.4891156554222107
118520,11753,2.3211312294006348
118530,11754,0.9923364520072937
118540,11755,1.8789198398590088
118550,11756,1.963884949684143
118560,11757,3.6190147399902344
118570,11758,2.0963099002838135
118580,11759,0.8645352125167847
118590,11760,1.01125967502594
118600,11761,1.6816684007644653
118610,11762,3.7907907962799072
118620,11763,0.8747005462646484
118630,11764,0.9216479063034058
118640,11765,2.5001907348632812
118650,11766,2.563417434692383
118660,11767,1.7704880237579346
118670,11768,1.8209154605865479
118680,11769,2.481721878051758
118690,11770,1.3995311260223389
118700,11771,1.885707139968872
118710,11772,2.1449975967407227
118720,11773,0.47225797176361084
118730,11774,0.7537370324134827
118740,11775,1.6026498079299927
118750,11776,2.3806095123291016
118760,11777,2.0736844539642334
118770,11778,1.894963026046753
118780,11779,0.8066044449806213
118790,11780,1.4349620342254639
118800,11781,1.2412713766098022
118810,11782,1.0070313215255737
118820,11783,0.7364200949668884
118830,11784,1.4793344736099243
118840,11785,0.48221737146377563
118850,11786,1.146877408027649
118860,11787,1.6422178745269775
118870,11788,1.2550430297851562
118880,11789,0.934796154499054
118890,11790,1.7329647541046143
118900,11791,0.4448375701904297
118910,11792,0.8135206699371338
118920,11793,5.62033224105835
118930,11794,1.7345963716506958
118940,11795,1.4127124547958374
118950,11796,0.6811231970787048
118960,11797,1.640812635421753
118970,11798,1.1284079551696777
118980,11799,1.2705796957015991
118990,11800,1.1037273406982422
119000,11801,1.4610240459442139
119010,11802,1.755292296409607
119020,11803,0.5542633533477783
119030,11804,0.7581920623779297
119040,11805,1.7564094066619873
119050,11806,1.0245736837387085
119060,11807,1.9973058700561523
119070,11808,0.6795073747634888
119080,11809,0.9403446912765503
119090,11810,1.0761864185333252
119100,11811,2.314913272857666
119110,11812,2.022848129272461
119120,11813,1.7903881072998047
119130,11814,1.874072551727295
119140,11815,3.3661019802093506
119150,11816,2.8777098655700684
119160,11817,3.3303945064544678
119170,11818,1.228933334350586
119180,11819,1.5367951393127441
119190,11820,0.8405731916427612
119200,11821,1.143003225326538
119210,11822,3.497640609741211
119220,11823,1.4939815998077393
119230,11824,2.298978805541992
119240,11825,1.2192920446395874
119250,11826,1.1204121112823486
119260,11827,2.40553879737854
119270,11828,3.034895181655884
119280,11829,0.8190760016441345
119290,11830,0.7925840020179749
119300,11831,0.8887384533882141
119310,11832,0.5284113883972168
119320,11833,2.122384548187256
119330,11834,1.3109960556030273
119340,11835,1.432258129119873
119350,11836,1.5035736560821533
119360,11837,0.6831134557723999
119370,11838,1.0910981893539429
119380,11839,1.4396377801895142
119390,11840,1.9580636024475098
119400,11841,2.738548755645752
119410,11842,4.232014179229736
119420,11843,2.7911128997802734
119430,11844,1.1370948553085327
119440,11845,1.4510587453842163
119450,11846,1.9108797311782837
119460,11847,1.0211219787597656
119470,11848,3.763115406036377
119480,11849,2.032527446746826
119490,11850,1.7507588863372803
119500,11851,0.6317915320396423
119510,11852,0.8284358978271484
119520,11853,2.28216290473938
119530,11854,2.8655295372009277
119540,11855,2.4762017726898193
119550,11856,1.4073784351348877
119560,11857,1.4583661556243896
119570,11858,0.31933727860450745
119580,11859,1.4356958866119385
119590,11860,1.3352034091949463
119600,11861,1.521040916442871
119610,11862,1.1307706832885742
119620,11863,0.37121665477752686
119630,11864,2.7822015285491943
119640,11865,0.8945913314819336
119650,11866,1.4171836376190186
119660,11867,0.7508718371391296
119670,11868,1.4293019771575928
119680,11869,2.4019930362701416
119690,11870,3.802765369415283
119700,11871,1.5463688373565674
119710,11872,1.0073312520980835
119720,11873,2.2467141151428223
119730,11874,3.483271598815918
119740,11875,2.6565403938293457
119750,11876,0.7676305174827576
119760,11877,0.8715400099754333
119770,11878,1.7422585487365723
119780,11879,0.7478379011154175
119790,11880,1.334061622619629
119800,11881,0.9003257155418396
119810,11882,3.748384952545166
119820,11883,1.1207777261734009
119830,11884,4.621209621429443
119840,11885,2.616264820098877
119850,11886,2.739821195602417
119860,11887,4.502409934997559
119870,11888,0.6692999601364136
119880,11889,0.6954159736633301
119890,11890,1.6406455039978027
119900,11891,0.6756382584571838
119910,11892,0.7083247303962708
119920,11893,0.5174255967140198
119930,11894,1.1500004529953003
119940,11895,1.3674503564834595
119950,11896,1.9641382694244385
119960,11897,1.3496248722076416
119970,11898,6.104946136474609
119980,11899,2.24826979637146
119990,11900,0.5070788860321045
120000,11901,2.051222801208496
120010,11902,1.4116441011428833
120020,11903,0.9798932075500488
120030,11904,1.2817288637161255
120040,11905,1.35386323928833
120050,11906,2.317613363265991
120060,11907,6.992887496948242
120070,11908,1.73087477684021
120080,11909,2.255056142807007
120090,11910,1.5548492670059204
120100,11911,2.5605056285858154
120110,11912,1.632422685623169
120120,11913,2.854773998260498
120130,11914,1.1847721338272095
120140,11915,3.1914005279541016
120150,11916,0.6547723412513733
120160,11917,2.501331090927124
120170,11918,1.742491364479065
120180,11919,0.9350441694259644
120190,11920,2.1839513778686523
120200,11921,1.6180927753448486
120210,11922,2.4966578483581543
120220,11923,1.504636526107788
120230,11924,2.3063340187072754
120240,11925,1.2842901945114136
120250,11926,1.3903855085372925
120260,11927,0.648852527141571
120270,11928,2.035644054412842
120280,11929,2.3610715866088867
120290,11930,1.9752343893051147
120300,11931,7.973723888397217
120310,11932,0.9178988933563232
120320,11933,1.4484302997589111
120330,11934,1.4810246229171753
120340,11935,2.021279811859131
120350,11936,2.2798824310302734
120360,11937,1.1693447828292847
120370,11938,1.1797354221343994
120380,11939,1.525328278541565
120390,11940,3.9354629516601562
120400,11941,2.6037280559539795
120410,11942,1.2240188121795654
120420,11943,0.9466099739074707
120430,11944,1.3046226501464844
120440,11945,1.593664288520813
120450,11946,3.7711288928985596
120460,11947,1.8212220668792725
120470,11948,3.6096792221069336
120480,11949,1.1885493993759155
120490,11950,0.6812249422073364
120500,11951,1.5433064699172974
120510,11952,1.2364230155944824
120520,11953,3.0303280353546143
120530,11954,1.0052931308746338
120540,11955,1.0047173500061035
120550,11956,1.1287837028503418
120560,11957,1.569546103477478
120570,11958,2.4266369342803955
120580,11959,1.6960502862930298
120590,11960,0.385897159576416
120600,11961,1.2291157245635986
120610,11962,1.095696210861206
120620,11963,1.0912712812423706
120630,11964,3.329230308532715
120640,11965,1.505694031715393
120650,11966,1.113311529159546
120660,11967,0.8948922753334045
120670,11968,0.8058691620826721
120680,11969,4.862357139587402
120690,11970,1.0647270679473877
120700,11971,0.6070016026496887
120710,11972,0.9202991724014282
120720,11973,1.0592937469482422
120730,11974,2.330570936203003
120740,11975,0.892074704170227
120750,11976,0.5343412756919861
120760,11977,1.3253597021102905
120770,11978,0.5548763275146484
120780,11979,2.156324625015259
120790,11980,0.9753702878952026
120800,11981,1.1484260559082031
120810,11982,1.5912938117980957
120820,11983,3.1141343116760254
120830,11984,0.6851284503936768
120840,11985,1.1710759401321411
120850,11986,1.3169958591461182
120860,11987,3.3157334327697754
120870,11988,1.410989761352539
120880,11989,0.8759030103683472
120890,11990,1.7071795463562012
120900,11991,1.5590277910232544
120910,11992,1.6520580053329468
120920,11993,1.300970435142517
120930,11994,0.7419942617416382
120940,11995,1.8069642782211304
120950,11996,1.0823898315429688
120960,11997,0.802882194519043
120970,11998,1.673327088356018
120980,11999,1.8334510326385498
120990,12000,1.2086093425750732
121000,12001,0.7245044708251953
121010,12002,1.6980674266815186
121020,12003,1.0789508819580078
121030,12004,1.1196085214614868
121040,12005,2.388786554336548
121050,12006,2.3143351078033447
121060,12007,1.8547346591949463
121070,12008,0.631085991859436
121080,12009,2.6950736045837402
121090,12010,0.634033203125
121100,12011,1.6310416460037231
121110,12012,2.8816487789154053
121120,12013,6.04443883895874
121130,12014,1.3852444887161255
121140,12015,0.7360778450965881
121150,12016,2.582763671875
121160,12017,0.5941482186317444
121170,12018,1.202071189880371
121180,12019,1.6926294565200806
121190,12020,10.09964370727539
121200,12021,0.7544996738433838
121210,12022,1.6954659223556519
121220,12023,1.573415994644165
121230,12024,0.8695025444030762
121240,12025,1.9045156240463257
121250,12026,0.7763851881027222
121260,12027,1.0386841297149658
121270,12028,1.5865627527236938
121280,12029,1.0976756811141968
121290,12030,3.1615400314331055
121300,12031,0.8569952845573425
121310,12032,1.814395546913147
121320,12033,1.6480845212936401
121330,12034,2.162454605102539
121340,12035,1.63923978805542
121350,12036,0.7255684733390808
121360,12037,1.7011950016021729
121370,12038,0.9991311430931091
121380,12039,1.029296875
121390,12040,0.8407975435256958
121400,12041,1.773987054824829
121410,12042,2.0160017013549805
121420,12043,1.1534829139709473
121430,12044,1.0068387985229492
121440,12045,0.49302908778190613
121450,12046,1.8983643054962158
121460,12047,1.1026248931884766
121470,12048,1.4098482131958008
121480,12049,1.2088598012924194
121490,12050,0.9415562152862549
121500,12051,0.7239529490470886
121510,12052,0.6816641092300415
121520,12053,1.0147662162780762
121530,12054,1.0427310466766357
121540,12055,4.041175842285156
121550,12056,2.332592248916626
121560,12057,0.9069420099258423
121570,12058,4.183075904846191
121580,12059,4.933740139007568
121590,12060,0.8482521176338196
121600,12061,1.4548063278198242
121610,12062,1.767329216003418
121620,12063,0.5226802825927734
121630,12064,1.4106502532958984
121640,12065,3.7424700260162354
121650,12066,0.5403286218643188
121660,12067,1.1520605087280273
121670,12068,1.3709502220153809
121680,12069,1.3669699430465698
121690,12070,0.9260321855545044
121700,12071,0.9688950777053833
121710,12072,1.3424954414367676
121720,12073,1.7266901731491089
121730,12074,1.3073352575302124
121740,12075,1.7200748920440674
121750,12076,1.2660949230194092
121760,12077,1.175737977027893
121770,12078,3.689767360687256
121780,12079,2.348069667816162
121790,12080,2.6541407108306885
121800,12081,3.212047815322876
121810,12082,1.1853898763656616
121820,12083,0.8874578475952148
121830,12084,1.7922013998031616
121840,12085,1.424791693687439
121850,12086,1.5270955562591553
121860,12087,0.44241994619369507
121870,12088,0.7254160046577454
121880,12089,1.7296708822250366
121890,12090,1.220341682434082
121900,12091,1.057844877243042
121910,12092,0.8960069417953491
121920,12093,0.7034820914268494
121930,12094,0.9535607099533081
121940,12095,4.734349250793457
121950,12096,1.3688379526138306
121960,12097,1.0924150943756104
121970,12098,4.500244140625
121980,12099,1.9519153833389282
121990,12100,0.8194977045059204
122000,12101,0.6609072685241699
122010,12102,1.1801011562347412
122020,12103,1.9841076135635376
122030,12104,3.222712278366089
122040,12105,1.1268583536148071
122050,12106,2.8972296714782715
122060,12107,2.078268527984619
122070,12108,2.714182138442993
122080,12109,1.6725236177444458
122090,12110,2.010449171066284
122100,12111,2.497361660003662
122110,12112,3.070744752883911
122120,12113,0.9689509272575378
122130,12114,1.431004285812378
122140,12115,2.7560007572174072
122150,12116,2.860826015472412
122160,12117,0.9324482679367065
122170,12118,1.4789575338363647
122180,12119,0.9525461196899414
122190,12120,0.8473384380340576
122200,12121,0.4944084882736206
122210,12122,2.2899703979492188
122220,12123,1.8821470737457275
122230,12124,2.525167942047119
122240,12125,0.9962776303291321
122250,12126,2.9438908100128174
122260,12127,0.7820558547973633
122270,12128,0.6004867553710938
122280,12129,0.8586934208869934
122290,12130,1.6058051586151123
122300,12131,0.9950835704803467
122310,12132,0.3888644576072693
122320,12133,2.3840317726135254
122330,12134,0.9669950008392334
122340,12135,1.1649185419082642
122350,12136,2.4835548400878906
122360,12137,0.8908764123916626
122370,12138,2.759965181350708
122380,12139,2.3221163749694824
122390,12140,2.172309160232544
122400,12141,2.8600974082946777
122410,12142,0.8846466541290283
122420,12143,1.0492393970489502
122430,12144,2.898545980453491
122440,12145,0.9181920886039734
122450,12146,0.7634779810905457
122460,12147,1.883544683456421
122470,12148,1.4556206464767456
122480,12149,3.348430633544922
122490,12150,1.8408480882644653
122500,12151,2.515672445297241
122510,12152,1.4195278882980347
122520,12153,6.221617698669434
122530,12154,2.758934259414673
122540,12155,1.0541192293167114
122550,12156,1.5421648025512695
122560,12157,1.738412857055664
122570,12158,1.4976394176483154
122580,12159,1.7946808338165283
122590,12160,1.109689712524414
122600,12161,1.915463924407959
122610,12162,1.1142088174819946
122620,12163,1.5831793546676636
122630,12164,4.051535129547119
122640,12165,2.2635815143585205
122650,12166,2.3219127655029297
122660,12167,0.928045928478241
122670,12168,1.711256980895996
122680,12169,1.150931715965271
122690,12170,1.5907987356185913
122700,12171,1.0962936878204346
122710,12172,0.9437127709388733
122720,12173,1.6335233449935913
122730,12174,2.7379558086395264
122740,12175,4.605213642120361
122750,12176,1.1822192668914795
122760,12177,0.7260544300079346
122770,12178,0.7900866866111755
122780,12179,1.1953357458114624
122790,12180,3.8308589458465576
122800,12181,3.0580759048461914
122810,12182,1.8776524066925049
122820,12183,0.8335166573524475
122830,12184,1.629889726638794
122840,12185,4.625362873077393
122850,12186,2.615203857421875
122860,12187,0.5435681343078613
122870,12188,0.9784117341041565
122880,12189,1.7433775663375854
122890,12190,0.5449956059455872
122900,12191,1.8903515338897705
122910,12192,1.9816688299179077
122920,12193,0.997245728969574
122930,12194,2.2552528381347656
122940,12195,1.493201494216919
122950,12196,1.9474928379058838
122960,12197,1.380037784576416
122970,12198,2.0379996299743652
122980,12199,2.810548782348633
122990,12200,2.112504720687866
123000,12201,1.21907639503479
123010,12202,0.863231360912323
123020,12203,1.8763309717178345
123030,12204,3.7890288829803467
123040,12205,0.7302220463752747
123050,12206,2.495576858520508
123060,12207,1.8247416019439697
123070,12208,2.0304908752441406
123080,12209,1.3987481594085693
123090,12210,6.147886276245117
123100,12211,3.354832410812378
123110,12212,0.8984367251396179
123120,12213,1.3394277095794678
123130,12214,0.760615348815918
123140,12215,1.8752237558364868
123150,12216,1.057098627090454
123160,12217,3.045849323272705
123170,12218,1.3583076000213623
123180,12219,2.90002703666687
123190,12220,1.8489513397216797
123200,12221,2.643064498901367
123210,12222,1.0856270790100098
123220,12223,1.1625128984451294
123230,12224,1.5477124452590942
123240,12225,1.1656540632247925
123250,12226,0.931320071220398
123260,12227,1.597001552581787
123270,12228,1.254145622253418
123280,12229,0.7282184958457947
123290,12230,0.8573660254478455
123300,12231,1.9154092073440552
123310,12232,5.041154384613037
123320,12233,1.6356135606765747
123330,12234,1.4518744945526123
123340,12235,1.6327300071716309
123350,12236,3.5343754291534424
123360,12237,2.015477180480957
123370,12238,3.7271018028259277
123380,12239,0.7742618918418884
123390,12240,1.2223503589630127
123400,12241,1.350157380104065
123410,12242,3.949451446533203
123420,12243,1.3597460985183716
123430,12244,0.9441403746604919
123440,12245,2.824239492416382
123450,12246,2.5583419799804688
123460,12247,2.8925905227661133
123470,12248,0.7544862627983093
123480,12249,2.0603325366973877
123490,12250,3.0810444355010986
123500,12251,2.7993669509887695
123510,12252,1.6547751426696777
123520,12253,2.0511083602905273
123530,12254,1.3314052820205688
123540,12255,0.8486340641975403
123550,12256,1.1539160013198853
123560,12257,2.5862040519714355
123570,12258,2.3522868156433105
123580,12259,2.411536693572998
123590,12260,0.9005934000015259
123600,12261,0.9838950037956238
123610,12262,1.2245111465454102
123620,12263,1.570122480392456
123630,12264,0.4971866011619568
123640,12265,1.2676388025283813
123650,12266,1.1676220893859863
123660,12267,0.988446831703186
123670,12268,1.3357840776443481
123680,12269,1.4267433881759644
123690,12270,1.0311188697814941
123700,12271,4.6194257736206055
123710,12272,0.754147469997406
123720,12273,0.9282757043838501
123730,12274,2.5791797637939453
123740,12275,1.4314208030700684
123750,12276,1.0920891761779785
123760,12277,1.4745368957519531
123770,12278,4.438843250274658
123780,12279,1.4344375133514404
123790,12280,1.9055070877075195
123800,12281,3.489255905151367
123810,12282,0.7178076505661011
123820,12283,1.5157803297042847
123830,12284,1.8551013469696045
123840,12285,8.406669616699219
123850,12286,1.910963535308838
123860,12287,1.6375479698181152
123870,12288,1.7782260179519653
123880,12289,2.2075560092926025
123890,12290,1.6501959562301636
123900,12291,1.8440219163894653
123910,12292,1.3248926401138306
123920,12293,0.8421216607093811
123930,12294,1.8130311965942383
123940,12295,1.3338629007339478
123950,12296,1.098404049873352
123960,12297,1.3377342224121094
123970,12298,4.8440961837768555
123980,12299,1.0007518529891968
123990,12300,2.2734038829803467
124000,12301,2.4103891849517822
124010,12302,2.165377378463745
124020,12303,1.4314709901809692
124030,12304,4.741459369659424
124040,12305,1.0882929563522339
124050,12306,1.6936545372009277
124060,12307,2.3886189460754395
124070,12308,2.232304811477661
124080,12309,0.7754393815994263
124090,12310,0.7550011873245239
124100,12311,3.024601459503174
124110,12312,2.955813407897949
124120,12313,5.835270404815674
124130,12314,2.5476908683776855
124140,12315,4.006124496459961
124150,12316,1.393211841583252
124160,12317,2.925074338912964
124170,12318,3.0677132606506348
124180,12319,2.6955251693725586
124190,12320,1.234362006187439
124200,12321,10.740814208984375
124210,12322,1.0244300365447998
124220,12323,1.3840426206588745
124230,12324,1.8724817037582397
124240,12325,1.5255308151245117
124250,12326,1.1543593406677246
124260,12327,1.1089565753936768
124270,12328,1.0181804895401
124280,12329,1.145492672920227
124290,12330,3.0133140087127686
124300,12331,0.8731316328048706
124310,12332,1.6960232257843018
124320,12333,2.1907906532287598
124330,12334,1.7253793478012085
124340,12335,0.974759042263031
124350,12336,2.8516945838928223
124360,12337,1.7758828401565552
124370,12338,6.33279275894165
124380,12339,0.7720968723297119
124390,12340,1.8485203981399536
124400,12341,2.1911001205444336
124410,12342,1.0090378522872925
124420,12343,2.1762964725494385
124430,12344,1.5799171924591064
124440,12345,2.566494941711426
124450,12346,1.0423991680145264
124460,12347,2.8265061378479004
124470,12348,1.2691181898117065
124480,12349,1.7556989192962646
124490,12350,2.5150909423828125
124500,12351,0.8029441237449646
124510,12352,1.0741533041000366
124520,12353,2.3385202884674072
124530,12354,3.5961616039276123
124540,12355,1.1566951274871826
124550,12356,0.5683244466781616
124560,12357,1.5521092414855957
124570,12358,1.9027926921844482
124580,12359,2.5259900093078613
124590,12360,1.3080259561538696
124600,12361,1.8067885637283325
124610,12362,1.3529870510101318
124620,12363,4.244229793548584
124630,12364,6.624884128570557
124640,12365,1.9178979396820068
124650,12366,1.8360857963562012
124660,12367,4.6997599601745605
124670,12368,2.2577168941497803
124680,12369,1.5296428203582764
124690,12370,2.222339630126953
124700,12371,1.4799492359161377
124710,12372,2.250041961669922
124720,12373,3.4160478115081787
124730,12374,1.5573683977127075
124740,12375,1.162581205368042
124750,12376,0.8195756673812866
124760,12377,0.9456225633621216
124770,12378,1.730151891708374
124780,12379,1.8896061182022095
124790,12380,2.9213201999664307
124800,12381,1.5467208623886108
124810,12382,2.6593356132507324
124820,12383,1.6452069282531738
124830,12384,4.586879730224609
124840,12385,1.7176554203033447
124850,12386,1.5806034803390503
124860,12387,1.0196959972381592
124870,12388,1.1253838539123535
124880,12389,1.9650681018829346
124890,12390,2.5090603828430176
124900,12391,3.128249406814575
124910,12392,2.5177128314971924
124920,12393,1.0582854747772217
124930,12394,2.316917657852173
124940,12395,6.603168487548828
124950,12396,0.8297556042671204
124960,12397,1.5089833736419678
124970,12398,1.6570227146148682
124980,12399,1.6497633457183838
124990,12400,1.0774729251861572
125000,12401,3.320230007171631
125010,12402,1.7493480443954468
125020,12403,1.1670032739639282
125030,12404,2.1515724658966064
125040,12405,0.9453520774841309
125050,12406,1.178777813911438
125060,12407,1.1340279579162598
125070,12408,2.449810743331909
125080,12409,5.4120049476623535
125090,12410,2.387406587600708
125100,12411,2.7717156410217285
125110,12412,1.3775620460510254
125120,12413,3.3663487434387207
125130,12414,1.5439605712890625
125140,12415,1.268257975578308
125150,12416,2.9626805782318115
125160,12417,1.3434926271438599
125170,12418,1.2043215036392212
125180,12419,1.7763826847076416
125190,12420,1.2858167886734009
125200,12421,2.213153839111328
125210,12422,1.564018726348877
125220,12423,1.5903408527374268
125230,12424,1.3977534770965576
125240,12425,2.3021366596221924
125250,12426,2.7027711868286133
125260,12427,4.1064581871032715
125270,12428,1.8517612218856812
125280,12429,1.311785101890564
125290,12430,1.6517375707626343
125300,12431,1.36711585521698
125310,12432,1.2628159523010254
125320,12433,1.309577226638794
125330,12434,1.768951177597046
125340,12435,2.766883134841919
125350,12436,2.077125072479248
125360,12437,2.9154465198516846
125370,12438,1.1357202529907227
125380,12439,2.958303689956665
125390,12440,5.667884826660156
125400,12441,1.7118661403656006
125410,12442,1.4660145044326782
125420,12443,0.8154218196868896
125430,12444,0.4877672791481018
125440,12445,2.6257495880126953
125450,12446,4.036067962646484
125460,12447,0.7594980597496033
125470,12448,4.911190986633301
125480,12449,1.3858104944229126
125490,12450,2.086848735809326
125500,12451,1.9995648860931396
125510,12452,0.8143528699874878
125520,12453,1.1140363216400146
125530,12454,1.9128386974334717
125540,12455,1.5999401807785034
125550,12456,1.4357354640960693
125560,12457,2.057931423187256
125570,12458,1.346632719039917
125580,12459,2.834219455718994
125590,12460,1.5902363061904907
125600,12461,1.2643052339553833
125610,12462,1.029404640197754
125620,12463,1.1961944103240967
125630,12464,1.5980485677719116
125640,12465,5.493536949157715
125650,12466,2.562584638595581
125660,12467,1.5460301637649536
125670,12468,1.3547732830047607
125680,12469,3.845820188522339
125690,12470,2.622746467590332
125700,12471,1.8085792064666748
125710,12472,1.2822121381759644
125720,12473,1.3125085830688477
125730,12474,2.44173002243042
125740,12475,0.9351645112037659
125750,12476,2.839617967605591
125760,12477,1.0960257053375244
125770,12478,2.2545952796936035
125780,12479,1.975744366645813
125790,12480,1.3905750513076782
125800,12481,3.502450466156006
125810,12482,1.4823026657104492
125820,12483,1.809836506843567
125830,12484,2.374419689178467
125840,12485,0.8014687895774841
125850,12486,1.4534677267074585
125860,12487,0.7749106287956238
125870,12488,0.7015780210494995
125880,12489,1.216660976409912
125890,12490,1.1909698247909546
125900,12491,0.8149524331092834
125910,12492,0.9676249623298645
125920,12493,1.128066062927246
125930,12494,1.6677576303482056
125940,12495,1.159244418144226
125950,12496,0.7615763545036316
125960,12497,1.7972302436828613
125970,12498,1.1073310375213623
125980,12499,2.714306592941284
125990,12500,0.9073529839515686
126000,12501,2.284501791000366
126010,12502,1.346538782119751
126020,12503,0.93794846534729
126030,12504,4.134090423583984
126040,12505,0.8322712182998657
126050,12506,1.7363563776016235
126060,12507,1.6616661548614502
126070,12508,2.5290372371673584
126080,12509,3.8395814895629883
126090,12510,3.1428399085998535
126100,12511,1.4115275144577026
126110,12512,1.5684491395950317
126120,12513,1.4936603307724
126130,12514,1.0356760025024414
126140,12515,2.283442974090576
126150,12516,1.4333441257476807
126160,12517,1.0355859994888306
126170,12518,4.640796184539795
126180,12519,3.1475002765655518
126190,12520,0.9029046297073364
126200,12521,1.1934335231781006
126210,12522,2.4127488136291504
126220,12523,2.322322130203247
126230,12524,1.1348240375518799
126240,12525,1.2570174932479858
126250,12526,5.557069778442383
126260,12527,1.547022819519043
126270,12528,1.4373388290405273
126280,12529,1.7914072275161743
126290,12530,3.741647481918335
126300,12531,1.836249828338623
126310,12532,2.336596727371216
126320,12533,3.024538516998291
126330,12534,1.533179521560669
126340,12535,0.9919043779373169
126350,12536,1.8585644960403442
126360,12537,0.8186511993408203
126370,12538,1.1561754941940308
126380,12539,1.754042387008667
126390,12540,1.9493601322174072
126400,12541,1.7507317066192627
126410,12542,0.641147255897522
126420,12543,1.248961091041565
126430,12544,1.5037260055541992
126440,12545,1.1754332780838013
126450,12546,1.238529920578003
126460,12547,0.6946226954460144
126470,12548,6.849246978759766
126480,12549,0.45942142605781555
126490,12550,2.25785493850708
126500,12551,2.073558807373047
126510,12552,2.356271743774414
126520,12553,2.4511168003082275
126530,12554,3.186842441558838
126540,12555,1.608963131904602
126550,12556,1.4125502109527588
126560,12557,4.071377754211426
126570,12558,2.2935187816619873
126580,12559,1.4738227128982544
126590,12560,1.3687351942062378
126600,12561,3.902721643447876
126610,12562,1.7461280822753906
126620,12563,0.8234628438949585
126630,12564,2.7192749977111816
126640,12565,1.6459908485412598
126650,12566,0.9304172992706299
126660,12567,1.844604730606079
126670,12568,0.9018186926841736
126680,12569,0.5667575001716614
126690,12570,2.186008930206299
126700,12571,2.517489433288574
126710,12572,1.9401355981826782
126720,12573,2.0121281147003174
126730,12574,1.1862156391143799
126740,12575,2.3056395053863525
126750,12576,1.171445608139038
126760,12577,0.8109388947486877
126770,12578,2.532620906829834
126780,12579,1.5741652250289917
126790,12580,1.2914503812789917
126800,12581,2.001180410385132
126810,12582,1.5820088386535645
126820,12583,1.6349070072174072
126830,12584,1.1770496368408203
126840,12585,1.1853911876678467
126850,12586,1.5358479022979736
126860,12587,2.441112518310547
126870,12588,0.7146773934364319
126880,12589,0.7832919955253601
126890,12590,3.024873733520508
126900,12591,1.4393348693847656
126910,12592,2.5763323307037354
126920,12593,0.8703700304031372
126930,12594,2.1504180431365967
126940,12595,3.7392938137054443
126950,12596,2.2426223754882812
126960,12597,1.4836297035217285
126970,12598,1.0563019514083862
126980,12599,2.0479133129119873
126990,12600,0.3827735185623169
127000,12601,1.471413254737854
127010,12602,6.388051986694336
127020,12603,1.6968128681182861
127030,12604,1.8296442031860352
127040,12605,1.4454911947250366
127050,12606,2.0516035556793213
127060,12607,0.8421711325645447
127070,12608,1.6688103675842285
127080,12609,4.472002029418945
127090,12610,3.423861265182495
127100,12611,1.8809309005737305
127110,12612,2.1032214164733887
127120,12613,1.253129482269287
127130,12614,0.7019311785697937
127140,12615,0.858237624168396
127150,12616,1.1493463516235352
127160,12617,2.0372564792633057
127170,12618,1.2216871976852417
127180,12619,0.8983796834945679
127190,12620,1.2891709804534912
127200,12621,0.7837103605270386
127210,12622,1.8270981311798096
127220,12623,3.286839485168457
127230,12624,1.636800765991211
127240,12625,2.0297908782958984
127250,12626,2.3769335746765137
127260,12627,1.0793901681900024
127270,12628,1.5017616748809814
127280,12629,1.3056013584136963
127290,12630,1.0901339054107666
127300,12631,3.141498327255249
127310,12632,1.3532239198684692
127320,12633,1.454341173171997
127330,12634,1.491335153579712
127340,12635,1.282022476196289
127350,12636,3.060455560684204
127360,12637,2.3436219692230225
127370,12638,1.2069828510284424
127380,12639,2.383558988571167
127390,12640,1.0740469694137573
127400,12641,0.9026846885681152
127410,12642,2.291567325592041
127420,12643,1.7266252040863037
127430,12644,2.4539971351623535
127440,12645,2.118955612182617
127450,12646,1.1313034296035767
127460,12647,1.5372886657714844
127470,12648,1.197015404701233
127480,12649,0.9778928160667419
127490,12650,1.446863055229187
127500,12651,1.838987112045288
127510,12652,0.9432350397109985
127520,12653,0.6591314673423767
127530,12654,2.257063150405884
127540,12655,1.9041001796722412
127550,12656,4.597969055175781
127560,12657,0.8486775159835815
127570,12658,1.4887757301330566
127580,12659,3.639427661895752
127590,12660,1.6953996419906616
127600,12661,3.6247124671936035
127610,12662,2.6561965942382812
127620,12663,2.1229357719421387
127630,12664,1.9277931451797485
127640,12665,2.074669599533081
127650,12666,3.3512027263641357
127660,12667,3.030935525894165
127670,12668,1.0572785139083862
127680,12669,1.8487964868545532
127690,12670,1.19110107421875
127700,12671,3.328794002532959
127710,12672,1.3249989748001099
127720,12673,3.1178269386291504
127730,12674,1.308854341506958
127740,12675,1.6770977973937988
127750,12676,2.7755651473999023
127760,12677,1.6413919925689697
127770,12678,1.296263337135315
127780,12679,0.9076751470565796
127790,12680,1.8396153450012207
127800,12681,1.3909878730773926
127810,12682,1.6605887413024902
127820,12683,4.279566287994385
127830,12684,1.65574312210083
127840,12685,1.153599739074707
127850,12686,1.2848552465438843
127860,12687,1.8985430002212524
127870,12688,2.6071360111236572
127880,12689,2.0669751167297363
127890,12690,0.8235962986946106
127900,12691,3.8871538639068604
127910,12692,0.681839644908905
127920,12693,1.9553186893463135
127930,12694,2.2409934997558594
127940,12695,1.7370930910110474
127950,12696,1.7750020027160645
127960,12697,2.1658077239990234
127970,12698,1.5223454236984253
127980,12699,1.185032844543457
127990,12700,4.344989776611328
128000,12701,1.2331827878952026
128010,12702,1.9024357795715332
128020,12703,3.8645262718200684
128030,12704,1.3547704219818115
128040,12705,3.2471156120300293
128050,12706,3.0986852645874023
128060,12707,3.838350296020508
128070,12708,2.3414478302001953
128080,12709,0.9344037175178528
128090,12710,1.7513704299926758
128100,12711,1.8323277235031128
128110,12712,2.301466226577759
128120,12713,2.6865639686584473
128130,12714,2.0465095043182373
128140,12715,1.0529260635375977
128150,12716,0.9029085636138916
128160,12717,1.1290699243545532
128170,12718,3.6525611877441406
128180,12719,0.9299200773239136
128190,12720,2.0378074645996094
128200,12721,0.8574379086494446
128210,12722,1.8970214128494263
128220,12723,0.4448285400867462
128230,12724,3.241196393966675
128240,12725,1.3400589227676392
128250,12726,10.8241548538208
128260,12727,0.6867384314537048
128270,12728,1.3163082599639893
128280,12729,5.745992183685303
128290,12730,0.8594527244567871
128300,12731,0.858717143535614
128310,12732,2.3212265968322754
128320,12733,14.488041877746582
128330,12734,2.6039047241210938
128340,12735,0.9481717944145203
128350,12736,2.36442232131958
128360,12737,1.3899569511413574
128370,12738,1.3772567510604858
128380,12739,1.5763957500457764
128390,12740,2.4798359870910645
128400,12741,2.829179525375366
128410,12742,2.6363046169281006
128420,12743,3.501396894454956
128430,12744,2.609333038330078
128440,12745,2.117387294769287
128450,12746,1.424198865890503
128460,12747,6.286282539367676
128470,12748,1.3959640264511108
128480,12749,1.886270523071289
128490,12750,4.946661949157715
128500,12751,1.7715623378753662
128510,12752,1.8218289613723755
128520,12753,1.6835949420928955
128530,12754,1.3380215167999268
128540,12755,7.277851581573486
128550,12756,1.2500752210617065
128560,12757,1.5588562488555908
128570,12758,3.947150707244873
128580,12759,1.2350181341171265
128590,12760,1.1752328872680664
128600,12761,0.8315141201019287
128610,12762,6.688833236694336
128620,12763,2.42936635017395
128630,12764,2.8874993324279785
128640,12765,0.9419639706611633
128650,12766,1.2217353582382202
128660,12767,1.2227988243103027
128670,12768,5.348615646362305
128680,12769,0.8045286536216736
128690,12770,2.734999179840088
128700,12771,1.4088554382324219
128710,12772,2.1675634384155273
128720,12773,1.546627402305603
128730,12774,1.1383686065673828
128740,12775,1.2865105867385864
128750,12776,1.781350016593933
128760,12777,2.011273145675659
128770,12778,4.938589096069336
128780,12779,2.564337730407715
128790,12780,3.233466386795044
128800,12781,1.807509422302246
128810,12782,2.275019645690918
128820,12783,2.5273237228393555
128830,12784,4.098852634429932
128840,12785,1.561323881149292
128850,12786,1.7306816577911377
128860,12787,2.2675578594207764
128870,12788,3.939554214477539
128880,12789,1.8842929601669312
128890,12790,1.0327130556106567
128900,12791,1.3222488164901733
128910,12792,0.8529051542282104
128920,12793,1.6274527311325073
128930,12794,1.9837566614151
128940,12795,1.631268858909607
128950,12796,1.0457041263580322
128960,12797,0.6778171062469482
128970,12798,0.992251455783844
128980,12799,1.0220996141433716
128990,12800,1.879352331161499
129000,12801,1.4476600885391235
129010,12802,2.197920560836792
129020,12803,0.650844156742096
129030,12804,1.5025485754013062
129040,12805,2.861599922180176
129050,12806,0.8726015090942383
129060,12807,1.5809910297393799
129070,12808,4.511669158935547
129080,12809,2.0058183670043945
129090,12810,1.433758020401001
129100,12811,0.9939016699790955
129110,12812,1.5526386499404907
129120,12813,0.7401900291442871
129130,12814,1.5187077522277832
129140,12815,4.70543098449707
129150,12816,1.5110163688659668
129160,12817,0.9393395781517029
129170,12818,2.226168155670166
129180,12819,1.0356941223144531
129190,12820,4.888728618621826
129200,12821,10.33107852935791
129210,12822,1.0318498611450195
129220,12823,0.7743602395057678
129230,12824,1.3620377779006958
129240,12825,5.698723316192627
129250,12826,3.7923712730407715
129260,12827,1.9928892850875854
129270,12828,1.8221327066421509
129280,12829,2.434154510498047
129290,12830,1.4824817180633545
129300,12831,1.9639437198638916
129310,12832,1.7977405786514282
129320,12833,1.9002602100372314
129330,12834,2.6712489128112793
129340,12835,1.894067406654358
129350,12836,2.0276646614074707
129360,12837,1.1573574542999268
129370,12838,3.4829142093658447
129380,12839,0.760932445526123
129390,12840,1.6781525611877441
129400,12841,1.7461657524108887
129410,12842,1.1573244333267212
129420,12843,2.426750659942627
129430,12844,2.000725507736206
129440,12845,2.1816036701202393
129450,12846,4.028311252593994
129460,12847,1.7150400876998901
129470,12848,1.885452151298523
129480,12849,1.4797813892364502
129490,12850,1.2176485061645508
129500,12851,0.9828826189041138
129510,12852,2.3799290657043457
129520,12853,1.4735409021377563
129530,12854,1.0732768774032593
129540,12855,1.6130930185317993
129550,12856,0.8461775779724121
129560,12857,1.018385410308838
129570,12858,2.490664482116699
129580,12859,2.1358590126037598
129590,12860,3.1397194862365723
129600,12861,1.2719477415084839
129610,12862,0.7181845903396606
129620,12863,1.185936689376831
129630,12864,1.103142261505127
129640,12865,2.6602532863616943
129650,12866,2.0975170135498047
129660,12867,2.221648931503296
129670,12868,0.7075510621070862
129680,12869,0.5204508304595947
129690,12870,1.1554088592529297
129700,12871,1.1957228183746338
129710,12872,1.866782784461975
129720,12873,1.4402647018432617
129730,12874,1.724204182624817
129740,12875,2.44334077835083
129750,12876,1.6179020404815674
129760,12877,1.6620646715164185
129770,12878,1.394848346710205
129780,12879,1.1971430778503418
129790,12880,3.2077927589416504
129800,12881,2.2655932903289795
129810,12882,1.105692982673645
129820,12883,0.7341512441635132
129830,12884,2.3963799476623535
129840,12885,0.8431836366653442
129850,12886,1.2895140647888184
129860,12887,1.8681296110153198
129870,12888,1.377659797668457
129880,12889,1.7386146783828735
129890,12890,1.3989349603652954
129900,12891,1.8239126205444336
129910,12892,1.5572230815887451
129920,12893,2.7326576709747314
129930,12894,2.3023629188537598
129940,12895,1.6021876335144043
129950,12896,1.1955384016036987
129960,12897,1.6170777082443237
129970,12898,1.9769941568374634
129980,12899,1.1493103504180908
129990,12900,2.339067220687866
130000,12901,0.7832148671150208
130010,12902,5.445740699768066
130020,12903,1.3905795812606812
130030,12904,1.0534799098968506
130040,12905,3.3832345008850098
130050,12906,1.5546859502792358
130060,12907,4.008486270904541
130070,12908,1.11790931224823
130080,12909,1.4514563083648682
130090,12910,1.716427206993103
130100,12911,1.5877522230148315
130110,12912,2.315040111541748
130120,12913,3.551057815551758
130130,12914,2.5581724643707275
130140,12915,1.2742090225219727
130150,12916,0.7179323434829712
130160,12917,1.9046192169189453
130170,12918,1.3589595556259155
130180,12919,0.7975376844406128
130190,12920,1.0222282409667969
130200,12921,2.7866902351379395
130210,12922,1.3148162364959717
130220,12923,0.9057623744010925
130230,12924,1.5226019620895386
130240,12925,1.4947524070739746
130250,12926,1.199109435081482
130260,12927,2.3334383964538574
130270,12928,0.906165599822998
130280,12929,2.314865827560425
130290,12930,1.3864161968231201
130300,12931,4.444943428039551
130310,12932,3.147196054458618
130320,12933,1.2467577457427979
130330,12934,1.8046139478683472
130340,12935,3.1481516361236572
130350,12936,0.7436609268188477
130360,12937,0.8917527794837952
130370,12938,2.4668893814086914
130380,12939,2.134603500366211
130390,12940,1.2035173177719116
130400,12941,2.5803463459014893
130410,12942,0.8455811738967896
130420,12943,1.698866605758667
130430,12944,3.1349308490753174
130440,12945,1.515027642250061
130450,12946,0.5879602432250977
130460,12947,2.9529685974121094
130470,12948,0.9276859760284424
130480,12949,0.9054149389266968
130490,12950,2.759634017944336
130500,12951,12.9285306930542
130510,12952,3.384180784225464
130520,12953,1.9690338373184204
130530,12954,1.4684927463531494
130540,12955,2.2406582832336426
130550,12956,5.6518754959106445
130560,12957,2.249302625656128
130570,12958,1.4868074655532837
130580,12959,0.6644958257675171
130590,12960,1.033255934715271
130600,12961,2.1277830600738525
130610,12962,3.0413424968719482
130620,12963,1.9051203727722168
130630,12964,2.032697916030884
130640,12965,1.2699686288833618
130650,12966,0.9867847561836243
130660,12967,1.512403130531311
130670,12968,2.5536460876464844
130680,12969,1.6464301347732544
130690,12970,0.8126727342605591
130700,12971,1.6474899053573608
130710,12972,0.9960325956344604
130720,12973,0.9860879182815552
130730,12974,1.3949425220489502
130740,12975,5.725200176239014
130750,12976,2.48089861869812
130760,12977,1.994519591331482
130770,12978,1.7683265209197998
130780,12979,0.7891818284988403
130790,12980,1.9556312561035156
130800,12981,1.6644939184188843
130810,12982,0.5996336936950684
130820,12983,0.6784897446632385
130830,12984,2.0944247245788574
130840,12985,0.5268694162368774
130850,12986,0.975073516368866
130860,12987,1.1195893287658691
130870,12988,1.1806679964065552
130880,12989,1.3260443210601807
130890,12990,3.1380503177642822
130900,12991,0.7707781195640564
130910,12992,1.8754624128341675
130920,12993,1.3424854278564453
130930,12994,0.6146175861358643
130940,12995,1.155362606048584
130950,12996,1.3557815551757812
130960,12997,2.6107876300811768
130970,12998,1.404395341873169
130980,12999,0.5874708294868469
130990,13000,1.658247947692871
131000,13001,1.3797037601470947
131010,13002,0.8697624206542969
131020,13003,1.5208017826080322
131030,13004,1.1706233024597168
131040,13005,3.30718731880188
131050,13006,2.24049711227417
131060,13007,0.9871158599853516
131070,13008,1.674964427947998
131080,13009,0.9600443840026855
131090,13010,0.9987512230873108
131100,13011,1.3417634963989258
131110,13012,1.3191779851913452
131120,13013,1.235497236251831
131130,13014,2.138401508331299
131140,13015,1.7265769243240356
131150,13016,1.7612934112548828
131160,13017,1.138516902923584
131170,13018,6.217416763305664
131180,13019,5.1640825271606445
131190,13020,2.3807296752929688
131200,13021,1.6000616550445557
131210,13022,1.6148593425750732
131220,13023,1.8410288095474243
131230,13024,1.3877798318862915
131240,13025,1.4600367546081543
131250,13026,1.5020387172698975
131260,13027,2.959503412246704
131270,13028,1.7405617237091064
131280,13029,0.7421588897705078
131290,13030,1.1071583032608032
131300,13031,2.0817582607269287
131310,13032,1.119726300239563
131320,13033,2.6332547664642334
131330,13034,1.3352415561676025
131340,13035,3.414216995239258
131350,13036,1.5457621812820435
131360,13037,0.8072981238365173
131370,13038,1.8017964363098145
131380,13039,1.1647944450378418
131390,13040,5.592950820922852
131400,13041,0.7081778049468994
131410,13042,1.0511565208435059
131420,13043,11.336359024047852
131430,13044,1.5366971492767334
131440,13045,4.920868873596191
131450,13046,0.9398741126060486
131460,13047,2.6666290760040283
131470,13048,2.492842435836792
131480,13049,4.409610748291016
131490,13050,1.5809818506240845
131500,13051,1.604262113571167
131510,13052,0.9789186716079712
131520,13053,1.4579018354415894
131530,13054,3.169219732284546
131540,13055,6.15807580947876
131550,13056,2.6058669090270996
131560,13057,1.511366605758667
131570,13058,1.203069806098938
131580,13059,1.2199738025665283
131590,13060,4.350488185882568
131600,13061,2.3161723613739014
131610,13062,9.426161766052246
131620,13063,2.270728826522827
131630,13064,2.0103118419647217
131640,13065,1.300553321838379
131650,13066,3.124727249145508
131660,13067,1.3390365839004517
131670,13068,2.3118722438812256
131680,13069,1.3349249362945557
131690,13070,2.522160053253174
131700,13071,1.2495993375778198
131710,13072,1.1479523181915283
131720,13073,2.0065724849700928
131730,13074,1.3349872827529907
131740,13075,1.2080494165420532
131750,13076,11.944016456604004
131760,13077,0.9885562658309937
131770,13078,2.8086085319519043
131780,13079,1.1888489723205566
131790,13080,2.45798921585083
131800,13081,1.744493842124939
131810,13082,8.818742752075195
131820,13083,2.0910391807556152
131830,13084,1.7999234199523926
131840,13085,5.438533306121826
131850,13086,1.550133228302002
131860,13087,2.687990188598633
131870,13088,1.2896769046783447
131880,13089,1.9160159826278687
131890,13090,2.1650848388671875
131900,13091,1.6673728227615356
131910,13092,1.0574431419372559
131920,13093,1.2261686325073242
131930,13094,2.063751697540283
131940,13095,1.6280187368392944
131950,13096,0.7085785865783691
131960,13097,1.4648298025131226
131970,13098,1.731776237487793
131980,13099,4.883063793182373
131990,13100,1.2995184659957886
132000,13101,0.7693862915039062
132010,13102,1.6214210987091064
132020,13103,4.151522159576416
132030,13104,1.7504068613052368
132040,13105,1.7927050590515137
132050,13106,2.229295253753662
132060,13107,2.785339593887329
132070,13108,1.231326699256897
132080,13109,1.536886215209961
132090,13110,1.7336785793304443
132100,13111,2.3274874687194824
132110,13112,2.0554933547973633
132120,13113,6.480979919433594
132130,13114,1.322767972946167
132140,13115,1.4911298751831055
132150,13116,2.9241597652435303
132160,13117,2.2015442848205566
132170,13118,1.9848664999008179
132180,13119,2.0499582290649414
132190,13120,3.008756160736084
132200,13121,2.137098789215088
132210,13122,0.8446495532989502
132220,13123,2.0833451747894287
132230,13124,0.6763615608215332
132240,13125,1.5997085571289062
132250,13126,1.092452883720398
132260,13127,2.1616621017456055
132270,13128,6.433225154876709
132280,13129,1.6091082096099854
132290,13130,1.7644081115722656
132300,13131,0.9851008057594299
132310,13132,1.1874278783798218
132320,13133,1.0494989156723022
132330,13134,0.8162314891815186
132340,13135,2.46915340423584
132350,13136,1.007749319076538
132360,13137,0.9039050936698914
132370,13138,1.177316427230835
132380,13139,0.8655492663383484
132390,13140,3.260575294494629
132400,13141,1.0403696298599243
132410,13142,1.9006794691085815
132420,13143,1.3269145488739014
132430,13144,1.017098069190979
132440,13145,2.040942430496216
132450,13146,2.1234726905822754
132460,13147,3.7834718227386475
132470,13148,2.2193760871887207
132480,13149,1.703869104385376
132490,13150,3.1979081630706787
132500,13151,1.164191484451294
132510,13152,3.2304694652557373
132520,13153,0.8828321099281311
132530,13154,1.333646535873413
132540,13155,1.3600704669952393
132550,13156,1.1371039152145386
132560,13157,2.2468323707580566
132570,13158,0.8298211097717285
132580,13159,3.27972412109375
132590,13160,1.0513174533843994
132600,13161,2.0156822204589844
132610,13162,2.647939443588257
132620,13163,1.647269606590271
132630,13164,0.7382925152778625
132640,13165,0.6744943261146545
132650,13166,1.1047086715698242
132660,13167,1.443819284439087
132670,13168,12.853327751159668
132680,13169,2.902343273162842
132690,13170,1.6157680749893188
132700,13171,9.499740600585938
132710,13172,1.0220776796340942
132720,13173,1.3804235458374023
132730,13174,0.9757922887802124
132740,13175,1.8513470888137817
132750,13176,2.1282594203948975
132760,13177,0.7962008714675903
132770,13178,1.2941843271255493
132780,13179,1.21245276927948
132790,13180,3.108381748199463
132800,13181,1.495060682296753
132810,13182,1.9238455295562744
132820,13183,1.4948502779006958
132830,13184,2.461289405822754
132840,13185,1.2527638673782349
132850,13186,1.8731210231781006
132860,13187,1.249972939491272
132870,13188,2.614964008331299
132880,13189,1.1658638715744019
132890,13190,1.9210658073425293
132900,13191,2.2956326007843018
132910,13192,3.7753965854644775
132920,13193,1.129450798034668
132930,13194,1.4035803079605103
132940,13195,1.0090713500976562
132950,13196,11.045717239379883
132960,13197,2.2925243377685547
132970,13198,1.518332600593567
132980,13199,1.3558449745178223
132990,13200,1.3746172189712524
133000,13201,1.4785584211349487
133010,13202,1.1932921409606934
133020,13203,1.2971328496932983
133030,13204,2.0503859519958496
133040,13205,1.2299268245697021
133050,13206,1.9821127653121948
133060,13207,0.9960100054740906
133070,13208,1.6068551540374756
133080,13209,1.1908866167068481
133090,13210,1.4414002895355225
133100,13211,1.1004490852355957
133110,13212,0.8278018832206726
133120,13213,1.2847092151641846
133130,13214,1.1370998620986938
133140,13215,1.9033302068710327
133150,13216,1.4533485174179077
133160,13217,2.065901756286621
133170,13218,1.704890489578247
133180,13219,1.5575541257858276
133190,13220,1.4158003330230713
133200,13221,1.3352797031402588
133210,13222,1.9468626976013184
133220,13223,2.0721073150634766
133230,13224,4.765458106994629
133240,13225,3.3080480098724365
133250,13226,0.8962115049362183
133260,13227,1.3599830865859985
133270,13228,3.5758216381073
133280,13229,1.354872226715088
133290,13230,0.744933009147644
133300,13231,2.4754672050476074
133310,13232,0.8201560974121094
133320,13233,0.9747388362884521
133330,13234,4.5128092765808105
133340,13235,2.8040504455566406
133350,13236,2.1003293991088867
133360,13237,5.754720211029053
133370,13238,0.9088231325149536
133380,13239,2.056514024734497
133390,13240,1.6410800218582153
133400,13241,0.8761586546897888
133410,13242,1.0547608137130737
133420,13243,0.9946549534797668
133430,13244,2.022219181060791
133440,13245,1.182401180267334
133450,13246,1.0934956073760986
133460,13247,1.0488091707229614
133470,13248,1.3326194286346436
133480,13249,2.105916976928711
133490,13250,1.699930191040039
133500,13251,0.8258036971092224
133510,13252,1.284597635269165
133520,13253,0.9762528538703918
133530,13254,1.645202875137329
133540,13255,1.356492280960083
133550,13256,1.1002916097640991
133560,13257,1.0991003513336182
133570,13258,2.7368004322052
133580,13259,2.5288543701171875
133590,13260,4.216823101043701
133600,13261,1.8840670585632324
133610,13262,1.8856687545776367
133620,13263,1.980250597000122
133630,13264,2.528273344039917
133640,13265,1.9231516122817993
133650,13266,1.1519763469696045
133660,13267,4.546992301940918
133670,13268,1.449804425239563
133680,13269,0.9706634283065796
133690,13270,4.7249650955200195
133700,13271,1.0190508365631104
133710,13272,1.4094922542572021
133720,13273,1.5898348093032837
133730,13274,2.8450818061828613
133740,13275,1.5098509788513184
133750,13276,2.138035774230957
133760,13277,1.6974639892578125
133770,13278,1.0449198484420776
133780,13279,1.2275162935256958
133790,13280,0.782559871673584
133800,13281,1.7208489179611206
133810,13282,1.2418513298034668
133820,13283,0.6384484171867371
133830,13284,2.688210964202881
133840,13285,5.565160274505615
133850,13286,3.296196222305298
133860,13287,2.501685857772827
133870,13288,1.3189631700515747
133880,13289,2.383274793624878
133890,13290,1.0506221055984497
133900,13291,1.6719708442687988
133910,13292,3.9690933227539062
133920,13293,2.523237466812134
133930,13294,1.2465769052505493
133940,13295,1.3420443534851074
133950,13296,1.132995367050171
133960,13297,1.1458795070648193
133970,13298,2.750420570373535
133980,13299,1.1901319026947021
133990,13300,0.749643862247467
134000,13301,1.5521965026855469
134010,13302,1.4161518812179565
134020,13303,2.7561864852905273
134030,13304,2.596266269683838
134040,13305,1.1308941841125488
134050,13306,1.2696105241775513
134060,13307,0.8949821591377258
134070,13308,1.3389341831207275
134080,13309,1.1132467985153198
134090,13310,1.4202172756195068
134100,13311,1.7189786434173584
134110,13312,0.9136155843734741
134120,13313,0.8963504433631897
134130,13314,1.0815575122833252
134140,13315,0.8415152430534363
134150,13316,1.246713638305664
134160,13317,1.4042993783950806
134170,13318,1.0759928226470947
134180,13319,2.9873416423797607
134190,13320,1.835403561592102
134200,13321,1.933385968208313
134210,13322,2.16776704788208
134220,13323,0.8345487117767334
134230,13324,2.3720147609710693
134240,13325,1.8963360786437988
134250,13326,1.4678239822387695
134260,13327,2.4405558109283447
134270,13328,1.6505738496780396
134280,13329,1.0023890733718872
134290,13330,3.8571574687957764
134300,13331,2.9075582027435303
134310,13332,3.889730453491211
134320,13333,1.677844762802124
134330,13334,0.9485222697257996
134340,13335,2.441309690475464
134350,13336,5.322146415710449
134360,13337,1.5960028171539307
134370,13338,1.687329649925232
134380,13339,2.1300203800201416
134390,13340,0.7390411496162415
134400,13341,2.0150156021118164
134410,13342,6.387357234954834
134420,13343,1.4085322618484497
134430,13344,1.6543848514556885
134440,13345,2.2089757919311523
134450,13346,0.6919225454330444
134460,13347,1.6821528673171997
134470,13348,3.154801845550537
134480,13349,1.6200306415557861
134490,13350,1.0947251319885254
134500,13351,1.6490291357040405
134510,13352,2.4385948181152344
134520,13353,1.2912187576293945
134530,13354,1.247973918914795
134540,13355,1.4892892837524414
134550,13356,1.3819671869277954
134560,13357,1.6213682889938354
134570,13358,3.1840105056762695
134580,13359,1.3835608959197998
134590,13360,1.0124287605285645
134600,13361,0.9484504461288452
134610,13362,2.3849127292633057
134620,13363,0.8597210049629211
134630,13364,1.2358920574188232
134640,13365,1.4272809028625488
134650,13366,0.9322943091392517
134660,13367,1.63741135597229
134670,13368,3.1515345573425293
134680,13369,5.382101058959961
134690,13370,0.6683332920074463
134700,13371,1.057249903678894
134710,13372,0.8515802025794983
134720,13373,3.8128042221069336
134730,13374,0.9847947359085083
134740,13375,1.1901031732559204
134750,13376,1.4184954166412354
134760,13377,1.9918171167373657
134770,13378,1.5554845333099365
134780,13379,1.2692413330078125
134790,13380,2.7412524223327637
134800,13381,1.0075855255126953
134810,13382,0.8548886775970459
134820,13383,1.9194166660308838
134830,13384,1.8874430656433105
134840,13385,1.8685678243637085
134850,13386,2.5351195335388184
134860,13387,0.9626163840293884
134870,13388,12.42314338684082
134880,13389,2.920891284942627
134890,13390,2.3371741771698
134900,13391,1.1427671909332275
134910,13392,2.7561182975769043
134920,13393,2.7414729595184326
134930,13394,1.6350935697555542
134940,13395,1.7072118520736694
134950,13396,1.8589078187942505
134960,13397,1.5198278427124023
134970,13398,0.9849405884742737
134980,13399,1.0505157709121704
134990,13400,1.1503862142562866
135000,13401,1.5614069700241089
135010,13402,1.5301032066345215
135020,13403,1.784158706665039
135030,13404,3.8184163570404053
135040,13405,5.774662971496582
135050,13406,1.4946424961090088
135060,13407,3.148416042327881
135070,13408,1.606431007385254
135080,13409,3.4391062259674072
135090,13410,1.8756049871444702
135100,13411,1.5506999492645264
135110,13412,1.2957468032836914
135120,13413,1.9294638633728027
135130,13414,5.145623207092285
135140,13415,1.312831163406372
135150,13416,0.7511993050575256
135160,13417,1.041698694229126
135170,13418,2.8606345653533936
135180,13419,3.327596664428711
135190,13420,1.82707941532135
135200,13421,2.12567138671875
135210,13422,1.9395225048065186
135220,13423,1.4417740106582642
135230,13424,1.479236364364624
135240,13425,1.4936535358428955
135250,13426,2.0202107429504395
135260,13427,1.037832498550415
135270,13428,1.0025479793548584
135280,13429,3.6683950424194336
135290,13430,1.8542377948760986
135300,13431,3.345111608505249
135310,13432,3.83613920211792
135320,13433,2.9565019607543945
135330,13434,1.831711769104004
135340,13435,2.397054672241211
135350,13436,1.8880887031555176
135360,13437,1.4610785245895386
135370,13438,1.974153995513916
135380,13439,1.5113542079925537
135390,13440,2.9747872352600098
135400,13441,4.332146644592285
135410,13442,1.3643187284469604
135420,13443,3.978241443634033
135430,13444,1.716323971748352
135440,13445,0.9245989322662354
135450,13446,1.9404391050338745
135460,13447,1.4386067390441895
135470,13448,2.5014865398406982
135480,13449,2.240544319152832
135490,13450,1.1532543897628784
135500,13451,0.643433690071106
135510,13452,2.1724021434783936
135520,13453,1.4617434740066528
135530,13454,2.688908338546753
135540,13455,2.493786096572876
135550,13456,3.0276029109954834
135560,13457,8.049361228942871
135570,13458,0.9303478002548218
135580,13459,1.3913795948028564
135590,13460,0.8344709873199463
135600,13461,0.9028677940368652
135610,13462,2.9816370010375977
135620,13463,1.2734370231628418
135630,13464,1.0819562673568726
135640,13465,1.5105856657028198
135650,13466,1.4970085620880127
135660,13467,0.8015719652175903
135670,13468,1.21783447265625
135680,13469,1.5176541805267334
135690,13470,0.8142168521881104
135700,13471,1.6379474401474
135710,13472,1.2929819822311401
135720,13473,2.0407209396362305
135730,13474,2.0793540477752686
135740,13475,2.847877264022827
135750,13476,1.8151782751083374
135760,13477,1.94447660446167
135770,13478,1.2500579357147217
135780,13479,0.9588608741760254
135790,13480,0.8175839185714722
135800,13481,1.5913387537002563
135810,13482,1.9764693975448608
135820,13483,1.324673056602478
135830,13484,1.1479424238204956
135840,13485,1.701765775680542
135850,13486,1.1020863056182861
135860,13487,1.3381942510604858
135870,13488,2.139671802520752
135880,13489,0.8808304071426392
135890,13490,1.1047559976577759
135900,13491,0.9447044134140015
135910,13492,1.7865312099456787
135920,13493,2.483065605163574
135930,13494,0.7816697955131531
135940,13495,2.0586111545562744
135950,13496,1.2242721319198608
135960,13497,3.1266887187957764
135970,13498,0.8586598038673401
135980,13499,2.2210845947265625
135990,13500,0.9263322353363037
136000,13501,0.8852688670158386
136010,13502,1.7530325651168823
136020,13503,0.7078068256378174
136030,13504,3.433779239654541
136040,13505,1.0829663276672363
136050,13506,2.3432583808898926
136060,13507,1.3357558250427246
136070,13508,1.019923210144043
136080,13509,1.424162745475769
136090,13510,0.8763241767883301
136100,13511,1.112317681312561
136110,13512,1.1964771747589111
136120,13513,3.462998867034912
136130,13514,2.1136465072631836
136140,13515,1.023972511291504
136150,13516,0.884250819683075
136160,13517,1.452391266822815
136170,13518,0.9464503526687622
136180,13519,1.7877209186553955
136190,13520,2.5926907062530518
136200,13521,3.6130363941192627
136210,13522,0.8915374279022217
136220,13523,0.5554022789001465
136230,13524,0.7920075058937073
136240,13525,1.3318957090377808
136250,13526,1.5085054636001587
136260,13527,2.9293019771575928
136270,13528,3.007333517074585
136280,13529,1.2876259088516235
136290,13530,3.068453788757324
136300,13531,1.810746431350708
136310,13532,1.199853777885437
136320,13533,0.9678378701210022
136330,13534,0.8544180393218994
136340,13535,3.834275484085083
136350,13536,1.3525155782699585
136360,13537,0.8828639388084412
136370,13538,9.319174766540527
136380,13539,7.633721351623535
136390,13540,2.137528657913208
136400,13541,2.7213993072509766
136410,13542,2.4547157287597656
136420,13543,1.8434498310089111
136430,13544,1.7066764831542969
136440,13545,1.8783948421478271
136450,13546,3.455223560333252
136460,13547,4.25123929977417
136470,13548,8.377419471740723
136480,13549,0.7401413321495056
136490,13550,2.9055755138397217
136500,13551,1.6667524576187134
136510,13552,2.0693910121917725
136520,13553,1.7754994630813599
136530,13554,1.561926007270813
136540,13555,0.9970209002494812
136550,13556,1.880517601966858
136560,13557,1.3362051248550415
136570,13558,1.2622919082641602
136580,13559,0.6304847598075867
136590,13560,2.860034465789795
136600,13561,2.013611078262329
136610,13562,3.7925076484680176
136620,13563,1.2632806301116943
136630,13564,7.738072872161865
136640,13565,1.2090634107589722
136650,13566,1.4555186033248901
136660,13567,4.463823318481445
136670,13568,4.777320384979248
136680,13569,2.764561176300049
136690,13570,1.6806129217147827
136700,13571,1.2263329029083252
136710,13572,1.8978244066238403
136720,13573,2.104889392852783
136730,13574,1.884990930557251
136740,13575,2.439302921295166
136750,13576,2.3144609928131104
136760,13577,5.512725830078125
136770,13578,3.122755765914917
136780,13579,0.7503510117530823
136790,13580,8.959897994995117
136800,13581,0.676960289478302
136810,13582,1.4115428924560547
136820,13583,4.487210273742676
136830,13584,1.2349520921707153
136840,13585,2.204728126525879
136850,13586,1.6875057220458984
136860,13587,3.9321980476379395
136870,13588,2.907036781311035
136880,13589,1.0390570163726807
136890,13590,1.5696041584014893
136900,13591,2.057661533355713
136910,13592,1.7649165391921997
136920,13593,1.1323453187942505
136930,13594,1.821166753768921
136940,13595,1.586960792541504
136950,13596,2.409311532974243
136960,13597,2.0029067993164062
136970,13598,3.59025239944458
136980,13599,0.5863195657730103
136990,13600,3.614766836166382
137000,13601,0.6108480095863342
137010,13602,1.604491949081421
137020,13603,1.43589186668396
137030,13604,1.4382997751235962
137040,13605,2.4988231658935547
137050,13606,1.949034571647644
137060,13607,1.221066951751709
137070,13608,1.8845579624176025
137080,13609,1.1698306798934937
137090,13610,1.5329116582870483
137100,13611,5.226765155792236
137110,13612,3.48976993560791
137120,13613,2.384087324142456
137130,13614,1.434921145439148
137140,13615,1.6263612508773804
137150,13616,2.6998746395111084
137160,13617,1.152160406112671
137170,13618,0.774105429649353
137180,13619,3.0535378456115723
137190,13620,0.6721366047859192
137200,13621,2.0926918983459473
137210,13622,2.126682996749878
137220,13623,1.4372111558914185
137230,13624,1.9485098123550415
137240,13625,1.5946801900863647
137250,13626,1.4335795640945435
137260,13627,0.9860634207725525
137270,13628,1.0104882717132568
137280,13629,0.7505333423614502
137290,13630,1.4324058294296265
137300,13631,1.7517515420913696
137310,13632,1.5435627698898315
137320,13633,1.2579059600830078
137330,13634,2.4810054302215576
137340,13635,2.174241065979004
137350,13636,1.3854246139526367
137360,13637,2.542118549346924
137370,13638,0.9245048761367798
137380,13639,1.9246822595596313
137390,13640,2.0570762157440186
137400,13641,2.2534263134002686
137410,13642,2.6182641983032227
137420,13643,2.571322441101074
137430,13644,2.8144149780273438
137440,13645,2.5454723834991455
137450,13646,0.8637921214103699
137460,13647,2.5432965755462646
137470,13648,2.235928535461426
137480,13649,0.6945187449455261
137490,13650,0.7425720691680908
137500,13651,1.2262482643127441
137510,13652,0.9823404550552368
137520,13653,3.84033465385437
137530,13654,3.0049614906311035
137540,13655,1.0146493911743164
137550,13656,1.7437797784805298
137560,13657,0.8417032957077026
137570,13658,1.8794243335723877
137580,13659,4.063466548919678
137590,13660,1.1388137340545654
137600,13661,3.7820515632629395
137610,13662,2.691549062728882
137620,13663,1.5306118726730347
137630,13664,2.048220157623291
137640,13665,2.273343801498413
137650,13666,1.9589345455169678
137660,13667,3.6345794200897217
137670,13668,5.476853370666504
137680,13669,0.9552590250968933
137690,13670,1.6526533365249634
137700,13671,0.5756123065948486
137710,13672,3.527202606201172
137720,13673,1.9988160133361816
137730,13674,1.3524819612503052
137740,13675,1.998441457748413
137750,13676,1.217105507850647
137760,13677,0.8180944919586182
137770,13678,2.6405892372131348
137780,13679,1.2073216438293457
137790,13680,4.371665954589844
137800,13681,7.044336318969727
137810,13682,2.243539571762085
137820,13683,1.3340108394622803
137830,13684,1.6036458015441895
137840,13685,0.7275034189224243
137850,13686,1.0005683898925781
137860,13687,1.0628626346588135
137870,13688,1.8905870914459229
137880,13689,3.4014549255371094
137890,13690,1.947327971458435
137900,13691,1.1790668964385986
137910,13692,2.0678958892822266
137920,13693,1.0958638191223145
137930,13694,2.003592014312744
137940,13695,3.1778876781463623
137950,13696,2.0147595405578613
137960,13697,3.1975629329681396
137970,13698,1.0980873107910156
137980,13699,1.0396828651428223
137990,13700,2.2976815700531006
138000,13701,1.0172162055969238
138010,13702,2.2911953926086426
138020,13703,2.8479807376861572
138030,13704,3.2401111125946045
138040,13705,2.56380295753479
138050,13706,4.446587562561035
138060,13707,1.9166103601455688
138070,13708,2.040863275527954
138080,13709,1.1300851106643677
138090,13710,1.2635656595230103
138100,13711,0.8695030212402344
138110,13712,2.1487765312194824
138120,13713,3.0508534908294678
138130,13714,2.8339126110076904
138140,13715,1.2002394199371338
138150,13716,2.539336919784546
138160,13717,1.9676045179367065
138170,13718,2.0269088745117188
138180,13719,2.2378945350646973
138190,13720,1.9120508432388306
138200,13721,2.8389172554016113
138210,13722,3.2260289192199707
138220,13723,1.5675454139709473
138230,13724,2.5561134815216064
138240,13725,1.6534504890441895
138250,13726,2.484882116317749
138260,13727,1.1230145692825317
138270,13728,1.1152794361114502
138280,13729,2.199831247329712
138290,13730,2.352076768875122
138300,13731,1.983441710472107
138310,13732,1.3766016960144043
138320,13733,2.066643714904785
138330,13734,1.3519247770309448
138340,13735,3.5776209831237793
138350,13736,0.894373893737793
138360,13737,1.0212066173553467
138370,13738,1.1547236442565918
138380,13739,1.4093068838119507
138390,13740,2.878885507583618
138400,13741,0.6000280380249023
138410,13742,3.1995882987976074
138420,13743,1.2890328168869019
138430,13744,1.0924177169799805
138440,13745,1.149179220199585
138450,13746,1.5578280687332153
138460,13747,1.453202247619629
138470,13748,1.693543553352356
138480,13749,2.1796388626098633
138490,13750,1.490957498550415
138500,13751,3.6198575496673584
138510,13752,1.7212761640548706
138520,13753,2.2726216316223145
138530,13754,1.0479172468185425
138540,13755,1.3921325206756592
138550,13756,0.8054686188697815
138560,13757,1.6417416334152222
138570,13758,1.497391939163208
138580,13759,1.2050044536590576
138590,13760,1.4069840908050537
138600,13761,0.7566945552825928
138610,13762,0.6452497243881226
138620,13763,3.9212937355041504
138630,13764,1.8344571590423584
138640,13765,2.1479032039642334
138650,13766,3.584780693054199
138660,13767,2.581019401550293
138670,13768,2.055231809616089
138680,13769,3.343092679977417
138690,13770,1.507312297821045
138700,13771,2.3471856117248535
138710,13772,2.6252329349517822
138720,13773,1.1295244693756104
138730,13774,0.8537811636924744
138740,13775,1.8926284313201904
138750,13776,2.2040393352508545
138760,13777,2.5709807872772217
138770,13778,2.0264713764190674
138780,13779,6.318404197692871
138790,13780,1.770362138748169
138800,13781,1.8047150373458862
138810,13782,1.422628402709961
138820,13783,1.161684513092041
138830,13784,1.6624228954315186
138840,13785,2.2374682426452637
138850,13786,2.991250991821289
138860,13787,1.7794681787490845
138870,13788,1.4503661394119263
138880,13789,1.3060004711151123
138890,13790,0.8165594339370728
138900,13791,1.9222053289413452
138910,13792,1.9084986448287964
138920,13793,1.3203890323638916
138930,13794,9.560467720031738
138940,13795,1.7766960859298706
138950,13796,0.789383053779602
138960,13797,1.722717046737671
138970,13798,1.2189103364944458
138980,13799,2.294983148574829
138990,13800,1.5452709197998047
139000,13801,3.464078187942505
139010,13802,1.512865662574768
139020,13803,1.9307975769042969
139030,13804,2.244802236557007
139040,13805,1.629927635192871
139050,13806,1.922393798828125
139060,13807,1.3020583391189575
139070,13808,4.766727447509766
139080,13809,1.6061313152313232
139090,13810,1.582712173461914
139100,13811,0.9445905089378357
139110,13812,4.92972469329834
139120,13813,2.8693597316741943
139130,13814,1.748552918434143
139140,13815,1.7162988185882568
139150,13816,1.783454418182373
139160,13817,3.022704839706421
139170,13818,1.8184475898742676
139180,13819,1.3013029098510742
139190,13820,2.347421646118164
139200,13821,1.9015997648239136
139210,13822,2.311983823776245
139220,13823,2.080845355987549
139230,13824,0.9831987023353577
139240,13825,2.005544662475586
139250,13826,5.334835052490234
139260,13827,3.396146535873413
139270,13828,2.7481689453125
139280,13829,1.202075481414795
139290,13830,2.5640857219696045
139300,13831,2.1008498668670654
139310,13832,1.6935967206954956
139320,13833,1.9067027568817139
139330,13834,1.8610059022903442
139340,13835,2.6003599166870117
139350,13836,0.7806843519210815
139360,13837,7.658246994018555
139370,13838,0.9512284994125366
139380,13839,2.562878131866455
139390,13840,1.183058500289917
139400,13841,1.0873808860778809
139410,13842,3.4052321910858154
139420,13843,0.9683229327201843
139430,13844,0.747478723526001
139440,13845,1.4673023223876953
139450,13846,0.8276014924049377
139460,13847,15.275949478149414
139470,13848,5.273331642150879
139480,13849,0.9185343980789185
139490,13850,1.9794530868530273
139500,13851,2.8830630779266357
139510,13852,1.6650588512420654
139520,13853,1.3273885250091553
139530,13854,1.2622785568237305
139540,13855,2.059774875640869
139550,13856,1.0487961769104004
139560,13857,4.5617523193359375
139570,13858,2.1480822563171387
139580,13859,2.646343946456909
139590,13860,2.1822431087493896
139600,13861,1.9210652112960815
139610,13862,2.021453857421875
139620,13863,1.5142475366592407
139630,13864,0.8210372924804688
139640,13865,0.6023047566413879
139650,13866,1.2805826663970947
139660,13867,7.143599987030029
139670,13868,5.160488605499268
139680,13869,1.619523286819458
139690,13870,1.770024299621582
139700,13871,2.135313034057617
139710,13872,1.3616271018981934
139720,13873,1.2956042289733887
139730,13874,1.5898447036743164
139740,13875,2.1203882694244385
139750,13876,0.7090306282043457
139760,13877,1.5157899856567383
139770,13878,3.326214075088501
139780,13879,3.110421895980835
139790,13880,1.538946509361267
139800,13881,2.2709968090057373
139810,13882,2.0173141956329346
139820,13883,1.419411063194275
139830,13884,1.1647828817367554
139840,13885,1.843646764755249
139850,13886,1.4964455366134644
139860,13887,1.3333990573883057
139870,13888,1.1911303997039795
139880,13889,1.7376856803894043
139890,13890,1.9523820877075195
139900,13891,5.061368942260742
139910,13892,1.7720550298690796
139920,13893,0.9348123073577881
139930,13894,2.585526943206787
139940,13895,3.1297898292541504
139950,13896,2.3836233615875244
139960,13897,2.233552932739258
139970,13898,1.5091958045959473
139980,13899,1.0643478631973267
139990,13900,1.3307008743286133
140000,13901,1.8721728324890137
140010,13902,2.048185110092163
140020,13903,1.3921897411346436
140030,13904,1.63463294506073
140040,13905,1.7194774150848389
140050,13906,2.4661357402801514
140060,13907,1.9543266296386719
140070,13908,1.0318925380706787
140080,13909,3.3680741786956787
140090,13910,2.292365074157715
140100,13911,1.9447615146636963
140110,13912,1.4641507863998413
140120,13913,1.5976002216339111
140130,13914,1.113963007926941
140140,13915,2.9284732341766357
140150,13916,0.8806987404823303
140160,13917,1.3500471115112305
140170,13918,1.1006858348846436
140180,13919,1.654677152633667
140190,13920,1.9887462854385376
140200,13921,9.00696086883545
140210,13922,1.442757248878479
140220,13923,3.0316505432128906
140230,13924,1.4221880435943604
140240,13925,2.737545967102051
140250,13926,1.2312406301498413
140260,13927,1.2662086486816406
140270,13928,5.367466926574707
140280,13929,1.7836315631866455
140290,13930,0.9152857661247253
140300,13931,2.4461352825164795
140310,13932,4.423526287078857
140320,13933,1.2758084535598755
140330,13934,2.076850652694702
140340,13935,1.6967320442199707
140350,13936,1.0711674690246582
140360,13937,1.5700910091400146
140370,13938,1.6657289266586304
140380,13939,2.364403009414673
140390,13940,1.2734763622283936
140400,13941,1.1687140464782715
140410,13942,1.2566685676574707
140420,13943,3.6780972480773926
140430,13944,1.949742078781128
140440,13945,5.179721355438232
140450,13946,2.223912477493286
140460,13947,1.6551718711853027
140470,13948,0.9617059230804443
140480,13949,1.1982202529907227
140490,13950,3.682884693145752
140500,13951,1.3525818586349487
140510,13952,1.125742793083191
140520,13953,2.112304449081421
140530,13954,1.5656533241271973
140540,13955,1.3287687301635742
140550,13956,1.8213824033737183
140560,13957,2.453282117843628
140570,13958,0.6813770532608032
140580,13959,4.702929496765137
140590,13960,2.1516268253326416
140600,13961,1.8499181270599365
140610,13962,2.0780420303344727
140620,13963,3.3036913871765137
140630,13964,1.5133814811706543
140640,13965,1.6938883066177368
140650,13966,1.253531813621521
140660,13967,4.932578086853027
140670,13968,1.7954734563827515
140680,13969,1.008670687675476
140690,13970,2.0557854175567627
140700,13971,1.416038155555725
140710,13972,1.3104127645492554
140720,13973,1.0315667390823364
140730,13974,2.3932242393493652
140740,13975,2.656778573989868
140750,13976,2.4006311893463135
140760,13977,2.916273832321167
140770,13978,1.1610933542251587
140780,13979,1.081230640411377
140790,13980,4.089017391204834
140800,13981,1.3639990091323853
140810,13982,1.8025840520858765
140820,13983,1.7651396989822388
140830,13984,1.4760966300964355
140840,13985,0.6134346127510071
140850,13986,1.8051303625106812
140860,13987,0.7766042947769165
140870,13988,1.142034888267517
140880,13989,0.996951699256897
140890,13990,2.0775954723358154
140900,13991,2.225403070449829
140910,13992,0.7713680863380432
140920,13993,1.4698330163955688
140930,13994,1.7528096437454224
140940,13995,1.3117748498916626
140950,13996,3.1796369552612305
140960,13997,0.923041045665741
140970,13998,1.3565136194229126
140980,13999,2.592303514480591
140990,14000,4.552885055541992
141000,14001,7.679407596588135
141010,14002,1.7804584503173828
141020,14003,1.7646578550338745
141030,14004,1.5397831201553345
141040,14005,6.038949489593506
141050,14006,2.843897581100464
141060,14007,1.9274983406066895
141070,14008,1.6017937660217285
141080,14009,6.104944229125977
141090,14010,1.0534480810165405
141100,14011,2.144721031188965
141110,14012,1.4667460918426514
141120,14013,1.1359082460403442
141130,14014,4.890155792236328
141140,14015,1.684823989868164
141150,14016,1.7495007514953613
141160,14017,1.5758213996887207
141170,14018,2.2437751293182373
141180,14019,0.865997314453125
141190,14020,1.651557445526123
141200,14021,1.8135757446289062
141210,14022,1.0036262273788452
141220,14023,2.3290014266967773
141230,14024,6.76976203918457
141240,14025,5.893041133880615
141250,14026,2.721418619155884
141260,14027,1.1163127422332764
141270,14028,1.1956956386566162
141280,14029,1.2504682540893555
141290,14030,1.472726821899414
141300,14031,1.0411440134048462
141310,14032,1.4675599336624146
141320,14033,1.6593254804611206
141330,14034,1.5488554239273071
141340,14035,3.304839611053467
141350,14036,1.8497005701065063
141360,14037,3.3370800018310547
141370,14038,2.31199312210083
141380,14039,1.2508965730667114
141390,14040,2.6204683780670166
141400,14041,1.8073922395706177
141410,14042,1.2406429052352905
141420,14043,1.255507469177246
141430,14044,2.4097824096679688
141440,14045,1.9448578357696533
141450,14046,1.40751314163208
141460,14047,2.0116965770721436
141470,14048,1.6926801204681396
141480,14049,1.0954865217208862
141490,14050,1.8752506971359253
141500,14051,0.9016425609588623
141510,14052,2.2451908588409424
141520,14053,4.820547103881836
141530,14054,1.8942923545837402
141540,14055,1.3444771766662598
141550,14056,0.6620575785636902
141560,14057,3.7956039905548096
141570,14058,1.1558897495269775
141580,14059,1.441089153289795
141590,14060,1.0791616439819336
141600,14061,1.5697346925735474
141610,14062,1.5323379039764404
141620,14063,3.88024640083313
141630,14064,1.1893118619918823
141640,14065,3.0559985637664795
141650,14066,1.3082754611968994
141660,14067,3.792146682739258
141670,14068,1.3646161556243896
141680,14069,1.19255530834198
141690,14070,4.9671783447265625
141700,14071,0.9698964357376099
141710,14072,1.6677087545394897
141720,14073,1.8186019659042358
141730,14074,2.0320281982421875
141740,14075,2.2336723804473877
141750,14076,4.190572261810303
141760,14077,1.1178618669509888
141770,14078,1.015012502670288
141780,14079,4.047192096710205
141790,14080,1.3239024877548218
141800,14081,2.3339996337890625
141810,14082,1.0027916431427002
141820,14083,1.985685110092163
141830,14084,1.8099398612976074
141840,14085,3.3817052841186523
141850,14086,1.44517183303833
141860,14087,5.6074934005737305
141870,14088,1.724795937538147
141880,14089,2.099544048309326
141890,14090,0.8268932104110718
141900,14091,1.2049365043640137
141910,14092,2.7449893951416016
141920,14093,0.8522051572799683
141930,14094,2.1130692958831787
141940,14095,1.5259863138198853
141950,14096,1.4716905355453491
141960,14097,1.323317050933838
141970,14098,1.650529146194458
141980,14099,1.3039401769638062
141990,14100,4.795520782470703
142000,14101,1.815566062927246
142010,14102,1.85728120803833
142020,14103,1.7993515729904175
142030,14104,1.7815682888031006
142040,14105,1.0842595100402832
142050,14106,1.3753092288970947
142060,14107,2.4295201301574707
142070,14108,4.253752708435059
142080,14109,8.479637145996094
142090,14110,0.8550429940223694
142100,14111,2.4904708862304688
142110,14112,1.418183445930481
142120,14113,2.3337364196777344
142130,14114,0.7112511396408081
142140,14115,1.9718976020812988
142150,14116,1.5920507907867432
142160,14117,1.2071740627288818
142170,14118,1.2569737434387207
142180,14119,1.9364126920700073
142190,14120,1.0583840608596802
142200,14121,1.3292889595031738
142210,14122,2.2794599533081055
142220,14123,8.862099647521973
142230,14124,1.508829951286316
142240,14125,1.6153383255004883
142250,14126,3.047701835632324
142260,14127,1.077430248260498
142270,14128,1.5738649368286133
142280,14129,0.8796300888061523
142290,14130,2.5996222496032715
142300,14131,1.3210176229476929
142310,14132,2.1872572898864746
142320,14133,2.2261555194854736
142330,14134,1.6969494819641113
142340,14135,1.1521403789520264
142350,14136,2.003937244415283
142360,14137,1.5804375410079956
142370,14138,1.3053416013717651
142380,14139,1.384612798690796
142390,14140,1.424128532409668
142400,14141,1.107343316078186
142410,14142,1.3743163347244263
142420,14143,1.0044759511947632
142430,14144,1.423095464706421
142440,14145,2.6508541107177734
142450,14146,1.572229027748108
142460,14147,1.0774155855178833
142470,14148,1.082158088684082
142480,14149,1.182939052581787
142490,14150,1.7957016229629517
142500,14151,1.496264100074768
142510,14152,1.8106375932693481
142520,14153,19.509498596191406
142530,14154,3.6575119495391846
142540,14155,3.016421318054199
142550,14156,1.4381476640701294
142560,14157,2.7593467235565186
142570,14158,12.856791496276855
142580,14159,6.7363481521606445
142590,14160,9.621919631958008
142600,14161,1.5850424766540527
142610,14162,5.32119607925415
142620,14163,2.2347445487976074
142630,14164,5.820062160491943
142640,14165,1.521357774734497
142650,14166,4.70324182510376
142660,14167,1.518030047416687
142670,14168,1.4340418577194214
142680,14169,1.0742086172103882
142690,14170,4.32686185836792
142700,14171,1.7941378355026245
142710,14172,2.754534959793091
142720,14173,0.8561878204345703
142730,14174,1.1858383417129517
142740,14175,2.572571277618408
142750,14176,2.13322114944458
142760,14177,4.488039016723633
142770,14178,1.7263269424438477
142780,14179,6.229172706604004
142790,14180,2.8737330436706543
142800,14181,2.3612115383148193
142810,14182,2.351621150970459
142820,14183,1.7364559173583984
142830,14184,6.195433616638184
142840,14185,1.7061457633972168
142850,14186,2.0555126667022705
142860,14187,2.2512848377227783
142870,14188,2.206261157989502
142880,14189,1.7370197772979736
142890,14190,2.233555555343628
142900,14191,2.931758165359497
142910,14192,3.5907669067382812
142920,14193,1.9759151935577393
142930,14194,1.3514286279678345
142940,14195,1.0049182176589966
142950,14196,3.302319288253784
142960,14197,1.1258302927017212
142970,14198,1.6944276094436646
142980,14199,2.980635643005371
142990,14200,3.9068446159362793
143000,14201,1.9189057350158691
143010,14202,1.5774890184402466
143020,14203,2.501941204071045
143030,14204,1.740591287612915
143040,14205,1.786535382270813
143050,14206,1.658968210220337
143060,14207,1.7354321479797363
143070,14208,1.0130406618118286
143080,14209,2.2459402084350586
143090,14210,2.092940092086792
143100,14211,1.966693639755249
143110,14212,1.3868074417114258
143120,14213,1.8092005252838135
143130,14214,1.6672128438949585
143140,14215,3.225945472717285
143150,14216,3.4150002002716064
143160,14217,1.2065263986587524
143170,14218,1.2011786699295044
143180,14219,1.2471667528152466
143190,14220,1.3812543153762817
143200,14221,1.3217819929122925
143210,14222,2.165835380554199
143220,14223,0.705738365650177
143230,14224,2.0361084938049316
143240,14225,0.5343213677406311
143250,14226,1.4462707042694092
143260,14227,0.6938930153846741
143270,14228,2.298801898956299
143280,14229,1.359208106994629
143290,14230,1.663399577140808
143300,14231,1.2585610151290894
143310,14232,1.3073537349700928
143320,14233,1.7558890581130981
143330,14234,1.2715238332748413
143340,14235,1.7281737327575684
143350,14236,3.9196112155914307
143360,14237,2.4373011589050293
143370,14238,0.7953874468803406
143380,14239,1.5544366836547852
143390,14240,1.1250003576278687
143400,14241,4.374268531799316
143410,14242,2.0293402671813965
143420,14243,1.700330138206482
143430,14244,2.1614303588867188
143440,14245,1.2313107252120972
143450,14246,0.756887674331665
143460,14247,1.8526942729949951
143470,14248,1.0479094982147217
143480,14249,2.6773269176483154
143490,14250,0.9544291496276855
143500,14251,2.5766730308532715
143510,14252,1.443756341934204
143520,14253,0.8051082491874695
143530,14254,6.350215911865234
143540,14255,1.4503753185272217
143550,14256,0.8819023966789246
143560,14257,3.2474045753479004
143570,14258,1.3264896869659424
143580,14259,1.7313998937606812
143590,14260,1.9250844717025757
143600,14261,1.6279120445251465
143610,14262,1.707322359085083
143620,14263,1.0408073663711548
143630,14264,1.2590004205703735
143640,14265,0.7450323700904846
143650,14266,1.2522165775299072
143660,14267,1.5978926420211792
143670,14268,1.127203345298767
143680,14269,1.9241951704025269
143690,14270,0.952588677406311
143700,14271,2.201448440551758
143710,14272,1.5227190256118774
143720,14273,1.7283127307891846
143730,14274,1.3175430297851562
143740,14275,1.87623929977417
143750,14276,1.7326948642730713
143760,14277,1.7128944396972656
143770,14278,3.2803244590759277
143780,14279,0.9903905391693115
143790,14280,2.3924858570098877
143800,14281,1.1436666250228882
143810,14282,0.772259533405304
143820,14283,0.44990283250808716
143830,14284,4.253438949584961
143840,14285,1.5261199474334717
143850,14286,1.3689223527908325
143860,14287,7.403603553771973
143870,14288,1.2940927743911743
143880,14289,1.9748499393463135
143890,14290,1.0460704565048218
143900,14291,1.7118144035339355
143910,14292,1.6690266132354736
143920,14293,0.866837203502655
143930,14294,2.6499686241149902
143940,14295,1.6064423322677612
143950,14296,1.1365848779678345
143960,14297,0.7851577401161194
143970,14298,1.5506463050842285
143980,14299,2.1891515254974365
143990,14300,1.8625080585479736
144000,14301,3.7050652503967285
144010,14302,2.5908279418945312
144020,14303,3.011545181274414
144030,14304,0.6881204843521118
144040,14305,1.3885529041290283
144050,14306,1.6822333335876465
144060,14307,1.4344955682754517
144070,14308,2.087486743927002
144080,14309,1.1626266241073608
144090,14310,3.5141284465789795
144100,14311,2.815624475479126
144110,14312,0.9461743235588074
144120,14313,1.0722448825836182
144130,14314,2.2277779579162598
144140,14315,2.1498379707336426
144150,14316,1.380794644355774
144160,14317,2.605722188949585
144170,14318,0.8554475903511047
144180,14319,1.5639468431472778
144190,14320,1.5309394598007202
144200,14321,2.4867637157440186
144210,14322,0.9003831148147583
144220,14323,1.9863665103912354
144230,14324,0.9705438017845154
144240,14325,1.8783577680587769
144250,14326,1.434496521949768
144260,14327,3.681795120239258
144270,14328,3.3412468433380127
144280,14329,1.0700520277023315
144290,14330,0.9812753796577454
144300,14331,1.2899779081344604
144310,14332,3.8845295906066895
144320,14333,0.9380837082862854
144330,14334,1.006007432937622
144340,14335,1.4217449426651
144350,14336,5.4364705085754395
144360,14337,1.0974088907241821
144370,14338,0.6415113806724548
144380,14339,1.3795936107635498
144390,14340,1.8997447490692139
144400,14341,1.7049965858459473
144410,14342,1.5634255409240723
144420,14343,1.0352848768234253
144430,14344,1.1899054050445557
144440,14345,0.6528907418251038
144450,14346,1.9779927730560303
144460,14347,1.1261035203933716
144470,14348,1.3650496006011963
144480,14349,2.546299934387207
144490,14350,2.3178513050079346
144500,14351,2.3447773456573486
144510,14352,1.2450664043426514
144520,14353,2.1605398654937744
144530,14354,1.264441728591919
144540,14355,3.9606926441192627
144550,14356,2.714761734008789
144560,14357,1.114123821258545
144570,14358,0.8927420377731323
144580,14359,1.174932599067688
144590,14360,1.3946201801300049
144600,14361,2.826780319213867
144610,14362,0.46458491683006287
144620,14363,1.5098307132720947
144630,14364,0.8556501269340515
144640,14365,1.2069368362426758
144650,14366,0.9960576295852661
144660,14367,2.276740074157715
144670,14368,1.0990089178085327
144680,14369,1.5986932516098022
144690,14370,1.5477635860443115
144700,14371,1.7831443548202515
144710,14372,1.107380747795105
144720,14373,1.4051737785339355
144730,14374,1.9708645343780518
144740,14375,2.930684804916382
144750,14376,2.742894411087036
144760,14377,1.1795052289962769
144770,14378,1.363579511642456
144780,14379,2.1883087158203125
144790,14380,3.0265636444091797
144800,14381,2.4038443565368652
144810,14382,1.6202312707901
144820,14383,1.4023983478546143
144830,14384,2.5559656620025635
144840,14385,1.2342183589935303
144850,14386,1.677417516708374
144860,14387,1.3829346895217896
144870,14388,3.6367950439453125
144880,14389,2.681149959564209
144890,14390,1.613985300064087
144900,14391,1.9725604057312012
144910,14392,1.1121454238891602
144920,14393,2.161773204803467
144930,14394,1.2156264781951904
144940,14395,0.7111339569091797
144950,14396,2.380587100982666
144960,14397,1.6995632648468018
144970,14398,1.793884515762329
144980,14399,1.5016160011291504
144990,14400,1.2901794910430908
145000,14401,1.5770049095153809
145010,14402,2.030026435852051
145020,14403,4.1334075927734375
145030,14404,0.8697413802146912
145040,14405,1.3043274879455566
145050,14406,1.1922608613967896
145060,14407,2.0996975898742676
145070,14408,0.9943097829818726
145080,14409,2.013429880142212
145090,14410,2.4652905464172363
145100,14411,2.110393762588501
145110,14412,1.3382073640823364
145120,14413,5.404107093811035
145130,14414,1.8508212566375732
145140,14415,0.7491365671157837
145150,14416,1.1473320722579956
145160,14417,1.7038605213165283
145170,14418,1.452512502670288
145180,14419,1.4889707565307617
145190,14420,2.0549073219299316
145200,14421,2.3588945865631104
145210,14422,0.5190460681915283
145220,14423,1.9464399814605713
145230,14424,0.684429407119751
145240,14425,1.706934928894043
145250,14426,1.8693991899490356
145260,14427,0.9899648427963257
145270,14428,1.6991279125213623
145280,14429,2.244508981704712
145290,14430,1.3873987197875977
145300,14431,1.6921700239181519
145310,14432,1.738053560256958
145320,14433,1.7416636943817139
145330,14434,1.5619747638702393
145340,14435,2.861447811126709
145350,14436,1.313141107559204
145360,14437,1.0060703754425049
145370,14438,1.5701287984848022
145380,14439,1.805862307548523
145390,14440,1.8207485675811768
145400,14441,1.5679429769515991
145410,14442,3.558677911758423
145420,14443,1.566594123840332
145430,14444,2.6340441703796387
145440,14445,0.9177502393722534
145450,14446,2.1919639110565186
145460,14447,1.663619875907898
145470,14448,2.416593551635742
145480,14449,0.9972707629203796
145490,14450,2.157102346420288
145500,14451,1.396518588066101
145510,14452,2.277238368988037
145520,14453,3.6675286293029785
145530,14454,1.8521584272384644
145540,14455,1.586897611618042
145550,14456,2.095313549041748
145560,14457,1.0341838598251343
145570,14458,0.968622088432312
145580,14459,1.5829293727874756
145590,14460,1.9628267288208008
145600,14461,1.7840306758880615
145610,14462,2.4018502235412598
145620,14463,9.481305122375488
145630,14464,1.1704626083374023
145640,14465,2.1628642082214355
145650,14466,3.272826910018921
145660,14467,3.2574572563171387
145670,14468,1.7700388431549072
145680,14469,1.0070172548294067
145690,14470,4.6535563468933105
145700,14471,2.257668972015381
145710,14472,2.3416268825531006
145720,14473,1.4788542985916138
145730,14474,1.223708152770996
145740,14475,1.5641984939575195
145750,14476,0.8381420969963074
145760,14477,4.329725742340088
145770,14478,1.02164888381958
145780,14479,1.6282217502593994
145790,14480,1.7704720497131348
145800,14481,2.0932202339172363
145810,14482,1.8741765022277832
145820,14483,1.9295083284378052
145830,14484,0.7700017094612122
145840,14485,2.4163918495178223
145850,14486,0.8435145020484924
145860,14487,0.643364667892456
145870,14488,3.3868610858917236
145880,14489,1.1422295570373535
145890,14490,4.710931301116943
145900,14491,1.3414978981018066
145910,14492,0.9738912582397461
145920,14493,1.9752496480941772
145930,14494,3.00974178314209
145940,14495,3.007383346557617
145950,14496,2.453284740447998
145960,14497,1.138170599937439
145970,14498,2.7571117877960205
145980,14499,3.024123191833496
145990,14500,1.8916025161743164
146000,14501,0.7864574790000916
146010,14502,1.4604997634887695
146020,14503,2.409177541732788
146030,14504,2.469184160232544
146040,14505,1.7802873849868774
146050,14506,1.0106759071350098
146060,14507,1.275524377822876
146070,14508,1.5665926933288574
146080,14509,1.5264519453048706
146090,14510,3.6630799770355225
146100,14511,0.7594617605209351
146110,14512,0.5401801466941833
146120,14513,1.8612430095672607
146130,14514,1.6979553699493408
146140,14515,1.1301376819610596
146150,14516,1.9368431568145752
146160,14517,1.8460294008255005
146170,14518,0.8441368937492371
146180,14519,1.4093400239944458
146190,14520,1.8056458234786987
146200,14521,2.5849926471710205
146210,14522,1.0248712301254272
146220,14523,1.0748775005340576
146230,14524,0.7264476418495178
146240,14525,0.79298996925354
146250,14526,1.4334783554077148
146260,14527,1.3098273277282715
146270,14528,1.0872018337249756
146280,14529,0.7712603211402893
146290,14530,1.8429539203643799
146300,14531,0.9876422882080078
146310,14532,0.707646369934082
146320,14533,1.0007150173187256
146330,14534,1.7269402742385864
146340,14535,0.5327779054641724
146350,14536,1.3603780269622803
146360,14537,2.3140947818756104
146370,14538,1.2367005348205566
146380,14539,5.031242847442627
146390,14540,1.5937365293502808
146400,14541,1.0355029106140137
146410,14542,1.427215337753296
146420,14543,0.8972069025039673
146430,14544,2.6227755546569824
146440,14545,1.0107232332229614
146450,14546,0.47994816303253174
146460,14547,2.0342442989349365
146470,14548,1.1378952264785767
146480,14549,1.0694268941879272
146490,14550,1.2840012311935425
146500,14551,1.9236440658569336
146510,14552,0.7792571783065796
146520,14553,0.37845703959465027
146530,14554,1.0370705127716064
146540,14555,3.073532819747925
146550,14556,1.6114920377731323
146560,14557,1.0151089429855347
146570,14558,1.3504712581634521
146580,14559,0.875481367111206
146590,14560,0.7656218409538269
146600,14561,1.212117075920105
146610,14562,0.7727372646331787
146620,14563,3.831258773803711
146630,14564,0.7692261338233948
146640,14565,1.0482441186904907
146650,14566,2.5512351989746094
146660,14567,1.0014723539352417
146670,14568,1.5226088762283325
146680,14569,1.1713452339172363
146690,14570,2.4353349208831787
146700,14571,5.807581424713135
146710,14572,1.6611289978027344
146720,14573,1.065993309020996
146730,14574,1.0970653295516968
146740,14575,1.3518489599227905
146750,14576,1.1341559886932373
146760,14577,1.2301194667816162
146770,14578,1.4967212677001953
146780,14579,1.5132880210876465
146790,14580,2.861326217651367
146800,14581,3.3808319568634033
146810,14582,3.6012558937072754
146820,14583,0.6569855809211731
146830,14584,1.8779723644256592
146840,14585,1.6405128240585327
146850,14586,1.5825250148773193
146860,14587,2.416254758834839
146870,14588,1.7028905153274536
146880,14589,2.0621321201324463
146890,14590,1.1113463640213013
146900,14591,1.1669529676437378
146910,14592,1.255456805229187
146920,14593,4.390929698944092
146930,14594,1.9356350898742676
146940,14595,1.007240891456604
146950,14596,2.0268056392669678
146960,14597,0.8271501064300537
146970,14598,2.0362911224365234
146980,14599,2.480475664138794
146990,14600,2.462186813354492
147000,14601,0.7015219330787659
147010,14602,1.204539179801941
147020,14603,0.8949472904205322
147030,14604,2.5379738807678223
147040,14605,1.1799858808517456
147050,14606,1.8865653276443481
147060,14607,0.7694253921508789
147070,14608,1.5088932514190674
147080,14609,1.015059471130371
147090,14610,1.5120402574539185
147100,14611,1.8883633613586426
147110,14612,0.8861333727836609
147120,14613,1.0688012838363647
147130,14614,1.6894348859786987
147140,14615,1.6230826377868652
147150,14616,1.6260331869125366
147160,14617,1.2402021884918213
147170,14618,2.0786490440368652
147180,14619,1.0384937524795532
147190,14620,2.0465667247772217
147200,14621,8.660676002502441
147210,14622,1.8884021043777466
147220,14623,0.8456194996833801
147230,14624,0.8542447090148926
147240,14625,0.7842023372650146
147250,14626,3.7831318378448486
147260,14627,1.3174654245376587
147270,14628,2.1782407760620117
147280,14629,2.283482551574707
147290,14630,1.9157559871673584
147300,14631,1.0884690284729004
147310,14632,0.4241771101951599
147320,14633,2.6507601737976074
147330,14634,1.8600722551345825
147340,14635,1.3637428283691406
147350,14636,1.7530502080917358
147360,14637,2.656662940979004
147370,14638,1.5712703466415405
147380,14639,1.443894863128662
147390,14640,0.7881238460540771
147400,14641,4.691455364227295
147410,14642,2.0810048580169678
147420,14643,1.1271804571151733
147430,14644,1.8344367742538452
147440,14645,1.8421958684921265
147450,14646,1.3944400548934937
147460,14647,0.9178625345230103
147470,14648,0.8311523795127869
147480,14649,2.2676913738250732
147490,14650,2.05818772315979
147500,14651,1.0208181142807007
147510,14652,0.6469180583953857
147520,14653,1.3057920932769775
147530,14654,1.0359399318695068
147540,14655,1.4223501682281494
147550,14656,3.829761505126953
147560,14657,3.4358906745910645
147570,14658,1.950908899307251
147580,14659,2.778571367263794
147590,14660,2.484084367752075
147600,14661,3.290797233581543
147610,14662,0.8646607995033264
147620,14663,1.1902047395706177
147630,14664,1.1120681762695312
147640,14665,2.818847417831421
147650,14666,1.3901106119155884
147660,14667,5.40874719619751
147670,14668,2.0328726768493652
147680,14669,2.1335532665252686
147690,14670,0.5803242921829224
147700,14671,3.3999180793762207
147710,14672,1.1283048391342163
147720,14673,1.4803606271743774
147730,14674,1.2245509624481201
147740,14675,1.6765975952148438
147750,14676,1.0111225843429565
147760,14677,1.867991328239441
147770,14678,1.2993768453598022
147780,14679,2.205014944076538
147790,14680,1.0010600090026855
147800,14681,1.074727177619934
147810,14682,1.0991604328155518
147820,14683,0.9091815948486328
147830,14684,2.208261728286743
147840,14685,1.9347739219665527
147850,14686,1.4988055229187012
147860,14687,5.408812999725342
147870,14688,4.408441066741943
147880,14689,1.5693292617797852
147890,14690,1.1422466039657593
147900,14691,1.5808736085891724
147910,14692,1.5940985679626465
147920,14693,3.1609227657318115
147930,14694,0.7129707932472229
147940,14695,1.5868836641311646
147950,14696,1.4219632148742676
147960,14697,2.2524683475494385
147970,14698,2.3935422897338867
147980,14699,1.4708184003829956
147990,14700,0.9272720813751221
148000,14701,3.4228515625
148010,14702,2.3869519233703613
148020,14703,2.496656656265259
148030,14704,1.7020764350891113
148040,14705,2.261038064956665
148050,14706,2.5020341873168945
148060,14707,1.2467402219772339
148070,14708,1.6208056211471558
148080,14709,2.8340206146240234
148090,14710,2.3555166721343994
148100,14711,2.2456862926483154
148110,14712,1.5289241075515747
148120,14713,1.5310739278793335
148130,14714,3.9647765159606934
148140,14715,1.4041576385498047
148150,14716,1.2984814643859863
148160,14717,1.2080185413360596
148170,14718,0.675856351852417
148180,14719,2.258883237838745
148190,14720,1.015767216682434
148200,14721,1.2659014463424683
148210,14722,1.3996503353118896
148220,14723,7.896600723266602
148230,14724,3.1934196949005127
148240,14725,2.4978020191192627
148250,14726,0.8218267560005188
148260,14727,1.6720669269561768
148270,14728,0.9645803570747375
148280,14729,1.6091145277023315
148290,14730,1.1573021411895752
148300,14731,0.755448579788208
148310,14732,1.5472283363342285
148320,14733,1.510046362876892
148330,14734,1.0806397199630737
148340,14735,1.134329080581665
148350,14736,1.919708013534546
148360,14737,2.170243740081787
148370,14738,2.178830623626709
148380,14739,2.3861422538757324
148390,14740,1.0699334144592285
148400,14741,1.5149707794189453
148410,14742,1.9511560201644897
148420,14743,1.7533432245254517
148430,14744,1.3293728828430176
148440,14745,1.2877827882766724
148450,14746,5.308979034423828
148460,14747,2.56969952583313
148470,14748,1.5517562627792358
148480,14749,4.383251667022705
148490,14750,0.8720450401306152
148500,14751,0.9511138200759888
148510,14752,1.6628851890563965
148520,14753,2.6514782905578613
148530,14754,1.0862396955490112
148540,14755,1.9574475288391113
148550,14756,3.3567583560943604
148560,14757,2.099806308746338
148570,14758,4.376461029052734
148580,14759,1.7310789823532104
148590,14760,3.732055902481079
148600,14761,1.320324182510376
148610,14762,1.3496739864349365
148620,14763,1.693359136581421
148630,14764,1.43684720993042
148640,14765,0.8834737539291382
148650,14766,0.8696499466896057
148660,14767,2.5219860076904297
148670,14768,1.2428724765777588
148680,14769,1.9326461553573608
148690,14770,0.9484239816665649
148700,14771,0.5759101510047913
148710,14772,1.3764760494232178
148720,14773,1.5750356912612915
148730,14774,1.4716371297836304
148740,14775,1.3285987377166748
148750,14776,1.1167842149734497
148760,14777,0.9230548739433289
148770,14778,0.9682298898696899
148780,14779,1.5854145288467407
148790,14780,4.075540065765381
148800,14781,1.617519497871399
148810,14782,1.0760400295257568
148820,14783,4.594241619110107
148830,14784,1.1715055704116821
148840,14785,1.3389472961425781
148850,14786,2.153296709060669
148860,14787,0.9319337606430054
148870,14788,1.2497227191925049
148880,14789,0.9016551971435547
148890,14790,1.2085835933685303
148900,14791,2.52384614944458
148910,14792,0.9667882323265076
148920,14793,1.1646337509155273
148930,14794,0.537908136844635
148940,14795,0.8492538332939148
148950,14796,1.7862298488616943
148960,14797,3.835573196411133
148970,14798,0.7034236192703247
148980,14799,3.533064842224121
148990,14800,1.9951884746551514
149000,14801,1.8312193155288696
149010,14802,1.3769077062606812
149020,14803,2.583803176879883
149030,14804,1.9818681478500366
149040,14805,1.6954878568649292
149050,14806,1.4408551454544067
149060,14807,1.8290256261825562
149070,14808,0.7152295112609863
149080,14809,3.265429735183716
149090,14810,1.1878501176834106
149100,14811,1.9638978242874146
149110,14812,1.8292174339294434
149120,14813,1.6298611164093018
149130,14814,1.1513110399246216
149140,14815,1.6031618118286133
149150,14816,2.6646649837493896
149160,14817,3.8685262203216553
149170,14818,1.7362512350082397
149180,14819,1.6789844036102295
149190,14820,1.5865517854690552
149200,14821,0.9866155385971069
149210,14822,2.0012707710266113
149220,14823,1.5202715396881104
149230,14824,1.2460145950317383
149240,14825,1.7067170143127441
149250,14826,1.7292522192001343
149260,14827,0.7518247365951538
149270,14828,7.545656681060791
149280,14829,2.1729931831359863
149290,14830,0.9577582478523254
149300,14831,1.6531428098678589
149310,14832,1.4465428590774536
149320,14833,1.3099967241287231
149330,14834,1.338222861289978
149340,14835,2.176539659500122
149350,14836,2.7763822078704834
149360,14837,1.7742239236831665
149370,14838,1.2408359050750732
149380,14839,1.9027670621871948
149390,14840,0.9254098534584045
149400,14841,1.329020619392395
149410,14842,2.7822072505950928
149420,14843,1.8491599559783936
149430,14844,0.7869551777839661
149440,14845,2.5847184658050537
149450,14846,1.5105862617492676
149460,14847,1.8170955181121826
149470,14848,0.964922308921814
149480,14849,1.5140767097473145
149490,14850,1.435510516166687
149500,14851,1.538022518157959
149510,14852,1.9202362298965454
149520,14853,2.0079267024993896
149530,14854,2.8300700187683105
149540,14855,1.4827430248260498
149550,14856,4.03416109085083
149560,14857,1.0251184701919556
149570,14858,2.9268784523010254
149580,14859,1.6896109580993652
149590,14860,1.2755470275878906
149600,14861,1.3623948097229004
149610,14862,0.9032936096191406
149620,14863,0.8503527641296387
149630,14864,1.924052119255066
149640,14865,1.0839580297470093
149650,14866,1.7483259439468384
149660,14867,1.4947197437286377
149670,14868,1.7504953145980835
149680,14869,2.851245641708374
149690,14870,0.7558285593986511
149700,14871,1.7385039329528809
149710,14872,1.0096328258514404
149720,14873,2.321622371673584
149730,14874,1.2384757995605469
149740,14875,0.8838522434234619
149750,14876,3.4390010833740234
149760,14877,0.8533811569213867
149770,14878,1.2889745235443115
149780,14879,0.8986911177635193
149790,14880,2.2242727279663086
149800,14881,2.1985421180725098
149810,14882,1.792803406715393
149820,14883,1.501505732536316
149830,14884,3.3903799057006836
149840,14885,1.6168053150177002
149850,14886,1.6329710483551025
149860,14887,2.156081438064575
149870,14888,2.150599956512451
149880,14889,1.365983009338379
149890,14890,1.4070783853530884
149900,14891,5.511283874511719
149910,14892,0.9621081352233887
149920,14893,1.1605709791183472
149930,14894,1.8048620223999023
149940,14895,4.625985622406006
149950,14896,1.0345399379730225
149960,14897,2.064260721206665
149970,14898,2.925098419189453
149980,14899,0.9341448545455933
149990,14900,1.9410209655761719
150000,14901,1.5619677305221558
150010,14902,1.5917255878448486
150020,14903,1.1775158643722534
150030,14904,2.3869380950927734
150040,14905,1.0974634885787964
150050,14906,1.219917893409729
150060,14907,0.6998888254165649
150070,14908,0.6891078352928162
150080,14909,1.4205024242401123
150090,14910,1.5044013261795044
150100,14911,1.8891630172729492
150110,14912,1.4477797746658325
150120,14913,1.8732420206069946
150130,14914,2.2431788444519043
150140,14915,0.9712715148925781
150150,14916,1.2287729978561401
150160,14917,1.0712130069732666
150170,14918,0.6813908815383911
150180,14919,4.11946439743042
150190,14920,0.8601304888725281
150200,14921,1.9361789226531982
150210,14922,1.960152268409729
150220,14923,0.7619455456733704
150230,14924,1.3444037437438965
150240,14925,2.844532012939453
150250,14926,1.925398588180542
150260,14927,2.0983452796936035
150270,14928,20.201974868774414
150280,14929,2.9058749675750732
150290,14930,5.070147514343262
150300,14931,1.8871545791625977
150310,14932,1.7266154289245605
150320,14933,2.076326608657837
150330,14934,1.2897162437438965
150340,14935,2.9568212032318115
150350,14936,3.3405354022979736
150360,14937,2.0361106395721436
150370,14938,1.9416956901550293
150380,14939,1.0299911499023438
150390,14940,1.7427892684936523
150400,14941,2.513993501663208
150410,14942,1.368905782699585
150420,14943,2.5671133995056152
150430,14944,2.1023449897766113
150440,14945,1.934155821800232
150450,14946,1.3818728923797607
150460,14947,1.526308298110962
150470,14948,1.3448163270950317
150480,14949,1.0152630805969238
150490,14950,1.5059573650360107
150500,14951,1.7260072231292725
150510,14952,1.9029865264892578
150520,14953,3.134085178375244
150530,14954,1.061378002166748
150540,14955,0.8599565029144287
150550,14956,3.447815418243408
150560,14957,1.3788814544677734
150570,14958,1.1312462091445923
150580,14959,2.325507640838623
150590,14960,0.7717100381851196
150600,14961,2.565992832183838
150610,14962,1.0735626220703125
150620,14963,0.6935014724731445
150630,14964,1.1614537239074707
150640,14965,1.1930997371673584
150650,14966,2.039807081222534
150660,14967,2.047545909881592
150670,14968,2.1453139781951904
150680,14969,1.0901938676834106
150690,14970,1.6830533742904663
150700,14971,1.7367535829544067
150710,14972,2.1377298831939697
150720,14973,0.7598616480827332
150730,14974,1.425154447555542
150740,14975,1.6670039892196655
150750,14976,1.9871381521224976
150760,14977,3.134230375289917
150770,14978,1.682895302772522
150780,14979,1.7130554914474487
150790,14980,0.7162152528762817
150800,14981,1.1806384325027466
150810,14982,1.1838432550430298
150820,14983,1.2966619729995728
150830,14984,2.1956963539123535
150840,14985,1.1644514799118042
150850,14986,2.027947187423706
150860,14987,1.105689287185669
150870,14988,1.9505457878112793
150880,14989,0.9913489818572998
150890,14990,1.3139123916625977
150900,14991,1.4580845832824707
150910,14992,1.4586896896362305
150920,14993,1.1252490282058716
150930,14994,2.0265908241271973
150940,14995,1.1879026889801025
150950,14996,1.4547441005706787
150960,14997,1.1203032732009888
150970,14998,2.020840883255005
150980,14999,1.752415657043457
150990,15000,0.5517419576644897
151000,15001,1.9418857097625732
151010,15002,3.699697971343994
151020,15003,2.223923683166504
151030,15004,2.19521427154541
151040,15005,4.399905204772949
151050,15006,1.6313782930374146
151060,15007,1.3893041610717773
151070,15008,2.359694719314575
151080,15009,1.6613613367080688
151090,15010,2.0074710845947266
151100,15011,0.9868322610855103
151110,15012,1.2996023893356323
151120,15013,1.0429173707962036
151130,15014,1.5925278663635254
151140,15015,1.9082671403884888
151150,15016,2.304982900619507
151160,15017,1.4887242317199707
151170,15018,1.6117523908615112
151180,15019,1.7320958375930786
151190,15020,1.0386042594909668
151200,15021,0.9782789349555969
151210,15022,1.6030340194702148
151220,15023,2.4811344146728516
151230,15024,1.1873074769973755
151240,15025,1.0311503410339355
151250,15026,1.9978110790252686
151260,15027,2.5881543159484863
151270,15028,1.7347630262374878
151280,15029,1.8749407529830933
151290,15030,2.7228047847747803
151300,15031,1.1764006614685059
151310,15032,3.2905495166778564
151320,15033,1.7159171104431152
151330,15034,2.437870740890503
151340,15035,1.9462311267852783
151350,15036,0.3896554112434387
151360,15037,2.5662338733673096
151370,15038,1.4384489059448242
151380,15039,0.512941837310791
151390,15040,3.3211512565612793
151400,15041,2.6868371963500977
151410,15042,2.499302387237549
151420,15043,1.6425269842147827
151430,15044,0.8353814482688904
151440,15045,0.5957112312316895
151450,15046,1.635024905204773
151460,15047,2.7874104976654053
151470,15048,2.2040486335754395
151480,15049,1.487884759902954
151490,15050,1.7155020236968994
151500,15051,3.335688352584839
151510,15052,2.087841033935547
151520,15053,1.8803759813308716
151530,15054,1.4391294717788696
151540,15055,1.0660042762756348
151550,15056,1.038430094718933
151560,15057,1.840275526046753
151570,15058,2.0218396186828613
151580,15059,1.618635892868042
151590,15060,1.164836049079895
151600,15061,1.5161296129226685
151610,15062,2.119889497756958
151620,15063,1.14398992061615
151630,15064,1.0600274801254272
151640,15065,1.2413995265960693
151650,15066,3.7285447120666504
151660,15067,1.5412043333053589
151670,15068,1.5036547183990479
151680,15069,1.3625359535217285
151690,15070,1.9409552812576294
151700,15071,1.5659489631652832
151710,15072,1.489917516708374
151720,15073,2.232283592224121
151730,15074,1.1839425563812256
151740,15075,0.8417137861251831
151750,15076,1.0531858205795288
151760,15077,1.9900952577590942
151770,15078,1.5423171520233154
151780,15079,1.3462064266204834
151790,15080,1.054686427116394
151800,15081,16.74911117553711
151810,15082,1.2675014734268188
151820,15083,2.2352089881896973
151830,15084,2.441387176513672
151840,15085,2.488719940185547
151850,15086,3.432748794555664
151860,15087,1.6479387283325195
151870,15088,1.72993803024292
151880,15089,2.1702282428741455
151890,15090,1.7825924158096313
151900,15091,1.2911776304244995
151910,15092,1.7290115356445312
151920,15093,1.758291482925415
151930,15094,1.61964750289917
151940,15095,2.2741758823394775
151950,15096,1.1196808815002441
151960,15097,2.2981112003326416
151970,15098,1.5752466917037964
151980,15099,1.4605363607406616
151990,15100,6.4384636878967285
152000,15101,1.3253755569458008
152010,15102,3.109844207763672
152020,15103,1.5300877094268799
152030,15104,1.0373454093933105
152040,15105,1.2937626838684082
152050,15106,2.5637171268463135
152060,15107,2.170710325241089
152070,15108,2.441101312637329
152080,15109,3.6068756580352783
152090,15110,2.0847530364990234
152100,15111,4.325969696044922
152110,15112,2.3827338218688965
152120,15113,1.0492327213287354
152130,15114,1.7078862190246582
152140,15115,2.84267258644104
152150,15116,1.7338969707489014
152160,15117,2.3848817348480225
152170,15118,1.7342413663864136
152180,15119,2.1880860328674316
152190,15120,1.9446109533309937
152200,15121,2.274533271789551
152210,15122,0.7389799356460571
152220,15123,2.927732229232788
152230,15124,1.694573163986206
152240,15125,2.137166738510132
152250,15126,2.7977232933044434
152260,15127,0.6445097327232361
152270,15128,1.6920645236968994
152280,15129,1.0140783786773682
152290,15130,1.037834644317627
152300,15131,1.9609302282333374
152310,15132,0.98096764087677
152320,15133,0.7360392212867737
152330,15134,1.4194458723068237
152340,15135,1.9421933889389038
152350,15136,0.7068427205085754
152360,15137,2.0273613929748535
152370,15138,1.7451961040496826
152380,15139,1.981529712677002
152390,15140,1.581246018409729
152400,15141,2.0013651847839355
152410,15142,0.9127621650695801
152420,15143,1.155283808708191
152430,15144,0.7997353076934814
152440,15145,1.3895161151885986
152450,15146,1.953748106956482
152460,15147,0.6477493047714233
152470,15148,1.4993915557861328
152480,15149,3.1942920684814453
152490,15150,1.6098684072494507
152500,15151,1.6698461771011353
152510,15152,2.084841251373291
152520,15153,2.1283700466156006
152530,15154,1.0561585426330566
152540,15155,3.9895663261413574
152550,15156,2.067180633544922
152560,15157,0.729992687702179
152570,15158,1.2649972438812256
152580,15159,2.0016441345214844
152590,15160,1.445731520652771
152600,15161,3.083630084991455
152610,15162,1.9092220067977905
152620,15163,4.008233547210693
152630,15164,0.8607659339904785
152640,15165,3.141057252883911
152650,15166,0.6661203503608704
152660,15167,1.35853111743927
152670,15168,3.1382853984832764
152680,15169,3.2706668376922607
152690,15170,1.3064181804656982
152700,15171,1.4201091527938843
152710,15172,3.037092685699463
152720,15173,1.2286630868911743
152730,15174,2.2136237621307373
152740,15175,3.067080020904541
152750,15176,2.3181631565093994
152760,15177,1.8844711780548096
152770,15178,1.7264344692230225
152780,15179,2.0580227375030518
152790,15180,0.9211488366127014
152800,15181,2.168471336364746
152810,15182,1.5225034952163696
152820,15183,2.0681233406066895
152830,15184,2.1171486377716064
152840,15185,1.5827056169509888
152850,15186,2.5102734565734863
152860,15187,2.727511167526245
152870,15188,1.582144021987915
152880,15189,4.254297733306885
152890,15190,1.8197283744812012
152900,15191,4.307782173156738
152910,15192,1.021517038345337
152920,15193,2.2393722534179688
152930,15194,0.8533404469490051
152940,15195,3.207911252975464
152950,15196,2.07224440574646
152960,15197,3.10086989402771
152970,15198,1.8968576192855835
152980,15199,2.1618235111236572
152990,15200,2.115598440170288
153000,15201,1.5509531497955322
153010,15202,3.0930519104003906
153020,15203,2.3736836910247803
153030,15204,1.5801202058792114
153040,15205,1.241649866104126
153050,15206,1.4231960773468018
153060,15207,1.3938393592834473
153070,15208,2.855998992919922
153080,15209,1.2888972759246826
153090,15210,1.3708956241607666
153100,15211,1.4518953561782837
153110,15212,1.4095262289047241
153120,15213,2.2618589401245117
153130,15214,2.9944891929626465
153140,15215,2.324965238571167
153150,15216,2.5888688564300537
153160,15217,2.190793752670288
153170,15218,1.5989478826522827
153180,15219,3.265636920928955
153190,15220,1.9046542644500732
153200,15221,6.12495756149292
153210,15222,1.8966917991638184
153220,15223,0.9892129898071289
153230,15224,2.277350425720215
153240,15225,0.5932972431182861
153250,15226,2.5808029174804688
153260,15227,1.7417724132537842
153270,15228,0.9189498424530029
153280,15229,1.666102647781372
153290,15230,4.62423849105835
153300,15231,1.4105945825576782
153310,15232,1.7113703489303589
153320,15233,0.9674121737480164
153330,15234,3.433722496032715
153340,15235,0.8948254585266113
153350,15236,0.9974656105041504
153360,15237,1.7708402872085571
153370,15238,1.861958384513855
153380,15239,1.5654467344284058
153390,15240,3.0692591667175293
153400,15241,2.5007107257843018
153410,15242,1.7665503025054932
153420,15243,1.7031060457229614
153430,15244,3.753812551498413
153440,15245,1.2737360000610352
153450,15246,1.413541555404663
153460,15247,1.3621784448623657
153470,15248,1.7022861242294312
153480,15249,2.2569282054901123
153490,15250,1.7666665315628052
153500,15251,1.599839448928833
153510,15252,1.215437412261963
153520,15253,2.66414737701416
153530,15254,1.2795873880386353
153540,15255,4.9456787109375
153550,15256,4.34608793258667
153560,15257,1.1099128723144531
153570,15258,2.817284345626831
153580,15259,1.6988251209259033
153590,15260,2.1795313358306885
153600,15261,1.5937708616256714
153610,15262,1.1889488697052002
153620,15263,2.4695911407470703
153630,15264,1.4917044639587402
153640,15265,0.854522168636322
153650,15266,3.1675474643707275
153660,15267,0.45810189843177795
153670,15268,1.5837892293930054
153680,15269,0.9304890632629395
153690,15270,2.3779642581939697
153700,15271,3.2667834758758545
153710,15272,1.2535521984100342
153720,15273,2.7269821166992188
153730,15274,2.0333123207092285
153740,15275,2.9262897968292236
153750,15276,0.7019877433776855
153760,15277,1.0586917400360107
153770,15278,0.4662947356700897
153780,15279,2.2535431385040283
153790,15280,1.3250240087509155
153800,15281,1.6231979131698608
153810,15282,2.21652889251709
153820,15283,1.9237149953842163
153830,15284,1.0936458110809326
153840,15285,1.3779760599136353
153850,15286,3.144697666168213
153860,15287,2.3585805892944336
153870,15288,1.8580265045166016
153880,15289,1.1749347448349
153890,15290,2.672626495361328
153900,15291,1.6940829753875732
153910,15292,1.4342237710952759
153920,15293,1.5240434408187866
153930,15294,0.6278814077377319
153940,15295,0.8757792115211487
153950,15296,2.205613374710083
153960,15297,2.4344053268432617
153970,15298,1.2935916185379028
153980,15299,1.6610101461410522
153990,15300,3.0421502590179443
154000,15301,2.213080406188965
154010,15302,1.3719842433929443
154020,15303,0.8785117864608765
154030,15304,1.4464527368545532
154040,15305,2.3344151973724365
154050,15306,2.0673933029174805
154060,15307,0.9715337753295898
154070,15308,1.8190128803253174
154080,15309,1.7478126287460327
154090,15310,1.6686747074127197
154100,15311,0.7281545400619507
154110,15312,2.58716082572937
154120,15313,2.369229316711426
154130,15314,1.4042348861694336
154140,15315,1.5598500967025757
154150,15316,2.1217236518859863
154160,15317,0.7407177686691284
154170,15318,1.6784448623657227
154180,15319,1.1558789014816284
154190,15320,16.89724349975586
154200,15321,0.9121503233909607
154210,15322,2.4298338890075684
154220,15323,2.0928921699523926
154230,15324,1.9043433666229248
154240,15325,2.0453040599823
154250,15326,1.3097761869430542
154260,15327,1.5159770250320435
154270,15328,1.3622000217437744
154280,15329,0.8842124938964844
154290,15330,2.3094799518585205
154300,15331,1.7262794971466064
154310,15332,2.4090681076049805
154320,15333,1.2451014518737793
154330,15334,0.9708534479141235
154340,15335,1.2602062225341797
154350,15336,1.5539168119430542
154360,15337,1.3250420093536377
154370,15338,1.5257954597473145
154380,15339,2.1236929893493652
154390,15340,2.221897840499878
154400,15341,6.4023284912109375
154410,15342,3.087590456008911
154420,15343,2.209636926651001
154430,15344,1.882345199584961
154440,15345,17.108835220336914
154450,15346,1.75992751121521
154460,15347,2.880156993865967
154470,15348,2.3900606632232666
154480,15349,11.516308784484863
154490,15350,2.5341906547546387
154500,15351,2.5461647510528564
154510,15352,2.106632709503174
154520,15353,3.0347461700439453
154530,15354,1.6233646869659424
154540,15355,3.0009829998016357
154550,15356,2.417844295501709
154560,15357,6.4261040687561035
154570,15358,1.7083213329315186
154580,15359,1.2382304668426514
154590,15360,2.8141427040100098
154600,15361,1.0852251052856445
154610,15362,4.153912544250488
154620,15363,2.4337925910949707
154630,15364,2.8434085845947266
154640,15365,3.6885738372802734
154650,15366,2.3738746643066406
154660,15367,1.3396141529083252
154670,15368,2.0889124870300293
154680,15369,2.4050636291503906
154690,15370,4.0347795486450195
154700,15371,1.962268352508545
154710,15372,1.1576005220413208
154720,15373,0.7400857210159302
154730,15374,3.175804853439331
154740,15375,4.3404107093811035
154750,15376,2.204935073852539
154760,15377,1.8723725080490112
154770,15378,3.9063234329223633
154780,15379,1.4887218475341797
154790,15380,1.4110075235366821
154800,15381,2.3014214038848877
154810,15382,2.6221413612365723
154820,15383,2.732680320739746
154830,15384,0.7623562812805176
154840,15385,2.5779054164886475
154850,15386,4.067301273345947
154860,15387,0.7977776527404785
154870,15388,1.9478566646575928
154880,15389,2.514864444732666
154890,15390,1.5018703937530518
154900,15391,1.982304334640503
154910,15392,2.843618154525757
154920,15393,1.4103977680206299
154930,15394,1.7413711547851562
154940,15395,2.204585552215576
154950,15396,1.4911868572235107
154960,15397,1.5986428260803223
154970,15398,3.7699508666992188
154980,15399,1.8485608100891113
154990,15400,1.9022587537765503
155000,15401,1.787035346031189
155010,15402,2.6092326641082764
155020,15403,1.7206568717956543
155030,15404,1.206011176109314
155040,15405,1.207261323928833
155050,15406,3.0319619178771973
155060,15407,1.3625154495239258
155070,15408,1.7239835262298584
155080,15409,1.0367237329483032
155090,15410,1.4934180974960327
155100,15411,1.9704420566558838
155110,15412,1.308958649635315
155120,15413,20.66446876525879
155130,15414,0.8433047533035278
155140,15415,1.8119170665740967
155150,15416,1.0748100280761719
155160,15417,1.888440489768982
155170,15418,4.066760063171387
155180,15419,5.829083442687988
155190,15420,0.9930309057235718
155200,15421,2.724593162536621
155210,15422,2.183814525604248
155220,15423,1.3321881294250488
155230,15424,0.895194947719574
155240,15425,1.4302412271499634
155250,15426,1.4507765769958496
155260,15427,1.3806058168411255
155270,15428,30.50046157836914
155280,15429,3.3681631088256836
155290,15430,2.8783748149871826
155300,15431,3.108778476715088
155310,15432,1.1165258884429932
155320,15433,2.8780996799468994
155330,15434,4.206409454345703
155340,15435,3.955228567123413
155350,15436,5.299324989318848
155360,15437,2.150913715362549
155370,15438,9.107085227966309
155380,15439,1.670799970626831
155390,15440,2.3334977626800537
155400,15441,1.484450101852417
155410,15442,2.7278473377227783
155420,15443,1.599592685699463
155430,15444,2.3461618423461914
155440,15445,1.6245179176330566
155450,15446,1.9080660343170166
155460,15447,1.2410356998443604
155470,15448,1.4862723350524902
155480,15449,1.9279005527496338
155490,15450,0.929640531539917
155500,15451,4.357065677642822
155510,15452,2.3627867698669434
155520,15453,1.9773218631744385
155530,15454,7.003434181213379
155540,15455,1.623151183128357
155550,15456,2.9675533771514893
155560,15457,1.4926403760910034
155570,15458,1.4988987445831299
155580,15459,1.8453210592269897
155590,15460,2.2616944313049316
155600,15461,3.395071029663086
155610,15462,1.5033361911773682
155620,15463,3.4383535385131836
155630,15464,0.7773700952529907
155640,15465,1.2075386047363281
155650,15466,2.4974782466888428
155660,15467,1.3039820194244385
155670,15468,1.3483905792236328
155680,15469,1.364201545715332
155690,15470,1.7525273561477661
155700,15471,1.1696364879608154
155710,15472,1.5729832649230957
155720,15473,3.745736598968506
155730,15474,4.944502353668213
155740,15475,0.9892208576202393
155750,15476,1.739594578742981
155760,15477,5.396376132965088
155770,15478,4.312936782836914
155780,15479,1.5832608938217163
155790,15480,1.5289881229400635
155800,15481,1.4232360124588013
155810,15482,3.000763177871704
155820,15483,2.0857484340667725
155830,15484,2.037424087524414
155840,15485,1.961245059967041
155850,15486,1.5749056339263916
155860,15487,2.136096715927124
155870,15488,0.9101962447166443
155880,15489,3.33219838142395
155890,15490,1.673883080482483
155900,15491,4.283787250518799
155910,15492,1.5161453485488892
155920,15493,1.8755104541778564
155930,15494,1.022357702255249
155940,15495,1.1216862201690674
155950,15496,2.674170732498169
155960,15497,2.3235599994659424
155970,15498,0.7820062637329102
155980,15499,1.5500644445419312
155990,15500,2.1751930713653564
156000,15501,0.8318756818771362
156010,15502,1.4307382106781006
156020,15503,2.825342893600464
156030,15504,1.1518361568450928
156040,15505,1.1479475498199463
156050,15506,2.025057792663574
156060,15507,2.591053009033203
156070,15508,2.140012264251709
156080,15509,1.008036732673645
156090,15510,0.7515086531639099
156100,15511,1.3648754358291626
156110,15512,0.8253768086433411
156120,15513,1.9085668325424194
156130,15514,1.98812735080719
156140,15515,1.7166553735733032
156150,15516,1.0456738471984863
156160,15517,1.9675325155258179
156170,15518,1.8981850147247314
156180,15519,3.810197353363037
156190,15520,2.1187639236450195
156200,15521,2.2672457695007324
156210,15522,0.6275283098220825
156220,15523,4.873614311218262
156230,15524,0.8936641812324524
156240,15525,3.1455485820770264
156250,15526,1.6343488693237305
156260,15527,1.903772234916687
156270,15528,5.1207756996154785
156280,15529,2.2471566200256348
156290,15530,4.080996990203857
156300,15531,1.0903903245925903
156310,15532,2.9298601150512695
156320,15533,2.0125083923339844
156330,15534,2.0186216831207275
156340,15535,2.601325511932373
156350,15536,1.1908923387527466
156360,15537,2.4705650806427
156370,15538,2.163525342941284
156380,15539,1.3717008829116821
156390,15540,1.6945942640304565
156400,15541,1.9665677547454834
156410,15542,0.6984421610832214
156420,15543,1.2026029825210571
156430,15544,1.6303753852844238
156440,15545,0.9293967485427856
156450,15546,1.4455347061157227
156460,15547,7.837984085083008
156470,15548,1.5588946342468262
156480,15549,2.3883283138275146
156490,15550,2.976419448852539
156500,15551,2.252917528152466
156510,15552,1.9066003561019897
156520,15553,3.553729295730591
156530,15554,1.6496831178665161
156540,15555,2.836676597595215
156550,15556,1.7482273578643799
156560,15557,2.1363956928253174
156570,15558,1.4703428745269775
156580,15559,2.2097911834716797
156590,15560,1.8959739208221436
156600,15561,3.8000400066375732
156610,15562,1.8077895641326904
156620,15563,2.5147616863250732
156630,15564,3.107485771179199
156640,15565,2.269441604614258
156650,15566,1.5063667297363281
156660,15567,2.942798614501953
156670,15568,3.2945432662963867
156680,15569,1.1278542280197144
156690,15570,4.131948471069336
156700,15571,2.4357101917266846
156710,15572,2.116863489151001
156720,15573,1.5374257564544678
156730,15574,3.3370206356048584
156740,15575,1.3258533477783203
156750,15576,3.1609859466552734
156760,15577,1.9581307172775269
156770,15578,1.9051810503005981
156780,15579,2.286160469055176
156790,15580,6.975967884063721
156800,15581,4.525080680847168
156810,15582,2.5401017665863037
156820,15583,1.0363795757293701
156830,15584,1.6414536237716675
156840,15585,3.8372998237609863
156850,15586,1.7411258220672607
156860,15587,2.4795494079589844
156870,15588,2.1913235187530518
156880,15589,3.24959659576416
156890,15590,4.891177177429199
156900,15591,2.699824810028076
156910,15592,2.3394246101379395
156920,15593,2.1917035579681396
156930,15594,0.7795926332473755
156940,15595,3.3656771183013916
156950,15596,1.219909429550171
156960,15597,2.1529524326324463
156970,15598,1.4557559490203857
156980,15599,1.0882328748703003
156990,15600,1.749078392982483
157000,15601,2.2843117713928223
157010,15602,1.8454198837280273
157020,15603,0.8716886043548584
157030,15604,2.478400707244873
157040,15605,0.8531010746955872
157050,15606,4.501717567443848
157060,15607,2.37541127204895
157070,15608,0.7767606973648071
157080,15609,4.201168537139893
157090,15610,2.134065628051758
157100,15611,2.52390193939209
157110,15612,1.4328323602676392
157120,15613,1.9213496446609497
157130,15614,2.2738709449768066
157140,15615,2.6778013706207275
157150,15616,2.2390952110290527
157160,15617,2.0924766063690186
157170,15618,2.258527994155884
157180,15619,1.684950351715088
157190,15620,2.3911292552948
157200,15621,2.350783109664917
157210,15622,2.326385259628296
157220,15623,4.574122428894043
157230,15624,1.368293285369873
157240,15625,1.571250081062317
157250,15626,2.059140682220459
157260,15627,1.7934410572052002
157270,15628,2.262155055999756
157280,15629,2.4203693866729736
157290,15630,1.5895158052444458
157300,15631,1.6268647909164429
157310,15632,2.0060598850250244
157320,15633,1.779462456703186
157330,15634,1.0422894954681396
157340,15635,10.083850860595703
157350,15636,1.524011254310608
157360,15637,1.8702744245529175
157370,15638,1.028302788734436
157380,15639,2.3987646102905273
157390,15640,0.9154537320137024
157400,15641,2.1366307735443115
157410,15642,3.9900097846984863
157420,15643,1.8782674074172974
157430,15644,4.091209411621094
157440,15645,2.625852108001709
157450,15646,1.3532308340072632
157460,15647,1.160301923751831
157470,15648,2.348407506942749
157480,15649,3.0285935401916504
157490,15650,0.5252828598022461
157500,15651,1.3116358518600464
157510,15652,2.982426643371582
157520,15653,2.0352232456207275
157530,15654,4.623586654663086
157540,15655,2.011190414428711
157550,15656,3.4479241371154785
157560,15657,1.857956886291504
157570,15658,6.508461952209473
157580,15659,1.7947874069213867
157590,15660,1.6036553382873535
157600,15661,2.1206352710723877
157610,15662,0.9227842688560486
157620,15663,1.5074032545089722
157630,15664,1.8656493425369263
157640,15665,2.5644876956939697
157650,15666,2.1050705909729004
157660,15667,1.6771528720855713
157670,15668,2.454801559448242
157680,15669,0.9779180288314819
157690,15670,1.5513341426849365
157700,15671,2.765993118286133
157710,15672,1.7891314029693604
157720,15673,3.424494743347168
157730,15674,2.0562596321105957
157740,15675,0.8413209319114685
157750,15676,0.6560474038124084
157760,15677,2.3077378273010254
157770,15678,2.1412100791931152
157780,15679,1.0258278846740723
157790,15680,0.7132329344749451
157800,15681,2.8108232021331787
157810,15682,1.2198454141616821
157820,15683,3.0178141593933105
157830,15684,2.4161789417266846
157840,15685,0.9988124370574951
157850,15686,2.24552321434021
157860,15687,1.5744309425354004
157870,15688,0.8143141865730286
157880,15689,2.550347328186035
157890,15690,2.2018625736236572
157900,15691,1.7439155578613281
157910,15692,2.3768463134765625
157920,15693,2.1606874465942383
157930,15694,1.1077102422714233
157940,15695,1.7341009378433228
157950,15696,1.1834858655929565
157960,15697,3.9005117416381836
157970,15698,4.384580612182617
157980,15699,1.3722167015075684
157990,15700,1.2594729661941528
158000,15701,6.487953186035156
158010,15702,4.356930732727051
158020,15703,2.3317606449127197
158030,15704,1.6129658222198486
158040,15705,1.0307097434997559
158050,15706,2.718529224395752
158060,15707,2.2490835189819336
158070,15708,1.909731388092041
158080,15709,3.4502112865448
158090,15710,0.9614681005477905
158100,15711,0.8985254764556885
158110,15712,2.152116298675537
158120,15713,1.084230661392212
158130,15714,0.7823848128318787
158140,15715,4.03322172164917
158150,15716,3.057785749435425
158160,15717,7.457589626312256
158170,15718,2.680523633956909
158180,15719,2.3046112060546875
158190,15720,1.9652918577194214
158200,15721,1.3674767017364502
158210,15722,2.2485430240631104
158220,15723,1.6874868869781494
158230,15724,3.8949549198150635
158240,15725,2.1311771869659424
158250,15726,1.3864678144454956
158260,15727,1.1957594156265259
158270,15728,4.678339004516602
158280,15729,1.3609009981155396
158290,15730,2.623480796813965
158300,15731,2.5216095447540283
158310,15732,4.065032005310059
158320,15733,2.0453691482543945
158330,15734,0.7664937973022461
158340,15735,0.9686189889907837
158350,15736,1.8031697273254395
158360,15737,2.5089967250823975
158370,15738,1.3743904829025269
158380,15739,1.3185749053955078
158390,15740,7.12094259262085
158400,15741,1.711403489112854
158410,15742,1.5653421878814697
158420,15743,1.8985127210617065
158430,15744,1.8483548164367676
158440,15745,2.571448564529419
158450,15746,2.245818853378296
158460,15747,1.6203937530517578
158470,15748,1.3336430788040161
158480,15749,4.687058448791504
158490,15750,1.8396885395050049
158500,15751,1.8116044998168945
158510,15752,4.055517196655273
158520,15753,0.8851892948150635
158530,15754,0.9770327210426331
158540,15755,1.9260187149047852
158550,15756,2.289480209350586
158560,15757,1.1490204334259033
158570,15758,3.411790609359741
158580,15759,2.444519519805908
158590,15760,5.605248928070068
158600,15761,1.3748223781585693
158610,15762,1.9935959577560425
158620,15763,1.7191367149353027
158630,15764,2.4959187507629395
158640,15765,3.5469958782196045
158650,15766,3.4298059940338135
158660,15767,3.857842445373535
158670,15768,2.2508156299591064
158680,15769,1.252465844154358
158690,15770,3.3314828872680664
158700,15771,1.595399022102356
158710,15772,2.1703855991363525
158720,15773,1.2709053754806519
158730,15774,3.762151002883911
158740,15775,2.8485143184661865
158750,15776,4.5331220626831055
158760,15777,3.755492687225342
158770,15778,1.4971561431884766
158780,15779,0.9602742791175842
158790,15780,3.3390111923217773
158800,15781,1.6809636354446411
158810,15782,1.6952542066574097
158820,15783,1.5158300399780273
158830,15784,1.5480096340179443
158840,15785,2.862802267074585
158850,15786,5.663737773895264
158860,15787,2.2222347259521484
158870,15788,1.7786080837249756
158880,15789,1.892444133758545
158890,15790,1.5141921043395996
158900,15791,1.1945581436157227
158910,15792,1.7660963535308838
158920,15793,2.1304237842559814
158930,15794,2.1093997955322266
158940,15795,1.5155622959136963
158950,15796,2.911712884902954
158960,15797,3.3758749961853027
158970,15798,1.9292787313461304
158980,15799,1.3480713367462158
158990,15800,2.711498737335205
159000,15801,1.4848041534423828
159010,15802,1.4429761171340942
159020,15803,3.405100107192993
159030,15804,1.8826894760131836
159040,15805,2.370082378387451
159050,15806,1.3580409288406372
159060,15807,0.9207004308700562
159070,15808,2.327540636062622
159080,15809,3.020848035812378
159090,15810,0.7786415815353394
159100,15811,6.628276824951172
159110,15812,1.4939703941345215
159120,15813,2.7191877365112305
159130,15814,1.5158894062042236
159140,15815,1.221848964691162
159150,15816,7.888156414031982
159160,15817,1.8937407732009888
159170,15818,8.748857498168945
159180,15819,2.8022782802581787
159190,15820,2.5373549461364746
159200,15821,5.299063205718994
159210,15822,4.521876335144043
159220,15823,1.6582281589508057
159230,15824,1.6448535919189453
159240,15825,3.6605522632598877
159250,15826,2.5344152450561523
159260,15827,0.859828770160675
159270,15828,1.6766026020050049
159280,15829,1.6037418842315674
159290,15830,1.3229211568832397
159300,15831,1.043731689453125
159310,15832,1.1851341724395752
159320,15833,3.7535247802734375
159330,15834,2.3266096115112305
159340,15835,1.0302951335906982
159350,15836,0.9427183866500854
159360,15837,1.285380482673645
159370,15838,1.4419056177139282
159380,15839,1.271535038948059
159390,15840,1.3579314947128296
159400,15841,2.1756253242492676
159410,15842,1.5176185369491577
159420,15843,1.9038963317871094
159430,15844,3.1226770877838135
159440,15845,0.7502632141113281
159450,15846,2.7508130073547363
159460,15847,2.297952175140381
159470,15848,2.0818772315979004
159480,15849,1.792683482170105
159490,15850,0.9493381381034851
159500,15851,1.7212963104248047
159510,15852,1.4512691497802734
159520,15853,1.841020107269287
159530,15854,2.106236219406128
159540,15855,1.8674609661102295
159550,15856,1.9809129238128662
159560,15857,1.92940354347229
159570,15858,2.5009357929229736
159580,15859,1.3161336183547974
159590,15860,5.951740264892578
159600,15861,1.5146923065185547
159610,15862,1.0922341346740723
159620,15863,4.680295944213867
159630,15864,1.5882205963134766
159640,15865,1.8731815814971924
159650,15866,2.050245523452759
159660,15867,2.5569891929626465
159670,15868,1.4330792427062988
159680,15869,1.611119031906128
159690,15870,1.2687790393829346
159700,15871,1.8797390460968018
159710,15872,0.6536388993263245
159720,15873,3.7803587913513184
159730,15874,2.006852149963379
159740,15875,0.8162878155708313
159750,15876,2.2516674995422363
159760,15877,1.4890707731246948
159770,15878,1.6558899879455566
159780,15879,1.7126433849334717
159790,15880,2.3953237533569336
159800,15881,1.5527011156082153
159810,15882,1.1894325017929077
159820,15883,1.4099633693695068
159830,15884,1.5199626684188843
159840,15885,1.7364864349365234
159850,15886,3.5193610191345215
159860,15887,0.9249864220619202
159870,15888,2.6000306606292725
159880,15889,2.1880722045898438
159890,15890,1.8103163242340088
159900,15891,1.4998220205307007
159910,15892,5.226206302642822
159920,15893,1.7261874675750732
159930,15894,1.8672657012939453
159940,15895,2.99176025390625
159950,15896,0.43436098098754883
159960,15897,1.9864228963851929
159970,15898,2.6566214561462402
159980,15899,0.901475727558136
159990,15900,1.0882381200790405
160000,15901,6.56787633895874
160010,15902,1.5169068574905396
160020,15903,2.130627155303955
160030,15904,1.6276476383209229
160040,15905,1.2521796226501465
160050,15906,0.7489519119262695
160060,15907,2.007505416870117
160070,15908,3.2122769355773926
160080,15909,1.5206726789474487
160090,15910,2.480781316757202
160100,15911,1.1679656505584717
160110,15912,0.9954796433448792
160120,15913,1.2027078866958618
160130,15914,1.5639625787734985
160140,15915,1.7835204601287842
160150,15916,1.4309203624725342
160160,15917,1.6780033111572266
160170,15918,1.7090548276901245
160180,15919,2.390624523162842
160190,15920,2.2765908241271973
160200,15921,2.602797746658325
160210,15922,1.508238434791565
160220,15923,1.2822123765945435
160230,15924,1.1237657070159912
160240,15925,1.8009967803955078
160250,15926,2.1995346546173096
160260,15927,4.154913425445557
160270,15928,0.6467636227607727
160280,15929,1.9840794801712036
160290,15930,1.0417075157165527
160300,15931,1.8220000267028809
160310,15932,3.4023797512054443
160320,15933,2.402710437774658
160330,15934,1.960208535194397
160340,15935,2.800894260406494
160350,15936,0.7241247892379761
160360,15937,0.7877880334854126
160370,15938,4.242140293121338
160380,15939,1.4649977684020996
160390,15940,1.1118556261062622
160400,15941,2.2319416999816895
160410,15942,4.397336483001709
160420,15943,1.5186713933944702
160430,15944,1.0391709804534912
160440,15945,1.90999174118042
160450,15946,1.4986400604248047
160460,15947,2.470527410507202
160470,15948,1.5852220058441162
160480,15949,3.376201868057251
160490,15950,1.309451937675476
160500,15951,3.1474084854125977
160510,15952,1.6072207689285278
160520,15953,3.8436696529388428
160530,15954,1.6442420482635498
160540,15955,1.719273567199707
160550,15956,1.7155001163482666
160560,15957,1.494987964630127
160570,15958,1.061216950416565
160580,15959,2.0617992877960205
160590,15960,1.0840909481048584
160600,15961,1.2613468170166016
160610,15962,6.7680511474609375
160620,15963,3.0546512603759766
160630,15964,1.4264363050460815
160640,15965,1.2091598510742188
160650,15966,6.405175685882568
160660,15967,3.312493085861206
160670,15968,3.2498815059661865
160680,15969,1.7379543781280518
160690,15970,3.630838632583618
160700,15971,1.0556983947753906
160710,15972,1.4787445068359375
160720,15973,2.4378647804260254
160730,15974,3.1441140174865723
160740,15975,1.2355480194091797
160750,15976,1.296158790588379
160760,15977,2.2345921993255615
160770,15978,1.1294664144515991
160780,15979,1.8483341932296753
160790,15980,2.0201895236968994
160800,15981,1.3581119775772095
160810,15982,2.531870126724243
160820,15983,1.1288862228393555
160830,15984,2.1484534740448
160840,15985,1.3787436485290527
160850,15986,1.1094756126403809
160860,15987,3.1996910572052
160870,15988,4.574625015258789
160880,15989,1.358260154724121
160890,15990,1.9042789936065674
160900,15991,2.739851713180542
160910,15992,3.1817073822021484
160920,15993,3.920231580734253
160930,15994,2.7120816707611084
160940,15995,5.199067115783691
160950,15996,0.6944982409477234
160960,15997,2.4260120391845703
160970,15998,1.4949047565460205
160980,15999,2.133894443511963
160990,16000,0.8205739259719849
161000,16001,3.23374080657959
161010,16002,3.571427345275879
161020,16003,2.9247453212738037
161030,16004,1.5141202211380005
161040,16005,1.9062539339065552
161050,16006,1.7335911989212036
161060,16007,3.4556171894073486
161070,16008,3.201537847518921
161080,16009,1.515507459640503
161090,16010,2.080472230911255
161100,16011,3.15779709815979
161110,16012,1.5032938718795776
161120,16013,2.0180511474609375
161130,16014,0.6898406147956848
161140,16015,1.770781397819519
161150,16016,1.9120979309082031
161160,16017,1.341414213180542
161170,16018,4.936500549316406
161180,16019,1.3345720767974854
161190,16020,2.153022527694702
161200,16021,1.5587786436080933
161210,16022,1.849292516708374
161220,16023,2.0155699253082275
161230,16024,4.405265808105469
161240,16025,0.7149255871772766
161250,16026,0.9327710270881653
161260,16027,1.9228626489639282
161270,16028,1.8754091262817383
161280,16029,1.882582426071167
161290,16030,1.8922348022460938
161300,16031,2.013171672821045
161310,16032,4.291250228881836
161320,16033,1.3943451642990112
161330,16034,3.9654288291931152
161340,16035,1.3311278820037842
161350,16036,1.8404436111450195
161360,16037,0.8075069785118103
161370,16038,2.037079095840454
161380,16039,1.3954390287399292
161390,16040,1.25310218334198
161400,16041,1.4141945838928223
161410,16042,1.225944995880127
161420,16043,1.348060131072998
161430,16044,2.5918474197387695
161440,16045,1.5124422311782837
161450,16046,2.33992075920105
161460,16047,1.2215895652770996
161470,16048,1.088465690612793
161480,16049,4.603432655334473
161490,16050,6.195659637451172
161500,16051,0.9396659731864929
161510,16052,2.8383748531341553
161520,16053,2.105212688446045
161530,16054,4.131332874298096
161540,16055,2.8327176570892334
161550,16056,3.265516757965088
161560,16057,2.0176401138305664
161570,16058,1.55515456199646
161580,16059,4.495462417602539
161590,16060,3.05826997756958
161600,16061,0.9649592041969299
161610,16062,1.0107682943344116
161620,16063,6.639030456542969
161630,16064,2.9926252365112305
161640,16065,3.053785800933838
161650,16066,1.0753428936004639
161660,16067,2.3404390811920166
161670,16068,2.6209845542907715
161680,16069,6.798946857452393
161690,16070,5.33604097366333
161700,16071,1.0452873706817627
161710,16072,4.962915420532227
161720,16073,1.1020898818969727
161730,16074,1.9359362125396729
161740,16075,3.3001229763031006
161750,16076,1.833176851272583
161760,16077,3.347156286239624
161770,16078,2.1865742206573486
161780,16079,1.5088536739349365
161790,16080,1.5945461988449097
161800,16081,0.9502265453338623
161810,16082,3.904029607772827
161820,16083,4.261392593383789
161830,16084,1.6072713136672974
161840,16085,2.0266754627227783
161850,16086,1.5232954025268555
161860,16087,1.7503031492233276
161870,16088,1.3126341104507446
161880,16089,2.3142969608306885
161890,16090,1.7965087890625
161900,16091,1.0688987970352173
161910,16092,2.125417947769165
161920,16093,3.869370460510254
161930,16094,2.0172958374023438
161940,16095,2.6172964572906494
161950,16096,6.790389060974121
161960,16097,2.308962345123291
161970,16098,1.3784403800964355
161980,16099,2.603949546813965
161990,16100,1.2974627017974854
162000,16101,1.5457521677017212
162010,16102,2.885145664215088
162020,16103,2.3289735317230225
162030,16104,3.05161714553833
162040,16105,1.564292311668396
162050,16106,2.3487000465393066
162060,16107,2.238781452178955
162070,16108,1.3616394996643066
162080,16109,2.01096248626709
162090,16110,4.192020893096924
162100,16111,1.5816024541854858
162110,16112,3.203122138977051
162120,16113,1.5390416383743286
162130,16114,2.788706064224243
162140,16115,3.109590768814087
162150,16116,2.25583815574646
162160,16117,1.6246994733810425
162170,16118,1.710561990737915
162180,16119,5.646592140197754
162190,16120,1.6110117435455322
162200,16121,1.15949285030365
162210,16122,2.0547616481781006
162220,16123,1.725058674812317
162230,16124,1.3167340755462646
162240,16125,3.0982770919799805
162250,16126,1.762380838394165
162260,16127,2.25569224357605
162270,16128,3.712585926055908
162280,16129,0.9489200115203857
162290,16130,4.0026655197143555
162300,16131,0.9616439938545227
162310,16132,1.2338078022003174
162320,16133,1.5898410081863403
162330,16134,1.4114928245544434
162340,16135,3.5104310512542725
162350,16136,2.7953951358795166
162360,16137,1.9565383195877075
162370,16138,3.916839838027954
162380,16139,4.320350170135498
162390,16140,1.38857102394104
162400,16141,2.7001616954803467
162410,16142,1.9581377506256104
162420,16143,1.401017189025879
162430,16144,0.8714832663536072
162440,16145,1.8747633695602417
162450,16146,2.695620536804199
162460,16147,1.1526128053665161
162470,16148,7.56122350692749
162480,16149,4.6065568923950195
162490,16150,5.095178127288818
162500,16151,2.222421646118164
162510,16152,1.688165307044983
162520,16153,1.2378958463668823
162530,16154,3.550443410873413
162540,16155,0.6785293817520142
162550,16156,3.3602890968322754
162560,16157,2.612125873565674
162570,16158,1.9441617727279663
162580,16159,3.3011415004730225
162590,16160,2.455705404281616
162600,16161,1.8516560792922974
162610,16162,0.9963809251785278
162620,16163,1.2439138889312744
162630,16164,1.3116446733474731
162640,16165,1.6736750602722168
162650,16166,3.9776322841644287
162660,16167,1.1110742092132568
162670,16168,1.133223056793213
162680,16169,0.8323758244514465
162690,16170,2.8948616981506348
162700,16171,1.343269944190979
162710,16172,2.446019172668457
162720,16173,2.0420429706573486
162730,16174,3.5294268131256104
162740,16175,0.7320574522018433
162750,16176,1.0013198852539062
162760,16177,1.0145055055618286
162770,16178,2.8157849311828613
162780,16179,2.1312506198883057
162790,16180,4.241175174713135
162800,16181,2.2668845653533936
162810,16182,1.3531485795974731
162820,16183,2.0816550254821777
162830,16184,4.829500198364258
162840,16185,2.0692360401153564
162850,16186,3.656331777572632
162860,16187,2.044835090637207
162870,16188,1.658933401107788
162880,16189,1.8910794258117676
162890,16190,3.2660534381866455
162900,16191,1.033644676208496
162910,16192,1.529233455657959
162920,16193,2.655470371246338
162930,16194,2.310157299041748
162940,16195,1.6363829374313354
162950,16196,1.63677179813385
162960,16197,0.934669017791748
162970,16198,2.9060933589935303
162980,16199,1.9092496633529663
162990,16200,2.9609081745147705
163000,16201,2.985740900039673
163010,16202,3.0929040908813477
163020,16203,1.5381392240524292
163030,16204,2.1738998889923096
163040,16205,1.4199333190917969
163050,16206,2.127385139465332
163060,16207,1.014186978340149
163070,16208,3.036560297012329
163080,16209,0.9757099151611328
163090,16210,2.130279064178467
163100,16211,1.644296646118164
163110,16212,1.6335945129394531
163120,16213,1.3535829782485962
163130,16214,1.2708793878555298
163140,16215,3.652214527130127
163150,16216,3.1093757152557373
163160,16217,1.7386704683303833
163170,16218,1.5698351860046387
163180,16219,2.5103657245635986
163190,16220,1.754591703414917
163200,16221,1.5600370168685913
163210,16222,1.3614447116851807
163220,16223,3.1294496059417725
163230,16224,4.115126609802246
163240,16225,1.423314094543457
163250,16226,1.1195787191390991
163260,16227,1.9404656887054443
163270,16228,1.312900185585022
163280,16229,7.469358444213867
163290,16230,2.0139262676239014
163300,16231,1.5411103963851929
163310,16232,1.6075247526168823
163320,16233,1.87493097782135
163330,16234,7.054481029510498
163340,16235,1.3440653085708618
163350,16236,1.9004051685333252
163360,16237,1.5395386219024658
163370,16238,1.9830988645553589
163380,16239,2.4323558807373047
163390,16240,1.4695484638214111
163400,16241,6.37362813949585
163410,16242,3.5508172512054443
163420,16243,1.479562520980835
163430,16244,2.0980758666992188
163440,16245,1.9369295835494995
163450,16246,1.8702664375305176
163460,16247,1.2498681545257568
163470,16248,2.489920139312744
163480,16249,1.441709280014038
163490,16250,1.3135615587234497
163500,16251,1.3685574531555176
163510,16252,2.930002450942993
163520,16253,1.244378924369812
163530,16254,2.3295819759368896
163540,16255,6.309715747833252
163550,16256,1.55028235912323
163560,16257,1.3306688070297241
163570,16258,1.0062588453292847
163580,16259,4.005117893218994
163590,16260,0.8249304294586182
163600,16261,3.326443672180176
163610,16262,3.0782744884490967
163620,16263,4.13787841796875
163630,16264,3.138108968734741
163640,16265,2.2059497833251953
163650,16266,2.888192653656006
163660,16267,3.589114189147949
163670,16268,1.5160343647003174
163680,16269,2.3183441162109375
163690,16270,1.9012110233306885
163700,16271,1.1868267059326172
163710,16272,1.5580132007598877
163720,16273,1.0601351261138916
163730,16274,5.41588020324707
163740,16275,1.4374231100082397
163750,16276,2.4586498737335205
163760,16277,1.7549554109573364
163770,16278,1.3984386920928955
163780,16279,3.041619062423706
163790,16280,4.384063243865967
163800,16281,0.6848106384277344
163810,16282,1.4660096168518066
163820,16283,2.7091727256774902
163830,16284,2.107236385345459
163840,16285,1.0915751457214355
163850,16286,2.6333088874816895
163860,16287,2.8033154010772705
163870,16288,2.5096375942230225
163880,16289,2.4809086322784424
163890,16290,2.2724151611328125
163900,16291,1.2063316106796265
163910,16292,0.9637593030929565
163920,16293,1.8948453664779663
163930,16294,1.8696964979171753
163940,16295,0.6887577176094055
163950,16296,2.756956100463867
163960,16297,1.191656231880188
163970,16298,1.533161997795105
163980,16299,1.556863784790039
163990,16300,2.971301317214966
164000,16301,2.3001246452331543
164010,16302,1.20639967918396
164020,16303,1.1649681329727173
164030,16304,1.3833497762680054
164040,16305,1.8064045906066895
164050,16306,1.3580060005187988
164060,16307,1.077432632446289
164070,16308,0.9299575686454773
164080,16309,1.8759607076644897
164090,16310,1.4402905702590942
164100,16311,2.15811824798584
164110,16312,0.6917299032211304
164120,16313,1.690501093864441
164130,16314,2.0515425205230713
164140,16315,2.616338014602661
164150,16316,1.1827632188796997
164160,16317,1.3444545269012451
164170,16318,1.0834980010986328
164180,16319,1.2950475215911865
164190,16320,3.2034964561462402
164200,16321,1.1938366889953613
164210,16322,3.5217807292938232
164220,16323,1.4946191310882568
164230,16324,1.5697530508041382
164240,16325,1.063968539237976
164250,16326,0.9504805207252502
164260,16327,2.0689847469329834
164270,16328,1.658673882484436
164280,16329,1.2226519584655762
164290,16330,5.133812427520752
164300,16331,1.2604942321777344
164310,16332,3.769331216812134
164320,16333,1.1366500854492188
164330,16334,0.7050736546516418
164340,16335,2.9154856204986572
164350,16336,1.867034673690796
164360,16337,1.2072737216949463
164370,16338,3.5332813262939453
164380,16339,1.6762388944625854
164390,16340,2.4507486820220947
164400,16341,2.2086122035980225
164410,16342,1.6396336555480957
164420,16343,1.2178621292114258
164430,16344,1.6125870943069458
164440,16345,2.7143945693969727
164450,16346,4.087280750274658
164460,16347,2.0740411281585693
164470,16348,1.3884286880493164
164480,16349,4.304560661315918
164490,16350,0.7631995677947998
164500,16351,0.9832435250282288
164510,16352,2.2649660110473633
164520,16353,1.936502456665039
164530,16354,1.2752801179885864
164540,16355,2.33158278465271
164550,16356,3.2483975887298584
164560,16357,1.3557119369506836
164570,16358,6.296451568603516
164580,16359,2.0380239486694336
164590,16360,1.6122705936431885
164600,16361,2.8758506774902344
164610,16362,2.959582805633545
164620,16363,3.394989490509033
164630,16364,3.855006217956543
164640,16365,4.177145481109619
164650,16366,2.549201726913452
164660,16367,1.7054870128631592
164670,16368,1.1840523481369019
164680,16369,1.3893126249313354
164690,16370,3.3688697814941406
164700,16371,1.0335017442703247
164710,16372,1.8238956928253174
164720,16373,1.7629755735397339
164730,16374,1.6071584224700928
164740,16375,4.276394844055176
164750,16376,1.2992655038833618
164760,16377,2.0615434646606445
164770,16378,0.6630502343177795
164780,16379,1.8133316040039062
164790,16380,0.6965311765670776
164800,16381,1.7408026456832886
164810,16382,1.104293942451477
164820,16383,1.5800079107284546
164830,16384,1.869055986404419
164840,16385,1.1116230487823486
164850,16386,2.1522891521453857
164860,16387,1.9515620470046997
164870,16388,3.7338685989379883
164880,16389,0.788448691368103
164890,16390,1.1069034337997437
164900,16391,1.2464708089828491
164910,16392,1.8610601425170898
164920,16393,1.6617600917816162
164930,16394,1.4493073225021362
164940,16395,1.271702766418457
164950,16396,1.6402324438095093
164960,16397,2.087102174758911
164970,16398,7.221227169036865
164980,16399,1.2962982654571533
164990,16400,1.0649747848510742
165000,16401,1.2587485313415527
165010,16402,1.896808385848999
165020,16403,6.892194747924805
165030,16404,2.3071506023406982
165040,16405,1.2634599208831787
165050,16406,1.1555334329605103
165060,16407,2.445388078689575
165070,16408,1.0094008445739746
165080,16409,1.204816460609436
165090,16410,3.3115906715393066
165100,16411,1.3670042753219604
165110,16412,1.0030583143234253
165120,16413,0.8354810476303101
165130,16414,0.8044406175613403
165140,16415,1.36702561378479
165150,16416,3.9650285243988037
165160,16417,3.7518184185028076
165170,16418,2.3108866214752197
165180,16419,1.6414687633514404
165190,16420,2.2728488445281982
165200,16421,1.4346057176589966
165210,16422,1.682805061340332
165220,16423,1.500749945640564
165230,16424,1.1339073181152344
165240,16425,0.917851448059082
165250,16426,2.7119853496551514
165260,16427,2.830402135848999
165270,16428,2.3575193881988525
165280,16429,2.2953875064849854
165290,16430,2.6782569885253906
165300,16431,1.5930862426757812
165310,16432,1.3622422218322754
165320,16433,0.6659117937088013
165330,16434,1.5320897102355957
165340,16435,1.5811985731124878
165350,16436,1.528140902519226
165360,16437,3.1585335731506348
165370,16438,1.6631842851638794
165380,16439,1.7092705965042114
165390,16440,1.4247275590896606
165400,16441,1.261134147644043
165410,16442,2.4461560249328613
165420,16443,3.5143799781799316
165430,16444,0.9790777564048767
165440,16445,1.6145223379135132
165450,16446,2.2514591217041016
165460,16447,4.291701316833496
165470,16448,1.708272933959961
165480,16449,3.9595558643341064
165490,16450,2.369049072265625
165500,16451,1.6547186374664307
165510,16452,0.9452111721038818
165520,16453,0.8047561645507812
165530,16454,3.4945762157440186
165540,16455,2.419729471206665
165550,16456,2.2881462574005127
165560,16457,1.4372398853302002
165570,16458,2.42453670501709
165580,16459,1.3992491960525513
165590,16460,2.43900990486145
165600,16461,0.919540524482727
165610,16462,1.283490538597107
165620,16463,4.729547023773193
165630,16464,3.578568458557129
165640,16465,1.0130589008331299
165650,16466,2.9931862354278564
165660,16467,1.2530627250671387
165670,16468,0.7235904932022095
165680,16469,1.8957271575927734
165690,16470,2.380025863647461
165700,16471,2.678349494934082
165710,16472,0.9897820949554443
165720,16473,1.8540619611740112
165730,16474,1.4181220531463623
165740,16475,1.6316730976104736
165750,16476,3.016547441482544
165760,16477,3.032715320587158
165770,16478,1.2926844358444214
165780,16479,2.4979231357574463
165790,16480,1.187459111213684
165800,16481,0.8300449848175049
165810,16482,1.7115039825439453
165820,16483,1.0341976881027222
165830,16484,2.276850700378418
165840,16485,3.642998695373535
165850,16486,1.7895532846450806
165860,16487,1.330439805984497
165870,16488,1.1108202934265137
165880,16489,2.3391265869140625
165890,16490,1.9111230373382568
165900,16491,1.5375404357910156
165910,16492,2.049227476119995
165920,16493,0.8807896375656128
165930,16494,1.118678092956543
165940,16495,3.9078378677368164
165950,16496,1.82246732711792
165960,16497,1.5067243576049805
165970,16498,0.8723553419113159
165980,16499,1.406801700592041
165990,16500,3.0271663665771484
166000,16501,1.084250807762146
166010,16502,1.4011067152023315
166020,16503,1.0316424369812012
166030,16504,1.759636640548706
166040,16505,2.686832904815674
166050,16506,2.1748223304748535
166060,16507,1.2969669103622437
166070,16508,1.3000073432922363
166080,16509,1.6846543550491333
166090,16510,0.8078363537788391
166100,16511,2.221442222595215
166110,16512,1.4683165550231934
166120,16513,1.6170480251312256
166130,16514,0.9639453291893005
166140,16515,3.3937971591949463
166150,16516,1.4814999103546143
166160,16517,4.099874973297119
166170,16518,3.352384328842163
166180,16519,1.8719666004180908
166190,16520,2.4857425689697266
166200,16521,1.1693873405456543
166210,16522,2.0789456367492676
166220,16523,4.439728260040283
166230,16524,1.5045329332351685
166240,16525,2.3015997409820557
166250,16526,4.154829978942871
166260,16527,1.239363670349121
166270,16528,3.6414988040924072
166280,16529,1.811560869216919
166290,16530,1.5022852420806885
166300,16531,0.9983892440795898
166310,16532,1.2319998741149902
166320,16533,2.4814090728759766
166330,16534,6.998694896697998
166340,16535,2.0133583545684814
166350,16536,1.5350710153579712
166360,16537,2.189607620239258
166370,16538,3.843008279800415
166380,16539,0.8865082859992981
166390,16540,3.2610368728637695
166400,16541,2.451547622680664
166410,16542,3.1357388496398926
166420,16543,1.5768181085586548
166430,16544,1.5860958099365234
166440,16545,1.1290364265441895
166450,16546,1.151119589805603
166460,16547,0.6297338008880615
166470,16548,0.7135136127471924
166480,16549,1.002142071723938
166490,16550,0.9964372515678406
166500,16551,1.0880399942398071
166510,16552,1.3792061805725098
166520,16553,2.7878732681274414
166530,16554,3.2915568351745605
166540,16555,1.342490553855896
166550,16556,1.255732536315918
166560,16557,1.532679557800293
166570,16558,1.8129338026046753
166580,16559,1.7427386045455933
166590,16560,1.5663187503814697
166600,16561,1.8385084867477417
166610,16562,1.3431191444396973
166620,16563,0.9706370830535889
166630,16564,3.671637535095215
166640,16565,0.9348582029342651
166650,16566,2.176464557647705
166660,16567,1.3829607963562012
166670,16568,2.9721455574035645
166680,16569,1.098870038986206
166690,16570,1.6407530307769775
166700,16571,6.4122209548950195
166710,16572,1.34257173538208
166720,16573,1.1244570016860962
166730,16574,4.148372650146484
166740,16575,2.0252060890197754
166750,16576,2.3081905841827393
166760,16577,1.8943967819213867
166770,16578,1.5757243633270264
166780,16579,2.5158276557922363
166790,16580,0.8614647388458252
166800,16581,2.8428900241851807
166810,16582,1.8126577138900757
166820,16583,1.5460598468780518
166830,16584,2.565429449081421
166840,16585,1.602537751197815
166850,16586,2.132668972015381
166860,16587,1.82211172580719
166870,16588,3.4261281490325928
166880,16589,2.3567864894866943
166890,16590,1.493575096130371
166900,16591,3.752903699874878
166910,16592,1.6204519271850586
166920,16593,1.1294128894805908
166930,16594,1.5074825286865234
166940,16595,6.133937835693359
166950,16596,1.6879775524139404
166960,16597,1.3704783916473389
166970,16598,3.883974313735962
166980,16599,5.826401233673096
166990,16600,1.0460892915725708
167000,16601,1.5236984491348267
167010,16602,1.685925841331482
167020,16603,2.2940731048583984
167030,16604,1.2730768918991089
167040,16605,1.8600233793258667
167050,16606,1.9106377363204956
167060,16607,1.122373104095459
167070,16608,0.843431293964386
167080,16609,1.834535002708435
167090,16610,0.9036544561386108
167100,16611,1.9565925598144531
167110,16612,1.0436822175979614
167120,16613,1.9678013324737549
167130,16614,1.5570839643478394
167140,16615,1.6880464553833008
167150,16616,3.910015106201172
167160,16617,2.6188883781433105
167170,16618,1.394631028175354
167180,16619,3.5517361164093018
167190,16620,1.6393617391586304
167200,16621,2.1813459396362305
167210,16622,1.634291172027588
167220,16623,2.467191219329834
167230,16624,1.707306146621704
167240,16625,2.9117469787597656
167250,16626,1.6756372451782227
167260,16627,2.56998872756958
167270,16628,1.8694581985473633
167280,16629,2.635801076889038
167290,16630,1.7477638721466064
167300,16631,1.5001531839370728
167310,16632,1.0563496351242065
167320,16633,2.2547318935394287
167330,16634,1.4919265508651733
167340,16635,2.5638327598571777
167350,16636,3.238532066345215
167360,16637,1.9510191679000854
167370,16638,1.3305118083953857
167380,16639,1.3471646308898926
167390,16640,2.138206958770752
167400,16641,1.3823645114898682
167410,16642,1.22563636302948
167420,16643,2.0970613956451416
167430,16644,2.4189648628234863
167440,16645,0.7773172855377197
167450,16646,1.5976061820983887
167460,16647,1.9362866878509521
167470,16648,6.881984233856201
167480,16649,1.7264424562454224
167490,16650,1.6973344087600708
167500,16651,1.7226775884628296
167510,16652,1.2497773170471191
167520,16653,1.562363624572754
167530,16654,1.304410696029663
167540,16655,1.618746280670166
167550,16656,0.6868270039558411
167560,16657,0.6933289170265198
167570,16658,2.703787088394165
167580,16659,1.498136043548584
167590,16660,2.3737356662750244
167600,16661,0.9962271451950073
167610,16662,1.559489369392395
167620,16663,2.682436227798462
167630,16664,1.2359168529510498
167640,16665,1.6970971822738647
167650,16666,1.324122428894043
167660,16667,2.0864462852478027
167670,16668,1.137213945388794
167680,16669,1.405447244644165
167690,16670,2.2019920349121094
167700,16671,1.1770367622375488
167710,16672,3.043692111968994
167720,16673,1.8618323802947998
167730,16674,1.2164013385772705
167740,16675,1.69147527217865
167750,16676,2.230996608734131
167760,16677,0.9954431056976318
167770,16678,1.2536547183990479
167780,16679,1.5819135904312134
167790,16680,0.9992401003837585
167800,16681,1.2888630628585815
167810,16682,2.994431495666504
167820,16683,0.7824599146842957
167830,16684,1.2773150205612183
167840,16685,1.1976895332336426
167850,16686,3.7322874069213867
167860,16687,2.4104576110839844
167870,16688,1.043053150177002
167880,16689,1.5768730640411377
167890,16690,1.5199131965637207
167900,16691,0.8867194056510925
167910,16692,1.7804830074310303
167920,16693,2.657674551010132
167930,16694,1.6118521690368652
167940,16695,1.6285749673843384
167950,16696,0.9127034544944763
167960,16697,1.0115689039230347
167970,16698,0.9771702885627747
167980,16699,0.7891358137130737
167990,16700,2.001713514328003
168000,16701,1.6817643642425537
168010,16702,1.6291061639785767
168020,16703,2.8570120334625244
168030,16704,1.457798719406128
168040,16705,1.5733298063278198
168050,16706,2.4695560932159424
168060,16707,2.3443572521209717
168070,16708,2.2828571796417236
168080,16709,1.9870191812515259
168090,16710,0.7267714738845825
168100,16711,4.661711692810059
168110,16712,1.4824351072311401
168120,16713,1.3638633489608765
168130,16714,4.063009738922119
168140,16715,1.7884892225265503
168150,16716,3.5937795639038086
168160,16717,1.0800927877426147
168170,16718,1.8456895351409912
168180,16719,2.1113994121551514
168190,16720,0.9367644786834717
168200,16721,0.9348681569099426
168210,16722,2.294055700302124
168220,16723,1.1156704425811768
168230,16724,4.90918493270874
168240,16725,0.7415449023246765
168250,16726,1.845684289932251
168260,16727,3.4491705894470215
168270,16728,2.1972289085388184
168280,16729,1.1763203144073486
168290,16730,4.536089897155762
168300,16731,1.320004940032959
168310,16732,1.4604324102401733
168320,16733,0.7489925622940063
168330,16734,2.219515085220337
168340,16735,1.720892310142517
168350,16736,1.75627863407135
168360,16737,2.1512231826782227
168370,16738,1.3939902782440186
168380,16739,1.927385926246643
168390,16740,3.086078643798828
168400,16741,2.3599722385406494
168410,16742,5.315715312957764
168420,16743,1.9950674772262573
168430,16744,2.3009653091430664
168440,16745,1.2705856561660767
168450,16746,2.887866497039795
168460,16747,2.0212481021881104
168470,16748,0.927605152130127
168480,16749,4.377705097198486
168490,16750,1.7394534349441528
168500,16751,1.0785629749298096
168510,16752,1.7377574443817139
168520,16753,2.312317132949829
168530,16754,1.6159778833389282
168540,16755,5.219460487365723
168550,16756,1.8016185760498047
168560,16757,0.8391960859298706
168570,16758,2.0083060264587402
168580,16759,4.622840881347656
168590,16760,1.7623090744018555
168600,16761,2.025975227355957
168610,16762,1.2379416227340698
168620,16763,2.414398431777954
168630,16764,5.322951793670654
168640,16765,0.75141841173172
168650,16766,1.0685839653015137
168660,16767,0.8541498184204102
168670,16768,2.1404566764831543
168680,16769,1.46050226688385
168690,16770,2.621948719024658
168700,16771,1.5697097778320312
168710,16772,2.096376419067383
168720,16773,1.8971203565597534
168730,16774,1.3901187181472778
168740,16775,1.7054336071014404
168750,16776,1.095096468925476
168760,16777,1.9716891050338745
168770,16778,3.2427172660827637
168780,16779,1.4926538467407227
168790,16780,1.5249072313308716
168800,16781,2.9829962253570557
168810,16782,1.429915428161621
168820,16783,1.417538046836853
168830,16784,2.4245307445526123
168840,16785,0.9212762117385864
168850,16786,3.445357322692871
168860,16787,1.7950669527053833
168870,16788,4.267236709594727
168880,16789,2.74540376663208
168890,16790,2.2567343711853027
168900,16791,2.014796495437622
168910,16792,1.572487473487854
168920,16793,1.3360117673873901
168930,16794,2.7652175426483154
168940,16795,2.0161051750183105
168950,16796,1.4175828695297241
168960,16797,1.2605125904083252
168970,16798,2.3129961490631104
168980,16799,0.963006317615509
168990,16800,1.4795055389404297
169000,16801,2.2071995735168457
169010,16802,4.003159999847412
169020,16803,1.21155846118927
169030,16804,1.184937596321106
169040,16805,2.0895156860351562
169050,16806,2.0487523078918457
169060,16807,1.9916369915008545
169070,16808,3.7345798015594482
169080,16809,1.2490214109420776
169090,16810,2.798931121826172
169100,16811,1.2711213827133179
169110,16812,2.436328411102295
169120,16813,2.354647159576416
169130,16814,0.8302904963493347
169140,16815,0.9690999984741211
169150,16816,1.1150437593460083
169160,16817,1.8015726804733276
169170,16818,3.1945109367370605
169180,16819,3.9806621074676514
169190,16820,1.0154668092727661
169200,16821,1.7163609266281128
169210,16822,1.7477059364318848
169220,16823,2.2974414825439453
169230,16824,1.1121792793273926
169240,16825,2.0733749866485596
169250,16826,1.3870142698287964
169260,16827,1.029075026512146
169270,16828,1.017065167427063
169280,16829,1.429442048072815
169290,16830,1.0711793899536133
169300,16831,3.2474868297576904
169310,16832,1.286816954612732
169320,16833,2.4322779178619385
169330,16834,1.7569160461425781
169340,16835,1.9062355756759644
169350,16836,2.8834922313690186
169360,16837,1.6629410982131958
169370,16838,1.3699486255645752
169380,16839,1.042004108428955
169390,16840,2.3608603477478027
169400,16841,1.2415436506271362
169410,16842,3.9541990756988525
169420,16843,2.0546889305114746
169430,16844,0.7493841052055359
169440,16845,2.542424201965332
169450,16846,2.6201932430267334
169460,16847,1.646832823753357
169470,16848,1.918709635734558
169480,16849,1.1429026126861572
169490,16850,1.8184515237808228
169500,16851,2.654895305633545
169510,16852,0.8504002690315247
169520,16853,1.5728884935379028
169530,16854,3.7261099815368652
169540,16855,1.907029628753662
169550,16856,0.9295655488967896
169560,16857,1.2558321952819824
169570,16858,0.9580141305923462
169580,16859,2.1185569763183594
169590,16860,2.3169422149658203
169600,16861,2.303368330001831
169610,16862,5.296538352966309
169620,16863,2.0854358673095703
169630,16864,1.6618809700012207
169640,16865,3.8801000118255615
169650,16866,2.2251482009887695
169660,16867,1.604406476020813
169670,16868,2.4772138595581055
169680,16869,2.0996804237365723
169690,16870,1.5231517553329468
169700,16871,3.0579793453216553
169710,16872,2.6568567752838135
169720,16873,6.582545280456543
169730,16874,3.3028454780578613
169740,16875,2.1977009773254395
169750,16876,1.5049420595169067
169760,16877,2.058316469192505
169770,16878,2.8563694953918457
169780,16879,1.3581229448318481
169790,16880,3.302314519882202
169800,16881,1.9045603275299072
169810,16882,1.3855695724487305
169820,16883,1.3426028490066528
169830,16884,1.425508975982666
169840,16885,1.835058331489563
169850,16886,2.0893466472625732
169860,16887,1.675095796585083
169870,16888,2.4912571907043457
169880,16889,2.730774402618408
169890,16890,1.0173280239105225
169900,16891,1.641484260559082
169910,16892,1.6219366788864136
169920,16893,2.1221470832824707
169930,16894,4.9883599281311035
169940,16895,1.677349328994751
169950,16896,1.1842693090438843
169960,16897,1.4301751852035522
169970,16898,6.997444152832031
169980,16899,1.5554696321487427
169990,16900,1.274564266204834
170000,16901,2.943821668624878
170010,16902,2.2556989192962646
170020,16903,2.1999623775482178
170030,16904,1.2163981199264526
170040,16905,2.6010818481445312
170050,16906,2.618330478668213
170060,16907,2.0556185245513916
170070,16908,2.152613639831543
170080,16909,2.862931728363037
170090,16910,3.059368133544922
170100,16911,1.8040823936462402
170110,16912,1.9596741199493408
170120,16913,3.0286693572998047
170130,16914,1.5630991458892822
170140,16915,1.540048360824585
170150,16916,2.5005147457122803
170160,16917,1.9914568662643433
170170,16918,1.0942925214767456
170180,16919,1.7103379964828491
170190,16920,5.287622928619385
170200,16921,3.468759775161743
170210,16922,0.9925926327705383
170220,16923,2.5303449630737305
170230,16924,2.9700353145599365
170240,16925,1.2229092121124268
170250,16926,1.0580183267593384
170260,16927,1.6816188097000122
170270,16928,1.0672767162322998
170280,16929,1.1888850927352905
170290,16930,1.7152122259140015
170300,16931,1.080990195274353
170310,16932,2.1090142726898193
170320,16933,3.2402188777923584
170330,16934,1.2408329248428345
170340,16935,4.792505264282227
170350,16936,1.5384204387664795
170360,16937,4.317765235900879
170370,16938,1.219038486480713
170380,16939,2.054965019226074
170390,16940,1.7958546876907349
170400,16941,1.6077404022216797
170410,16942,2.1607930660247803
170420,16943,1.8488857746124268
170430,16944,1.0982314348220825
170440,16945,5.552933692932129
170450,16946,1.8691638708114624
170460,16947,2.3464620113372803
170470,16948,1.0889872312545776
170480,16949,4.116548538208008
170490,16950,1.2974040508270264
170500,16951,0.7648977637290955
170510,16952,2.394454002380371
170520,16953,1.885621190071106
170530,16954,1.4413548707962036
170540,16955,1.666774868965149
170550,16956,1.2846777439117432
170560,16957,2.08709716796875
170570,16958,0.946532666683197
170580,16959,1.8170068264007568
170590,16960,1.8046430349349976
170600,16961,3.9638774394989014
170610,16962,0.9240179061889648
170620,16963,6.299172401428223
170630,16964,1.932874083518982
170640,16965,0.7912324666976929
170650,16966,2.216914176940918
170660,16967,1.1817880868911743
170670,16968,0.919064998626709
170680,16969,3.270852565765381
170690,16970,1.1389796733856201
170700,16971,1.554518461227417
170710,16972,1.1917113065719604
170720,16973,1.280487060546875
170730,16974,1.9434031248092651
170740,16975,2.3106067180633545
170750,16976,1.2085249423980713
170760,16977,1.5523626804351807
170770,16978,0.9327167868614197
170780,16979,1.1888532638549805
170790,16980,1.7675524950027466
170800,16981,2.769317865371704
170810,16982,0.7538654804229736
170820,16983,1.3591699600219727
170830,16984,1.2903441190719604
170840,16985,1.2238997220993042
170850,16986,1.8444737195968628
170860,16987,1.0926518440246582
170870,16988,0.6882861852645874
170880,16989,1.37882661819458
170890,16990,1.10472571849823
170900,16991,1.478995442390442
170910,16992,1.0615918636322021
170920,16993,1.5189154148101807
170930,16994,2.111290216445923
170940,16995,2.5071353912353516
170950,16996,0.7621062397956848
170960,16997,1.8518177270889282
170970,16998,1.3960087299346924
170980,16999,1.271409511566162
170990,17000,1.4546539783477783
171000,17001,3.265031576156616
171010,17002,1.2525982856750488
171020,17003,1.5037400722503662
171030,17004,1.6896394491195679
171040,17005,3.8421988487243652
171050,17006,1.3795913457870483
171060,17007,2.3765714168548584
171070,17008,1.4810285568237305
171080,17009,1.0592234134674072
171090,17010,1.6894789934158325
171100,17011,1.727928876876831
171110,17012,1.7763779163360596
171120,17013,2.2112655639648438
171130,17014,1.7180159091949463
171140,17015,1.1249276399612427
171150,17016,0.9074113368988037
171160,17017,1.4990068674087524
171170,17018,1.4165902137756348
171180,17019,1.3418490886688232
171190,17020,1.1028236150741577
171200,17021,1.3977398872375488
171210,17022,3.987740993499756
171220,17023,1.176309585571289
171230,17024,2.0999069213867188
171240,17025,1.0615613460540771
171250,17026,1.1515233516693115
171260,17027,1.2863930463790894
171270,17028,1.1103745698928833
171280,17029,1.056436538696289
171290,17030,2.3943731784820557
171300,17031,1.3231028318405151
171310,17032,0.8368054032325745
171320,17033,4.706482887268066
171330,17034,0.6485530734062195
171340,17035,1.5129492282867432
171350,17036,3.648367166519165
171360,17037,1.3663644790649414
171370,17038,1.5616230964660645
171380,17039,3.5602364540100098
171390,17040,1.4479427337646484
171400,17041,1.3639755249023438
171410,17042,2.741520404815674
171420,17043,4.644182205200195
171430,17044,2.4178080558776855
171440,17045,0.7539941668510437
171450,17046,0.9865292906761169
171460,17047,1.5325223207473755
171470,17048,0.954993724822998
171480,17049,0.8329897522926331
171490,17050,0.9898134469985962
171500,17051,1.0120606422424316
171510,17052,1.3850117921829224
171520,17053,1.585954189300537
171530,17054,3.3921022415161133
171540,17055,1.4424917697906494
171550,17056,2.204662322998047
171560,17057,1.441745638847351
171570,17058,2.197525978088379
171580,17059,0.8791749477386475
171590,17060,1.533801794052124
171600,17061,0.6078132390975952
171610,17062,0.6268609166145325
171620,17063,1.830078125
171630,17064,1.9730587005615234
171640,17065,1.6864014863967896
171650,17066,4.756025791168213
171660,17067,1.6257375478744507
171670,17068,1.2566688060760498
171680,17069,1.4264518022537231
171690,17070,2.1486873626708984
171700,17071,2.3850514888763428
171710,17072,1.4533082246780396
171720,17073,2.2112298011779785
171730,17074,1.2707362174987793
171740,17075,1.5393427610397339
171750,17076,1.7536296844482422
171760,17077,1.6213027238845825
171770,17078,0.5527390837669373
171780,17079,3.1929116249084473
171790,17080,1.5131863355636597
171800,17081,1.8496932983398438
171810,17082,1.8643263578414917
171820,17083,0.6884160041809082
171830,17084,1.961059808731079
171840,17085,1.1126294136047363
171850,17086,1.1189806461334229
171860,17087,1.3749926090240479
171870,17088,3.671565294265747
171880,17089,1.3464088439941406
171890,17090,6.287530899047852
171900,17091,2.505617141723633
171910,17092,3.2805705070495605
171920,17093,1.6342833042144775
171930,17094,2.5732786655426025
171940,17095,1.6303951740264893
171950,17096,1.875237226486206
171960,17097,1.9739100933074951
171970,17098,2.447343111038208
171980,17099,1.5235503911972046
171990,17100,1.7593955993652344
172000,17101,1.6508244276046753
172010,17102,2.316149950027466
172020,17103,1.5873206853866577
172030,17104,2.0144853591918945
172040,17105,1.4953092336654663
172050,17106,2.681708574295044
172060,17107,1.639298677444458
172070,17108,4.969703674316406
172080,17109,1.4653375148773193
172090,17110,0.6823235154151917
172100,17111,2.3964617252349854
172110,17112,1.7217047214508057
172120,17113,1.1763594150543213
172130,17114,1.2132254838943481
172140,17115,2.0373802185058594
172150,17116,1.0859706401824951
172160,17117,2.933321714401245
172170,17118,1.2788591384887695
172180,17119,1.1666041612625122
172190,17120,1.5396957397460938
172200,17121,0.8820487260818481
172210,17122,2.259272813796997
172220,17123,2.3706142902374268
172230,17124,0.7359780073165894
172240,17125,0.8125925660133362
172250,17126,2.026129961013794
172260,17127,2.0960021018981934
172270,17128,3.6675195693969727
172280,17129,1.3912732601165771
172290,17130,0.5768334269523621
172300,17131,1.2418378591537476
172310,17132,2.541718006134033
172320,17133,3.7230236530303955
172330,17134,1.4566140174865723
172340,17135,1.652955412864685
172350,17136,3.109876871109009
172360,17137,1.9042421579360962
172370,17138,2.3129584789276123
172380,17139,1.5379234552383423
172390,17140,1.211868166923523
172400,17141,1.4688071012496948
172410,17142,1.2516824007034302
172420,17143,1.932120680809021
172430,17144,2.0396275520324707
172440,17145,2.3359947204589844
172450,17146,1.957646131515503
172460,17147,1.2210110425949097
172470,17148,0.47900688648223877
172480,17149,1.6290844678878784
172490,17150,1.2796298265457153
172500,17151,1.9534580707550049
172510,17152,3.0459954738616943
172520,17153,1.2680106163024902
172530,17154,1.4410014152526855
172540,17155,5.678564548492432
172550,17156,0.8199169635772705
172560,17157,1.981521725654602
172570,17158,1.2554601430892944
172580,17159,0.8524718284606934
172590,17160,1.1008893251419067
172600,17161,2.066866874694824
172610,17162,1.8270944356918335
172620,17163,1.861486792564392
172630,17164,2.5649733543395996
172640,17165,0.7451668977737427
172650,17166,0.9138623476028442
172660,17167,1.1899375915527344
172670,17168,1.6614229679107666
172680,17169,3.8943796157836914
172690,17170,1.6433815956115723
172700,17171,1.0095540285110474
172710,17172,0.6090124845504761
172720,17173,1.3596558570861816
172730,17174,0.7451550960540771
172740,17175,3.871816635131836
172750,17176,1.2746541500091553
172760,17177,1.5502926111221313
172770,17178,0.6954559087753296
172780,17179,1.6457321643829346
172790,17180,0.5976961851119995
172800,17181,2.419250965118408
172810,17182,1.3473856449127197
172820,17183,1.5916246175765991
172830,17184,2.2212021350860596
172840,17185,1.9612915515899658
172850,17186,0.99004065990448
172860,17187,1.5193263292312622
172870,17188,1.4220926761627197
172880,17189,1.7322770357131958
172890,17190,1.1796433925628662
172900,17191,2.4800703525543213
172910,17192,0.9456824660301208
172920,17193,1.490939736366272
172930,17194,1.4407318830490112
172940,17195,1.6354681253433228
172950,17196,1.1022813320159912
172960,17197,1.3737690448760986
172970,17198,1.1504483222961426
172980,17199,1.4056564569473267
172990,17200,1.6607959270477295
173000,17201,1.648508906364441
173010,17202,0.986840009689331
173020,17203,1.2801663875579834
173030,17204,1.4410996437072754
173040,17205,2.299326181411743
173050,17206,1.8742899894714355
173060,17207,2.8344810009002686
173070,17208,1.887614369392395
173080,17209,2.4563279151916504
173090,17210,2.136734962463379
173100,17211,1.5498127937316895
173110,17212,1.3813532590866089
173120,17213,2.2366671562194824
173130,17214,0.978308916091919
173140,17215,1.3726084232330322
173150,17216,1.949826717376709
173160,17217,1.8434141874313354
173170,17218,1.0392390489578247
173180,17219,1.9315853118896484
173190,17220,0.9128706455230713
173200,17221,1.1836693286895752
173210,17222,1.249801754951477
173220,17223,1.2990739345550537
173230,17224,1.8026999235153198
173240,17225,1.2876254320144653
173250,17226,1.414002537727356
173260,17227,1.0823923349380493
173270,17228,2.9043495655059814
173280,17229,1.1884536743164062
173290,17230,1.3370447158813477
173300,17231,0.8419778943061829
173310,17232,0.918743371963501
173320,17233,1.3483505249023438
173330,17234,0.44016504287719727
173340,17235,1.2729530334472656
173350,17236,6.303489685058594
173360,17237,1.8036205768585205
173370,17238,1.181592583656311
173380,17239,0.9352905750274658
173390,17240,3.737234354019165
173400,17241,1.555232048034668
173410,17242,2.9271624088287354
173420,17243,1.8435016870498657
173430,17244,2.673802375793457
173440,17245,1.7119438648223877
173450,17246,1.1796964406967163
173460,17247,1.5755919218063354
173470,17248,1.3530685901641846
173480,17249,2.3079473972320557
173490,17250,3.3659701347351074
173500,17251,1.530066728591919
173510,17252,1.9553829431533813
173520,17253,4.773148536682129
173530,17254,1.1862603425979614
173540,17255,4.7289557456970215
173550,17256,1.4218149185180664
173560,17257,1.2587153911590576
173570,17258,0.9558119177818298
173580,17259,2.934312343597412
173590,17260,1.40570068359375
173600,17261,2.6141157150268555
173610,17262,2.966315984725952
173620,17263,2.645594835281372
173630,17264,2.8333611488342285
173640,17265,3.4179513454437256
173650,17266,2.7650065422058105
173660,17267,1.7713584899902344
173670,17268,0.8772245049476624
173680,17269,1.5086454153060913
173690,17270,0.7387930154800415
173700,17271,2.903564691543579
173710,17272,1.2874025106430054
173720,17273,1.3358557224273682
173730,17274,2.189497947692871
173740,17275,3.2265326976776123
173750,17276,1.3771090507507324
173760,17277,2.057049512863159
173770,17278,2.8408002853393555
173780,17279,1.4606351852416992
173790,17280,3.061278820037842
173800,17281,0.9787667393684387
173810,17282,1.3526649475097656
173820,17283,1.5695443153381348
173830,17284,1.6680908203125
173840,17285,2.07464599609375
173850,17286,2.525019645690918
173860,17287,1.388169527053833
173870,17288,1.7259876728057861
173880,17289,1.0051339864730835
173890,17290,1.9689446687698364
173900,17291,0.7108564376831055
173910,17292,0.9642534852027893
173920,17293,1.5493850708007812
173930,17294,1.6853370666503906
173940,17295,2.283165216445923
173950,17296,1.765211820602417
173960,17297,1.0937294960021973
173970,17298,1.2322885990142822
173980,17299,1.787153959274292
173990,17300,1.0918922424316406
174000,17301,1.0760418176651
174010,17302,1.1531450748443604
174020,17303,1.1077121496200562
174030,17304,3.880723476409912
174040,17305,2.2251152992248535
174050,17306,0.9759421944618225
174060,17307,2.0464730262756348
174070,17308,2.1433820724487305
174080,17309,2.5256152153015137
174090,17310,1.8306409120559692
174100,17311,0.9147669076919556
174110,17312,1.5819737911224365
174120,17313,3.766192674636841
174130,17314,6.221913814544678
174140,17315,1.7393523454666138
174150,17316,0.8992712497711182
174160,17317,1.1281057596206665
174170,17318,3.696406126022339
174180,17319,1.5672436952590942
174190,17320,4.982270240783691
174200,17321,3.0137112140655518
174210,17322,2.1181812286376953
174220,17323,1.380920171737671
174230,17324,1.3019486665725708
174240,17325,2.3584766387939453
174250,17326,3.7615697383880615
174260,17327,0.7832441329956055
174270,17328,2.3586790561676025
174280,17329,1.3003032207489014
174290,17330,2.9567203521728516
174300,17331,2.9208576679229736
174310,17332,2.5858218669891357
174320,17333,1.3609033823013306
174330,17334,2.127542495727539
174340,17335,1.9036234617233276
174350,17336,0.6461890935897827
174360,17337,0.940615713596344
174370,17338,4.185819149017334
174380,17339,0.8138892650604248
174390,17340,1.0754940509796143
174400,17341,0.998030960559845
174410,17342,3.9279184341430664
174420,17343,2.1436405181884766
174430,17344,1.2073556184768677
174440,17345,1.468462586402893
174450,17346,1.1989129781723022
174460,17347,1.2608870267868042
174470,17348,1.013772964477539
174480,17349,2.119875192642212
174490,17350,1.020115852355957
174500,17351,2.1598799228668213
174510,17352,1.5046601295471191
174520,17353,2.297053813934326
174530,17354,1.3460192680358887
174540,17355,2.541968584060669
174550,17356,1.4131845235824585
174560,17357,2.6192591190338135
174570,17358,1.5232681035995483
174580,17359,2.655374526977539
174590,17360,1.049798846244812
174600,17361,0.9469299912452698
174610,17362,0.8706283569335938
174620,17363,2.53109073638916
174630,17364,1.4069838523864746
174640,17365,0.9442949295043945
174650,17366,1.852186918258667
174660,17367,0.696427583694458
174670,17368,1.9362375736236572
174680,17369,0.7015001773834229
174690,17370,0.6855509877204895
174700,17371,1.0747113227844238
174710,17372,2.419187307357788
174720,17373,0.886932373046875
174730,17374,0.8831537961959839
174740,17375,1.0144104957580566
174750,17376,0.7041746973991394
174760,17377,0.7635238170623779
174770,17378,1.6192188262939453
174780,17379,2.35685658454895
174790,17380,0.7665165662765503
174800,17381,2.318213701248169
174810,17382,0.7329406142234802
174820,17383,1.1388790607452393
174830,17384,1.431692123413086
174840,17385,1.0380370616912842
174850,17386,0.9106407165527344
174860,17387,1.5154553651809692
174870,17388,2.667362928390503
174880,17389,1.1563297510147095
174890,17390,1.3873742818832397
174900,17391,0.7925806045532227
174910,17392,2.6172122955322266
174920,17393,0.823218822479248
174930,17394,1.3115103244781494
174940,17395,1.031983494758606
174950,17396,1.7210767269134521
174960,17397,0.6109021902084351
174970,17398,1.0154656171798706
174980,17399,2.260634660720825
174990,17400,1.6368966102600098
175000,17401,0.6953386068344116
175010,17402,1.4504666328430176
175020,17403,1.9413642883300781
175030,17404,2.184920072555542
175040,17405,1.6184921264648438
175050,17406,0.8426560163497925
175060,17407,1.3171985149383545
175070,17408,1.8011620044708252
175080,17409,1.1173917055130005
175090,17410,1.5713860988616943
175100,17411,0.9929604530334473
175110,17412,2.5460402965545654
175120,17413,3.7445337772369385
175130,17414,0.9247034192085266
175140,17415,3.807758092880249
175150,17416,1.4201010465621948
175160,17417,1.0480849742889404
175170,17418,1.1597923040390015
175180,17419,1.197427749633789
175190,17420,1.0094618797302246
175200,17421,1.6751306056976318
175210,17422,5.1866068840026855
175220,17423,0.8174059391021729
175230,17424,1.844193935394287
175240,17425,1.7083818912506104
175250,17426,1.072998285293579
175260,17427,2.8721961975097656
175270,17428,1.8500220775604248
175280,17429,1.78057861328125
175290,17430,1.2124568223953247
175300,17431,0.7773085832595825
175310,17432,0.9064477682113647
175320,17433,0.9942444562911987
175330,17434,1.1831284761428833
175340,17435,1.0572006702423096
175350,17436,1.2659938335418701
175360,17437,1.2415533065795898
175370,17438,1.9444888830184937
175380,17439,0.9139499068260193
175390,17440,2.6435813903808594
175400,17441,0.8779100179672241
175410,17442,0.5939827561378479
175420,17443,1.8599916696548462
175430,17444,1.232813835144043
175440,17445,0.9772071838378906
175450,17446,1.371418833732605
175460,17447,1.7819138765335083
175470,17448,2.799267292022705
175480,17449,0.9112666845321655
175490,17450,1.1137111186981201
175500,17451,1.5463006496429443
175510,17452,2.271756887435913
175520,17453,0.9791789054870605
175530,17454,1.615480661392212
175540,17455,1.3400870561599731
175550,17456,2.3897716999053955
175560,17457,1.3895087242126465
175570,17458,1.820539116859436
175580,17459,1.2423763275146484
175590,17460,1.5292742252349854
175600,17461,1.3769745826721191
175610,17462,0.9404734373092651
175620,17463,1.159070611000061
175630,17464,1.5739011764526367
175640,17465,1.2348926067352295
175650,17466,1.0595908164978027
175660,17467,1.332951307296753
175670,17468,2.4571163654327393
175680,17469,1.1069828271865845
175690,17470,1.1728699207305908
175700,17471,1.4389500617980957
175710,17472,2.038034200668335
175720,17473,1.4312342405319214
175730,17474,1.8154757022857666
175740,17475,1.482928991317749
175750,17476,0.9893369078636169
175760,17477,1.8512938022613525
175770,17478,1.3988252878189087
175780,17479,1.721358299255371
175790,17480,0.8753575086593628
175800,17481,2.0817313194274902
175810,17482,0.8648515343666077
175820,17483,1.2311499118804932
175830,17484,1.1332491636276245
175840,17485,0.7858899831771851
175850,17486,0.9565962553024292
175860,17487,3.0794754028320312
175870,17488,1.1438360214233398
175880,17489,1.4664556980133057
175890,17490,1.2427209615707397
175900,17491,1.2659910917282104
175910,17492,1.1871070861816406
175920,17493,0.852419376373291
175930,17494,0.9498093724250793
175940,17495,1.0653592348098755
175950,17496,1.6729896068572998
175960,17497,1.3701890707015991
175970,17498,4.358611106872559
175980,17499,0.9375125765800476
175990,17500,1.6767635345458984
176000,17501,1.5176446437835693
176010,17502,1.6472197771072388
176020,17503,2.1395881175994873
176030,17504,1.3873366117477417
176040,17505,3.2221591472625732
176050,17506,1.9048231840133667
176060,17507,1.5905380249023438
176070,17508,1.0758498907089233
176080,17509,1.9085712432861328
176090,17510,1.3084499835968018
176100,17511,1.3606328964233398
176110,17512,0.6791923642158508
176120,17513,1.4619249105453491
176130,17514,1.6540426015853882
176140,17515,0.7889580130577087
176150,17516,1.5897389650344849
176160,17517,1.221739411354065
176170,17518,2.3942506313323975
176180,17519,1.7025163173675537
176190,17520,1.4493002891540527
176200,17521,1.6530884504318237
176210,17522,1.1289833784103394
176220,17523,3.2615668773651123
176230,17524,2.843334674835205
176240,17525,1.2905128002166748
176250,17526,0.6249595880508423
176260,17527,4.08147668838501
176270,17528,1.3189424276351929
176280,17529,1.9718821048736572
176290,17530,1.6008129119873047
176300,17531,1.7788528203964233
176310,17532,3.149984359741211
176320,17533,0.9337087273597717
176330,17534,1.7290449142456055
176340,17535,2.42805814743042
176350,17536,1.1720216274261475
176360,17537,0.9749994874000549
176370,17538,0.8844397068023682
176380,17539,1.231256127357483
176390,17540,4.362936973571777
176400,17541,2.1330981254577637
176410,17542,0.6916300654411316
176420,17543,1.8947750329971313
176430,17544,1.6320374011993408
176440,17545,3.191709280014038
176450,17546,2.0222649574279785
176460,17547,0.5990756750106812
176470,17548,4.6647443771362305
176480,17549,1.1762926578521729
176490,17550,1.9151498079299927
176500,17551,1.7781130075454712
176510,17552,2.187875509262085
176520,17553,1.2077224254608154
176530,17554,2.2344601154327393
176540,17555,1.2411292791366577
176550,17556,1.1569212675094604
176560,17557,1.9387518167495728
176570,17558,0.9867278933525085
176580,17559,2.0954694747924805
176590,17560,1.0105936527252197
176600,17561,1.6205341815948486
176610,17562,1.6421809196472168
176620,17563,1.569699764251709
176630,17564,1.2134392261505127
176640,17565,1.4044761657714844
176650,17566,3.067277669906616
176660,17567,1.671520709991455
176670,17568,1.4244427680969238
176680,17569,2.157820463180542
176690,17570,0.7861515879631042
176700,17571,1.4494415521621704
176710,17572,2.4472858905792236
176720,17573,1.281216025352478
176730,17574,1.570746898651123
176740,17575,2.583810329437256
176750,17576,1.1108965873718262
176760,17577,3.178776741027832
176770,17578,1.1928997039794922
176780,17579,2.078895092010498
176790,17580,1.6185312271118164
176800,17581,1.0876142978668213
176810,17582,3.7088069915771484
176820,17583,1.2355849742889404
176830,17584,0.8994001150131226
176840,17585,0.5509210824966431
176850,17586,0.7957173585891724
176860,17587,2.6215128898620605
176870,17588,0.7437607049942017
176880,17589,1.5522441864013672
176890,17590,0.795083224773407
176900,17591,0.6692246198654175
176910,17592,1.7397778034210205
176920,17593,1.542718768119812
176930,17594,3.412489175796509
176940,17595,4.205615043640137
176950,17596,1.266155481338501
176960,17597,1.17327880859375
176970,17598,0.8139573335647583
176980,17599,1.5455394983291626
176990,17600,2.674891948699951
177000,17601,1.7269419431686401
177010,17602,1.8596374988555908
177020,17603,2.6346592903137207
177030,17604,1.103078007698059
177040,17605,1.4253337383270264
177050,17606,2.0329527854919434
177060,17607,2.6157889366149902
177070,17608,2.029726028442383
177080,17609,1.1859785318374634
177090,17610,2.7882754802703857
177100,17611,1.5486472845077515
177110,17612,1.749687910079956
177120,17613,1.4573758840560913
177130,17614,0.857292115688324
177140,17615,0.6547712087631226
177150,17616,0.9851425290107727
177160,17617,1.6881767511367798
177170,17618,1.3670814037322998
177180,17619,2.2746636867523193
177190,17620,2.303499460220337
177200,17621,1.621532917022705
177210,17622,1.6801615953445435
177220,17623,1.5798046588897705
177230,17624,1.8868353366851807
177240,17625,1.930729627609253
177250,17626,1.1575510501861572
177260,17627,1.2842702865600586
177270,17628,2.328352451324463
177280,17629,3.622901439666748
177290,17630,2.021575927734375
177300,17631,1.5824615955352783
177310,17632,0.6722413301467896
177320,17633,1.1267671585083008
177330,17634,1.4043225049972534
177340,17635,0.645652711391449
177350,17636,3.1802473068237305
177360,17637,1.2107970714569092
177370,17638,1.9274640083312988
177380,17639,1.3078656196594238
177390,17640,2.0532655715942383
177400,17641,1.0121395587921143
177410,17642,4.1879730224609375
177420,17643,2.533792018890381
177430,17644,1.2962539196014404
177440,17645,2.4977283477783203
177450,17646,1.8097732067108154
177460,17647,2.1827502250671387
177470,17648,6.01356840133667
177480,17649,1.7387254238128662
177490,17650,1.1649863719940186
177500,17651,1.6259340047836304
177510,17652,1.5712298154830933
177520,17653,1.1561375856399536
177530,17654,1.6253222227096558
177540,17655,1.5229524374008179
177550,17656,1.5000640153884888
177560,17657,3.545011520385742
177570,17658,0.9307562112808228
177580,17659,8.60414981842041
177590,17660,1.1018640995025635
177600,17661,1.45945405960083
177610,17662,1.3186159133911133
177620,17663,1.6412878036499023
177630,17664,1.4908781051635742
177640,17665,0.8083109259605408
177650,17666,1.5981148481369019
177660,17667,1.5091137886047363
177670,17668,0.8940314054489136
177680,17669,0.7847294211387634
177690,17670,1.2641681432724
177700,17671,4.558858871459961
177710,17672,0.860584020614624
177720,17673,2.165847063064575
177730,17674,2.681732177734375
177740,17675,1.891886830329895
177750,17676,1.7546788454055786
177760,17677,0.734282374382019
177770,17678,1.7929375171661377
177780,17679,1.5143418312072754
177790,17680,1.1521565914154053
177800,17681,1.1999478340148926
177810,17682,1.4282944202423096
177820,17683,1.3502575159072876
177830,17684,1.305306077003479
177840,17685,0.9808320999145508
177850,17686,1.0313738584518433
177860,17687,1.1810764074325562
177870,17688,1.5893558263778687
177880,17689,1.3576778173446655
177890,17690,1.5661487579345703
177900,17691,1.4484591484069824
177910,17692,1.1750160455703735
177920,17693,0.9210247993469238
177930,17694,1.0085358619689941
177940,17695,1.083195686340332
177950,17696,1.408876895904541
177960,17697,1.33353590965271
177970,17698,1.5197314023971558
177980,17699,0.8768854737281799
177990,17700,1.4188692569732666
178000,17701,0.6257235407829285
178010,17702,1.7939598560333252
178020,17703,1.5409941673278809
178030,17704,2.4189610481262207
178040,17705,1.598770022392273
178050,17706,2.0475587844848633
178060,17707,1.6028169393539429
178070,17708,0.8664528727531433
178080,17709,1.2524120807647705
178090,17710,0.9516516923904419
178100,17711,0.8168002963066101
178110,17712,2.3524999618530273
178120,17713,1.6734333038330078
178130,17714,2.070138454437256
178140,17715,3.2566261291503906
178150,17716,0.7679373025894165
178160,17717,1.229750633239746
178170,17718,1.2928314208984375
178180,17719,1.0309622287750244
178190,17720,2.361543655395508
178200,17721,1.2941162586212158
178210,17722,3.6377758979797363
178220,17723,1.8729106187820435
178230,17724,1.599427342414856
178240,17725,1.1900922060012817
178250,17726,1.961753487586975
178260,17727,0.9163905382156372
178270,17728,1.5492703914642334
178280,17729,1.5048339366912842
178290,17730,2.0463268756866455
178300,17731,2.8457753658294678
178310,17732,1.5253891944885254
178320,17733,1.1276437044143677
178330,17734,1.7336512804031372
178340,17735,3.9543702602386475
178350,17736,2.4413890838623047
178360,17737,0.8230012059211731
178370,17738,1.806829571723938
178380,17739,1.4761497974395752
178390,17740,4.901905536651611
178400,17741,1.265517234802246
178410,17742,1.4740958213806152
178420,17743,1.167145013809204
178430,17744,0.7588421106338501
178440,17745,1.9532028436660767
178450,17746,2.030160903930664
178460,17747,0.8704819083213806
178470,17748,1.5277974605560303
178480,17749,2.311455249786377
178490,17750,1.3172857761383057
178500,17751,1.378814458847046
178510,17752,1.2284362316131592
178520,17753,1.7273750305175781
178530,17754,1.6318882703781128
178540,17755,0.7371605634689331
178550,17756,1.3832136392593384
178560,17757,2.3342125415802
178570,17758,1.0826748609542847
178580,17759,0.6449310183525085
178590,17760,0.5460205078125
178600,17761,1.3604278564453125
178610,17762,1.452764868736267
178620,17763,4.035452365875244
178630,17764,1.8717025518417358
178640,17765,2.4565439224243164
178650,17766,0.966469407081604
178660,17767,1.4154629707336426
178670,17768,2.5732479095458984
178680,17769,2.7363996505737305
178690,17770,0.8050768375396729
178700,17771,0.9161110520362854
178710,17772,1.2912219762802124
178720,17773,4.765351295471191
178730,17774,1.874422311782837
178740,17775,1.004573106765747
178750,17776,1.4408766031265259
178760,17777,1.4359700679779053
178770,17778,0.6249120235443115
178780,17779,1.1336827278137207
178790,17780,3.0949926376342773
178800,17781,1.2488467693328857
178810,17782,0.8669986724853516
178820,17783,0.9682884216308594
178830,17784,1.0988469123840332
178840,17785,1.2260278463363647
178850,17786,1.526000738143921
178860,17787,0.9180690050125122
178870,17788,0.6401302218437195
178880,17789,1.8887903690338135
178890,17790,0.9785909652709961
178900,17791,0.9797031879425049
178910,17792,1.3017792701721191
178920,17793,1.4682226181030273
178930,17794,0.8157766461372375
178940,17795,1.3736872673034668
178950,17796,1.1311509609222412
178960,17797,0.936625063419342
178970,17798,1.3876579999923706
178980,17799,1.109342336654663
178990,17800,1.0706896781921387
179000,17801,0.7215691208839417
179010,17802,2.4942984580993652
179020,17803,1.561650276184082
179030,17804,1.247376561164856
179040,17805,2.117018222808838
179050,17806,1.100562572479248
179060,17807,0.8109273910522461
179070,17808,1.8622177839279175
179080,17809,2.92004132270813
179090,17810,1.3748267889022827
179100,17811,1.6898409128189087
179110,17812,1.0132673978805542
179120,17813,1.04866623878479
179130,17814,0.9633616805076599
179140,17815,0.9364600777626038
179150,17816,1.8908008337020874
179160,17817,1.89832603931427
179170,17818,1.68710196018219
179180,17819,4.09686279296875
179190,17820,1.695048451423645
179200,17821,1.2298846244812012
179210,17822,0.8362056016921997
179220,17823,0.6060922145843506
179230,17824,1.270531415939331
179240,17825,1.4954049587249756
179250,17826,1.0182477235794067
179260,17827,2.0903773307800293
179270,17828,0.9198561310768127
179280,17829,1.5981783866882324
179290,17830,1.108111023902893
179300,17831,1.010972499847412
179310,17832,2.2769055366516113
179320,17833,0.672836422920227
179330,17834,0.7072911262512207
179340,17835,1.81074059009552
179350,17836,1.2929961681365967
179360,17837,0.7174310684204102
179370,17838,0.6478854417800903
179380,17839,2.394651412963867
179390,17840,2.808852195739746
179400,17841,0.9597514271736145
179410,17842,1.5221068859100342
179420,17843,1.1055636405944824
179430,17844,1.804006814956665
179440,17845,1.4468557834625244
179450,17846,0.6751706004142761
179460,17847,1.5495012998580933
179470,17848,1.2802993059158325
179480,17849,1.71419358253479
179490,17850,1.1212550401687622
179500,17851,1.820756435394287
179510,17852,0.6070532202720642
179520,17853,1.2140785455703735
179530,17854,0.9933121204376221
179540,17855,2.507779598236084
179550,17856,1.7635931968688965
179560,17857,1.0442233085632324
179570,17858,0.8896230459213257
179580,17859,1.6582261323928833
179590,17860,0.834540843963623
179600,17861,1.3674187660217285
179610,17862,2.3713057041168213
179620,17863,2.288748025894165
179630,17864,1.2447911500930786
179640,17865,2.3458991050720215
179650,17866,0.7810525894165039
179660,17867,1.8029797077178955
179670,17868,1.4732451438903809
179680,17869,1.5323666334152222
179690,17870,1.5681673288345337
179700,17871,1.34112548828125
179710,17872,3.9811408519744873
179720,17873,1.0766539573669434
179730,17874,0.9469184875488281
179740,17875,1.1156425476074219
179750,17876,1.670400857925415
179760,17877,1.596252679824829
179770,17878,0.7683787941932678
179780,17879,1.1562159061431885
179790,17880,1.5773979425430298
179800,17881,2.6370434761047363
179810,17882,1.8494582176208496
179820,17883,1.5654592514038086
179830,17884,1.3350129127502441
179840,17885,1.214849829673767
179850,17886,0.8659387230873108
179860,17887,1.2680362462997437
179870,17888,0.6459196209907532
179880,17889,4.8000288009643555
179890,17890,1.5909043550491333
179900,17891,1.5222876071929932
179910,17892,1.4205656051635742
179920,17893,0.9350370168685913
179930,17894,2.8912508487701416
179940,17895,1.944243311882019
179950,17896,1.1456406116485596
179960,17897,1.0484545230865479
179970,17898,0.5173897743225098
179980,17899,1.3761566877365112
179990,17900,0.8277378082275391
180000,17901,0.954842209815979
180010,17902,1.8037633895874023
180020,17903,2.924013376235962
180030,17904,1.2614798545837402
180040,17905,2.212198257446289
180050,17906,1.3534406423568726
180060,17907,1.22896146774292
180070,17908,1.267673373222351
180080,17909,0.4656488001346588
180090,17910,1.3030301332473755
180100,17911,1.245008111000061
180110,17912,0.8333579897880554
180120,17913,0.5396688580513
180130,17914,1.018803596496582
180140,17915,1.5219417810440063
180150,17916,1.0289815664291382
180160,17917,6.521637439727783
180170,17918,1.4104015827178955
180180,17919,1.127626657485962
180190,17920,1.634404182434082
180200,17921,0.8884726762771606
180210,17922,1.7914040088653564
180220,17923,0.9491440057754517
180230,17924,2.700747013092041
180240,17925,1.8819386959075928
180250,17926,3.080716371536255
180260,17927,3.518132209777832
180270,17928,1.3467936515808105
180280,17929,0.5935337543487549
180290,17930,1.2273682355880737
180300,17931,1.0427342653274536
180310,17932,1.1638340950012207
180320,17933,0.7984069585800171
180330,17934,1.4309940338134766
180340,17935,1.0102547407150269
180350,17936,3.8376424312591553
180360,17937,1.0745278596878052
180370,17938,1.0066708326339722
180380,17939,3.3893234729766846
180390,17940,1.2020504474639893
180400,17941,1.1267766952514648
180410,17942,1.1284797191619873
180420,17943,1.082291841506958
180430,17944,1.9211801290512085
180440,17945,1.2520747184753418
180450,17946,1.8476908206939697
180460,17947,0.9140430688858032
180470,17948,1.3271594047546387
180480,17949,1.7521294355392456
180490,17950,1.2802648544311523
180500,17951,1.3856793642044067
180510,17952,1.7180981636047363
180520,17953,1.4464281797409058
180530,17954,2.0505194664001465
180540,17955,2.1482584476470947
180550,17956,1.3356525897979736
180560,17957,2.0595483779907227
180570,17958,0.89206463098526
180580,17959,2.2374205589294434
180590,17960,1.7545963525772095
180600,17961,1.8816642761230469
180610,17962,1.1486573219299316
180620,17963,1.1327365636825562
180630,17964,0.9571316242218018
180640,17965,3.201998710632324
180650,17966,2.1154470443725586
180660,17967,0.8172279596328735
180670,17968,1.1854698657989502
180680,17969,1.4849661588668823
180690,17970,2.01257061958313
180700,17971,1.2477329969406128
180710,17972,1.2311878204345703
180720,17973,4.3888163566589355
180730,17974,0.9107058644294739
180740,17975,1.663584589958191
180750,17976,1.5911699533462524
180760,17977,0.7297216057777405
180770,17978,0.7364405393600464
180780,17979,1.197993516921997
180790,17980,0.9373158812522888
180800,17981,0.7707943916320801
180810,17982,1.5104892253875732
180820,17983,0.7264963984489441
180830,17984,1.518035650253296
180840,17985,1.8641443252563477
180850,17986,1.0049999952316284
180860,17987,0.5591217875480652
180870,17988,1.1304694414138794
180880,17989,2.285613775253296
180890,17990,0.8370353579521179
180900,17991,1.9520511627197266
180910,17992,0.536344051361084
180920,17993,1.7551696300506592
180930,17994,1.8187601566314697
180940,17995,1.044459581375122
180950,17996,1.2345865964889526
180960,17997,1.9959651231765747
180970,17998,0.9915487170219421
180980,17999,1.3211448192596436
180990,18000,2.4204823970794678
181000,18001,0.6606353521347046
181010,18002,1.209118366241455
181020,18003,3.0433945655822754
181030,18004,1.4153735637664795
181040,18005,1.8932989835739136
181050,18006,1.1932340860366821
181060,18007,1.651516318321228
181070,18008,4.716634273529053
181080,18009,1.3585145473480225
181090,18010,1.3863881826400757
181100,18011,1.159987211227417
181110,18012,2.5549752712249756
181120,18013,1.0724513530731201
181130,18014,1.789177417755127
181140,18015,2.357869863510132
181150,18016,2.1353201866149902
181160,18017,1.3912782669067383
181170,18018,2.291781425476074
181180,18019,0.9529179930686951
181190,18020,1.3262052536010742
181200,18021,1.5842690467834473
181210,18022,1.6793992519378662
181220,18023,2.0983574390411377
181230,18024,1.6031893491744995
181240,18025,3.229856491088867
181250,18026,1.4981024265289307
181260,18027,1.7228460311889648
181270,18028,1.0618152618408203
181280,18029,2.843090534210205
181290,18030,2.4222187995910645
181300,18031,1.2662556171417236
181310,18032,0.804288923740387
181320,18033,1.2909759283065796
181330,18034,0.5363017916679382
181340,18035,2.125537395477295
181350,18036,1.6409032344818115
181360,18037,1.4040027856826782
181370,18038,1.1185657978057861
181380,18039,2.1755900382995605
181390,18040,1.2124478816986084
181400,18041,1.4098871946334839
181410,18042,1.8790110349655151
181420,18043,0.9335506558418274
181430,18044,1.3564373254776
181440,18045,0.8272067904472351
181450,18046,2.788759231567383
181460,18047,0.7687835693359375
181470,18048,1.496024489402771
181480,18049,2.4490766525268555
181490,18050,1.007907509803772
181500,18051,5.080722808837891
181510,18052,1.5635478496551514
181520,18053,1.4471125602722168
181530,18054,1.2129907608032227
181540,18055,2.921011209487915
181550,18056,1.0704768896102905
181560,18057,0.777215301990509
181570,18058,1.1338539123535156
181580,18059,1.1406500339508057
181590,18060,0.7449325323104858
181600,18061,0.863092839717865
181610,18062,1.3016266822814941
181620,18063,1.6863551139831543
181630,18064,3.6429708003997803
181640,18065,1.520519495010376
181650,18066,1.1151700019836426
181660,18067,1.5270048379898071
181670,18068,0.7309867143630981
181680,18069,1.6640621423721313
181690,18070,1.0681521892547607
181700,18071,6.61666202545166
181710,18072,0.9582419991493225
181720,18073,0.4675036370754242
181730,18074,0.8198862075805664
181740,18075,1.3685883283615112
181750,18076,1.4672136306762695
181760,18077,1.8742883205413818
181770,18078,0.8266320824623108
181780,18079,0.7528862953186035
181790,18080,0.44842246174812317
181800,18081,0.8013450503349304
181810,18082,4.019285202026367
181820,18083,1.4358309507369995
181830,18084,4.191376209259033
181840,18085,1.6917297840118408
181850,18086,2.96805477142334
181860,18087,1.0424221754074097
181870,18088,2.9655544757843018
181880,18089,0.805228054523468
181890,18090,1.741320013999939
181900,18091,1.6519700288772583
181910,18092,0.8825850486755371
181920,18093,0.7200985550880432
181930,18094,1.5791256427764893
181940,18095,0.7942289113998413
181950,18096,0.9255867004394531
181960,18097,4.060634136199951
181970,18098,0.946980357170105
181980,18099,1.6750338077545166
181990,18100,1.0522956848144531
182000,18101,1.8250012397766113
182010,18102,2.8997421264648438
182020,18103,0.839267373085022
182030,18104,0.7110673189163208
182040,18105,1.6380949020385742
182050,18106,1.0829471349716187
182060,18107,1.486298680305481
182070,18108,2.0184988975524902
182080,18109,1.801757574081421
182090,18110,1.5881367921829224
182100,18111,2.6023569107055664
182110,18112,1.0963306427001953
182120,18113,1.101441740989685
182130,18114,1.1442593336105347
182140,18115,1.9505118131637573
182150,18116,2.2947845458984375
182160,18117,1.1172559261322021
182170,18118,1.3530147075653076
182180,18119,1.9259364604949951
182190,18120,4.137852668762207
182200,18121,1.1981048583984375
182210,18122,1.1624468564987183
182220,18123,0.847969651222229
182230,18124,1.1040570735931396
182240,18125,0.6766456365585327
182250,18126,2.109243392944336
182260,18127,0.8408013582229614
182270,18128,1.0336179733276367
182280,18129,3.1507978439331055
182290,18130,2.791219472885132
182300,18131,1.1418793201446533
182310,18132,0.5392752289772034
182320,18133,1.473623514175415
182330,18134,0.8490051031112671
182340,18135,2.3065457344055176
182350,18136,1.2518134117126465
182360,18137,0.6674323678016663
182370,18138,0.6505305171012878
182380,18139,1.4515525102615356
182390,18140,0.5333860516548157
182400,18141,1.0228272676467896
182410,18142,5.030799865722656
182420,18143,1.9360642433166504
182430,18144,0.802125871181488
182440,18145,0.6898150444030762
182450,18146,0.8027649521827698
182460,18147,0.9689087867736816
182470,18148,1.126267671585083
182480,18149,1.2783902883529663
182490,18150,0.7232991456985474
182500,18151,2.1797215938568115
182510,18152,4.159502983093262
182520,18153,0.8613611459732056
182530,18154,0.9109334945678711
182540,18155,1.2721097469329834
182550,18156,1.1599860191345215
182560,18157,1.5343583822250366
182570,18158,3.2847700119018555
182580,18159,1.0253605842590332
182590,18160,1.1073552370071411
182600,18161,2.416839838027954
182610,18162,2.317713499069214
182620,18163,1.2204318046569824
182630,18164,1.7788138389587402
182640,18165,0.9716876149177551
182650,18166,1.627415657043457
182660,18167,2.0543136596679688
182670,18168,2.235316276550293
182680,18169,1.152711033821106
182690,18170,0.7108104228973389
182700,18171,0.9155760407447815
182710,18172,1.7215604782104492
182720,18173,1.0158158540725708
182730,18174,2.1573493480682373
182740,18175,1.73590886592865
182750,18176,0.6732673048973083
182760,18177,1.2934322357177734
182770,18178,0.6155179738998413
182780,18179,1.2159550189971924
182790,18180,1.8010913133621216
182800,18181,0.9173942804336548
182810,18182,1.341614842414856
182820,18183,2.442018747329712
182830,18184,1.243255853652954
182840,18185,1.6329361200332642
182850,18186,1.8284817934036255
182860,18187,1.489336371421814
182870,18188,0.9715238213539124
182880,18189,1.910144567489624
182890,18190,2.477466583251953
182900,18191,1.721134901046753
182910,18192,0.6914903521537781
182920,18193,1.2637355327606201
182930,18194,0.4230870306491852
182940,18195,2.1675755977630615
182950,18196,2.3239905834198
182960,18197,0.8323995471000671
182970,18198,1.3570497035980225
182980,18199,1.2710765600204468
182990,18200,1.5327123403549194
183000,18201,1.6224406957626343
183010,18202,1.5148717164993286
183020,18203,1.3270177841186523
183030,18204,4.032867431640625
183040,18205,1.0244415998458862
183050,18206,1.6016277074813843
183060,18207,1.7020353078842163
183070,18208,2.3885068893432617
183080,18209,2.2730565071105957
183090,18210,1.2784863710403442
183100,18211,1.161987066268921
183110,18212,0.833741307258606
183120,18213,1.6945894956588745
183130,18214,0.8163871169090271
183140,18215,1.693349003791809
183150,18216,1.927907943725586
183160,18217,1.2278425693511963
183170,18218,1.2579224109649658
183180,18219,1.7630164623260498
183190,18220,1.1038528680801392
183200,18221,2.043226957321167
183210,18222,0.7828073501586914
183220,18223,0.9047287702560425
183230,18224,0.6509594917297363
183240,18225,1.0848585367202759
183250,18226,8.111249923706055
183260,18227,1.276351809501648
183270,18228,1.5569700002670288
183280,18229,1.0503830909729004
183290,18230,1.837682843208313
183300,18231,2.015092611312866
183310,18232,1.3793359994888306
183320,18233,3.2527546882629395
183330,18234,1.4956973791122437
183340,18235,1.586639642715454
183350,18236,1.3365665674209595
183360,18237,0.7117482423782349
183370,18238,1.5372666120529175
183380,18239,0.7516550421714783
183390,18240,1.171026587486267
183400,18241,2.278862714767456
183410,18242,2.7588047981262207
183420,18243,1.0650696754455566
183430,18244,1.4098306894302368
183440,18245,1.44405198097229
183450,18246,1.1693930625915527
183460,18247,1.4942243099212646
183470,18248,0.9095742702484131
183480,18249,1.0071274042129517
183490,18250,0.9605659246444702
183500,18251,2.125363826751709
183510,18252,2.5619847774505615
183520,18253,1.4294703006744385
183530,18254,1.4646637439727783
183540,18255,1.5575525760650635
183550,18256,0.5888139009475708
183560,18257,1.7544292211532593
183570,18258,1.40679931640625
183580,18259,1.9873062372207642
183590,18260,1.554829716682434
183600,18261,1.0241882801055908
183610,18262,1.6208381652832031
183620,18263,1.3980278968811035
183630,18264,1.9395129680633545
183640,18265,2.294278144836426
183650,18266,0.7749419212341309
183660,18267,1.703163504600525
183670,18268,0.6935630440711975
183680,18269,0.987227201461792
183690,18270,1.743912935256958
183700,18271,0.6900197863578796
183710,18272,1.4680835008621216
183720,18273,0.5341094732284546
183730,18274,1.7102652788162231
183740,18275,0.896059513092041
183750,18276,1.3535523414611816
183760,18277,0.6967004537582397
183770,18278,2.8013715744018555
183780,18279,2.5311007499694824
183790,18280,0.7192471027374268
183800,18281,0.9981244802474976
183810,18282,2.4191575050354004
183820,18283,1.292046070098877
183830,18284,1.7455041408538818
183840,18285,1.0288498401641846
183850,18286,0.7750717401504517
183860,18287,1.085797905921936
183870,18288,1.0726540088653564
183880,18289,1.1962450742721558
183890,18290,0.513444721698761
183900,18291,0.8948212265968323
183910,18292,0.7323664426803589
183920,18293,1.7777061462402344
183930,18294,2.084712028503418
183940,18295,2.061291217803955
183950,18296,0.9926360249519348
183960,18297,1.1901907920837402
183970,18298,0.784286618232727
183980,18299,0.6398482918739319
183990,18300,0.766536295413971
184000,18301,0.9909300804138184
184010,18302,1.0177886486053467
184020,18303,8.385319709777832
184030,18304,1.228487491607666
184040,18305,6.209429740905762
184050,18306,0.7660605907440186
184060,18307,1.2159149646759033
184070,18308,1.787302851676941
184080,18309,1.8913376331329346
184090,18310,1.4237009286880493
184100,18311,1.3801469802856445
184110,18312,1.9220423698425293
184120,18313,0.7376857995986938
184130,18314,1.387694001197815
184140,18315,1.925442099571228
184150,18316,3.093092203140259
184160,18317,1.6156296730041504
184170,18318,0.9976488947868347
184180,18319,1.4858425855636597
184190,18320,1.880078673362732
184200,18321,0.9116284847259521
184210,18322,2.1182405948638916
184220,18323,2.5926365852355957
184230,18324,1.9371813535690308
184240,18325,1.0408388376235962
184250,18326,1.0811222791671753
184260,18327,0.8079196214675903
184270,18328,1.544885516166687
184280,18329,1.6145894527435303
184290,18330,1.1233025789260864
184300,18331,1.961833119392395
184310,18332,1.1596733331680298
184320,18333,1.4359244108200073
184330,18334,1.1138156652450562
184340,18335,1.328871726989746
184350,18336,2.5676653385162354
184360,18337,1.990355372428894
184370,18338,1.618699550628662
184380,18339,0.9933931827545166
184390,18340,1.3922922611236572
184400,18341,1.599163293838501
184410,18342,1.916400671005249
184420,18343,0.6678640246391296
184430,18344,0.8801312446594238
184440,18345,0.9760483503341675
184450,18346,1.792863130569458
184460,18347,1.975859522819519
184470,18348,1.1373097896575928
184480,18349,1.4425026178359985
184490,18350,1.0460691452026367
184500,18351,1.421188235282898
184510,18352,1.2070139646530151
184520,18353,0.8394492864608765
184530,18354,0.6768130660057068
184540,18355,0.9390780329704285
184550,18356,0.8983632326126099
184560,18357,1.1468942165374756
184570,18358,1.4712117910385132
184580,18359,0.7136841416358948
184590,18360,0.3666498064994812
184600,18361,1.324185848236084
184610,18362,1.3844481706619263
184620,18363,1.5329376459121704
184630,18364,1.826324701309204
184640,18365,1.0623716115951538
184650,18366,1.3776450157165527
184660,18367,0.9787541627883911
184670,18368,2.5089111328125
184680,18369,1.1242655515670776
184690,18370,0.6861117482185364
184700,18371,1.4740811586380005
184710,18372,1.334968090057373
184720,18373,2.134908676147461
184730,18374,1.585125207901001
184740,18375,1.7772400379180908
184750,18376,2.6330554485321045
184760,18377,2.382805824279785
184770,18378,1.1457092761993408
184780,18379,2.7076621055603027
184790,18380,1.0138884782791138
184800,18381,1.1093770265579224
184810,18382,0.6834344267845154
184820,18383,1.761757493019104
184830,18384,1.7984533309936523
184840,18385,1.1069128513336182
184850,18386,1.3771864175796509
184860,18387,1.3010478019714355
184870,18388,1.244238018989563
184880,18389,2.803720712661743
184890,18390,2.468785285949707
184900,18391,0.7511484026908875
184910,18392,1.2737371921539307
184920,18393,0.9557962417602539
184930,18394,1.2228447198867798
184940,18395,0.9880863428115845
184950,18396,5.247772216796875
184960,18397,0.9830092191696167
184970,18398,0.5912596583366394
184980,18399,1.9779176712036133
184990,18400,4.0752363204956055
185000,18401,1.2794945240020752
185010,18402,2.0098137855529785
185020,18403,1.8790408372879028
185030,18404,2.8856656551361084
185040,18405,0.8002811074256897
185050,18406,2.0843567848205566
185060,18407,1.3474222421646118
185070,18408,0.8338162899017334
185080,18409,0.5770024061203003
185090,18410,1.0846370458602905
185100,18411,1.673253059387207
185110,18412,4.678915023803711
185120,18413,2.1966073513031006
185130,18414,0.594789445400238
185140,18415,1.142746090888977
185150,18416,0.6846791505813599
185160,18417,1.16817307472229
185170,18418,1.285165548324585
185180,18419,2.3744616508483887
185190,18420,1.8297040462493896
185200,18421,0.9315744638442993
185210,18422,0.7457433342933655
185220,18423,1.7244502305984497
185230,18424,2.5846481323242188
185240,18425,3.106102228164673
185250,18426,1.2290282249450684
185260,18427,2.0226762294769287
185270,18428,1.1360098123550415
185280,18429,3.1947107315063477
185290,18430,1.920472502708435
185300,18431,1.6037086248397827
185310,18432,1.7935963869094849
185320,18433,1.1003310680389404
185330,18434,1.4145461320877075
185340,18435,2.1155500411987305
185350,18436,1.0141878128051758
185360,18437,0.6595407128334045
185370,18438,0.9000115394592285
185380,18439,2.1881065368652344
185390,18440,0.5828598737716675
185400,18441,0.8673197031021118
185410,18442,3.0980429649353027
185420,18443,1.159910798072815
185430,18444,0.912463366985321
185440,18445,1.3917158842086792
185450,18446,0.5758001208305359
185460,18447,0.4388279914855957
185470,18448,1.2621885538101196
185480,18449,1.3892953395843506
185490,18450,0.8170552849769592
185500,18451,3.0634281635284424
185510,18452,0.8662799000740051
185520,18453,1.3630585670471191
185530,18454,1.2469635009765625
185540,18455,2.024844169616699
185550,18456,0.8184995651245117
185560,18457,1.6682378053665161
185570,18458,1.1290265321731567
185580,18459,1.5587968826293945
185590,18460,1.454765796661377
185600,18461,1.5322431325912476
185610,18462,1.3749597072601318
185620,18463,1.5248128175735474
185630,18464,2.621412754058838
185640,18465,0.5522005558013916
185650,18466,1.0036994218826294
185660,18467,1.6430021524429321
185670,18468,1.082999348640442
185680,18469,1.2845194339752197
185690,18470,1.5246803760528564
185700,18471,0.9928687810897827
185710,18472,1.2793238162994385
185720,18473,0.9769347906112671
185730,18474,1.0305083990097046
185740,18475,1.204412817955017
185750,18476,0.6935839056968689
185760,18477,1.3911232948303223
185770,18478,0.5351821780204773
185780,18479,1.4814794063568115
185790,18480,1.5678316354751587
185800,18481,1.6354038715362549
185810,18482,0.9833261966705322
185820,18483,1.3939571380615234
185830,18484,0.7421186566352844
185840,18485,2.0484988689422607
185850,18486,1.151871681213379
185860,18487,1.0622185468673706
185870,18488,3.0714638233184814
185880,18489,1.0425994396209717
185890,18490,0.990039587020874
185900,18491,0.617317795753479
185910,18492,1.7691764831542969
185920,18493,1.0374890565872192
185930,18494,1.7582900524139404
185940,18495,0.9981759786605835
185950,18496,0.552033543586731
185960,18497,2.1397817134857178
185970,18498,1.497032642364502
185980,18499,1.4192240238189697
185990,18500,0.707329511642456
186000,18501,1.2853398323059082
186010,18502,4.740298271179199
186020,18503,1.0242232084274292
186030,18504,1.6657462120056152
186040,18505,1.1665472984313965
186050,18506,1.1243071556091309
186060,18507,0.6850446462631226
186070,18508,3.3765008449554443
186080,18509,2.2270278930664062
186090,18510,1.0031317472457886
186100,18511,1.1320616006851196
186110,18512,1.8076200485229492
186120,18513,3.070556640625
186130,18514,1.6539579629898071
186140,18515,1.0272296667099
186150,18516,1.245077133178711
186160,18517,0.9318869709968567
186170,18518,1.005233645439148
186180,18519,0.503135621547699
186190,18520,1.9639029502868652
186200,18521,1.012209177017212
186210,18522,1.0238739252090454
186220,18523,1.5642789602279663
186230,18524,1.010408639907837
186240,18525,1.3181517124176025
186250,18526,1.3069725036621094
186260,18527,2.6399688720703125
186270,18528,1.0796922445297241
186280,18529,1.7775441408157349
186290,18530,1.107695460319519
186300,18531,0.7771777510643005
186310,18532,5.4326701164245605
186320,18533,1.2385910749435425
186330,18534,0.6528326272964478
186340,18535,1.8930495977401733
186350,18536,0.8609059453010559
186360,18537,0.6655219197273254
186370,18538,0.9313934445381165
186380,18539,2.7965502738952637
186390,18540,0.5214700698852539
186400,18541,0.5880463123321533
186410,18542,1.1676784753799438
186420,18543,1.189164638519287
186430,18544,0.8406153917312622
186440,18545,0.9969117045402527
186450,18546,1.7182581424713135
186460,18547,1.0517011880874634
186470,18548,1.111120581626892
186480,18549,2.3993639945983887
186490,18550,1.5408594608306885
186500,18551,2.0018577575683594
186510,18552,0.6292876601219177
186520,18553,1.9219787120819092
186530,18554,1.3746856451034546
186540,18555,0.660406768321991
186550,18556,0.9124338030815125
186560,18557,2.31868314743042
186570,18558,1.0248353481292725
186580,18559,1.2313603162765503
186590,18560,1.302568793296814
186600,18561,0.7371847033500671
186610,18562,0.6941707730293274
186620,18563,2.2437775135040283
186630,18564,0.9413718581199646
186640,18565,0.9426121711730957
186650,18566,0.8641001582145691
186660,18567,1.6839977502822876
186670,18568,0.9768451452255249
186680,18569,0.5092081427574158
186690,18570,3.180316925048828
186700,18571,1.4353288412094116
186710,18572,1.2708525657653809
186720,18573,0.8155618906021118
186730,18574,0.43208199739456177
186740,18575,1.7103021144866943
186750,18576,4.209537506103516
186760,18577,1.0058538913726807
186770,18578,0.7424119710922241
186780,18579,0.8628804087638855
186790,18580,0.9618485569953918
186800,18581,1.6336630582809448
186810,18582,1.6156959533691406
186820,18583,0.9794329404830933
186830,18584,1.3237168788909912
186840,18585,2.277488946914673
186850,18586,1.0160914659500122
186860,18587,0.9770061373710632
186870,18588,3.3083930015563965
186880,18589,0.8792243599891663
186890,18590,0.8866556882858276
186900,18591,1.1551926136016846
186910,18592,1.7029789686203003
186920,18593,0.9225335121154785
186930,18594,0.9165900945663452
186940,18595,1.3900129795074463
186950,18596,0.974431037902832
186960,18597,1.2110611200332642
186970,18598,1.0644810199737549
186980,18599,3.326183795928955
186990,18600,2.189624309539795
187000,18601,1.1868140697479248
187010,18602,1.715619444847107
187020,18603,1.0164238214492798
187030,18604,1.5038572549819946
187040,18605,1.330284595489502
187050,18606,0.7458676099777222
187060,18607,1.4224740266799927
187070,18608,2.785938262939453
187080,18609,1.859714150428772
187090,18610,1.5156712532043457
187100,18611,1.9056925773620605
187110,18612,2.5470681190490723
187120,18613,2.1580803394317627
187130,18614,1.328622817993164
187140,18615,2.2035088539123535
187150,18616,1.6369282007217407
187160,18617,1.8784563541412354
187170,18618,1.4132084846496582
187180,18619,1.73304283618927
187190,18620,1.5824227333068848
187200,18621,1.192378282546997
187210,18622,1.6153156757354736
187220,18623,1.0736340284347534
187230,18624,3.6541504859924316
187240,18625,1.3065345287322998
187250,18626,1.2234700918197632
187260,18627,0.7764604687690735
187270,18628,0.8134684562683105
187280,18629,1.4042789936065674
187290,18630,0.6502596735954285
187300,18631,1.9115451574325562
187310,18632,0.6111665964126587
187320,18633,1.660518765449524
187330,18634,2.736862897872925
187340,18635,0.9625873565673828
187350,18636,1.2247653007507324
187360,18637,1.8185045719146729
187370,18638,2.014897108078003
187380,18639,1.4198038578033447
187390,18640,0.4005245268344879
187400,18641,2.22218918800354
187410,18642,0.6161273121833801
187420,18643,0.9492347836494446
187430,18644,1.1288577318191528
187440,18645,2.834752321243286
187450,18646,2.0180611610412598
187460,18647,0.7710869312286377
187470,18648,1.4383546113967896
187480,18649,0.8872962594032288
187490,18650,1.7586877346038818
187500,18651,1.1537960767745972
187510,18652,3.0183258056640625
187520,18653,1.933312177658081
187530,18654,1.5935159921646118
187540,18655,1.255638837814331
187550,18656,0.8481998443603516
187560,18657,0.9871231317520142
187570,18658,1.4207223653793335
187580,18659,0.8766879439353943
187590,18660,0.5365703701972961
187600,18661,1.9277517795562744
187610,18662,1.8420205116271973
187620,18663,0.8402298092842102
187630,18664,2.02400541305542
187640,18665,2.8024089336395264
187650,18666,1.3175716400146484
187660,18667,0.9308468699455261
187670,18668,0.8975880146026611
187680,18669,0.8828082084655762
187690,18670,0.9166522026062012
187700,18671,1.0418057441711426
187710,18672,1.374735951423645
187720,18673,1.3318668603897095
187730,18674,2.2460970878601074
187740,18675,1.146018385887146
187750,18676,0.5652657151222229
187760,18677,0.8633005619049072
187770,18678,1.007361888885498
187780,18679,1.3201216459274292
187790,18680,1.6457445621490479
187800,18681,0.6757252812385559
187810,18682,0.9757344722747803
187820,18683,1.6091679334640503
187830,18684,1.275932788848877
187840,18685,0.7994558811187744
187850,18686,0.8656595945358276
187860,18687,1.4184526205062866
187870,18688,1.319570541381836
187880,18689,1.21872079372406
187890,18690,1.1607816219329834
187900,18691,3.227905750274658
187910,18692,1.2756130695343018
187920,18693,1.5388215780258179
187930,18694,0.8042641282081604
187940,18695,1.293938159942627
187950,18696,1.161452293395996
187960,18697,1.3746531009674072
187970,18698,0.9860107898712158
187980,18699,1.9036507606506348
187990,18700,0.6641568541526794
188000,18701,2.825101375579834
188010,18702,1.275314450263977
188020,18703,1.1258291006088257
188030,18704,0.8895869851112366
188040,18705,1.4702143669128418
188050,18706,0.6990084648132324
188060,18707,1.1143157482147217
188070,18708,1.9270639419555664
188080,18709,2.441787004470825
188090,18710,1.4030886888504028
188100,18711,2.9703915119171143
188110,18712,0.8138404488563538
188120,18713,0.8383029103279114
188130,18714,1.366339087486267
188140,18715,1.029067873954773
188150,18716,2.5359058380126953
188160,18717,0.8996416926383972
188170,18718,2.15110445022583
188180,18719,1.3873045444488525
188190,18720,2.5435354709625244
188200,18721,0.897136390209198
188210,18722,0.9852383732795715
188220,18723,1.3023611307144165
188230,18724,0.44712066650390625
188240,18725,0.7620179653167725
188250,18726,2.4323127269744873
188260,18727,2.142465829849243
188270,18728,0.6391099095344543
188280,18729,0.8627929091453552
188290,18730,4.744389533996582
188300,18731,1.0006871223449707
188310,18732,0.8853721022605896
188320,18733,1.7855312824249268
188330,18734,1.5089493989944458
188340,18735,0.8311073780059814
188350,18736,1.374406099319458
188360,18737,0.7727222442626953
188370,18738,0.7442233562469482
188380,18739,0.8819646835327148
188390,18740,5.749490261077881
188400,18741,2.2030153274536133
188410,18742,1.508270025253296
188420,18743,3.9669206142425537
188430,18744,1.3554118871688843
188440,18745,1.5790901184082031
188450,18746,1.5395911931991577
188460,18747,0.9446366429328918
188470,18748,1.4537922143936157
188480,18749,10.411526679992676
188490,18750,0.8699567914009094
188500,18751,2.1578125953674316
188510,18752,0.7520697712898254
188520,18753,0.6059241890907288
188530,18754,0.6090759634971619
188540,18755,1.0483962297439575
188550,18756,1.0733882188796997
188560,18757,1.3722145557403564
188570,18758,1.3755110502243042
188580,18759,1.3769066333770752
188590,18760,0.8325363397598267
188600,18761,0.9810336828231812
188610,18762,1.1038676500320435
188620,18763,1.4683794975280762
188630,18764,3.6581344604492188
188640,18765,0.8383984565734863
188650,18766,1.2576255798339844
188660,18767,0.6122626066207886
188670,18768,1.5610038042068481
188680,18769,4.112104415893555
188690,18770,4.513985633850098
188700,18771,2.1444873809814453
188710,18772,1.8775142431259155
188720,18773,0.713833749294281
188730,18774,0.7653582096099854
188740,18775,1.2335857152938843
188750,18776,2.492644786834717
188760,18777,1.602806568145752
188770,18778,1.242816686630249
188780,18779,1.5973793268203735
188790,18780,1.0812444686889648
188800,18781,3.8377609252929688
188810,18782,1.564517855644226
188820,18783,1.3704484701156616
188830,18784,2.083584785461426
188840,18785,1.4404547214508057
188850,18786,0.8152068257331848
188860,18787,1.6383695602416992
188870,18788,1.2687346935272217
188880,18789,5.451976776123047
188890,18790,0.9734342098236084
188900,18791,3.97457218170166
188910,18792,3.237001657485962
188920,18793,0.692557692527771
188930,18794,1.317705750465393
188940,18795,1.145346999168396
188950,18796,1.0197458267211914
188960,18797,0.7265770435333252
188970,18798,1.2586463689804077
188980,18799,1.9298022985458374
188990,18800,1.2883625030517578
189000,18801,1.6105902194976807
189010,18802,2.709700345993042
189020,18803,2.239769458770752
189030,18804,2.790688991546631
189040,18805,1.0584098100662231
189050,18806,2.1510276794433594
189060,18807,0.8867847323417664
189070,18808,1.0346835851669312
189080,18809,0.8287637233734131
189090,18810,1.3230973482131958
189100,18811,1.6548490524291992
189110,18812,0.8279592990875244
189120,18813,0.6623846292495728
189130,18814,1.1898505687713623
189140,18815,1.297577977180481
189150,18816,4.320157051086426
189160,18817,0.9950768947601318
189170,18818,1.128085970878601
189180,18819,1.8982797861099243
189190,18820,1.3649165630340576
189200,18821,3.858522891998291
189210,18822,1.2971484661102295
189220,18823,1.3091447353363037
189230,18824,1.7489467859268188
189240,18825,1.4286516904830933
189250,18826,1.0714691877365112
189260,18827,1.1309690475463867
189270,18828,1.419958233833313
189280,18829,0.848882794380188
189290,18830,0.970344603061676
189300,18831,2.269848108291626
189310,18832,2.486323118209839
189320,18833,1.1012574434280396
189330,18834,1.5974234342575073
189340,18835,1.4487706422805786
189350,18836,1.1465345621109009
189360,18837,1.1606812477111816
189370,18838,0.9683796763420105
189380,18839,2.7373037338256836
189390,18840,1.4821027517318726
189400,18841,0.9270910024642944
189410,18842,0.9851198196411133
189420,18843,1.8833091259002686
189430,18844,1.2308349609375
189440,18845,1.4787909984588623
189450,18846,1.1476235389709473
189460,18847,1.0411580801010132
189470,18848,2.123903274536133
189480,18849,2.5816383361816406
189490,18850,1.5657539367675781
189500,18851,1.1263720989227295
189510,18852,0.6191789507865906
189520,18853,2.5178329944610596
189530,18854,1.1016182899475098
189540,18855,1.3707516193389893
189550,18856,1.1866143941879272
189560,18857,1.2295310497283936
189570,18858,1.4629943370819092
189580,18859,0.6242114901542664
189590,18860,1.1642307043075562
189600,18861,4.094263553619385
189610,18862,1.3577972650527954
189620,18863,1.1908961534500122
189630,18864,0.8598214983940125
189640,18865,1.1579177379608154
189650,18866,1.2099097967147827
189660,18867,1.076611876487732
189670,18868,1.1940559148788452
189680,18869,1.0976651906967163
189690,18870,4.6035685539245605
189700,18871,0.5234957337379456
189710,18872,0.8054673671722412
189720,18873,0.5118299126625061
189730,18874,2.8418526649475098
189740,18875,1.0034083127975464
189750,18876,0.7332055568695068
189760,18877,1.3730412721633911
189770,18878,0.7159823775291443
189780,18879,1.4601688385009766
189790,18880,1.117643117904663
189800,18881,0.8266152739524841
189810,18882,1.2771960496902466
189820,18883,1.065405249595642
189830,18884,1.926476240158081
189840,18885,1.8887827396392822
189850,18886,1.3433701992034912
189860,18887,0.7643172740936279
189870,18888,0.9732800126075745
189880,18889,1.414249300956726
189890,18890,0.855705738067627
189900,18891,0.7397579550743103
189910,18892,0.9166398048400879
189920,18893,1.2818061113357544
189930,18894,0.6427034735679626
189940,18895,1.7323240041732788
189950,18896,1.050449252128601
189960,18897,1.1521894931793213
189970,18898,1.7083934545516968
189980,18899,0.8167625665664673
189990,18900,0.7262185215950012
190000,18901,1.625038504600525
190010,18902,1.0891423225402832
190020,18903,1.6108180284500122
190030,18904,0.9897662401199341
190040,18905,1.59858238697052
190050,18906,1.5847173929214478
190060,18907,1.943552851676941
190070,18908,1.2062387466430664
190080,18909,1.0805675983428955
190090,18910,1.928174614906311
190100,18911,1.0141695737838745
190110,18912,1.5886142253875732
190120,18913,2.0520827770233154
190130,18914,1.2711812257766724
190140,18915,1.0199811458587646
190150,18916,0.740673840045929
190160,18917,2.225222587585449
190170,18918,0.764896810054779
190180,18919,2.3230059146881104
190190,18920,1.3623969554901123
190200,18921,1.3501112461090088
190210,18922,4.7452216148376465
190220,18923,0.5767669677734375
190230,18924,1.2150810956954956
190240,18925,1.3588749170303345
190250,18926,0.8458325266838074
190260,18927,1.3571009635925293
190270,18928,1.6449061632156372
190280,18929,3.6178033351898193
190290,18930,1.0580872297286987
190300,18931,0.6374400854110718
190310,18932,1.5388461351394653
190320,18933,1.3349530696868896
190330,18934,0.9314945340156555
190340,18935,0.9414772391319275
190350,18936,3.2886085510253906
190360,18937,1.2844146490097046
190370,18938,1.87761390209198
190380,18939,0.6620372533798218
190390,18940,0.680277943611145
190400,18941,1.7557603120803833
190410,18942,1.0553373098373413
190420,18943,2.0277955532073975
190430,18944,0.9211287498474121
190440,18945,3.0020289421081543
190450,18946,1.4319144487380981
190460,18947,3.348126173019409
190470,18948,3.937913656234741
190480,18949,3.2522852420806885
190490,18950,1.8520718812942505
190500,18951,0.8023416996002197
190510,18952,1.1388318538665771
190520,18953,2.109412670135498
190530,18954,1.1131985187530518
190540,18955,2.6333277225494385
190550,18956,3.160695791244507
190560,18957,1.14663565158844
190570,18958,2.2173116207122803
190580,18959,1.9701910018920898
190590,18960,1.3424088954925537
190600,18961,2.1688191890716553
190610,18962,0.9481548070907593
190620,18963,0.3579707443714142
190630,18964,1.8973366022109985
190640,18965,1.102027177810669
190650,18966,0.7758141756057739
190660,18967,1.0294767618179321
190670,18968,1.2870357036590576
190680,18969,1.747344732284546
190690,18970,1.065223217010498
190700,18971,0.6739818453788757
190710,18972,2.1039199829101562
190720,18973,0.7688055634498596
190730,18974,3.0587453842163086
190740,18975,1.5921094417572021
190750,18976,0.6029764413833618
190760,18977,0.7838755249977112
190770,18978,0.5438491106033325
190780,18979,0.7959156036376953
190790,18980,0.907382607460022
190800,18981,1.2646324634552002
190810,18982,1.241747260093689
190820,18983,1.3065696954727173
190830,18984,4.178934574127197
190840,18985,1.5423777103424072
190850,18986,1.5725699663162231
190860,18987,0.9852241277694702
190870,18988,2.3466126918792725
190880,18989,1.1040343046188354
190890,18990,1.769846796989441
190900,18991,1.6267896890640259
190910,18992,3.754384994506836
190920,18993,0.7640472650527954
190930,18994,2.77420973777771
190940,18995,3.632469415664673
190950,18996,0.9531059861183167
190960,18997,1.498422384262085
190970,18998,0.6087075471878052
190980,18999,1.887763500213623
190990,19000,2.3476314544677734
191000,19001,1.7501778602600098
191010,19002,1.8746299743652344
191020,19003,0.8543785810470581
191030,19004,1.0863251686096191
191040,19005,3.459996461868286
191050,19006,1.1291923522949219
191060,19007,1.929376482963562
191070,19008,1.0099409818649292
191080,19009,1.6103205680847168
191090,19010,0.7204881310462952
191100,19011,1.261049747467041
191110,19012,4.156686305999756
191120,19013,1.2915387153625488
191130,19014,2.3873744010925293
191140,19015,1.8855810165405273
191150,19016,1.517738938331604
191160,19017,0.6502072811126709
191170,19018,2.560950994491577
191180,19019,1.1098606586456299
191190,19020,1.6272987127304077
191200,19021,1.1782032251358032
191210,19022,1.161981463432312
191220,19023,1.2191851139068604
191230,19024,0.9352225661277771
191240,19025,1.5235059261322021
191250,19026,1.105578899383545
191260,19027,4.838535308837891
191270,19028,0.8385528326034546
191280,19029,0.8831479549407959
191290,19030,1.2015587091445923
191300,19031,3.651125431060791
191310,19032,0.5605834722518921
191320,19033,1.1821726560592651
191330,19034,1.427119255065918
191340,19035,1.2626030445098877
191350,19036,1.5387730598449707
191360,19037,1.803545355796814
191370,19038,1.537935495376587
191380,19039,1.0042376518249512
191390,19040,1.1983087062835693
191400,19041,2.2349538803100586
191410,19042,1.1370443105697632
191420,19043,1.5394580364227295
191430,19044,0.9044989347457886
191440,19045,0.8046114444732666
191450,19046,1.581873893737793
191460,19047,5.0076904296875
191470,19048,1.1592564582824707
191480,19049,0.5629363059997559
191490,19050,1.98512864112854
191500,19051,1.3213073015213013
191510,19052,1.0794925689697266
191520,19053,1.1741896867752075
191530,19054,2.474883556365967
191540,19055,1.6312193870544434
191550,19056,1.2361488342285156
191560,19057,2.030088186264038
191570,19058,1.8039615154266357
191580,19059,1.3755677938461304
191590,19060,2.3488850593566895
191600,19061,0.9660922288894653
191610,19062,1.5353676080703735
191620,19063,1.6756370067596436
191630,19064,1.3588390350341797
191640,19065,1.340817928314209
191650,19066,0.9394578337669373
191660,19067,3.010068655014038
191670,19068,0.9846488237380981
191680,19069,0.7057308554649353
191690,19070,1.3924988508224487
191700,19071,1.555149793624878
191710,19072,1.186344861984253
191720,19073,1.6385583877563477
191730,19074,3.342622756958008
191740,19075,1.1696521043777466
191750,19076,3.217350721359253
191760,19077,1.33511221408844
191770,19078,1.1374400854110718
191780,19079,2.9203200340270996
191790,19080,1.0485122203826904
191800,19081,0.43931204080581665
191810,19082,3.0008602142333984
191820,19083,0.8619776964187622
191830,19084,2.377307176589966
191840,19085,1.5941741466522217
191850,19086,0.9809055924415588
191860,19087,1.6844948530197144
191870,19088,2.444697618484497
191880,19089,2.830620765686035
191890,19090,1.7179131507873535
191900,19091,0.6441400051116943
191910,19092,1.8565977811813354
191920,19093,1.593712568283081
191930,19094,1.486735224723816
191940,19095,1.2454930543899536
191950,19096,2.7406060695648193
191960,19097,3.0684423446655273
191970,19098,1.4346120357513428
191980,19099,1.5290473699569702
191990,19100,2.688838243484497
192000,19101,1.4976712465286255
192010,19102,2.2961628437042236
192020,19103,1.8503950834274292
192030,19104,1.3933640718460083
192040,19105,0.598590612411499
192050,19106,1.382500171661377
192060,19107,1.4347577095031738
192070,19108,1.571889042854309
192080,19109,1.175887942314148
192090,19110,1.2349884510040283
192100,19111,2.0853312015533447
192110,19112,2.446357250213623
192120,19113,1.8907238245010376
192130,19114,2.2997868061065674
192140,19115,1.6600682735443115
192150,19116,1.1660733222961426
192160,19117,3.8973636627197266
192170,19118,1.470513939857483
192180,19119,1.326422929763794
192190,19120,2.846815347671509
192200,19121,3.3299951553344727
192210,19122,1.2407009601593018
192220,19123,1.178017020225525
192230,19124,1.3005156517028809
192240,19125,2.2721941471099854
192250,19126,0.9363061189651489
192260,19127,1.1033984422683716
192270,19128,1.9423162937164307
192280,19129,0.9333906769752502
192290,19130,0.959921658039093
192300,19131,1.0880697965621948
192310,19132,1.1947993040084839
192320,19133,1.1637154817581177
192330,19134,1.5182271003723145
192340,19135,1.5682405233383179
192350,19136,1.8523756265640259
192360,19137,1.1620796918869019
192370,19138,0.9498978853225708
192380,19139,1.5850564241409302
192390,19140,0.883637547492981
192400,19141,0.47220367193222046
192410,19142,1.9635295867919922
192420,19143,1.5720813274383545
192430,19144,1.462236762046814
192440,19145,1.7277921438217163
192450,19146,1.6546881198883057
192460,19147,2.5342583656311035
192470,19148,1.209458827972412
192480,19149,2.2487378120422363
192490,19150,1.0237313508987427
192500,19151,1.6625103950500488
192510,19152,1.025461196899414
192520,19153,1.6901395320892334
192530,19154,3.0317022800445557
192540,19155,1.2464808225631714
192550,19156,1.7847011089324951
192560,19157,2.258164644241333
192570,19158,1.9506816864013672
192580,19159,1.541943073272705
192590,19160,1.4819823503494263
192600,19161,2.7979960441589355
192610,19162,1.054770827293396
192620,19163,1.8813034296035767
192630,19164,0.7550750970840454
192640,19165,1.0800743103027344
192650,19166,1.288774013519287
192660,19167,1.3261209726333618
192670,19168,4.403844356536865
192680,19169,0.9328174591064453
192690,19170,1.7974374294281006
192700,19171,1.6791576147079468
192710,19172,2.1095426082611084
192720,19173,3.405550956726074
192730,19174,1.4789986610412598
192740,19175,2.759364366531372
192750,19176,1.0741242170333862
192760,19177,1.295434832572937
192770,19178,2.903273344039917
192780,19179,1.5326189994812012
192790,19180,1.8334581851959229
192800,19181,1.5750030279159546
192810,19182,1.3174482583999634
192820,19183,0.7822086215019226
192830,19184,0.7029769420623779
192840,19185,1.246453046798706
192850,19186,2.3273239135742188
192860,19187,1.5966546535491943
192870,19188,2.4772965908050537
192880,19189,2.040466547012329
192890,19190,1.3346812725067139
192900,19191,0.9758999347686768
192910,19192,1.2465460300445557
192920,19193,2.5236499309539795
192930,19194,1.107123851776123
192940,19195,3.155238151550293
192950,19196,1.0054702758789062
192960,19197,1.5414185523986816
192970,19198,2.134640693664551
192980,19199,1.9247716665267944
192990,19200,1.466972827911377
193000,19201,5.747392654418945
193010,19202,1.1277210712432861
193020,19203,1.1092560291290283
193030,19204,4.1376261711120605
193040,19205,1.4593721628189087
193050,19206,0.7263680696487427
193060,19207,1.81985604763031
193070,19208,1.9613854885101318
193080,19209,1.300707459449768
193090,19210,0.900402307510376
193100,19211,1.4436208009719849
193110,19212,0.9077503085136414
193120,19213,1.7448042631149292
193130,19214,0.6664274334907532
193140,19215,1.0291680097579956
193150,19216,0.9424951672554016
193160,19217,2.4505603313446045
193170,19218,1.9395760297775269
193180,19219,0.9796181321144104
193190,19220,1.0599621534347534
193200,19221,2.346034288406372
193210,19222,1.4692163467407227
193220,19223,1.2071813344955444
193230,19224,0.9558526277542114
193240,19225,0.49153199791908264
193250,19226,1.1863429546356201
193260,19227,1.42738676071167
193270,19228,2.7303779125213623
193280,19229,1.455199956893921
193290,19230,2.4736695289611816
193300,19231,1.1618337631225586
193310,19232,0.7143189907073975
193320,19233,0.7082550525665283
193330,19234,1.3383790254592896
193340,19235,1.2450544834136963
193350,19236,1.6710338592529297
193360,19237,1.1523053646087646
193370,19238,0.7255765199661255
193380,19239,0.5215275287628174
193390,19240,2.537452220916748
193400,19241,1.8844068050384521
193410,19242,1.3661600351333618
193420,19243,0.661798357963562
193430,19244,0.8000114560127258
193440,19245,1.9999349117279053
193450,19246,0.9204327464103699
193460,19247,0.8625648617744446
193470,19248,1.3564887046813965
193480,19249,0.6627078652381897
193490,19250,1.5762264728546143
193500,19251,0.5619081854820251
193510,19252,1.156718373298645
193520,19253,1.4828206300735474
193530,19254,1.1094088554382324
193540,19255,1.9544939994812012
193550,19256,0.942298173904419
193560,19257,2.0959293842315674
193570,19258,0.8101447224617004
193580,19259,0.7693970203399658
193590,19260,1.1964620351791382
193600,19261,1.0870314836502075
193610,19262,2.1890201568603516
193620,19263,1.0949723720550537
193630,19264,1.3142403364181519
193640,19265,1.0454062223434448
193650,19266,0.9877712726593018
193660,19267,0.9350523352622986
193670,19268,3.1801044940948486
193680,19269,1.1914881467819214
193690,19270,2.9536657333374023
193700,19271,0.8033515810966492
193710,19272,1.5716121196746826
193720,19273,0.6550761461257935
193730,19274,0.934736967086792
193740,19275,1.2221792936325073
193750,19276,1.2976229190826416
193760,19277,1.4822449684143066
193770,19278,0.3267156183719635
193780,19279,1.2895843982696533
193790,19280,1.0220375061035156
193800,19281,4.351678371429443
193810,19282,1.4086484909057617
193820,19283,1.7415021657943726
193830,19284,0.8406493663787842
193840,19285,1.3649851083755493
193850,19286,1.289270281791687
193860,19287,1.0321580171585083
193870,19288,3.063753366470337
193880,19289,1.326366662979126
193890,19290,1.2967150211334229
193900,19291,1.28929603099823
193910,19292,0.5204989314079285
193920,19293,1.046588659286499
193930,19294,0.6935347318649292
193940,19295,1.285451054573059
193950,19296,0.6335870623588562
193960,19297,1.2306849956512451
193970,19298,1.731860876083374
193980,19299,1.4051990509033203
193990,19300,1.210130214691162
194000,19301,0.8833664655685425
194010,19302,2.5066440105438232
194020,19303,1.2770466804504395
194030,19304,1.798417329788208
194040,19305,2.0885982513427734
194050,19306,1.037036418914795
194060,19307,1.8385183811187744
194070,19308,1.2793759107589722
194080,19309,1.0217771530151367
194090,19310,3.557666301727295
194100,19311,1.8985800743103027
194110,19312,1.1748350858688354
194120,19313,3.219296932220459
194130,19314,1.2937648296356201
194140,19315,1.9377806186676025
194150,19316,0.7829325199127197
194160,19317,1.2016149759292603
194170,19318,1.7061842679977417
194180,19319,1.7014704942703247
194190,19320,1.249173641204834
194200,19321,1.4806091785430908
194210,19322,3.26177978515625
194220,19323,0.791102409362793
194230,19324,1.3832823038101196
194240,19325,1.582841157913208
194250,19326,0.829449474811554
194260,19327,1.2433297634124756
194270,19328,1.7691867351531982
194280,19329,1.4422144889831543
194290,19330,2.884582996368408
194300,19331,1.2950772047042847
194310,19332,1.3622980117797852
194320,19333,0.7914910912513733
194330,19334,1.0450385808944702
194340,19335,1.6379259824752808
194350,19336,0.6854366660118103
194360,19337,1.9134687185287476
194370,19338,1.4460175037384033
194380,19339,3.138474225997925
194390,19340,0.9215485453605652
194400,19341,1.6404873132705688
194410,19342,3.1380062103271484
194420,19343,0.9743279218673706
194430,19344,1.0777069330215454
194440,19345,0.5641854405403137
194450,19346,2.0259737968444824
194460,19347,2.6004037857055664
194470,19348,1.2515790462493896
194480,19349,2.039215087890625
194490,19350,0.6496690511703491
194500,19351,1.981897234916687
194510,19352,1.2773042917251587
194520,19353,1.7309671640396118
194530,19354,2.929051399230957
194540,19355,2.596330165863037
194550,19356,1.124194622039795
194560,19357,1.6827850341796875
194570,19358,0.9664165377616882
194580,19359,1.4065916538238525
194590,19360,1.0882856845855713
194600,19361,1.1971409320831299
194610,19362,1.6129146814346313
194620,19363,2.191419839859009
194630,19364,1.2591654062271118
194640,19365,1.8441332578659058
194650,19366,1.4652738571166992
194660,19367,1.4540321826934814
194670,19368,2.111335277557373
194680,19369,1.0972185134887695
194690,19370,0.9662798643112183
194700,19371,2.2048544883728027
194710,19372,0.8083670735359192
194720,19373,1.363246202468872
194730,19374,1.6325956583023071
194740,19375,1.7803194522857666
194750,19376,1.0174031257629395
194760,19377,1.6524090766906738
194770,19378,1.8625435829162598
194780,19379,0.9756913185119629
194790,19380,1.5815201997756958
194800,19381,1.5471097230911255
194810,19382,1.3420473337173462
194820,19383,2.113685131072998
194830,19384,1.280572772026062
194840,19385,0.8902398943901062
194850,19386,1.9184941053390503
194860,19387,0.9011170268058777
194870,19388,1.4591147899627686
194880,19389,1.3498362302780151
194890,19390,1.1357150077819824
194900,19391,0.8465234041213989
194910,19392,1.3943694829940796
194920,19393,2.162665843963623
194930,19394,1.2596282958984375
194940,19395,3.118408441543579
194950,19396,3.43532395362854
194960,19397,0.7560970783233643
194970,19398,1.6633981466293335
194980,19399,1.9774829149246216
194990,19400,1.3682087659835815
195000,19401,0.84543377161026
195010,19402,2.6061513423919678
195020,19403,2.8745739459991455
195030,19404,1.6911252737045288
195040,19405,2.39517879486084
195050,19406,3.2210958003997803
195060,19407,1.3687934875488281
195070,19408,2.700291156768799
195080,19409,2.597694158554077
195090,19410,1.550381064414978
195100,19411,0.9684945344924927
195110,19412,1.4823514223098755
195120,19413,1.6971940994262695
195130,19414,2.106055736541748
195140,19415,1.4780101776123047
195150,19416,0.6404770612716675
195160,19417,1.2998805046081543
195170,19418,1.6519135236740112
195180,19419,1.9092791080474854
195190,19420,1.352038860321045
195200,19421,3.235773801803589
195210,19422,1.1200623512268066
195220,19423,1.486867070198059
195230,19424,1.254999041557312
195240,19425,1.5630717277526855
195250,19426,1.5242362022399902
195260,19427,1.5468809604644775
195270,19428,0.7379192113876343
195280,19429,0.9012879729270935
195290,19430,1.7718175649642944
195300,19431,1.412206768989563
195310,19432,1.850383996963501
195320,19433,1.08466637134552
195330,19434,0.6192976832389832
195340,19435,2.9077041149139404
195350,19436,0.9750346541404724
195360,19437,1.1240111589431763
195370,19438,1.3317344188690186
195380,19439,1.6410208940505981
195390,19440,0.7968071699142456
195400,19441,1.2086150646209717
195410,19442,1.7376503944396973
195420,19443,1.5321509838104248
195430,19444,0.875110924243927
195440,19445,2.776001214981079
195450,19446,4.043910026550293
195460,19447,1.7571747303009033
195470,19448,1.04818856716156
195480,19449,1.373005747795105
195490,19450,3.8830792903900146
195500,19451,1.8314204216003418
195510,19452,1.8519419431686401
195520,19453,1.6516153812408447
195530,19454,0.6915467381477356
195540,19455,0.9498265385627747
195550,19456,3.240633964538574
195560,19457,1.1163811683654785
195570,19458,0.967538058757782
195580,19459,1.457871675491333
195590,19460,2.044569730758667
195600,19461,0.6078407764434814
195610,19462,0.5251920223236084
195620,19463,1.660271406173706
195630,19464,0.8939661383628845
195640,19465,0.8514292240142822
195650,19466,1.2727705240249634
195660,19467,0.8344857692718506
195670,19468,1.5158660411834717
195680,19469,0.8437236547470093
195690,19470,1.8342431783676147
195700,19471,0.9983063340187073
195710,19472,2.3517754077911377
195720,19473,2.935379981994629
195730,19474,0.8816786408424377
195740,19475,0.6647948622703552
195750,19476,0.9713076949119568
195760,19477,1.9989795684814453
195770,19478,1.4153971672058105
195780,19479,0.6810763478279114
195790,19480,1.5900169610977173
195800,19481,1.0762465000152588
195810,19482,1.092198371887207
195820,19483,2.379951238632202
195830,19484,2.058765172958374
195840,19485,2.2100796699523926
195850,19486,1.273496150970459
195860,19487,2.040719509124756
195870,19488,1.3127031326293945
195880,19489,1.1839125156402588
195890,19490,0.9428788423538208
195900,19491,2.1606218814849854
195910,19492,1.9216837882995605
195920,19493,1.0514404773712158
195930,19494,1.8428834676742554
195940,19495,1.0663340091705322
195950,19496,1.4330353736877441
195960,19497,0.7336689233779907
195970,19498,3.6469833850860596
195980,19499,1.3649694919586182
195990,19500,2.383789300918579
196000,19501,0.7888087034225464
196010,19502,2.593352794647217
196020,19503,1.9838716983795166
196030,19504,0.6140173077583313
196040,19505,3.3915600776672363
196050,19506,2.25618314743042
196060,19507,1.5547806024551392
196070,19508,3.0218346118927
196080,19509,1.6346861124038696
196090,19510,1.6398952007293701
196100,19511,1.2543269395828247
196110,19512,1.6840314865112305
196120,19513,1.4478085041046143
196130,19514,1.693979263305664
196140,19515,1.6469011306762695
196150,19516,1.49373197555542
196160,19517,5.965336799621582
196170,19518,0.7664531469345093
196180,19519,1.417521357536316
196190,19520,1.9762777090072632
196200,19521,0.85542231798172
196210,19522,2.31231951713562
196220,19523,1.2735331058502197
196230,19524,2.463724374771118
196240,19525,1.450308084487915
196250,19526,1.1218292713165283
196260,19527,0.6943969130516052
196270,19528,1.8071174621582031
196280,19529,3.5536513328552246
196290,19530,6.529500484466553
196300,19531,0.911514401435852
196310,19532,0.7151893973350525
196320,19533,4.743823051452637
196330,19534,1.788717269897461
196340,19535,2.701153516769409
196350,19536,1.4920278787612915
196360,19537,1.8527638912200928
196370,19538,1.4888044595718384
196380,19539,3.312004566192627
196390,19540,1.4959977865219116
196400,19541,2.1198959350585938
196410,19542,2.0867419242858887
196420,19543,2.238588333129883
196430,19544,0.7616147994995117
196440,19545,2.496058464050293
196450,19546,3.386539936065674
196460,19547,0.8869105577468872
196470,19548,1.9031471014022827
196480,19549,2.3871212005615234
196490,19550,1.9181534051895142
196500,19551,0.9770570993423462
196510,19552,1.5954562425613403
196520,19553,1.5018980503082275
196530,19554,1.005331039428711
196540,19555,1.0874625444412231
196550,19556,0.6636241674423218
196560,19557,1.4405553340911865
196570,19558,1.3813447952270508
196580,19559,1.6346080303192139
196590,19560,1.546201467514038
196600,19561,1.5542645454406738
196610,19562,4.458200931549072
196620,19563,1.005446195602417
196630,19564,2.3418161869049072
196640,19565,1.2427027225494385
196650,19566,0.9434263110160828
196660,19567,0.7532867193222046
196670,19568,1.8433995246887207
196680,19569,1.2726917266845703
196690,19570,0.4900180995464325
196700,19571,1.1728410720825195
196710,19572,0.7157902121543884
196720,19573,0.9315427541732788
196730,19574,1.192310094833374
196740,19575,0.5865986347198486
196750,19576,1.719709873199463
196760,19577,1.23866868019104
196770,19578,0.6813362240791321
196780,19579,1.7958219051361084
196790,19580,1.132888913154602
196800,19581,1.7647045850753784
196810,19582,1.207150936126709
196820,19583,1.007997751235962
196830,19584,0.6490038633346558
196840,19585,0.7359380125999451
196850,19586,0.8573663830757141
196860,19587,0.6692729592323303
196870,19588,1.1616733074188232
196880,19589,1.0602384805679321
196890,19590,0.8520461916923523
196900,19591,1.1182262897491455
196910,19592,1.834523320198059
196920,19593,1.444641351699829
196930,19594,0.6515921950340271
196940,19595,0.8339946269989014
196950,19596,1.399720549583435
196960,19597,3.260474443435669
196970,19598,4.929670333862305
196980,19599,1.4976701736450195
196990,19600,0.8215125203132629
197000,19601,1.7702802419662476
197010,19602,1.8404603004455566
197020,19603,1.2572810649871826
197030,19604,1.1151665449142456
197040,19605,2.395017623901367
197050,19606,1.1299057006835938
197060,19607,1.3857719898223877
197070,19608,1.5837522745132446
197080,19609,1.035127878189087
197090,19610,2.9963114261627197
197100,19611,1.5675594806671143
197110,19612,1.7050660848617554
197120,19613,1.3621623516082764
197130,19614,0.645296573638916
197140,19615,1.9600152969360352
197150,19616,0.8312084674835205
197160,19617,1.2355797290802002
197170,19618,1.4678500890731812
197180,19619,1.0427899360656738
197190,19620,2.197749137878418
197200,19621,1.252678632736206
197210,19622,0.9582215547561646
197220,19623,1.36604642868042
197230,19624,1.1304951906204224
197240,19625,1.849336862564087
197250,19626,0.6364913582801819
197260,19627,1.3948447704315186
197270,19628,0.867438793182373
197280,19629,1.2344248294830322
197290,19630,1.824803113937378
197300,19631,1.06702721118927
197310,19632,3.6475276947021484
197320,19633,1.169853925704956
197330,19634,2.206327438354492
197340,19635,0.5275684595108032
197350,19636,1.378767490386963
197360,19637,2.3324427604675293
197370,19638,1.9389991760253906
197380,19639,2.0667686462402344
197390,19640,1.485201358795166
197400,19641,0.6653844118118286
197410,19642,0.8809757828712463
197420,19643,1.617545247077942
197430,19644,0.6958324909210205
197440,19645,1.5755523443222046
197450,19646,1.3305646181106567
197460,19647,2.400183916091919
197470,19648,0.7869877219200134
197480,19649,1.4117814302444458
197490,19650,1.6280573606491089
197500,19651,1.574562668800354
197510,19652,1.1969730854034424
197520,19653,0.8799116611480713
197530,19654,2.067966938018799
197540,19655,1.1209661960601807
197550,19656,1.0947215557098389
197560,19657,1.0994079113006592
197570,19658,0.8679591417312622
197580,19659,1.599644660949707
197590,19660,1.186233401298523
197600,19661,2.9676568508148193
197610,19662,0.6218017935752869
197620,19663,1.8152449131011963
197630,19664,1.6069953441619873
197640,19665,1.5231740474700928
197650,19666,1.696258306503296
197660,19667,0.8098906874656677
197670,19668,1.213939905166626
197680,19669,1.6507112979888916
197690,19670,0.48602378368377686
197700,19671,1.429559350013733
197710,19672,1.0447895526885986
197720,19673,1.2756359577178955
197730,19674,1.4592928886413574
197740,19675,1.0919744968414307
197750,19676,0.9674909114837646
197760,19677,0.8282637596130371
197770,19678,0.8203340768814087
197780,19679,2.94625186920166
197790,19680,0.793775200843811
197800,19681,2.7013306617736816
197810,19682,1.3520731925964355
197820,19683,0.9853900671005249
197830,19684,1.7757593393325806
197840,19685,1.7351127862930298
197850,19686,1.0492231845855713
197860,19687,1.0867422819137573
197870,19688,0.9921445250511169
197880,19689,1.0718046426773071
197890,19690,1.6133732795715332
197900,19691,2.172821283340454
197910,19692,2.648876190185547
197920,19693,1.2628257274627686
197930,19694,1.0454899072647095
197940,19695,1.2733677625656128
197950,19696,1.7747454643249512
197960,19697,3.2633347511291504
197970,19698,1.247063398361206
197980,19699,0.976608157157898
197990,19700,2.149927854537964
198000,19701,1.4780540466308594
198010,19702,2.5397186279296875
198020,19703,1.778660774230957
198030,19704,1.4713375568389893
198040,19705,3.409705877304077
198050,19706,3.238983154296875
198060,19707,1.1801832914352417
198070,19708,1.1143802404403687
198080,19709,1.9495183229446411
198090,19710,1.6975035667419434
198100,19711,1.2810560464859009
198110,19712,1.5808093547821045
198120,19713,1.9767966270446777
198130,19714,0.756972074508667
198140,19715,2.679849863052368
198150,19716,2.5741660594940186
198160,19717,1.5368432998657227
198170,19718,2.031733512878418
198180,19719,0.9400161504745483
198190,19720,0.7027536034584045
198200,19721,1.2026416063308716
198210,19722,1.9628826379776
198220,19723,1.8363447189331055
198230,19724,1.1737208366394043
198240,19725,1.5174955129623413
198250,19726,1.4531440734863281
198260,19727,1.5083423852920532
198270,19728,1.8195488452911377
198280,19729,2.182138681411743
198290,19730,6.198908805847168
198300,19731,2.3994367122650146
198310,19732,3.0363609790802
198320,19733,2.1338188648223877
198330,19734,3.0787010192871094
198340,19735,2.78128719329834
198350,19736,1.6639081239700317
198360,19737,2.219128370285034
198370,19738,0.5978918075561523
198380,19739,1.5548254251480103
198390,19740,1.5937391519546509
198400,19741,1.6510127782821655
198410,19742,1.1742995977401733
198420,19743,0.9440650939941406
198430,19744,2.4937572479248047
198440,19745,0.8788672685623169
198450,19746,1.014093279838562
198460,19747,4.202418804168701
198470,19748,2.3913443088531494
198480,19749,1.3070980310440063
198490,19750,0.5962457656860352
198500,19751,1.1604305505752563
198510,19752,0.7646627426147461
198520,19753,1.8316459655761719
198530,19754,1.431677222251892
198540,19755,1.1996761560440063
198550,19756,1.3806264400482178
198560,19757,0.8277826309204102
198570,19758,1.354469656944275
198580,19759,1.9974864721298218
198590,19760,2.8217310905456543
198600,19761,1.621695637702942
198610,19762,0.6126390099525452
198620,19763,0.6949306130409241
198630,19764,1.5665472745895386
198640,19765,2.755183458328247
198650,19766,0.888111412525177
198660,19767,2.018756628036499
198670,19768,1.1780576705932617
198680,19769,1.2668416500091553
198690,19770,1.102432370185852
198700,19771,5.418239593505859
198710,19772,0.5378406047821045
198720,19773,1.4273182153701782
198730,19774,0.8541567325592041
198740,19775,2.300002098083496
198750,19776,1.2946163415908813
198760,19777,0.9380713105201721
198770,19778,0.6723955869674683
198780,19779,1.302618384361267
198790,19780,1.1967883110046387
198800,19781,0.9458805322647095
198810,19782,1.2796673774719238
198820,19783,1.0619244575500488
198830,19784,1.5620760917663574
198840,19785,3.182229995727539
198850,19786,0.9062613248825073
198860,19787,1.1625570058822632
198870,19788,1.1276137828826904
198880,19789,1.7665468454360962
198890,19790,0.9064716100692749
198900,19791,1.4826323986053467
198910,19792,0.7808597683906555
198920,19793,2.008366346359253
198930,19794,1.050623893737793
198940,19795,0.8670859336853027
198950,19796,1.063563346862793
198960,19797,1.8645312786102295
198970,19798,8.242608070373535
198980,19799,2.28722882270813
198990,19800,1.6133965253829956
199000,19801,1.0740721225738525
199010,19802,1.1200368404388428
199020,19803,1.0433053970336914
199030,19804,1.0977654457092285
199040,19805,1.365728735923767
199050,19806,1.4938757419586182
199060,19807,2.2698848247528076
199070,19808,1.6262645721435547
199080,19809,0.9771444797515869
199090,19810,3.985520839691162
199100,19811,1.7097198963165283
199110,19812,1.0820072889328003
199120,19813,2.221034526824951
199130,19814,1.4544432163238525
199140,19815,1.7217516899108887
199150,19816,3.1937687397003174
199160,19817,1.3199490308761597
199170,19818,0.9338001608848572
199180,19819,0.9545861482620239
199190,19820,1.2615065574645996
199200,19821,1.3258304595947266
199210,19822,0.6970836520195007
199220,19823,0.7198558449745178
199230,19824,1.4010274410247803
199240,19825,4.380904197692871
199250,19826,0.7370331883430481
199260,19827,0.9976559281349182
199270,19828,1.3475236892700195
199280,19829,1.1823012828826904
199290,19830,3.671184539794922
199300,19831,1.8931342363357544
199310,19832,2.0876429080963135
199320,19833,0.8226816058158875
199330,19834,1.175142765045166
199340,19835,1.7955589294433594
199350,19836,1.9221795797348022
199360,19837,0.82178795337677
199370,19838,1.4023526906967163
199380,19839,1.2307281494140625
199390,19840,1.855422854423523
199400,19841,1.2593624591827393
199410,19842,1.2787725925445557
199420,19843,1.4077568054199219
199430,19844,1.1079355478286743
199440,19845,0.6146998405456543
199450,19846,0.9543344378471375
199460,19847,1.5431005954742432
199470,19848,1.6949453353881836
199480,19849,0.7695027589797974
199490,19850,3.531534433364868
199500,19851,0.6956910490989685
199510,19852,1.213988184928894
199520,19853,1.6098965406417847
199530,19854,0.8812668323516846
199540,19855,0.7044923305511475
199550,19856,1.9620380401611328
199560,19857,0.9767404794692993
199570,19858,1.1991040706634521
199580,19859,0.8845962285995483
199590,19860,1.1415828466415405
199600,19861,1.0263829231262207
199610,19862,5.426272869110107
199620,19863,1.3564903736114502
199630,19864,2.412639856338501
199640,19865,1.7894883155822754
199650,19866,0.4093121588230133
199660,19867,1.3170828819274902
199670,19868,1.2454248666763306
199680,19869,1.8536505699157715
199690,19870,1.1035056114196777
199700,19871,1.4380872249603271
199710,19872,1.812952995300293
199720,19873,1.2252395153045654
199730,19874,1.7828963994979858
199740,19875,1.8765194416046143
199750,19876,1.107459306716919
199760,19877,0.885316789150238
199770,19878,1.0760068893432617
199780,19879,1.240630030632019
199790,19880,1.0587966442108154
199800,19881,4.25751256942749
199810,19882,1.2739195823669434
199820,19883,1.1507830619812012
199830,19884,1.4703292846679688
199840,19885,1.5775830745697021
199850,19886,0.9605495929718018
199860,19887,1.2119841575622559
199870,19888,2.8004496097564697
199880,19889,0.7555451393127441
199890,19890,2.1782944202423096
199900,19891,1.3187028169631958
199910,19892,1.769857406616211
199920,19893,2.280729293823242
199930,19894,1.6997454166412354
199940,19895,1.0991123914718628
199950,19896,2.567972183227539
199960,19897,3.40907883644104
199970,19898,1.4063960313796997
199980,19899,1.6099517345428467
199990,19900,0.7927314639091492
200000,19901,0.6947678923606873
