environment_step,learning_update,td_loss
70,1,0.01913231611251831
80,2,0.01589135453104973
90,3,0.011897957883775234
100,4,0.007180081680417061
110,5,0.028715480118989944
120,6,0.028866147622466087
130,7,0.08159305155277252
140,8,0.08063934743404388
150,9,0.2311246693134308
160,10,0.16148731112480164
170,11,0.07333925366401672
180,12,0.3694298565387726
190,13,0.07139904052019119
200,14,0.21284545958042145
210,15,0.1608506739139557
220,16,0.20490306615829468
230,17,0.1594056934118271
240,18,0.24551694095134735
250,19,0.1590414196252823
260,20,0.31196439266204834
270,21,0.40781235694885254
280,22,0.1547117680311203
290,23,0.1576460599899292
300,24,0.2938711643218994
310,25,0.3506910800933838
320,26,0.1914636343717575
330,27,0.3029748797416687
340,28,0.3412821590900421
350,29,0.27689144015312195
360,30,0.2725335955619812
370,31,0.36057424545288086
380,32,0.3081698417663574
390,33,0.29784542322158813
400,34,0.3982290029525757
410,35,0.22646906971931458
420,36,0.242650106549263
430,37,0.33652791380882263
440,38,0.2909088730812073
450,39,0.3149109184741974
460,40,0.26605960726737976
470,41,0.3894347548484802
480,42,0.42441511154174805
490,43,0.3994046151638031
500,44,0.19563999772071838
510,45,0.2677273154258728
520,46,0.49820852279663086
530,47,0.47915223240852356
540,48,0.2133280634880066
550,49,0.5646010041236877
560,50,0.7548905611038208
570,51,0.4898463785648346
580,52,0.40552136301994324
590,53,0.5964748859405518
600,54,0.49362272024154663
610,55,0.2290058135986328
620,56,0.28845828771591187
630,57,0.372873991727829
640,58,0.4425203800201416
650,59,0.38814693689346313
660,60,0.6958868503570557
670,61,0.5008662939071655
680,62,0.3821386992931366
690,63,0.5377565622329712
700,64,0.39097627997398376
710,65,0.1976393610239029
720,66,0.4350094199180603
730,67,0.2452467381954193
740,68,0.21369728446006775
750,69,0.42163440585136414
760,70,0.2674534320831299
770,71,0.6437602043151855
780,72,0.220661461353302
790,73,0.2741398811340332
800,74,0.18153740465641022
810,75,0.17091912031173706
820,76,0.3690287172794342
830,77,0.36529940366744995
840,78,0.1865520477294922
850,79,0.285798579454422
860,80,0.5070558786392212
870,81,0.3282281458377838
880,82,0.21560680866241455
890,83,0.3613969385623932
900,84,0.6397278308868408
910,85,0.3063066601753235
920,86,0.3044034242630005
930,87,0.5787293314933777
940,88,0.4119996428489685
950,89,0.3873198330402374
960,90,0.5128455758094788
970,91,0.13226856291294098
980,92,0.301896333694458
990,93,0.2879413664340973
1000,94,0.3160683512687683
1010,95,0.3912227749824524
1020,96,0.4210805594921112
1030,97,0.38641655445098877
1040,98,0.2214992344379425
1050,99,0.24183081090450287
1060,100,0.4580681622028351
1070,101,0.5266397595405579
1080,102,0.5317847728729248
1090,103,0.38575655221939087
1100,104,0.24953794479370117
1110,105,0.6694329380989075
1120,106,0.25344544649124146
1130,107,0.08537239581346512
1140,108,0.1389312744140625
1150,109,0.3017711639404297
1160,110,0.18384656310081482
1170,111,0.37024638056755066
1180,112,0.08188171684741974
1190,113,0.19490143656730652
1200,114,0.421886682510376
1210,115,0.4157399833202362
1220,116,0.17318160831928253
1230,117,0.25677263736724854
1240,118,0.3980107605457306
1250,119,0.16051897406578064
1260,120,0.324174702167511
1270,121,0.20578959584236145
1280,122,0.2086154669523239
1290,123,0.3998686671257019
1300,124,0.12360828369855881
1310,125,0.15236639976501465
1320,126,0.26577308773994446
1330,127,0.2224753499031067
1340,128,0.3256080150604248
1350,129,0.2267952561378479
1360,130,0.37514084577560425
1370,131,0.28783753514289856
1380,132,0.1039113849401474
1390,133,0.13460038602352142
1400,134,0.2179242968559265
1410,135,0.2705900967121124
1420,136,0.35986271500587463
1430,137,0.3792697489261627
1440,138,0.22319012880325317
1450,139,0.4739072918891907
1460,140,0.15646106004714966
1470,141,0.3828396499156952
1480,142,0.2298857569694519
1490,143,0.38373762369155884
1500,144,0.0986618623137474
1510,145,0.10393869876861572
1520,146,0.1545586735010147
1530,147,0.0758553221821785
1540,148,0.18005423247814178
1550,149,0.2048896998167038
1560,150,0.1811419278383255
1570,151,0.46932879090309143
1580,152,0.21820107102394104
1590,153,0.12199264764785767
1600,154,0.1743474006652832
1610,155,0.2663606107234955
1620,156,0.13309629261493683
1630,157,0.22631427645683289
1640,158,0.1729763299226761
1650,159,0.3399381935596466
1660,160,0.20228633284568787
1670,161,0.4018156826496124
1680,162,0.2259175181388855
1690,163,0.176595076918602
1700,164,0.07361405342817307
1710,165,0.10383465886116028
1720,166,0.09483024477958679
1730,167,0.1715293526649475
1740,168,0.1485898643732071
1750,169,0.13978098332881927
1760,170,0.21407999098300934
1770,171,0.13851231336593628
1780,172,0.201152503490448
1790,173,0.17871131002902985
1800,174,0.14869782328605652
1810,175,0.0875338539481163
1820,176,0.03456755727529526
1830,177,0.23005416989326477
1840,178,0.13080786168575287
1850,179,0.10752498358488083
1860,180,0.4681853950023651
1870,181,0.12147070467472076
1880,182,0.17666609585285187
1890,183,0.15628071129322052
1900,184,0.17394109070301056
1910,185,0.06251835823059082
1920,186,0.14638623595237732
1930,187,0.13892123103141785
1940,188,0.30608946084976196
1950,189,0.3631511628627777
1960,190,0.12183410674333572
1970,191,0.12065999954938889
1980,192,0.3057090640068054
1990,193,0.1328372359275818
2000,194,0.10371913015842438
2010,195,0.24637894332408905
2020,196,0.22086060047149658
2030,197,0.19800907373428345
2040,198,0.20375797152519226
2050,199,0.03509661182761192
2060,200,0.09985645860433578
2070,201,0.0256752111017704
2080,202,0.10795348882675171
2090,203,0.18947070837020874
2100,204,0.15747539699077606
2110,205,0.21244628727436066
2120,206,0.3675656318664551
2130,207,0.21423949301242828
2140,208,0.13977859914302826
2150,209,0.08207479119300842
2160,210,0.0900764986872673
2170,211,0.058252301067113876
2180,212,0.11796240508556366
2190,213,0.051027048379182816
2200,214,0.12904143333435059
2210,215,0.14224988222122192
2220,216,0.16143560409545898
2230,217,0.1776711344718933
2240,218,0.07975107431411743
2250,219,0.48056212067604065
2260,220,0.32845601439476013
2270,221,0.09933342784643173
2280,222,0.20091374218463898
2290,223,0.14558087289333344
2300,224,0.23126563429832458
2310,225,0.22893942892551422
2320,226,0.05313878506422043
2330,227,0.02751145139336586
2340,228,0.2568014860153198
2350,229,0.04948925971984863
2360,230,0.19450141489505768
2370,231,0.29734086990356445
2380,232,0.22131627798080444
2390,233,0.26075974106788635
2400,234,0.2628568112850189
2410,235,0.11503446847200394
2420,236,0.09593559056520462
2430,237,0.11899565160274506
2440,238,0.06708811223506927
2450,239,0.21021899580955505
2460,240,0.19659340381622314
2470,241,0.1222231537103653
2480,242,0.036025941371917725
2490,243,0.12354302406311035
2500,244,0.06429142504930496
2510,245,0.09496207535266876
2520,246,0.10798223316669464
2530,247,0.13414230942726135
2540,248,0.22585806250572205
2550,249,0.16435544192790985
2560,250,0.22883768379688263
2570,251,0.21528944373130798
2580,252,0.15193495154380798
2590,253,0.05534284561872482
2600,254,0.20516559481620789
2610,255,0.21283063292503357
2620,256,0.21273308992385864
2630,257,0.07912486046552658
2640,258,0.0383615680038929
2650,259,0.1751125156879425
2660,260,0.1520027071237564
2670,261,0.29748111963272095
2680,262,0.21570715308189392
2690,263,0.10566452890634537
2700,264,0.10642507672309875
2710,265,0.06034965068101883
2720,266,0.02734980918467045
2730,267,0.09639768302440643
2740,268,0.04428354650735855
2750,269,0.08716108649969101
2760,270,0.1241157129406929
2770,271,0.15944065153598785
2780,272,0.06587529927492142
2790,273,0.13167092204093933
2800,274,0.06906083226203918
2810,275,0.18052025139331818
2820,276,0.1663961112499237
2830,277,0.10608437657356262
2840,278,0.28005334734916687
2850,279,0.13414829969406128
2860,280,0.13677221536636353
2870,281,0.24161981046199799
2880,282,0.08339103311300278
2890,283,0.23005791008472443
2900,284,0.1423667073249817
2910,285,0.233504518866539
2920,286,0.05173158273100853
2930,287,0.16567687690258026
2940,288,0.09466218203306198
2950,289,0.1841789335012436
2960,290,0.19730128347873688
2970,291,0.09752631187438965
2980,292,0.06408916413784027
2990,293,0.17387855052947998
3000,294,0.07797953486442566
3010,295,0.33434900641441345
3020,296,0.11005905270576477
3030,297,0.1657896190881729
3040,298,0.20140184462070465
3050,299,0.12245339155197144
3060,300,0.1549350619316101
3070,301,0.22427189350128174
3080,302,0.025181462988257408
3090,303,0.007399171590805054
3100,304,0.15959294140338898
3110,305,0.1192992627620697
3120,306,0.04955868422985077
3130,307,0.07853598892688751
3140,308,0.189363032579422
3150,309,0.058812446892261505
3160,310,0.08644059300422668
3170,311,0.15893806517124176
3180,312,0.23687148094177246
3190,313,0.07698602974414825
3200,314,0.10905925929546356
3210,315,0.01397707685828209
3220,316,0.16327330470085144
3230,317,0.07263442873954773
3240,318,0.12634409964084625
3250,319,0.09774402529001236
3260,320,0.17147000133991241
3270,321,0.0429614782333374
3280,322,0.14322414994239807
3290,323,0.2062840759754181
3300,324,0.08022569864988327
3310,325,0.3531031310558319
3320,326,0.1627754122018814
3330,327,0.1416965276002884
3340,328,0.19140997529029846
3350,329,0.2533382475376129
3360,330,0.13542428612709045
3370,331,0.0903383120894432
3380,332,0.33358538150787354
3390,333,0.13526999950408936
3400,334,0.14446663856506348
3410,335,0.16365613043308258
3420,336,0.42717933654785156
3430,337,0.10009171068668365
3440,338,0.13386383652687073
3450,339,0.09945559501647949
3460,340,0.2936660945415497
3470,341,0.2054864913225174
3480,342,0.22128364443778992
3490,343,0.2486220747232437
3500,344,0.29998719692230225
3510,345,0.1299581378698349
3520,346,0.4686964750289917
3530,347,0.34419235587120056
3540,348,0.2652117609977722
3550,349,0.1805153340101242
3560,350,0.2447732537984848
3570,351,0.08308256417512894
3580,352,0.23283709585666656
3590,353,0.10929292440414429
3600,354,0.15797387063503265
3610,355,0.05724644660949707
3620,356,0.2571175694465637
3630,357,0.13069595396518707
3640,358,0.19795267283916473
3650,359,0.5305946469306946
3660,360,0.22752639651298523
3670,361,0.1266280561685562
3680,362,0.6069198846817017
3690,363,0.39300549030303955
3700,364,0.318865567445755
3710,365,0.11747332662343979
3720,366,0.1322413980960846
3730,367,0.09039110690355301
3740,368,0.10282038152217865
3750,369,0.1298137605190277
3760,370,0.15654903650283813
3770,371,0.23929020762443542
3780,372,0.19007672369480133
3790,373,0.15012440085411072
3800,374,0.37053588032722473
3810,375,0.15028108656406403
3820,376,0.05283832177519798
3830,377,0.2628549337387085
3840,378,0.1509629189968109
3850,379,0.2238926738500595
3860,380,0.09327418357133865
3870,381,0.1842985600233078
3880,382,0.178316131234169
3890,383,0.09559142589569092
3900,384,0.34877294301986694
3910,385,0.15969137847423553
3920,386,0.15534406900405884
3930,387,0.5547311305999756
3940,388,0.22118741273880005
3950,389,0.17379888892173767
3960,390,0.1472553312778473
3970,391,0.18903550505638123
3980,392,0.19950789213180542
3990,393,0.16824141144752502
4000,394,0.1822567880153656
4010,395,0.2634383738040924
4020,396,0.26620247960090637
4030,397,0.39365461468696594
4040,398,0.09594810754060745
4050,399,0.1957259625196457
4060,400,0.1590118110179901
4070,401,0.1611649990081787
4080,402,0.13814765214920044
4090,403,0.4931313693523407
4100,404,0.39493805170059204
4110,405,0.30209779739379883
4120,406,0.2586190402507782
4130,407,0.29280513525009155
4140,408,0.22114667296409607
4150,409,0.37819111347198486
4160,410,0.23096752166748047
4170,411,0.2567700147628784
4180,412,0.2622356414794922
4190,413,0.17520320415496826
4200,414,0.19796517491340637
4210,415,0.18713736534118652
4220,416,0.255997896194458
4230,417,0.3136526644229889
4240,418,0.16273030638694763
4250,419,0.15097811818122864
4260,420,0.09262693673372269
4270,421,0.12382396310567856
4280,422,0.29519200325012207
4290,423,0.16914057731628418
4300,424,0.13775934278964996
4310,425,0.2636311650276184
4320,426,0.35147544741630554
4330,427,0.22045183181762695
4340,428,0.22038421034812927
4350,429,0.22107934951782227
4360,430,0.6005896925926208
4370,431,0.07537887990474701
4380,432,0.1442047506570816
4390,433,0.16716516017913818
4400,434,0.15407738089561462
4410,435,0.2181982547044754
4420,436,0.0772254690527916
4430,437,0.19659800827503204
4440,438,0.22510197758674622
4450,439,0.1376144289970398
4460,440,0.18502715229988098
4470,441,0.1083311140537262
4480,442,0.20910391211509705
4490,443,0.057932689785957336
4500,444,0.129073828458786
4510,445,0.28169694542884827
4520,446,0.20530736446380615
4530,447,0.04689861088991165
4540,448,0.09214021265506744
4550,449,0.17501401901245117
4560,450,0.17658193409442902
4570,451,0.13877412676811218
4580,452,0.22230881452560425
4590,453,0.28953197598457336
4600,454,0.09084058552980423
4610,455,0.1506454050540924
4620,456,0.3891577124595642
4630,457,0.22199741005897522
4640,458,0.08065467327833176
4650,459,0.20179542899131775
4660,460,0.19130949676036835
4670,461,0.1360454559326172
4680,462,0.16456153988838196
4690,463,0.1547231674194336
4700,464,0.2923130691051483
4710,465,0.314773827791214
4720,466,0.2813188135623932
4730,467,0.2124483436346054
4740,468,0.2555655837059021
4750,469,0.17523923516273499
4760,470,0.12490929663181305
4770,471,0.3434070944786072
4780,472,0.28291603922843933
4790,473,0.09457983821630478
4800,474,0.10846901684999466
4810,475,0.21570399403572083
4820,476,0.13156338036060333
4830,477,0.262182354927063
4840,478,0.1260974258184433
4850,479,0.16635018587112427
4860,480,0.12509171664714813
4870,481,0.1725127398967743
4880,482,0.16458092629909515
4890,483,0.1179908812046051
4900,484,0.1939885914325714
4910,485,0.10678446292877197
4920,486,0.08311618119478226
4930,487,0.21910437941551208
4940,488,0.18564577400684357
4950,489,0.2909492254257202
4960,490,0.14131730794906616
4970,491,0.37436532974243164
4980,492,0.4746953248977661
4990,493,0.16533105075359344
5000,494,0.21662867069244385
5010,495,0.21717147529125214
5020,496,0.1467263251543045
5030,497,0.08232110738754272
5040,498,0.04263125732541084
5050,499,0.30650830268859863
5060,500,0.23991745710372925
5070,501,0.3228319585323334
5080,502,0.302781343460083
5090,503,0.1382262408733368
5100,504,0.12474045902490616
5110,505,0.047863636165857315
5120,506,0.08987440913915634
5130,507,0.0739218145608902
5140,508,0.4637874364852905
5150,509,0.059106238186359406
5160,510,0.30215781927108765
5170,511,0.10902463644742966
5180,512,0.13811036944389343
5190,513,0.15515287220478058
5200,514,0.33174026012420654
5210,515,0.1061098501086235
5220,516,0.318560928106308
5230,517,0.13317802548408508
5240,518,0.2622126340866089
5250,519,0.05404360219836235
5260,520,0.18048736453056335
5270,521,0.15754666924476624
5280,522,0.13207948207855225
5290,523,0.18855491280555725
5300,524,0.07372024655342102
5310,525,0.2665789723396301
5320,526,0.1433153748512268
5330,527,0.09350956976413727
5340,528,0.18574130535125732
5350,529,0.2519797384738922
5360,530,0.21736174821853638
5370,531,0.21869462728500366
5380,532,0.41623565554618835
5390,533,0.0568779818713665
5400,534,0.2970549464225769
5410,535,0.35144534707069397
5420,536,0.26387184858322144
5430,537,0.3255908489227295
5440,538,0.1575828343629837
5450,539,0.18406668305397034
5460,540,0.16653649508953094
5470,541,0.4196743667125702
5480,542,0.31835559010505676
5490,543,0.18041424453258514
5500,544,0.09984391182661057
5510,545,0.2730359733104706
5520,546,0.2674299478530884
5530,547,0.26222917437553406
5540,548,0.28553128242492676
5550,549,0.3262591063976288
5560,550,0.22526054084300995
5570,551,0.3554574251174927
5580,552,0.1474752426147461
5590,553,0.09068161994218826
5600,554,0.34127649664878845
5610,555,0.09906502813100815
5620,556,0.2072664499282837
5630,557,0.15139362215995789
5640,558,0.3220159411430359
5650,559,0.19833283126354218
5660,560,0.28058570623397827
5670,561,0.06900510936975479
5680,562,0.20090137422084808
5690,563,0.08908163756132126
5700,564,0.30247554183006287
5710,565,0.13457708060741425
5720,566,0.07457906007766724
5730,567,0.2909584939479828
5740,568,0.17673930525779724
5750,569,0.3461536765098572
5760,570,0.26715511083602905
5770,571,0.38929271697998047
5780,572,0.41445234417915344
5790,573,0.18370498716831207
5800,574,0.1906847357749939
5810,575,0.1996486783027649
5820,576,0.061467915773391724
5830,577,0.33942699432373047
5840,578,0.09599024057388306
5850,579,0.2388918399810791
5860,580,0.1712561547756195
5870,581,0.4734887182712555
5880,582,0.09514805674552917
5890,583,0.14975190162658691
5900,584,0.11195360124111176
5910,585,0.2446138709783554
5920,586,0.30422013998031616
5930,587,0.09636940807104111
5940,588,0.3184452950954437
5950,589,0.1309632807970047
5960,590,0.2057654857635498
5970,591,0.5080364346504211
5980,592,0.15943793952465057
5990,593,0.3094462752342224
6000,594,0.20715487003326416
6010,595,0.4020862281322479
6020,596,0.055248014628887177
6030,597,0.2087736874818802
6040,598,0.1502418965101242
6050,599,0.1687754988670349
6060,600,0.07577250152826309
6070,601,0.2564195394515991
6080,602,0.09909844398498535
6090,603,0.2597897946834564
6100,604,0.14960046112537384
6110,605,0.25092291831970215
6120,606,0.26103413105010986
6130,607,0.2053653597831726
6140,608,0.23618844151496887
6150,609,0.7130976915359497
6160,610,0.12308713793754578
6170,611,0.2602003812789917
6180,612,0.23986302316188812
6190,613,0.1371249407529831
6200,614,0.6544144749641418
6210,615,0.21390603482723236
6220,616,0.42051416635513306
6230,617,0.32175350189208984
6240,618,0.2418118119239807
6250,619,0.15540143847465515
6260,620,0.11400125920772552
6270,621,0.15133343636989594
6280,622,0.1817578673362732
6290,623,0.20935429632663727
6300,624,0.19741283357143402
6310,625,0.25493374466896057
6320,626,0.3371013402938843
6330,627,0.29042908549308777
6340,628,0.19101299345493317
6350,629,0.24427524209022522
6360,630,0.3279295563697815
6370,631,0.3061738610267639
6380,632,0.37385934591293335
6390,633,0.24283018708229065
6400,634,0.21109972894191742
6410,635,0.14953486621379852
6420,636,0.2045115828514099
6430,637,0.26580867171287537
6440,638,0.16469480097293854
6450,639,0.40215104818344116
6460,640,0.15415148437023163
6470,641,0.22000660002231598
6480,642,0.3233504891395569
6490,643,0.3742440938949585
6500,644,0.15687084197998047
6510,645,0.2711223363876343
6520,646,0.1267729103565216
6530,647,0.17247295379638672
6540,648,0.3142249584197998
6550,649,0.2468252032995224
6560,650,0.40652549266815186
6570,651,0.10168939083814621
6580,652,0.37057146430015564
6590,653,0.2333591878414154
6600,654,0.3184130787849426
6610,655,0.3527986407279968
6620,656,0.542698323726654
6630,657,0.07302971929311752
6640,658,0.24790312349796295
6650,659,0.26786142587661743
6660,660,0.34476569294929504
6670,661,0.25490665435791016
6680,662,0.11236628890037537
6690,663,0.31242161989212036
6700,664,0.31477150321006775
6710,665,0.19975459575653076
6720,666,0.07708533853292465
6730,667,0.12506604194641113
6740,668,0.21144407987594604
6750,669,0.3464966118335724
6760,670,0.10019847750663757
6770,671,0.19135718047618866
6780,672,0.3905976712703705
6790,673,0.16579917073249817
6800,674,0.15940870344638824
6810,675,0.1326490044593811
6820,676,0.3594183921813965
6830,677,0.2044147402048111
6840,678,0.24326565861701965
6850,679,0.42707231640815735
6860,680,0.236219584941864
6870,681,0.12411125004291534
6880,682,0.24060027301311493
6890,683,0.15544380247592926
6900,684,0.14737756550312042
6910,685,0.1952650099992752
6920,686,0.10235721617937088
6930,687,0.3431968688964844
6940,688,0.31975501775741577
6950,689,0.1855999380350113
6960,690,0.20752425491809845
6970,691,0.16861727833747864
6980,692,0.20692221820354462
6990,693,0.2973180413246155
7000,694,0.18427586555480957
7010,695,0.19716306030750275
7020,696,0.10063260793685913
7030,697,0.20137540996074677
7040,698,0.29531875252723694
7050,699,0.19726908206939697
7060,700,0.3240642845630646
7070,701,0.2754926383495331
7080,702,0.1806218922138214
7090,703,0.29057776927948
7100,704,0.135151669383049
7110,705,0.3862242102622986
7120,706,0.1371074616909027
7130,707,0.2515539526939392
7140,708,0.16401952505111694
7150,709,0.28421276807785034
7160,710,0.2122054547071457
7170,711,0.12845410406589508
7180,712,0.3378567695617676
7190,713,0.4211065173149109
7200,714,0.3262362480163574
7210,715,0.26734909415245056
7220,716,0.5457749366760254
7230,717,0.17898206412792206
7240,718,0.1798303872346878
7250,719,0.1385427564382553
7260,720,0.2814246416091919
7270,721,0.36476051807403564
7280,722,0.18928702175617218
7290,723,0.3086239993572235
7300,724,0.3234598934650421
7310,725,0.3744436204433441
7320,726,0.23860451579093933
7330,727,0.28751981258392334
7340,728,0.145799458026886
7350,729,0.19145585596561432
7360,730,0.11053352802991867
7370,731,0.21268121898174286
7380,732,0.2751062214374542
7390,733,0.31767505407333374
7400,734,0.2337404191493988
7410,735,0.33067595958709717
7420,736,0.3220040202140808
7430,737,0.40483516454696655
7440,738,0.23552557826042175
7450,739,0.2283772975206375
7460,740,0.6562539935112
7470,741,0.31622517108917236
7480,742,0.12898564338684082
7490,743,0.4373648762702942
7500,744,0.291523277759552
7510,745,0.16610370576381683
7520,746,0.26594528555870056
7530,747,0.25410473346710205
7540,748,0.34243664145469666
7550,749,0.25367242097854614
7560,750,0.13913285732269287
7570,751,0.2789500951766968
7580,752,0.2835656702518463
7590,753,0.29548540711402893
7600,754,0.5114777684211731
7610,755,0.141598179936409
7620,756,0.3630219101905823
7630,757,0.526068925857544
7640,758,0.4166622757911682
7650,759,0.22730177640914917
7660,760,0.18287800252437592
7670,761,0.18828646838665009
7680,762,0.31077221035957336
7690,763,0.38977721333503723
7700,764,0.2570345997810364
7710,765,0.29280635714530945
7720,766,0.3286404609680176
7730,767,0.49844592809677124
7740,768,0.48344913125038147
7750,769,0.21169444918632507
7760,770,0.1366613507270813
7770,771,0.3335729241371155
7780,772,0.21652914583683014
7790,773,0.18475008010864258
7800,774,0.2528620958328247
7810,775,0.27043458819389343
7820,776,0.14766716957092285
7830,777,0.19950485229492188
7840,778,0.34741586446762085
7850,779,0.32279133796691895
7860,780,0.31756460666656494
7870,781,0.09309083223342896
7880,782,0.11099222302436829
7890,783,0.1327974647283554
7900,784,0.23584337532520294
7910,785,0.2096642106771469
7920,786,0.1939760446548462
7930,787,0.09575144201517105
7940,788,0.2203206717967987
7950,789,0.334114134311676
7960,790,0.2767152786254883
7970,791,0.29880067706108093
7980,792,0.24524956941604614
7990,793,0.1961585134267807
8000,794,0.3999335765838623
8010,795,0.42407408356666565
8020,796,0.2784510850906372
8030,797,0.39024192094802856
8040,798,0.42560094594955444
8050,799,0.3216385841369629
8060,800,0.3946213722229004
8070,801,0.35004276037216187
8080,802,0.338996946811676
8090,803,0.3027457892894745
8100,804,0.46484488248825073
8110,805,0.1870444267988205
8120,806,0.24949206411838531
8130,807,0.5128233432769775
8140,808,0.22468575835227966
8150,809,0.2104693502187729
8160,810,0.42442381381988525
8170,811,0.24093934893608093
8180,812,0.1980893462896347
8190,813,0.15680113434791565
8200,814,0.26669979095458984
8210,815,0.18972258269786835
8220,816,0.21826981008052826
8230,817,0.18700452148914337
8240,818,0.1922948658466339
8250,819,0.42149418592453003
8260,820,0.3120429515838623
8270,821,0.3741283118724823
8280,822,0.17399966716766357
8290,823,0.15520749986171722
8300,824,0.4835723638534546
8310,825,0.16510659456253052
8320,826,0.2998494803905487
8330,827,0.384633868932724
8340,828,0.28419506549835205
8350,829,0.2830979824066162
8360,830,0.3713899254798889
8370,831,0.24022221565246582
8380,832,0.26354897022247314
8390,833,0.34902796149253845
8400,834,0.1927056759595871
8410,835,0.178782656788826
8420,836,0.3490145802497864
8430,837,0.20117655396461487
8440,838,0.5801813006401062
8450,839,0.22332851588726044
8460,840,0.2186286449432373
8470,841,0.24592381715774536
8480,842,0.316662460565567
8490,843,0.22755202651023865
8500,844,0.10359232127666473
8510,845,0.1954250931739807
8520,846,0.12216095626354218
8530,847,0.2509569823741913
8540,848,0.1870751678943634
8550,849,0.1864711493253708
8560,850,0.22022874653339386
8570,851,0.2666291892528534
8580,852,0.3523063361644745
8590,853,0.2934204339981079
8600,854,0.16574376821517944
8610,855,0.4194703996181488
8620,856,0.12204177677631378
8630,857,0.2881268560886383
8640,858,0.34057867527008057
8650,859,0.22605887055397034
8660,860,0.3743000626564026
8670,861,0.2391148954629898
8680,862,0.25049036741256714
8690,863,0.0939420685172081
8700,864,0.3825117349624634
8710,865,0.11611764878034592
8720,866,0.243159219622612
8730,867,0.3201877772808075
8740,868,0.3564223051071167
8750,869,0.1953670233488083
8760,870,0.34661900997161865
8770,871,0.20758339762687683
8780,872,0.1867521107196808
8790,873,0.1878415048122406
8800,874,0.31296345591545105
8810,875,0.24003075063228607
8820,876,0.27794674038887024
8830,877,0.20222754776477814
8840,878,0.18850889801979065
8850,879,0.1717412769794464
8860,880,0.3292904198169708
8870,881,0.2040293663740158
8880,882,0.32716381549835205
8890,883,0.167149156332016
8900,884,0.20561514794826508
8910,885,0.2708001136779785
8920,886,0.301290363073349
8930,887,0.20906713604927063
8940,888,0.18039627373218536
8950,889,0.2715107500553131
8960,890,0.3641240894794464
8970,891,0.25627484917640686
8980,892,0.22214056551456451
8990,893,0.21122556924819946
9000,894,0.021181436255574226
9010,895,0.09148436784744263
9020,896,0.32242271304130554
9030,897,0.42417100071907043
9040,898,0.2106618583202362
9050,899,0.19327731430530548
9060,900,0.10017672926187515
9070,901,0.2501203417778015
9080,902,0.2028023898601532
9090,903,0.24824927747249603
9100,904,0.2850302457809448
9110,905,0.3959836959838867
9120,906,0.4152531027793884
9130,907,0.22999566793441772
9140,908,0.13110433518886566
9150,909,0.2878471910953522
9160,910,0.032432448118925095
9170,911,0.24108311533927917
9180,912,0.19648808240890503
9190,913,0.37615421414375305
9200,914,0.3009394705295563
9210,915,0.2304755300283432
9220,916,0.2357110232114792
9230,917,0.1917973756790161
9240,918,0.32981571555137634
9250,919,0.18513457477092743
9260,920,0.3090672791004181
9270,921,0.4484957754611969
9280,922,0.2729717195034027
9290,923,0.21228916943073273
9300,924,0.4486487805843353
9310,925,0.17644521594047546
9320,926,0.26418036222457886
9330,927,0.21384455263614655
9340,928,0.19277609884738922
9350,929,0.14712950587272644
9360,930,0.3130170702934265
9370,931,0.19352255761623383
9380,932,0.16365963220596313
9390,933,0.3817128837108612
9400,934,0.26161786913871765
9410,935,0.16535277664661407
9420,936,0.15438295900821686
9430,937,0.12770681083202362
9440,938,0.3556406497955322
9450,939,0.23770682513713837
9460,940,0.15569132566452026
9470,941,0.2718334496021271
9480,942,0.4201188385486603
9490,943,0.041379064321517944
9500,944,0.1832728087902069
9510,945,0.18196316063404083
9520,946,0.18061169981956482
9530,947,0.0798645168542862
9540,948,0.2410871386528015
9550,949,0.2972681522369385
9560,950,0.1007416620850563
9570,951,0.39897435903549194
9580,952,0.30266085267066956
9590,953,0.35710710287094116
9600,954,0.2660010755062103
9610,955,0.19716934859752655
9620,956,0.3477533757686615
9630,957,0.22874897718429565
9640,958,0.19637799263000488
9650,959,0.2900814712047577
9660,960,0.2518152892589569
9670,961,0.19191612303256989
9680,962,0.08830182254314423
9690,963,0.15964987874031067
9700,964,0.3302842974662781
9710,965,0.17775745689868927
9720,966,0.1361193060874939
9730,967,0.22780680656433105
9740,968,0.21600492298603058
9750,969,0.25956636667251587
9760,970,0.2210879921913147
9770,971,0.3042949438095093
9780,972,0.41585099697113037
9790,973,0.1480247527360916
9800,974,0.24070127308368683
9810,975,0.17274825274944305
9820,976,0.08735296875238419
9830,977,0.1974816769361496
9840,978,0.10148747265338898
9850,979,0.12209580093622208
9860,980,0.19720005989074707
9870,981,0.10006701946258545
9880,982,0.09681271016597748
9890,983,0.18240350484848022
9900,984,0.18340522050857544
9910,985,0.34661343693733215
9920,986,0.1708451211452484
9930,987,0.2937210500240326
9940,988,0.19237329065799713
9950,989,0.3508457839488983
9960,990,0.18754374980926514
9970,991,0.09735390543937683
9980,992,0.368551105260849
9990,993,0.24429506063461304
10000,994,0.23821955919265747
10010,995,0.12439630180597305
10020,996,0.2864964008331299
10030,997,0.15968817472457886
10040,998,0.18047219514846802
10050,999,0.18507610261440277
10060,1000,0.24139010906219482
10070,1001,0.6262807250022888
10080,1002,0.379484623670578
10090,1003,0.1380797177553177
10100,1004,0.2474086582660675
10110,1005,0.2745921015739441
10120,1006,0.26727432012557983
10130,1007,0.349445641040802
10140,1008,0.32009685039520264
10150,1009,0.32913756370544434
10160,1010,0.2504770755767822
10170,1011,0.2314176708459854
10180,1012,0.20210285484790802
10190,1013,0.13857461512088776
10200,1014,0.12905657291412354
10210,1015,0.1707119643688202
10220,1016,0.1447666883468628
10230,1017,0.18792042136192322
10240,1018,0.3360333740711212
10250,1019,0.12241887301206589
10260,1020,0.21641738712787628
10270,1021,0.296767920255661
10280,1022,0.17226219177246094
10290,1023,0.049704331904649734
10300,1024,0.4233519434928894
10310,1025,0.06545877456665039
10320,1026,0.17492851614952087
10330,1027,0.37475883960723877
10340,1028,0.14734229445457458
10350,1029,0.156549334526062
10360,1030,0.19666408002376556
10370,1031,0.19892874360084534
10380,1032,0.22429178655147552
10390,1033,0.26235368847846985
10400,1034,0.13213369250297546
10410,1035,0.3574374318122864
10420,1036,0.19025994837284088
10430,1037,0.13760514557361603
10440,1038,0.2035946547985077
10450,1039,0.18498091399669647
10460,1040,0.14213290810585022
10470,1041,0.24560344219207764
10480,1042,0.21373982727527618
10490,1043,0.13933564722537994
10500,1044,0.20149709284305573
10510,1045,0.2167176604270935
10520,1046,0.31235694885253906
10530,1047,0.2133191078901291
10540,1048,0.14921706914901733
10550,1049,0.2522795498371124
10560,1050,0.24265636503696442
10570,1051,0.20809517800807953
10580,1052,0.48011618852615356
10590,1053,0.32138141989707947
10600,1054,0.39213335514068604
10610,1055,0.13097921013832092
10620,1056,0.17813433706760406
10630,1057,0.0675809383392334
10640,1058,0.16662144660949707
10650,1059,0.20202206075191498
10660,1060,0.16772601008415222
10670,1061,0.3943055272102356
10680,1062,0.3092195391654968
10690,1063,0.13099555671215057
10700,1064,0.3633989095687866
10710,1065,0.4145047068595886
10720,1066,0.1505291610956192
10730,1067,0.27237239480018616
10740,1068,0.1346386969089508
10750,1069,0.10355255752801895
10760,1070,0.11661396920681
10770,1071,0.19334691762924194
10780,1072,0.19391310214996338
10790,1073,0.2632352113723755
10800,1074,0.2310023456811905
10810,1075,0.1615903079509735
10820,1076,0.11409994959831238
10830,1077,0.25480854511260986
10840,1078,0.10690539330244064
10850,1079,0.11883151531219482
10860,1080,0.21868078410625458
10870,1081,0.23665791749954224
10880,1082,0.17433029413223267
10890,1083,0.055683381855487823
10900,1084,0.35047268867492676
10910,1085,0.31454479694366455
10920,1086,0.2745816111564636
10930,1087,0.34364059567451477
10940,1088,0.28775694966316223
10950,1089,0.17728717625141144
10960,1090,0.08273100852966309
10970,1091,0.21124868094921112
10980,1092,0.4173499345779419
10990,1093,0.1619638353586197
11000,1094,0.17370952665805817
11010,1095,0.1269722878932953
11020,1096,0.28720229864120483
11030,1097,0.3325584828853607
11040,1098,0.12556913495063782
11050,1099,0.3150682747364044
11060,1100,0.14606612920761108
11070,1101,0.24981482326984406
11080,1102,0.0911359041929245
11090,1103,0.18777036666870117
11100,1104,0.22378072142601013
11110,1105,0.19353090226650238
11120,1106,0.26999330520629883
11130,1107,0.28714224696159363
11140,1108,0.33885839581489563
11150,1109,0.1935720592737198
11160,1110,0.15018047392368317
11170,1111,0.4140129089355469
11180,1112,0.1564752459526062
11190,1113,0.2463947832584381
11200,1114,0.2515568733215332
11210,1115,0.14466695487499237
11220,1116,0.18739689886569977
11230,1117,0.13022273778915405
11240,1118,0.1649659276008606
11250,1119,0.19302397966384888
11260,1120,0.2625540494918823
11270,1121,0.29998070001602173
11280,1122,0.2778163254261017
11290,1123,0.18245089054107666
11300,1124,0.2574766278266907
11310,1125,0.1749977022409439
11320,1126,0.43465346097946167
11330,1127,0.24559029936790466
11340,1128,0.047926776111125946
11350,1129,0.13315421342849731
11360,1130,0.2007017433643341
11370,1131,0.256293386220932
11380,1132,0.34222155809402466
11390,1133,0.18572840094566345
11400,1134,0.21055510640144348
11410,1135,0.2303493767976761
11420,1136,0.14538230001926422
11430,1137,0.09917420148849487
11440,1138,0.27960819005966187
11450,1139,0.28597697615623474
11460,1140,0.20747999846935272
11470,1141,0.2939322292804718
11480,1142,0.1556561291217804
11490,1143,0.2675139307975769
11500,1144,0.21787288784980774
11510,1145,0.19556406140327454
11520,1146,0.20942704379558563
11530,1147,0.16316473484039307
11540,1148,0.13257405161857605
11550,1149,0.21160908043384552
11560,1150,0.15416088700294495
11570,1151,0.39534032344818115
11580,1152,0.11325875669717789
11590,1153,0.4550902843475342
11600,1154,0.19517318904399872
11610,1155,0.17713961005210876
11620,1156,0.2286282628774643
11630,1157,0.2478494942188263
11640,1158,0.3464451730251312
11650,1159,0.3101336359977722
11660,1160,0.2508724629878998
11670,1161,0.28671538829803467
11680,1162,0.24674879014492035
11690,1163,0.4223719537258148
11700,1164,0.3730306029319763
11710,1165,0.2487659603357315
11720,1166,0.18083836138248444
11730,1167,0.17607854306697845
11740,1168,0.2881620228290558
11750,1169,0.30332836508750916
11760,1170,0.16986477375030518
11770,1171,0.46838125586509705
11780,1172,0.18269726634025574
11790,1173,0.28664469718933105
11800,1174,0.22117173671722412
11810,1175,0.30379125475883484
11820,1176,0.33974695205688477
11830,1177,0.11470972746610641
11840,1178,0.24465209245681763
11850,1179,0.06730128079652786
11860,1180,0.06309431791305542
11870,1181,0.24514581263065338
11880,1182,0.31633973121643066
11890,1183,0.2950063645839691
11900,1184,0.05888582020998001
11910,1185,0.21576756238937378
11920,1186,0.6396692991256714
11930,1187,0.40676507353782654
11940,1188,0.1973031610250473
11950,1189,0.18871712684631348
11960,1190,0.18320119380950928
11970,1191,0.1838134527206421
11980,1192,0.13477566838264465
11990,1193,0.11545205116271973
12000,1194,0.16457417607307434
12010,1195,0.20558884739875793
12020,1196,0.4236140251159668
12030,1197,0.35670846700668335
12040,1198,0.1458306610584259
12050,1199,0.33554428815841675
12060,1200,0.13853950798511505
12070,1201,0.47477757930755615
12080,1202,0.21759140491485596
12090,1203,0.17551648616790771
12100,1204,0.1661512553691864
12110,1205,0.455250084400177
12120,1206,0.22469690442085266
12130,1207,0.17850454151630402
12140,1208,0.19242210686206818
12150,1209,0.24430160224437714
12160,1210,0.16817724704742432
12170,1211,0.2484188675880432
12180,1212,0.15131570398807526
12190,1213,0.2405959516763687
12200,1214,0.0623212493956089
12210,1215,0.16509433090686798
12220,1216,0.336250901222229
12230,1217,0.41947147250175476
12240,1218,0.11272387206554413
12250,1219,0.3771061897277832
12260,1220,0.23247915506362915
12270,1221,0.14918825030326843
12280,1222,0.1226036474108696
12290,1223,0.20466788113117218
12300,1224,0.09275785833597183
12310,1225,0.10271792858839035
12320,1226,0.33742839097976685
12330,1227,0.2215091437101364
12340,1228,0.160928413271904
12350,1229,0.40687552094459534
12360,1230,0.3331790566444397
12370,1231,0.15901079773902893
12380,1232,0.06975661963224411
12390,1233,0.2541736364364624
12400,1234,0.2188071310520172
12410,1235,0.24673794209957123
12420,1236,0.09334101527929306
12430,1237,0.1787233203649521
12440,1238,0.11057545989751816
12450,1239,0.05953018367290497
12460,1240,0.30834054946899414
12470,1241,0.25190863013267517
12480,1242,0.2838248908519745
12490,1243,0.41223669052124023
12500,1244,0.2620500922203064
12510,1245,0.25358816981315613
12520,1246,0.41544008255004883
12530,1247,0.24224363267421722
12540,1248,0.22634314000606537
12550,1249,0.21379727125167847
12560,1250,0.126306414604187
12570,1251,0.08746778219938278
12580,1252,0.41416075825691223
12590,1253,0.21396833658218384
12600,1254,0.34597107768058777
12610,1255,0.2082156538963318
12620,1256,0.1662662923336029
12630,1257,0.25951361656188965
12640,1258,0.31106218695640564
12650,1259,0.3286382853984833
12660,1260,0.06844431161880493
12670,1261,0.1271519958972931
12680,1262,0.1563103049993515
12690,1263,0.2471306025981903
12700,1264,0.1146465539932251
12710,1265,0.30977675318717957
12720,1266,0.24612492322921753
12730,1267,0.1029457375407219
12740,1268,0.3635198771953583
12750,1269,0.1607068032026291
12760,1270,0.12246619910001755
12770,1271,0.24053047597408295
12780,1272,0.2848314344882965
12790,1273,0.21557840704917908
12800,1274,0.3718268573284149
12810,1275,0.10045194625854492
12820,1276,0.1976427435874939
12830,1277,0.2674124240875244
12840,1278,0.1338273584842682
12850,1279,0.20258669555187225
12860,1280,0.2563706636428833
12870,1281,0.38621142506599426
12880,1282,0.28907355666160583
12890,1283,0.1484869420528412
12900,1284,0.3365548253059387
12910,1285,0.28300008177757263
12920,1286,0.46016231179237366
12930,1287,0.12066411226987839
12940,1288,0.2605467736721039
12950,1289,0.18131498992443085
12960,1290,0.3084389567375183
12970,1291,0.09747036546468735
12980,1292,0.13544315099716187
12990,1293,0.23104268312454224
13000,1294,0.23888543248176575
13010,1295,0.29570573568344116
13020,1296,0.37327882647514343
13030,1297,0.2608944773674011
13040,1298,0.3180198669433594
13050,1299,0.10110991448163986
13060,1300,0.10101485252380371
13070,1301,0.2537093162536621
13080,1302,0.405340313911438
13090,1303,0.09935596585273743
13100,1304,0.37368813157081604
13110,1305,0.24878469109535217
13120,1306,0.19771961867809296
13130,1307,0.20185692608356476
13140,1308,0.09400419145822525
13150,1309,0.42090415954589844
13160,1310,0.3895522654056549
13170,1311,0.1339014321565628
13180,1312,0.26084980368614197
13190,1313,0.13557930290699005
13200,1314,0.24866771697998047
13210,1315,0.2495698630809784
13220,1316,0.16335903108119965
13230,1317,0.1565607637166977
13240,1318,0.10357040911912918
13250,1319,0.16921603679656982
13260,1320,0.3582473397254944
13270,1321,0.1672656089067459
13280,1322,0.15405414998531342
13290,1323,0.3097277581691742
13300,1324,0.3086913824081421
13310,1325,0.2316214144229889
13320,1326,0.09942053258419037
13330,1327,0.2111198753118515
13340,1328,0.24563013017177582
13350,1329,0.28750279545783997
13360,1330,0.2826138734817505
13370,1331,0.11002854257822037
13380,1332,0.3823438882827759
13390,1333,0.3830969035625458
13400,1334,0.09489667415618896
13410,1335,0.17391006648540497
13420,1336,0.19485647976398468
13430,1337,0.11739646643400192
13440,1338,0.21498887240886688
13450,1339,0.31397560238838196
13460,1340,0.20066238939762115
13470,1341,0.222165048122406
13480,1342,0.197388157248497
13490,1343,0.22261381149291992
13500,1344,0.3201431632041931
13510,1345,0.3062654137611389
13520,1346,0.25178155303001404
13530,1347,0.16931702196598053
13540,1348,0.17053726315498352
13550,1349,0.3982884883880615
13560,1350,0.15947666764259338
13570,1351,0.1055317297577858
13580,1352,0.1511818766593933
13590,1353,0.22136232256889343
13600,1354,0.22480201721191406
13610,1355,0.3003842830657959
13620,1356,0.20500548183918
13630,1357,0.13495421409606934
13640,1358,0.1934242695569992
13650,1359,0.3336234390735626
13660,1360,0.12616851925849915
13670,1361,0.41883260011672974
13680,1362,0.26665595173835754
13690,1363,0.3275308609008789
13700,1364,0.2678058445453644
13710,1365,0.12691789865493774
13720,1366,0.3494889438152313
13730,1367,0.29642271995544434
13740,1368,0.16728942096233368
13750,1369,0.2787691652774811
13760,1370,0.30370479822158813
13770,1371,0.13413743674755096
13780,1372,0.16920854151248932
13790,1373,0.5091400146484375
13800,1374,0.2776067554950714
13810,1375,0.17625585198402405
13820,1376,0.18721719086170197
13830,1377,0.16599325835704803
13840,1378,0.36045485734939575
13850,1379,0.11622478812932968
13860,1380,0.1849682480096817
13870,1381,0.2787320017814636
13880,1382,0.3783378601074219
13890,1383,0.24143092334270477
13900,1384,0.14458364248275757
13910,1385,0.3085137605667114
13920,1386,0.11776798963546753
13930,1387,0.20826660096645355
13940,1388,0.17278167605400085
13950,1389,0.20756691694259644
13960,1390,0.324690043926239
13970,1391,0.30311208963394165
13980,1392,0.1033976823091507
13990,1393,0.08701234310865402
14000,1394,0.21238651871681213
14010,1395,0.2174423485994339
14020,1396,0.11099211871623993
14030,1397,0.19056563079357147
14040,1398,0.4196392297744751
14050,1399,0.19995398819446564
14060,1400,0.325381875038147
14070,1401,0.06298047304153442
14080,1402,0.1666012555360794
14090,1403,0.308866411447525
14100,1404,0.5287008881568909
14110,1405,0.21549294888973236
14120,1406,0.4123500883579254
14130,1407,0.1800122857093811
14140,1408,0.35025763511657715
14150,1409,0.16006159782409668
14160,1410,0.14397533237934113
14170,1411,0.15135426819324493
14180,1412,0.18423934280872345
14190,1413,0.20154255628585815
14200,1414,0.12710249423980713
14210,1415,0.5279577970504761
14220,1416,0.1484016329050064
14230,1417,0.11192349344491959
14240,1418,0.37298011779785156
14250,1419,0.1562606692314148
14260,1420,0.4157446324825287
14270,1421,0.3743774890899658
14280,1422,0.12315888702869415
14290,1423,0.18386638164520264
14300,1424,0.19640451669692993
14310,1425,0.23785197734832764
14320,1426,0.07933831214904785
14330,1427,0.22013458609580994
14340,1428,0.18170055747032166
14350,1429,0.11130592226982117
14360,1430,0.16020770370960236
14370,1431,0.3823719322681427
14380,1432,0.1816527396440506
14390,1433,0.2286778837442398
14400,1434,0.2823215126991272
14410,1435,0.269793301820755
14420,1436,0.4033048152923584
14430,1437,0.09675657004117966
14440,1438,0.26308777928352356
14450,1439,0.3133623003959656
14460,1440,0.26207318902015686
14470,1441,0.08996859937906265
14480,1442,0.2371624857187271
14490,1443,0.4371526837348938
14500,1444,0.27280429005622864
14510,1445,0.44983842968940735
14520,1446,0.2956174612045288
14530,1447,0.12396501004695892
14540,1448,0.12105284631252289
14550,1449,0.2910957932472229
14560,1450,0.2592664361000061
14570,1451,0.19834326207637787
14580,1452,0.11155056953430176
14590,1453,0.2806859314441681
14600,1454,0.252040296792984
14610,1455,0.3155554533004761
14620,1456,0.27426639199256897
14630,1457,0.2575191259384155
14640,1458,0.14893078804016113
14650,1459,0.26203906536102295
14660,1460,0.4474283754825592
14670,1461,0.2633543312549591
14680,1462,0.28024959564208984
14690,1463,0.2100946605205536
14700,1464,0.11570925265550613
14710,1465,0.2492743879556656
14720,1466,0.2026035338640213
14730,1467,0.3519538640975952
14740,1468,0.2736007273197174
14750,1469,0.21735800802707672
14760,1470,0.303446501493454
14770,1471,0.054068680852651596
14780,1472,0.15609955787658691
14790,1473,0.6128767728805542
14800,1474,0.1936389058828354
14810,1475,0.18071985244750977
14820,1476,0.17009934782981873
14830,1477,0.25239917635917664
14840,1478,0.2858811914920807
14850,1479,0.2951364815235138
14860,1480,0.37380194664001465
14870,1481,0.3401714861392975
14880,1482,0.24563293159008026
14890,1483,0.0558735653758049
14900,1484,0.14031696319580078
14910,1485,0.17883548140525818
14920,1486,0.18602710962295532
14930,1487,0.29889219999313354
14940,1488,0.3494090139865875
14950,1489,0.12725865840911865
14960,1490,0.29945507645606995
14970,1491,0.08963003754615784
14980,1492,0.0774763748049736
14990,1493,0.221451997756958
15000,1494,0.3750215470790863
15010,1495,0.2670326232910156
15020,1496,0.2233675718307495
15030,1497,0.2618478238582611
15040,1498,0.3062375485897064
15050,1499,0.4401717185974121
15060,1500,0.11977403610944748
15070,1501,0.2909772992134094
15080,1502,0.18509846925735474
15090,1503,0.16775132715702057
15100,1504,0.24880032241344452
15110,1505,0.16720867156982422
15120,1506,0.3604055941104889
15130,1507,0.20397579669952393
15140,1508,0.2392938733100891
15150,1509,0.2875802516937256
15160,1510,0.26190462708473206
15170,1511,0.27278319001197815
15180,1512,0.11982832849025726
15190,1513,0.3959719240665436
15200,1514,0.07817161083221436
15210,1515,0.33252543210983276
15220,1516,0.13253621757030487
15230,1517,0.14755189418792725
15240,1518,0.09846791625022888
15250,1519,0.12591952085494995
15260,1520,0.2609265148639679
15270,1521,0.09561415016651154
15280,1522,0.1740376502275467
15290,1523,0.15847602486610413
15300,1524,0.2009926736354828
15310,1525,0.4870900511741638
15320,1526,0.024315955117344856
15330,1527,0.26100432872772217
15340,1528,0.2473214864730835
15350,1529,0.3096473515033722
15360,1530,0.11865217983722687
15370,1531,0.28562837839126587
15380,1532,0.41552770137786865
15390,1533,0.052420031279325485
15400,1534,0.2757352888584137
15410,1535,0.1470590978860855
15420,1536,0.21023504436016083
15430,1537,0.21938805282115936
15440,1538,0.3391803503036499
15450,1539,0.15896925330162048
15460,1540,0.07727734744548798
15470,1541,0.1863681972026825
15480,1542,0.5285521745681763
15490,1543,0.2893298864364624
15500,1544,0.38029617071151733
15510,1545,0.2713607847690582
15520,1546,0.3482604920864105
15530,1547,0.05151468515396118
15540,1548,0.11487144231796265
15550,1549,0.1371261030435562
15560,1550,0.17997390031814575
15570,1551,0.15429772436618805
15580,1552,0.1861651986837387
15590,1553,0.3275589048862457
15600,1554,0.373716801404953
15610,1555,0.25659987330436707
15620,1556,0.23808987438678741
15630,1557,0.23124076426029205
15640,1558,0.1293877363204956
15650,1559,0.12720470130443573
15660,1560,0.1443156898021698
15670,1561,0.1461639553308487
15680,1562,0.218365877866745
15690,1563,0.10133083909749985
15700,1564,0.29948899149894714
15710,1565,0.10467910021543503
15720,1566,0.2671339809894562
15730,1567,0.15025651454925537
15740,1568,0.1399131417274475
15750,1569,0.17175686359405518
15760,1570,0.2477627843618393
15770,1571,0.17692406475543976
15780,1572,0.18419700860977173
15790,1573,0.29234781861305237
15800,1574,0.22837285697460175
15810,1575,0.033348746597766876
15820,1576,0.13512851297855377
15830,1577,0.4732883870601654
15840,1578,0.4069133400917053
15850,1579,0.1318478286266327
15860,1580,0.23967748880386353
15870,1581,0.062070220708847046
15880,1582,0.14360421895980835
15890,1583,0.10736013948917389
15900,1584,0.26145899295806885
15910,1585,0.19276762008666992
15920,1586,0.08809983730316162
15930,1587,0.174324169754982
15940,1588,0.13388457894325256
15950,1589,0.190693199634552
15960,1590,0.31685513257980347
15970,1591,0.08548596501350403
15980,1592,0.33067578077316284
15990,1593,0.15367932617664337
16000,1594,0.15325556695461273
16010,1595,0.225559800863266
16020,1596,0.07297147810459137
16030,1597,0.18199758231639862
16040,1598,0.15282118320465088
16050,1599,0.22803808748722076
16060,1600,0.1655425876379013
16070,1601,0.15107057988643646
16080,1602,0.0806746780872345
16090,1603,0.32388219237327576
16100,1604,0.20196285843849182
16110,1605,0.15840306878089905
16120,1606,0.14913272857666016
16130,1607,0.09618663787841797
16140,1608,0.10169824212789536
16150,1609,0.34703779220581055
16160,1610,0.17145811021327972
16170,1611,0.14492374658584595
16180,1612,0.11743389815092087
16190,1613,0.10414472967386246
16200,1614,0.2903856337070465
16210,1615,0.29956987500190735
16220,1616,0.13929298520088196
16230,1617,0.15830351412296295
16240,1618,0.144475057721138
16250,1619,0.13067565858364105
16260,1620,0.29368817806243896
16270,1621,0.11029677838087082
16280,1622,0.3761533796787262
16290,1623,0.3305257558822632
16300,1624,0.22375915944576263
16310,1625,0.206552654504776
16320,1626,0.24129554629325867
16330,1627,0.17782476544380188
16340,1628,0.2495664358139038
16350,1629,0.20691829919815063
16360,1630,0.2058444619178772
16370,1631,0.3344845473766327
16380,1632,0.3034703731536865
16390,1633,0.2337329089641571
16400,1634,0.2120150923728943
16410,1635,0.13272641599178314
16420,1636,0.23754888772964478
16430,1637,0.12053664773702621
16440,1638,0.14041776955127716
16450,1639,0.25711241364479065
16460,1640,0.33893781900405884
16470,1641,0.09344847500324249
16480,1642,0.3476840555667877
16490,1643,0.3043050169944763
16500,1644,0.19757747650146484
16510,1645,0.39361169934272766
16520,1646,0.23182521760463715
16530,1647,0.12761390209197998
16540,1648,0.17736713588237762
16550,1649,0.19394609332084656
16560,1650,0.1085171326994896
16570,1651,0.11607519537210464
16580,1652,0.09090517461299896
16590,1653,0.3173946440219879
16600,1654,0.317376047372818
16610,1655,0.17832592129707336
16620,1656,0.1717950701713562
16630,1657,0.3937268555164337
16640,1658,0.1401177942752838
16650,1659,0.15334394574165344
16660,1660,0.41806474328041077
16670,1661,0.21059852838516235
16680,1662,0.1412886679172516
16690,1663,0.17440173029899597
16700,1664,0.2434549331665039
16710,1665,0.14046406745910645
16720,1666,0.10072194039821625
16730,1667,0.049659717828035355
16740,1668,0.2223154455423355
16750,1669,0.3157239556312561
16760,1670,0.22255901992321014
16770,1671,0.2374434769153595
16780,1672,0.20686113834381104
16790,1673,0.16666074097156525
16800,1674,0.13711008429527283
16810,1675,0.20327751338481903
16820,1676,0.1786971539258957
16830,1677,0.36696600914001465
16840,1678,0.4172345995903015
16850,1679,0.2363988310098648
16860,1680,0.1407797783613205
16870,1681,0.2352038472890854
16880,1682,0.2993853688240051
16890,1683,0.2613588869571686
16900,1684,0.12031152844429016
16910,1685,0.44542667269706726
16920,1686,0.2623352110385895
16930,1687,0.41923630237579346
16940,1688,0.3029640316963196
16950,1689,0.1497732698917389
16960,1690,0.26313552260398865
16970,1691,0.12186434119939804
16980,1692,0.09698247909545898
16990,1693,0.21312452852725983
17000,1694,0.17273131012916565
17010,1695,0.16193068027496338
17020,1696,0.14147749543190002
17030,1697,0.458940327167511
17040,1698,0.048348646610975266
17050,1699,0.06897768378257751
17060,1700,0.1744491010904312
17070,1701,0.19308464229106903
17080,1702,0.5647435188293457
17090,1703,0.08761735260486603
17100,1704,0.15376964211463928
17110,1705,0.121684230864048
17120,1706,0.22839337587356567
17130,1707,0.13713863492012024
17140,1708,0.13400469720363617
17150,1709,0.09723229706287384
17160,1710,0.02401861548423767
17170,1711,0.09372813999652863
17180,1712,0.1928783804178238
17190,1713,0.13171856105327606
17200,1714,0.24785202741622925
17210,1715,0.09882491827011108
17220,1716,0.1437862068414688
17230,1717,0.20819301903247833
17240,1718,0.25477686524391174
17250,1719,0.299033522605896
17260,1720,0.18468046188354492
17270,1721,0.10951820760965347
17280,1722,0.17629051208496094
17290,1723,0.14181527495384216
17300,1724,0.12195473909378052
17310,1725,0.4374270439147949
17320,1726,0.18830989301204681
17330,1727,0.357022225856781
17340,1728,0.11921458691358566
17350,1729,0.12296497821807861
17360,1730,0.36685681343078613
17370,1731,0.1884452998638153
17380,1732,0.18328982591629028
17390,1733,0.13618817925453186
17400,1734,0.14925740659236908
17410,1735,0.1992240697145462
17420,1736,0.2230125069618225
17430,1737,0.20352670550346375
17440,1738,0.5152276158332825
17450,1739,0.1787033975124359
17460,1740,0.2232569009065628
17470,1741,0.23352356255054474
17480,1742,0.22098273038864136
17490,1743,0.2922389805316925
17500,1744,0.17915692925453186
17510,1745,0.28048184514045715
17520,1746,0.19076213240623474
17530,1747,0.26125264167785645
17540,1748,0.3606854975223541
17550,1749,0.2741391062736511
17560,1750,0.21717816591262817
17570,1751,0.03426459804177284
17580,1752,0.19748252630233765
17590,1753,0.11991465836763382
17600,1754,0.33128392696380615
17610,1755,0.34223419427871704
17620,1756,0.23216848075389862
17630,1757,0.10254120826721191
17640,1758,0.12965914607048035
17650,1759,0.16386601328849792
17660,1760,0.16872398555278778
17670,1761,0.2238982617855072
17680,1762,0.17826978862285614
17690,1763,0.1255405694246292
17700,1764,0.2888084352016449
17710,1765,0.1723421812057495
17720,1766,0.2926468551158905
17730,1767,0.21037626266479492
17740,1768,0.20415546000003815
17750,1769,0.10790573060512543
17760,1770,0.3323853015899658
17770,1771,0.17450138926506042
17780,1772,0.2487798035144806
17790,1773,0.12041310966014862
17800,1774,0.3699202239513397
17810,1775,0.21666792035102844
17820,1776,0.22505809366703033
17830,1777,0.15330779552459717
17840,1778,0.09792724996805191
17850,1779,0.37818482518196106
17860,1780,0.3684665262699127
17870,1781,0.24210625886917114
17880,1782,0.15642482042312622
17890,1783,0.17546479403972626
17900,1784,0.16860109567642212
17910,1785,0.2679893672466278
17920,1786,0.29467669129371643
17930,1787,0.19673535227775574
17940,1788,0.36767077445983887
17950,1789,0.10238387435674667
17960,1790,0.02936897799372673
17970,1791,0.10588759183883667
17980,1792,0.19961859285831451
17990,1793,0.12334521859884262
18000,1794,0.17001768946647644
18010,1795,0.27937430143356323
18020,1796,0.19434809684753418
18030,1797,0.23916465044021606
18040,1798,0.2281273603439331
18050,1799,0.23155681788921356
18060,1800,0.2166665941476822
18070,1801,0.16456720232963562
18080,1802,0.24494241178035736
18090,1803,0.20306770503520966
18100,1804,0.24972061812877655
18110,1805,0.16065189242362976
18120,1806,0.1723269373178482
18130,1807,0.1171577051281929
18140,1808,0.1791304051876068
18150,1809,0.07326261699199677
18160,1810,0.21574552357196808
18170,1811,0.12828975915908813
18180,1812,0.2501830458641052
18190,1813,0.22960978746414185
18200,1814,0.24902746081352234
18210,1815,0.2572687864303589
18220,1816,0.2541692554950714
18230,1817,0.0984230786561966
18240,1818,0.10334373265504837
18250,1819,0.18911874294281006
18260,1820,0.2429584115743637
18270,1821,0.03671306371688843
18280,1822,0.27569276094436646
18290,1823,0.225680872797966
18300,1824,0.13605007529258728
18310,1825,0.24196591973304749
18320,1826,0.32686007022857666
18330,1827,0.16244128346443176
18340,1828,0.19184155762195587
18350,1829,0.114296555519104
18360,1830,0.28328102827072144
18370,1831,0.154984250664711
18380,1832,0.285296231508255
18390,1833,0.31082630157470703
18400,1834,0.057845864444971085
18410,1835,0.06401312351226807
18420,1836,0.06930746138095856
18430,1837,0.06303153187036514
18440,1838,0.09275656938552856
18450,1839,0.28518763184547424
18460,1840,0.21852460503578186
18470,1841,0.18478715419769287
18480,1842,0.28872960805892944
18490,1843,0.057775869965553284
18500,1844,0.3212137818336487
18510,1845,0.3111168444156647
18520,1846,0.1002400666475296
18530,1847,0.3641301989555359
18540,1848,0.33919379115104675
18550,1849,0.11513121426105499
18560,1850,0.31068116426467896
18570,1851,0.1920609474182129
18580,1852,0.1494157314300537
18590,1853,0.12322121858596802
18600,1854,0.26357683539390564
18610,1855,0.34045299887657166
18620,1856,0.19307732582092285
18630,1857,0.27042025327682495
18640,1858,0.17759770154953003
18650,1859,0.2575368881225586
18660,1860,0.21431811153888702
18670,1861,0.12819801270961761
18680,1862,0.32995104789733887
18690,1863,0.19948053359985352
18700,1864,0.2050289660692215
18710,1865,0.21876174211502075
18720,1866,0.40760815143585205
18730,1867,0.2105233371257782
18740,1868,0.12570983171463013
18750,1869,0.308839350938797
18760,1870,0.2223501205444336
18770,1871,0.22616450488567352
18780,1872,0.312293142080307
18790,1873,0.25490719079971313
18800,1874,0.1823212206363678
18810,1875,0.16831982135772705
18820,1876,0.22831575572490692
18830,1877,0.05706990137696266
18840,1878,0.22548146545886993
18850,1879,0.22024409472942352
18860,1880,0.12447021901607513
18870,1881,0.10400199890136719
18880,1882,0.2686769962310791
18890,1883,0.20908008515834808
18900,1884,0.24107365310192108
18910,1885,0.17069430649280548
18920,1886,0.238803893327713
18930,1887,0.15147460997104645
18940,1888,0.19043613970279694
18950,1889,0.15523603558540344
18960,1890,0.1409284770488739
18970,1891,0.11260303109884262
18980,1892,0.20544376969337463
18990,1893,0.20567649602890015
19000,1894,0.3291659951210022
19010,1895,0.1031336560845375
19020,1896,0.12373337149620056
19030,1897,0.10363167524337769
19040,1898,0.06300191581249237
19050,1899,0.27525144815444946
19060,1900,0.08069820702075958
19070,1901,0.09627082198858261
19080,1902,0.47732675075531006
19090,1903,0.18285062909126282
19100,1904,0.30467918515205383
19110,1905,0.3017367422580719
19120,1906,0.2725687623023987
19130,1907,0.23460544645786285
19140,1908,0.2695123851299286
19150,1909,0.2661277651786804
19160,1910,0.09103299677371979
19170,1911,0.30349478125572205
19180,1912,0.2724111080169678
19190,1913,0.3186543881893158
19200,1914,0.18231430649757385
19210,1915,0.2927210330963135
19220,1916,0.2004113495349884
19230,1917,0.2412964403629303
19240,1918,0.17104622721672058
19250,1919,0.20491959154605865
19260,1920,0.41638123989105225
19270,1921,0.27100297808647156
19280,1922,0.2142929583787918
19290,1923,0.20464234054088593
19300,1924,0.20754827558994293
19310,1925,0.21589712798595428
19320,1926,0.20334665477275848
19330,1927,0.34089195728302
19340,1928,0.30034545063972473
19350,1929,0.17711295187473297
19360,1930,0.25304707884788513
19370,1931,0.15199653804302216
19380,1932,0.1931372880935669
19390,1933,0.22061683237552643
19400,1934,0.31039607524871826
19410,1935,0.1089305654168129
19420,1936,0.2000458538532257
19430,1937,0.27112311124801636
19440,1938,0.16960731148719788
19450,1939,0.155960351228714
19460,1940,0.2203025370836258
19470,1941,0.16370511054992676
19480,1942,0.2802680432796478
19490,1943,0.30858880281448364
19500,1944,0.22652556002140045
19510,1945,0.26904574036598206
19520,1946,0.29230478405952454
19530,1947,0.5022689700126648
19540,1948,0.1099913939833641
19550,1949,0.19895142316818237
19560,1950,0.15143893659114838
19570,1951,0.09067263454198837
19580,1952,0.1421739161014557
19590,1953,0.3108804225921631
19600,1954,0.32017403841018677
19610,1955,0.23545189201831818
19620,1956,0.10593178123235703
19630,1957,0.30743408203125
19640,1958,0.10094353556632996
19650,1959,0.382155179977417
19660,1960,0.18866156041622162
19670,1961,0.09753762185573578
19680,1962,0.545224130153656
19690,1963,0.2680388391017914
19700,1964,0.24362894892692566
19710,1965,0.09637835621833801
19720,1966,0.09099296480417252
19730,1967,0.14909859001636505
19740,1968,0.28003591299057007
19750,1969,0.3671947717666626
19760,1970,0.22257646918296814
19770,1971,0.1688845008611679
19780,1972,0.21986134350299835
19790,1973,0.1798909306526184
19800,1974,0.1506749391555786
19810,1975,0.36280953884124756
19820,1976,0.1721373349428177
19830,1977,0.11191172152757645
19840,1978,0.23264852166175842
19850,1979,0.24270322918891907
19860,1980,0.4095078110694885
19870,1981,0.2309887558221817
19880,1982,0.15805399417877197
19890,1983,0.09654615819454193
19900,1984,0.2539604902267456
19910,1985,0.15416234731674194
19920,1986,0.07200216501951218
19930,1987,0.16870534420013428
19940,1988,0.20580555498600006
19950,1989,0.14913302659988403
19960,1990,0.41084641218185425
19970,1991,0.11624220013618469
19980,1992,0.23143066465854645
19990,1993,0.3632904291152954
20000,1994,0.3646863102912903
20010,1995,0.2541964650154114
20020,1996,0.113420769572258
20030,1997,0.22568437457084656
20040,1998,0.10614924132823944
20050,1999,0.2503400146961212
20060,2000,0.3262515962123871
20070,2001,0.16612833738327026
20080,2002,0.3457413613796234
20090,2003,0.264499694108963
20100,2004,0.32499852776527405
20110,2005,0.22906595468521118
20120,2006,0.20918649435043335
20130,2007,0.25416359305381775
20140,2008,0.24815118312835693
20150,2009,0.27332645654678345
20160,2010,0.11361067742109299
20170,2011,0.13870377838611603
20180,2012,0.12195857614278793
20190,2013,0.20977093279361725
20200,2014,0.15638935565948486
20210,2015,0.11875119805335999
20220,2016,0.24696746468544006
20230,2017,0.060251910239458084
20240,2018,0.12776373326778412
20250,2019,0.10862382501363754
20260,2020,0.06789471209049225
20270,2021,0.18536065518856049
20280,2022,0.07184682786464691
20290,2023,0.11913478374481201
20300,2024,0.08639045059680939
20310,2025,0.16624440252780914
20320,2026,0.09147652983665466
20330,2027,0.248779296875
20340,2028,0.33172398805618286
20350,2029,0.2556281089782715
20360,2030,0.41819384694099426
20370,2031,0.10821042954921722
20380,2032,0.266008198261261
20390,2033,0.2225191742181778
20400,2034,0.18568088114261627
20410,2035,0.27488842606544495
20420,2036,0.09966588020324707
20430,2037,0.2928641438484192
20440,2038,0.16815103590488434
20450,2039,0.14401620626449585
20460,2040,0.14129771292209625
20470,2041,0.21085843443870544
20480,2042,0.18391232192516327
20490,2043,0.30418360233306885
20500,2044,0.20585642755031586
20510,2045,0.08924740552902222
20520,2046,0.26188480854034424
20530,2047,0.16009671986103058
20540,2048,0.12857164442539215
20550,2049,0.3446812331676483
20560,2050,0.19625012576580048
20570,2051,0.23104439675807953
20580,2052,0.2951924800872803
20590,2053,0.2511443793773651
20600,2054,0.17295479774475098
20610,2055,0.19325225055217743
20620,2056,0.3258390426635742
20630,2057,0.5280445218086243
20640,2058,0.12338028848171234
20650,2059,0.1508198231458664
20660,2060,0.18019989132881165
20670,2061,0.3048795461654663
20680,2062,0.18681377172470093
20690,2063,0.25251391530036926
20700,2064,0.2675715684890747
20710,2065,0.10542755573987961
20720,2066,0.09075425565242767
20730,2067,0.5011196732521057
20740,2068,0.17985354363918304
20750,2069,0.07464423775672913
20760,2070,0.30483490228652954
20770,2071,0.12644828855991364
20780,2072,0.16486330330371857
20790,2073,0.28986695408821106
20800,2074,0.2369949370622635
20810,2075,0.32951539754867554
20820,2076,0.2802971601486206
20830,2077,0.12265706062316895
20840,2078,0.12258309870958328
20850,2079,0.29848629236221313
20860,2080,0.1659868061542511
20870,2081,0.13810192048549652
20880,2082,0.15011891722679138
20890,2083,0.15566667914390564
20900,2084,0.11336109787225723
20910,2085,0.06926562637090683
20920,2086,0.30058109760284424
20930,2087,0.2815994620323181
20940,2088,0.14573520421981812
20950,2089,0.16515889763832092
20960,2090,0.2909852862358093
20970,2091,0.22781023383140564
20980,2092,0.3497076630592346
20990,2093,0.18371035158634186
21000,2094,0.26869672536849976
21010,2095,0.10667884349822998
21020,2096,0.21885590255260468
21030,2097,0.28297847509384155
21040,2098,0.39530035853385925
21050,2099,0.2921801209449768
21060,2100,0.15516038239002228
21070,2101,0.22310000658035278
21080,2102,0.15996341407299042
21090,2103,0.13195618987083435
21100,2104,0.20422816276550293
21110,2105,0.5232029557228088
21120,2106,0.5079873204231262
21130,2107,0.18422162532806396
21140,2108,0.1146848201751709
21150,2109,0.12864026427268982
21160,2110,0.20649462938308716
21170,2111,0.10843557119369507
21180,2112,0.20765814185142517
21190,2113,0.3482648432254791
21200,2114,0.07378853112459183
21210,2115,0.3643054962158203
21220,2116,0.26695892214775085
21230,2117,0.25038743019104004
21240,2118,0.225752055644989
21250,2119,0.20935983955860138
21260,2120,0.4536880552768707
21270,2121,0.18080168962478638
21280,2122,0.20415934920310974
21290,2123,0.2997981607913971
21300,2124,0.43412545323371887
21310,2125,0.1942010521888733
21320,2126,0.19411492347717285
21330,2127,0.0564488023519516
21340,2128,0.30941200256347656
21350,2129,0.13603335618972778
21360,2130,0.1506759375333786
21370,2131,0.29813680052757263
21380,2132,0.20517492294311523
21390,2133,0.2857808470726013
21400,2134,0.1810658872127533
21410,2135,0.10536132752895355
21420,2136,0.19815151393413544
21430,2137,0.203657865524292
21440,2138,0.27982205152511597
21450,2139,0.23639965057373047
21460,2140,0.23227916657924652
21470,2141,0.21435940265655518
21480,2142,0.1764238327741623
21490,2143,0.1114543154835701
21500,2144,0.24633263051509857
21510,2145,0.2127368152141571
21520,2146,0.3314807713031769
21530,2147,0.267090380191803
21540,2148,0.363493949174881
21550,2149,0.11857882142066956
21560,2150,0.07499879598617554
21570,2151,0.1504613757133484
21580,2152,0.3680179715156555
21590,2153,0.14451466500759125
21600,2154,0.28399336338043213
21610,2155,0.24885293841362
21620,2156,0.19021277129650116
21630,2157,0.2653919458389282
21640,2158,0.060376014560461044
21650,2159,0.1407662332057953
21660,2160,0.19403424859046936
21670,2161,0.1456889510154724
21680,2162,0.2352561056613922
21690,2163,0.18644703924655914
21700,2164,0.32997792959213257
21710,2165,0.24393892288208008
21720,2166,0.20367228984832764
21730,2167,0.2639964818954468
21740,2168,0.22877144813537598
21750,2169,0.22292271256446838
21760,2170,0.1825680136680603
21770,2171,0.09882762283086777
21780,2172,0.29440024495124817
21790,2173,0.2248161882162094
21800,2174,0.10562192648649216
21810,2175,0.1491808146238327
21820,2176,0.148921400308609
21830,2177,0.24971754848957062
21840,2178,0.30769333243370056
21850,2179,0.12015867978334427
21860,2180,0.310297429561615
21870,2181,0.06156335026025772
21880,2182,0.28131192922592163
21890,2183,0.35244467854499817
21900,2184,0.26156172156333923
21910,2185,0.3393598794937134
21920,2186,0.26822882890701294
21930,2187,0.2267616093158722
21940,2188,0.1651049554347992
21950,2189,0.25395822525024414
21960,2190,0.28255701065063477
21970,2191,0.1542801856994629
21980,2192,0.28046372532844543
21990,2193,0.30762767791748047
22000,2194,0.3784341514110565
22010,2195,0.19562526047229767
22020,2196,0.31831368803977966
22030,2197,0.29710906744003296
22040,2198,0.11663585901260376
22050,2199,0.33262118697166443
22060,2200,0.18903355300426483
22070,2201,0.32039713859558105
22080,2202,0.40729817748069763
22090,2203,0.3640804588794708
22100,2204,0.1531842052936554
22110,2205,0.36953213810920715
22120,2206,0.27045005559921265
22130,2207,0.16950379312038422
22140,2208,0.1568373441696167
22150,2209,0.20849566161632538
22160,2210,0.06717977672815323
22170,2211,0.2794110178947449
22180,2212,0.2568724751472473
22190,2213,0.4817907214164734
22200,2214,0.15413126349449158
22210,2215,0.23965439200401306
22220,2216,0.33352068066596985
22230,2217,0.24560827016830444
22240,2218,0.2968742251396179
22250,2219,0.3265165090560913
22260,2220,0.28146159648895264
22270,2221,0.23058079183101654
22280,2222,0.21766339242458344
22290,2223,0.2616589069366455
22300,2224,0.1991477757692337
22310,2225,0.22620493173599243
22320,2226,0.2587941288948059
22330,2227,0.27447474002838135
22340,2228,0.3100177049636841
22350,2229,0.11498130857944489
22360,2230,0.20876367390155792
22370,2231,0.44655895233154297
22380,2232,0.06749996542930603
22390,2233,0.19928467273712158
22400,2234,0.21086491644382477
22410,2235,0.21244466304779053
22420,2236,0.13965126872062683
22430,2237,0.37864017486572266
22440,2238,0.27417540550231934
22450,2239,0.23800647258758545
22460,2240,0.1879364550113678
22470,2241,0.2785395383834839
22480,2242,0.24888090789318085
22490,2243,0.3743300139904022
22500,2244,0.20191144943237305
22510,2245,0.24036556482315063
22520,2246,0.23519103229045868
22530,2247,0.2091570943593979
22540,2248,0.5113000869750977
22550,2249,0.27997541427612305
22560,2250,0.5175503492355347
22570,2251,0.25884854793548584
22580,2252,0.2217487394809723
22590,2253,0.1676371991634369
22600,2254,0.2353144735097885
22610,2255,0.31460434198379517
22620,2256,0.12860935926437378
22630,2257,0.25944072008132935
22640,2258,0.2877430021762848
22650,2259,0.045201003551483154
22660,2260,0.16850772500038147
22670,2261,0.2286340892314911
22680,2262,0.18962964415550232
22690,2263,0.287966787815094
22700,2264,0.1953105926513672
22710,2265,0.23523841798305511
22720,2266,0.4839114844799042
22730,2267,0.4298137426376343
22740,2268,0.23795825242996216
22750,2269,0.2440251260995865
22760,2270,0.22917726635932922
22770,2271,0.30291566252708435
22780,2272,0.16181309521198273
22790,2273,0.26346033811569214
22800,2274,0.1515626311302185
22810,2275,0.11922439187765121
22820,2276,0.17079254984855652
22830,2277,0.2601206302642822
22840,2278,0.13138741254806519
22850,2279,0.3143461346626282
22860,2280,0.2943636178970337
22870,2281,0.36705267429351807
22880,2282,0.22928981482982635
22890,2283,0.32021182775497437
22900,2284,0.21872766315937042
22910,2285,0.1807231605052948
22920,2286,0.30001574754714966
22930,2287,0.36033132672309875
22940,2288,0.23197488486766815
22950,2289,0.3679196834564209
22960,2290,0.45687222480773926
22970,2291,0.08755635470151901
22980,2292,0.12833981215953827
22990,2293,0.2985553741455078
23000,2294,0.23957695066928864
23010,2295,0.48168307542800903
23020,2296,0.32981768250465393
23030,2297,0.18948611617088318
23040,2298,0.14576849341392517
23050,2299,0.23440998792648315
23060,2300,0.4098866581916809
23070,2301,0.40366753935813904
23080,2302,0.3236026465892792
23090,2303,0.48170605301856995
23100,2304,0.21881362795829773
23110,2305,0.1073518916964531
23120,2306,0.2099287360906601
23130,2307,0.4403025805950165
23140,2308,0.401719331741333
23150,2309,0.19763821363449097
23160,2310,0.21651098132133484
23170,2311,0.1374034285545349
23180,2312,0.2638772428035736
23190,2313,0.1909131109714508
23200,2314,0.11399789154529572
23210,2315,0.31962600350379944
23220,2316,0.4781920909881592
23230,2317,0.20077747106552124
23240,2318,0.2514984607696533
23250,2319,0.1777372807264328
23260,2320,0.20720776915550232
23270,2321,0.37695494294166565
23280,2322,0.29451122879981995
23290,2323,0.16575965285301208
23300,2324,0.2700313627719879
23310,2325,0.11423517018556595
23320,2326,0.26692691445350647
23330,2327,0.21682053804397583
23340,2328,0.22662170231342316
23350,2329,0.2747771739959717
23360,2330,0.2017240822315216
23370,2331,0.33204448223114014
23380,2332,0.28953754901885986
23390,2333,0.28999441862106323
23400,2334,0.23044449090957642
23410,2335,0.24255788326263428
23420,2336,0.18724805116653442
23430,2337,0.25003206729888916
23440,2338,0.2937150001525879
23450,2339,0.17622847855091095
23460,2340,0.4144330322742462
23470,2341,0.3636241555213928
23480,2342,0.22219568490982056
23490,2343,0.3374384939670563
23500,2344,0.19350135326385498
23510,2345,0.22017636895179749
23520,2346,0.23677101731300354
23530,2347,0.16384506225585938
23540,2348,0.21207034587860107
23550,2349,0.2840067446231842
23560,2350,0.17445045709609985
23570,2351,0.15391325950622559
23580,2352,0.25575703382492065
23590,2353,0.17184792459011078
23600,2354,0.19626928865909576
23610,2355,0.2784290611743927
23620,2356,0.06876633316278458
23630,2357,0.19345930218696594
23640,2358,0.2230314463376999
23650,2359,0.4299713671207428
23660,2360,0.18570265173912048
23670,2361,0.16907574236392975
23680,2362,0.4409787356853485
23690,2363,0.14703421294689178
23700,2364,0.30928874015808105
23710,2365,0.24986009299755096
23720,2366,0.2125471532344818
23730,2367,0.17094600200653076
23740,2368,0.4853576421737671
23750,2369,0.24747376143932343
23760,2370,0.24241605401039124
23770,2371,0.15495696663856506
23780,2372,0.2803526818752289
23790,2373,0.14185135066509247
23800,2374,0.27979013323783875
23810,2375,0.41520246863365173
23820,2376,0.2472771406173706
23830,2377,0.18009518086910248
23840,2378,0.24044360220432281
23850,2379,0.2543279230594635
23860,2380,0.40170639753341675
23870,2381,0.3603668212890625
23880,2382,0.1205994263291359
23890,2383,0.14457498490810394
23900,2384,0.24975046515464783
23910,2385,0.13849365711212158
23920,2386,0.3278414011001587
23930,2387,0.1781536340713501
23940,2388,0.20173829793930054
23950,2389,0.18955405056476593
23960,2390,0.20303748548030853
23970,2391,0.23091423511505127
23980,2392,0.19849371910095215
23990,2393,0.18874040246009827
24000,2394,0.28288525342941284
24010,2395,0.10498528182506561
24020,2396,0.21273325383663177
24030,2397,0.109519362449646
24040,2398,0.33565521240234375
24050,2399,0.043761447072029114
24060,2400,0.0980774313211441
24070,2401,0.08300473541021347
24080,2402,0.3099070191383362
24090,2403,0.20109859108924866
24100,2404,0.2471482753753662
24110,2405,0.41409045457839966
24120,2406,0.20581476390361786
24130,2407,0.38829323649406433
24140,2408,0.22074829041957855
24150,2409,0.21138107776641846
24160,2410,0.04493924602866173
24170,2411,0.1567389965057373
24180,2412,0.199453666806221
24190,2413,0.4588245451450348
24200,2414,0.15286551415920258
24210,2415,0.35795292258262634
24220,2416,0.40636253356933594
24230,2417,0.10955847799777985
24240,2418,0.16431351006031036
24250,2419,0.10836289823055267
24260,2420,0.20254142582416534
24270,2421,0.2641293406486511
24280,2422,0.1095254197716713
24290,2423,0.15647460520267487
24300,2424,0.2564122676849365
24310,2425,0.24616239964962006
24320,2426,0.32742539048194885
24330,2427,0.39765480160713196
24340,2428,0.26317888498306274
24350,2429,0.3899325132369995
24360,2430,0.23086747527122498
24370,2431,0.11976619809865952
24380,2432,0.2473612129688263
24390,2433,0.3127100467681885
24400,2434,0.2381904125213623
24410,2435,0.1204380989074707
24420,2436,0.23486627638339996
24430,2437,0.23506343364715576
24440,2438,0.3188871443271637
24450,2439,0.4325674772262573
24460,2440,0.21729125082492828
24470,2441,0.1561846137046814
24480,2442,0.20119018852710724
24490,2443,0.2569839358329773
24500,2444,0.22446121275424957
24510,2445,0.25783243775367737
24520,2446,0.4729832112789154
24530,2447,0.30311325192451477
24540,2448,0.2374107986688614
24550,2449,0.2359468787908554
24560,2450,0.33943381905555725
24570,2451,0.12272898852825165
24580,2452,0.12384822219610214
24590,2453,0.18001681566238403
24600,2454,0.2663600742816925
24610,2455,0.2072540819644928
24620,2456,0.2920415997505188
24630,2457,0.28156277537345886
24640,2458,0.26804810762405396
24650,2459,0.22718125581741333
24660,2460,0.14009840786457062
24670,2461,0.2668622136116028
24680,2462,0.2403673529624939
24690,2463,0.49164703488349915
24700,2464,0.24056729674339294
24710,2465,0.3637304902076721
24720,2466,0.2928302586078644
24730,2467,0.23613612353801727
24740,2468,0.13782517611980438
24750,2469,0.2714293599128723
24760,2470,0.06667860597372055
24770,2471,0.15865221619606018
24780,2472,0.2000458985567093
24790,2473,0.3514896035194397
24800,2474,0.39377835392951965
24810,2475,0.28623610734939575
24820,2476,0.3233039677143097
24830,2477,0.6059654355049133
24840,2478,0.29292792081832886
24850,2479,0.2763422429561615
24860,2480,0.11738532036542892
24870,2481,0.196679025888443
24880,2482,0.20303483307361603
24890,2483,0.20487624406814575
24900,2484,0.150603786110878
24910,2485,0.1377762258052826
24920,2486,0.1288074553012848
24930,2487,0.28489652276039124
24940,2488,0.16538384556770325
24950,2489,0.3297703266143799
24960,2490,0.25915372371673584
24970,2491,0.5203536748886108
24980,2492,0.22778716683387756
24990,2493,0.3672346770763397
25000,2494,0.2349572777748108
25010,2495,0.24169909954071045
25020,2496,0.1944826990365982
25030,2497,0.2102225124835968
25040,2498,0.13073036074638367
25050,2499,0.3273320198059082
25060,2500,0.1373434215784073
25070,2501,0.2593703866004944
25080,2502,0.1840897798538208
25090,2503,0.2559698224067688
25100,2504,0.379849374294281
25110,2505,0.3531230688095093
25120,2506,0.30938050150871277
25130,2507,0.214097797870636
25140,2508,0.16940566897392273
25150,2509,0.24757932126522064
25160,2510,0.22186163067817688
25170,2511,0.24744533002376556
25180,2512,0.21632029116153717
25190,2513,0.1719648391008377
25200,2514,0.4450666308403015
25210,2515,0.22646929323673248
25220,2516,0.1775282323360443
25230,2517,0.39009737968444824
25240,2518,0.38325634598731995
25250,2519,0.16721123456954956
25260,2520,0.3973495662212372
25270,2521,0.28832507133483887
25280,2522,0.20566914975643158
25290,2523,0.1826528012752533
25300,2524,0.20398899912834167
25310,2525,0.49550729990005493
25320,2526,0.4735974967479706
25330,2527,0.4541711211204529
25340,2528,0.23557601869106293
25350,2529,0.19371458888053894
25360,2530,0.30508407950401306
25370,2531,0.2797098755836487
25380,2532,0.24099856615066528
25390,2533,0.19103702902793884
25400,2534,0.1888173669576645
25410,2535,0.22502121329307556
25420,2536,0.29949426651000977
25430,2537,0.1842375546693802
25440,2538,0.34733787178993225
25450,2539,0.31711798906326294
25460,2540,0.1227225735783577
25470,2541,0.1873445212841034
25480,2542,0.24878227710723877
25490,2543,0.21766914427280426
25500,2544,0.256804496049881
25510,2545,0.2827499210834503
25520,2546,0.28907665610313416
25530,2547,0.2993255853652954
25540,2548,0.1777520626783371
25550,2549,0.2918994426727295
25560,2550,0.22662188112735748
25570,2551,0.3554413914680481
25580,2552,0.11746571958065033
25590,2553,0.17202816903591156
25600,2554,0.17804676294326782
25610,2555,0.17506931722164154
25620,2556,0.03740007430315018
25630,2557,0.26547980308532715
25640,2558,0.12156041711568832
25650,2559,0.3647134304046631
25660,2560,0.27818992733955383
25670,2561,0.48149970173835754
25680,2562,0.32061514258384705
25690,2563,0.2435057908296585
25700,2564,0.22515089809894562
25710,2565,0.35754790902137756
25720,2566,0.2404908388853073
25730,2567,0.1335562765598297
25740,2568,0.22495199739933014
25750,2569,0.2415434867143631
25760,2570,0.2087634801864624
25770,2571,0.21870176494121552
25780,2572,0.19575220346450806
25790,2573,0.22137661278247833
25800,2574,0.07431056350469589
25810,2575,0.14973661303520203
25820,2576,0.1832079291343689
25830,2577,0.21804001927375793
25840,2578,0.16681085526943207
25850,2579,0.2793391942977905
25860,2580,0.15404479205608368
25870,2581,0.31628233194351196
25880,2582,0.21952122449874878
25890,2583,0.3984827995300293
25900,2584,0.23259466886520386
25910,2585,0.1020217314362526
25920,2586,0.26880916953086853
25930,2587,0.22407925128936768
25940,2588,0.236690953373909
25950,2589,0.2993904948234558
25960,2590,0.17509973049163818
25970,2591,0.1505880504846573
25980,2592,0.17229628562927246
25990,2593,0.20373864471912384
26000,2594,0.3490070402622223
26010,2595,0.3059696853160858
26020,2596,0.2957269847393036
26030,2597,0.19337108731269836
26040,2598,0.13174985349178314
26050,2599,0.5306209325790405
26060,2600,0.059987872838974
26070,2601,0.07575593888759613
26080,2602,0.3813943564891815
26090,2603,0.2240235060453415
26100,2604,0.13133496046066284
26110,2605,0.25846999883651733
26120,2606,0.20900866389274597
26130,2607,0.22894516587257385
26140,2608,0.23943085968494415
26150,2609,0.24479413032531738
26160,2610,0.12547239661216736
26170,2611,0.09490762650966644
26180,2612,0.30891790986061096
26190,2613,0.3289858102798462
26200,2614,0.2473772168159485
26210,2615,0.21953637897968292
26220,2616,0.3113607168197632
26230,2617,0.13881434500217438
26240,2618,0.16384194791316986
26250,2619,0.08918074518442154
26260,2620,0.42173415422439575
26270,2621,0.2887154817581177
26280,2622,0.23477855324745178
26290,2623,0.28275150060653687
26300,2624,0.16291049122810364
26310,2625,0.2919428050518036
26320,2626,0.17765769362449646
26330,2627,0.3660038411617279
26340,2628,0.26426026225090027
26350,2629,0.27686458826065063
26360,2630,0.20153652131557465
26370,2631,0.15932050347328186
26380,2632,0.2636781930923462
26390,2633,0.22821947932243347
26400,2634,0.15969732403755188
26410,2635,0.1251671016216278
26420,2636,0.29204660654067993
26430,2637,0.26462018489837646
26440,2638,0.29746294021606445
26450,2639,0.10140760242938995
26460,2640,0.266457200050354
26470,2641,0.09103933721780777
26480,2642,0.16022062301635742
26490,2643,0.13481782376766205
26500,2644,0.10642624646425247
26510,2645,0.17949821054935455
26520,2646,0.4880083203315735
26530,2647,0.22761766612529755
26540,2648,0.15545262396335602
26550,2649,0.23842167854309082
26560,2650,0.25637808442115784
26570,2651,0.34657806158065796
26580,2652,0.2163274586200714
26590,2653,0.43668317794799805
26600,2654,0.09237982332706451
26610,2655,0.14124873280525208
26620,2656,0.252765417098999
26630,2657,0.14739322662353516
26640,2658,0.0966687798500061
26650,2659,0.36292997002601624
26660,2660,0.27169105410575867
26670,2661,0.2532382011413574
26680,2662,0.26732635498046875
26690,2663,0.11974292993545532
26700,2664,0.24471215903759003
26710,2665,0.2866901159286499
26720,2666,0.27253803610801697
26730,2667,0.1488237977027893
26740,2668,0.3680382966995239
26750,2669,0.14703916013240814
26760,2670,0.1384814828634262
26770,2671,0.1066330224275589
26780,2672,0.1475900113582611
26790,2673,0.2202712446451187
26800,2674,0.21488672494888306
26810,2675,0.2572840452194214
26820,2676,0.2113913595676422
26830,2677,0.16348424553871155
26840,2678,0.07833608984947205
26850,2679,0.20546568930149078
26860,2680,0.19325464963912964
26870,2681,0.17938880622386932
26880,2682,0.13665150105953217
26890,2683,0.25443553924560547
26900,2684,0.13073566555976868
26910,2685,0.24243685603141785
26920,2686,0.3598235845565796
26930,2687,0.1254512518644333
26940,2688,0.13313964009284973
26950,2689,0.20232906937599182
26960,2690,0.13745975494384766
26970,2691,0.2673129439353943
26980,2692,0.35423871874809265
26990,2693,0.05429510399699211
27000,2694,0.17220881581306458
27010,2695,0.07333678752183914
27020,2696,0.1566462516784668
27030,2697,0.29647356271743774
27040,2698,0.1512567698955536
27050,2699,0.18267960846424103
27060,2700,0.14166611433029175
27070,2701,0.14706148207187653
27080,2702,0.32387834787368774
27090,2703,0.2389342039823532
27100,2704,0.09148287773132324
27110,2705,0.1406209021806717
27120,2706,0.09658487141132355
27130,2707,0.31275826692581177
27140,2708,0.2139040231704712
27150,2709,0.1897670030593872
27160,2710,0.4505695700645447
27170,2711,0.3552127480506897
27180,2712,0.18570269644260406
27190,2713,0.20701110363006592
27200,2714,0.1291222870349884
27210,2715,0.1495969295501709
27220,2716,0.21989282965660095
27230,2717,0.17081758379936218
27240,2718,0.1513858437538147
27250,2719,0.36447155475616455
27260,2720,0.0854693055152893
27270,2721,0.2906668484210968
27280,2722,0.05790850520133972
27290,2723,0.15424028038978577
27300,2724,0.17208267748355865
27310,2725,0.3069619834423065
27320,2726,0.23730432987213135
27330,2727,0.15562182664871216
27340,2728,0.1988065093755722
27350,2729,0.38528376817703247
27360,2730,0.11713530123233795
27370,2731,0.24242344498634338
27380,2732,0.29970425367355347
27390,2733,0.293972909450531
27400,2734,0.24203360080718994
27410,2735,0.3452819585800171
27420,2736,0.25044623017311096
27430,2737,0.2479776293039322
27440,2738,0.18617522716522217
27450,2739,0.15743990242481232
27460,2740,0.22408105432987213
27470,2741,0.2424059361219406
27480,2742,0.20002229511737823
27490,2743,0.19397518038749695
27500,2744,0.2399325668811798
27510,2745,0.16800172626972198
27520,2746,0.2531340420246124
27530,2747,0.20420591533184052
27540,2748,0.17927637696266174
27550,2749,0.35858607292175293
27560,2750,0.21934238076210022
27570,2751,0.2704017758369446
27580,2752,0.14385539293289185
27590,2753,0.2741318643093109
27600,2754,0.19578365981578827
27610,2755,0.19587132334709167
27620,2756,0.6036944389343262
27630,2757,0.2258121520280838
27640,2758,0.16884225606918335
27650,2759,0.21365541219711304
27660,2760,0.11196494847536087
27670,2761,0.0730568915605545
27680,2762,0.11551868915557861
27690,2763,0.1649501770734787
27700,2764,0.2291981279850006
27710,2765,0.33280667662620544
27720,2766,0.14662882685661316
27730,2767,0.10184836387634277
27740,2768,0.20115870237350464
27750,2769,0.21470960974693298
27760,2770,0.213802769780159
27770,2771,0.19775758683681488
27780,2772,0.17072084546089172
27790,2773,0.1448591947555542
27800,2774,0.1244698092341423
27810,2775,0.10780605673789978
27820,2776,0.04391028359532356
27830,2777,0.33481302857398987
27840,2778,0.14997965097427368
27850,2779,0.21630974113941193
27860,2780,0.3178418278694153
27870,2781,0.33383336663246155
27880,2782,0.17886261641979218
27890,2783,0.06157166510820389
27900,2784,0.26022854447364807
27910,2785,0.25179553031921387
27920,2786,0.2678586542606354
27930,2787,0.11616703867912292
27940,2788,0.2320581078529358
27950,2789,0.3040373623371124
27960,2790,0.16451163589954376
27970,2791,0.0984865203499794
27980,2792,0.1950932741165161
27990,2793,0.1252405047416687
28000,2794,0.3072145879268646
28010,2795,0.1422143578529358
28020,2796,0.19161777198314667
28030,2797,0.07619249075651169
28040,2798,0.1552216112613678
28050,2799,0.29562968015670776
28060,2800,0.15873202681541443
28070,2801,0.095721036195755
28080,2802,0.36863428354263306
28090,2803,0.20778444409370422
28100,2804,0.19547569751739502
28110,2805,0.18899106979370117
28120,2806,0.17992019653320312
28130,2807,0.161142960190773
28140,2808,0.1540122926235199
28150,2809,0.13168415427207947
28160,2810,0.08930277824401855
28170,2811,0.29906129837036133
28180,2812,0.15160685777664185
28190,2813,0.3955034911632538
28200,2814,0.2943037450313568
28210,2815,0.21117618680000305
28220,2816,0.1344970464706421
28230,2817,0.32667428255081177
28240,2818,0.3363857865333557
28250,2819,0.19745241105556488
28260,2820,0.21862375736236572
28270,2821,0.20559661090373993
28280,2822,0.05915166065096855
28290,2823,0.16965541243553162
28300,2824,0.14068640768527985
28310,2825,0.4545070230960846
28320,2826,0.0688595175743103
28330,2827,0.11904413998126984
28340,2828,0.07927628606557846
28350,2829,0.16221371293067932
28360,2830,0.13011784851551056
28370,2831,0.22159618139266968
28380,2832,0.050338391214609146
28390,2833,0.38899633288383484
28400,2834,0.13300800323486328
28410,2835,0.1260802447795868
28420,2836,0.24261674284934998
28430,2837,0.30447983741760254
28440,2838,0.2573389708995819
28450,2839,0.30614084005355835
28460,2840,0.20195713639259338
28470,2841,0.08784673362970352
28480,2842,0.19437381625175476
28490,2843,0.101959727704525
28500,2844,0.09179773926734924
28510,2845,0.20392948389053345
28520,2846,0.21437004208564758
28530,2847,0.36497604846954346
28540,2848,0.19412565231323242
28550,2849,0.3858557939529419
28560,2850,0.14032185077667236
28570,2851,0.29888230562210083
28580,2852,0.17475250363349915
28590,2853,0.15326695144176483
28600,2854,0.20685428380966187
28610,2855,0.3175552785396576
28620,2856,0.09449532628059387
28630,2857,0.2012443095445633
28640,2858,0.08971438556909561
28650,2859,0.12936334311962128
28660,2860,0.3221684694290161
28670,2861,0.2077726423740387
28680,2862,0.08379177004098892
28690,2863,0.31194981932640076
28700,2864,0.2268277406692505
28710,2865,0.19094079732894897
28720,2866,0.11060929298400879
28730,2867,0.04465692862868309
28740,2868,0.1947537064552307
28750,2869,0.20589497685432434
28760,2870,0.24549174308776855
28770,2871,0.40201643109321594
28780,2872,0.09131568670272827
28790,2873,0.11289998888969421
28800,2874,0.11620950698852539
28810,2875,0.3613128662109375
28820,2876,0.17998935282230377
28830,2877,0.27613192796707153
28840,2878,0.20426315069198608
28850,2879,0.09460532665252686
28860,2880,0.2770605981349945
28870,2881,0.21038487553596497
28880,2882,0.09164110571146011
28890,2883,0.13409750163555145
28900,2884,0.10949209332466125
28910,2885,0.10524085909128189
28920,2886,0.2253667414188385
28930,2887,0.05912802368402481
28940,2888,0.2503102123737335
28950,2889,0.12053923308849335
28960,2890,0.25079718232154846
28970,2891,0.29633593559265137
28980,2892,0.17224881052970886
28990,2893,0.163568913936615
29000,2894,0.22757843136787415
29010,2895,0.20303866267204285
29020,2896,0.19673562049865723
29030,2897,0.3110038936138153
29040,2898,0.12566596269607544
29050,2899,0.3534625470638275
29060,2900,0.1374422013759613
29070,2901,0.3905789852142334
29080,2902,0.07311327010393143
29090,2903,0.21940629184246063
29100,2904,0.2854722738265991
29110,2905,0.14870646595954895
29120,2906,0.24092252552509308
29130,2907,0.23292364180088043
29140,2908,0.10915736854076385
29150,2909,0.1660897135734558
29160,2910,0.1379401832818985
29170,2911,0.10798805207014084
29180,2912,0.14711326360702515
29190,2913,0.17965392768383026
29200,2914,0.3209339380264282
29210,2915,0.13375404477119446
29220,2916,0.33117225766181946
29230,2917,0.20846927165985107
29240,2918,0.3175346255302429
29250,2919,0.17871174216270447
29260,2920,0.15933573246002197
29270,2921,0.28732722997665405
29280,2922,0.13210877776145935
29290,2923,0.41970932483673096
29300,2924,0.12529993057250977
29310,2925,0.12783244252204895
29320,2926,0.28244298696517944
29330,2927,0.11115144938230515
29340,2928,0.05651608854532242
29350,2929,0.06034378707408905
29360,2930,0.22277644276618958
29370,2931,0.251518577337265
29380,2932,0.1976860612630844
29390,2933,0.21329957246780396
29400,2934,0.17921876907348633
29410,2935,0.1465166062116623
29420,2936,0.23301105201244354
29430,2937,0.2983948588371277
29440,2938,0.45071274042129517
29450,2939,0.09460543096065521
29460,2940,0.17988303303718567
29470,2941,0.3252858519554138
29480,2942,0.3536224365234375
29490,2943,0.21151264011859894
29500,2944,0.13504603505134583
29510,2945,0.19436204433441162
29520,2946,0.20958709716796875
29530,2947,0.10072700679302216
29540,2948,0.3480284810066223
29550,2949,0.2240586280822754
29560,2950,0.29610416293144226
29570,2951,0.07919967174530029
29580,2952,0.24074281752109528
29590,2953,0.07982608675956726
29600,2954,0.4101109802722931
29610,2955,0.2320910096168518
29620,2956,0.05817421153187752
29630,2957,0.1343442052602768
29640,2958,0.13657577335834503
29650,2959,0.17315401136875153
29660,2960,0.14735646545886993
29670,2961,0.21619568765163422
29680,2962,0.293855220079422
29690,2963,0.2792417109012604
29700,2964,0.17059959471225739
29710,2965,0.17937391996383667
29720,2966,0.2530154883861542
29730,2967,0.24688416719436646
29740,2968,0.1543273627758026
29750,2969,0.2344927191734314
29760,2970,0.1464109718799591
29770,2971,0.2173008918762207
29780,2972,0.19951817393302917
29790,2973,0.20290088653564453
29800,2974,0.20214825868606567
29810,2975,0.25145816802978516
29820,2976,0.30565696954727173
29830,2977,0.2577589750289917
29840,2978,0.19967257976531982
29850,2979,0.22046875953674316
29860,2980,0.3010043799877167
29870,2981,0.18385498225688934
29880,2982,0.1992347687482834
29890,2983,0.13061043620109558
29900,2984,0.2324109971523285
29910,2985,0.36666959524154663
29920,2986,0.10955820977687836
29930,2987,0.1971040517091751
29940,2988,0.20242168009281158
29950,2989,0.1923195719718933
29960,2990,0.28341221809387207
29970,2991,0.35646235942840576
29980,2992,0.09583555907011032
29990,2993,0.25069648027420044
30000,2994,0.30018332600593567
30010,2995,0.12474840879440308
30020,2996,0.24967633187770844
30030,2997,0.326928049325943
30040,2998,0.237883523106575
30050,2999,0.34589657187461853
30060,3000,0.25679975748062134
30070,3001,0.35309574007987976
30080,3002,0.23257827758789062
30090,3003,0.2185484617948532
30100,3004,0.3698417544364929
30110,3005,0.1111440360546112
30120,3006,0.3063681423664093
30130,3007,0.2915557324886322
30140,3008,0.27022784948349
30150,3009,0.2363087236881256
30160,3010,0.19878406822681427
30170,3011,0.29204389452934265
30180,3012,0.09514173120260239
30190,3013,0.19017963111400604
30200,3014,0.3128511905670166
30210,3015,0.4059709906578064
30220,3016,0.07003173977136612
30230,3017,0.12626731395721436
30240,3018,0.21416376531124115
30250,3019,0.17069607973098755
30260,3020,0.16627754271030426
30270,3021,0.3219691514968872
30280,3022,0.12636037170886993
30290,3023,0.12200283259153366
30300,3024,0.26628944277763367
30310,3025,0.2695862054824829
30320,3026,0.20213475823402405
30330,3027,0.13575032353401184
30340,3028,0.1097988411784172
30350,3029,0.13146962225437164
30360,3030,0.19320881366729736
30370,3031,0.12403158843517303
30380,3032,0.2223224639892578
30390,3033,0.24909067153930664
30400,3034,0.13455457985401154
30410,3035,0.14527016878128052
30420,3036,0.17500603199005127
30430,3037,0.35712262988090515
30440,3038,0.2287619560956955
30450,3039,0.2725749611854553
30460,3040,0.09347379952669144
30470,3041,0.28326714038848877
30480,3042,0.43574607372283936
30490,3043,0.40428391098976135
30500,3044,0.2546297013759613
30510,3045,0.32265228033065796
30520,3046,0.233395054936409
30530,3047,0.09947531670331955
30540,3048,0.374891072511673
30550,3049,0.07764427363872528
30560,3050,0.3633446991443634
30570,3051,0.26840072870254517
30580,3052,0.11850233376026154
30590,3053,0.23663483560085297
30600,3054,0.06592677533626556
30610,3055,0.1372525990009308
30620,3056,0.14065076410770416
30630,3057,0.1990480273962021
30640,3058,0.21933704614639282
30650,3059,0.16744892299175262
30660,3060,0.18286101520061493
30670,3061,0.2871907353401184
30680,3062,0.19976463913917542
30690,3063,0.1455981582403183
30700,3064,0.18432267010211945
30710,3065,0.29290515184402466
30720,3066,0.30663028359413147
30730,3067,0.12432903051376343
30740,3068,0.280465304851532
30750,3069,0.09294537454843521
30760,3070,0.44664618372917175
30770,3071,0.21250483393669128
30780,3072,0.2345246523618698
30790,3073,0.3051607310771942
30800,3074,0.2924094796180725
30810,3075,0.1400296688079834
30820,3076,0.0970228761434555
30830,3077,0.19604921340942383
30840,3078,0.33272480964660645
30850,3079,0.1636953204870224
30860,3080,0.24453669786453247
30870,3081,0.34074723720550537
30880,3082,0.1888917088508606
30890,3083,0.0978691577911377
30900,3084,0.11928216367959976
30910,3085,0.16764149069786072
30920,3086,0.34339261054992676
30930,3087,0.1611984223127365
30940,3088,0.17779560387134552
30950,3089,0.1897951066493988
30960,3090,0.19186893105506897
30970,3091,0.15643511712551117
30980,3092,0.30087828636169434
30990,3093,0.18138429522514343
31000,3094,0.254474937915802
31010,3095,0.10555775463581085
31020,3096,0.14296741783618927
31030,3097,0.21453578770160675
31040,3098,0.42059722542762756
31050,3099,0.26401984691619873
31060,3100,0.14847832918167114
31070,3101,0.09729988873004913
31080,3102,0.4953371286392212
31090,3103,0.5184268355369568
31100,3104,0.20677734911441803
31110,3105,0.17235887050628662
31120,3106,0.40792372822761536
31130,3107,0.38004520535469055
31140,3108,0.12984693050384521
31150,3109,0.13370689749717712
31160,3110,0.27454206347465515
31170,3111,0.2298058420419693
31180,3112,0.1391349732875824
31190,3113,0.3161062002182007
31200,3114,0.19491159915924072
31210,3115,0.29713988304138184
31220,3116,0.22532573342323303
31230,3117,0.5255395174026489
31240,3118,0.2301880419254303
31250,3119,0.24430420994758606
31260,3120,0.13518589735031128
31270,3121,0.1428678184747696
31280,3122,0.1033935621380806
31290,3123,0.23769864439964294
31300,3124,0.14476969838142395
31310,3125,0.15314269065856934
31320,3126,0.12931883335113525
31330,3127,0.18463101983070374
31340,3128,0.22349049150943756
31350,3129,0.10809624940156937
31360,3130,0.18704426288604736
31370,3131,0.3459746837615967
31380,3132,0.1885709911584854
31390,3133,0.35973334312438965
31400,3134,0.22429652512073517
31410,3135,0.23231114447116852
31420,3136,0.24105091392993927
31430,3137,0.18874523043632507
31440,3138,0.1369243860244751
31450,3139,0.36199671030044556
31460,3140,0.35971882939338684
31470,3141,0.19330313801765442
31480,3142,0.10626183450222015
31490,3143,0.23043856024742126
31500,3144,0.1656135618686676
31510,3145,0.09326642751693726
31520,3146,0.2179916650056839
31530,3147,0.03631112724542618
31540,3148,0.11603491008281708
31550,3149,0.21680110692977905
31560,3150,0.19403362274169922
31570,3151,0.2889217138290405
31580,3152,0.12248999625444412
31590,3153,0.24757477641105652
31600,3154,0.17964953184127808
31610,3155,0.10852419584989548
31620,3156,0.2339039146900177
31630,3157,0.2283879667520523
31640,3158,0.23272587358951569
31650,3159,0.19416245818138123
31660,3160,0.29703596234321594
31670,3161,0.28334084153175354
31680,3162,0.3183678090572357
31690,3163,0.11866750568151474
31700,3164,0.14021147787570953
31710,3165,0.15893317759037018
31720,3166,0.2010895013809204
31730,3167,0.36975571513175964
31740,3168,0.1989576369524002
31750,3169,0.18632878363132477
31760,3170,0.2545613646507263
31770,3171,0.1997898370027542
31780,3172,0.15472286939620972
31790,3173,0.06367096304893494
31800,3174,0.23862457275390625
31810,3175,0.09962819516658783
31820,3176,0.24475020170211792
31830,3177,0.17793802917003632
31840,3178,0.20734719932079315
31850,3179,0.0960211530327797
31860,3180,0.20544128119945526
31870,3181,0.11774162948131561
31880,3182,0.1180635467171669
31890,3183,0.41789886355400085
31900,3184,0.190372034907341
31910,3185,0.4156959652900696
31920,3186,0.1067734882235527
31930,3187,0.3506700098514557
31940,3188,0.1928938925266266
31950,3189,0.23972421884536743
31960,3190,0.2860771715641022
31970,3191,0.2123648226261139
31980,3192,0.10762832313776016
31990,3193,0.20518572628498077
32000,3194,0.4268580675125122
32010,3195,0.4743296802043915
32020,3196,0.14073573052883148
32030,3197,0.16291670501232147
32040,3198,0.22801852226257324
32050,3199,0.44059255719184875
32060,3200,0.15952445566654205
32070,3201,0.15416210889816284
32080,3202,0.2801026999950409
32090,3203,0.06314108520746231
32100,3204,0.27349111437797546
32110,3205,0.19540907442569733
32120,3206,0.14065980911254883
32130,3207,0.2530263662338257
32140,3208,0.1340714991092682
32150,3209,0.12148682028055191
32160,3210,0.2814559042453766
32170,3211,0.2805320620536804
32180,3212,0.37887731194496155
32190,3213,0.14646147191524506
32200,3214,0.19857735931873322
32210,3215,0.06957333534955978
32220,3216,0.2616077661514282
32230,3217,0.09067230671644211
32240,3218,0.13016830384731293
32250,3219,0.19269539415836334
32260,3220,0.2867278456687927
32270,3221,0.20569100975990295
32280,3222,0.2215881049633026
32290,3223,0.2024843990802765
32300,3224,0.1923772692680359
32310,3225,0.1553352326154709
32320,3226,0.23832222819328308
32330,3227,0.1416349858045578
32340,3228,0.117812380194664
32350,3229,0.16376307606697083
32360,3230,0.3129303455352783
32370,3231,0.2645079493522644
32380,3232,0.12920503318309784
32390,3233,0.13231980800628662
32400,3234,0.11581707000732422
32410,3235,0.18744780123233795
32420,3236,0.2557046413421631
32430,3237,0.06482648849487305
32440,3238,0.42509594559669495
32450,3239,0.11325065791606903
32460,3240,0.1241578757762909
32470,3241,0.2294692099094391
32480,3242,0.0951286181807518
32490,3243,0.3820649981498718
32500,3244,0.10861492156982422
32510,3245,0.28210797905921936
32520,3246,0.10210486501455307
32530,3247,0.2103743553161621
32540,3248,0.3305937647819519
32550,3249,0.15001824498176575
32560,3250,0.1985989511013031
32570,3251,0.30555111169815063
32580,3252,0.18338239192962646
32590,3253,0.10761018097400665
32600,3254,0.3572491407394409
32610,3255,0.1842135787010193
32620,3256,0.17508801817893982
32630,3257,0.432188481092453
32640,3258,0.2668807804584503
32650,3259,0.18297915160655975
32660,3260,0.21610690653324127
32670,3261,0.24133515357971191
32680,3262,0.15751007199287415
32690,3263,0.3465627431869507
32700,3264,0.20560339093208313
32710,3265,0.21471348404884338
32720,3266,0.26110702753067017
32730,3267,0.32428616285324097
32740,3268,0.13548246026039124
32750,3269,0.21179769933223724
32760,3270,0.19657650589942932
32770,3271,0.2705306112766266
32780,3272,0.22170208394527435
32790,3273,0.09068024903535843
32800,3274,0.05215812101960182
32810,3275,0.3045317828655243
32820,3276,0.27134060859680176
32830,3277,0.10699759423732758
32840,3278,0.27838441729545593
32850,3279,0.34065505862236023
32860,3280,0.28171324729919434
32870,3281,0.26056575775146484
32880,3282,0.2190699428319931
32890,3283,0.20990808308124542
32900,3284,0.27675652503967285
32910,3285,0.08548007905483246
32920,3286,0.12894350290298462
32930,3287,0.48072144389152527
32940,3288,0.07953140884637833
32950,3289,0.17078600823879242
32960,3290,0.16924439370632172
32970,3291,0.42773470282554626
32980,3292,0.15548399090766907
32990,3293,0.16481882333755493
33000,3294,0.09827344864606857
33010,3295,0.14706294238567352
33020,3296,0.32384172081947327
33030,3297,0.22872799634933472
33040,3298,0.19013169407844543
33050,3299,0.23848435282707214
33060,3300,0.24429748952388763
33070,3301,0.07533024996519089
33080,3302,0.1868463158607483
33090,3303,0.22231730818748474
33100,3304,0.14430271089076996
33110,3305,0.23670142889022827
33120,3306,0.043815650045871735
33130,3307,0.19563499093055725
33140,3308,0.2697029113769531
33150,3309,0.28657934069633484
33160,3310,0.4355592727661133
33170,3311,0.31369876861572266
33180,3312,0.20624688267707825
33190,3313,0.3985467851161957
33200,3314,0.3732089102268219
33210,3315,0.1364884078502655
33220,3316,0.3140064477920532
33230,3317,0.19826139509677887
33240,3318,0.26491832733154297
33250,3319,0.07156260311603546
33260,3320,0.13560637831687927
33270,3321,0.18265444040298462
33280,3322,0.2814195156097412
33290,3323,0.22788843512535095
33300,3324,0.39201033115386963
33310,3325,0.11868322640657425
33320,3326,0.10745244473218918
33330,3327,0.15794344246387482
33340,3328,0.34656068682670593
33350,3329,0.2205258458852768
33360,3330,0.11646847426891327
33370,3331,0.2917709946632385
33380,3332,0.11232182383537292
33390,3333,0.15491968393325806
33400,3334,0.37117481231689453
33410,3335,0.1339801400899887
33420,3336,0.16981342434883118
33430,3337,0.10046186298131943
33440,3338,0.1368001401424408
33450,3339,0.43180030584335327
33460,3340,0.2135055661201477
33470,3341,0.18539385497570038
33480,3342,0.27351462841033936
33490,3343,0.17910122871398926
33500,3344,0.2695636749267578
33510,3345,0.07264547795057297
33520,3346,0.14211273193359375
33530,3347,0.26248469948768616
33540,3348,0.07573805749416351
33550,3349,0.11970791965723038
33560,3350,0.08824226260185242
33570,3351,0.3321846127510071
33580,3352,0.20765164494514465
33590,3353,0.11963096261024475
33600,3354,0.14589618146419525
33610,3355,0.17761895060539246
33620,3356,0.21665595471858978
33630,3357,0.1702539026737213
33640,3358,0.24409465491771698
33650,3359,0.30341827869415283
33660,3360,0.10381860285997391
33670,3361,0.20113208889961243
33680,3362,0.27455973625183105
33690,3363,0.2782403528690338
33700,3364,0.11164785921573639
33710,3365,0.3222716748714447
33720,3366,0.20204436779022217
33730,3367,0.14718377590179443
33740,3368,0.3544395864009857
33750,3369,0.19856062531471252
33760,3370,0.2834550738334656
33770,3371,0.23674644529819489
33780,3372,0.4219161570072174
33790,3373,0.1196613758802414
33800,3374,0.2641502022743225
33810,3375,0.15652890503406525
33820,3376,0.27402418851852417
33830,3377,0.046530768275260925
33840,3378,0.24691101908683777
33850,3379,0.11173659563064575
33860,3380,0.20686213672161102
33870,3381,0.08319413661956787
33880,3382,0.12847203016281128
33890,3383,0.2217150628566742
33900,3384,0.16000351309776306
33910,3385,0.23546016216278076
33920,3386,0.11881270259618759
33930,3387,0.28438887000083923
33940,3388,0.1879006028175354
33950,3389,0.05287298187613487
33960,3390,0.44819048047065735
33970,3391,0.21945205330848694
33980,3392,0.24478907883167267
33990,3393,0.3215797543525696
34000,3394,0.3003670573234558
34010,3395,0.15705400705337524
34020,3396,0.15443646907806396
34030,3397,0.2850421071052551
34040,3398,0.30118095874786377
34050,3399,0.22970831394195557
34060,3400,0.17166219651699066
34070,3401,0.2802984118461609
34080,3402,0.27564385533332825
34090,3403,0.17522403597831726
34100,3404,0.22843632102012634
34110,3405,0.21584033966064453
34120,3406,0.20759837329387665
34130,3407,0.14281082153320312
34140,3408,0.2632017135620117
34150,3409,0.13800035417079926
34160,3410,0.2760721743106842
34170,3411,0.12714430689811707
34180,3412,0.19798210263252258
34190,3413,0.1895812302827835
34200,3414,0.15504245460033417
34210,3415,0.43573132157325745
34220,3416,0.3123665153980255
34230,3417,0.41693294048309326
34240,3418,0.17001213133335114
34250,3419,0.142607182264328
34260,3420,0.08320392668247223
34270,3421,0.3081391453742981
34280,3422,0.24346114695072174
34290,3423,0.20448482036590576
34300,3424,0.35629981756210327
34310,3425,0.16209864616394043
34320,3426,0.031772222369909286
34330,3427,0.26025405526161194
34340,3428,0.18489184975624084
34350,3429,0.5526745915412903
34360,3430,0.2987743318080902
34370,3431,0.12757042050361633
34380,3432,0.13278062641620636
34390,3433,0.37129321694374084
34400,3434,0.14457431435585022
34410,3435,0.2842099070549011
34420,3436,0.07351937890052795
34430,3437,0.20393157005310059
34440,3438,0.37578052282333374
34450,3439,0.31258028745651245
34460,3440,0.41890040040016174
34470,3441,0.12252611666917801
34480,3442,0.2785971760749817
34490,3443,0.34715667366981506
34500,3444,0.18749754130840302
34510,3445,0.26970088481903076
34520,3446,0.3558194041252136
34530,3447,0.24734273552894592
34540,3448,0.14224417507648468
34550,3449,0.0704021081328392
34560,3450,0.306146502494812
34570,3451,0.2501979172229767
34580,3452,0.16641046106815338
34590,3453,0.32289451360702515
34600,3454,0.3205363154411316
34610,3455,0.20285840332508087
34620,3456,0.28305673599243164
34630,3457,0.12681743502616882
34640,3458,0.28417712450027466
34650,3459,0.22397170960903168
34660,3460,0.19946865737438202
34670,3461,0.31064319610595703
34680,3462,0.36015433073043823
34690,3463,0.18371045589447021
34700,3464,0.25384968519210815
34710,3465,0.2266768515110016
34720,3466,0.27980437874794006
34730,3467,0.2253146469593048
34740,3468,0.1391153335571289
34750,3469,0.32755380868911743
34760,3470,0.28401920199394226
34770,3471,0.080227330327034
34780,3472,0.15812784433364868
34790,3473,0.27252310514450073
34800,3474,0.36987075209617615
34810,3475,0.39861345291137695
34820,3476,0.1609019786119461
34830,3477,0.1674666851758957
34840,3478,0.2048630714416504
34850,3479,0.05433779954910278
34860,3480,0.5592978000640869
34870,3481,0.27957019209861755
34880,3482,0.20282283425331116
34890,3483,0.13443797826766968
34900,3484,0.08817895501852036
34910,3485,0.1310068964958191
34920,3486,0.069747194647789
34930,3487,0.1099742203950882
34940,3488,0.2790316641330719
34950,3489,0.1949204057455063
34960,3490,0.18467183411121368
34970,3491,0.47171610593795776
34980,3492,0.3363827168941498
34990,3493,0.1678873747587204
35000,3494,0.2760380506515503
35010,3495,0.42284002900123596
35020,3496,0.2477210909128189
35030,3497,0.12085920572280884
35040,3498,0.11457750201225281
35050,3499,0.06558261066675186
35060,3500,0.2637522518634796
35070,3501,0.12810777127742767
35080,3502,0.34298744797706604
35090,3503,0.09849407523870468
35100,3504,0.19666139781475067
35110,3505,0.14669610559940338
35120,3506,0.17543435096740723
35130,3507,0.3551614284515381
35140,3508,0.2791335880756378
35150,3509,0.17584790289402008
35160,3510,0.262188196182251
35170,3511,0.21816624701023102
35180,3512,0.09459801018238068
35190,3513,0.10012619197368622
35200,3514,0.2374955117702484
35210,3515,0.24190522730350494
35220,3516,0.13802003860473633
35230,3517,0.13247749209403992
35240,3518,0.2802529036998749
35250,3519,0.04075748473405838
35260,3520,0.25378215312957764
35270,3521,0.28923338651657104
35280,3522,0.03807760775089264
35290,3523,0.28279680013656616
35300,3524,0.36682796478271484
35310,3525,0.24888092279434204
35320,3526,0.2301284521818161
35330,3527,0.19547417759895325
35340,3528,0.23009055852890015
35350,3529,0.3476906418800354
35360,3530,0.12723399698734283
35370,3531,0.1165313571691513
35380,3532,0.5131251215934753
35390,3533,0.1406574845314026
35400,3534,0.30419921875
35410,3535,0.23350897431373596
35420,3536,0.2382037341594696
35430,3537,0.15377706289291382
35440,3538,0.17513525485992432
35450,3539,0.1322251558303833
35460,3540,0.11987554281949997
35470,3541,0.08282280713319778
35480,3542,0.11174286901950836
35490,3543,0.24607524275779724
35500,3544,0.14372842013835907
35510,3545,0.39264652132987976
35520,3546,0.13703088462352753
35530,3547,0.24956011772155762
35540,3548,0.366004079580307
35550,3549,0.11454632878303528
35560,3550,0.36371153593063354
35570,3551,0.4830034673213959
35580,3552,0.14091384410858154
35590,3553,0.1901981085538864
35600,3554,0.17938396334648132
35610,3555,0.36933425068855286
35620,3556,0.201362743973732
35630,3557,0.14318357408046722
35640,3558,0.12346222996711731
35650,3559,0.1922079622745514
35660,3560,0.3447582423686981
35670,3561,0.11538457870483398
35680,3562,0.11573076248168945
35690,3563,0.2451460063457489
35700,3564,0.17631538212299347
35710,3565,0.09334138035774231
35720,3566,0.20055483281612396
35730,3567,0.2073194682598114
35740,3568,0.3502662479877472
35750,3569,0.3875673711299896
35760,3570,0.10554774850606918
35770,3571,0.3196795582771301
35780,3572,0.30864667892456055
35790,3573,0.2380959391593933
35800,3574,0.36609771847724915
35810,3575,0.4600728154182434
35820,3576,0.10946328938007355
35830,3577,0.25805962085723877
35840,3578,0.3653160631656647
35850,3579,0.26680436730384827
35860,3580,0.25434693694114685
35870,3581,0.2586349844932556
35880,3582,0.2725897431373596
35890,3583,0.3916807472705841
35900,3584,0.24498797953128815
35910,3585,0.11435659974813461
35920,3586,0.16627177596092224
35930,3587,0.22743400931358337
35940,3588,0.32317274808883667
35950,3589,0.2648267149925232
35960,3590,0.25439876317977905
35970,3591,0.2350134253501892
35980,3592,0.29154062271118164
35990,3593,0.18983590602874756
36000,3594,0.2848619222640991
36010,3595,0.0986793115735054
36020,3596,0.2527584135532379
36030,3597,0.3149946928024292
36040,3598,0.12119939178228378
36050,3599,0.25997060537338257
36060,3600,0.3441340923309326
36070,3601,0.09847737848758698
36080,3602,0.3371473550796509
36090,3603,0.15378710627555847
36100,3604,0.5408779382705688
36110,3605,0.10833612084388733
36120,3606,0.2775638997554779
36130,3607,0.29077664017677307
36140,3608,0.23538224399089813
36150,3609,0.24245628714561462
36160,3610,0.39160653948783875
36170,3611,0.12685659527778625
36180,3612,0.24043095111846924
36190,3613,0.47674277424812317
36200,3614,0.445305734872818
36210,3615,0.04411490261554718
36220,3616,0.10702714323997498
36230,3617,0.15225137770175934
36240,3618,0.20434708893299103
36250,3619,0.39852356910705566
36260,3620,0.2123936414718628
36270,3621,0.3575655221939087
36280,3622,0.21795926988124847
36290,3623,0.11957039684057236
36300,3624,0.36290988326072693
36310,3625,0.3696769177913666
36320,3626,0.245521679520607
36330,3627,0.15047354996204376
36340,3628,0.2737211585044861
36350,3629,0.17043288052082062
36360,3630,0.17259298264980316
36370,3631,0.20417997241020203
36380,3632,0.3572990298271179
36390,3633,0.21400216221809387
36400,3634,0.19914546608924866
36410,3635,0.11201472580432892
36420,3636,0.3705289959907532
36430,3637,0.2931300699710846
36440,3638,0.2202739268541336
36450,3639,0.3709046244621277
36460,3640,0.3645950257778168
36470,3641,0.1996600180864334
36480,3642,0.1580733358860016
36490,3643,0.21747907996177673
36500,3644,0.14390665292739868
36510,3645,0.23219594359397888
36520,3646,0.1474643051624298
36530,3647,0.14305207133293152
36540,3648,0.34791797399520874
36550,3649,0.10817015171051025
36560,3650,0.24006904661655426
36570,3651,0.2233719527721405
36580,3652,0.2565409541130066
36590,3653,0.4158124327659607
36600,3654,0.2158503234386444
36610,3655,0.30281686782836914
36620,3656,0.29494136571884155
36630,3657,0.24896351993083954
36640,3658,0.06787414848804474
36650,3659,0.6190720796585083
36660,3660,0.20514152944087982
36670,3661,0.28826746344566345
36680,3662,0.4636654257774353
36690,3663,0.29172101616859436
36700,3664,0.1967952847480774
36710,3665,0.11175272613763809
36720,3666,0.18732275068759918
36730,3667,0.2091875821352005
36740,3668,0.1831609606742859
36750,3669,0.39012327790260315
36760,3670,0.3551461696624756
36770,3671,0.28796204924583435
36780,3672,0.12162002176046371
36790,3673,0.4430660903453827
36800,3674,0.42935141921043396
36810,3675,0.3556517958641052
36820,3676,0.25616100430488586
36830,3677,0.2537088692188263
36840,3678,0.37534135580062866
36850,3679,0.06932137161493301
36860,3680,0.33080732822418213
36870,3681,0.42062535881996155
36880,3682,0.1629730612039566
36890,3683,0.2037377804517746
36900,3684,0.2781931161880493
36910,3685,0.1728011965751648
36920,3686,0.12227106839418411
36930,3687,0.1779964566230774
36940,3688,0.08967160433530807
36950,3689,0.15509343147277832
36960,3690,0.19612689316272736
36970,3691,0.4798004925251007
36980,3692,0.18740195035934448
36990,3693,0.08098091930150986
37000,3694,0.3742469847202301
37010,3695,0.43300583958625793
37020,3696,0.29867449402809143
37030,3697,0.1470334529876709
37040,3698,0.26128098368644714
37050,3699,0.12069636583328247
37060,3700,0.4526749551296234
37070,3701,0.13485661149024963
37080,3702,0.19632311165332794
37090,3703,0.42177802324295044
37100,3704,0.22532525658607483
37110,3705,0.47439730167388916
37120,3706,0.15455755591392517
37130,3707,0.252063512802124
37140,3708,0.28719159960746765
37150,3709,0.36321911215782166
37160,3710,0.3057962954044342
37170,3711,0.1121109202504158
37180,3712,0.19936634600162506
37190,3713,0.18849541246891022
37200,3714,0.2764504849910736
37210,3715,0.10574865341186523
37220,3716,0.18038412928581238
37230,3717,0.24025976657867432
37240,3718,0.07434576004743576
37250,3719,0.2549706697463989
37260,3720,0.29708629846572876
37270,3721,0.180215984582901
37280,3722,0.14196628332138062
37290,3723,0.3651130199432373
37300,3724,0.2798827886581421
37310,3725,0.20516209304332733
37320,3726,0.19282984733581543
37330,3727,0.2146233171224594
37340,3728,0.2583530843257904
37350,3729,0.07893552631139755
37360,3730,0.06777352839708328
37370,3731,0.24007676541805267
37380,3732,0.2010941207408905
37390,3733,0.0842236652970314
37400,3734,0.3669339716434479
37410,3735,0.30818986892700195
37420,3736,0.35557809472084045
37430,3737,0.27179065346717834
37440,3738,0.19068343937397003
37450,3739,0.32813358306884766
37460,3740,0.26981884241104126
37470,3741,0.22044453024864197
37480,3742,0.29546892642974854
37490,3743,0.260158509016037
37500,3744,0.29888972640037537
37510,3745,0.32407793402671814
37520,3746,0.18564964830875397
37530,3747,0.23119333386421204
37540,3748,0.24487905204296112
37550,3749,0.10678162425756454
37560,3750,0.3855142593383789
37570,3751,0.19680294394493103
37580,3752,0.15477870404720306
37590,3753,0.17024381458759308
37600,3754,0.08721297234296799
37610,3755,0.09559515863656998
37620,3756,0.4018377661705017
37630,3757,0.20993994176387787
37640,3758,0.2542334198951721
37650,3759,0.3378908932209015
37660,3760,0.3279727101325989
37670,3761,0.14984798431396484
37680,3762,0.31023696064949036
37690,3763,0.26390185952186584
37700,3764,0.13193269073963165
37710,3765,0.4276134967803955
37720,3766,0.34457775950431824
37730,3767,0.20598050951957703
37740,3768,0.29711970686912537
37750,3769,0.17053672671318054
37760,3770,0.3126624822616577
37770,3771,0.09389804303646088
37780,3772,0.2616368532180786
37790,3773,0.2692068815231323
37800,3774,0.3846864104270935
37810,3775,0.3280687630176544
37820,3776,0.17486044764518738
37830,3777,0.3385929465293884
37840,3778,0.19574189186096191
37850,3779,0.2962164282798767
37860,3780,0.3510688543319702
37870,3781,0.43367740511894226
37880,3782,0.14369051158428192
37890,3783,0.25493109226226807
37900,3784,0.30723196268081665
37910,3785,0.23541709780693054
37920,3786,0.16130006313323975
37930,3787,0.42384612560272217
37940,3788,0.16256000101566315
37950,3789,0.2322675585746765
37960,3790,0.19923552870750427
37970,3791,0.18121032416820526
37980,3792,0.23872211575508118
37990,3793,0.25299781560897827
38000,3794,0.10900149494409561
38010,3795,0.3288598358631134
38020,3796,0.3288629353046417
38030,3797,0.2942579984664917
38040,3798,0.2554367780685425
38050,3799,0.25915390253067017
38060,3800,0.23748131096363068
38070,3801,0.5492957830429077
38080,3802,0.1426285207271576
38090,3803,0.42698049545288086
38100,3804,0.3776179254055023
38110,3805,0.24836891889572144
38120,3806,0.27800682187080383
38130,3807,0.17107845842838287
38140,3808,0.20339347422122955
38150,3809,0.14769428968429565
38160,3810,0.0850217267870903
38170,3811,0.11856904625892639
38180,3812,0.22854426503181458
38190,3813,0.1793275624513626
38200,3814,0.10341747105121613
38210,3815,0.16473284363746643
38220,3816,0.15000897645950317
38230,3817,0.5384107232093811
38240,3818,0.3533294200897217
38250,3819,0.20324943959712982
38260,3820,0.2682643532752991
38270,3821,0.2651783227920532
38280,3822,0.16997244954109192
38290,3823,0.24990461766719818
38300,3824,0.31739693880081177
38310,3825,0.31802570819854736
38320,3826,0.19143688678741455
38330,3827,0.19384287297725677
38340,3828,0.13556143641471863
38350,3829,0.2975655794143677
38360,3830,0.34263479709625244
38370,3831,0.13261684775352478
38380,3832,0.3792513608932495
38390,3833,0.270080029964447
38400,3834,0.4756246507167816
38410,3835,0.26656821370124817
38420,3836,0.13456548750400543
38430,3837,0.3034681975841522
38440,3838,0.15634222328662872
38450,3839,0.08024415373802185
38460,3840,0.2765474319458008
38470,3841,0.4372454285621643
38480,3842,0.13252995908260345
38490,3843,0.29814332723617554
38500,3844,0.16857165098190308
38510,3845,0.3905405104160309
38520,3846,0.16885331273078918
38530,3847,0.3228800594806671
38540,3848,0.20499145984649658
38550,3849,0.10882559418678284
38560,3850,0.2969018220901489
38570,3851,0.40057528018951416
38580,3852,0.1730477213859558
38590,3853,0.32178330421447754
38600,3854,0.16872385144233704
38610,3855,0.18138472735881805
38620,3856,0.05928291752934456
38630,3857,0.3383421301841736
38640,3858,0.2661682665348053
38650,3859,0.1583586484193802
38660,3860,0.36571890115737915
38670,3861,0.36623939871788025
38680,3862,0.2032606601715088
38690,3863,0.19411806762218475
38700,3864,0.21343526244163513
38710,3865,0.47846755385398865
38720,3866,0.43592068552970886
38730,3867,0.4379073977470398
38740,3868,0.21918824315071106
38750,3869,0.07165851444005966
38760,3870,0.2917636036872864
38770,3871,0.36707258224487305
38780,3872,0.3211827874183655
38790,3873,0.18149296939373016
38800,3874,0.3340252935886383
38810,3875,0.32815372943878174
38820,3876,0.22033479809761047
38830,3877,0.16943563520908356
38840,3878,0.3162361979484558
38850,3879,0.33717671036720276
38860,3880,0.3952230215072632
38870,3881,0.2555238902568817
38880,3882,0.45629554986953735
38890,3883,0.29321151971817017
38900,3884,0.25074663758277893
38910,3885,0.07765261083841324
38920,3886,0.2561629116535187
38930,3887,0.2892850637435913
38940,3888,0.29806065559387207
38950,3889,0.24354568123817444
38960,3890,0.3670373558998108
38970,3891,0.3340773284435272
38980,3892,0.2325473576784134
38990,3893,0.1276615709066391
39000,3894,0.10145256668329239
39010,3895,0.18456828594207764
39020,3896,0.3806906044483185
39030,3897,0.27704334259033203
39040,3898,0.26644742488861084
39050,3899,0.41543450951576233
39060,3900,0.5306387543678284
39070,3901,0.23848095536231995
39080,3902,0.364450067281723
39090,3903,0.253768652677536
39100,3904,0.22268709540367126
39110,3905,0.1749870330095291
39120,3906,0.2570648491382599
39130,3907,0.46908053755760193
39140,3908,0.30270999670028687
39150,3909,0.24914000928401947
39160,3910,0.26187801361083984
39170,3911,0.3897220492362976
39180,3912,0.4233483076095581
39190,3913,0.4677135944366455
39200,3914,0.25437411665916443
39210,3915,0.22806644439697266
39220,3916,0.28384432196617126
39230,3917,0.2711787223815918
39240,3918,0.3404238224029541
39250,3919,0.31710657477378845
39260,3920,0.13292254507541656
39270,3921,0.25500714778900146
39280,3922,0.30282700061798096
39290,3923,0.2877541184425354
39300,3924,0.31000474095344543
39310,3925,0.2847178280353546
39320,3926,0.20441174507141113
39330,3927,0.4239499270915985
39340,3928,0.11246514320373535
39350,3929,0.2322637140750885
39360,3930,0.28904229402542114
39370,3931,0.26653003692626953
39380,3932,0.16323377192020416
39390,3933,0.11548028886318207
39400,3934,0.19400712847709656
39410,3935,0.34011605381965637
39420,3936,0.30563387274742126
39430,3937,0.29428550601005554
39440,3938,0.290499210357666
39450,3939,0.22565941512584686
39460,3940,0.1951494812965393
39470,3941,0.20757101476192474
39480,3942,0.37499725818634033
39490,3943,0.4030529856681824
39500,3944,0.16084423661231995
39510,3945,0.43000373244285583
39520,3946,0.46206003427505493
39530,3947,0.5065447688102722
39540,3948,0.20262746512889862
39550,3949,0.23767973482608795
39560,3950,0.3038780391216278
39570,3951,0.41185465455055237
39580,3952,0.2606697380542755
39590,3953,0.17767921090126038
39600,3954,0.3568740785121918
39610,3955,0.5095268487930298
39620,3956,0.2988886833190918
39630,3957,0.39699670672416687
39640,3958,0.3010793924331665
39650,3959,0.3491176962852478
39660,3960,0.3590061664581299
39670,3961,0.21598803997039795
39680,3962,0.20530474185943604
39690,3963,0.2729865312576294
39700,3964,0.3214705288410187
39710,3965,0.1680503636598587
39720,3966,0.29660895466804504
39730,3967,0.17264263331890106
39740,3968,0.27065402269363403
39750,3969,0.3070550858974457
39760,3970,0.2145770639181137
39770,3971,0.15802353620529175
39780,3972,0.24606812000274658
39790,3973,0.2582889497280121
39800,3974,0.1375710815191269
39810,3975,0.3407144546508789
39820,3976,0.16688652336597443
39830,3977,0.2079210728406906
39840,3978,0.2648564577102661
39850,3979,0.5422359704971313
39860,3980,0.2974558174610138
39870,3981,0.17271478474140167
39880,3982,0.21912197768688202
39890,3983,0.1440383940935135
39900,3984,0.1063726618885994
39910,3985,0.3917369246482849
39920,3986,0.17103201150894165
39930,3987,0.19496148824691772
39940,3988,0.3131033778190613
39950,3989,0.2079542875289917
39960,3990,0.402624249458313
39970,3991,0.17293953895568848
39980,3992,0.3443801701068878
39990,3993,0.1709618866443634
40000,3994,0.16775743663311005
40010,3995,0.2865699231624603
40020,3996,0.11725220829248428
40030,3997,0.1984272599220276
40040,3998,0.16511043906211853
40050,3999,0.4619048833847046
40060,4000,0.16876773536205292
40070,4001,0.26574188470840454
40080,4002,0.3044949769973755
40090,4003,0.2226264625787735
40100,4004,0.28077805042266846
40110,4005,0.5032885074615479
40120,4006,0.3699137568473816
40130,4007,0.23112471401691437
40140,4008,0.28007638454437256
40150,4009,0.3310946524143219
40160,4010,0.1750466674566269
40170,4011,0.2652111053466797
40180,4012,0.34047770500183105
40190,4013,0.1919795572757721
40200,4014,0.3809393346309662
40210,4015,0.5428822040557861
40220,4016,0.48158663511276245
40230,4017,0.20700903236865997
40240,4018,0.2639760375022888
40250,4019,0.7257344722747803
40260,4020,0.263886034488678
40270,4021,0.35035043954849243
40280,4022,0.48090821504592896
40290,4023,0.2959243655204773
40300,4024,0.16539736092090607
40310,4025,0.23427410423755646
40320,4026,0.2818053960800171
40330,4027,0.2662982940673828
40340,4028,0.1103900671005249
40350,4029,0.38855108618736267
40360,4030,0.2858680486679077
40370,4031,0.19810864329338074
40380,4032,0.22181552648544312
40390,4033,0.33056318759918213
40400,4034,0.21821357309818268
40410,4035,0.22193200886249542
40420,4036,0.2348307967185974
40430,4037,0.4733177423477173
40440,4038,0.197242870926857
40450,4039,0.17837058007717133
40460,4040,0.30517879128456116
40470,4041,0.2707965075969696
40480,4042,0.3769964873790741
40490,4043,0.4938841164112091
40500,4044,0.40197768807411194
40510,4045,0.34000056982040405
40520,4046,0.15587283670902252
40530,4047,0.3451992869377136
40540,4048,0.3610420227050781
40550,4049,0.4308544397354126
40560,4050,0.2914048135280609
40570,4051,0.2766839265823364
40580,4052,0.3623732328414917
40590,4053,0.22345784306526184
40600,4054,0.45430928468704224
40610,4055,0.3440755605697632
40620,4056,0.29860594868659973
40630,4057,0.1867341846227646
40640,4058,0.3020533621311188
40650,4059,0.3805844783782959
40660,4060,0.5658120512962341
40670,4061,0.18647754192352295
40680,4062,0.18959780037403107
40690,4063,0.1795198917388916
40700,4064,0.1533467173576355
40710,4065,0.525871992111206
40720,4066,0.29944872856140137
40730,4067,0.3461364507675171
40740,4068,0.24828162789344788
40750,4069,0.3650648593902588
40760,4070,0.28299060463905334
40770,4071,0.17836610972881317
40780,4072,0.10305886715650558
40790,4073,0.31155723333358765
40800,4074,0.12681293487548828
40810,4075,0.20455659925937653
40820,4076,0.4725645184516907
40830,4077,0.2859579026699066
40840,4078,0.2746756970882416
40850,4079,0.2136535346508026
40860,4080,0.31990331411361694
40870,4081,0.2911590337753296
40880,4082,0.24493709206581116
40890,4083,0.43581852316856384
40900,4084,0.22643829882144928
40910,4085,0.2824760377407074
40920,4086,0.31883686780929565
40930,4087,0.05834983289241791
40940,4088,0.21288816630840302
40950,4089,0.2851431369781494
40960,4090,0.3288108706474304
40970,4091,0.10823768377304077
40980,4092,0.19198110699653625
40990,4093,0.43071430921554565
41000,4094,0.18315759301185608
41010,4095,0.2895066440105438
41020,4096,0.231019988656044
41030,4097,0.7227704524993896
41040,4098,0.3187209665775299
41050,4099,0.27518582344055176
41060,4100,0.17827853560447693
41070,4101,0.199900284409523
41080,4102,0.29760873317718506
41090,4103,0.30624881386756897
41100,4104,0.15806341171264648
41110,4105,0.3320417106151581
41120,4106,0.1338120847940445
41130,4107,0.3017130196094513
41140,4108,0.38884952664375305
41150,4109,0.359225869178772
41160,4110,0.3007284104824066
41170,4111,0.29562047123908997
41180,4112,0.36485007405281067
41190,4113,0.2075786590576172
41200,4114,0.27811238169670105
41210,4115,0.2974914610385895
41220,4116,0.23744110763072968
41230,4117,0.21209029853343964
41240,4118,0.1869724690914154
41250,4119,0.5249988436698914
41260,4120,0.12403272837400436
41270,4121,0.15486794710159302
41280,4122,0.1610225886106491
41290,4123,0.11984653770923615
41300,4124,0.23059329390525818
41310,4125,0.28933200240135193
41320,4126,0.3237617015838623
41330,4127,0.25701409578323364
41340,4128,0.3303319811820984
41350,4129,0.32265156507492065
41360,4130,0.23588192462921143
41370,4131,0.4305160641670227
41380,4132,0.19796107709407806
41390,4133,0.16268375515937805
41400,4134,0.3037855625152588
41410,4135,0.24798868596553802
41420,4136,0.21642859280109406
41430,4137,0.23040959239006042
41440,4138,0.3249720335006714
41450,4139,0.19139567017555237
41460,4140,0.10771326720714569
41470,4141,0.3771669566631317
41480,4142,0.13067930936813354
41490,4143,0.37938186526298523
41500,4144,0.5485621094703674
41510,4145,0.4094754457473755
41520,4146,0.40009793639183044
41530,4147,0.17536136507987976
41540,4148,0.3320280909538269
41550,4149,0.3001800775527954
41560,4150,0.2243674397468567
41570,4151,0.40075743198394775
41580,4152,0.1871049702167511
41590,4153,0.3502994179725647
41600,4154,0.5233251452445984
41610,4155,0.13772878050804138
41620,4156,0.26566779613494873
41630,4157,0.11618346720933914
41640,4158,0.18515804409980774
41650,4159,0.10431113839149475
41660,4160,0.23599986732006073
41670,4161,0.2831287682056427
41680,4162,0.405758261680603
41690,4163,0.26791584491729736
41700,4164,0.2311936467885971
41710,4165,0.6613726019859314
41720,4166,0.21342749893665314
41730,4167,0.45644786953926086
41740,4168,0.19331704080104828
41750,4169,0.2038266360759735
41760,4170,0.26574352383613586
41770,4171,0.22521722316741943
41780,4172,0.4431562125682831
41790,4173,0.2182820737361908
41800,4174,0.16146352887153625
41810,4175,0.31824198365211487
41820,4176,0.2909475266933441
41830,4177,0.3634999990463257
41840,4178,0.19483909010887146
41850,4179,0.3790949583053589
41860,4180,0.18603423237800598
41870,4181,0.2221907079219818
41880,4182,0.280502051115036
41890,4183,0.17288725078105927
41900,4184,0.4061792492866516
41910,4185,0.12924551963806152
41920,4186,0.26567840576171875
41930,4187,0.38023048639297485
41940,4188,0.18198169767856598
41950,4189,0.2500266432762146
41960,4190,0.21713082492351532
41970,4191,0.20820015668869019
41980,4192,0.18088948726654053
41990,4193,0.3143317401409149
42000,4194,0.2288723587989807
42010,4195,0.23194584250450134
42020,4196,0.28652623295783997
42030,4197,0.23636430501937866
42040,4198,0.28379493951797485
42050,4199,0.3035150170326233
42060,4200,0.363917738199234
42070,4201,0.2781772017478943
42080,4202,0.17967751622200012
42090,4203,0.1437985897064209
42100,4204,0.17079682648181915
42110,4205,0.3634513020515442
42120,4206,0.34997057914733887
42130,4207,0.20376808941364288
42140,4208,0.16513173282146454
42150,4209,0.2886686623096466
42160,4210,0.3187163770198822
42170,4211,0.25882014632225037
42180,4212,0.21104486286640167
42190,4213,0.26773375272750854
42200,4214,0.18816016614437103
42210,4215,0.22335153818130493
42220,4216,0.3171093463897705
42230,4217,0.19177290797233582
42240,4218,0.1307734102010727
42250,4219,0.3447335958480835
42260,4220,0.23986957967281342
42270,4221,0.46360597014427185
42280,4222,0.22619284689426422
42290,4223,0.13908307254314423
42300,4224,0.1544777750968933
42310,4225,0.31783440709114075
42320,4226,0.3607347905635834
42330,4227,0.14366215467453003
42340,4228,0.13597334921360016
42350,4229,0.2139662802219391
42360,4230,0.24088984727859497
42370,4231,0.23566676676273346
42380,4232,0.3628275692462921
42390,4233,0.1895161271095276
42400,4234,0.3766055405139923
42410,4235,0.1279766857624054
42420,4236,0.14448364078998566
42430,4237,0.29987001419067383
42440,4238,0.2089516669511795
42450,4239,0.23492029309272766
42460,4240,0.23482979834079742
42470,4241,0.20902487635612488
42480,4242,0.26561439037323
42490,4243,0.17327702045440674
42500,4244,0.16133205592632294
42510,4245,0.4159170687198639
42520,4246,0.4049217700958252
42530,4247,0.16338849067687988
42540,4248,0.54970383644104
42550,4249,0.23642386496067047
42560,4250,0.16371560096740723
42570,4251,0.20837529003620148
42580,4252,0.28188982605934143
42590,4253,0.20875850319862366
42600,4254,0.36090925335884094
42610,4255,0.20886197686195374
42620,4256,0.4025852680206299
42630,4257,0.2331666648387909
42640,4258,0.34420424699783325
42650,4259,0.09661422669887543
42660,4260,0.044178709387779236
42670,4261,0.3379751443862915
42680,4262,0.18405978381633759
42690,4263,0.2751883864402771
42700,4264,0.46782416105270386
42710,4265,0.40478771924972534
42720,4266,0.3053041994571686
42730,4267,0.6148350238800049
42740,4268,0.4838525652885437
42750,4269,0.12671633064746857
42760,4270,0.297707736492157
42770,4271,0.24954523146152496
42780,4272,0.14372816681861877
42790,4273,0.16658243536949158
42800,4274,0.25481724739074707
42810,4275,0.4156906306743622
42820,4276,0.11470238864421844
42830,4277,0.22718147933483124
42840,4278,0.400643527507782
42850,4279,0.14088815450668335
42860,4280,0.15977421402931213
42870,4281,0.2351323962211609
42880,4282,0.2313394844532013
42890,4283,0.2880891263484955
42900,4284,0.20520973205566406
42910,4285,0.28194668889045715
42920,4286,0.2646029591560364
42930,4287,0.18123941123485565
42940,4288,0.15656761825084686
42950,4289,0.4225757122039795
42960,4290,0.4448905289173126
42970,4291,0.17081338167190552
42980,4292,0.10052745789289474
42990,4293,0.2530215382575989
43000,4294,0.18710407614707947
43010,4295,0.4570671021938324
43020,4296,0.33250635862350464
43030,4297,0.39477574825286865
43040,4298,0.22268874943256378
43050,4299,0.33465832471847534
43060,4300,0.47907090187072754
43070,4301,0.15278351306915283
43080,4302,0.16501504182815552
43090,4303,0.4609261751174927
43100,4304,0.3005662262439728
43110,4305,0.3238147795200348
43120,4306,0.34226617217063904
43130,4307,0.4364871084690094
43140,4308,0.16706062853336334
43150,4309,0.10644037276506424
43160,4310,0.15432336926460266
43170,4311,0.25488144159317017
43180,4312,0.47938936948776245
43190,4313,0.32681187987327576
43200,4314,0.49804773926734924
43210,4315,0.36616045236587524
43220,4316,0.33743587136268616
43230,4317,0.33614200353622437
43240,4318,0.17054198682308197
43250,4319,0.07743328809738159
43260,4320,0.3386099934577942
43270,4321,0.348961740732193
43280,4322,0.1304226964712143
43290,4323,0.10745366662740707
43300,4324,0.3601759374141693
43310,4325,0.30935147404670715
43320,4326,0.2741025984287262
43330,4327,0.2334284484386444
43340,4328,0.2219214141368866
43350,4329,0.32275786995887756
43360,4330,0.11385983228683472
43370,4331,0.14988672733306885
43380,4332,0.14890143275260925
43390,4333,0.21492233872413635
43400,4334,0.2625085413455963
43410,4335,0.218679279088974
43420,4336,0.14959941804409027
43430,4337,0.32011115550994873
43440,4338,0.14978349208831787
43450,4339,0.10884237289428711
43460,4340,0.22305534780025482
43470,4341,0.15584304928779602
43480,4342,0.21620731055736542
43490,4343,0.32199183106422424
43500,4344,0.4865453839302063
43510,4345,0.16699042916297913
43520,4346,0.12048357725143433
43530,4347,0.337180495262146
43540,4348,0.07959691435098648
43550,4349,0.1700497418642044
43560,4350,0.080461286008358
43570,4351,0.3959616422653198
43580,4352,0.22409343719482422
43590,4353,0.2803407907485962
43600,4354,0.16901640594005585
43610,4355,0.412429541349411
43620,4356,0.269946426153183
43630,4357,0.26251980662345886
43640,4358,0.5076385736465454
43650,4359,0.2502377927303314
43660,4360,0.4496041238307953
43670,4361,0.15320426225662231
43680,4362,0.16213655471801758
43690,4363,0.370186984539032
43700,4364,0.37274694442749023
43710,4365,0.3816249966621399
43720,4366,0.27572935819625854
43730,4367,0.09017099440097809
43740,4368,0.3623117208480835
43750,4369,0.30445924401283264
43760,4370,0.3291543126106262
43770,4371,0.18663549423217773
43780,4372,0.285805881023407
43790,4373,0.29190143942832947
43800,4374,0.25692883133888245
43810,4375,0.3495209217071533
43820,4376,0.19635984301567078
43830,4377,0.32129478454589844
43840,4378,0.234281525015831
43850,4379,0.13754922151565552
43860,4380,0.10802019387483597
43870,4381,0.15823939442634583
43880,4382,0.19720961153507233
43890,4383,0.26300278306007385
43900,4384,0.2737044095993042
43910,4385,0.1632954180240631
43920,4386,0.3718288838863373
43930,4387,0.27893877029418945
43940,4388,0.08320767432451248
43950,4389,0.4023437798023224
43960,4390,0.24335932731628418
43970,4391,0.1216057687997818
43980,4392,0.5088872313499451
43990,4393,0.2974989414215088
44000,4394,0.18562328815460205
44010,4395,0.08683893829584122
44020,4396,0.29440346360206604
44030,4397,0.25460073351860046
44040,4398,0.15043435990810394
44050,4399,0.43759268522262573
44060,4400,0.20806172490119934
44070,4401,0.2812689244747162
44080,4402,0.25744184851646423
44090,4403,0.29335492849349976
44100,4404,0.09123416990041733
44110,4405,0.03583063557744026
44120,4406,0.2568243145942688
44130,4407,0.2974682152271271
44140,4408,0.26421651244163513
44150,4409,0.2565487325191498
44160,4410,0.21685829758644104
44170,4411,0.19977711141109467
44180,4412,0.2486078441143036
44190,4413,0.20772850513458252
44200,4414,0.21429039537906647
44210,4415,0.28601476550102234
44220,4416,0.2544229328632355
44230,4417,0.27635544538497925
44240,4418,0.2678225338459015
44250,4419,0.21301111578941345
44260,4420,0.11589707434177399
44270,4421,0.31241410970687866
44280,4422,0.272527813911438
44290,4423,0.4163901209831238
44300,4424,0.22049763798713684
44310,4425,0.13068318367004395
44320,4426,0.3580447733402252
44330,4427,0.18589656054973602
44340,4428,0.14693684875965118
44350,4429,0.3522491455078125
44360,4430,0.34242546558380127
44370,4431,0.2856854796409607
44380,4432,0.09467055648565292
44390,4433,0.16999633610248566
44400,4434,0.3636699914932251
44410,4435,0.204706609249115
44420,4436,0.23615498840808868
44430,4437,0.20473501086235046
44440,4438,0.2873203754425049
44450,4439,0.21331727504730225
44460,4440,0.22011403739452362
44470,4441,0.3021370768547058
44480,4442,0.301150918006897
44490,4443,0.17608515918254852
44500,4444,0.46110010147094727
44510,4445,0.20613345503807068
44520,4446,0.27786141633987427
44530,4447,0.24438408017158508
44540,4448,0.2528627812862396
44550,4449,0.22772444784641266
44560,4450,0.2276487946510315
44570,4451,0.2323569804430008
44580,4452,0.2925410866737366
44590,4453,0.2895050048828125
44600,4454,0.23321445286273956
44610,4455,0.17703723907470703
44620,4456,0.203229159116745
44630,4457,0.17987874150276184
44640,4458,0.1209312230348587
44650,4459,0.21370576322078705
44660,4460,0.37696295976638794
44670,4461,0.1671808660030365
44680,4462,0.2154950201511383
44690,4463,0.13421721756458282
44700,4464,0.17683786153793335
44710,4465,0.3442152738571167
44720,4466,0.13524466753005981
44730,4467,0.47935447096824646
44740,4468,0.37910881638526917
44750,4469,0.4090329706668854
44760,4470,0.1565045863389969
44770,4471,0.17652180790901184
44780,4472,0.15607987344264984
44790,4473,0.21711376309394836
44800,4474,0.18634667992591858
44810,4475,0.2695927619934082
44820,4476,0.41623589396476746
44830,4477,0.20251484215259552
44840,4478,0.2349967509508133
44850,4479,0.40918582677841187
44860,4480,0.16555601358413696
44870,4481,0.37034839391708374
44880,4482,0.37347546219825745
44890,4483,0.18413694202899933
44900,4484,0.249755859375
44910,4485,0.22892259061336517
44920,4486,0.3637416660785675
44930,4487,0.2220415323972702
44940,4488,0.35202673077583313
44950,4489,0.23914016783237457
44960,4490,0.2719833552837372
44970,4491,0.10267819464206696
44980,4492,0.12811431288719177
44990,4493,0.40993639826774597
45000,4494,0.38320082426071167
45010,4495,0.10434623062610626
45020,4496,0.4157860577106476
45030,4497,0.2633812725543976
45040,4498,0.34004777669906616
45050,4499,0.30050110816955566
45060,4500,0.13984349370002747
45070,4501,0.4319862425327301
45080,4502,0.23598650097846985
45090,4503,0.30497729778289795
45100,4504,0.46487534046173096
45110,4505,0.2079741358757019
45120,4506,0.400409996509552
45130,4507,0.1277388632297516
45140,4508,0.22369974851608276
45150,4509,0.22960622608661652
45160,4510,0.17722941935062408
45170,4511,0.3291652500629425
45180,4512,0.17577119171619415
45190,4513,0.14468419551849365
45200,4514,0.18464002013206482
45210,4515,0.5125438570976257
45220,4516,0.5218123197555542
45230,4517,0.24148596823215485
45240,4518,0.3914545774459839
45250,4519,0.2543517053127289
45260,4520,0.1969386637210846
45270,4521,0.21594320237636566
45280,4522,0.1402551233768463
45290,4523,0.08606752008199692
45300,4524,0.33382898569107056
45310,4525,0.3714892268180847
45320,4526,0.2261665165424347
45330,4527,0.18874792754650116
45340,4528,0.3560883700847626
45350,4529,0.30964821577072144
45360,4530,0.3838407099246979
45370,4531,0.27492308616638184
45380,4532,0.2770732641220093
45390,4533,0.25132399797439575
45400,4534,0.16944308578968048
45410,4535,0.10411594808101654
45420,4536,0.35784852504730225
45430,4537,0.23180337250232697
45440,4538,0.30179110169410706
45450,4539,0.18244780600070953
45460,4540,0.3105483651161194
45470,4541,0.281414657831192
45480,4542,0.19862961769104004
45490,4543,0.15641173720359802
45500,4544,0.285184383392334
45510,4545,0.233038991689682
45520,4546,0.38310348987579346
45530,4547,0.3081728518009186
45540,4548,0.1546991616487503
45550,4549,0.21206840872764587
45560,4550,0.29235565662384033
45570,4551,0.24960966408252716
45580,4552,0.32814377546310425
45590,4553,0.28754016757011414
45600,4554,0.17063117027282715
45610,4555,0.16983932256698608
45620,4556,0.5347372889518738
45630,4557,0.21117223799228668
45640,4558,0.33051592111587524
45650,4559,0.23371972143650055
45660,4560,0.3507598638534546
45670,4561,0.16390496492385864
45680,4562,0.264133095741272
45690,4563,0.29186397790908813
45700,4564,0.18746542930603027
45710,4565,0.43592408299446106
45720,4566,0.16646665334701538
45730,4567,0.39764177799224854
45740,4568,0.32419726252555847
45750,4569,0.4361886978149414
45760,4570,0.21768400073051453
45770,4571,0.28800317645072937
45780,4572,0.19381310045719147
45790,4573,0.3044586777687073
45800,4574,0.4004408121109009
45810,4575,0.1962457299232483
45820,4576,0.2869320511817932
45830,4577,0.24275276064872742
45840,4578,0.13586443662643433
45850,4579,0.27485617995262146
45860,4580,0.3660256266593933
45870,4581,0.21707268059253693
45880,4582,0.17214545607566833
45890,4583,0.18735021352767944
45900,4584,0.18455490469932556
45910,4585,0.2531093955039978
45920,4586,0.2604248821735382
45930,4587,0.23272705078125
45940,4588,0.33084285259246826
45950,4589,0.3167225420475006
45960,4590,0.330360472202301
45970,4591,0.2702432870864868
45980,4592,0.3992024064064026
45990,4593,0.2106139361858368
46000,4594,0.20907798409461975
46010,4595,0.349531352519989
46020,4596,0.42021358013153076
46030,4597,0.3619827926158905
46040,4598,0.21968117356300354
46050,4599,0.25289660692214966
46060,4600,0.24497705698013306
46070,4601,0.2676948606967926
46080,4602,0.152828648686409
46090,4603,0.1532057374715805
46100,4604,0.18196509778499603
46110,4605,0.2170065939426422
46120,4606,0.2227577567100525
46130,4607,0.3239136338233948
46140,4608,0.22420676052570343
46150,4609,0.503661036491394
46160,4610,0.45336490869522095
46170,4611,0.5670251250267029
46180,4612,0.14158441126346588
46190,4613,0.22801686823368073
46200,4614,0.14631564915180206
46210,4615,0.17176781594753265
46220,4616,0.4866325855255127
46230,4617,0.5666958093643188
46240,4618,0.25168299674987793
46250,4619,0.18632325530052185
46260,4620,0.31959131360054016
46270,4621,0.14791691303253174
46280,4622,0.15107989311218262
46290,4623,0.39259904623031616
46300,4624,0.26457467675209045
46310,4625,0.4582905173301697
46320,4626,0.26723355054855347
46330,4627,0.6255595088005066
46340,4628,0.4411834478378296
46350,4629,0.0681481659412384
46360,4630,0.6928713321685791
46370,4631,0.19517478346824646
46380,4632,0.3385929465293884
46390,4633,0.051295205950737
46400,4634,0.19263939559459686
46410,4635,0.271260142326355
46420,4636,0.21896883845329285
46430,4637,0.38019564747810364
46440,4638,0.29176485538482666
46450,4639,0.13552461564540863
46460,4640,0.4323258697986603
46470,4641,0.34943535923957825
46480,4642,0.19486507773399353
46490,4643,0.3292609453201294
46500,4644,0.26351606845855713
46510,4645,0.38773423433303833
46520,4646,0.25348931550979614
46530,4647,0.3470769226551056
46540,4648,0.3308737277984619
46550,4649,0.16403169929981232
46560,4650,0.24225538969039917
46570,4651,0.41260600090026855
46580,4652,0.33343398571014404
46590,4653,0.22541967034339905
46600,4654,0.2365560680627823
46610,4655,0.31248053908348083
46620,4656,0.32019340991973877
46630,4657,0.2253371775150299
46640,4658,0.20783452689647675
46650,4659,0.3682156801223755
46660,4660,0.2074316293001175
46670,4661,0.4566832482814789
46680,4662,0.2856895625591278
46690,4663,0.1679399460554123
46700,4664,0.48256099224090576
46710,4665,0.3067825734615326
46720,4666,0.23106496036052704
46730,4667,0.15938891470432281
46740,4668,0.33358892798423767
46750,4669,0.17218853533267975
46760,4670,0.42472609877586365
46770,4671,0.15063486993312836
46780,4672,0.40210196375846863
46790,4673,0.12438301742076874
46800,4674,0.31410154700279236
46810,4675,0.35944047570228577
46820,4676,0.3128649592399597
46830,4677,0.29129764437675476
46840,4678,0.3227497339248657
46850,4679,0.35542231798171997
46860,4680,0.1917649507522583
46870,4681,0.29098665714263916
46880,4682,0.2837040424346924
46890,4683,0.39652520418167114
46900,4684,0.24044740200042725
46910,4685,0.35053426027297974
46920,4686,0.45218414068222046
46930,4687,0.3716811537742615
46940,4688,0.1647375077009201
46950,4689,0.19614699482917786
46960,4690,0.3341793119907379
46970,4691,0.11819741129875183
46980,4692,0.4237796366214752
46990,4693,0.6721854209899902
47000,4694,0.25615882873535156
47010,4695,0.3047942519187927
47020,4696,0.20365475118160248
47030,4697,0.1907999962568283
47040,4698,0.4300583004951477
47050,4699,0.26061224937438965
47060,4700,0.2496236115694046
47070,4701,0.4024686813354492
47080,4702,0.3047648072242737
47090,4703,0.25308650732040405
47100,4704,0.5147852897644043
47110,4705,0.2535851001739502
47120,4706,0.3816307485103607
47130,4707,0.3445689082145691
47140,4708,0.35475215315818787
47150,4709,0.1688884198665619
47160,4710,0.33052852749824524
47170,4711,0.31462034583091736
47180,4712,0.3254235088825226
47190,4713,0.3558862507343292
47200,4714,0.2212192267179489
47210,4715,0.26014581322669983
47220,4716,0.20653440058231354
47230,4717,0.3582553267478943
47240,4718,0.188462495803833
47250,4719,0.11468246579170227
47260,4720,0.3052874505519867
47270,4721,0.3645094633102417
47280,4722,0.2518194913864136
47290,4723,0.35622724890708923
47300,4724,0.2468034029006958
47310,4725,0.5234594941139221
47320,4726,0.2635708749294281
47330,4727,0.37074658274650574
47340,4728,0.24083538353443146
47350,4729,0.4020214080810547
47360,4730,0.2528800070285797
47370,4731,0.40726038813591003
47380,4732,0.17759710550308228
47390,4733,0.7674930095672607
47400,4734,0.4858446717262268
47410,4735,0.3796713352203369
47420,4736,0.3165332078933716
47430,4737,0.16869810223579407
47440,4738,0.2615565061569214
47450,4739,0.4412342607975006
47460,4740,0.2589457333087921
47470,4741,0.24733470380306244
47480,4742,0.27126020193099976
47490,4743,0.3759717345237732
47500,4744,0.22798870503902435
47510,4745,0.39499884843826294
47520,4746,0.19150696694850922
47530,4747,0.25987333059310913
47540,4748,0.21617665886878967
47550,4749,0.24544745683670044
47560,4750,0.406491219997406
47570,4751,0.3410283029079437
47580,4752,0.22503063082695007
47590,4753,0.1988237500190735
47600,4754,0.11348206549882889
47610,4755,0.34725356101989746
47620,4756,0.3692799508571625
47630,4757,0.35189875960350037
47640,4758,0.3574088513851166
47650,4759,0.21307894587516785
47660,4760,0.29264166951179504
47670,4761,0.21284671127796173
47680,4762,0.40267708897590637
47690,4763,0.26708388328552246
47700,4764,0.33560189604759216
47710,4765,0.23321498930454254
47720,4766,0.11094923317432404
47730,4767,0.49594223499298096
47740,4768,0.4505150616168976
47750,4769,0.46738138794898987
47760,4770,0.5252379775047302
47770,4771,0.2583208680152893
47780,4772,0.38635602593421936
47790,4773,0.23935431241989136
47800,4774,0.15970975160598755
47810,4775,0.3425193130970001
47820,4776,0.23505675792694092
47830,4777,0.43174540996551514
47840,4778,0.25178179144859314
47850,4779,0.3780234754085541
47860,4780,0.22293606400489807
47870,4781,0.3495819568634033
47880,4782,0.16738007962703705
47890,4783,0.23845608532428741
47900,4784,0.3804989159107208
47910,4785,0.37009763717651367
47920,4786,0.5217962861061096
47930,4787,0.20366171002388
47940,4788,0.1611371487379074
47950,4789,0.36041611433029175
47960,4790,0.3228156268596649
47970,4791,0.3945903182029724
47980,4792,0.4700968265533447
47990,4793,0.0991549864411354
48000,4794,0.30819883942604065
48010,4795,0.2826957106590271
48020,4796,0.14759959280490875
48030,4797,0.15880656242370605
48040,4798,0.23332078754901886
48050,4799,0.3246893882751465
48060,4800,0.15401528775691986
48070,4801,0.4510498344898224
48080,4802,0.40714478492736816
48090,4803,0.20671136677265167
48100,4804,0.23622024059295654
48110,4805,0.25321415066719055
48120,4806,0.36825963854789734
48130,4807,0.20256780087947845
48140,4808,0.26178136467933655
48150,4809,0.3306271433830261
48160,4810,0.21179382503032684
48170,4811,0.22407042980194092
48180,4812,0.4764947295188904
48190,4813,0.2282838076353073
48200,4814,0.602852463722229
48210,4815,0.2477671205997467
48220,4816,0.22526490688323975
48230,4817,0.26298534870147705
48240,4818,0.21053463220596313
48250,4819,0.3485914468765259
48260,4820,0.13695105910301208
48270,4821,0.15643443167209625
48280,4822,0.33903852105140686
48290,4823,0.29514193534851074
48300,4824,0.2809039056301117
48310,4825,0.20147529244422913
48320,4826,0.5986028909683228
48330,4827,0.32608792185783386
48340,4828,0.3378313183784485
48350,4829,0.13489367067813873
48360,4830,0.15736159682273865
48370,4831,0.4216243028640747
48380,4832,0.22822749614715576
48390,4833,0.22354499995708466
48400,4834,0.4049154222011566
48410,4835,0.3548910617828369
48420,4836,0.22611524164676666
48430,4837,0.2465239316225052
48440,4838,0.17072272300720215
48450,4839,0.26906654238700867
48460,4840,0.3536331355571747
48470,4841,0.15984708070755005
48480,4842,0.29377487301826477
48490,4843,0.25827157497406006
48500,4844,0.2921959161758423
48510,4845,0.27993452548980713
48520,4846,0.2519814372062683
48530,4847,0.16926003992557526
48540,4848,0.34739941358566284
48550,4849,0.39552226662635803
48560,4850,0.24040935933589935
48570,4851,0.4653017222881317
48580,4852,0.2972220480442047
48590,4853,0.34990739822387695
48600,4854,0.19075366854667664
48610,4855,0.3154492974281311
48620,4856,0.2607928216457367
48630,4857,0.3299503028392792
48640,4858,0.2744489014148712
48650,4859,0.32348671555519104
48660,4860,0.2238175868988037
48670,4861,0.43429332971572876
48680,4862,0.25006192922592163
48690,4863,0.3347005546092987
48700,4864,0.3742207884788513
48710,4865,0.2895940840244293
48720,4866,0.2281959354877472
48730,4867,0.07178399711847305
48740,4868,0.2568286657333374
48750,4869,0.2684081196784973
48760,4870,0.3815184533596039
48770,4871,0.21008925139904022
48780,4872,0.23933622241020203
48790,4873,0.07481773942708969
48800,4874,0.38828539848327637
48810,4875,0.13828745484352112
48820,4876,0.26573342084884644
48830,4877,0.17211341857910156
48840,4878,0.2690505385398865
48850,4879,0.21827173233032227
48860,4880,0.33655211329460144
48870,4881,0.37215954065322876
48880,4882,0.32993143796920776
48890,4883,0.4512302875518799
48900,4884,0.3834206461906433
48910,4885,0.46827274560928345
48920,4886,0.24621723592281342
48930,4887,0.5569755434989929
48940,4888,0.21865314245224
48950,4889,0.302792489528656
48960,4890,0.18341490626335144
48970,4891,0.26684045791625977
48980,4892,0.5635107755661011
48990,4893,0.37215298414230347
49000,4894,0.28929275274276733
49010,4895,0.3291682302951813
49020,4896,0.3784531354904175
49030,4897,0.21331825852394104
49040,4898,0.4822155833244324
49050,4899,0.2332259863615036
49060,4900,0.3056696951389313
49070,4901,0.24921384453773499
49080,4902,0.21448704600334167
49090,4903,0.37515324354171753
49100,4904,0.524532675743103
49110,4905,0.35765907168388367
49120,4906,0.3768337368965149
49130,4907,0.23476296663284302
49140,4908,0.19420598447322845
49150,4909,0.632228434085846
49160,4910,0.296974778175354
49170,4911,0.15415754914283752
49180,4912,0.26697373390197754
49190,4913,0.5056278109550476
49200,4914,0.1813405603170395
49210,4915,0.3417520821094513
49220,4916,0.4758125841617584
49230,4917,0.36180463433265686
49240,4918,0.37841475009918213
49250,4919,0.28413456678390503
49260,4920,0.16104693710803986
49270,4921,0.19901546835899353
49280,4922,0.23572507500648499
49290,4923,0.17096593976020813
49300,4924,0.25908800959587097
49310,4925,0.5506595373153687
49320,4926,0.24585235118865967
49330,4927,0.36612412333488464
49340,4928,0.25740015506744385
49350,4929,0.21090072393417358
49360,4930,0.3820441961288452
49370,4931,0.24418170750141144
49380,4932,0.2050209641456604
49390,4933,0.4739271104335785
49400,4934,0.5839450359344482
49410,4935,0.2604556083679199
49420,4936,0.3432866632938385
49430,4937,0.22126851975917816
49440,4938,0.212771475315094
49450,4939,0.17967477440834045
49460,4940,0.19949519634246826
49470,4941,0.22902189195156097
49480,4942,0.38079774379730225
49490,4943,0.47379475831985474
49500,4944,0.24596543610095978
49510,4945,0.2856549620628357
49520,4946,0.21156524121761322
49530,4947,0.3826987147331238
49540,4948,0.424415647983551
49550,4949,0.12007391452789307
49560,4950,0.14538362622261047
49570,4951,0.5056313276290894
49580,4952,0.4573024809360504
49590,4953,0.26394787430763245
49600,4954,0.1580619364976883
49610,4955,0.5266242027282715
49620,4956,0.17280885577201843
49630,4957,0.4362090229988098
49640,4958,0.2992907464504242
49650,4959,0.42069223523139954
49660,4960,0.23685480654239655
49670,4961,0.22133809328079224
49680,4962,0.41135600209236145
49690,4963,0.30719706416130066
49700,4964,0.3049372136592865
49710,4965,0.586103081703186
49720,4966,0.22588060796260834
49730,4967,0.31038084626197815
49740,4968,0.30835217237472534
49750,4969,0.38259121775627136
49760,4970,0.2564626932144165
49770,4971,0.13828077912330627
49780,4972,0.19039586186408997
49790,4973,0.3269738256931305
49800,4974,0.6230514049530029
49810,4975,0.24928666651248932
49820,4976,0.18660442531108856
49830,4977,0.376772940158844
49840,4978,0.39843109250068665
49850,4979,0.2753959596157074
49860,4980,0.6720390319824219
49870,4981,0.19621706008911133
49880,4982,0.08075626194477081
49890,4983,0.17530065774917603
49900,4984,0.28243380784988403
49910,4985,0.1379186511039734
49920,4986,0.38687142729759216
49930,4987,0.42727985978126526
49940,4988,0.32222941517829895
49950,4989,0.36700868606567383
49960,4990,0.14938656985759735
49970,4991,0.16709885001182556
49980,4992,0.25705745816230774
49990,4993,0.3054143786430359
50000,4994,0.23871394991874695
