environment_step,learning_update,td_loss
70,1,0.21876701712608337
80,2,0.008844899944961071
90,3,0.09467916190624237
100,4,0.09788724035024643
110,5,0.17832307517528534
120,6,0.08436112105846405
130,7,0.08291583508253098
140,8,0.06479710340499878
150,9,0.010360227897763252
160,10,0.10078783333301544
170,11,0.06653378158807755
180,12,0.0037205161061137915
190,13,0.06235075742006302
200,14,0.053823042660951614
210,15,0.15291333198547363
220,16,0.0004535502812359482
230,17,0.06723342835903168
240,18,0.00279336329549551
250,19,0.07396591454744339
260,20,0.07448404282331467
270,21,0.0657859668135643
280,22,0.01756971888244152
290,23,0.05336342379450798
300,24,0.000907088746316731
310,25,0.03880715370178223
320,26,0.03957569971680641
330,27,0.000375564704881981
340,28,0.012291181832551956
350,29,0.07008828222751617
360,30,0.014755399897694588
370,31,0.014798108488321304
380,32,0.04321710765361786
390,33,0.03042936511337757
400,34,0.07207325845956802
410,35,0.012095656245946884
420,36,0.0915098637342453
430,37,0.054958123713731766
440,38,0.05175729840993881
450,39,0.07247672230005264
460,40,0.006774494890123606
470,41,0.0357372872531414
480,42,0.0474872887134552
490,43,0.029667526483535767
500,44,0.013346109539270401
510,45,0.017953665927052498
520,46,3.617197216954082e-05
530,47,0.0015406014863401651
540,48,0.01831749454140663
550,49,9.898553980747238e-05
560,50,0.044643133878707886
570,51,0.005204972345381975
580,52,0.0434894934296608
590,53,0.02417653240263462
600,54,0.021231960505247116
610,55,0.005033185239881277
620,56,0.06073806434869766
630,57,0.020034028217196465
640,58,0.001016575493849814
650,59,0.011599043384194374
660,60,0.010544382967054844
670,61,0.01173429749906063
680,62,0.008514264598488808
690,63,0.01599203050136566
700,64,0.019318271428346634
710,65,0.054778922349214554
720,66,0.016514437273144722
730,67,0.03762355074286461
740,68,0.009765579365193844
750,69,0.06661481410264969
760,70,0.0837065801024437
770,71,0.05846225842833519
780,72,0.02149978093802929
790,73,0.029334252700209618
800,74,0.007581253536045551
810,75,0.008012065663933754
820,76,1.8414219084661454e-05
830,77,0.015869146212935448
840,78,0.05933818966150284
850,79,0.06061989814043045
860,80,0.0953386202454567
870,81,0.1076045036315918
880,82,0.01286151073873043
890,83,0.026048503816127777
900,84,0.06868889927864075
910,85,0.015428652986884117
920,86,0.06515612453222275
930,87,0.04793567955493927
940,88,0.04775727540254593
950,89,0.019814684987068176
960,90,0.018955273553729057
970,91,0.00013569992734119296
980,92,0.06781814247369766
990,93,0.019258078187704086
1000,94,0.011262443847954273
1010,95,0.05907997116446495
1020,96,0.09980801492929459
1030,97,0.07144689559936523
1040,98,0.021559923887252808
1050,99,0.011345294304192066
1060,100,0.011388121172785759
1070,101,0.036902960389852524
1080,102,0.08664905279874802
1090,103,0.006489707622677088
1100,104,0.06018446758389473
1110,105,0.05269152671098709
1120,106,0.03276006132364273
1130,107,0.04955858737230301
1140,108,0.007523457054048777
1150,109,0.03705902025103569
1160,110,0.07510875165462494
1170,111,0.04392736405134201
1180,112,0.11249232292175293
1190,113,0.012440354563295841
1200,114,0.04014738276600838
1210,115,0.006709116976708174
1220,116,0.09707435220479965
1230,117,0.01974628120660782
1240,118,0.007652089931070805
1250,119,0.023243775591254234
1260,120,0.003196703502908349
1270,121,0.034433797001838684
1280,122,0.048444755375385284
1290,123,0.03952326625585556
1300,124,0.02551361918449402
1310,125,0.0369790643453598
1320,126,4.292806261219084e-05
1330,127,0.08145953714847565
1340,128,0.02171863615512848
1350,129,0.00015569754759781063
1360,130,0.0001838041644077748
1370,131,0.06899003684520721
1380,132,0.00901676993817091
1390,133,0.07504405081272125
1400,134,0.04152365028858185
1410,135,0.0004549692675936967
1420,136,0.01948288269340992
1430,137,0.04002803936600685
1440,138,0.007389998063445091
1450,139,1.4329878467833623e-05
1460,140,0.06330113857984543
1470,141,0.0007227413007058203
1480,142,0.02124791592359543
1490,143,0.0949154943227768
1500,144,0.008167769759893417
1510,145,0.005605044774711132
1520,146,0.03037928231060505
1530,147,0.016246816143393517
1540,148,0.01173153705894947
1550,149,0.013343327678740025
1560,150,0.031224865466356277
1570,151,0.040711477398872375
1580,152,0.025993099436163902
1590,153,0.022390447556972504
1600,154,0.0070644160732626915
1610,155,0.0064018829725682735
1620,156,0.06609003990888596
1630,157,0.04364742338657379
1640,158,0.09960067272186279
1650,159,0.0215033907443285
1660,160,3.324016506667249e-05
1670,161,0.02512509748339653
1680,162,8.188976062228903e-05
1690,163,0.03961576521396637
1700,164,0.011916001327335835
1710,165,0.015592457726597786
1720,166,0.029358448460698128
1730,167,0.01377074420452118
1740,168,0.07377675175666809
1750,169,0.0028491527773439884
1760,170,5.045921352575533e-05
1770,171,0.025598468258976936
1780,172,0.03161628171801567
1790,173,0.03933818265795708
1800,174,0.0365280844271183
1810,175,0.10413254052400589
1820,176,1.1662746146612335e-05
1830,177,0.05849694088101387
1840,178,0.09589370340108871
1850,179,0.014264249242842197
1860,180,0.10916639119386673
1870,181,0.11278389394283295
1880,182,0.0638318806886673
1890,183,0.027027392759919167
1900,184,0.011702490039169788
1910,185,0.09559418261051178
1920,186,0.01602081023156643
1930,187,0.0028027379885315895
1940,188,0.08928003907203674
1950,189,0.03193490952253342
1960,190,0.005725326016545296
1970,191,0.06630567461252213
1980,192,0.06119691953063011
1990,193,0.05002543330192566
2000,194,0.002370470901951194
2010,195,0.0001333021791651845
2020,196,0.02908627688884735
2030,197,5.4580603318754584e-05
2040,198,0.04960014298558235
2050,199,0.015705179423093796
2060,200,0.05119520053267479
2070,201,0.012582169845700264
2080,202,0.02655618079006672
2090,203,0.003924814518541098
2100,204,0.035093873739242554
2110,205,0.052957683801651
2120,206,0.07026713341474533
2130,207,0.13579940795898438
2140,208,2.1586920411209576e-05
2150,209,0.017898237332701683
2160,210,0.0014989875489845872
2170,211,3.1799318094272166e-05
2180,212,0.009081851691007614
2190,213,0.06118666008114815
2200,214,0.05532027781009674
2210,215,0.03357049077749252
2220,216,0.05377347022294998
2230,217,0.03323971852660179
2240,218,0.010149823501706123
2250,219,0.0643787607550621
2260,220,0.046385060995817184
2270,221,0.0654992163181305
2280,222,0.05090799927711487
2290,223,0.010854344815015793
2300,224,0.06353487074375153
2310,225,0.09830968827009201
2320,226,0.004084297921508551
2330,227,0.028758101165294647
2340,228,0.06938175857067108
2350,229,0.054513752460479736
2360,230,0.054693322628736496
2370,231,1.958034044946544e-05
2380,232,2.896379783123848e-06
2390,233,0.12354541569948196
2400,234,0.050484828650951385
2410,235,0.004428538493812084
2420,236,0.023927049711346626
2430,237,0.06074190139770508
2440,238,0.11010856181383133
2450,239,0.02062094397842884
2460,240,0.02894812822341919
2470,241,0.08914602547883987
2480,242,0.010604053735733032
2490,243,0.020989207550883293
2500,244,0.057403698563575745
2510,245,0.03350178897380829
2520,246,2.9625618481077254e-05
2530,247,0.00010353147081332281
2540,248,0.012053092941641808
2550,249,0.03447502851486206
2560,250,0.0020449648145586252
2570,251,0.06820851564407349
2580,252,0.07308553904294968
2590,253,0.003250920446589589
2600,254,0.004158065654337406
2610,255,0.04688875749707222
2620,256,0.014157518744468689
2630,257,0.03946617990732193
2640,258,0.0032961727119982243
2650,259,0.023068100214004517
2660,260,0.050553932785987854
2670,261,0.03728315979242325
2680,262,0.008438216522336006
2690,263,0.06369557976722717
2700,264,0.06376434117555618
2710,265,0.0967961996793747
2720,266,0.03697681427001953
2730,267,0.003938830457627773
2740,268,0.003494361648336053
2750,269,0.0395248606801033
2760,270,0.09048646688461304
2770,271,0.010649070143699646
2780,272,0.0034759652335196733
2790,273,0.0840039923787117
2800,274,0.04007670283317566
2810,275,0.000126950180856511
2820,276,0.02506493404507637
2830,277,0.05098017677664757
2840,278,0.14265209436416626
2850,279,0.12266149371862411
2860,280,0.0414607971906662
2870,281,0.09142354130744934
2880,282,0.041787419468164444
2890,283,0.08575226366519928
2900,284,0.0910172164440155
2910,285,0.01207026932388544
2920,286,0.010086636990308762
2930,287,0.00854466948658228
2940,288,0.04906639829277992
2950,289,0.014443259686231613
2960,290,0.0110029811039567
2970,291,0.017300069332122803
2980,292,0.02061375603079796
2990,293,0.06611655652523041
3000,294,0.01830979995429516
3010,295,0.06224557012319565
3020,296,0.09229106456041336
3030,297,0.16768865287303925
3040,298,0.04383974149823189
3050,299,0.019727373495697975
3060,300,0.004931479226797819
3070,301,0.024445008486509323
3080,302,0.03149241954088211
3090,303,0.01833522319793701
3100,304,0.03084038943052292
3110,305,0.0001560055825393647
3120,306,2.713237699936144e-05
3130,307,0.09368155151605606
3140,308,0.04384874925017357
3150,309,0.06594476103782654
3160,310,0.057732418179512024
3170,311,0.15772007405757904
3180,312,0.008840792812407017
3190,313,0.08620128035545349
3200,314,0.008520814590156078
3210,315,0.033056315034627914
3220,316,0.13026294112205505
3230,317,0.09948503226041794
3240,318,0.10995552688837051
3250,319,0.008110038936138153
3260,320,0.08692840486764908
3270,321,0.09841082245111465
3280,322,0.04113788902759552
3290,323,0.026249419897794724
3300,324,0.1076519638299942
3310,325,0.23072604835033417
3320,326,0.053678277879953384
3330,327,0.030082277953624725
3340,328,0.0024995373096317053
3350,329,0.0019394319970160723
3360,330,0.10721780359745026
3370,331,0.01805620640516281
3380,332,0.031217053532600403
3390,333,0.12071249634027481
3400,334,0.015649985522031784
3410,335,0.0164966844022274
3420,336,0.028287570923566818
3430,337,0.056761451065540314
3440,338,0.05083779618144035
3450,339,0.013388819061219692
3460,340,0.019539587199687958
3470,341,4.181263648206368e-06
3480,342,0.0760677307844162
3490,343,0.006464158650487661
3500,344,0.041920218616724014
3510,345,0.01066918857395649
3520,346,0.016119951382279396
3530,347,0.023539431393146515
3540,348,0.00014784469385631382
3550,349,0.11556888371706009
3560,350,0.036391567438840866
3570,351,0.043439023196697235
3580,352,0.04211654141545296
3590,353,0.2323886603116989
3600,354,0.0037429535295814276
3610,355,0.01668141596019268
3620,356,0.11906086653470993
3630,357,0.004069750662893057
3640,358,0.04268839955329895
3650,359,0.01975250616669655
3660,360,0.0027704956009984016
3670,361,0.02170366793870926
3680,362,0.05479199439287186
3690,363,0.0453098863363266
3700,364,0.10408057272434235
3710,365,0.12073994427919388
3720,366,0.032028790563344955
3730,367,0.08445248752832413
3740,368,0.1636999398469925
3750,369,0.0028048718813806772
3760,370,0.1124488115310669
3770,371,0.08133202791213989
3780,372,0.015036980621516705
3790,373,0.08576767891645432
3800,374,0.05951359122991562
3810,375,0.07440999895334244
3820,376,0.10320448130369186
3830,377,0.15268366038799286
3840,378,0.0794537290930748
3850,379,0.033176206052303314
3860,380,0.10592811554670334
3870,381,0.06021907553076744
3880,382,0.15566107630729675
3890,383,7.607122097397223e-05
3900,384,0.008325468748807907
3910,385,0.10648129135370255
3920,386,0.06635605543851852
3930,387,0.11774451285600662
3940,388,0.11761613935232162
3950,389,0.13294899463653564
3960,390,0.1610499769449234
3970,391,0.09884227812290192
3980,392,0.061467643827199936
3990,393,0.036589886993169785
4000,394,0.07963717728853226
4010,395,0.062387775629758835
4020,396,0.09030906111001968
4030,397,0.026035811752080917
4040,398,0.08363994210958481
4050,399,0.07240919023752213
4060,400,0.08385311812162399
4070,401,0.07119934260845184
4080,402,0.09294230490922928
4090,403,0.11423520743846893
4100,404,0.02714223600924015
4110,405,0.1269063651561737
4120,406,0.045025985687971115
4130,407,0.13155756890773773
4140,408,0.175489142537117
4150,409,0.01871703937649727
4160,410,0.10212075710296631
4170,411,0.06181620433926582
4180,412,0.027829932048916817
4190,413,0.09303054958581924
4200,414,0.13611480593681335
4210,415,0.06415263563394547
4220,416,0.09009049087762833
4230,417,0.019002925604581833
4240,418,0.044255174696445465
4250,419,0.20868203043937683
4260,420,0.022997116670012474
4270,421,0.045045822858810425
4280,422,0.18031686544418335
4290,423,0.017160724848508835
4300,424,0.1644311249256134
4310,425,0.0269519854336977
4320,426,0.04937361553311348
4330,427,0.052643004804849625
4340,428,0.05417245253920555
4350,429,0.021632840856909752
4360,430,0.2092679888010025
4370,431,0.1222463846206665
4380,432,0.03458293899893761
4390,433,0.10127405822277069
4400,434,0.09206253290176392
4410,435,0.05496003478765488
4420,436,0.007545942906290293
4430,437,0.07530757039785385
4440,438,0.04929972440004349
4450,439,0.13004638254642487
4460,440,0.09548712521791458
4470,441,0.05953546240925789
4480,442,0.06151001155376434
4490,443,0.06452837586402893
4500,444,0.03622866049408913
4510,445,0.081809863448143
4520,446,0.05128731206059456
4530,447,0.06409204006195068
4540,448,0.05758967250585556
4550,449,2.093373723255354e-06
4560,450,0.03071330301463604
4570,451,0.018092436715960503
4580,452,0.1450755000114441
4590,453,0.045354489237070084
4600,454,0.05133106932044029
4610,455,6.880664295749739e-05
4620,456,0.012255581095814705
4630,457,0.12168611586093903
4640,458,0.02451973594725132
4650,459,0.1198158711194992
4660,460,0.059395529329776764
4670,461,0.1642000377178192
4680,462,0.028759680688381195
4690,463,0.2026645839214325
4700,464,0.022842811420559883
4710,465,0.040823377668857574
4720,466,0.10405118018388748
4730,467,0.0934295505285263
4740,468,0.04609949141740799
4750,469,0.04201670363545418
4760,470,0.10196100920438766
4770,471,0.04751172289252281
4780,472,0.02026306837797165
4790,473,0.03153200447559357
4800,474,0.016999326646327972
4810,475,5.767119364463724e-05
4820,476,0.19227257370948792
4830,477,0.019383911043405533
4840,478,0.06717346608638763
4850,479,0.09511470794677734
4860,480,0.09344977140426636
4870,481,0.042345475405454636
4880,482,0.00013134432083461434
4890,483,0.025174517184495926
4900,484,0.0042090509086847305
4910,485,7.537775218224851e-06
4920,486,0.0653231292963028
4930,487,0.09099828451871872
4940,488,0.19913402199745178
4950,489,0.11933385580778122
4960,490,0.06622037291526794
4970,491,0.08938151597976685
4980,492,0.05739542841911316
4990,493,0.015411268919706345
5000,494,0.07657153159379959
5010,495,0.2033388912677765
5020,496,0.25659576058387756
5030,497,0.10930495709180832
5040,498,0.05298898369073868
5050,499,0.09881770610809326
5060,500,0.07856464385986328
5070,501,0.05849474295973778
5080,502,0.11964426934719086
5090,503,0.051893651485443115
5100,504,0.039086613804101944
5110,505,0.06357033550739288
5120,506,0.055124446749687195
5130,507,0.041221555322408676
5140,508,0.07778787612915039
5150,509,0.01699812337756157
5160,510,0.41058000922203064
5170,511,0.11335054039955139
5180,512,0.017314592376351357
5190,513,0.026173776015639305
5200,514,0.08765377849340439
5210,515,0.24029716849327087
5220,516,0.08395902067422867
5230,517,0.061563361436128616
5240,518,0.1279163956642151
5250,519,0.06920518726110458
5260,520,0.04677412286400795
5270,521,0.13104715943336487
5280,522,0.21730047464370728
5290,523,0.050184331834316254
5300,524,0.1783963292837143
5310,525,0.09005860984325409
5320,526,0.06656777858734131
5330,527,0.105852872133255
5340,528,0.015463491901755333
5350,529,0.09520885348320007
5360,530,0.0069359298795461655
5370,531,0.07571566849946976
5380,532,0.1409236192703247
5390,533,0.15163543820381165
5400,534,0.13385257124900818
5410,535,0.04782778397202492
5420,536,0.03258041664958
5430,537,0.009745247662067413
5440,538,0.10481232404708862
5450,539,0.033616673201322556
5460,540,0.026146305724978447
5470,541,0.04978916421532631
5480,542,0.1246328055858612
5490,543,0.091750368475914
5500,544,0.047016192227602005
5510,545,0.2387286275625229
5520,546,0.10808035731315613
5530,547,0.1248464435338974
5540,548,0.033705342561006546
5550,549,0.009617507457733154
5560,550,0.1071258932352066
5570,551,0.018791476264595985
5580,552,0.016429858282208443
5590,553,0.07496965676546097
5600,554,0.0253285001963377
5610,555,0.10120213031768799
5620,556,0.008961389772593975
5630,557,0.06737826764583588
5640,558,0.18749602138996124
5650,559,0.10381469130516052
5660,560,0.05357833579182625
5670,561,0.10273946076631546
5680,562,0.05272248014807701
5690,563,0.07180485129356384
5700,564,0.17729179561138153
5710,565,0.016329148784279823
5720,566,0.2760203182697296
5730,567,0.07171691209077835
5740,568,0.03857206553220749
5750,569,0.09479479491710663
5760,570,0.1421838104724884
5770,571,0.11411242187023163
5780,572,0.024409301578998566
5790,573,0.02369772456586361
5800,574,0.07836844772100449
5810,575,0.05634238198399544
5820,576,0.06232425197958946
5830,577,0.0374181792140007
5840,578,0.10932070016860962
5850,579,0.05497867986559868
5860,580,0.05325000733137131
5870,581,0.0795474573969841
5880,582,0.003020796226337552
5890,583,0.01509904209524393
5900,584,0.06337638199329376
5910,585,0.11567579209804535
5920,586,0.0038865460082888603
5930,587,0.09958633780479431
5940,588,0.06360846757888794
5950,589,0.14684396982192993
5960,590,0.06881751120090485
5970,591,0.05456409975886345
5980,592,0.07794295996427536
5990,593,0.019609538838267326
6000,594,0.1021914929151535
6010,595,0.10919273644685745
6020,596,0.008086777292191982
6030,597,0.08765203505754471
6040,598,0.004117227625101805
6050,599,0.011512771248817444
6060,600,0.03529014065861702
6070,601,0.059194743633270264
6080,602,0.06093467026948929
6090,603,0.1288720965385437
6100,604,0.10137516260147095
6110,605,0.004837309010326862
6120,606,0.0756770670413971
6130,607,0.08968464285135269
6140,608,0.03970170393586159
6150,609,0.06267879903316498
6160,610,0.17328999936580658
6170,611,0.058759815990924835
6180,612,0.022940879687666893
6190,613,0.054138027131557465
6200,614,0.06290159374475479
6210,615,0.008132635615766048
6220,616,0.11045105755329132
6230,617,0.036888159811496735
6240,618,0.0018797928933054209
6250,619,0.0329102985560894
6260,620,0.0771448165178299
6270,621,0.03266105055809021
6280,622,0.12028592824935913
6290,623,0.03886166587471962
6300,624,0.10057047009468079
6310,625,0.08252736926078796
6320,626,0.0037049315869808197
6330,627,0.021652325987815857
6340,628,0.1291140764951706
6350,629,0.03094947151839733
6360,630,0.023264802992343903
6370,631,0.17692485451698303
6380,632,0.010780230164527893
6390,633,0.08597917854785919
6400,634,0.15238572657108307
6410,635,0.11647950857877731
6420,636,0.04300609230995178
6430,637,0.09843631088733673
6440,638,0.036676112562417984
6450,639,0.07800612598657608
6460,640,0.15260185301303864
6470,641,0.054722752422094345
6480,642,0.11039773374795914
6490,643,0.12892094254493713
6500,644,0.10599929094314575
6510,645,0.02811305597424507
6520,646,0.014047195203602314
6530,647,0.09674806892871857
6540,648,0.1842488795518875
6550,649,0.04593493789434433
6560,650,0.02078426629304886
6570,651,0.002304190769791603
6580,652,0.05954932048916817
6590,653,0.03581465780735016
6600,654,0.15550583600997925
6610,655,0.041802890598773956
6620,656,0.11475110054016113
6630,657,0.00017739762552082539
6640,658,0.04078355059027672
6650,659,0.042383406311273575
6660,660,0.07731487601995468
6670,661,0.018685106188058853
6680,662,0.019755076617002487
6690,663,0.003061579307541251
6700,664,0.07786708325147629
6710,665,0.1270430088043213
6720,666,0.00450828718021512
6730,667,0.0251598097383976
6740,668,0.0330282486975193
6750,669,0.0008262754417955875
6760,670,0.18095162510871887
6770,671,0.00014354666927829385
6780,672,0.08185422420501709
6790,673,0.036554861813783646
6800,674,0.04758807271718979
6810,675,0.00010270382335875183
6820,676,0.0001075926556950435
6830,677,0.09747057408094406
6840,678,0.14266152679920197
6850,679,0.09223230928182602
6860,680,0.06096164882183075
6870,681,0.10424752533435822
6880,682,0.012626035138964653
6890,683,0.08221984654664993
6900,684,0.10339806973934174
6910,685,0.022687528282403946
6920,686,0.04653562232851982
6930,687,0.09504913538694382
6940,688,0.0925670713186264
6950,689,0.09312891960144043
6960,690,0.08011768758296967
6970,691,0.006241158582270145
6980,692,0.007505997084081173
6990,693,0.05779130384325981
7000,694,0.031882259994745255
7010,695,0.0040814862586557865
7020,696,0.030745655298233032
7030,697,0.07263833284378052
7040,698,0.0016215778887271881
7050,699,0.15140162408351898
7060,700,0.04820188879966736
7070,701,0.0379084087908268
7080,702,0.0606100857257843
7090,703,0.05102301761507988
7100,704,0.04573860764503479
7110,705,0.00988045521080494
7120,706,0.049935221672058105
7130,707,0.023440930992364883
7140,708,0.02261264994740486
7150,709,0.019691715016961098
7160,710,0.1755138784646988
7170,711,0.13859207928180695
7180,712,0.01137108076363802
7190,713,0.04938659816980362
7200,714,0.05674029141664505
7210,715,0.032442621886730194
7220,716,0.03864967077970505
7230,717,0.0655769631266594
7240,718,0.04555968940258026
7250,719,0.10263772308826447
7260,720,0.022883236408233643
7270,721,0.02760337106883526
7280,722,0.0363161675632
7290,723,0.02859739400446415
7300,724,0.011241857893764973
7310,725,0.06028928607702255
7320,726,0.04872306436300278
7330,727,0.003930737264454365
7340,728,0.024080930277705193
7350,729,0.06064433604478836
7360,730,0.15973535180091858
7370,731,0.00788793433457613
7380,732,0.06726741790771484
7390,733,0.00441650440916419
7400,734,0.117660291492939
7410,735,0.1129010021686554
7420,736,0.11895602196455002
7430,737,0.07212842255830765
7440,738,0.009840474463999271
7450,739,0.08843617886304855
7460,740,0.11699984967708588
7470,741,0.06752774119377136
7480,742,0.05264035239815712
7490,743,0.0886530950665474
7500,744,0.0393742136657238
7510,745,0.08654708415269852
7520,746,0.02964172139763832
7530,747,0.08938055485486984
7540,748,0.060374218970537186
7550,749,0.07515382021665573
7560,750,0.020071201026439667
7570,751,0.05693364888429642
7580,752,0.013511072844266891
7590,753,0.1487172544002533
7600,754,0.0386313796043396
7610,755,0.010924318805336952
7620,756,0.17681576311588287
7630,757,0.005310938227921724
7640,758,0.021981945261359215
7650,759,0.06066673994064331
7660,760,0.0566922090947628
7670,761,0.041229430586099625
7680,762,0.05769433081150055
7690,763,0.09167095273733139
7700,764,0.07677756249904633
7710,765,0.035654038190841675
7720,766,0.04538816213607788
7730,767,0.060930125415325165
7740,768,0.07137824594974518
7750,769,0.12245957553386688
7760,770,0.08984425663948059
7770,771,0.02733055129647255
7780,772,0.008431339636445045
7790,773,0.017614182084798813
7800,774,0.05984025076031685
7810,775,0.01363008189946413
7820,776,0.015742793679237366
7830,777,0.13809677958488464
7840,778,0.005798421334475279
7850,779,0.003477374790236354
7860,780,0.056420620530843735
7870,781,0.0810600221157074
7880,782,0.009158375672996044
7890,783,0.11045876890420914
7900,784,0.03250189498066902
7910,785,0.09328760206699371
7920,786,0.06183294951915741
7930,787,0.05488527566194534
7940,788,6.611930439248681e-05
7950,789,0.10830923169851303
7960,790,0.045145124197006226
7970,791,0.042804934084415436
7980,792,0.10764838010072708
7990,793,0.02732771262526512
8000,794,0.0043496619910001755
8010,795,0.06157122552394867
8020,796,0.16194482147693634
8030,797,0.08968131244182587
8040,798,0.007912655360996723
8050,799,0.15339623391628265
8060,800,0.029719188809394836
8070,801,0.08759790658950806
8080,802,0.09782443940639496
8090,803,0.01952747255563736
8100,804,0.01116135623306036
8110,805,0.03538307547569275
8120,806,0.05461543798446655
8130,807,0.0029831528663635254
8140,808,0.022888246923685074
8150,809,0.015782523900270462
8160,810,0.13737624883651733
8170,811,2.6423833332955837e-05
8180,812,0.06856928765773773
8190,813,0.070525623857975
8200,814,0.07383082062005997
8210,815,0.046158358454704285
8220,816,0.11293242871761322
8230,817,0.08139096945524216
8240,818,0.003568187588825822
8250,819,0.015260188840329647
8260,820,0.034796614199876785
8270,821,0.0781404972076416
8280,822,0.0442008450627327
8290,823,0.03277153521776199
8300,824,0.1713772714138031
8310,825,0.08456014096736908
8320,826,0.027984481304883957
8330,827,0.009355070069432259
8340,828,0.02198854275047779
8350,829,0.04273180291056633
8360,830,0.11262142658233643
8370,831,0.07922913879156113
8380,832,0.06788954138755798
8390,833,0.09747292846441269
8400,834,0.07618890702724457
8410,835,0.014930490404367447
8420,836,0.15690575540065765
8430,837,0.033972714096307755
8440,838,0.049164462834596634
8450,839,0.014300897717475891
8460,840,0.041024982929229736
8470,841,0.24713504314422607
8480,842,6.371558993123472e-05
8490,843,0.05168192833662033
8500,844,0.08528856933116913
8510,845,0.23347696661949158
8520,846,0.10750992596149445
8530,847,0.03544635698199272
8540,848,0.08313949406147003
8550,849,0.016872111707925797
8560,850,0.08166692405939102
8570,851,0.0064092762768268585
8580,852,0.04993145540356636
8590,853,0.07079727947711945
8600,854,0.09567277133464813
8610,855,0.06010285019874573
8620,856,0.10706880688667297
8630,857,0.05932670831680298
8640,858,0.10505828261375427
8650,859,0.06098910793662071
8660,860,0.0190591961145401
8670,861,0.042941510677337646
8680,862,0.06341531872749329
8690,863,0.017297355458140373
8700,864,0.02253955416381359
8710,865,0.05159488320350647
8720,866,0.0539126843214035
8730,867,0.05401616543531418
8740,868,0.03438873216509819
8750,869,0.09992003440856934
8760,870,0.11883855611085892
8770,871,0.007618777919560671
8780,872,0.014299335889518261
8790,873,7.504664245061576e-05
8800,874,0.043828681111335754
8810,875,0.09912863373756409
8820,876,0.02973092719912529
8830,877,0.018524544313549995
8840,878,0.05191364511847496
8850,879,0.006996534764766693
8860,880,0.00017203597235493362
8870,881,0.05681964382529259
8880,882,0.0012532897526398301
8890,883,0.06096801534295082
8900,884,0.13007304072380066
8910,885,0.04862465709447861
8920,886,0.0020769303664565086
8930,887,0.0034624154213815928
8940,888,0.05531905218958855
8950,889,0.08275394141674042
8960,890,0.030192945152521133
8970,891,0.03148287534713745
8980,892,0.1113056018948555
8990,893,0.06045591086149216
9000,894,0.05069109424948692
9010,895,0.018237749114632607
9020,896,0.00611658301204443
9030,897,0.11482913792133331
9040,898,0.030167797580361366
9050,899,0.03982049971818924
9060,900,0.01353065762668848
9070,901,0.2039428949356079
9080,902,0.06938152760267258
9090,903,0.012090104632079601
9100,904,0.03906721994280815
9110,905,0.16222718358039856
9120,906,0.002393808914348483
9130,907,0.24250122904777527
9140,908,0.07688990235328674
9150,909,0.15686188638210297
9160,910,0.06600477546453476
9170,911,0.024547496810555458
9180,912,0.01670638658106327
9190,913,0.08778949826955795
9200,914,0.0025873403064906597
9210,915,0.09500519186258316
9220,916,0.175202414393425
9230,917,0.04666267707943916
9240,918,0.00012186041567474604
9250,919,0.04112745448946953
9260,920,0.004934951663017273
9270,921,0.05357975885272026
9280,922,0.10705544054508209
9290,923,0.15531690418720245
9300,924,0.0056651439517736435
9310,925,0.10137823969125748
9320,926,0.15011003613471985
9330,927,0.004286716692149639
9340,928,0.11365103721618652
9350,929,0.025777682662010193
9360,930,0.021903028711676598
9370,931,0.06705109775066376
9380,932,0.033881351351737976
9390,933,0.1814035028219223
9400,934,0.005201488267630339
9410,935,0.0454852357506752
9420,936,0.05066029727458954
9430,937,0.056094519793987274
9440,938,0.002260207664221525
9450,939,0.07138672471046448
9460,940,0.0468088760972023
9470,941,0.05955633148550987
9480,942,0.09012771397829056
9490,943,0.09559116512537003
9500,944,0.04084540903568268
9510,945,0.30480536818504333
9520,946,0.01671440526843071
9530,947,0.08609214425086975
9540,948,0.07829119265079498
9550,949,0.051878511905670166
9560,950,0.10221724212169647
9570,951,0.10908609628677368
9580,952,0.03961097449064255
9590,953,0.0712248831987381
9600,954,0.03550266474485397
9610,955,0.12853296101093292
9620,956,0.029276931658387184
9630,957,0.009944492019712925
9640,958,0.006946323439478874
9650,959,0.031059622764587402
9660,960,0.043251264840364456
9670,961,0.06958648562431335
9680,962,0.014682244509458542
9690,963,0.017067797482013702
9700,964,0.014863229356706142
9710,965,0.17774665355682373
9720,966,0.12497067451477051
9730,967,0.005519483704119921
9740,968,0.05716615915298462
9750,969,0.03439927101135254
9760,970,0.015502178110182285
9770,971,0.13839715719223022
9780,972,0.05498013645410538
9790,973,0.06976000219583511
9800,974,0.17567721009254456
9810,975,0.0253986157476902
9820,976,0.0404428169131279
9830,977,0.006902154069393873
9840,978,0.18137556314468384
9850,979,0.03756704553961754
9860,980,0.05046573653817177
9870,981,0.007330879103392363
9880,982,0.04297448694705963
9890,983,0.09166309982538223
9900,984,0.03050878271460533
9910,985,0.026143379509449005
9920,986,0.08455606549978256
9930,987,0.023821840062737465
9940,988,0.039009202271699905
9950,989,0.032754234969615936
9960,990,0.019621092826128006
9970,991,0.04019390419125557
9980,992,0.016866853460669518
9990,993,0.03670608624815941
10000,994,0.06269081681966782
10010,995,0.018297413364052773
10020,996,0.18800905346870422
10030,997,0.005649973638355732
10040,998,0.1553606241941452
10050,999,0.039965350180864334
10060,1000,0.07748193293809891
10070,1001,0.2852579355239868
10080,1002,0.031178507953882217
10090,1003,0.025329865515232086
10100,1004,0.018234509974718094
10110,1005,0.050482336431741714
10120,1006,0.14107787609100342
10130,1007,0.05823014676570892
10140,1008,0.042474471032619476
10150,1009,0.027538185939192772
10160,1010,0.046810898929834366
10170,1011,0.015103163197636604
10180,1012,0.0021302320528775454
10190,1013,0.08983180671930313
10200,1014,0.05657533183693886
10210,1015,0.06361840665340424
10220,1016,0.01963271200656891
10230,1017,0.11058035492897034
10240,1018,0.028387056663632393
10250,1019,0.10016278177499771
10260,1020,0.0016451363917440176
10270,1021,0.0005376049084588885
10280,1022,0.01597011834383011
10290,1023,0.052845023572444916
10300,1024,0.005805929657071829
10310,1025,0.061772819608449936
10320,1026,0.10291652381420135
10330,1027,0.023013819009065628
10340,1028,0.0010286640608683228
10350,1029,0.06415574252605438
10360,1030,0.0645906999707222
10370,1031,0.004752653650939465
10380,1032,0.07322272658348083
10390,1033,0.015086074359714985
10400,1034,0.03434709459543228
10410,1035,0.02361493743956089
10420,1036,0.08505427837371826
10430,1037,0.13107655942440033
10440,1038,0.08160463720560074
10450,1039,0.0002315145538887009
10460,1040,0.029117826372385025
10470,1041,0.014101063832640648
10480,1042,0.0457303412258625
10490,1043,0.019414404407143593
10500,1044,0.09902375936508179
10510,1045,0.027911854907870293
10520,1046,0.0418580025434494
10530,1047,0.02160213328897953
10540,1048,0.03460943326354027
10550,1049,0.039939574897289276
10560,1050,0.11973955482244492
10570,1051,0.00715910317376256
10580,1052,0.03300458937883377
10590,1053,0.15427546203136444
10600,1054,0.01767151989042759
10610,1055,0.1322558969259262
10620,1056,0.09486141800880432
10630,1057,0.028272654861211777
10640,1058,0.0009371666819788516
10650,1059,0.16529418528079987
10660,1060,0.06323681771755219
10670,1061,0.012247759848833084
10680,1062,0.003029609564691782
10690,1063,0.03287208825349808
10700,1064,0.06472194194793701
10710,1065,0.024706894531846046
10720,1066,0.0808679610490799
10730,1067,0.04456942528486252
10740,1068,0.0034888405352830887
10750,1069,0.015216787345707417
10760,1070,0.01902136765420437
10770,1071,0.010320532135665417
10780,1072,0.11009213328361511
10790,1073,0.05367757007479668
10800,1074,0.05370643362402916
10810,1075,0.0018449779599905014
10820,1076,0.015801167115569115
10830,1077,0.06784334778785706
10840,1078,0.06137130409479141
10850,1079,0.017676258459687233
10860,1080,0.12626641988754272
10870,1081,0.007202391978353262
10880,1082,0.07084622234106064
10890,1083,0.015020494349300861
10900,1084,0.09747868776321411
10910,1085,0.10958164185285568
10920,1086,0.014935754239559174
10930,1087,0.0010882896604016423
10940,1088,0.04433364048600197
10950,1089,0.037541572004556656
10960,1090,0.16203293204307556
10970,1091,0.008994797244668007
10980,1092,0.06582720577716827
10990,1093,0.09115758538246155
11000,1094,0.05295982584357262
11010,1095,0.09177607297897339
11020,1096,0.07690223306417465
11030,1097,0.019239556044340134
11040,1098,0.02196994423866272
11050,1099,0.07423634827136993
11060,1100,0.0753735825419426
11070,1101,0.03173523023724556
11080,1102,0.06721679866313934
11090,1103,0.10949957370758057
11100,1104,0.023259807378053665
11110,1105,0.05789092183113098
11120,1106,0.1593390256166458
11130,1107,5.193618198973127e-05
11140,1108,0.088277168571949
11150,1109,0.0793435350060463
11160,1110,0.017000293359160423
11170,1111,0.007808965165168047
11180,1112,0.005471629556268454
11190,1113,0.14779971539974213
11200,1114,0.06766585260629654
11210,1115,0.09568244218826294
11220,1116,0.054939787834882736
11230,1117,0.06619448959827423
11240,1118,0.0693819671869278
11250,1119,0.05485345795750618
11260,1120,0.11961686611175537
11270,1121,4.904094384983182e-05
11280,1122,0.18744902312755585
11290,1123,0.056643083691596985
11300,1124,0.08755043148994446
11310,1125,0.014472223818302155
11320,1126,0.03706260025501251
11330,1127,0.03969445079565048
11340,1128,0.021376371383666992
11350,1129,0.09581074863672256
11360,1130,0.0882280096411705
11370,1131,0.05413685739040375
11380,1132,0.015995942056179047
11390,1133,0.09575323015451431
11400,1134,0.03440697863698006
11410,1135,0.0773925706744194
11420,1136,0.00743856281042099
11430,1137,0.013465317897498608
11440,1138,0.012327231466770172
11450,1139,0.01981392130255699
11460,1140,0.0896230936050415
11470,1141,0.14647692441940308
11480,1142,0.10926102101802826
11490,1143,0.010916417464613914
11500,1144,0.021449780091643333
11510,1145,0.09653843939304352
11520,1146,0.017940305173397064
11530,1147,0.055116601288318634
11540,1148,0.12583351135253906
11550,1149,0.022414911538362503
11560,1150,0.07871383428573608
11570,1151,0.1033950075507164
11580,1152,0.04788050800561905
11590,1153,0.03320210054516792
11600,1154,0.06517373025417328
11610,1155,0.017944784834980965
11620,1156,0.09073623269796371
11630,1157,0.0004072684096172452
11640,1158,0.09439586102962494
11650,1159,0.0028488801326602697
11660,1160,0.19723570346832275
11670,1161,0.018545296043157578
11680,1162,0.00016597428475506604
11690,1163,0.04247370362281799
11700,1164,0.02106015756726265
11710,1165,0.04791192337870598
11720,1166,0.19502297043800354
11730,1167,0.039380405098199844
11740,1168,0.06468815356492996
11750,1169,0.024158785119652748
11760,1170,0.060313403606414795
11770,1171,0.07907523214817047
11780,1172,0.011109726503491402
11790,1173,0.0033306898549199104
11800,1174,0.036838531494140625
11810,1175,0.00706426240503788
11820,1176,0.020763713866472244
11830,1177,0.02492707036435604
11840,1178,0.1492006927728653
11850,1179,0.019560325890779495
11860,1180,0.05816898122429848
11870,1181,0.04355575889348984
11880,1182,0.09446044266223907
11890,1183,0.05064598470926285
11900,1184,0.04663001745939255
11910,1185,0.032724183052778244
11920,1186,0.024467404931783676
11930,1187,0.05986740440130234
11940,1188,0.00361749273724854
11950,1189,0.023333685472607613
11960,1190,0.06111934781074524
11970,1191,0.0201084204018116
11980,1192,0.10310874879360199
11990,1193,0.08400502800941467
12000,1194,0.1278429627418518
12010,1195,0.060604359954595566
12020,1196,0.10301301628351212
12030,1197,0.10825036466121674
12040,1198,0.01672360673546791
12050,1199,0.008470871485769749
12060,1200,0.2266705483198166
12070,1201,0.04266945645213127
12080,1202,0.1260625123977661
12090,1203,0.013540701940655708
12100,1204,0.0956612154841423
12110,1205,0.01771332323551178
12120,1206,0.041643548756837845
12130,1207,0.03591758757829666
12140,1208,0.0714658871293068
12150,1209,0.03479422628879547
12160,1210,0.023757565766572952
12170,1211,0.06758660823106766
12180,1212,0.11171288788318634
12190,1213,0.028355658054351807
12200,1214,0.0009862282313406467
12210,1215,0.0003387186152394861
12220,1216,0.0715324655175209
12230,1217,0.03640145808458328
12240,1218,0.01419790368527174
12250,1219,0.01945321261882782
12260,1220,0.04340412840247154
12270,1221,0.018116414546966553
12280,1222,0.0203363336622715
12290,1223,0.09643358737230301
12300,1224,0.03853408619761467
12310,1225,0.019860127940773964
12320,1226,0.03439817577600479
12330,1227,0.013287853449583054
12340,1228,0.03883279114961624
12350,1229,0.021079890429973602
12360,1230,0.00331167783588171
12370,1231,0.04145406186580658
12380,1232,0.0670539140701294
12390,1233,0.1266220062971115
12400,1234,0.02442389726638794
12410,1235,0.11137387156486511
12420,1236,0.18863213062286377
12430,1237,0.014063156209886074
12440,1238,0.06627903878688812
12450,1239,0.01062600128352642
12460,1240,0.12344541400671005
12470,1241,0.0027392504271119833
12480,1242,0.016950469464063644
12490,1243,0.06456107646226883
12500,1244,2.293317811563611e-05
12510,1245,0.02291560359299183
12520,1246,0.017532872036099434
12530,1247,0.07255887240171432
12540,1248,0.03378302603960037
12550,1249,0.033263783901929855
12560,1250,0.10705038160085678
12570,1251,0.014128506183624268
12580,1252,0.006059943698346615
12590,1253,0.14755326509475708
12600,1254,0.004550018347799778
12610,1255,8.07670658105053e-05
12620,1256,0.02119043841958046
12630,1257,5.8146582887275144e-05
12640,1258,0.011753521859645844
12650,1259,0.04302068054676056
12660,1260,0.009318511933088303
12670,1261,0.028860438615083694
12680,1262,0.05701131373643875
12690,1263,0.024653343483805656
12700,1264,0.007409283891320229
12710,1265,0.043523527681827545
12720,1266,0.15035969018936157
12730,1267,0.0953061580657959
12740,1268,0.1350061148405075
12750,1269,0.017284955829381943
12760,1270,0.06592950224876404
12770,1271,0.06785643845796585
12780,1272,0.14562971889972687
12790,1273,0.0006322424160316586
12800,1274,0.14505033195018768
12810,1275,0.028244463726878166
12820,1276,0.00943730492144823
12830,1277,0.032067716121673584
12840,1278,0.03346461057662964
12850,1279,8.480616088490933e-05
12860,1280,0.04610579460859299
12870,1281,0.10211782902479172
12880,1282,0.0440463125705719
12890,1283,0.022263996303081512
12900,1284,0.0007179680396802723
12910,1285,0.21286554634571075
12920,1286,0.04270893335342407
12930,1287,0.0948760062456131
12940,1288,0.06471271812915802
12950,1289,0.05510827898979187
12960,1290,0.0002791376318782568
12970,1291,0.006751256063580513
12980,1292,0.06742852926254272
12990,1293,0.0074921841733157635
13000,1294,0.045504260808229446
13010,1295,0.1524350643157959
13020,1296,0.01290823519229889
13030,1297,0.024390650913119316
13040,1298,0.103981614112854
13050,1299,0.016595086082816124
13060,1300,0.03923922777175903
13070,1301,8.411719318246469e-05
13080,1302,0.04163309931755066
13090,1303,0.009354676119983196
13100,1304,0.020150786265730858
13110,1305,0.1932750940322876
13120,1306,0.02383638545870781
13130,1307,0.08165520429611206
13140,1308,0.08114054799079895
13150,1309,0.07259483635425568
13160,1310,0.019127482548356056
13170,1311,0.028309164568781853
13180,1312,0.03837219625711441
13190,1313,0.003443322842940688
13200,1314,0.05350154638290405
13210,1315,0.02728313021361828
13220,1316,0.04322727397084236
13230,1317,0.07988694310188293
13240,1318,0.02000032551586628
13250,1319,0.008595846593379974
13260,1320,0.08273638039827347
13270,1321,0.006300289649516344
13280,1322,0.03858581930398941
13290,1323,0.09354238957166672
13300,1324,0.081138014793396
13310,1325,0.014037988148629665
13320,1326,0.1183597594499588
13330,1327,0.03793426603078842
13340,1328,0.03892198204994202
13350,1329,0.07026202976703644
13360,1330,0.01211348082870245
13370,1331,0.04291073605418205
13380,1332,0.0037495894357562065
13390,1333,0.03659513220191002
13400,1334,0.07216542214155197
13410,1335,0.028094220906496048
13420,1336,0.02677048370242119
13430,1337,0.15806865692138672
13440,1338,0.06461650878190994
13450,1339,0.017207643017172813
13460,1340,0.0014283189084380865
13470,1341,0.01588563621044159
13480,1342,0.05700400471687317
13490,1343,0.14015577733516693
13500,1344,0.20536796748638153
13510,1345,0.009597684256732464
13520,1346,0.016262326389551163
13530,1347,0.01139906421303749
13540,1348,0.1563080996274948
13550,1349,0.04515419155359268
13560,1350,0.0880928635597229
13570,1351,0.07571224123239517
13580,1352,0.057784128934144974
13590,1353,0.030796697363257408
13600,1354,0.04201656952500343
13610,1355,0.036244314163923264
13620,1356,0.0891607254743576
13630,1357,0.05900397151708603
13640,1358,0.029293972998857498
13650,1359,0.119246706366539
13660,1360,0.018091324716806412
13670,1361,0.007815410383045673
13680,1362,0.09097527712583542
13690,1363,0.026913519948720932
13700,1364,0.030356761068105698
13710,1365,0.0341646745800972
13720,1366,0.007859143428504467
13730,1367,0.07930734753608704
13740,1368,0.04024840518832207
13750,1369,0.023738577961921692
13760,1370,0.021324148401618004
13770,1371,0.014991529285907745
13780,1372,0.18171313405036926
13790,1373,0.04214294254779816
13800,1374,0.003725457936525345
13810,1375,0.06709764897823334
13820,1376,0.0275254026055336
13830,1377,0.15021438896656036
13840,1378,0.005352365784347057
13850,1379,0.00151833426207304
13860,1380,0.07535328716039658
13870,1381,4.6846682380419225e-05
13880,1382,0.028107916936278343
13890,1383,0.015987666323781013
13900,1384,0.1634524166584015
13910,1385,7.318041753023863e-06
13920,1386,0.02954903058707714
13930,1387,0.18592558801174164
13940,1388,0.01153399609029293
13950,1389,0.02258879505097866
13960,1390,0.002795999404042959
13970,1391,0.01946892961859703
13980,1392,0.1297670304775238
13990,1393,0.008509966544806957
14000,1394,0.005131905432790518
14010,1395,0.05985856056213379
14020,1396,0.03841192647814751
14030,1397,0.22440101206302643
14040,1398,0.08037436008453369
14050,1399,0.08303353190422058
14060,1400,2.0143447727605235e-06
14070,1401,0.02926541492342949
14080,1402,0.0218729916960001
14090,1403,0.020768148824572563
14100,1404,0.016261538490653038
14110,1405,0.025663107633590698
14120,1406,0.003413241822272539
14130,1407,0.0009753428748808801
14140,1408,0.0009787565795704722
14150,1409,0.005549146793782711
14160,1410,0.1302231103181839
14170,1411,0.028911590576171875
14180,1412,0.055753741413354874
14190,1413,0.14782407879829407
14200,1414,0.0006716238567605615
14210,1415,0.025619326159358025
14220,1416,0.004005805589258671
14230,1417,0.04379356652498245
14240,1418,7.902530342107639e-05
14250,1419,0.04415387660264969
14260,1420,0.0006339949322864413
14270,1421,0.04783032834529877
14280,1422,0.06694193929433823
14290,1423,0.09770659357309341
14300,1424,0.012133323587477207
14310,1425,0.1181538924574852
14320,1426,0.019583413377404213
14330,1427,0.012495501898229122
14340,1428,0.06981848925352097
14350,1429,0.03094441443681717
14360,1430,0.07560408115386963
14370,1431,0.11017423123121262
14380,1432,0.03862981125712395
14390,1433,0.06791822612285614
14400,1434,0.03757576644420624
14410,1435,0.06395949423313141
14420,1436,0.0013618865050375462
14430,1437,0.01880498044192791
14440,1438,0.09669558703899384
14450,1439,0.01821349561214447
14460,1440,0.019047332927584648
14470,1441,0.06551142036914825
14480,1442,0.11809242516756058
14490,1443,0.013858549296855927
14500,1444,0.0027984201442450285
14510,1445,0.09198624640703201
14520,1446,0.09117773920297623
14530,1447,0.16103364527225494
14540,1448,0.014612285420298576
14550,1449,0.0634889304637909
14560,1450,0.052369192242622375
14570,1451,0.08476125448942184
14580,1452,0.0217131394892931
14590,1453,0.0023232288658618927
14600,1454,0.04547540843486786
14610,1455,0.027249950915575027
14620,1456,0.043106287717819214
14630,1457,0.01036927755922079
14640,1458,0.0057531436905264854
14650,1459,0.1775602102279663
14660,1460,0.06292261928319931
14670,1461,0.02037239819765091
14680,1462,0.04862408712506294
14690,1463,0.028192149475216866
14700,1464,0.01913520321249962
14710,1465,0.05342972278594971
14720,1466,0.06009497120976448
14730,1467,0.018858782947063446
14740,1468,0.03549380227923393
14750,1469,0.06166837736964226
14760,1470,0.24184510111808777
14770,1471,0.05223816633224487
14780,1472,0.0510328933596611
14790,1473,0.07824992388486862
14800,1474,0.11400824785232544
14810,1475,0.12652164697647095
14820,1476,0.05810927227139473
14830,1477,0.027993138879537582
14840,1478,0.0051754130981862545
14850,1479,0.04056384041905403
14860,1480,0.04923272132873535
14870,1481,0.06004105508327484
14880,1482,0.08016028255224228
14890,1483,0.030232449993491173
14900,1484,0.01983121782541275
14910,1485,0.05833164602518082
14920,1486,0.028433501720428467
14930,1487,0.027634147554636
14940,1488,0.13894224166870117
14950,1489,0.016737766563892365
14960,1490,0.101880744099617
14970,1491,0.03576510399580002
14980,1492,0.06695720553398132
14990,1493,0.02020062506198883
15000,1494,0.07182346284389496
15010,1495,0.037363748997449875
15020,1496,0.13115736842155457
15030,1497,0.029657553881406784
15040,1498,0.011859995312988758
15050,1499,0.2282043695449829
15060,1500,0.022923244163393974
15070,1501,0.0007735312101431191
15080,1502,0.035289011895656586
15090,1503,0.04876934364438057
15100,1504,0.07095804810523987
15110,1505,0.0589698851108551
15120,1506,0.08162220567464828
15130,1507,0.07071668654680252
15140,1508,0.08328655362129211
15150,1509,0.05408070236444473
15160,1510,0.11266233772039413
15170,1511,0.1707501858472824
15180,1512,0.035722021013498306
15190,1513,0.04496259614825249
15200,1514,0.06064067408442497
15210,1515,0.15102745592594147
15220,1516,0.13160757720470428
15230,1517,0.0140763558447361
15240,1518,0.03528033196926117
15250,1519,0.10778024792671204
15260,1520,0.1109161302447319
15270,1521,0.003703993046656251
15280,1522,0.057659003883600235
15290,1523,0.0561988539993763
15300,1524,0.061602506786584854
15310,1525,0.23395295441150665
15320,1526,0.0021192890126258135
15330,1527,0.0777759924530983
15340,1528,0.084628626704216
15350,1529,0.0976174995303154
15360,1530,0.054404255002737045
15370,1531,0.05578083172440529
15380,1532,0.010066593065857887
15390,1533,0.020172936841845512
15400,1534,0.027053946629166603
15410,1535,0.08250246942043304
15420,1536,0.15171083807945251
15430,1537,0.09301231056451797
15440,1538,0.058126140385866165
15450,1539,0.17205071449279785
15460,1540,0.005422673188149929
15470,1541,0.024122782051563263
15480,1542,0.005686062388122082
15490,1543,0.03689265996217728
15500,1544,0.19133053719997406
15510,1545,0.02963244356215
15520,1546,0.025609511882066727
15530,1547,0.09664870798587799
15540,1548,0.08098912239074707
15550,1549,0.06340732425451279
15560,1550,0.01620594412088394
15570,1551,0.00799469742923975
15580,1552,0.20177076756954193
15590,1553,0.009467294439673424
15600,1554,0.006009602919220924
15610,1555,0.07458090782165527
15620,1556,0.0746811032295227
15630,1557,0.09911972284317017
15640,1558,0.03870147094130516
15650,1559,0.008848059922456741
15660,1560,0.13101790845394135
15670,1561,0.1474197953939438
15680,1562,0.037853531539440155
15690,1563,0.06355989724397659
15700,1564,0.24866794049739838
15710,1565,0.02484499290585518
15720,1566,0.06627009809017181
15730,1567,0.017665782943367958
15740,1568,0.00035900945658795536
15750,1569,0.04201143980026245
15760,1570,0.12045788764953613
15770,1571,0.11234119534492493
15780,1572,0.059815388172864914
15790,1573,0.06915266066789627
15800,1574,0.05185844004154205
15810,1575,0.12440098822116852
15820,1576,0.04540235176682472
15830,1577,3.4383905585855246e-05
15840,1578,0.059845373034477234
15850,1579,0.0025305545423179865
15860,1580,0.026370955631136894
15870,1581,0.05526445433497429
15880,1582,0.15571145713329315
15890,1583,0.03352157026529312
15900,1584,0.030972741544246674
15910,1585,0.07567058503627777
15920,1586,0.07418215274810791
15930,1587,0.12291866540908813
15940,1588,0.04899085685610771
15950,1589,0.15596987307071686
15960,1590,0.06100893393158913
15970,1591,0.01937602087855339
15980,1592,0.13683851063251495
15990,1593,0.14619608223438263
16000,1594,0.13761234283447266
16010,1595,0.009108235128223896
16020,1596,0.033951036632061005
16030,1597,0.12799617648124695
16040,1598,0.0074630300514400005
16050,1599,0.02705235406756401
16060,1600,0.05727449804544449
16070,1601,0.03881850466132164
16080,1602,0.05718812718987465
16090,1603,0.044112060219049454
16100,1604,0.002286168746650219
16110,1605,0.0029707015492022038
16120,1606,0.05256827175617218
16130,1607,0.005560613237321377
16140,1608,0.04314802587032318
16150,1609,8.804086974123493e-05
16160,1610,0.05496080219745636
16170,1611,0.1364721655845642
16180,1612,0.057863254100084305
16190,1613,0.015978781506419182
16200,1614,0.07895121723413467
16210,1615,0.010664736852049828
16220,1616,0.07282217592000961
16230,1617,0.034731797873973846
16240,1618,0.08539538830518723
16250,1619,0.03211040422320366
16260,1620,0.01564211957156658
16270,1621,0.015610910020768642
16280,1622,0.03299859166145325
16290,1623,0.14417822659015656
16300,1624,0.05444718897342682
16310,1625,0.019769975915551186
16320,1626,0.02510960027575493
16330,1627,0.04622986912727356
16340,1628,0.016992082819342613
16350,1629,0.011874196119606495
16360,1630,0.07126068323850632
16370,1631,0.03519125655293465
16380,1632,0.07989492267370224
16390,1633,0.041898149996995926
16400,1634,0.08520960807800293
16410,1635,0.2998325228691101
16420,1636,0.03957074135541916
16430,1637,0.06718318164348602
16440,1638,0.012573000974953175
16450,1639,0.011260796338319778
16460,1640,0.01114010252058506
16470,1641,0.03340545669198036
16480,1642,0.018439725041389465
16490,1643,0.15779367089271545
16500,1644,0.04564468562602997
16510,1645,0.01078075636178255
16520,1646,0.046325016766786575
16530,1647,0.01801551878452301
16540,1648,0.03114965185523033
16550,1649,0.07669280469417572
16560,1650,0.011685100384056568
16570,1651,0.06102612242102623
16580,1652,0.060707781463861465
16590,1653,2.6529465685598552e-05
16600,1654,0.06281494349241257
16610,1655,0.015075636096298695
16620,1656,5.994137609377503e-06
16630,1657,0.004461342003196478
16640,1658,0.09051601588726044
16650,1659,0.0006085784989409149
16660,1660,0.05409666895866394
16670,1661,0.014509220607578754
16680,1662,0.06539542973041534
16690,1663,0.050682924687862396
16700,1664,0.04060666263103485
16710,1665,0.011826448142528534
16720,1666,0.011521494016051292
16730,1667,0.021389447152614594
16740,1668,0.00297648087143898
16750,1669,0.04002910852432251
16760,1670,0.09175686538219452
16770,1671,0.02316565252840519
16780,1672,0.024552179500460625
16790,1673,0.07942245900630951
16800,1674,0.00926264002919197
16810,1675,0.00420715706422925
16820,1676,1.2342325135250576e-05
16830,1677,0.0067796846851706505
16840,1678,0.17527931928634644
16850,1679,0.006978789810091257
16860,1680,0.016128964722156525
16870,1681,0.014742834493517876
16880,1682,0.08317764848470688
16890,1683,0.06613686680793762
16900,1684,0.03650422766804695
16910,1685,0.08993387222290039
16920,1686,0.0674864649772644
16930,1687,0.0709305927157402
16940,1688,0.05764545127749443
16950,1689,0.043488502502441406
16960,1690,0.05576612427830696
16970,1691,0.015254986472427845
16980,1692,0.029349472373723984
16990,1693,0.044517166912555695
17000,1694,0.002981152618303895
17010,1695,0.0019308130722492933
17020,1696,0.19560255110263824
17030,1697,0.03236084803938866
17040,1698,0.06982406973838806
17050,1699,0.1086176261305809
17060,1700,0.017839763313531876
17070,1701,0.03894410282373428
17080,1702,0.049964092671871185
17090,1703,0.09116334468126297
17100,1704,0.00017354123701807112
17110,1705,0.026083968579769135
17120,1706,0.021843843162059784
17130,1707,0.15885424613952637
17140,1708,0.04697611927986145
17150,1709,0.014247965067625046
17160,1710,0.028729461133480072
17170,1711,0.024208873510360718
17180,1712,0.005643521435558796
17190,1713,0.10006732493638992
17200,1714,0.041791170835494995
17210,1715,0.013914266601204872
17220,1716,0.011879737488925457
17230,1717,0.00678873248398304
17240,1718,0.02201140485703945
17250,1719,0.1328422725200653
17260,1720,2.093506554956548e-05
17270,1721,0.03147505596280098
17280,1722,0.03243730589747429
17290,1723,0.09044013172388077
17300,1724,0.10635585337877274
17310,1725,0.1005287915468216
17320,1726,0.11841762810945511
17330,1727,0.11494417488574982
17340,1728,0.22406481206417084
17350,1729,0.009031512774527073
17360,1730,0.048975687474012375
17370,1731,0.10593714565038681
17380,1732,0.005110442638397217
17390,1733,0.09981462359428406
17400,1734,0.05922386795282364
17410,1735,0.02107556164264679
17420,1736,0.01230198796838522
17430,1737,0.06001581251621246
17440,1738,0.029607689008116722
17450,1739,0.1059831827878952
17460,1740,0.03304462879896164
17470,1741,0.019160572439432144
17480,1742,0.031842250376939774
17490,1743,0.01582507975399494
17500,1744,0.049983054399490356
17510,1745,0.024730728939175606
17520,1746,0.003439737018197775
17530,1747,0.08816515654325485
17540,1748,0.07256999611854553
17550,1749,0.01926569640636444
17560,1750,0.04226238653063774
17570,1751,0.22191575169563293
17580,1752,0.014424390159547329
17590,1753,0.1247563436627388
17600,1754,0.006886699236929417
17610,1755,0.030919089913368225
17620,1756,0.009671961888670921
17630,1757,0.09431500732898712
17640,1758,0.0185172688215971
17650,1759,0.22297027707099915
17660,1760,0.041693348437547684
17670,1761,0.07592027634382248
17680,1762,0.07704703509807587
17690,1763,0.025011718273162842
17700,1764,0.017810937017202377
17710,1765,0.0888381078839302
17720,1766,0.024929195642471313
17730,1767,0.038579121232032776
17740,1768,0.18507803976535797
17750,1769,0.11326322704553604
17760,1770,0.005937273148447275
17770,1771,0.04988563433289528
17780,1772,0.05229758098721504
17790,1773,0.02378610335290432
17800,1774,0.0022966773249208927
17810,1775,0.09473690390586853
17820,1776,0.05136610195040703
17830,1777,0.08054830133914948
17840,1778,0.12914790213108063
17850,1779,0.06789212673902512
17860,1780,0.09463562071323395
17870,1781,0.01711454428732395
17880,1782,0.037251174449920654
17890,1783,0.09444873034954071
17900,1784,0.053120456635951996
17910,1785,0.0140158049762249
17920,1786,0.05341072380542755
17930,1787,0.050170671194791794
17940,1788,0.12617668509483337
17950,1789,0.11225441098213196
17960,1790,0.08767598122358322
17970,1791,0.004698858130723238
17980,1792,0.070421002805233
17990,1793,0.032544903457164764
18000,1794,0.1594446897506714
18010,1795,0.012701906263828278
18020,1796,0.048027247190475464
18030,1797,0.07324551045894623
18040,1798,0.044559840112924576
18050,1799,0.060241736471652985
18060,1800,0.009235047735273838
18070,1801,0.11271160840988159
18080,1802,0.07621674239635468
18090,1803,0.006200934760272503
18100,1804,0.01509590819478035
18110,1805,0.005584483966231346
18120,1806,0.04017902910709381
18130,1807,0.10797108709812164
18140,1808,0.04952554777264595
18150,1809,0.11955655366182327
18160,1810,0.05344109237194061
18170,1811,0.07448875904083252
18180,1812,0.07082327455282211
18190,1813,0.0917011946439743
18200,1814,0.076943539083004
18210,1815,0.04050843417644501
18220,1816,0.009915405884385109
18230,1817,0.09277372062206268
18240,1818,0.012406216003000736
18250,1819,0.011094070971012115
18260,1820,0.14651888608932495
18270,1821,0.1282350718975067
18280,1822,0.11246433854103088
18290,1823,0.1291792392730713
18300,1824,0.007636520080268383
18310,1825,0.04952656105160713
18320,1826,0.009068716317415237
18330,1827,0.06708138436079025
18340,1828,0.02045469917356968
18350,1829,0.01338426023721695
18360,1830,0.07408825308084488
18370,1831,0.01702447235584259
18380,1832,0.15895232558250427
18390,1833,0.05356141924858093
18400,1834,0.045806627720594406
18410,1835,0.014973051846027374
18420,1836,0.0872710719704628
18430,1837,0.07931792736053467
18440,1838,0.04789121076464653
18450,1839,0.07554248720407486
18460,1840,0.12686750292778015
18470,1841,0.03135295957326889
18480,1842,0.00014819929492659867
18490,1843,0.03894692286849022
18500,1844,0.02757425792515278
18510,1845,0.03523888811469078
18520,1846,0.0037374082021415234
18530,1847,0.08499698340892792
18540,1848,0.04847211763262749
18550,1849,0.1639968305826187
18560,1850,0.05213770270347595
18570,1851,0.023973366245627403
18580,1852,0.06419055908918381
18590,1853,0.020007476210594177
18600,1854,0.03175466135144234
18610,1855,0.0003218179917894304
18620,1856,0.14773978292942047
18630,1857,0.035457175225019455
18640,1858,0.03747590631246567
18650,1859,0.06574789434671402
18660,1860,0.008649955503642559
18670,1861,0.005027396138757467
18680,1862,0.016240954399108887
18690,1863,0.11791451275348663
18700,1864,0.027628954499959946
18710,1865,0.10971000790596008
18720,1866,0.02928033471107483
18730,1867,0.0122839892283082
18740,1868,0.10109564661979675
18750,1869,0.08188854902982712
18760,1870,0.11229570209980011
18770,1871,0.03281506523489952
18780,1872,0.05794431269168854
18790,1873,0.04130180552601814
18800,1874,0.12739740312099457
18810,1875,0.0007097842171788216
18820,1876,0.008551480248570442
18830,1877,0.0008339897613041103
18840,1878,0.14521917700767517
18850,1879,0.02902272902429104
18860,1880,0.07327253371477127
18870,1881,0.000209992824238725
18880,1882,0.14870420098304749
18890,1883,0.043763767927885056
18900,1884,0.021491533145308495
18910,1885,0.01802022010087967
18920,1886,0.07737181335687637
18930,1887,0.06925038993358612
18940,1888,0.0691453367471695
18950,1889,0.011360783129930496
18960,1890,0.0150066539645195
18970,1891,0.022151634097099304
18980,1892,0.0017240418819710612
18990,1893,0.00399902043864131
19000,1894,0.03050190769135952
19010,1895,0.07152058184146881
19020,1896,0.03480300307273865
19030,1897,0.014060454443097115
19040,1898,0.09751434624195099
19050,1899,0.06604808568954468
19060,1900,0.036917079240083694
19070,1901,0.0044333916157484055
19080,1902,0.053831011056900024
19090,1903,0.008837098255753517
19100,1904,0.03240525722503662
19110,1905,0.009316484443843365
19120,1906,0.01592572219669819
19130,1907,0.0412624254822731
19140,1908,0.03255050629377365
19150,1909,0.06053357571363449
19160,1910,0.06956207007169724
19170,1911,0.04956239461898804
19180,1912,0.023326942697167397
19190,1913,0.053356967866420746
19200,1914,0.03542015701532364
19210,1915,0.008782514370977879
19220,1916,0.07489006221294403
19230,1917,0.0681711807847023
19240,1918,0.16389931738376617
19250,1919,0.06961201876401901
19260,1920,0.017855534330010414
19270,1921,0.018135160207748413
19280,1922,0.0012483801692724228
19290,1923,0.0008250031969510019
19300,1924,0.02302015945315361
19310,1925,0.0634155422449112
19320,1926,0.009651699103415012
19330,1927,0.05872783437371254
19340,1928,0.017781425267457962
19350,1929,0.03570038452744484
19360,1930,0.05952158570289612
19370,1931,0.018670085817575455
19380,1932,0.06601780652999878
19390,1933,0.0001728994830045849
19400,1934,0.0764424204826355
19410,1935,0.005833817180246115
19420,1936,0.035593338310718536
19430,1937,0.11544601619243622
19440,1938,0.10557246208190918
19450,1939,0.014753110706806183
19460,1940,0.012191228568553925
19470,1941,0.014468789100646973
19480,1942,0.02762001007795334
19490,1943,0.015978921204805374
19500,1944,0.020799271762371063
19510,1945,0.04055894911289215
19520,1946,0.014982247725129128
19530,1947,0.056764114648103714
19540,1948,0.013229165226221085
19550,1949,0.11491310596466064
19560,1950,0.010376542806625366
19570,1951,0.008401596918702126
19580,1952,0.06124942749738693
19590,1953,0.007694985717535019
19600,1954,0.05347887799143791
19610,1955,0.09165363758802414
19620,1956,0.036703869700431824
19630,1957,0.0004854357976000756
19640,1958,0.05957424268126488
19650,1959,0.043523192405700684
19660,1960,0.09721867740154266
19670,1961,0.1790488362312317
19680,1962,0.0038357835728675127
19690,1963,0.05656320974230766
19700,1964,0.10429266840219498
19710,1965,0.021209530532360077
19720,1966,0.09667464345693588
19730,1967,0.002824383554980159
19740,1968,0.06813019514083862
19750,1969,0.05451064929366112
19760,1970,0.04517541825771332
19770,1971,0.13053537905216217
19780,1972,0.016207192093133926
19790,1973,0.003797508543357253
19800,1974,0.13304443657398224
19810,1975,0.06536521017551422
19820,1976,0.0388457253575325
19830,1977,0.04073780030012131
19840,1978,0.03810932859778404
19850,1979,0.015765393152832985
19860,1980,0.03322296589612961
19870,1981,0.06695333868265152
19880,1982,0.05526142939925194
19890,1983,0.0602259635925293
19900,1984,0.10211285203695297
19910,1985,0.0014410963049158454
19920,1986,0.057491496205329895
19930,1987,0.22210639715194702
19940,1988,0.04329506680369377
19950,1989,0.014708120375871658
19960,1990,0.09350194036960602
19970,1991,0.07850657403469086
19980,1992,0.017275625839829445
19990,1993,0.052942246198654175
20000,1994,0.03494664654135704
20010,1995,0.09082940220832825
20020,1996,0.09753912687301636
20030,1997,0.002139860764145851
20040,1998,0.0005665384232997894
20050,1999,0.015002835541963577
20060,2000,0.05395346134901047
20070,2001,0.007361336145550013
20080,2002,0.016393054276704788
20090,2003,0.18223388493061066
20100,2004,0.020784342661499977
20110,2005,0.16119641065597534
20120,2006,0.20694959163665771
20130,2007,0.017258333042263985
20140,2008,0.004040061961859465
20150,2009,0.07510744780302048
20160,2010,0.005038164556026459
20170,2011,0.022639920935034752
20180,2012,0.037053659558296204
20190,2013,0.05259168520569801
20200,2014,0.017768386751413345
20210,2015,0.04993225634098053
20220,2016,0.03548707440495491
20230,2017,0.050285905599594116
20240,2018,0.277853786945343
20250,2019,0.023526180535554886
20260,2020,0.021626722067594528
20270,2021,0.011373763903975487
20280,2022,0.0799955204129219
20290,2023,0.05882991850376129
20300,2024,0.009878133423626423
20310,2025,0.04344365745782852
20320,2026,0.2036176174879074
20330,2027,0.05124163255095482
20340,2028,0.08694720268249512
20350,2029,0.09561419486999512
20360,2030,0.05312781408429146
20370,2031,0.13259881734848022
20380,2032,0.07474429160356522
20390,2033,0.004797083325684071
20400,2034,0.02240380272269249
20410,2035,0.027368992567062378
20420,2036,0.2716495394706726
20430,2037,0.13028931617736816
20440,2038,0.040112704038619995
20450,2039,6.176860915729776e-05
20460,2040,0.033686865121126175
20470,2041,0.06656914949417114
20480,2042,0.029983967542648315
20490,2043,0.18411946296691895
20500,2044,0.0255807526409626
20510,2045,0.0331394262611866
20520,2046,0.030234644189476967
20530,2047,0.08235157281160355
20540,2048,0.09923727810382843
20550,2049,0.002838688902556896
20560,2050,0.05663220211863518
20570,2051,9.579502511769533e-05
20580,2052,0.06067656725645065
20590,2053,0.041478220373392105
20600,2054,0.00021840116824023426
20610,2055,0.02971586026251316
20620,2056,0.004949293099343777
20630,2057,0.06711402535438538
20640,2058,0.007468831725418568
20650,2059,0.09382525831460953
20660,2060,0.01480887457728386
20670,2061,0.0031002331525087357
20680,2062,0.16739791631698608
20690,2063,0.0328131802380085
20700,2064,0.07767976075410843
20710,2065,0.1102389246225357
20720,2066,0.01718398556113243
20730,2067,0.02112164907157421
20740,2068,0.011251942254602909
20750,2069,0.049937743693590164
20760,2070,0.014091242104768753
20770,2071,0.040222372859716415
20780,2072,0.040339309722185135
20790,2073,0.013056040741503239
20800,2074,0.10140936076641083
20810,2075,0.00364018976688385
20820,2076,0.007944397628307343
20830,2077,0.05112166330218315
20840,2078,0.00013856436999049038
20850,2079,0.028903665021061897
20860,2080,0.08090658485889435
20870,2081,0.0001619632530491799
20880,2082,0.005353606306016445
20890,2083,0.0802496150135994
20900,2084,0.014352362602949142
20910,2085,0.016310032457113266
20920,2086,0.038159310817718506
20930,2087,0.01620544120669365
20940,2088,0.07458993047475815
20950,2089,0.046980515122413635
20960,2090,0.07404554635286331
20970,2091,0.06519269198179245
20980,2092,0.006141762249171734
20990,2093,0.024913465604186058
21000,2094,0.02304893173277378
21010,2095,0.17467987537384033
21020,2096,0.0064009143970906734
21030,2097,0.03365533426403999
21040,2098,0.05862373858690262
21050,2099,0.2882233262062073
21060,2100,0.06344114243984222
21070,2101,0.09157435595989227
21080,2102,0.030941754579544067
21090,2103,0.025457417592406273
21100,2104,0.0023400913923978806
21110,2105,0.05234065651893616
21120,2106,0.13873927295207977
21130,2107,0.1341785490512848
21140,2108,0.03214988484978676
21150,2109,0.13856573402881622
21160,2110,0.17179076373577118
21170,2111,0.002281048335134983
21180,2112,0.07023324817419052
21190,2113,0.00492858188226819
21200,2114,0.0058744801208376884
21210,2115,0.010571463033556938
21220,2116,0.08182483166456223
21230,2117,0.0006308891461230814
21240,2118,0.08975078165531158
21250,2119,0.04956905171275139
21260,2120,0.0540233738720417
21270,2121,0.09724649786949158
21280,2122,0.0011426497949287295
21290,2123,0.02551746368408203
21300,2124,0.05200996249914169
21310,2125,0.18241560459136963
21320,2126,2.495729313523043e-05
21330,2127,0.01101530808955431
21340,2128,0.07893583178520203
21350,2129,0.01240262296050787
21360,2130,0.05355258658528328
21370,2131,0.033963002264499664
21380,2132,0.04957035183906555
21390,2133,0.11743041127920151
21400,2134,0.03249811381101608
21410,2135,0.0035106111317873
21420,2136,0.10125125199556351
21430,2137,0.16239210963249207
21440,2138,0.0702512264251709
21450,2139,0.007780883926898241
21460,2140,0.016709832474589348
21470,2141,0.07458128035068512
21480,2142,0.001080053043551743
21490,2143,0.06613102555274963
21500,2144,0.1372811645269394
21510,2145,3.537087104632519e-05
21520,2146,0.01736280508339405
21530,2147,0.00950177013874054
21540,2148,0.053181957453489304
21550,2149,0.0010619988897815347
21560,2150,0.00623276736587286
21570,2151,0.09610936790704727
21580,2152,0.02573251537978649
21590,2153,0.0005791641888208687
21600,2154,0.16736622154712677
21610,2155,0.04284420609474182
21620,2156,0.038735125213861465
21630,2157,0.058126188814640045
21640,2158,0.02883092500269413
21650,2159,0.08007495850324631
21660,2160,0.17372165620326996
21670,2161,0.09399852901697159
21680,2162,0.1698278784751892
21690,2163,0.11747465282678604
21700,2164,0.006560897454619408
21710,2165,0.04143865406513214
21720,2166,0.0447801910340786
21730,2167,0.08663732558488846
21740,2168,0.02732221782207489
21750,2169,0.15898512303829193
21760,2170,0.07629651576280594
21770,2171,0.006710859946906567
21780,2172,4.1430019336985424e-05
21790,2173,0.000535906117875129
21800,2174,0.05342695116996765
21810,2175,0.09036509692668915
21820,2176,0.0617363303899765
21830,2177,0.04014699161052704
21840,2178,0.06191316246986389
21850,2179,0.01592724397778511
21860,2180,0.09834922850131989
21870,2181,0.12364842742681503
21880,2182,0.06052325665950775
21890,2183,0.05835982784628868
21900,2184,0.1020287349820137
21910,2185,0.0677444189786911
21920,2186,0.0798993781208992
21930,2187,0.01623130962252617
21940,2188,0.013458852656185627
21950,2189,0.00918364804238081
21960,2190,0.04375095292925835
21970,2191,0.04480016231536865
21980,2192,3.818915138253942e-05
21990,2193,0.10496185719966888
22000,2194,0.019886458292603493
22010,2195,0.038462888449430466
22020,2196,0.009669692255556583
22030,2197,0.08193358033895493
22040,2198,0.02417285181581974
22050,2199,0.014487071894109249
22060,2200,0.02877085469663143
22070,2201,0.03217986598610878
22080,2202,0.012225241400301456
22090,2203,0.005189588293433189
22100,2204,0.09006566554307938
22110,2205,0.05937083438038826
22120,2206,0.033386994153261185
22130,2207,0.04863996431231499
22140,2208,0.039794664829969406
22150,2209,0.02059975080192089
22160,2210,0.06372471898794174
22170,2211,0.07429088652133942
22180,2212,0.1265994906425476
22190,2213,0.027588656172156334
22200,2214,0.01929544284939766
22210,2215,0.011041783727705479
22220,2216,0.04306327924132347
22230,2217,0.02168279141187668
22240,2218,0.03089272230863571
22250,2219,0.03787386417388916
22260,2220,0.06554818898439407
22270,2221,0.008996301330626011
22280,2222,0.00035804661456495523
22290,2223,0.008707074448466301
22300,2224,0.05317874997854233
22310,2225,0.0043489220552146435
22320,2226,0.049264222383499146
22330,2227,0.061242666095495224
22340,2228,0.09754499793052673
22350,2229,2.4165763534256257e-05
22360,2230,0.009147305972874165
22370,2231,0.0066612702794373035
22380,2232,0.022305259481072426
22390,2233,0.05371445417404175
22400,2234,0.022463606670498848
22410,2235,0.1613607555627823
22420,2236,0.08901164680719376
22430,2237,0.0834314376115799
22440,2238,0.008383150212466717
22450,2239,0.01863551326096058
22460,2240,0.005289557855576277
22470,2241,0.06100596487522125
22480,2242,0.00020220140868332237
22490,2243,0.1629379838705063
22500,2244,0.34239500761032104
22510,2245,0.03135554865002632
22520,2246,0.06702632457017899
22530,2247,0.08266441524028778
22540,2248,0.037279970943927765
22550,2249,0.027858523651957512
22560,2250,0.026043811812996864
22570,2251,0.03829192370176315
22580,2252,0.04618997871875763
22590,2253,0.11671076714992523
22600,2254,0.09948477149009705
22610,2255,0.00048717070603743196
22620,2256,0.01824754662811756
22630,2257,0.10849367082118988
22640,2258,0.11069593578577042
22650,2259,0.020395373925566673
22660,2260,0.01855836622416973
22670,2261,0.02226686105132103
22680,2262,0.013276639394462109
22690,2263,0.03824026510119438
22700,2264,0.06723063439130783
22710,2265,0.0937710702419281
22720,2266,0.054870009422302246
22730,2267,0.04637712612748146
22740,2268,0.040351752191782
22750,2269,0.13943202793598175
22760,2270,0.04762669652700424
22770,2271,0.09847310185432434
22780,2272,0.04603924974799156
22790,2273,0.0007553299656137824
22800,2274,0.06547410786151886
22810,2275,0.0659007653594017
22820,2276,0.0007391858380287886
22830,2277,0.011866430751979351
22840,2278,0.07534204423427582
22850,2279,0.05605308338999748
22860,2280,0.03811817616224289
22870,2281,0.027587857097387314
22880,2282,0.01791629195213318
22890,2283,0.09876514971256256
22900,2284,0.13830888271331787
22910,2285,0.11336230486631393
22920,2286,0.021118730306625366
22930,2287,0.2864743769168854
22940,2288,0.06070854142308235
22950,2289,0.01387815922498703
22960,2290,0.002879106905311346
22970,2291,0.03537667170166969
22980,2292,0.027574820443987846
22990,2293,0.02199793979525566
23000,2294,0.04536794126033783
23010,2295,0.013378357514739037
23020,2296,0.08727079629898071
23030,2297,0.01693854108452797
23040,2298,0.08845282346010208
23050,2299,0.016309386119246483
23060,2300,0.014000031165778637
23070,2301,0.05835631862282753
23080,2302,0.13838544487953186
23090,2303,0.02403186447918415
23100,2304,0.12263654917478561
23110,2305,0.000808954588137567
23120,2306,0.17929811775684357
23130,2307,0.004226746503263712
23140,2308,0.02718193270266056
23150,2309,0.08498126268386841
23160,2310,0.05449340492486954
23170,2311,0.08347777277231216
23180,2312,0.0002206609060522169
23190,2313,0.03907563164830208
23200,2314,0.0013823204208165407
23210,2315,0.01688997820019722
23220,2316,0.024092061445116997
23230,2317,0.01918480359017849
23240,2318,0.0801897794008255
23250,2319,0.07274316251277924
23260,2320,0.00529789412394166
23270,2321,0.01321775559335947
23280,2322,0.007227099966257811
23290,2323,0.10949763655662537
23300,2324,0.023439425975084305
23310,2325,0.05728185176849365
23320,2326,0.09449349343776703
23330,2327,0.04343581199645996
23340,2328,0.0008757705218158662
23350,2329,0.034157030284404755
23360,2330,0.0005685695796273649
23370,2331,0.019034864380955696
23380,2332,0.01991797611117363
23390,2333,0.06866014748811722
23400,2334,0.014614611864089966
23410,2335,0.03396504372358322
23420,2336,0.08259481191635132
23430,2337,0.2197677493095398
23440,2338,0.022835595533251762
23450,2339,0.01787738874554634
23460,2340,0.040116190910339355
23470,2341,0.16863800585269928
23480,2342,0.010141857899725437
23490,2343,0.05481396242976189
23500,2344,0.0018021204741671681
23510,2345,0.03061605989933014
23520,2346,0.08249983936548233
23530,2347,0.08623314648866653
23540,2348,0.0024303197860717773
23550,2349,0.21967074275016785
23560,2350,0.08023813366889954
23570,2351,0.035567812621593475
23580,2352,0.013254927471280098
23590,2353,0.13337886333465576
23600,2354,0.09327293932437897
23610,2355,0.08636016398668289
23620,2356,0.06586312502622604
23630,2357,0.20247504115104675
23640,2358,0.015688735991716385
23650,2359,0.02425066940486431
23660,2360,0.10731783509254456
23670,2361,0.04922083020210266
23680,2362,0.029494676738977432
23690,2363,0.035309527069330215
23700,2364,0.053807538002729416
23710,2365,0.02470974810421467
23720,2366,0.06073613837361336
23730,2367,0.013705192133784294
23740,2368,0.03456301987171173
23750,2369,0.006180945783853531
23760,2370,0.05250236392021179
23770,2371,0.10537705570459366
23780,2372,0.058138396590948105
23790,2373,0.014636978507041931
23800,2374,0.004104300867766142
23810,2375,0.04838427156209946
23820,2376,0.010310844518244267
23830,2377,0.12355051189661026
23840,2378,0.028871702030301094
23850,2379,0.018698399886488914
23860,2380,0.13930897414684296
23870,2381,0.06182560324668884
23880,2382,0.1932559311389923
23890,2383,0.009476936422288418
23900,2384,0.07165584713220596
23910,2385,0.09382804483175278
23920,2386,0.027107374742627144
23930,2387,0.0023364098742604256
23940,2388,0.00048393511679023504
23950,2389,0.029280822724103928
23960,2390,0.05547529086470604
23970,2391,0.06752655655145645
23980,2392,0.016862399876117706
23990,2393,0.0574171356856823
24000,2394,0.046593859791755676
24010,2395,0.03462059795856476
24020,2396,0.020873848348855972
24030,2397,0.14824214577674866
24040,2398,3.759920582524501e-05
24050,2399,0.013573329895734787
24060,2400,0.039639268070459366
24070,2401,0.04523364081978798
24080,2402,0.011075058951973915
24090,2403,0.013846158981323242
24100,2404,0.023246195167303085
24110,2405,0.05524123087525368
24120,2406,0.02631441503763199
24130,2407,0.025287726894021034
24140,2408,0.06597551703453064
24150,2409,0.007842113263905048
24160,2410,0.038391903042793274
24170,2411,0.10796809941530228
24180,2412,0.020141934975981712
24190,2413,0.021252945065498352
24200,2414,0.00822360534220934
24210,2415,0.03897613659501076
24220,2416,0.014636759646236897
24230,2417,0.026213089004158974
24240,2418,0.0027599914465099573
24250,2419,0.12778876721858978
24260,2420,0.031842462718486786
24270,2421,0.0802052840590477
24280,2422,0.1874130368232727
24290,2423,0.09764067828655243
24300,2424,0.06120302155613899
24310,2425,0.0451551154255867
24320,2426,0.043786145746707916
24330,2427,0.03473871573805809
24340,2428,0.07005150616168976
24350,2429,1.4561132047674619e-05
24360,2430,0.14044861495494843
24370,2431,0.08450101315975189
24380,2432,0.00840364396572113
24390,2433,0.07960306107997894
24400,2434,0.06182427704334259
24410,2435,7.639190880581737e-05
24420,2436,0.017005182802677155
24430,2437,0.02539100870490074
24440,2438,0.10676656663417816
24450,2439,0.02955952286720276
24460,2440,0.05322202667593956
24470,2441,0.050600212067365646
24480,2442,0.010499992407858372
24490,2443,0.38037118315696716
24500,2444,0.06852775812149048
24510,2445,0.015783991664648056
24520,2446,0.06959815323352814
24530,2447,0.025332873687148094
24540,2448,0.01507628709077835
24550,2449,3.0404839890252333e-06
24560,2450,0.034927383065223694
24570,2451,0.03183557838201523
24580,2452,0.12902499735355377
24590,2453,0.028651846572756767
24600,2454,0.02664855308830738
24610,2455,0.07925872504711151
24620,2456,0.007668491452932358
24630,2457,0.0018597441958263516
24640,2458,0.07660641521215439
24650,2459,0.035532400012016296
24660,2460,0.017930859699845314
24670,2461,0.0030225689988583326
24680,2462,0.0641067698597908
24690,2463,0.018020058050751686
24700,2464,0.05388743430376053
24710,2465,0.23918595910072327
24720,2466,0.010249879211187363
24730,2467,0.07275498658418655
24740,2468,0.05622944235801697
24750,2469,0.00308717112056911
24760,2470,0.2760556936264038
24770,2471,0.027916785329580307
24780,2472,0.0007659710245206952
24790,2473,0.06599023938179016
24800,2474,0.006689701694995165
24810,2475,0.03344934433698654
24820,2476,0.012395160272717476
24830,2477,0.0529036708176136
24840,2478,0.03822241351008415
24850,2479,0.08265765011310577
24860,2480,0.1373310685157776
24870,2481,0.005600472446531057
24880,2482,0.02744312211871147
24890,2483,0.010989418253302574
24900,2484,0.09664293378591537
24910,2485,0.05759262293577194
24920,2486,0.17733930051326752
24930,2487,0.035110753029584885
24940,2488,0.032522186636924744
24950,2489,1.7519914763397537e-05
24960,2490,0.04052342474460602
24970,2491,0.072189562022686
24980,2492,0.03277988359332085
24990,2493,0.09502320736646652
25000,2494,0.14294689893722534
25010,2495,0.06183061748743057
25020,2496,0.027836790308356285
25030,2497,0.003913188353180885
25040,2498,0.005611151456832886
25050,2499,0.1452372819185257
25060,2500,0.05749884992837906
25070,2501,0.14188548922538757
25080,2502,0.19043658673763275
25090,2503,0.00014323119830805808
25100,2504,0.04322182387113571
25110,2505,3.7984460504958406e-05
25120,2506,0.074372299015522
25130,2507,0.09510926902294159
25140,2508,0.0009867586195468903
25150,2509,0.031432583928108215
25160,2510,0.014546203427016735
25170,2511,0.04099151864647865
25180,2512,0.00023012910969555378
25190,2513,0.0015043176244944334
25200,2514,0.010937979444861412
25210,2515,0.08589448034763336
25220,2516,0.03294963389635086
25230,2517,0.13715186715126038
25240,2518,0.00019715876260306686
25250,2519,0.0033275638706982136
25260,2520,0.05697288736701012
25270,2521,0.12721525132656097
25280,2522,0.015535538084805012
25290,2523,0.0012009615311399102
25300,2524,0.04972883313894272
25310,2525,0.018178056925535202
25320,2526,0.00446721725165844
25330,2527,0.057467471808195114
25340,2528,0.07628371566534042
25350,2529,0.000335657357936725
25360,2530,0.04871494695544243
25370,2531,0.0919216051697731
25380,2532,0.041251178830862045
25390,2533,0.01346269529312849
25400,2534,0.03384827449917793
25410,2535,0.01160266064107418
25420,2536,0.008686307817697525
25430,2537,0.003460434265434742
25440,2538,0.11725405603647232
25450,2539,0.0202613677829504
25460,2540,0.01640864834189415
25470,2541,0.061980027705430984
25480,2542,0.05648070201277733
25490,2543,0.05363726615905762
25500,2544,0.016535375267267227
25510,2545,0.11861636489629745
25520,2546,0.0029918490909039974
25530,2547,0.08516844362020493
25540,2548,1.4089247088122647e-05
25550,2549,0.03548688068985939
25560,2550,0.021921250969171524
25570,2551,0.0019200542010366917
25580,2552,0.06812387704849243
25590,2553,0.01419561356306076
25600,2554,0.03959484025835991
25610,2555,0.04427739977836609
25620,2556,0.07062827795743942
25630,2557,0.01065964624285698
25640,2558,0.11650027334690094
25650,2559,0.02196897752583027
25660,2560,0.006968148984014988
25670,2561,0.033297836780548096
25680,2562,0.09645543247461319
25690,2563,0.00012838083785027266
25700,2564,0.11111365258693695
25710,2565,0.03031088225543499
25720,2566,0.03710837662220001
25730,2567,0.0023304687347263098
25740,2568,0.1253535896539688
25750,2569,0.0124271921813488
25760,2570,0.0343092679977417
25770,2571,0.021244902163743973
25780,2572,0.11221235245466232
25790,2573,0.022193128243088722
25800,2574,0.07567199319601059
25810,2575,0.19028213620185852
25820,2576,0.036797747015953064
25830,2577,0.08183477818965912
25840,2578,0.016702938824892044
25850,2579,0.040626246482133865
25860,2580,0.07450427114963531
25870,2581,0.01640830934047699
25880,2582,0.022402925416827202
25890,2583,0.00462791882455349
25900,2584,0.048240549862384796
25910,2585,0.024005364626646042
25920,2586,0.08604314923286438
25930,2587,0.06656379997730255
25940,2588,0.0552709735929966
25950,2589,0.003390396246686578
25960,2590,0.004455216228961945
25970,2591,0.02070695161819458
25980,2592,0.0035180614795535803
25990,2593,0.0027284468524158
26000,2594,4.860219996771775e-05
26010,2595,0.0022973776794970036
26020,2596,6.586170638911426e-05
26030,2597,0.032830383628606796
26040,2598,0.022452672943472862
26050,2599,0.051075197756290436
26060,2600,0.03792698681354523
26070,2601,0.0442306213080883
26080,2602,0.04608996585011482
26090,2603,0.013507909141480923
26100,2604,0.016314933076500893
26110,2605,0.04532907158136368
26120,2606,0.01954733580350876
26130,2607,0.21503761410713196
26140,2608,0.03628725931048393
26150,2609,0.06466527283191681
26160,2610,0.1638229638338089
26170,2611,0.006341868080198765
26180,2612,2.226886681455653e-05
26190,2613,0.041930582374334335
26200,2614,0.10266262292861938
26210,2615,0.030767707154154778
26220,2616,0.04138803482055664
26230,2617,0.024729926139116287
26240,2618,0.06716853380203247
26250,2619,0.011582408100366592
26260,2620,0.03751372918486595
26270,2621,0.02486347034573555
26280,2622,0.023503022268414497
26290,2623,0.0371914803981781
26300,2624,0.010203300043940544
26310,2625,0.07647599279880524
26320,2626,3.481427484075539e-06
26330,2627,0.40577879548072815
26340,2628,0.01397849339991808
26350,2629,0.049909383058547974
26360,2630,0.17329563200473785
26370,2631,0.0394088439643383
26380,2632,0.07479552179574966
26390,2633,0.04380708932876587
26400,2634,0.15870735049247742
26410,2635,0.24432429671287537
26420,2636,0.15262524783611298
26430,2637,0.036774374544620514
26440,2638,0.010078083723783493
26450,2639,0.05055268853902817
26460,2640,0.004225100390613079
26470,2641,0.011768484488129616
26480,2642,0.0034324009902775288
26490,2643,0.0330914668738842
26500,2644,0.002228638157248497
26510,2645,0.05129177123308182
26520,2646,0.044375233352184296
26530,2647,0.024556465446949005
26540,2648,0.009450942277908325
26550,2649,0.041961636394262314
26560,2650,0.012901760637760162
26570,2651,0.00035145028959959745
26580,2652,0.012425617314875126
26590,2653,0.0004477353941183537
26600,2654,0.003986659459769726
26610,2655,0.01722232811152935
26620,2656,0.004521616268903017
26630,2657,0.03330163285136223
26640,2658,0.05153846740722656
26650,2659,0.047982215881347656
26660,2660,0.032996661961078644
26670,2661,0.01074893120676279
26680,2662,0.0962313637137413
26690,2663,0.03176045045256615
26700,2664,0.019448209553956985
26710,2665,0.022229880094528198
26720,2666,0.00014285967336036265
26730,2667,0.15138109028339386
26740,2668,0.0001749972434481606
26750,2669,0.042268212884664536
26760,2670,0.1700286567211151
26770,2671,0.11004000902175903
26780,2672,0.0003987386589869857
26790,2673,0.043825842440128326
26800,2674,0.12697473168373108
26810,2675,0.21783189475536346
26820,2676,0.09083502739667892
26830,2677,0.001038640271872282
26840,2678,0.03269702568650246
26850,2679,0.04239954426884651
26860,2680,0.007989033125340939
26870,2681,0.0328730046749115
26880,2682,0.045041050761938095
26890,2683,0.06706685572862625
26900,2684,0.059591036289930344
26910,2685,0.01707388646900654
26920,2686,0.06820434331893921
26930,2687,0.0703083798289299
26940,2688,0.044117268174886703
26950,2689,0.06967496126890182
26960,2690,0.061474207788705826
26970,2691,0.04110775142908096
26980,2692,0.00013387133367359638
26990,2693,0.0065025631338357925
27000,2694,0.05079980567097664
27010,2695,0.035627581179142
27020,2696,0.0033885552547872066
27030,2697,0.0003039409639313817
27040,2698,0.010889815166592598
27050,2699,0.0049336436204612255
27060,2700,0.04036959633231163
27070,2701,3.673624087241478e-05
27080,2702,0.058439984917640686
27090,2703,0.01805899851024151
27100,2704,0.02075405977666378
27110,2705,0.026128148660063744
27120,2706,0.11456184834241867
27130,2707,0.04598408564925194
27140,2708,0.09377431124448776
27150,2709,2.2389658624888398e-05
27160,2710,0.019171182066202164
27170,2711,0.02183142676949501
27180,2712,0.061053574085235596
27190,2713,0.14332255721092224
27200,2714,0.07706746459007263
27210,2715,0.010883272625505924
27220,2716,0.022044584155082703
27230,2717,0.15679079294204712
27240,2718,0.017093341797590256
27250,2719,0.1357148438692093
27260,2720,0.028179720044136047
27270,2721,0.0010408845264464617
27280,2722,0.041933488100767136
27290,2723,0.00011985195305896923
27300,2724,0.011906178668141365
27310,2725,0.05323750898241997
27320,2726,7.154773629736155e-05
27330,2727,0.027899211272597313
27340,2728,0.10061433911323547
27350,2729,0.028570223599672318
27360,2730,0.03657495975494385
27370,2731,0.23337848484516144
27380,2732,0.035976678133010864
27390,2733,0.037941887974739075
27400,2734,0.0026922584511339664
27410,2735,0.040912192314863205
27420,2736,0.016182588413357735
27430,2737,0.13116240501403809
27440,2738,0.0014107156312093139
27450,2739,0.015265021473169327
27460,2740,0.022635238245129585
27470,2741,0.10295163840055466
27480,2742,0.12978529930114746
27490,2743,0.0020463636610656977
27500,2744,0.009032395668327808
27510,2745,0.40260469913482666
27520,2746,0.006870029494166374
27530,2747,0.12074222415685654
27540,2748,0.011672785505652428
27550,2749,0.024932067841291428
27560,2750,0.05758293718099594
27570,2751,0.12119127064943314
27580,2752,0.009496767073869705
27590,2753,0.00012202658399473876
27600,2754,0.056884925812482834
27610,2755,0.00029107576119713485
27620,2756,0.022302918136119843
27630,2757,0.07152045518159866
27640,2758,0.11807332932949066
27650,2759,0.08909409493207932
27660,2760,0.16377976536750793
27670,2761,0.21321985125541687
27680,2762,0.031618207693099976
27690,2763,0.1395082175731659
27700,2764,0.006653903052210808
27710,2765,0.00817040167748928
27720,2766,0.049530092626810074
27730,2767,0.038641560822725296
27740,2768,0.009854166768491268
27750,2769,0.01639830507338047
27760,2770,0.037504300475120544
27770,2771,0.24050533771514893
27780,2772,0.006375548429787159
27790,2773,0.01082241628319025
27800,2774,0.059758104383945465
27810,2775,0.022492000833153725
27820,2776,0.04207881912589073
27830,2777,0.021002091467380524
27840,2778,0.03136415779590607
27850,2779,0.009677723981440067
27860,2780,0.024107763543725014
27870,2781,0.0009516605059616268
27880,2782,0.01401804480701685
27890,2783,0.02381545677781105
27900,2784,0.04016667604446411
27910,2785,0.0026031797751784325
27920,2786,0.027514560148119926
27930,2787,0.034158606082201004
27940,2788,0.03531579673290253
27950,2789,0.043919626623392105
27960,2790,0.04219059646129608
27970,2791,0.0013966889819130301
27980,2792,0.013872476294636726
27990,2793,0.02969461865723133
28000,2794,0.11164611577987671
28010,2795,0.017812343314290047
28020,2796,0.005093760788440704
28030,2797,0.03009261190891266
28040,2798,0.086016446352005
28050,2799,0.0566878467798233
28060,2800,0.0009103238116949797
28070,2801,0.021361738443374634
28080,2802,0.04316680133342743
28090,2803,0.06289184093475342
28100,2804,0.11391150951385498
28110,2805,0.12837213277816772
28120,2806,0.06008993461728096
28130,2807,0.12046660482883453
28140,2808,0.10446540266275406
28150,2809,0.0024255956523120403
28160,2810,0.09985800832509995
28170,2811,0.17335087060928345
28180,2812,0.1676882654428482
28190,2813,0.0043116225861012936
28200,2814,0.0031704932916909456
28210,2815,0.026642562821507454
28220,2816,0.01830296404659748
28230,2817,0.05346868932247162
28240,2818,0.0019061386119574308
28250,2819,0.13589836657047272
28260,2820,0.06453143805265427
28270,2821,0.03253813087940216
28280,2822,0.033734261989593506
28290,2823,0.05852346122264862
28300,2824,0.015402298420667648
28310,2825,0.005216613411903381
28320,2826,0.04968878626823425
28330,2827,0.01320151798427105
28340,2828,0.11964520812034607
28350,2829,0.04206298664212227
28360,2830,0.03703342005610466
28370,2831,0.00013686779129784554
28380,2832,0.024298129603266716
28390,2833,0.024735841900110245
28400,2834,0.0846167802810669
28410,2835,0.00835465732961893
28420,2836,0.04501352086663246
28430,2837,0.027766453102231026
28440,2838,0.00482835341244936
28450,2839,0.03823206201195717
28460,2840,0.10572153329849243
28470,2841,0.14058917760849
28480,2842,2.1044434106443077e-05
28490,2843,0.00263467850163579
28500,2844,0.05756090581417084
28510,2845,0.05048123374581337
28520,2846,0.05225908383727074
28530,2847,0.07493946701288223
28540,2848,0.001365083851851523
28550,2849,0.012516139075160027
28560,2850,0.005828441586345434
28570,2851,0.06604903191328049
28580,2852,0.0776081308722496
28590,2853,0.007192196324467659
28600,2854,0.010178754106163979
28610,2855,0.02539370208978653
28620,2856,0.14412274956703186
28630,2857,0.00017306959489360452
28640,2858,0.010565740056335926
28650,2859,0.032857999205589294
28660,2860,0.12157188355922699
28670,2861,0.01274234801530838
28680,2862,0.06234205886721611
28690,2863,0.03818375989794731
28700,2864,0.05603728070855141
28710,2865,0.03151421621441841
28720,2866,0.01903548091650009
28730,2867,0.012683105655014515
28740,2868,0.05287356302142143
28750,2869,0.08773282170295715
28760,2870,0.06509371846914291
28770,2871,0.03163517266511917
28780,2872,0.01878364384174347
28790,2873,0.05654163286089897
28800,2874,0.07567495852708817
28810,2875,0.0656309500336647
28820,2876,0.05387591943144798
28830,2877,0.12673909962177277
28840,2878,0.02741607464849949
28850,2879,0.030969176441431046
28860,2880,0.0001635490043554455
28870,2881,0.009585114195942879
28880,2882,0.11770270019769669
28890,2883,0.0018188393441960216
28900,2884,0.03405996412038803
28910,2885,0.004836966283619404
28920,2886,0.02443646639585495
28930,2887,0.028750337660312653
28940,2888,0.05190267041325569
28950,2889,0.039425984025001526
28960,2890,0.08472937345504761
28970,2891,0.14064273238182068
28980,2892,0.051493916660547256
28990,2893,0.0027640671469271183
29000,2894,0.005295137409120798
29010,2895,0.003931744489818811
29020,2896,0.1383873075246811
29030,2897,0.020283622667193413
29040,2898,0.007852306589484215
29050,2899,0.0022957792971283197
29060,2900,0.07445092499256134
29070,2901,0.035735003650188446
29080,2902,0.11158862709999084
29090,2903,0.008411047980189323
29100,2904,0.01599537394940853
29110,2905,0.01038091816008091
29120,2906,0.0005502625717781484
29130,2907,0.03193604573607445
29140,2908,0.010417541489005089
29150,2909,0.015830671414732933
29160,2910,0.009993808344006538
29170,2911,0.002661970444023609
29180,2912,0.1419912725687027
29190,2913,2.427389881631825e-05
29200,2914,0.0851055234670639
29210,2915,0.013238796964287758
29220,2916,0.2403484433889389
29230,2917,0.03174690529704094
29240,2918,0.05414757505059242
29250,2919,0.0125373974442482
29260,2920,0.0035435091704130173
29270,2921,0.13334015011787415
29280,2922,0.02909749560058117
29290,2923,0.009010221809148788
29300,2924,0.032472994178533554
29310,2925,2.8094964363845065e-05
29320,2926,0.051927078515291214
29330,2927,0.034999921917915344
29340,2928,0.07671567797660828
29350,2929,0.043415263295173645
29360,2930,0.04736422747373581
29370,2931,0.02116597630083561
29380,2932,0.08452242612838745
29390,2933,0.0015576186124235392
29400,2934,0.11585623025894165
29410,2935,0.0163774061948061
29420,2936,0.0955582708120346
29430,2937,0.04095683619379997
29440,2938,0.1818445771932602
29450,2939,6.570381174242357e-06
29460,2940,0.057222045958042145
29470,2941,0.13663145899772644
29480,2942,0.09549492597579956
29490,2943,0.012901945039629936
29500,2944,0.013300829567015171
29510,2945,0.046324100345373154
29520,2946,0.03357870131731033
29530,2947,0.07670481503009796
29540,2948,0.07030733674764633
29550,2949,0.019176684319972992
29560,2950,0.05128679797053337
29570,2951,0.08759261667728424
29580,2952,0.05606573075056076
29590,2953,0.027068007737398148
29600,2954,0.03757389262318611
29610,2955,0.05112415924668312
29620,2956,0.024546736851334572
29630,2957,0.106719009578228
29640,2958,0.03087349608540535
29650,2959,0.07836973667144775
29660,2960,0.04133801534771919
29670,2961,0.00910606887191534
29680,2962,0.0018104837508872151
29690,2963,0.060600172728300095
29700,2964,0.024462709203362465
29710,2965,0.05522584542632103
29720,2966,0.02211308479309082
29730,2967,0.10051039606332779
29740,2968,0.017005806788802147
29750,2969,0.028491705656051636
29760,2970,0.01615062728524208
29770,2971,0.026548895984888077
29780,2972,0.00013832478725817055
29790,2973,0.12428797036409378
29800,2974,0.004925014451146126
29810,2975,1.5262060060194926e-06
29820,2976,0.02270309068262577
29830,2977,0.048682801425457
29840,2978,0.00902960542589426
29850,2979,0.07616302371025085
29860,2980,0.018731728196144104
29870,2981,0.016876913607120514
29880,2982,1.1181375157320872e-05
29890,2983,0.00548072624951601
29900,2984,0.07890621572732925
29910,2985,2.3158794647315517e-05
29920,2986,1.719079227768816e-05
29930,2987,0.07715114206075668
29940,2988,0.00028272360214032233
29950,2989,0.048882316797971725
29960,2990,0.01872829720377922
29970,2991,0.060481976717710495
29980,2992,0.011043923906981945
29990,2993,0.0556739866733551
30000,2994,0.01853463053703308
30010,2995,0.0010084855603054166
30020,2996,0.08411199599504471
30030,2997,0.03833600878715515
30040,2998,0.15375518798828125
30050,2999,1.1262683983659372e-05
30060,3000,0.004950611852109432
30070,3001,0.012913133949041367
30080,3002,8.31288198241964e-05
30090,3003,0.006898442283272743
30100,3004,0.007254448253661394
30110,3005,0.0633561834692955
30120,3006,0.02184540219604969
30130,3007,0.0005531738279387355
30140,3008,0.015872810035943985
30150,3009,5.111364953336306e-05
30160,3010,5.135563696967438e-05
30170,3011,4.6483834012178704e-05
30180,3012,0.0009079325827769935
30190,3013,0.01281435415148735
30200,3014,0.025482473894953728
30210,3015,0.03752606734633446
30220,3016,0.017207078635692596
30230,3017,0.03884417563676834
30240,3018,0.014303372241556644
30250,3019,0.0010179836535826325
30260,3020,0.036660272628068924
30270,3021,0.03389507159590721
30280,3022,0.06790988892316818
30290,3023,0.024093054234981537
30300,3024,0.027682606130838394
30310,3025,0.010709349066019058
30320,3026,0.08001554757356644
30330,3027,0.020724602043628693
30340,3028,0.003145871451124549
30350,3029,0.05186721310019493
30360,3030,0.18031951785087585
30370,3031,0.13933303952217102
30380,3032,0.05568420886993408
30390,3033,0.009856757707893848
30400,3034,0.10129191726446152
30410,3035,0.04738016054034233
30420,3036,0.014936050400137901
30430,3037,0.10660937428474426
30440,3038,0.032427120953798294
30450,3039,0.025018244981765747
30460,3040,0.006178799085319042
30470,3041,0.0493159256875515
30480,3042,0.07490621507167816
30490,3043,0.009585549123585224
30500,3044,0.018926888704299927
30510,3045,0.013069601729512215
30520,3046,0.07100321352481842
30530,3047,0.06472713500261307
30540,3048,0.07310124486684799
30550,3049,0.03464602306485176
30560,3050,0.023170584812760353
30570,3051,0.1771641969680786
30580,3052,0.06938614696264267
30590,3053,0.05340903624892235
30600,3054,0.0024244412779808044
30610,3055,0.03945475071668625
30620,3056,0.009333113208413124
30630,3057,0.060630593448877335
30640,3058,0.020002637058496475
30650,3059,0.049060821533203125
30660,3060,0.0034005872439593077
30670,3061,0.09178491681814194
30680,3062,0.0428401343524456
30690,3063,0.030167963355779648
30700,3064,0.018033601343631744
30710,3065,0.15225869417190552
30720,3066,0.03913184627890587
30730,3067,0.04993562400341034
30740,3068,0.033528950065374374
30750,3069,0.14442157745361328
30760,3070,2.886813035729574e-06
30770,3071,0.024865319952368736
30780,3072,0.10052508115768433
30790,3073,0.09868720173835754
30800,3074,0.011489047668874264
30810,3075,0.0639219731092453
30820,3076,0.013375909067690372
30830,3077,0.06476932764053345
30840,3078,0.013331873342394829
30850,3079,0.04764252156019211
30860,3080,0.03961080685257912
30870,3081,0.018885528668761253
30880,3082,0.012221034616231918
30890,3083,0.0024431997444480658
30900,3084,0.08294215798377991
30910,3085,0.07341895997524261
30920,3086,0.12802931666374207
30930,3087,0.03941512107849121
30940,3088,0.00015375234943348914
30950,3089,0.008979199454188347
30960,3090,0.1532265543937683
30970,3091,0.08362600207328796
30980,3092,0.06875799596309662
30990,3093,0.031009918078780174
31000,3094,0.02428339794278145
31010,3095,0.038029175251722336
31020,3096,0.015979619696736336
31030,3097,0.05470692738890648
31040,3098,0.038073278963565826
31050,3099,0.0032693599350750446
31060,3100,0.01230839267373085
31070,3101,0.0033010048791766167
31080,3102,0.0030222847126424313
31090,3103,0.00014375185128301382
31100,3104,0.00010815965652000159
31110,3105,0.06427080184221268
31120,3106,0.12279196828603745
31130,3107,0.04547381401062012
31140,3108,0.034661803394556046
31150,3109,0.07795123010873795
31160,3110,0.014543325640261173
31170,3111,0.10796770453453064
31180,3112,0.019498750567436218
31190,3113,0.08323058485984802
31200,3114,0.04453985393047333
31210,3115,0.08143455535173416
31220,3116,0.018468746915459633
31230,3117,0.011755735613405704
31240,3118,1.7559537809574977e-05
31250,3119,0.010933293029665947
31260,3120,0.05292389914393425
31270,3121,0.14254654943943024
31280,3122,0.03248961642384529
31290,3123,0.0022823247127234936
31300,3124,0.01835399866104126
31310,3125,0.04484865069389343
31320,3126,0.026297854259610176
31330,3127,0.16825437545776367
31340,3128,0.00311462115496397
31350,3129,0.07741106301546097
31360,3130,0.046336829662323
31370,3131,0.08582650870084763
31380,3132,0.0032566250301897526
31390,3133,0.05519821494817734
31400,3134,0.00047912891022861004
31410,3135,0.06910306215286255
31420,3136,2.853075238817837e-05
31430,3137,0.05481739714741707
31440,3138,0.14837129414081573
31450,3139,0.03349556773900986
31460,3140,0.043104030191898346
31470,3141,0.004585346672683954
31480,3142,0.07755294442176819
31490,3143,0.005830660928040743
31500,3144,0.08718237280845642
31510,3145,0.09997408837080002
31520,3146,5.458442319650203e-05
31530,3147,0.007803997956216335
31540,3148,0.08792177587747574
31550,3149,0.08775348961353302
31560,3150,6.074735210859217e-05
31570,3151,0.10723157227039337
31580,3152,0.037471503019332886
31590,3153,0.042849380522966385
31600,3154,0.24323105812072754
31610,3155,0.04303461313247681
31620,3156,0.1460089087486267
31630,3157,0.029660910367965698
31640,3158,0.129102423787117
31650,3159,0.00591641990467906
31660,3160,0.04617869108915329
31670,3161,0.06652404367923737
31680,3162,0.03287481889128685
31690,3163,0.031746093183755875
31700,3164,0.07807058840990067
31710,3165,0.019982904195785522
31720,3166,0.06706872582435608
31730,3167,0.05741725489497185
31740,3168,0.011803175322711468
31750,3169,0.09228063374757767
31760,3170,0.012637407518923283
31770,3171,0.08014940470457077
31780,3172,0.027057310566306114
31790,3173,0.007637163158506155
31800,3174,0.042943235486745834
31810,3175,0.0010465506929904222
31820,3176,0.03335639834403992
31830,3177,0.011789025738835335
31840,3178,0.009389113634824753
31850,3179,0.11987191438674927
31860,3180,0.05302222818136215
31870,3181,0.0030600465834140778
31880,3182,0.0030537310522049665
31890,3183,0.01682840660214424
31900,3184,0.026541724801063538
31910,3185,0.039075981825590134
31920,3186,0.032041117548942566
31930,3187,0.009738308377563953
31940,3188,0.0003101957554463297
31950,3189,0.009352613240480423
31960,3190,0.09225879609584808
31970,3191,0.028809204697608948
31980,3192,0.03651725873351097
31990,3193,0.011758585460484028
32000,3194,0.007939931936562061
32010,3195,0.08001669496297836
32020,3196,0.0036058383993804455
32030,3197,1.7408892745152116e-05
32040,3198,0.0041815973818302155
32050,3199,0.04079326614737511
32060,3200,0.004105085972696543
32070,3201,0.014289830811321735
32080,3202,0.015914196148514748
32090,3203,0.017710329964756966
32100,3204,0.05453311651945114
32110,3205,0.009893244132399559
32120,3206,0.049544185400009155
32130,3207,0.08779021352529526
32140,3208,0.05298589542508125
32150,3209,1.9704260921571404e-05
32160,3210,0.05020919069647789
32170,3211,0.012466363608837128
32180,3212,0.0030582717154175043
32190,3213,0.18600475788116455
32200,3214,0.050454799085855484
32210,3215,7.419870962621644e-05
32220,3216,0.0919286385178566
32230,3217,0.0022655155044049025
32240,3218,0.07924681901931763
32250,3219,0.01211120281368494
32260,3220,0.01601644605398178
32270,3221,0.06712714582681656
32280,3222,8.227256330428645e-06
32290,3223,0.04579661041498184
32300,3224,2.10643502214225e-05
32310,3225,0.029729709029197693
32320,3226,0.028480449691414833
32330,3227,0.11199047416448593
32340,3228,0.021165991201996803
32350,3229,0.03378886356949806
32360,3230,0.019733542576432228
32370,3231,0.06266801059246063
32380,3232,0.0002136789116775617
32390,3233,0.02066449634730816
32400,3234,0.14938302338123322
32410,3235,0.052641361951828
32420,3236,0.026456890627741814
32430,3237,0.05728168785572052
32440,3238,9.811118070501834e-05
32450,3239,0.03128916770219803
32460,3240,0.010211720131337643
32470,3241,0.24717356264591217
32480,3242,0.11895717680454254
32490,3243,0.04443980008363724
32500,3244,0.06009858846664429
32510,3245,0.006194004323333502
32520,3246,0.10912512242794037
32530,3247,0.013946672901511192
32540,3248,0.001229380606673658
32550,3249,0.001602577161975205
32560,3250,0.05502400919795036
32570,3251,0.015386267565190792
32580,3252,0.0420413613319397
32590,3253,0.1429368406534195
32600,3254,0.06480865180492401
32610,3255,0.1759655624628067
32620,3256,0.0981135442852974
32630,3257,0.12231481075286865
32640,3258,0.015162765048444271
32650,3259,0.08421137183904648
32660,3260,0.11910009384155273
32670,3261,0.06926782429218292
32680,3262,7.886432285886258e-05
32690,3263,0.009040554985404015
32700,3264,0.0818660631775856
32710,3265,0.175218865275383
32720,3266,0.1329219490289688
32730,3267,0.04037599638104439
32740,3268,0.011410398408770561
32750,3269,0.015583806671202183
32760,3270,0.01904417760670185
32770,3271,0.10564038902521133
32780,3272,0.009047928266227245
32790,3273,0.07732874900102615
32800,3274,0.11001412570476532
32810,3275,0.12907156348228455
32820,3276,0.05444667115807533
32830,3277,0.018048623576760292
32840,3278,0.19242781400680542
32850,3279,0.10404681414365768
32860,3280,0.0006827342440374196
32870,3281,0.10708587616682053
32880,3282,0.005898498930037022
32890,3283,0.038284026086330414
32900,3284,0.03759247437119484
32910,3285,0.05810546875
32920,3286,0.0012264895485714078
32930,3287,0.06103184074163437
32940,3288,0.11304579675197601
32950,3289,0.07420001924037933
32960,3290,0.04596588388085365
32970,3291,0.11716322600841522
32980,3292,0.11746682226657867
32990,3293,0.1298571527004242
33000,3294,0.005424614995718002
33010,3295,0.000202407332835719
33020,3296,0.009490668773651123
33030,3297,0.009171654470264912
33040,3298,0.03997951000928879
33050,3299,0.040051061660051346
33060,3300,0.012798571027815342
33070,3301,0.037323959171772
33080,3302,0.004596039652824402
33090,3303,0.10676978528499603
33100,3304,0.07465928047895432
33110,3305,8.289894140034448e-06
33120,3306,2.431716438877629e-06
33130,3307,0.01758606731891632
33140,3308,0.026153892278671265
33150,3309,0.006777936592698097
33160,3310,0.0008153910748660564
33170,3311,0.034665822982788086
33180,3312,0.1301831156015396
33190,3313,0.031966596841812134
33200,3314,0.16015005111694336
33210,3315,0.10892511159181595
33220,3316,0.003390925470739603
33230,3317,0.0160817913711071
33240,3318,0.05101653188467026
33250,3319,0.0838991180062294
33260,3320,0.005184154491871595
33270,3321,0.028556982055306435
33280,3322,0.003646190743893385
33290,3323,0.059761013835668564
33300,3324,0.005698418710380793
33310,3325,0.0440903976559639
33320,3326,0.00534377247095108
33330,3327,0.023236896842718124
33340,3328,0.00230932654812932
33350,3329,0.013758298940956593
33360,3330,0.12269626557826996
33370,3331,0.03317046910524368
33380,3332,0.007991877384483814
33390,3333,0.054949503391981125
33400,3334,0.014176630415022373
33410,3335,0.11551483720541
33420,3336,0.01093666348606348
33430,3337,0.05932407081127167
33440,3338,0.0038557015359401703
33450,3339,0.02819181978702545
33460,3340,0.0712481141090393
33470,3341,5.370301369111985e-05
33480,3342,0.06968437135219574
33490,3343,0.03449971601366997
33500,3344,0.03397446870803833
33510,3345,0.06673107296228409
33520,3346,0.016155295073986053
33530,3347,0.03843553364276886
33540,3348,0.044427938759326935
33550,3349,0.025228116661310196
33560,3350,0.07406950742006302
33570,3351,0.056754451245069504
33580,3352,0.001958352979272604
33590,3353,0.08575199544429779
33600,3354,0.06380768865346909
33610,3355,0.10055363178253174
33620,3356,0.032528072595596313
33630,3357,0.012988394126296043
33640,3358,0.04066631197929382
33650,3359,0.07242061197757721
33660,3360,0.055591341108083725
33670,3361,0.03650780767202377
33680,3362,0.08907441794872284
33690,3363,0.04647744819521904
33700,3364,0.07305865734815598
33710,3365,0.06746881455183029
33720,3366,0.0033599913585931063
33730,3367,0.003626777557656169
33740,3368,0.022433273494243622
33750,3369,0.07536717504262924
33760,3370,0.14446526765823364
33770,3371,0.03809916228055954
33780,3372,7.623399142175913e-05
33790,3373,0.011065438389778137
33800,3374,0.036184296011924744
33810,3375,0.01721055805683136
33820,3376,0.03329724818468094
33830,3377,7.053602894302458e-05
33840,3378,0.13283264636993408
33850,3379,0.07746733725070953
33860,3380,0.01757272146642208
33870,3381,0.05044623836874962
33880,3382,0.027028894051909447
33890,3383,0.025216881185770035
33900,3384,0.08168862015008926
33910,3385,0.0031882745679467916
33920,3386,0.07342329621315002
33930,3387,0.05278882756829262
33940,3388,0.0028509132098406553
33950,3389,0.00011971595085924491
33960,3390,0.01928318291902542
33970,3391,0.05763048678636551
33980,3392,0.0029887710697948933
33990,3393,0.014376899227499962
34000,3394,0.0480247363448143
34010,3395,0.02745950035750866
34020,3396,0.004102684557437897
34030,3397,0.03476782515645027
34040,3398,0.10096098482608795
34050,3399,1.947107921296265e-05
34060,3400,0.13931912183761597
34070,3401,0.015320394188165665
34080,3402,0.07118304073810577
34090,3403,0.11121877282857895
34100,3404,0.018089277669787407
34110,3405,0.0019342019222676754
34120,3406,0.012701784260571003
34130,3407,0.007384864613413811
34140,3408,0.009546205401420593
34150,3409,0.0022903764620423317
34160,3410,0.18618778884410858
34170,3411,0.12369587272405624
34180,3412,0.018912214785814285
34190,3413,0.03044850192964077
34200,3414,0.007657891139388084
34210,3415,0.022019946947693825
34220,3416,0.0024046606849879026
34230,3417,0.0861365795135498
34240,3418,0.02733650617301464
34250,3419,0.05234243720769882
34260,3420,0.02107720449566841
34270,3421,0.0451056994497776
34280,3422,0.010898852720856667
34290,3423,0.008995075710117817
34300,3424,0.035937242209911346
34310,3425,3.5036289773415774e-05
34320,3426,0.000856140919495374
34330,3427,0.010018534027040005
34340,3428,3.355651642777957e-05
34350,3429,0.020744754001498222
34360,3430,0.009077618829905987
34370,3431,2.606514681247063e-05
34380,3432,0.006184454541653395
34390,3433,0.24666455388069153
34400,3434,0.11120741069316864
34410,3435,0.049552518874406815
34420,3436,0.030867841094732285
34430,3437,0.012856659479439259
34440,3438,0.027918651700019836
34450,3439,0.1712409108877182
34460,3440,0.13002844154834747
34470,3441,0.007821663282811642
34480,3442,0.12297409027814865
34490,3443,0.10674004256725311
34500,3444,0.1088133156299591
34510,3445,0.032778531312942505
34520,3446,0.03472606837749481
34530,3447,0.07617227733135223
34540,3448,0.041619788855314255
34550,3449,0.007328928913921118
34560,3450,0.044784728437662125
34570,3451,0.14309196174144745
34580,3452,0.04403931275010109
34590,3453,0.0512818768620491
34600,3454,0.08623029291629791
34610,3455,0.04134678468108177
34620,3456,0.00011775020539062098
34630,3457,2.1351902432797942e-06
34640,3458,0.14729148149490356
34650,3459,0.005958189256489277
34660,3460,0.11414093524217606
34670,3461,0.00012085524940630421
34680,3462,0.044733937829732895
34690,3463,0.04948468878865242
34700,3464,0.08221910893917084
34710,3465,0.011163872666656971
34720,3466,0.08082244545221329
34730,3467,0.18593014776706696
34740,3468,0.06471820920705795
34750,3469,0.07178673148155212
34760,3470,0.10967374593019485
34770,3471,0.08949233591556549
34780,3472,0.049588270485401154
34790,3473,0.12811101973056793
34800,3474,0.03774963691830635
34810,3475,0.101955346763134
34820,3476,0.05278456211090088
34830,3477,0.010309277102351189
34840,3478,0.011635714210569859
34850,3479,0.08224348723888397
34860,3480,0.0014710902469232678
34870,3481,0.030222255736589432
34880,3482,0.01356990821659565
34890,3483,0.05732471123337746
34900,3484,0.07312628626823425
34910,3485,0.014291099272668362
34920,3486,0.04046192765235901
34930,3487,0.09812572598457336
34940,3488,0.022620417177677155
34950,3489,0.011906014755368233
34960,3490,0.04776707664132118
34970,3491,0.0206134170293808
34980,3492,0.017319193109869957
34990,3493,0.024841951206326485
35000,3494,0.16034963726997375
35010,3495,0.07037575542926788
35020,3496,0.1268683224916458
35030,3497,0.062092557549476624
35040,3498,0.11590465158224106
35050,3499,0.0018363030394539237
35060,3500,0.13154105842113495
35070,3501,0.05796419456601143
35080,3502,0.022097865119576454
35090,3503,0.028795253485441208
35100,3504,0.02584291435778141
35110,3505,0.04920761659741402
35120,3506,0.020990487188100815
35130,3507,4.9118280003312975e-05
35140,3508,0.09443002939224243
35150,3509,0.014858899638056755
35160,3510,6.07703004789073e-05
35170,3511,0.014159579761326313
35180,3512,0.0699150338768959
35190,3513,0.010785521008074284
35200,3514,0.09278161078691483
35210,3515,0.06325725466012955
35220,3516,0.015445218421518803
35230,3517,5.6892686188803054e-06
35240,3518,0.09160961955785751
35250,3519,0.001737221609801054
35260,3520,0.003047630190849304
35270,3521,0.09829709678888321
35280,3522,0.0010569322621449828
35290,3523,0.03750354424118996
35300,3524,0.03495348244905472
35310,3525,0.14444513618946075
35320,3526,0.03468048572540283
35330,3527,0.022186553105711937
35340,3528,0.02607572078704834
35350,3529,0.0008773203007876873
35360,3530,0.012214054353535175
35370,3531,0.031880512833595276
35380,3532,0.06417502462863922
35390,3533,0.03625683858990669
35400,3534,0.05764790624380112
35410,3535,0.00267921295017004
35420,3536,0.011091908439993858
35430,3537,0.027023207396268845
35440,3538,0.016209393739700317
35450,3539,0.1291821300983429
35460,3540,0.09353142976760864
35470,3541,0.0007578450022265315
35480,3542,0.0872538834810257
35490,3543,0.07637271285057068
35500,3544,0.15915746986865997
35510,3545,0.02439233846962452
35520,3546,0.033193547278642654
35530,3547,0.011798898689448833
35540,3548,0.06578247249126434
35550,3549,0.069134421646595
35560,3550,0.0011665662750601768
35570,3551,0.1558370292186737
35580,3552,0.019243717193603516
35590,3553,0.02912360057234764
35600,3554,0.024203097447752953
35610,3555,0.005079359281808138
35620,3556,0.13857728242874146
35630,3557,0.09132105112075806
35640,3558,0.0272605549544096
35650,3559,0.2288491278886795
35660,3560,0.0015702861128374934
35670,3561,0.05998774990439415
35680,3562,0.0002288060641149059
35690,3563,0.05548681691288948
35700,3564,0.07701601833105087
35710,3565,0.009901922196149826
35720,3566,0.04910268262028694
35730,3567,0.0620587021112442
35740,3568,0.011680788360536098
35750,3569,0.0063326722010970116
35760,3570,0.04212310165166855
35770,3571,0.031273625791072845
35780,3572,0.02224557287991047
35790,3573,0.017013181000947952
35800,3574,9.367089660372585e-05
35810,3575,0.08891885727643967
35820,3576,0.1557641476392746
35830,3577,0.13823381066322327
35840,3578,6.228437268873677e-05
35850,3579,0.03495894744992256
35860,3580,0.03508543595671654
35870,3581,0.024624189361929893
35880,3582,0.0006548389210365713
35890,3583,0.025405703112483025
35900,3584,0.012432020157575607
35910,3585,0.12885013222694397
35920,3586,0.003703346708789468
35930,3587,0.05562809854745865
35940,3588,0.034257106482982635
35950,3589,0.019898513332009315
35960,3590,0.12634773552417755
35970,3591,0.06523017585277557
35980,3592,0.03351185843348503
35990,3593,0.0022533931769430637
36000,3594,0.1188412606716156
36010,3595,0.03372497856616974
36020,3596,0.15741020441055298
36030,3597,0.035203129053115845
36040,3598,0.009060604497790337
36050,3599,0.11299897730350494
36060,3600,0.07583434879779816
36070,3601,0.0034777112305164337
36080,3602,0.018519308418035507
36090,3603,0.06194945424795151
36100,3604,0.03561472147703171
36110,3605,0.06040365621447563
36120,3606,0.056681178510189056
36130,3607,0.031160971149802208
36140,3608,0.028296636417508125
36150,3609,0.011498072184622288
36160,3610,0.012491719797253609
36170,3611,0.007741435896605253
36180,3612,0.04018499329686165
36190,3613,0.08636709302663803
36200,3614,0.00010135685442946851
36210,3615,0.06497351080179214
36220,3616,0.01222899928689003
36230,3617,0.005241234786808491
36240,3618,0.03852592781186104
36250,3619,0.04532342404127121
36260,3620,0.055469952523708344
36270,3621,0.06479756534099579
36280,3622,0.006793343462049961
36290,3623,0.030022848397493362
36300,3624,0.037091948091983795
36310,3625,0.047598082572221756
36320,3626,0.05548612028360367
36330,3627,0.041867099702358246
36340,3628,0.015691984444856644
36350,3629,0.0048644100315868855
36360,3630,0.18351566791534424
36370,3631,0.001884113298729062
36380,3632,0.015437211841344833
36390,3633,0.06697113066911697
36400,3634,0.0367899127304554
36410,3635,0.003959019668400288
36420,3636,0.027383459731936455
36430,3637,0.22493025660514832
36440,3638,0.011883397586643696
36450,3639,0.00928607489913702
36460,3640,0.0731051117181778
36470,3641,0.03558006510138512
36480,3642,0.003181925741955638
36490,3643,0.06524520367383957
36500,3644,0.06095656007528305
36510,3645,0.05002737045288086
36520,3646,0.0024423357099294662
36530,3647,2.4483060769853182e-05
36540,3648,0.04579092934727669
36550,3649,0.008280857466161251
36560,3650,0.0019234898500144482
36570,3651,0.0959809422492981
36580,3652,0.0037035068962723017
36590,3653,0.040713079273700714
36600,3654,0.002480617258697748
36610,3655,0.06468615680932999
36620,3656,0.05892404913902283
36630,3657,0.08372977375984192
36640,3658,0.008152305148541927
36650,3659,5.1489023462636396e-05
36660,3660,0.0011489124735817313
36670,3661,0.06778815388679504
36680,3662,7.285361789399758e-05
36690,3663,0.004195349756628275
36700,3664,0.15833622217178345
36710,3665,0.012676199898123741
36720,3666,0.06561068445444107
36730,3667,0.04932500049471855
36740,3668,0.004691426642239094
36750,3669,0.061868131160736084
36760,3670,0.09596958011388779
36770,3671,0.0046133254654705524
36780,3672,0.05604075640439987
36790,3673,0.1797211617231369
36800,3674,0.014453462325036526
36810,3675,0.011618523858487606
36820,3676,0.07885187864303589
36830,3677,1.658429391682148e-05
36840,3678,0.044280484318733215
36850,3679,0.00215416238643229
36860,3680,0.07902058959007263
36870,3681,0.13615600764751434
36880,3682,0.018920518457889557
36890,3683,0.15850485861301422
36900,3684,0.005048549734055996
36910,3685,0.02947256714105606
36920,3686,0.0016598956426605582
36930,3687,0.017546407878398895
36940,3688,0.011709531769156456
36950,3689,0.1403079479932785
36960,3690,0.007396183907985687
36970,3691,0.11157754063606262
36980,3692,0.09472078084945679
36990,3693,0.017840499058365822
37000,3694,0.0705437958240509
37010,3695,0.03230268880724907
37020,3696,0.02756975032389164
37030,3697,0.013101226650178432
37040,3698,0.039951495826244354
37050,3699,0.03516942262649536
37060,3700,0.012949864380061626
37070,3701,0.16328242421150208
37080,3702,0.03490258380770683
37090,3703,0.11521615833044052
37100,3704,0.028362412005662918
37110,3705,0.03723587095737457
37120,3706,0.08968142420053482
37130,3707,0.014482786878943443
37140,3708,0.005132622085511684
37150,3709,0.046824246644973755
37160,3710,0.011421486735343933
37170,3711,0.07808620482683182
37180,3712,1.6260892152786255e-05
37190,3713,5.4176860430743545e-05
37200,3714,0.010526176542043686
37210,3715,0.04814118519425392
37220,3716,0.04000157490372658
37230,3717,0.01601831614971161
37240,3718,0.015279036946594715
37250,3719,0.007157150190323591
37260,3720,0.017616329714655876
37270,3721,0.208346426486969
37280,3722,0.061860036104917526
37290,3723,0.049315858632326126
37300,3724,0.0898570567369461
37310,3725,0.009799251332879066
37320,3726,0.08535056561231613
37330,3727,0.0009363022982142866
37340,3728,0.15733177959918976
37350,3729,0.12182547897100449
37360,3730,0.03379003331065178
37370,3731,0.03100796416401863
37380,3732,0.05634823068976402
37390,3733,0.10846544057130814
37400,3734,0.039988502860069275
37410,3735,0.09529363363981247
37420,3736,0.001417131396010518
37430,3737,0.19544823467731476
37440,3738,0.021093294024467468
37450,3739,0.03882516920566559
37460,3740,0.07221312820911407
37470,3741,0.005972147453576326
37480,3742,0.17365585267543793
37490,3743,0.055342499166727066
37500,3744,0.04261186718940735
37510,3745,0.06493541598320007
37520,3746,0.028323588892817497
37530,3747,0.018786218017339706
37540,3748,0.08624930679798126
37550,3749,0.0014853389002382755
37560,3750,0.001858202856965363
37570,3751,4.162700497545302e-05
37580,3752,0.026714487001299858
37590,3753,0.08058863133192062
37600,3754,0.08832106739282608
37610,3755,0.053349532186985016
37620,3756,0.0040101162157952785
37630,3757,0.014119851402938366
37640,3758,0.030824948102235794
37650,3759,0.010378172621130943
37660,3760,0.009194690734148026
37670,3761,0.09567142277956009
37680,3762,0.012060294859111309
37690,3763,0.0026090373285114765
37700,3764,0.09029407054185867
37710,3765,0.014632449485361576
37720,3766,0.11249277740716934
37730,3767,0.052328139543533325
37740,3768,0.03840024024248123
37750,3769,0.012089457362890244
37760,3770,1.2546519201350748e-06
37770,3771,0.012586663477122784
37780,3772,0.0030721777584403753
37790,3773,0.0013064737431704998
37800,3774,0.07879707962274551
37810,3775,0.16285288333892822
37820,3776,0.06797244399785995
37830,3777,0.009924297221004963
37840,3778,0.08412797003984451
37850,3779,2.852151374099776e-05
37860,3780,0.004723758902400732
37870,3781,0.038033656775951385
37880,3782,0.011325201950967312
37890,3783,0.0076294648461043835
37900,3784,0.03718853369355202
37910,3785,0.11158595979213715
37920,3786,0.04400771111249924
37930,3787,0.035003017634153366
37940,3788,0.00497973570600152
37950,3789,0.06077852472662926
37960,3790,0.03779972717165947
37970,3791,0.08173178881406784
37980,3792,0.004821250215172768
37990,3793,0.044923361390829086
38000,3794,0.0331450030207634
38010,3795,0.00902546290308237
38020,3796,0.01828925311565399
38030,3797,0.02433980256319046
38040,3798,0.22561241686344147
38050,3799,0.05434899777173996
38060,3800,0.04747753217816353
38070,3801,0.028930336236953735
38080,3802,0.02362959459424019
38090,3803,0.0564553327858448
38100,3804,0.05294586718082428
38110,3805,0.0016314443200826645
38120,3806,0.1701841950416565
38130,3807,0.09786922484636307
38140,3808,0.08666633814573288
38150,3809,0.09386744350194931
38160,3810,0.0012245629914104939
38170,3811,0.013015134260058403
38180,3812,0.01705336570739746
38190,3813,0.006222892086952925
38200,3814,0.10042799264192581
38210,3815,0.0057520791888237
38220,3816,0.03216526657342911
38230,3817,0.016790738329291344
38240,3818,0.16572609543800354
38250,3819,0.02137492597103119
38260,3820,0.007631240878254175
38270,3821,0.036799054592847824
38280,3822,0.06534609943628311
38290,3823,0.04034600779414177
38300,3824,0.05607772246003151
38310,3825,0.10073289275169373
38320,3826,1.3624196526507149e-06
38330,3827,0.01494450494647026
38340,3828,0.028307531028985977
38350,3829,0.06233176216483116
38360,3830,0.00047703433665446937
38370,3831,0.02276655286550522
38380,3832,0.01767156459391117
38390,3833,0.032475437968969345
38400,3834,0.02344357781112194
38410,3835,0.12070572376251221
38420,3836,0.08655544370412827
38430,3837,0.0728374496102333
38440,3838,0.1397324800491333
38450,3839,0.010228557512164116
38460,3840,0.09955452382564545
38470,3841,0.005018878262490034
38480,3842,0.09555002301931381
38490,3843,0.00030703170341439545
38500,3844,0.05065688118338585
38510,3845,0.008628775365650654
38520,3846,0.09081186354160309
38530,3847,0.03516440838575363
38540,3848,0.0021292860619723797
38550,3849,0.004616120830178261
38560,3850,0.0006626840913668275
38570,3851,0.04623694345355034
38580,3852,0.006915447302162647
38590,3853,0.01905231364071369
38600,3854,0.03993366286158562
38610,3855,0.05378313735127449
38620,3856,0.10263432562351227
38630,3857,0.11548943817615509
38640,3858,0.07941652089357376
38650,3859,0.011246287263929844
38660,3860,0.0196676142513752
38670,3861,0.048193078488111496
38680,3862,0.1293732076883316
38690,3863,0.04216785728931427
38700,3864,0.026911307126283646
38710,3865,0.0417914055287838
38720,3866,0.1297619342803955
38730,3867,0.15204638242721558
38740,3868,0.01449017133563757
38750,3869,0.009397462010383606
38760,3870,0.00828440673649311
38770,3871,0.016019176691770554
38780,3872,0.07379182428121567
38790,3873,0.027717046439647675
38800,3874,6.276325166254537e-06
38810,3875,0.0037781577557325363
38820,3876,0.006128842942416668
38830,3877,0.02849276177585125
38840,3878,0.026690125465393066
38850,3879,0.0020070832688361406
38860,3880,0.02382424846291542
38870,3881,0.0019058268517255783
38880,3882,0.051939599215984344
38890,3883,0.026507826521992683
38900,3884,0.07719065994024277
38910,3885,0.020281504839658737
38920,3886,0.10166849941015244
38930,3887,0.017609814181923866
38940,3888,0.17005141079425812
38950,3889,0.014785771258175373
38960,3890,0.0024302934762090445
38970,3891,0.06548052281141281
38980,3892,0.02697964943945408
38990,3893,0.01885746605694294
39000,3894,0.06186659634113312
39010,3895,0.013036741875112057
39020,3896,0.025024814531207085
39030,3897,0.016253992915153503
39040,3898,0.034029435366392136
39050,3899,0.13124904036521912
39060,3900,0.008640363812446594
39070,3901,0.037335023283958435
39080,3902,0.00022475290461443365
39090,3903,0.04043607413768768
39100,3904,3.6137796996627e-05
39110,3905,0.061627935618162155
39120,3906,1.2539914678200148e-05
39130,3907,0.046953681856393814
39140,3908,0.04564620554447174
39150,3909,0.1267341822385788
39160,3910,0.014434220269322395
39170,3911,0.035253025591373444
39180,3912,0.0978584736585617
39190,3913,0.08127956837415695
39200,3914,0.000672325782943517
39210,3915,0.016911443322896957
39220,3916,0.019938653334975243
39230,3917,0.04686758294701576
39240,3918,0.038831792771816254
39250,3919,0.020188864320516586
39260,3920,0.181941419839859
39270,3921,0.08350159227848053
39280,3922,0.0386589877307415
39290,3923,0.023551063612103462
39300,3924,0.04280569404363632
39310,3925,0.01563432440161705
39320,3926,0.03248971328139305
39330,3927,0.02743406593799591
39340,3928,0.005879767704755068
39350,3929,0.045977599918842316
39360,3930,0.16895587742328644
39370,3931,0.01268549170345068
39380,3932,0.04941043257713318
39390,3933,0.12194957584142685
39400,3934,0.08025932312011719
39410,3935,0.03947500139474869
39420,3936,0.1536906659603119
39430,3937,0.0451425276696682
39440,3938,0.01433497667312622
39450,3939,0.0031123028602451086
39460,3940,0.04183238744735718
39470,3941,0.06428707391023636
39480,3942,1.3689678780792747e-05
39490,3943,0.02897421456873417
39500,3944,0.09866801649332047
39510,3945,0.018964942544698715
39520,3946,0.0010191922774538398
39530,3947,0.018337540328502655
39540,3948,0.039394527673721313
39550,3949,0.004746439401060343
39560,3950,0.013412547297775745
39570,3951,0.050913214683532715
39580,3952,0.08645863085985184
39590,3953,0.03932159021496773
39600,3954,0.014134233817458153
39610,3955,0.05289943516254425
39620,3956,0.08541139215230942
39630,3957,0.0864030197262764
39640,3958,0.005355463363230228
39650,3959,0.008836505003273487
39660,3960,0.10362406075000763
39670,3961,0.03835909068584442
39680,3962,0.016064660623669624
39690,3963,0.02788141742348671
39700,3964,2.537917134759482e-05
39710,3965,0.15730232000350952
39720,3966,0.018939319998025894
39730,3967,0.09816139191389084
39740,3968,0.042377036064863205
39750,3969,0.05197956785559654
39760,3970,2.1388637833297253e-05
39770,3971,0.013299197889864445
39780,3972,6.293507340160431e-06
39790,3973,0.051263920962810516
39800,3974,0.03608863055706024
39810,3975,1.7958267562789842e-05
39820,3976,0.0570058673620224
39830,3977,6.225523247849196e-05
39840,3978,0.11856670677661896
39850,3979,0.07226952165365219
39860,3980,0.0646776482462883
39870,3981,0.11769339442253113
39880,3982,0.001193201169371605
39890,3983,0.012312709353864193
39900,3984,0.09003099054098129
39910,3985,0.013870878145098686
39920,3986,0.05154624208807945
39930,3987,0.12362087517976761
39940,3988,0.07330114394426346
39950,3989,0.04215458035469055
39960,3990,0.012136701494455338
39970,3991,0.0322209894657135
39980,3992,0.05984591692686081
39990,3993,0.0060784281231462955
40000,3994,0.001884876168332994
40010,3995,0.035419147461652756
40020,3996,0.02647848054766655
40030,3997,0.04983752965927124
40040,3998,0.039448145776987076
40050,3999,0.036316897720098495
40060,4000,0.04670310020446777
40070,4001,0.04845792055130005
40080,4002,0.00021511621889658272
40090,4003,0.00865945778787136
40100,4004,0.07774221152067184
40110,4005,4.00475510105025e-05
40120,4006,0.02960861474275589
40130,4007,0.036543186753988266
40140,4008,0.060875311493873596
40150,4009,0.017371891066432
40160,4010,0.012198084965348244
40170,4011,0.0008275447762571275
40180,4012,0.0002497525420039892
40190,4013,0.04223371297121048
40200,4014,0.032409828156232834
40210,4015,0.026597561314702034
40220,4016,0.05576997995376587
40230,4017,0.0009364471770823002
40240,4018,0.003524829400703311
40250,4019,0.06103234365582466
40260,4020,0.02448461391031742
40270,4021,0.043559566140174866
40280,4022,0.018898217007517815
40290,4023,0.015620929189026356
40300,4024,0.06037382781505585
40310,4025,0.009456762112677097
40320,4026,0.05321495607495308
40330,4027,0.07544978708028793
40340,4028,0.06262438744306564
40350,4029,0.06475954502820969
40360,4030,0.015920450910925865
40370,4031,0.004382691811770201
40380,4032,0.005395916290581226
40390,4033,1.2993889413337456e-06
40400,4034,8.385525234189117e-07
40410,4035,0.014911642298102379
40420,4036,0.09189990907907486
40430,4037,0.10367551445960999
40440,4038,0.11296869069337845
40450,4039,0.002280212240293622
40460,4040,0.01182919554412365
40470,4041,0.018524806946516037
40480,4042,0.05974707007408142
40490,4043,0.15807554125785828
40500,4044,0.024801058694720268
40510,4045,0.1759209930896759
40520,4046,0.022654220461845398
40530,4047,0.01259220764040947
40540,4048,0.06193103641271591
40550,4049,0.05232954025268555
40560,4050,0.10515735298395157
40570,4051,0.04110238701105118
40580,4052,0.01497345045208931
40590,4053,0.03815134987235069
40600,4054,0.03930065780878067
40610,4055,0.08557595312595367
40620,4056,0.076297327876091
40630,4057,0.025412283837795258
40640,4058,0.09098260849714279
40650,4059,0.08494388312101364
40660,4060,0.07994408905506134
40670,4061,0.035305265337228775
40680,4062,0.03451080992817879
40690,4063,0.06603706628084183
40700,4064,0.016717733815312386
40710,4065,0.023187173530459404
40720,4066,0.012172548100352287
40730,4067,0.01769716665148735
40740,4068,4.1782382140809204e-06
40750,4069,0.04942145198583603
40760,4070,0.012011323124170303
40770,4071,0.01938965730369091
40780,4072,0.04629629850387573
40790,4073,0.00546776270493865
40800,4074,0.0604495108127594
40810,4075,0.06101078540086746
40820,4076,0.016257403418421745
40830,4077,0.015222970396280289
40840,4078,0.028860177844762802
40850,4079,0.04208844155073166
40860,4080,0.01807689480483532
40870,4081,0.09301634877920151
40880,4082,0.031638044863939285
40890,4083,0.0018164776265621185
40900,4084,0.09500712156295776
40910,4085,0.018095027655363083
40920,4086,0.013222884386777878
40930,4087,0.06920186430215836
40940,4088,0.0005848582950420678
40950,4089,0.08722786605358124
40960,4090,0.008350796066224575
40970,4091,0.07529060542583466
40980,4092,0.13344185054302216
40990,4093,0.030195418745279312
41000,4094,0.01975298300385475
41010,4095,0.06571263819932938
41020,4096,0.045979030430316925
41030,4097,1.9712360881385393e-05
41040,4098,0.05953729525208473
41050,4099,0.04574500396847725
41060,4100,0.1017591804265976
41070,4101,0.0005839382647536695
41080,4102,0.04126318171620369
41090,4103,0.015625223517417908
41100,4104,0.0855819433927536
41110,4105,0.010273342952132225
41120,4106,0.0054800305515527725
41130,4107,0.09146834909915924
41140,4108,0.026006868109107018
41150,4109,0.0037073688581585884
41160,4110,4.820513822778594e-06
41170,4111,0.15084606409072876
41180,4112,0.01589229702949524
41190,4113,0.021554820239543915
41200,4114,0.03529166802763939
41210,4115,0.028786933049559593
41220,4116,0.003839036449790001
41230,4117,0.01301415916532278
41240,4118,0.11784730106592178
41250,4119,0.0997166708111763
41260,4120,0.05814492329955101
41270,4121,0.007643553428351879
41280,4122,0.002263713162392378
41290,4123,0.03398483246564865
41300,4124,0.0017285215435549617
41310,4125,0.0021460403222590685
41320,4126,0.005187871400266886
41330,4127,0.07633674889802933
41340,4128,0.01137550175189972
41350,4129,0.07955414056777954
41360,4130,0.04022901877760887
41370,4131,0.026409117504954338
41380,4132,0.01203993335366249
41390,4133,0.13034102320671082
41400,4134,0.16778892278671265
41410,4135,0.08600900322198868
41420,4136,0.032029569149017334
41430,4137,0.021078800782561302
41440,4138,0.03640925884246826
41450,4139,0.03698901832103729
41460,4140,0.00138312135823071
41470,4141,0.12463095784187317
41480,4142,0.01684984564781189
41490,4143,0.030969878658652306
41500,4144,2.8365211619529873e-06
41510,4145,0.00787558313459158
41520,4146,0.0005515674711205065
41530,4147,0.08905525505542755
41540,4148,0.10518369823694229
41550,4149,0.02098168432712555
41560,4150,0.023424170911312103
41570,4151,0.023180721327662468
41580,4152,0.07748157531023026
41590,4153,0.054574865847826004
41600,4154,0.08798912167549133
41610,4155,0.03191140666604042
41620,4156,0.03940531238913536
41630,4157,0.03521519899368286
41640,4158,0.05254202336072922
41650,4159,0.052430409938097
41660,4160,0.20009635388851166
41670,4161,0.022809190675616264
41680,4162,0.01365739107131958
41690,4163,0.010593359358608723
41700,4164,0.032669976353645325
41710,4165,0.04510378837585449
41720,4166,0.11753609776496887
41730,4167,0.10835757851600647
41740,4168,0.009721474722027779
41750,4169,0.006028969772160053
41760,4170,0.020434601232409477
41770,4171,0.016793327406048775
41780,4172,0.07507957518100739
41790,4173,0.018401548266410828
41800,4174,0.09149886667728424
41810,4175,0.018460463732481003
41820,4176,0.039485760033130646
41830,4177,0.0028361876029521227
41840,4178,0.0728946104645729
41850,4179,0.03135238587856293
41860,4180,0.09133715182542801
41870,4181,0.0006847302429378033
41880,4182,0.0028347973711788654
41890,4183,0.028994956985116005
41900,4184,0.1972762495279312
41910,4185,0.007170913275331259
41920,4186,0.02727550081908703
41930,4187,0.09430400282144547
41940,4188,0.01668381877243519
41950,4189,0.10230683535337448
41960,4190,0.07010211050510406
41970,4191,0.06804671138525009
41980,4192,0.0017224933253601193
41990,4193,0.06166228652000427
42000,4194,0.08829342573881149
42010,4195,0.2139219492673874
42020,4196,0.11417146027088165
42030,4197,0.0019703435245901346
42040,4198,0.018894154578447342
42050,4199,0.05947623401880264
42060,4200,0.029384449124336243
42070,4201,0.0736808255314827
42080,4202,0.06126708164811134
42090,4203,0.0037722967099398375
42100,4204,0.0816873088479042
42110,4205,0.017574548721313477
42120,4206,0.2608134150505066
42130,4207,0.029751967638731003
42140,4208,0.014060171321034431
42150,4209,0.09348227828741074
42160,4210,0.029420068487524986
42170,4211,0.08583193272352219
42180,4212,0.028189778327941895
42190,4213,0.030189447104930878
42200,4214,0.07667742669582367
42210,4215,0.1990838497877121
42220,4216,0.03830721974372864
42230,4217,0.0014093451900407672
42240,4218,1.2626599527720828e-05
42250,4219,0.12195032089948654
42260,4220,0.025143181905150414
42270,4221,0.07436076551675797
42280,4222,0.03536577150225639
42290,4223,0.08896167576313019
42300,4224,0.0017022331012412906
42310,4225,0.018908336758613586
42320,4226,0.07811994105577469
42330,4227,0.015837056562304497
42340,4228,0.015096739865839481
42350,4229,0.10060881078243256
42360,4230,0.1080964207649231
42370,4231,0.010678941383957863
42380,4232,0.06404051184654236
42390,4233,0.04613381251692772
42400,4234,0.03220301494002342
42410,4235,0.01500740461051464
42420,4236,0.03505483642220497
42430,4237,0.01792709156870842
42440,4238,0.033126428723335266
42450,4239,0.00400908850133419
42460,4240,0.09014866501092911
42470,4241,0.036173321306705475
42480,4242,0.0027124425396323204
42490,4243,0.004405562300235033
42500,4244,0.15835145115852356
42510,4245,0.0016172645846381783
42520,4246,0.146810844540596
42530,4247,0.006820192560553551
42540,4248,0.03352043405175209
42550,4249,0.08053355664014816
42560,4250,0.0007461889763362706
42570,4251,0.05336643010377884
42580,4252,0.014831116423010826
42590,4253,0.01129476260393858
42600,4254,0.0030757449567317963
42610,4255,4.931403623231745e-07
42620,4256,0.06752888113260269
42630,4257,0.01699562557041645
42640,4258,0.14093422889709473
42650,4259,8.0235759014613e-06
42660,4260,0.09692834317684174
42670,4261,0.00482483534142375
42680,4262,0.07625032961368561
42690,4263,0.06301330029964447
42700,4264,0.0502924770116806
42710,4265,0.007703711278736591
42720,4266,8.881823305273429e-05
42730,4267,0.07398740202188492
42740,4268,0.0450892336666584
42750,4269,0.0035438674967736006
42760,4270,0.058396123349666595
42770,4271,0.007908137515187263
42780,4272,0.034193988889455795
42790,4273,0.02847643755376339
42800,4274,0.010213793255388737
42810,4275,0.001866309903562069
42820,4276,0.013945955783128738
42830,4277,0.05130487307906151
42840,4278,0.009128776378929615
42850,4279,0.03205728158354759
42860,4280,0.0978228896856308
42870,4281,0.1018272340297699
42880,4282,0.016849560663104057
42890,4283,0.028860606253147125
42900,4284,0.11826477199792862
42910,4285,0.015419278293848038
42920,4286,0.04188404232263565
42930,4287,0.026274753734469414
42940,4288,0.015704073011875153
42950,4289,0.11179443448781967
42960,4290,9.942281167241163e-07
42970,4291,0.08698506653308868
42980,4292,0.1497664600610733
42990,4293,0.05552514269948006
43000,4294,0.06125466525554657
43010,4295,0.015580160543322563
43020,4296,0.15864484012126923
43030,4297,0.030856799334287643
43040,4298,0.13927699625492096
43050,4299,0.02667054533958435
43060,4300,0.08149407058954239
43070,4301,0.02650192752480507
43080,4302,0.09040840715169907
43090,4303,0.016015352681279182
43100,4304,0.017430409789085388
43110,4305,0.052846334874629974
43120,4306,0.0334780253469944
43130,4307,0.07912005484104156
43140,4308,0.03466805815696716
43150,4309,0.02404741197824478
43160,4310,0.06744451075792313
43170,4311,0.08982367813587189
43180,4312,0.05279558151960373
43190,4313,0.003898186143487692
43200,4314,0.0244592372328043
43210,4315,0.007870604284107685
43220,4316,0.01643485575914383
43230,4317,0.13535729050636292
43240,4318,0.09866706281900406
43250,4319,0.027312003076076508
43260,4320,0.1306457370519638
43270,4321,0.020442906767129898
43280,4322,0.09214327484369278
43290,4323,0.007264381740242243
43300,4324,0.010553866624832153
43310,4325,0.07043850421905518
43320,4326,0.023845911026000977
43330,4327,0.15570402145385742
43340,4328,0.11792971938848495
43350,4329,0.11390025168657303
43360,4330,0.037303756922483444
43370,4331,0.05042387917637825
43380,4332,0.0348811000585556
43390,4333,0.03388403356075287
43400,4334,0.012178592383861542
43410,4335,0.022869259119033813
43420,4336,0.028232676908373833
43430,4337,0.07318927347660065
43440,4338,0.01579892262816429
43450,4339,0.09411162883043289
43460,4340,0.06649574637413025
43470,4341,0.0655156672000885
43480,4342,0.0007035144953988492
43490,4343,0.20477691292762756
43500,4344,0.0009561363840475678
43510,4345,0.037022706121206284
43520,4346,0.0013823898043483496
43530,4347,0.010206235572695732
43540,4348,0.03331834077835083
43550,4349,0.02165539190173149
43560,4350,0.014284475706517696
43570,4351,0.07935463637113571
43580,4352,0.020347265526652336
43590,4353,0.0554339773952961
43600,4354,0.02095114439725876
43610,4355,0.018596161156892776
43620,4356,0.04993795230984688
43630,4357,0.015719614923000336
43640,4358,0.09988008439540863
43650,4359,0.014656374230980873
43660,4360,6.626456888625398e-05
43670,4361,0.015809819102287292
43680,4362,0.003987887408584356
43690,4363,0.09729669988155365
43700,4364,0.001821574755012989
43710,4365,0.13527023792266846
43720,4366,0.0556819923222065
43730,4367,0.07186201214790344
43740,4368,0.0014175523538142443
43750,4369,0.06173166260123253
43760,4370,0.02557148039340973
43770,4371,0.05771280825138092
43780,4372,0.028580475598573685
43790,4373,0.09378552436828613
43800,4374,0.01725354604423046
43810,4375,0.0007013885769993067
43820,4376,0.013966121710836887
43830,4377,0.009804915636777878
43840,4378,0.07393788546323776
43850,4379,0.0777493417263031
43860,4380,0.08167650550603867
43870,4381,0.1121097132563591
43880,4382,0.003261953592300415
43890,4383,0.0687670111656189
43900,4384,0.07540007680654526
43910,4385,0.006594488862901926
43920,4386,8.371490366698708e-06
43930,4387,0.016521397978067398
43940,4388,0.0340915210545063
43950,4389,0.0012519650626927614
43960,4390,0.011665708385407925
43970,4391,0.0005751417484134436
43980,4392,0.07396210730075836
43990,4393,0.00014775959425605834
44000,4394,0.06477507948875427
44010,4395,0.003026694757863879
44020,4396,0.07619954645633698
44030,4397,0.005926547106355429
44040,4398,0.07773414254188538
44050,4399,0.047815270721912384
44060,4400,0.12118198722600937
44070,4401,0.017624223604798317
44080,4402,0.08281837403774261
44090,4403,0.06601870805025101
44100,4404,0.1074545681476593
44110,4405,0.06061704084277153
44120,4406,0.07355716824531555
44130,4407,0.0034820300061255693
44140,4408,0.01309160329401493
44150,4409,0.024464789777994156
44160,4410,0.024975664913654327
44170,4411,0.052165791392326355
44180,4412,0.008453136309981346
44190,4413,0.19113868474960327
44200,4414,0.07799768447875977
44210,4415,0.012217068113386631
44220,4416,0.0051051597110927105
44230,4417,0.07592154294252396
44240,4418,0.12191085517406464
44250,4419,0.030158955603837967
44260,4420,0.037869855761528015
44270,4421,0.005455626640468836
44280,4422,0.07398506253957748
44290,4423,0.0008487352752126753
44300,4424,0.09123913943767548
44310,4425,0.017510633915662766
44320,4426,0.1587602198123932
44330,4427,0.0002615501871332526
44340,4428,0.047588691115379333
44350,4429,0.20352703332901
44360,4430,0.0005100411362946033
44370,4431,0.04971613734960556
44380,4432,0.044809188693761826
44390,4433,0.0652572438120842
44400,4434,0.004054302349686623
44410,4435,0.08647257834672928
44420,4436,0.0030150474049150944
44430,4437,0.01748109608888626
44440,4438,0.04138610139489174
44450,4439,0.09677649289369583
44460,4440,9.149216566584073e-06
44470,4441,0.09849558770656586
44480,4442,0.07201539725065231
44490,4443,0.08042488992214203
44500,4444,0.03475566580891609
44510,4445,0.06566575914621353
44520,4446,0.05889683961868286
44530,4447,0.04545634984970093
44540,4448,0.002090594731271267
44550,4449,0.05497969686985016
44560,4450,0.00039871796616353095
44570,4451,0.0011117677204310894
44580,4452,0.00477915583178401
44590,4453,0.19858448207378387
44600,4454,0.011154921725392342
44610,4455,0.00020088058954570442
44620,4456,0.08162444829940796
44630,4457,0.14113666117191315
44640,4458,0.12335716187953949
44650,4459,0.056028515100479126
44660,4460,0.11323388665914536
44670,4461,0.00544443354010582
44680,4462,0.06582758575677872
44690,4463,0.039710432291030884
44700,4464,0.006412583868950605
44710,4465,0.0314512625336647
44720,4466,0.005126500967890024
44730,4467,0.003070686012506485
44740,4468,0.06012541428208351
44750,4469,0.0651959478855133
44760,4470,0.03132564574480057
44770,4471,0.05426711589097977
44780,4472,0.1436634361743927
44790,4473,0.013183824717998505
44800,4474,0.001716202823445201
44810,4475,0.011420627124607563
44820,4476,0.08252748101949692
44830,4477,0.0472278967499733
44840,4478,1.3566328789238469e-06
44850,4479,0.009016472846269608
44860,4480,0.23656322062015533
44870,4481,0.051834989339113235
44880,4482,0.056521106511354446
44890,4483,0.0056123253889381886
44900,4484,0.04514053091406822
44910,4485,0.008456598967313766
44920,4486,0.2300507128238678
44930,4487,0.04256051778793335
44940,4488,0.062304429709911346
44950,4489,0.010780987329781055
44960,4490,0.06759070605039597
44970,4491,0.04328203201293945
44980,4492,0.08043870329856873
44990,4493,0.004838897380977869
45000,4494,0.10914338380098343
45010,4495,0.02472887746989727
45020,4496,0.08682671934366226
45030,4497,0.07453963905572891
45040,4498,0.011449240148067474
45050,4499,0.003656469052657485
45060,4500,0.033407486975193024
45070,4501,0.03121931664645672
45080,4502,0.026511434465646744
45090,4503,0.03073526918888092
45100,4504,0.09856071323156357
45110,4505,0.0018274866743013263
45120,4506,0.15781107544898987
45130,4507,0.08103777468204498
45140,4508,0.04088767617940903
45150,4509,0.0355805866420269
45160,4510,0.11580713093280792
45170,4511,0.08866499364376068
45180,4512,0.12753720581531525
45190,4513,0.10347984731197357
45200,4514,0.026654448360204697
45210,4515,0.050214529037475586
45220,4516,0.0011271839030086994
45230,4517,0.043739501386880875
45240,4518,0.029455021023750305
45250,4519,0.022375453263521194
45260,4520,0.02305951900780201
45270,4521,0.04319586977362633
45280,4522,0.029660778120160103
45290,4523,0.06649155169725418
45300,4524,0.011235716752707958
45310,4525,1.664164665271528e-05
45320,4526,0.07768280804157257
45330,4527,0.061630044132471085
45340,4528,1.0231251508230343e-05
45350,4529,0.054189614951610565
45360,4530,0.07043389976024628
45370,4531,0.09865665435791016
45380,4532,0.010927533730864525
45390,4533,0.034852735698223114
45400,4534,0.01023491844534874
45410,4535,1.6249205145868473e-06
45420,4536,0.05282703787088394
45430,4537,0.051937833428382874
45440,4538,1.4624298501075828e-06
45450,4539,0.12355586886405945
45460,4540,0.11366401612758636
45470,4541,0.051611147820949554
45480,4542,0.0013480170164257288
45490,4543,0.19114206731319427
45500,4544,0.03240446746349335
45510,4545,0.11072147637605667
45520,4546,0.143217533826828
45530,4547,0.08106117695569992
45540,4548,0.1268102377653122
45550,4549,0.06781144440174103
45560,4550,2.0111196135985665e-05
45570,4551,0.051540523767471313
45580,4552,0.1169193834066391
45590,4553,0.08959618955850601
45600,4554,0.07242535799741745
45610,4555,0.05602739751338959
45620,4556,0.039643168449401855
45630,4557,0.03988109156489372
45640,4558,0.011172043159604073
45650,4559,0.0810442715883255
45660,4560,3.15919860440772e-05
45670,4561,0.023116160184144974
45680,4562,0.07410157471895218
45690,4563,0.08040357381105423
45700,4564,0.050395745784044266
45710,4565,0.0022499782498925924
45720,4566,0.06195478513836861
45730,4567,0.15870286524295807
45740,4568,3.673095488920808e-05
45750,4569,0.1347261518239975
45760,4570,0.0527794174849987
45770,4571,0.028662381693720818
45780,4572,0.3001177906990051
45790,4573,0.2010323852300644
45800,4574,0.03546047955751419
45810,4575,0.03361234813928604
45820,4576,0.011485160328447819
45830,4577,0.04276329651474953
45840,4578,0.020689930766820908
45850,4579,0.12238014489412308
45860,4580,0.026414040476083755
45870,4581,0.18553462624549866
45880,4582,0.029102789238095284
45890,4583,1.2759638821080443e-06
45900,4584,0.00034622219391167164
45910,4585,0.011072121560573578
45920,4586,0.02079775743186474
45930,4587,0.09131401777267456
45940,4588,0.012345520779490471
45950,4589,0.048350900411605835
45960,4590,0.0020040725357830524
45970,4591,0.06567775458097458
45980,4592,0.014130203053355217
45990,4593,0.00621748948469758
46000,4594,0.06541908532381058
46010,4595,0.10357695817947388
46020,4596,9.3493990789284e-06
46030,4597,0.05878893658518791
46040,4598,0.030784113332629204
46050,4599,0.09387250244617462
46060,4600,0.030806278809905052
46070,4601,0.0011436170898377895
46080,4602,0.0005638118600472808
46090,4603,0.09857916086912155
46100,4604,0.0544230155646801
46110,4605,0.03589930757880211
46120,4606,0.14936363697052002
46130,4607,0.012749920599162579
46140,4608,0.0005943361320532858
46150,4609,0.06409727782011032
46160,4610,3.3765609259717166e-06
46170,4611,0.007381971459835768
46180,4612,0.003861411241814494
46190,4613,0.09648118913173676
46200,4614,0.008150080218911171
46210,4615,0.025137756019830704
46220,4616,0.03229855000972748
46230,4617,0.01983034983277321
46240,4618,4.030666787002701e-06
46250,4619,0.08668097853660583
46260,4620,0.13258644938468933
46270,4621,0.02682574838399887
46280,4622,0.08999104052782059
46290,4623,0.004866056144237518
46300,4624,0.05009644851088524
46310,4625,0.08244243264198303
46320,4626,0.04590658098459244
46330,4627,0.09038369357585907
46340,4628,0.03961489722132683
46350,4629,0.043252479285001755
46360,4630,0.0014629572397097945
46370,4631,0.030490675941109657
46380,4632,0.09402574598789215
46390,4633,0.08779481053352356
46400,4634,0.030301429331302643
46410,4635,0.014045925810933113
46420,4636,0.03207443282008171
46430,4637,0.013796807266771793
46440,4638,0.03142472356557846
46450,4639,0.1613048017024994
46460,4640,0.05607287958264351
46470,4641,0.14909249544143677
46480,4642,0.00020329211838543415
46490,4643,1.3042049431533087e-05
46500,4644,0.05147096887230873
46510,4645,0.0730544924736023
46520,4646,0.03636655583977699
46530,4647,0.025388037785887718
46540,4648,0.02890206128358841
46550,4649,0.08264948427677155
46560,4650,0.08045587688684464
46570,4651,0.053398799151182175
46580,4652,0.03849489241838455
46590,4653,0.05989047512412071
46600,4654,0.001055035856552422
46610,4655,0.006421513855457306
46620,4656,0.0500764399766922
46630,4657,0.027266547083854675
46640,4658,0.02961345762014389
46650,4659,0.0020452048629522324
46660,4660,0.09630147367715836
46670,4661,0.06732190400362015
46680,4662,0.08931028842926025
46690,4663,0.0096217580139637
46700,4664,0.11828067153692245
46710,4665,0.002289192285388708
46720,4666,0.03578625246882439
46730,4667,0.0011647857027128339
46740,4668,0.016442149877548218
46750,4669,0.03637345880270004
46760,4670,0.03722072020173073
46770,4671,0.08554059267044067
46780,4672,0.08343059569597244
46790,4673,4.51081450592028e-06
46800,4674,0.01750864088535309
46810,4675,0.18582890927791595
46820,4676,3.2501955047337105e-06
46830,4677,0.008352762088179588
46840,4678,0.037622127681970596
46850,4679,0.05079017952084541
46860,4680,0.020136987790465355
46870,4681,0.03208374232053757
46880,4682,0.014039668254554272
46890,4683,0.03202231228351593
46900,4684,0.21119719743728638
46910,4685,0.09697546064853668
46920,4686,0.05139091610908508
46930,4687,0.08034020662307739
46940,4688,0.07438068091869354
46950,4689,0.021597066894173622
46960,4690,0.061188340187072754
46970,4691,0.008044051937758923
46980,4692,0.037405479699373245
46990,4693,2.4852382921380922e-05
47000,4694,0.061384279280900955
47010,4695,0.01055086962878704
47020,4696,0.021750671789050102
47030,4697,0.12874379754066467
47040,4698,0.01067227404564619
47050,4699,0.2130168229341507
47060,4700,0.031622979789972305
47070,4701,0.005619068630039692
47080,4702,0.09035906940698624
47090,4703,0.14930450916290283
47100,4704,0.015149520710110664
47110,4705,0.07415158301591873
47120,4706,0.009708620607852936
47130,4707,0.03221800923347473
47140,4708,0.07220091670751572
47150,4709,0.010231134481728077
47160,4710,0.10304958373308182
47170,4711,0.046451810747385025
47180,4712,0.014855608344078064
47190,4713,9.86017839750275e-05
47200,4714,0.07077787071466446
47210,4715,0.04071494936943054
47220,4716,0.04355539381504059
47230,4717,0.15038278698921204
47240,4718,0.08306951820850372
47250,4719,0.030899425968527794
47260,4720,0.05596744269132614
47270,4721,0.00791148841381073
47280,4722,0.04416031390428543
47290,4723,0.05089306831359863
47300,4724,0.007958143949508667
47310,4725,0.06497883796691895
47320,4726,0.06960713118314743
47330,4727,0.02130802534520626
47340,4728,0.006505655124783516
47350,4729,0.05343857407569885
47360,4730,0.04716186597943306
47370,4731,0.021618055179715157
47380,4732,0.07457792013883591
47390,4733,0.060267385095357895
47400,4734,0.031698185950517654
47410,4735,0.0476304367184639
47420,4736,0.07346964627504349
47430,4737,0.2652361989021301
47440,4738,0.024043530225753784
47450,4739,0.005269183777272701
47460,4740,0.017935574054718018
47470,4741,0.051333747804164886
47480,4742,0.01883561909198761
47490,4743,0.026004832237958908
47500,4744,0.07744617760181427
47510,4745,0.03100489266216755
47520,4746,0.06618515402078629
47530,4747,0.00799022801220417
47540,4748,0.056124791502952576
47550,4749,0.01908435858786106
47560,4750,0.0002465293218847364
47570,4751,0.0006493640248663723
47580,4752,0.010146091692149639
47590,4753,0.11482784152030945
47600,4754,0.015130329877138138
47610,4755,1.9530747522367164e-05
47620,4756,0.11218459904193878
47630,4757,0.08444252610206604
47640,4758,0.05323401093482971
47650,4759,0.1524754911661148
47660,4760,0.06328025460243225
47670,4761,0.005484020337462425
47680,4762,0.1592978835105896
47690,4763,0.13483180105686188
47700,4764,0.0855453759431839
47710,4765,0.014619755558669567
47720,4766,0.012712524272501469
47730,4767,0.060641415417194366
47740,4768,0.19385172426700592
47750,4769,0.12052400410175323
47760,4770,0.009816193953156471
47770,4771,0.0005036952206864953
47780,4772,0.04743713513016701
47790,4773,0.04090522974729538
47800,4774,0.14397315680980682
47810,4775,0.055624447762966156
47820,4776,0.04964369907975197
47830,4777,0.029100477695465088
47840,4778,0.04998926818370819
47850,4779,0.07078465819358826
47860,4780,0.08752356469631195
47870,4781,0.024126462638378143
47880,4782,0.08335627615451813
47890,4783,0.02876005508005619
47900,4784,0.0009767477167770267
47910,4785,0.0338740199804306
47920,4786,0.06042085215449333
47930,4787,0.11989520490169525
47940,4788,0.006714025977998972
47950,4789,1.3964749996375758e-05
47960,4790,0.014916843734681606
47970,4791,0.006644146051257849
47980,4792,0.06354132294654846
47990,4793,0.12880559265613556
48000,4794,1.9259498003521003e-05
48010,4795,0.0043681529350578785
48020,4796,0.03705258667469025
48030,4797,0.04439578205347061
48040,4798,0.045144155621528625
48050,4799,0.02101735584437847
48060,4800,0.02395305410027504
48070,4801,0.03312670439481735
48080,4802,0.016023417934775352
48090,4803,0.10438242554664612
48100,4804,0.025699280202388763
48110,4805,0.05383722856640816
48120,4806,0.006744461599737406
48130,4807,0.0026851838920265436
48140,4808,1.737929051159881e-05
48150,4809,0.09156224131584167
48160,4810,0.05001271516084671
48170,4811,0.023117389529943466
48180,4812,0.002276011509820819
48190,4813,0.0038248233031481504
48200,4814,0.06198295205831528
48210,4815,0.0485854409635067
48220,4816,0.03915632516145706
48230,4817,0.016499802470207214
48240,4818,0.11850907653570175
48250,4819,0.03755411505699158
48260,4820,0.18416866660118103
48270,4821,3.0307273846119642e-06
48280,4822,0.07488277554512024
48290,4823,0.07450337707996368
48300,4824,0.042874034494161606
48310,4825,0.09253308922052383
48320,4826,0.045026857405900955
48330,4827,0.021960504353046417
48340,4828,0.024849621579051018
48350,4829,0.010736583732068539
48360,4830,0.09074893593788147
48370,4831,0.05186350271105766
48380,4832,0.004319405183196068
48390,4833,0.0686756893992424
48400,4834,0.020914895460009575
48410,4835,0.0004264115996193141
48420,4836,0.07368110120296478
48430,4837,0.00043896003626286983
48440,4838,0.19592750072479248
48450,4839,0.00014637097774539143
48460,4840,0.029054902493953705
48470,4841,0.08066781610250473
48480,4842,0.0029531449545174837
48490,4843,0.04396557807922363
48500,4844,0.08927039802074432
48510,4845,0.10827092081308365
48520,4846,0.08558793365955353
48530,4847,0.03954446688294411
48540,4848,0.023675672709941864
48550,4849,0.023167598992586136
48560,4850,0.017574794590473175
48570,4851,0.0014213223475962877
48580,4852,0.16245222091674805
48590,4853,0.017267189919948578
48600,4854,0.02580549754202366
48610,4855,0.07205776870250702
48620,4856,0.037015400826931
48630,4857,0.07790178805589676
48640,4858,0.0032630686182528734
48650,4859,0.03251112997531891
48660,4860,0.11808036267757416
48670,4861,0.07641587406396866
48680,4862,0.010566772893071175
48690,4863,0.008326573297381401
48700,4864,0.05842963978648186
48710,4865,0.008321034722030163
48720,4866,4.792703748535132e-06
48730,4867,0.040921855717897415
48740,4868,0.03731594234704971
48750,4869,0.002910068491473794
48760,4870,0.10407466441392899
48770,4871,0.043057676404714584
48780,4872,0.03450348228216171
48790,4873,0.04451800510287285
48800,4874,0.05563854053616524
48810,4875,0.10731518268585205
48820,4876,0.03246389701962471
48830,4877,0.027673596516251564
48840,4878,0.0743287205696106
48850,4879,0.08861979842185974
48860,4880,0.02292354591190815
48870,4881,0.022634897381067276
48880,4882,0.04821491241455078
48890,4883,0.1144302487373352
48900,4884,0.07800989598035812
48910,4885,3.740157410447864e-07
48920,4886,0.08619295060634613
48930,4887,0.11338601261377335
48940,4888,3.0413480089919176e-07
48950,4889,0.012652648612856865
48960,4890,0.09917248785495758
48970,4891,0.08304954320192337
48980,4892,3.4063218663504813e-06
48990,4893,0.07290550321340561
49000,4894,0.03784043341875076
49010,4895,0.0841425210237503
49020,4896,6.261363068915671e-06
49030,4897,0.08256611227989197
49040,4898,0.1253831833600998
49050,4899,0.03275865316390991
49060,4900,0.1743043214082718
49070,4901,0.09695352613925934
49080,4902,0.012635727412998676
49090,4903,0.01251846645027399
49100,4904,0.07861826568841934
49110,4905,0.07009854167699814
49120,4906,0.034898195415735245
49130,4907,0.030718358233571053
49140,4908,0.0015136930160224438
49150,4909,0.010011721402406693
49160,4910,0.06776551157236099
49170,4911,0.02553074061870575
49180,4912,2.9756563890259713e-05
49190,4913,0.06223934516310692
49200,4914,0.01127590425312519
49210,4915,0.01985139213502407
49220,4916,0.05226493626832962
49230,4917,0.029438888654112816
49240,4918,0.032975323498249054
49250,4919,0.007338216993957758
49260,4920,0.12705481052398682
49270,4921,0.06026727706193924
49280,4922,0.008890930563211441
49290,4923,0.1430005580186844
49300,4924,0.022263508290052414
49310,4925,0.0046239495277404785
49320,4926,0.019183248281478882
49330,4927,0.04596898332238197
49340,4928,0.011496393010020256
49350,4929,0.01988537795841694
49360,4930,0.04849293828010559
49370,4931,0.05287756025791168
49380,4932,0.00136660470161587
49390,4933,0.04438656568527222
49400,4934,0.012345695868134499
49410,4935,0.004826544318348169
49420,4936,0.06487657129764557
49430,4937,0.000588129973039031
49440,4938,0.03211473301053047
49450,4939,0.025920208543539047
49460,4940,0.036040060222148895
49470,4941,0.07493177801370621
49480,4942,0.024527985602617264
49490,4943,0.09356465190649033
49500,4944,0.007440801244229078
49510,4945,0.0565478578209877
49520,4946,0.02070869877934456
49530,4947,0.18308298289775848
49540,4948,0.09610099345445633
49550,4949,0.06911353766918182
49560,4950,0.08972368389368057
49570,4951,6.3666675487183966e-06
49580,4952,0.036813948303461075
49590,4953,0.03560966998338699
49600,4954,0.08038508892059326
49610,4955,0.04201811924576759
49620,4956,0.008125518448650837
49630,4957,0.0478319451212883
49640,4958,0.08534815907478333
49650,4959,0.08744627237319946
49660,4960,0.07629965990781784
49670,4961,0.0775071531534195
49680,4962,0.04277189448475838
49690,4963,0.024010347202420235
49700,4964,0.15829788148403168
49710,4965,0.06701020896434784
49720,4966,0.08386215567588806
49730,4967,2.0159627638349775e-06
49740,4968,0.013429779559373856
49750,4969,0.044099122285842896
49760,4970,0.03846534714102745
49770,4971,0.02758394181728363
49780,4972,0.09262778609991074
49790,4973,0.01875702105462551
49800,4974,0.011403447017073631
49810,4975,0.012020980939269066
49820,4976,0.016992950811982155
49830,4977,0.1428251564502716
49840,4978,0.07717014104127884
49850,4979,0.027180265635252
49860,4980,0.024997543543577194
49870,4981,0.010067752562463284
49880,4982,0.011089560575783253
49890,4983,0.04836300015449524
49900,4984,0.011650406755506992
49910,4985,0.03273707628250122
49920,4986,0.012960347346961498
49930,4987,0.11521236598491669
49940,4988,0.16016645729541779
49950,4989,0.05360507220029831
49960,4990,0.07792375236749649
49970,4991,0.0018681251676753163
49980,4992,0.02063792198896408
49990,4993,0.005731033626943827
50000,4994,0.16279259324073792
