environment_step,learning_update,td_loss
70,1,0.01869874820113182
80,2,0.002489871345460415
90,3,0.021150801330804825
100,4,0.020468801259994507
110,5,0.007539226673543453
120,6,0.016711626201868057
130,7,0.0129019096493721
140,8,0.0037126385141164064
150,9,0.04995634779334068
160,10,0.08662218600511551
170,11,0.016372237354516983
180,12,0.011742589063942432
190,13,0.03857116773724556
200,14,0.06902506202459335
210,15,0.1325680911540985
220,16,0.02521674521267414
230,17,0.11901861429214478
240,18,0.09359577298164368
250,19,0.2589997947216034
260,20,0.24157322943210602
270,21,0.13411027193069458
280,22,0.1245395839214325
290,23,0.29058921337127686
300,24,0.15237630903720856
310,25,0.30458733439445496
320,26,0.3942050337791443
330,27,0.1447334736585617
340,28,0.27152636647224426
350,29,0.2855152189731598
360,30,0.3727020025253296
370,31,0.33197876811027527
380,32,0.2945501208305359
390,33,0.27572956681251526
400,34,0.3234313130378723
410,35,0.33819958567619324
420,36,0.4170573949813843
430,37,0.4169757664203644
440,38,0.20946745574474335
450,39,0.16744279861450195
460,40,0.2891075611114502
470,41,0.22889339923858643
480,42,0.41532063484191895
490,43,0.21716248989105225
500,44,0.2651995122432709
510,45,0.3096006512641907
520,46,0.22032661736011505
530,47,0.3488394021987915
540,48,0.39746952056884766
550,49,0.139835923910141
560,50,0.23220954835414886
570,51,0.29082781076431274
580,52,0.29701048135757446
590,53,0.3335927724838257
600,54,0.2125958502292633
610,55,0.19156944751739502
620,56,0.13832633197307587
630,57,0.12287407368421555
640,58,0.17896126210689545
650,59,0.24340060353279114
660,60,0.24411723017692566
670,61,0.32357266545295715
680,62,0.15890052914619446
690,63,0.17661765217781067
700,64,0.17984707653522491
710,65,0.16959305107593536
720,66,0.2509390413761139
730,67,0.13575509190559387
740,68,0.3310483992099762
750,69,0.26872971653938293
760,70,0.1421757936477661
770,71,0.20757104456424713
780,72,0.07730749994516373
790,73,0.0980290099978447
800,74,0.19045676290988922
810,75,0.19175200164318085
820,76,0.16382934153079987
830,77,0.20428654551506042
840,78,0.37275880575180054
850,79,0.2635544538497925
860,80,0.16194944083690643
870,81,0.04172607138752937
880,82,0.16449862718582153
890,83,0.19595813751220703
900,84,0.1988065242767334
910,85,0.2130850851535797
920,86,0.16473817825317383
930,87,0.16904383897781372
940,88,0.3122321665287018
950,89,0.24323998391628265
960,90,0.276538223028183
970,91,0.1928580403327942
980,92,0.12985199689865112
990,93,0.24701142311096191
1000,94,0.27057576179504395
1010,95,0.14387480914592743
1020,96,0.40426692366600037
1030,97,0.3460385501384735
1040,98,0.31466132402420044
1050,99,0.19319523870944977
1060,100,0.13192877173423767
1070,101,0.27614450454711914
1080,102,0.5701148509979248
1090,103,0.4018491506576538
1100,104,0.26182758808135986
1110,105,0.23785400390625
1120,106,0.4793657958507538
1130,107,0.2406391203403473
1140,108,0.14916390180587769
1150,109,0.3279366195201874
1160,110,0.509139895439148
1170,111,0.2134508490562439
1180,112,0.28639355301856995
1190,113,0.20312586426734924
1200,114,0.12361130863428116
1210,115,0.3419021666049957
1220,116,0.3446318507194519
1230,117,0.31348922848701477
1240,118,0.201928049325943
1250,119,0.48254111409187317
1260,120,0.4476879835128784
1270,121,0.19131921231746674
1280,122,0.19488681852817535
1290,123,0.43798375129699707
1300,124,0.2775704860687256
1310,125,0.3534582555294037
1320,126,0.278706818819046
1330,127,0.07256538420915604
1340,128,0.22749091684818268
1350,129,0.24572141468524933
1360,130,0.29341816902160645
1370,131,0.14495903253555298
1380,132,0.38202548027038574
1390,133,0.24253873527050018
1400,134,0.2916465401649475
1410,135,0.2686626613140106
1420,136,0.26489126682281494
1430,137,0.3056681156158447
1440,138,0.33701953291893005
1450,139,0.35829710960388184
1460,140,0.34752562642097473
1470,141,0.22674062848091125
1480,142,0.24769312143325806
1490,143,0.26750412583351135
1500,144,0.37634003162384033
1510,145,0.3127674460411072
1520,146,0.30053988099098206
1530,147,0.23930716514587402
1540,148,0.4412299394607544
1550,149,0.4831584692001343
1560,150,0.30286645889282227
1570,151,0.3969457447528839
1580,152,0.269043892621994
1590,153,0.6249769926071167
1600,154,0.20883411169052124
1610,155,0.399993360042572
1620,156,0.2077852338552475
1630,157,0.2173953652381897
1640,158,0.2678695321083069
1650,159,0.19579458236694336
1660,160,0.25148454308509827
1670,161,0.3552209436893463
1680,162,0.3533517122268677
1690,163,0.22565016150474548
1700,164,0.42435067892074585
1710,165,0.5323768854141235
1720,166,0.4233283996582031
1730,167,0.47607314586639404
1740,168,0.309146910905838
1750,169,0.30698221921920776
1760,170,0.2863057255744934
1770,171,0.3479374349117279
1780,172,0.1807458996772766
1790,173,0.33523133397102356
1800,174,0.49827125668525696
1810,175,0.19519728422164917
1820,176,0.4793846905231476
1830,177,0.242441326379776
1840,178,0.19623541831970215
1850,179,0.18946802616119385
1860,180,0.09289223700761795
1870,181,0.3016689121723175
1880,182,0.4876246452331543
1890,183,0.7253479361534119
1900,184,0.41554734110832214
1910,185,0.24666070938110352
1920,186,0.38604164123535156
1930,187,0.2935104966163635
1940,188,0.35287484526634216
1950,189,0.26269790530204773
1960,190,0.21153634786605835
1970,191,0.17436102032661438
1980,192,0.46731168031692505
1990,193,0.22191283106803894
2000,194,0.3504134714603424
2010,195,0.26978644728660583
2020,196,0.3656637370586395
2030,197,0.3157898485660553
2040,198,0.18595768511295319
2050,199,0.48024043440818787
2060,200,0.14902086555957794
2070,201,0.35669565200805664
2080,202,0.2638423442840576
2090,203,0.494804710149765
2100,204,0.271248459815979
2110,205,0.3605845272541046
2120,206,0.3748968541622162
2130,207,0.2973134517669678
2140,208,0.19579514861106873
2150,209,0.3041137456893921
2160,210,0.4416615962982178
2170,211,0.12181923538446426
2180,212,0.19022734463214874
2190,213,0.21417637169361115
2200,214,0.2446037381887436
2210,215,0.3851447105407715
2220,216,0.6071732640266418
2230,217,0.21109603345394135
2240,218,0.14342910051345825
2250,219,0.31202971935272217
2260,220,0.44698047637939453
2270,221,0.38562116026878357
2280,222,0.22810862958431244
2290,223,0.48498138785362244
2300,224,0.4672092795372009
2310,225,0.3842737078666687
2320,226,0.3805656135082245
2330,227,0.45243293046951294
2340,228,0.17236115038394928
2350,229,0.33507639169692993
2360,230,0.32179954648017883
2370,231,0.3829430639743805
2380,232,0.42015498876571655
2390,233,0.5037813782691956
2400,234,0.49810895323753357
2410,235,0.24866095185279846
2420,236,0.2880033850669861
2430,237,0.27713462710380554
2440,238,0.2651631832122803
2450,239,0.266758531332016
2460,240,0.289997398853302
2470,241,0.22473277151584625
2480,242,0.27896201610565186
2490,243,0.415919691324234
2500,244,0.22406631708145142
2510,245,0.2999590337276459
2520,246,0.46446692943573
2530,247,0.32795652747154236
2540,248,0.4202205240726471
2550,249,0.35453981161117554
2560,250,0.44026678800582886
2570,251,0.3549645245075226
2580,252,0.3295891284942627
2590,253,0.49018043279647827
2600,254,0.25179994106292725
2610,255,0.5549939870834351
2620,256,0.3975341320037842
2630,257,0.3562995493412018
2640,258,0.22047238051891327
2650,259,0.32468298077583313
2660,260,0.2869276702404022
2670,261,0.4474288821220398
2680,262,0.19711333513259888
2690,263,0.20922748744487762
2700,264,0.643217921257019
2710,265,0.23513971269130707
2720,266,0.26972872018814087
2730,267,0.45329776406288147
2740,268,0.3117140531539917
2750,269,0.3683127760887146
2760,270,0.25851279497146606
2770,271,0.3657355010509491
2780,272,0.2533835172653198
2790,273,0.5221956372261047
2800,274,0.3305460512638092
2810,275,0.5480074882507324
2820,276,0.4056396186351776
2830,277,0.31192466616630554
2840,278,0.27267682552337646
2850,279,0.4607902765274048
2860,280,0.3277917504310608
2870,281,0.3550494313240051
2880,282,0.3786516785621643
2890,283,0.2767799198627472
2900,284,0.4432346522808075
2910,285,0.5299975275993347
2920,286,0.2921633720397949
2930,287,0.3918040692806244
2940,288,0.47905123233795166
2950,289,0.4360538423061371
2960,290,0.20475246012210846
2970,291,0.3750911355018616
2980,292,0.30916035175323486
2990,293,0.5382945537567139
3000,294,0.4438391923904419
3010,295,0.3156145513057709
3020,296,0.5332879424095154
3030,297,0.40265050530433655
3040,298,0.4778854250907898
3050,299,0.32374927401542664
3060,300,0.5310382843017578
3070,301,0.4691503345966339
3080,302,0.4147186577320099
3090,303,0.40347230434417725
3100,304,0.4585256278514862
3110,305,0.18356581032276154
3120,306,0.3033069670200348
3130,307,0.23033493757247925
3140,308,0.2805885076522827
3150,309,0.26799845695495605
3160,310,0.39889436960220337
3170,311,0.22218294441699982
3180,312,0.25737178325653076
3190,313,0.4997231364250183
3200,314,0.2743147015571594
3210,315,0.35096314549446106
3220,316,0.36167898774147034
3230,317,0.3601335883140564
3240,318,0.2826054096221924
3250,319,0.2668500244617462
3260,320,0.6315891742706299
3270,321,0.3755713105201721
3280,322,0.32053300738334656
3290,323,0.3464652895927429
3300,324,0.48838332295417786
3310,325,0.4930045008659363
3320,326,0.2949114739894867
3330,327,0.595162570476532
3340,328,0.29803788661956787
3350,329,0.20317815244197845
3360,330,0.6381033658981323
3370,331,0.21635028719902039
3380,332,0.43473294377326965
3390,333,0.5495253801345825
3400,334,0.2687242329120636
3410,335,0.16779562830924988
3420,336,0.6203613877296448
3430,337,0.28571927547454834
3440,338,0.3663674294948578
3450,339,0.5439876317977905
3460,340,0.5472942590713501
3470,341,0.4782882332801819
3480,342,0.2907560169696808
3490,343,0.313912034034729
3500,344,0.19767707586288452
3510,345,0.4364912509918213
3520,346,0.15902845561504364
3530,347,0.27697715163230896
3540,348,0.5682188272476196
3550,349,0.3296569585800171
3560,350,0.35293957591056824
3570,351,0.2832241356372833
3580,352,0.600152850151062
3590,353,0.5794020891189575
3600,354,0.3420118987560272
3610,355,0.19761420786380768
3620,356,0.4515526294708252
3630,357,0.14494359493255615
3640,358,0.28785374760627747
3650,359,0.40347611904144287
3660,360,0.4424728453159332
3670,361,0.5426737070083618
3680,362,0.2623074948787689
3690,363,0.407326877117157
3700,364,0.2108248621225357
3710,365,0.35564303398132324
3720,366,0.17923812568187714
3730,367,0.4224886894226074
3740,368,0.40261322259902954
3750,369,0.3094251751899719
3760,370,0.18239633738994598
3770,371,0.26481398940086365
3780,372,0.3101816773414612
3790,373,0.15311333537101746
3800,374,0.4086708426475525
3810,375,0.27604934573173523
3820,376,0.28276723623275757
3830,377,0.3551679253578186
3840,378,0.47439301013946533
3850,379,0.430107057094574
3860,380,0.502376139163971
3870,381,0.33813613653182983
3880,382,0.5000036358833313
3890,383,0.41219884157180786
3900,384,0.10276447981595993
3910,385,0.3386213183403015
3920,386,0.3245851397514343
3930,387,0.3945816457271576
3940,388,0.29784712195396423
3950,389,0.362894743680954
3960,390,0.44877052307128906
3970,391,0.467950701713562
3980,392,0.20045621693134308
3990,393,0.3497619926929474
4000,394,0.3278299868106842
4010,395,0.5521448850631714
4020,396,0.4252622425556183
4030,397,0.4980427324771881
4040,398,0.5823677182197571
4050,399,0.16380833089351654
4060,400,0.3485248386859894
4070,401,0.32422518730163574
4080,402,0.26192426681518555
4090,403,0.3921019434928894
4100,404,0.2258913516998291
4110,405,0.31449204683303833
4120,406,0.2609366774559021
4130,407,0.36212027072906494
4140,408,0.18213188648223877
4150,409,0.40534770488739014
4160,410,0.4985275864601135
4170,411,0.16186261177062988
4180,412,0.1786119043827057
4190,413,0.4513590633869171
4200,414,0.3390953242778778
4210,415,0.416218101978302
4220,416,0.4125121831893921
4230,417,0.20117966830730438
4240,418,0.41987118124961853
4250,419,0.2921399176120758
4260,420,0.7419567108154297
4270,421,0.565971851348877
4280,422,0.4280219078063965
4290,423,0.4298015832901001
4300,424,0.2202199101448059
4310,425,0.3256050944328308
4320,426,0.4169255793094635
4330,427,0.3629799485206604
4340,428,0.2516824007034302
4350,429,0.38418689370155334
4360,430,0.2858359217643738
4370,431,0.45210424065589905
4380,432,0.25166770815849304
4390,433,0.23853367567062378
4400,434,0.3004869818687439
4410,435,0.4283725619316101
4420,436,0.23098419606685638
4430,437,0.20707927644252777
4440,438,0.391897976398468
4450,439,0.3089674115180969
4460,440,0.210385262966156
4470,441,0.2989775538444519
4480,442,0.5825095772743225
4490,443,0.40115976333618164
4500,444,0.3735384941101074
4510,445,0.177010178565979
4520,446,0.20091193914413452
4530,447,0.2088817059993744
4540,448,0.2838501036167145
4550,449,0.40681806206703186
4560,450,0.23288385570049286
4570,451,0.3067385256290436
4580,452,0.3063003718852997
4590,453,0.2825392186641693
4600,454,0.2697087228298187
4610,455,0.17829108238220215
4620,456,0.2151116579771042
4630,457,0.4242478311061859
4640,458,0.634979784488678
4650,459,0.1954168677330017
4660,460,0.5603548288345337
4670,461,0.7056490778923035
4680,462,0.21844257414340973
4690,463,0.46532854437828064
4700,464,0.5365668535232544
4710,465,0.23950035870075226
4720,466,0.39228981733322144
4730,467,0.3352479338645935
4740,468,0.3080235421657562
4750,469,0.23421622812747955
4760,470,0.32136937975883484
4770,471,0.17828260362148285
4780,472,0.5145334005355835
4790,473,0.3162829875946045
4800,474,0.27167001366615295
4810,475,0.3033525049686432
4820,476,0.4119729697704315
4830,477,0.28966042399406433
4840,478,0.2583652436733246
4850,479,0.17821867763996124
4860,480,0.08467216789722443
4870,481,0.1754017025232315
4880,482,0.34573355317115784
4890,483,0.2755981981754303
4900,484,0.2647201418876648
4910,485,0.2523145377635956
4920,486,0.22595922648906708
4930,487,0.2080027461051941
4940,488,0.33439943194389343
4950,489,0.33669978380203247
4960,490,0.31469064950942993
4970,491,0.3098599314689636
4980,492,0.17983658611774445
4990,493,0.2438684105873108
5000,494,0.6088318228721619
5010,495,0.4670969247817993
5020,496,0.4550999104976654
5030,497,0.28654906153678894
5040,498,0.437751442193985
5050,499,0.25480917096138
5060,500,0.3935334086418152
5070,501,0.35750895738601685
5080,502,0.41804128885269165
5090,503,0.31135594844818115
5100,504,0.32588645815849304
5110,505,0.30623358488082886
5120,506,0.35565802454948425
5130,507,0.35820406675338745
5140,508,0.2961753010749817
5150,509,0.2246590256690979
5160,510,0.3180086314678192
5170,511,0.294087678194046
5180,512,0.372027724981308
5190,513,0.2379041612148285
5200,514,0.16491802036762238
5210,515,0.46895831823349
5220,516,0.22280555963516235
5230,517,0.1635662466287613
5240,518,0.5178312659263611
5250,519,0.18595609068870544
5260,520,0.3633211851119995
5270,521,0.29654303193092346
5280,522,0.3383166491985321
5290,523,0.44847092032432556
5300,524,0.3224574327468872
5310,525,0.20399612188339233
5320,526,0.30726897716522217
5330,527,0.23911185562610626
5340,528,0.20604369044303894
5350,529,0.24837112426757812
5360,530,0.2937239408493042
5370,531,0.24066179990768433
5380,532,0.1422014683485031
5390,533,0.36726388335227966
5400,534,0.25609105825424194
5410,535,0.11523202806711197
5420,536,0.2807733416557312
5430,537,0.18811820447444916
5440,538,0.12436743080615997
5450,539,0.3277556300163269
5460,540,0.37151384353637695
5470,541,0.19393032789230347
5480,542,0.358895480632782
5490,543,0.33691203594207764
5500,544,0.2548069953918457
5510,545,0.10782177746295929
5520,546,0.3346528708934784
5530,547,0.3633478879928589
5540,548,0.3194117248058319
5550,549,0.2522966265678406
5560,550,0.2617385685443878
5570,551,0.14213907718658447
5580,552,0.26028525829315186
5590,553,0.10938755422830582
5600,554,0.38697731494903564
5610,555,0.7431527376174927
5620,556,0.3864438533782959
5630,557,0.23696249723434448
5640,558,0.30505135655403137
5650,559,0.467772513628006
5660,560,0.3166773319244385
5670,561,0.21736037731170654
5680,562,0.24799615144729614
5690,563,0.330553263425827
5700,564,0.2709219455718994
5710,565,0.23960065841674805
5720,566,0.20750045776367188
5730,567,0.19198015332221985
5740,568,0.22534027695655823
5750,569,0.12386605143547058
5760,570,0.21561190485954285
5770,571,0.1995222270488739
5780,572,0.2971068024635315
5790,573,0.2465074211359024
5800,574,0.5117244124412537
5810,575,0.3363071382045746
5820,576,0.12225671112537384
5830,577,0.599414587020874
5840,578,0.3276787996292114
5850,579,0.14468063414096832
5860,580,0.186939999461174
5870,581,0.3086133599281311
5880,582,0.3694944381713867
5890,583,0.40519800782203674
5900,584,0.23423638939857483
5910,585,0.20240779221057892
5920,586,0.22525762021541595
5930,587,0.3184312880039215
5940,588,0.18273936212062836
5950,589,0.32648831605911255
5960,590,0.15545770525932312
5970,591,0.37126219272613525
5980,592,0.23198163509368896
5990,593,0.3127143979072571
6000,594,0.09069137275218964
6010,595,0.34369903802871704
6020,596,0.2667953073978424
6030,597,0.16132983565330505
6040,598,0.413409948348999
6050,599,0.24193796515464783
6060,600,0.16804508864879608
6070,601,0.2036372870206833
6080,602,0.2988278567790985
6090,603,0.15370038151741028
6100,604,0.13925883173942566
6110,605,0.3834305703639984
6120,606,0.155641108751297
6130,607,0.2676665782928467
6140,608,0.16623102128505707
6150,609,0.2302032858133316
6160,610,0.39527615904808044
6170,611,0.2756499946117401
6180,612,0.27098530530929565
6190,613,0.09268929064273834
6200,614,0.19973982870578766
6210,615,0.341889351606369
6220,616,0.28436771035194397
6230,617,0.1302502453327179
6240,618,0.181677907705307
6250,619,0.4242449402809143
6260,620,0.16000951826572418
6270,621,0.2193896770477295
6280,622,0.23896542191505432
6290,623,0.1881900280714035
6300,624,0.2709229290485382
6310,625,0.26418641209602356
6320,626,0.2981926500797272
6330,627,0.23990121483802795
6340,628,0.4566376507282257
6350,629,0.2798387110233307
6360,630,0.216202050447464
6370,631,0.23788844048976898
6380,632,0.21697647869586945
6390,633,0.2576640844345093
6400,634,0.13448229432106018
6410,635,0.12897370755672455
6420,636,0.1284075528383255
6430,637,0.26186689734458923
6440,638,0.277055561542511
6450,639,0.3348536491394043
6460,640,0.24902960658073425
6470,641,0.18078257143497467
6480,642,0.16160160303115845
6490,643,0.3538801968097687
6500,644,0.4620024859905243
6510,645,0.27066677808761597
6520,646,0.2442678064107895
6530,647,0.17295627295970917
6540,648,0.16314874589443207
6550,649,0.23701795935630798
6560,650,0.1991058737039566
6570,651,0.2534896731376648
6580,652,0.13159748911857605
6590,653,0.4681587517261505
6600,654,0.4624983072280884
6610,655,0.18092305958271027
6620,656,0.13599197566509247
6630,657,0.17007021605968475
6640,658,0.1696355938911438
6650,659,0.09389548003673553
6660,660,0.23553252220153809
6670,661,0.27099713683128357
6680,662,0.21743914484977722
6690,663,0.4874544143676758
6700,664,0.38575616478919983
6710,665,0.10947121679782867
6720,666,0.12604238092899323
6730,667,0.5833479762077332
6740,668,0.21829627454280853
6750,669,0.09321840107440948
6760,670,0.173955038189888
6770,671,0.1965932846069336
6780,672,0.1554138958454132
6790,673,0.1008630096912384
6800,674,0.23667795956134796
6810,675,0.1287929266691208
6820,676,0.20865879952907562
6830,677,0.3237413465976715
6840,678,0.11375732719898224
6850,679,0.20601922273635864
6860,680,0.21769694983959198
6870,681,0.16281771659851074
6880,682,0.2305786907672882
6890,683,0.2947518825531006
6900,684,0.16300565004348755
6910,685,0.3124409317970276
6920,686,0.20409858226776123
6930,687,0.2308763861656189
6940,688,0.24381455779075623
6950,689,0.19930338859558105
6960,690,0.11814150959253311
6970,691,0.40635210275650024
6980,692,0.3272157609462738
6990,693,0.16290508210659027
7000,694,0.5784865617752075
7010,695,0.14258764684200287
7020,696,0.29226553440093994
7030,697,0.25924021005630493
7040,698,0.14748921990394592
7050,699,0.3216899037361145
7060,700,0.34694382548332214
7070,701,0.232153981924057
7080,702,0.13697496056556702
7090,703,0.2740863263607025
7100,704,0.1971861720085144
7110,705,0.3453390598297119
7120,706,0.16945506632328033
7130,707,0.13161104917526245
7140,708,0.06778652220964432
7150,709,0.29264846444129944
7160,710,0.2864872217178345
7170,711,0.21302630007266998
7180,712,0.12159943580627441
7190,713,0.16606265306472778
7200,714,0.13913710415363312
7210,715,0.14099383354187012
7220,716,0.29515159130096436
7230,717,0.29180505871772766
7240,718,0.26255476474761963
7250,719,0.1469283103942871
7260,720,0.185400128364563
7270,721,0.18813133239746094
7280,722,0.14348220825195312
7290,723,0.2540542185306549
7300,724,0.15363363921642303
7310,725,0.16530254483222961
7320,726,0.14786498248577118
7330,727,0.502901554107666
7340,728,0.33859509229660034
7350,729,0.07449066638946533
7360,730,0.25308355689048767
7370,731,0.17467685043811798
7380,732,0.12174555659294128
7390,733,0.35707178711891174
7400,734,0.1418417990207672
7410,735,0.18142473697662354
7420,736,0.3015187680721283
7430,737,0.26111945509910583
7440,738,0.04001932218670845
7450,739,0.17243002355098724
7460,740,0.3831215500831604
7470,741,0.09217532724142075
7480,742,0.4524514675140381
7490,743,0.34703385829925537
7500,744,0.3667704463005066
7510,745,0.20372070372104645
7520,746,0.4087621569633484
7530,747,0.2947385907173157
7540,748,0.1556357592344284
7550,749,0.13817840814590454
7560,750,0.12516553699970245
7570,751,0.15883120894432068
7580,752,0.29475581645965576
7590,753,0.14096714556217194
7600,754,0.20098358392715454
7610,755,0.2495223432779312
7620,756,0.13593751192092896
7630,757,0.17277610301971436
7640,758,0.3811286687850952
7650,759,0.18084299564361572
7660,760,0.38552868366241455
7670,761,0.2617928385734558
7680,762,0.06620341539382935
7690,763,0.14107300341129303
7700,764,0.2446422427892685
7710,765,0.09227406233549118
7720,766,0.2342890501022339
7730,767,0.16025912761688232
7740,768,0.26252052187919617
7750,769,0.122086301445961
7760,770,0.20275911688804626
7770,771,0.19670535624027252
7780,772,0.2246263027191162
7790,773,0.12315373867750168
7800,774,0.049518559128046036
7810,775,0.3917512595653534
7820,776,0.2824023365974426
7830,777,0.21598872542381287
7840,778,0.18684744834899902
7850,779,0.07152927666902542
7860,780,0.07007714360952377
7870,781,0.41920262575149536
7880,782,0.03458555042743683
7890,783,0.08065271377563477
7900,784,0.0786685049533844
7910,785,0.33827468752861023
7920,786,0.21083799004554749
7930,787,0.2812264561653137
7940,788,0.18827322125434875
7950,789,0.1413809359073639
7960,790,0.28236985206604004
7970,791,0.18942371010780334
7980,792,0.11541686952114105
7990,793,0.15669745206832886
8000,794,0.2661457657814026
8010,795,0.5069583058357239
8020,796,0.18040136992931366
8030,797,0.05987707898020744
8040,798,0.05305228382349014
8050,799,0.18173688650131226
8060,800,0.22256778180599213
8070,801,0.18381068110466003
8080,802,0.2010643482208252
8090,803,0.1501609981060028
8100,804,0.23947781324386597
8110,805,0.19499771296977997
8120,806,0.255647212266922
8130,807,0.15413211286067963
8140,808,0.10997562110424042
8150,809,0.25155627727508545
8160,810,0.11753669381141663
8170,811,0.30499428510665894
8180,812,0.19115689396858215
8190,813,0.3891241252422333
8200,814,0.3839861750602722
8210,815,0.1697963923215866
8220,816,0.36871182918548584
8230,817,0.27695515751838684
8240,818,0.23501479625701904
8250,819,0.17719219624996185
8260,820,0.2659185528755188
8270,821,0.13512268662452698
8280,822,0.2545478641986847
8290,823,0.28508931398391724
8300,824,0.18555769324302673
8310,825,0.22982831299304962
8320,826,0.24393360316753387
8330,827,0.22654080390930176
8340,828,0.13032416999340057
8350,829,0.30128517746925354
8360,830,0.19974461197853088
8370,831,0.2726799249649048
8380,832,0.228655606508255
8390,833,0.17653599381446838
8400,834,0.2696738839149475
8410,835,0.17048251628875732
8420,836,0.1290769875049591
8430,837,0.230380117893219
8440,838,0.14392496645450592
8450,839,0.0968066155910492
8460,840,0.040177397429943085
8470,841,0.10857515037059784
8480,842,0.13229027390480042
8490,843,0.14416471123695374
8500,844,0.40383321046829224
8510,845,0.43793871998786926
8520,846,0.18788784742355347
8530,847,0.13601462543010712
8540,848,0.22857221961021423
8550,849,0.06837271898984909
8560,850,0.14612683653831482
8570,851,0.0759953185915947
8580,852,0.26530227065086365
8590,853,0.3321237862110138
8600,854,0.2822374403476715
8610,855,0.16490347683429718
8620,856,0.26363858580589294
8630,857,0.33863532543182373
8640,858,0.11946752667427063
8650,859,0.1550019532442093
8660,860,0.10313691943883896
8670,861,0.2159702032804489
8680,862,0.32017791271209717
8690,863,0.12422766536474228
8700,864,0.21858923137187958
8710,865,0.25022464990615845
8720,866,0.1584101915359497
8730,867,0.05638808012008667
8740,868,0.03553619980812073
8750,869,0.2604168653488159
8760,870,0.3123178482055664
8770,871,0.4323667585849762
8780,872,0.21736577153205872
8790,873,0.27743014693260193
8800,874,0.28356853127479553
8810,875,0.17805150151252747
8820,876,0.030654657632112503
8830,877,0.09269634634256363
8840,878,0.11087852716445923
8850,879,0.3004084825515747
8860,880,0.11364461481571198
8870,881,0.1910894811153412
8880,882,0.3382207155227661
8890,883,0.3030484914779663
8900,884,0.17645516991615295
8910,885,0.1469150185585022
8920,886,0.1623425930738449
8930,887,0.26880985498428345
8940,888,0.13436056673526764
8950,889,0.15927910804748535
8960,890,0.1279076784849167
8970,891,0.29447856545448303
8980,892,0.40822654962539673
8990,893,0.139887273311615
9000,894,0.05988690257072449
9010,895,0.379060298204422
9020,896,0.11743789166212082
9030,897,0.14438496530056
9040,898,0.13132356107234955
9050,899,0.19190695881843567
9060,900,0.19532348215579987
9070,901,0.214144766330719
9080,902,0.11584985256195068
9090,903,0.14375528693199158
9100,904,0.24445101618766785
9110,905,0.06190109997987747
9120,906,0.2456793636083603
9130,907,0.3371693193912506
9140,908,0.28237172961235046
9150,909,0.1297745555639267
9160,910,0.07914963364601135
9170,911,0.19056937098503113
9180,912,0.2442328780889511
9190,913,0.42026638984680176
9200,914,0.20508699119091034
9210,915,0.17131797969341278
9220,916,0.39741402864456177
9230,917,0.18360775709152222
9240,918,0.16639594733715057
9250,919,0.15458938479423523
9260,920,0.12530089914798737
9270,921,0.18313775956630707
9280,922,0.12787297368049622
9290,923,0.1605452299118042
9300,924,0.2303445041179657
9310,925,0.27898842096328735
9320,926,0.1510772556066513
9330,927,0.3273545205593109
9340,928,0.19202028214931488
9350,929,0.17333292961120605
9360,930,0.23003844916820526
9370,931,0.1465296596288681
9380,932,0.1864473968744278
9390,933,0.21056470274925232
9400,934,0.2034614533185959
9410,935,0.23321494460105896
9420,936,0.15496665239334106
9430,937,0.1839953511953354
9440,938,0.17738452553749084
9450,939,0.34066182374954224
9460,940,0.10894708335399628
9470,941,0.1347711980342865
9480,942,0.25497472286224365
9490,943,0.12501291930675507
9500,944,0.07973597943782806
9510,945,0.1226494088768959
9520,946,0.0804218277335167
9530,947,0.06201488897204399
9540,948,0.10805190354585648
9550,949,0.10781334340572357
9560,950,0.17512701451778412
9570,951,0.09809727221727371
9580,952,0.12016648054122925
9590,953,0.11748501658439636
9600,954,0.15139339864253998
9610,955,0.1093316301703453
9620,956,0.282757043838501
9630,957,0.1410607248544693
9640,958,0.20906183123588562
9650,959,0.17889834940433502
9660,960,0.12616513669490814
9670,961,0.11330031603574753
9680,962,0.23207828402519226
9690,963,0.16357889771461487
9700,964,0.1456751674413681
9710,965,0.3097073435783386
9720,966,0.12072359770536423
9730,967,0.03374279662966728
9740,968,0.25795677304267883
9750,969,0.15344353020191193
9760,970,0.2964482009410858
9770,971,0.047576721757650375
9780,972,0.2832271158695221
9790,973,0.13648080825805664
9800,974,0.16420942544937134
9810,975,0.14865447580814362
9820,976,0.16496485471725464
9830,977,0.18091458082199097
9840,978,0.10389530658721924
9850,979,0.17681479454040527
9860,980,0.33696338534355164
9870,981,0.12265484035015106
9880,982,0.29829639196395874
9890,983,0.10276941955089569
9900,984,0.43836697936058044
9910,985,0.1663312017917633
9920,986,0.3646325170993805
9930,987,0.16526439785957336
9940,988,0.0737011581659317
9950,989,0.245509535074234
9960,990,0.13855767250061035
9970,991,0.13376498222351074
9980,992,0.25149232149124146
9990,993,0.23934191465377808
10000,994,0.2690766751766205
10010,995,0.10490984469652176
10020,996,0.31715133786201477
10030,997,0.11368632316589355
10040,998,0.03140689805150032
10050,999,0.3325229287147522
10060,1000,0.08487913012504578
10070,1001,0.24678266048431396
10080,1002,0.13732115924358368
10090,1003,0.21733008325099945
10100,1004,0.2534874677658081
10110,1005,0.19869083166122437
10120,1006,0.06324118375778198
10130,1007,0.18949982523918152
10140,1008,0.30741268396377563
10150,1009,0.29999402165412903
10160,1010,0.1639496237039566
10170,1011,0.046632640063762665
10180,1012,0.17910662293434143
10190,1013,0.09448839724063873
10200,1014,0.23842772841453552
10210,1015,0.4423403739929199
10220,1016,0.1566493958234787
10230,1017,0.12248972058296204
10240,1018,0.2152305692434311
10250,1019,0.038776569068431854
10260,1020,0.2183164805173874
10270,1021,0.04791582375764847
10280,1022,0.033523641526699066
10290,1023,0.3033285140991211
10300,1024,0.15415355563163757
10310,1025,0.26451680064201355
10320,1026,0.13463707268238068
10330,1027,0.2043268084526062
10340,1028,0.15111300349235535
10350,1029,0.24862539768218994
10360,1030,0.35755956172943115
10370,1031,0.16874417662620544
10380,1032,0.328193724155426
10390,1033,0.12396307289600372
10400,1034,0.08416596800088882
10410,1035,0.2906496822834015
10420,1036,0.10332414507865906
10430,1037,0.22877612709999084
10440,1038,0.34142249822616577
10450,1039,0.2455628365278244
10460,1040,0.1042780727148056
10470,1041,0.07763394713401794
10480,1042,0.15431752800941467
10490,1043,0.09740853309631348
10500,1044,0.1599329113960266
10510,1045,0.3031073808670044
10520,1046,0.18326249718666077
10530,1047,0.10777135193347931
10540,1048,0.1229226142168045
10550,1049,0.023258032277226448
10560,1050,0.1978742778301239
10570,1051,0.44322469830513
10580,1052,0.043763305991888046
10590,1053,0.06870728731155396
10600,1054,0.11279623210430145
10610,1055,0.1392921656370163
10620,1056,0.12831434607505798
10630,1057,0.23055337369441986
10640,1058,0.2752613127231598
10650,1059,0.1805654764175415
10660,1060,0.1886061578989029
10670,1061,0.07395748049020767
10680,1062,0.09073673188686371
10690,1063,0.2664656341075897
10700,1064,0.08969444036483765
10710,1065,0.3349505662918091
10720,1066,0.05926311016082764
10730,1067,0.2035902589559555
10740,1068,0.10646413266658783
10750,1069,0.14700399339199066
10760,1070,0.04735299572348595
10770,1071,0.09883617609739304
10780,1072,0.12578096985816956
10790,1073,0.08779559284448624
10800,1074,0.12282703071832657
10810,1075,0.12475430965423584
10820,1076,0.17105254530906677
10830,1077,0.12118211388587952
10840,1078,0.46564725041389465
10850,1079,0.01972605660557747
10860,1080,0.10998726636171341
10870,1081,0.32948875427246094
10880,1082,0.1996607929468155
10890,1083,0.1358104646205902
10900,1084,0.1347394436597824
10910,1085,0.10277759283781052
10920,1086,0.12226863205432892
10930,1087,0.12678289413452148
10940,1088,0.22462505102157593
10950,1089,0.12108439207077026
10960,1090,0.33165478706359863
10970,1091,0.07499837875366211
10980,1092,0.08461068570613861
10990,1093,0.0826430395245552
11000,1094,0.058998286724090576
11010,1095,0.22638607025146484
11020,1096,0.08164995908737183
11030,1097,0.08571309596300125
11040,1098,0.3175303041934967
11050,1099,0.21818143129348755
11060,1100,0.13493938744068146
11070,1101,0.16095295548439026
11080,1102,0.1099080890417099
11090,1103,0.2948756217956543
11100,1104,0.18626774847507477
11110,1105,0.10026218742132187
11120,1106,0.07272051274776459
11130,1107,0.07378051429986954
11140,1108,0.2609444558620453
11150,1109,0.1992087960243225
11160,1110,0.1329672485589981
11170,1111,0.13026703894138336
11180,1112,0.2105880081653595
11190,1113,0.13688519597053528
11200,1114,0.22116082906723022
11210,1115,0.1927996575832367
11220,1116,0.20114457607269287
11230,1117,0.0694049745798111
11240,1118,0.11338408291339874
11250,1119,0.2561015486717224
11260,1120,0.15746894478797913
11270,1121,0.1335422843694687
11280,1122,0.10111558437347412
11290,1123,0.2769765853881836
11300,1124,0.11241103708744049
11310,1125,0.1982753574848175
11320,1126,0.20459435880184174
11330,1127,0.04663529992103577
11340,1128,0.183335080742836
11350,1129,0.0749766007065773
11360,1130,0.06061768904328346
11370,1131,0.0785578191280365
11380,1132,0.24785874783992767
11390,1133,0.0702415183186531
11400,1134,0.38751333951950073
11410,1135,0.13547371327877045
11420,1136,0.44146743416786194
11430,1137,0.11443795263767242
11440,1138,0.09393972158432007
11450,1139,0.3261341154575348
11460,1140,0.18676124513149261
11470,1141,0.05348171666264534
11480,1142,0.0386212021112442
11490,1143,0.12863986194133759
11500,1144,0.3164758086204529
11510,1145,0.12586593627929688
11520,1146,0.38231122493743896
11530,1147,0.16757124662399292
11540,1148,0.08283702284097672
11550,1149,0.28896045684814453
11560,1150,0.09093534201383591
11570,1151,0.04392360895872116
11580,1152,0.05169794335961342
11590,1153,0.20000673830509186
11600,1154,0.1251963973045349
11610,1155,0.21638517081737518
11620,1156,0.18351615965366364
11630,1157,0.28824883699417114
11640,1158,0.38266292214393616
11650,1159,0.13316665589809418
11660,1160,0.26583120226860046
11670,1161,0.10236132889986038
11680,1162,0.02601180039346218
11690,1163,0.14383547008037567
11700,1164,0.046466387808322906
11710,1165,0.35531190037727356
11720,1166,0.10782058537006378
11730,1167,0.24574269354343414
11740,1168,0.1984121948480606
11750,1169,0.21942028403282166
11760,1170,0.14375989139080048
11770,1171,0.0413532592356205
11780,1172,0.07339515537023544
11790,1173,0.048622746020555496
11800,1174,0.19271932542324066
11810,1175,0.1163330227136612
11820,1176,0.19987647235393524
11830,1177,0.23666059970855713
11840,1178,0.2074814885854721
11850,1179,0.37766823172569275
11860,1180,0.04812096804380417
11870,1181,0.07904355973005295
11880,1182,0.129985511302948
11890,1183,0.28245705366134644
11900,1184,0.18957245349884033
11910,1185,0.12236499041318893
11920,1186,0.18197321891784668
11930,1187,0.35035818815231323
11940,1188,0.310436874628067
11950,1189,0.2791668474674225
11960,1190,0.22480365633964539
11970,1191,0.22299280762672424
11980,1192,0.14751940965652466
11990,1193,0.15117886662483215
12000,1194,0.10454031080007553
12010,1195,0.10100585967302322
12020,1196,0.1541299968957901
12030,1197,0.16079454123973846
12040,1198,0.1130378246307373
12050,1199,0.20845244824886322
12060,1200,0.06867438554763794
12070,1201,0.159140944480896
12080,1202,0.17076484858989716
12090,1203,0.07710221409797668
12100,1204,0.22795622050762177
12110,1205,0.07197261601686478
12120,1206,0.13165424764156342
12130,1207,0.2227950543165207
12140,1208,0.10866892337799072
12150,1209,0.14940275251865387
12160,1210,0.252291738986969
12170,1211,0.19243468344211578
12180,1212,0.07111278176307678
12190,1213,0.12366711348295212
12200,1214,0.1740625500679016
12210,1215,0.022211501374840736
12220,1216,0.04752539470791817
12230,1217,0.36520421504974365
12240,1218,0.06588374823331833
12250,1219,0.4078303575515747
12260,1220,0.1529243290424347
12270,1221,0.013225376605987549
12280,1222,0.07382543385028839
12290,1223,0.1886318325996399
12300,1224,0.06003611162304878
12310,1225,0.07525140047073364
12320,1226,0.33121198415756226
12330,1227,0.06250863522291183
12340,1228,0.15735121071338654
12350,1229,0.04792486131191254
12360,1230,0.09465429931879044
12370,1231,0.05577629804611206
12380,1232,0.148418128490448
12390,1233,0.10788102447986603
12400,1234,0.25073063373565674
12410,1235,0.2022029608488083
12420,1236,0.262788325548172
12430,1237,0.1654019057750702
12440,1238,0.14731627702713013
12450,1239,0.06875494122505188
12460,1240,0.20611828565597534
12470,1241,0.07205727696418762
12480,1242,0.17439024150371552
12490,1243,0.031343284994363785
12500,1244,0.23729819059371948
12510,1245,0.16757214069366455
12520,1246,0.15619468688964844
12530,1247,0.07485916465520859
12540,1248,0.1631569266319275
12550,1249,0.14947587251663208
12560,1250,0.13695698976516724
12570,1251,0.10350087285041809
12580,1252,0.039025336503982544
12590,1253,0.10519703477621078
12600,1254,0.14826926589012146
12610,1255,0.1841539740562439
12620,1256,0.06080310046672821
12630,1257,0.042521409690380096
12640,1258,0.12435377389192581
12650,1259,0.08213026076555252
12660,1260,0.08509677648544312
12670,1261,0.09728656709194183
12680,1262,0.14109531044960022
12690,1263,0.12626750767230988
12700,1264,0.12278620898723602
12710,1265,0.1297888159751892
12720,1266,0.12717220187187195
12730,1267,0.3696216642856598
12740,1268,0.15513649582862854
12750,1269,0.010350296273827553
12760,1270,0.20457600057125092
12770,1271,0.26802605390548706
12780,1272,0.15864761173725128
12790,1273,0.19992604851722717
12800,1274,0.1220935732126236
12810,1275,0.1894642859697342
12820,1276,0.1760384738445282
12830,1277,0.25380200147628784
12840,1278,0.08748982846736908
12850,1279,0.07044689357280731
12860,1280,0.08961312472820282
12870,1281,0.06652681529521942
12880,1282,0.06342693418264389
12890,1283,0.13941259682178497
12900,1284,0.23725496232509613
12910,1285,0.2886962294578552
12920,1286,0.06970217078924179
12930,1287,0.2498101145029068
12940,1288,0.08645223826169968
12950,1289,0.021852880716323853
12960,1290,0.20233258605003357
12970,1291,0.20295026898384094
12980,1292,0.31566232442855835
12990,1293,0.06961088627576828
13000,1294,0.09501593559980392
13010,1295,0.19435279071331024
13020,1296,0.07407516241073608
13030,1297,0.15328115224838257
13040,1298,0.13687047362327576
13050,1299,0.03283247724175453
13060,1300,0.0928964614868164
13070,1301,0.09963900595903397
13080,1302,0.14969399571418762
13090,1303,0.12541772425174713
13100,1304,0.27872106432914734
13110,1305,0.1321045309305191
13120,1306,0.15449218451976776
13130,1307,0.1561732441186905
13140,1308,0.20799171924591064
13150,1309,0.2138923853635788
13160,1310,0.10203508287668228
13170,1311,0.12447614967823029
13180,1312,0.3583833873271942
13190,1313,0.1352001577615738
13200,1314,0.14386096596717834
13210,1315,0.12970538437366486
13220,1316,0.1494092494249344
13230,1317,0.07471594959497452
13240,1318,0.33175376057624817
13250,1319,0.19966290891170502
13260,1320,0.2146555781364441
13270,1321,0.14944908022880554
13280,1322,0.1425306648015976
13290,1323,0.20520608127117157
13300,1324,0.14118435978889465
13310,1325,0.2253633737564087
13320,1326,0.34542563557624817
13330,1327,0.10859892517328262
13340,1328,0.19365181028842926
13350,1329,0.17828379571437836
13360,1330,0.17044880986213684
13370,1331,0.09970375895500183
13380,1332,0.3478712737560272
13390,1333,0.10556671023368835
13400,1334,0.094733327627182
13410,1335,0.1441255807876587
13420,1336,0.1261972337961197
13430,1337,0.17689870297908783
13440,1338,0.06183740124106407
13450,1339,0.067690908908844
13460,1340,0.04283036291599274
13470,1341,0.16284731030464172
13480,1342,0.05166580528020859
13490,1343,0.0798945426940918
13500,1344,0.3183577358722687
13510,1345,0.1157090812921524
13520,1346,0.020248373970389366
13530,1347,0.15186405181884766
13540,1348,0.03518274798989296
13550,1349,0.20094718039035797
13560,1350,0.11197832226753235
13570,1351,0.18287129700183868
13580,1352,0.07543618977069855
13590,1353,0.15473045408725739
13600,1354,0.04906666278839111
13610,1355,0.03651503473520279
13620,1356,0.09520473331212997
13630,1357,0.0819619745016098
13640,1358,0.03063322603702545
13650,1359,0.112439826130867
13660,1360,0.11923360079526901
13670,1361,0.2617886960506439
13680,1362,0.09107059985399246
13690,1363,0.23909196257591248
13700,1364,0.16867049038410187
13710,1365,0.22064098715782166
13720,1366,0.21691372990608215
13730,1367,0.2194398045539856
13740,1368,0.1669420301914215
13750,1369,0.07103707641363144
13760,1370,0.2423410713672638
13770,1371,0.041325878351926804
13780,1372,0.19880101084709167
13790,1373,0.18145214021205902
13800,1374,0.13961543142795563
13810,1375,0.04281594604253769
13820,1376,0.0954681783914566
13830,1377,0.08565643429756165
13840,1378,0.12188346683979034
13850,1379,0.1644977480173111
13860,1380,0.04668223112821579
13870,1381,0.050180431455373764
13880,1382,0.1066800206899643
13890,1383,0.1555165797472
13900,1384,0.36481744050979614
13910,1385,0.1535722017288208
13920,1386,0.15087147057056427
13930,1387,0.04508722573518753
13940,1388,0.040672607719898224
13950,1389,0.000929049332626164
13960,1390,0.14908985793590546
13970,1391,0.1364220678806305
13980,1392,0.13744723796844482
13990,1393,0.08229811489582062
14000,1394,0.380325049161911
14010,1395,0.10349880903959274
14020,1396,0.39274099469184875
14030,1397,0.16013944149017334
14040,1398,0.05945594608783722
14050,1399,0.20208951830863953
14060,1400,0.12134499102830887
14070,1401,0.045250069350004196
14080,1402,0.22459013760089874
14090,1403,0.15136632323265076
14100,1404,0.1670525223016739
14110,1405,0.05146436765789986
14120,1406,0.07158230245113373
14130,1407,0.1768176555633545
14140,1408,0.042917702347040176
14150,1409,0.137208491563797
14160,1410,0.2208806723356247
14170,1411,0.16774000227451324
14180,1412,0.11881601810455322
14190,1413,0.16607755422592163
14200,1414,0.22722749412059784
14210,1415,0.05122477933764458
14220,1416,0.09937560558319092
14230,1417,0.12899743020534515
14240,1418,0.23340804874897003
14250,1419,0.08955895900726318
14260,1420,0.19198060035705566
14270,1421,0.20974862575531006
14280,1422,0.10506673157215118
14290,1423,0.1186206042766571
14300,1424,0.10467138886451721
14310,1425,0.07698018848896027
14320,1426,0.39331409335136414
14330,1427,0.15193012356758118
14340,1428,0.12841446697711945
14350,1429,0.1616741269826889
14360,1430,0.33079367876052856
14370,1431,0.2123129963874817
14380,1432,0.08926277607679367
14390,1433,0.022269848734140396
14400,1434,0.13328611850738525
14410,1435,0.1418645977973938
14420,1436,0.0932847261428833
14430,1437,0.1597452163696289
14440,1438,0.042974803596735
14450,1439,0.11377058923244476
14460,1440,0.1618105173110962
14470,1441,0.16543984413146973
14480,1442,0.43017086386680603
14490,1443,0.013851448893547058
14500,1444,0.18672871589660645
14510,1445,0.24726098775863647
14520,1446,0.07406707853078842
14530,1447,0.19367218017578125
14540,1448,0.2003670483827591
14550,1449,0.18675634264945984
14560,1450,0.07427544891834259
14570,1451,0.0937308669090271
14580,1452,0.3872986137866974
14590,1453,0.11960659176111221
14600,1454,0.03689613565802574
14610,1455,0.04793931543827057
14620,1456,0.025011206045746803
14630,1457,0.23414233326911926
14640,1458,0.12930811941623688
14650,1459,0.14957407116889954
14660,1460,0.18231846392154694
14670,1461,0.20856881141662598
14680,1462,0.2090410590171814
14690,1463,0.15818040072917938
14700,1464,0.07688223570585251
14710,1465,0.08443910628557205
14720,1466,0.04758226126432419
14730,1467,0.17781344056129456
14740,1468,0.15025503933429718
14750,1469,0.09121405333280563
14760,1470,0.0846678763628006
14770,1471,0.2417321801185608
14780,1472,0.05550228804349899
14790,1473,0.07286199182271957
14800,1474,0.14091667532920837
14810,1475,0.0686480924487114
14820,1476,0.1728406846523285
14830,1477,0.06632132828235626
14840,1478,0.14426970481872559
14850,1479,0.1504283994436264
14860,1480,0.1083703562617302
14870,1481,0.17812183499336243
14880,1482,0.10800021886825562
14890,1483,0.18693087995052338
14900,1484,0.20192164182662964
14910,1485,0.1151721328496933
14920,1486,0.11283467710018158
14930,1487,0.13669270277023315
14940,1488,0.10591241717338562
14950,1489,0.25747382640838623
14960,1490,0.022761458531022072
14970,1491,0.12084795534610748
14980,1492,0.06198945641517639
14990,1493,0.09585846960544586
15000,1494,0.05737125873565674
15010,1495,0.09342693537473679
15020,1496,0.05814201384782791
15030,1497,0.241217240691185
15040,1498,0.04781126603484154
15050,1499,0.1112404391169548
15060,1500,0.2258443385362625
15070,1501,0.35409703850746155
15080,1502,0.06620180606842041
15090,1503,0.044283464550971985
15100,1504,0.0988118052482605
15110,1505,0.12482907623052597
15120,1506,0.17321589589118958
15130,1507,0.09783637523651123
15140,1508,0.09995310753583908
15150,1509,0.17231139540672302
15160,1510,0.17136064171791077
15170,1511,0.1123032495379448
15180,1512,0.07965882867574692
15190,1513,0.34974923729896545
15200,1514,0.08775832504034042
15210,1515,0.10157466679811478
15220,1516,0.24425692856311798
15230,1517,0.22824931144714355
15240,1518,0.24554605782032013
15250,1519,0.0336909145116806
15260,1520,0.07607272267341614
15270,1521,0.04707814380526543
15280,1522,0.12443551421165466
15290,1523,0.15065637230873108
15300,1524,0.08713100105524063
15310,1525,0.030408568680286407
15320,1526,0.24708972871303558
15330,1527,0.07567119598388672
15340,1528,0.06800683587789536
15350,1529,0.2556256055831909
15360,1530,0.07371395081281662
15370,1531,0.1636073887348175
15380,1532,0.06471417099237442
15390,1533,0.2501849830150604
15400,1534,0.013762610033154488
15410,1535,0.024456754326820374
15420,1536,0.12422789633274078
15430,1537,0.0866423025727272
15440,1538,0.13723719120025635
15450,1539,0.45116329193115234
15460,1540,0.09532546997070312
15470,1541,0.05613923445343971
15480,1542,0.13319852948188782
15490,1543,0.05910439416766167
15500,1544,0.1164669543504715
15510,1545,0.07196913659572601
15520,1546,0.13894936442375183
15530,1547,0.13175614178180695
15540,1548,0.12168610095977783
15550,1549,0.15346457064151764
15560,1550,0.08087240159511566
15570,1551,0.14020110666751862
15580,1552,0.13059642910957336
15590,1553,0.20575864613056183
15600,1554,0.15881866216659546
15610,1555,0.04101254791021347
15620,1556,0.20756123960018158
15630,1557,0.023860037326812744
15640,1558,0.20020829141139984
15650,1559,0.06404600292444229
15660,1560,0.21336258947849274
15670,1561,0.27686792612075806
15680,1562,0.16175486147403717
15690,1563,0.13182173669338226
15700,1564,0.12748880684375763
15710,1565,0.1071917712688446
15720,1566,0.13364146649837494
15730,1567,0.10546325147151947
15740,1568,0.10900019109249115
15750,1569,0.1137629970908165
15760,1570,0.06112479418516159
15770,1571,0.02803266979753971
15780,1572,0.12507584691047668
15790,1573,0.1614014208316803
15800,1574,0.16656902432441711
15810,1575,0.14331549406051636
15820,1576,0.23268075287342072
15830,1577,0.07318452000617981
15840,1578,0.11837435513734818
15850,1579,0.054618943482637405
15860,1580,0.07316123694181442
15870,1581,0.10622455179691315
15880,1582,0.07216453552246094
15890,1583,0.05904897302389145
15900,1584,0.20620980858802795
15910,1585,0.07671390473842621
15920,1586,0.07657083868980408
15930,1587,0.12323805689811707
15940,1588,0.02901722677052021
15950,1589,0.07986805588006973
15960,1590,0.16499531269073486
15970,1591,0.3829936683177948
15980,1592,0.08557945489883423
15990,1593,0.11739850044250488
16000,1594,0.09943950176239014
16010,1595,0.06717582792043686
16020,1596,0.19718770682811737
16030,1597,0.1488880068063736
16040,1598,0.027562523260712624
16050,1599,0.342171311378479
16060,1600,0.27152585983276367
16070,1601,0.12546440958976746
16080,1602,0.08496593683958054
16090,1603,0.12741194665431976
16100,1604,0.09425672143697739
16110,1605,0.03664321452379227
16120,1606,0.28751465678215027
16130,1607,0.008218430913984776
16140,1608,0.04984303563833237
16150,1609,0.08098819106817245
16160,1610,0.08996103703975677
16170,1611,0.11369071155786514
16180,1612,0.27520495653152466
16190,1613,0.1344139277935028
16200,1614,0.07380050420761108
16210,1615,0.18989798426628113
16220,1616,0.11853625625371933
16230,1617,0.03449322283267975
16240,1618,0.1629236936569214
16250,1619,0.07626887410879135
16260,1620,0.03620758652687073
16270,1621,0.2898794710636139
16280,1622,0.08493144065141678
16290,1623,0.23136062920093536
16300,1624,0.18286336958408356
16310,1625,0.06105625256896019
16320,1626,0.1297934651374817
16330,1627,0.12496823072433472
16340,1628,0.1756608486175537
16350,1629,0.08751174062490463
16360,1630,0.014156035147607327
16370,1631,0.10982031375169754
16380,1632,0.09471741318702698
16390,1633,0.210174560546875
16400,1634,0.04890787601470947
16410,1635,0.2501353621482849
16420,1636,0.1535768210887909
16430,1637,0.2472667247056961
16440,1638,0.23454950749874115
16450,1639,0.27535486221313477
16460,1640,0.1257704794406891
16470,1641,0.15661147236824036
16480,1642,0.17488960921764374
16490,1643,0.12062697112560272
16500,1644,0.050669923424720764
16510,1645,0.11211215704679489
16520,1646,0.0654245987534523
16530,1647,0.004921773914247751
16540,1648,0.1411878764629364
16550,1649,0.07321495562791824
16560,1650,0.09292461723089218
16570,1651,0.0738501101732254
16580,1652,0.24254243075847626
16590,1653,0.17751799523830414
16600,1654,0.07998563349246979
16610,1655,0.055192600935697556
16620,1656,0.1213839054107666
16630,1657,0.015493976883590221
16640,1658,0.019567418843507767
16650,1659,0.11335273832082748
16660,1660,0.10168446600437164
16670,1661,0.09172525256872177
16680,1662,0.05671538785099983
16690,1663,0.06357737630605698
16700,1664,0.19344888627529144
16710,1665,0.229405477643013
16720,1666,0.3185811936855316
16730,1667,0.06046227738261223
16740,1668,0.03223198652267456
16750,1669,0.4220951497554779
16760,1670,0.12827807664871216
16770,1671,0.07356412708759308
16780,1672,0.07249698042869568
16790,1673,0.13073639571666718
16800,1674,0.1705450564622879
16810,1675,0.10255742073059082
16820,1676,0.17872178554534912
16830,1677,0.1978534609079361
16840,1678,0.10330644994974136
16850,1679,0.08250921219587326
16860,1680,0.10403989255428314
16870,1681,0.08235025405883789
16880,1682,0.19481123983860016
16890,1683,0.31843507289886475
16900,1684,0.22614429891109467
16910,1685,0.2570625841617584
16920,1686,0.051495861262083054
16930,1687,0.030374828726053238
16940,1688,0.0916980430483818
16950,1689,0.15114954113960266
16960,1690,0.12656861543655396
16970,1691,0.004258340690284967
16980,1692,0.5053760409355164
16990,1693,0.07273446768522263
17000,1694,0.3796687126159668
17010,1695,0.08211759477853775
17020,1696,0.002664724597707391
17030,1697,0.07275599241256714
17040,1698,0.2282141000032425
17050,1699,0.08010619878768921
17060,1700,0.44100242853164673
17070,1701,0.20293854176998138
17080,1702,0.11443027853965759
17090,1703,0.19447061419487
17100,1704,0.04238462075591087
17110,1705,0.06441463530063629
17120,1706,0.13197940587997437
17130,1707,0.038870591670274734
17140,1708,0.07081276923418045
17150,1709,0.08113093674182892
17160,1710,0.10522300750017166
17170,1711,0.195608988404274
17180,1712,0.13013234734535217
17190,1713,0.06698785722255707
17200,1714,0.07739090174436569
17210,1715,0.06951053440570831
17220,1716,0.08459296077489853
17230,1717,0.09780671447515488
17240,1718,0.051943808794021606
17250,1719,0.20275384187698364
17260,1720,0.20640741288661957
17270,1721,0.05829530209302902
17280,1722,0.08724626153707504
17290,1723,0.10029948502779007
17300,1724,0.10388356447219849
17310,1725,0.07982561737298965
17320,1726,0.36223965883255005
17330,1727,0.1291137933731079
17340,1728,0.16686557233333588
17350,1729,0.09905644506216049
17360,1730,0.14553096890449524
17370,1731,0.23236167430877686
17380,1732,0.15731975436210632
17390,1733,0.09584745019674301
17400,1734,0.07223766297101974
17410,1735,0.14844578504562378
17420,1736,0.0559169240295887
17430,1737,0.03960232436656952
17440,1738,0.10077856481075287
17450,1739,0.14017561078071594
17460,1740,0.16341960430145264
17470,1741,0.3425871431827545
17480,1742,0.1779770404100418
17490,1743,0.12532489001750946
17500,1744,0.12956666946411133
17510,1745,0.21786582469940186
17520,1746,0.10124058276414871
17530,1747,0.32538944482803345
17540,1748,0.027558429166674614
17550,1749,0.22875234484672546
17560,1750,0.24499085545539856
17570,1751,0.19308415055274963
17580,1752,0.08710763603448868
17590,1753,0.2144669145345688
17600,1754,0.14469504356384277
17610,1755,0.1501985341310501
17620,1756,0.2112990766763687
17630,1757,0.07938917726278305
17640,1758,0.027167126536369324
17650,1759,0.061191242188215256
17660,1760,0.07065043598413467
17670,1761,0.043869756162166595
17680,1762,0.030447930097579956
17690,1763,0.14536266028881073
17700,1764,0.0657506063580513
17710,1765,0.08571834117174149
17720,1766,0.1388264149427414
17730,1767,0.21470966935157776
17740,1768,0.17231324315071106
17750,1769,0.17786601185798645
17760,1770,0.09148886799812317
17770,1771,0.14280489087104797
17780,1772,0.0846136137843132
17790,1773,0.09139363467693329
17800,1774,0.06808903813362122
17810,1775,0.1628742814064026
17820,1776,0.12806981801986694
17830,1777,0.12066800147294998
17840,1778,0.03472965583205223
17850,1779,0.21084420382976532
17860,1780,0.01848471537232399
17870,1781,0.04344768822193146
17880,1782,0.008373642340302467
17890,1783,0.1325041651725769
17900,1784,0.20147056877613068
17910,1785,0.022610582411289215
17920,1786,0.18630321323871613
17930,1787,0.04359295591711998
17940,1788,0.090273417532444
17950,1789,0.08854229003190994
17960,1790,0.10671854019165039
17970,1791,0.07467112690210342
17980,1792,0.05244363099336624
17990,1793,0.029442131519317627
18000,1794,0.2639278769493103
18010,1795,0.12590111792087555
18020,1796,0.017436880618333817
18030,1797,0.16833442449569702
18040,1798,0.06538168340921402
18050,1799,0.08720695972442627
18060,1800,0.25698307156562805
18070,1801,0.02972801774740219
18080,1802,0.21746279299259186
18090,1803,0.0965925008058548
18100,1804,0.1624314785003662
18110,1805,0.01926812157034874
18120,1806,0.1784185916185379
18130,1807,0.11911211162805557
18140,1808,0.17184358835220337
18150,1809,0.16141942143440247
18160,1810,0.16418331861495972
18170,1811,0.16412855684757233
18180,1812,0.023944521322846413
18190,1813,0.053091395646333694
18200,1814,0.01794038899242878
18210,1815,0.2272128462791443
18220,1816,0.03825699910521507
18230,1817,0.13391391932964325
18240,1818,0.07251206040382385
18250,1819,0.08367874473333359
18260,1820,0.07193152606487274
18270,1821,0.09496541321277618
18280,1822,0.10793095827102661
18290,1823,0.1712675243616104
18300,1824,0.26880958676338196
18310,1825,0.12413357198238373
18320,1826,0.23330672085285187
18330,1827,0.030623406171798706
18340,1828,0.06734000146389008
18350,1829,0.12550987303256989
18360,1830,0.020974725484848022
18370,1831,0.20423544943332672
18380,1832,0.10288715362548828
18390,1833,0.11367465555667877
18400,1834,0.5368315577507019
18410,1835,0.04962366074323654
18420,1836,0.03280381113290787
18430,1837,0.2145037204027176
18440,1838,0.14373943209648132
18450,1839,0.2553110718727112
18460,1840,0.05532163381576538
18470,1841,0.12138675153255463
18480,1842,0.061181966215372086
18490,1843,0.1444171965122223
18500,1844,0.012320210225880146
18510,1845,0.05652675777673721
18520,1846,0.3173716068267822
18530,1847,0.22695426642894745
18540,1848,0.0011185185285285115
18550,1849,0.20662333071231842
18560,1850,0.04861576855182648
18570,1851,0.09334339946508408
18580,1852,0.07729402929544449
18590,1853,0.10793737322092056
18600,1854,0.22127455472946167
18610,1855,0.08046454936265945
18620,1856,0.13333360850811005
18630,1857,0.18955746293067932
18640,1858,0.19420984387397766
18650,1859,0.04764482006430626
18660,1860,0.16905522346496582
18670,1861,0.17475035786628723
18680,1862,0.05763072520494461
18690,1863,0.08965054154396057
18700,1864,0.18792064487934113
18710,1865,0.08506284654140472
18720,1866,0.14961528778076172
18730,1867,0.20253358781337738
18740,1868,0.06227133423089981
18750,1869,0.04174244403839111
18760,1870,0.14851272106170654
18770,1871,0.0503697544336319
18780,1872,0.09671369194984436
18790,1873,0.10927321016788483
18800,1874,0.11274514347314835
18810,1875,0.1597016453742981
18820,1876,0.0663163959980011
18830,1877,0.08783894777297974
18840,1878,0.09142740070819855
18850,1879,0.027497652918100357
18860,1880,0.14113713800907135
18870,1881,0.09851787239313126
18880,1882,0.11018851399421692
18890,1883,0.020640365779399872
18900,1884,0.1467416137456894
18910,1885,0.13086667656898499
18920,1886,0.051764070987701416
18930,1887,0.10314740985631943
18940,1888,0.18871250748634338
18950,1889,0.04038025811314583
18960,1890,0.10129543393850327
18970,1891,0.05339112505316734
18980,1892,0.13457833230495453
18990,1893,0.15233123302459717
19000,1894,0.08438946306705475
19010,1895,0.02784651145339012
19020,1896,0.12413406372070312
19030,1897,0.08197386562824249
19040,1898,0.1776483803987503
19050,1899,0.09806810319423676
19060,1900,0.10987576097249985
19070,1901,0.08308467268943787
19080,1902,0.09085377305746078
19090,1903,0.15378373861312866
19100,1904,0.10741899162530899
19110,1905,0.18029409646987915
19120,1906,0.030640076845884323
19130,1907,0.008436410687863827
19140,1908,0.2258896380662918
19150,1909,0.1250353306531906
19160,1910,0.2661653757095337
19170,1911,0.11687659472227097
19180,1912,0.2540781497955322
19190,1913,0.059488166123628616
19200,1914,0.06417080014944077
19210,1915,0.15786412358283997
19220,1916,0.08233918994665146
19230,1917,0.09939856082201004
19240,1918,0.10865917056798935
19250,1919,0.23827368021011353
19260,1920,0.07659997045993805
19270,1921,0.09825154393911362
19280,1922,0.22333386540412903
19290,1923,0.13010811805725098
19300,1924,0.05864037573337555
19310,1925,0.04243054986000061
19320,1926,0.17276248335838318
19330,1927,0.12881548702716827
19340,1928,0.2718988060951233
19350,1929,0.23565706610679626
19360,1930,0.034490931779146194
19370,1931,0.04991283640265465
19380,1932,0.14740100502967834
19390,1933,0.058571767061948776
19400,1934,0.13671669363975525
19410,1935,0.1838524490594864
19420,1936,0.31245264410972595
19430,1937,0.0248184222728014
19440,1938,0.13425622880458832
19450,1939,0.18806198239326477
19460,1940,0.08959505707025528
19470,1941,0.03787229210138321
19480,1942,0.2744487226009369
19490,1943,0.15541915595531464
19500,1944,0.1578834056854248
19510,1945,0.2817339301109314
19520,1946,0.022234749048948288
19530,1947,0.07204007357358932
19540,1948,0.13664132356643677
19550,1949,0.14875024557113647
19560,1950,0.15801694989204407
19570,1951,0.06608781218528748
19580,1952,0.10092760622501373
19590,1953,0.08550284802913666
19600,1954,0.08162771165370941
19610,1955,0.23543955385684967
19620,1956,0.2406059056520462
19630,1957,0.16066356003284454
19640,1958,0.10141777247190475
19650,1959,0.142283096909523
19660,1960,0.16135331988334656
19670,1961,0.012798203155398369
19680,1962,0.035212043672800064
19690,1963,0.046708352863788605
19700,1964,0.2742924392223358
19710,1965,0.11628272384405136
19720,1966,0.1199437603354454
19730,1967,0.10829878598451614
19740,1968,0.011657063849270344
19750,1969,0.21895064413547516
19760,1970,0.16109879314899445
19770,1971,0.164061039686203
19780,1972,0.07002031058073044
19790,1973,0.0713428184390068
19800,1974,0.14283031225204468
19810,1975,0.137826606631279
19820,1976,0.08611192554235458
19830,1977,0.09761371463537216
19840,1978,0.09998062252998352
19850,1979,0.09751281142234802
19860,1980,0.03718607500195503
19870,1981,0.10616785287857056
19880,1982,0.06946838647127151
19890,1983,0.023655708879232407
19900,1984,0.14800862967967987
19910,1985,0.27909740805625916
19920,1986,0.06533952057361603
19930,1987,0.11402477324008942
19940,1988,0.11598493158817291
19950,1989,0.17871452867984772
19960,1990,0.031276457011699677
19970,1991,0.057562101632356644
19980,1992,0.060745395720005035
19990,1993,0.19968783855438232
20000,1994,0.12355217337608337
20010,1995,0.07483524084091187
20020,1996,0.05514199286699295
20030,1997,0.08813796937465668
20040,1998,0.07227864116430283
20050,1999,0.09252575039863586
20060,2000,0.14786222577095032
20070,2001,0.05974900722503662
20080,2002,0.06719537079334259
20090,2003,0.034676358103752136
20100,2004,0.05137406289577484
20110,2005,0.013945939019322395
20120,2006,0.10328792035579681
20130,2007,0.06321384757757187
20140,2008,0.04754931852221489
20150,2009,0.04912242665886879
20160,2010,0.5910703539848328
20170,2011,0.22368475794792175
20180,2012,0.04788115993142128
20190,2013,0.02017711102962494
20200,2014,0.14013546705245972
20210,2015,0.11773856729269028
20220,2016,0.07116493582725525
20230,2017,0.320651650428772
20240,2018,0.1665305644273758
20250,2019,0.06944992393255234
20260,2020,0.0726257711648941
20270,2021,0.02737785130739212
20280,2022,0.16247086226940155
20290,2023,0.2116318792104721
20300,2024,0.08252508193254471
20310,2025,0.06659017503261566
20320,2026,0.13236014544963837
20330,2027,0.2943699061870575
20340,2028,0.10078489035367966
20350,2029,0.218637153506279
20360,2030,0.17915643751621246
20370,2031,0.13831683993339539
20380,2032,0.014072924852371216
20390,2033,0.0713014006614685
20400,2034,0.03449816256761551
20410,2035,0.1329031139612198
20420,2036,0.015910696238279343
20430,2037,0.0783507451415062
20440,2038,0.01626882702112198
20450,2039,0.01895422860980034
20460,2040,0.1875566840171814
20470,2041,0.367706298828125
20480,2042,0.09688712656497955
20490,2043,0.10230126976966858
20500,2044,0.05586198717355728
20510,2045,0.055470917373895645
20520,2046,0.16481320559978485
20530,2047,0.17804360389709473
20540,2048,0.029028553515672684
20550,2049,0.12914153933525085
20560,2050,0.024221578612923622
20570,2051,0.06780160218477249
20580,2052,0.061199236661195755
20590,2053,0.14573530852794647
20600,2054,0.12863965332508087
20610,2055,0.13400080800056458
20620,2056,0.17478491365909576
20630,2057,0.058103296905756
20640,2058,0.05976919084787369
20650,2059,0.07782629877328873
20660,2060,0.07912446558475494
20670,2061,0.06286446750164032
20680,2062,0.109474778175354
20690,2063,0.12711210548877716
20700,2064,0.15851342678070068
20710,2065,0.07158325612545013
20720,2066,0.06429514288902283
20730,2067,0.03191534802317619
20740,2068,0.24388423562049866
20750,2069,0.13503894209861755
20760,2070,0.06901568919420242
20770,2071,0.09863601624965668
20780,2072,0.08851776272058487
20790,2073,0.08358645439147949
20800,2074,0.016752924770116806
20810,2075,0.05827024206519127
20820,2076,0.08183600753545761
20830,2077,0.1664789766073227
20840,2078,0.06416201591491699
20850,2079,0.043589167296886444
20860,2080,0.04241114854812622
20870,2081,0.13640321791172028
20880,2082,0.19891735911369324
20890,2083,0.11373251676559448
20900,2084,0.04004235193133354
20910,2085,0.2350238859653473
20920,2086,0.06537283957004547
20930,2087,0.07092717289924622
20940,2088,0.09099915623664856
20950,2089,0.07034023106098175
20960,2090,0.35537129640579224
20970,2091,0.04462208226323128
20980,2092,0.036635156720876694
20990,2093,0.2152264267206192
21000,2094,0.0698290541768074
21010,2095,0.23588484525680542
21020,2096,0.08507302403450012
21030,2097,0.1216198205947876
21040,2098,0.04471885785460472
21050,2099,0.12178818136453629
21060,2100,0.12969189882278442
21070,2101,0.28676921129226685
21080,2102,0.053696077316999435
21090,2103,0.053666722029447556
21100,2104,0.11894427239894867
21110,2105,0.07267596572637558
21120,2106,0.07353973388671875
21130,2107,0.10960406064987183
21140,2108,0.03600894287228584
21150,2109,0.27272388339042664
21160,2110,0.05755133554339409
21170,2111,0.08921600878238678
21180,2112,0.17175836861133575
21190,2113,0.136931911110878
21200,2114,0.1279093325138092
21210,2115,0.03689437732100487
21220,2116,0.0171867273747921
21230,2117,0.10591214895248413
21240,2118,0.0043072025291621685
21250,2119,0.15589889883995056
21260,2120,0.1075342521071434
21270,2121,0.0753185823559761
21280,2122,0.013106461614370346
21290,2123,0.09860590100288391
21300,2124,0.21397985517978668
21310,2125,0.058868132531642914
21320,2126,0.06290450692176819
21330,2127,0.010434594936668873
21340,2128,0.04884396120905876
21350,2129,0.05635407567024231
21360,2130,0.09100598096847534
21370,2131,0.012823519296944141
21380,2132,0.10103356838226318
21390,2133,0.07821229845285416
21400,2134,0.09112249314785004
21410,2135,0.052167266607284546
21420,2136,0.28624045848846436
21430,2137,0.031354859471321106
21440,2138,0.16238579154014587
21450,2139,0.28936856985092163
21460,2140,0.07381069660186768
21470,2141,0.14624033868312836
21480,2142,0.27486538887023926
21490,2143,0.187620148062706
21500,2144,0.09706170856952667
21510,2145,0.14548225700855255
21520,2146,0.12040213495492935
21530,2147,0.16977769136428833
21540,2148,0.04481172934174538
21550,2149,0.13317205011844635
21560,2150,0.11135631054639816
21570,2151,0.0562395304441452
21580,2152,0.010229762643575668
21590,2153,0.23538482189178467
21600,2154,0.125780388712883
21610,2155,0.08139442652463913
21620,2156,0.09598993510007858
21630,2157,0.14578644931316376
21640,2158,0.13828586041927338
21650,2159,0.1623922884464264
21660,2160,0.1803962141275406
21670,2161,0.18316593766212463
21680,2162,0.131208598613739
21690,2163,0.009828947484493256
21700,2164,0.024121634662151337
21710,2165,0.02465035952627659
21720,2166,0.04637494310736656
21730,2167,0.06317750364542007
21740,2168,0.12101918458938599
21750,2169,0.13392367959022522
21760,2170,0.08129748702049255
21770,2171,0.1108580008149147
21780,2172,0.04318193718791008
21790,2173,0.08094742149114609
21800,2174,0.15688763558864594
21810,2175,0.19433234632015228
21820,2176,0.008686775341629982
21830,2177,0.07327936589717865
21840,2178,0.2606182098388672
21850,2179,0.07479799538850784
21860,2180,0.07206618040800095
21870,2181,0.036852676421403885
21880,2182,0.24731025099754333
21890,2183,0.030652234330773354
21900,2184,0.03552645072340965
21910,2185,0.03359755128622055
21920,2186,0.11848638206720352
21930,2187,0.035322584211826324
21940,2188,0.12779666483402252
21950,2189,0.10711489617824554
21960,2190,0.15816038846969604
21970,2191,0.0907575935125351
21980,2192,0.0681675523519516
21990,2193,0.10921093821525574
22000,2194,0.034703150391578674
22010,2195,0.01497318223118782
22020,2196,0.09106661379337311
22030,2197,0.08367066085338593
22040,2198,0.09296339005231857
22050,2199,0.15120276808738708
22060,2200,0.12541711330413818
22070,2201,0.051593393087387085
22080,2202,0.16788266599178314
22090,2203,0.014216212555766106
22100,2204,0.1678418517112732
22110,2205,0.01414041593670845
22120,2206,0.13162460923194885
22130,2207,0.07869384437799454
22140,2208,0.07101356983184814
22150,2209,0.08572766184806824
22160,2210,0.037135884165763855
22170,2211,0.14520341157913208
22180,2212,0.14751040935516357
22190,2213,0.16472920775413513
22200,2214,0.13223418593406677
22210,2215,0.08217926323413849
22220,2216,0.027848778292536736
22230,2217,0.023397261276841164
22240,2218,0.001332937041297555
22250,2219,0.0717509537935257
22260,2220,0.09147918969392776
22270,2221,0.08758160471916199
22280,2222,0.058341193944215775
22290,2223,0.07953362166881561
22300,2224,0.07209371775388718
22310,2225,0.10480140894651413
22320,2226,0.030115731060504913
22330,2227,0.12955455482006073
22340,2228,0.02062515914440155
22350,2229,0.10288049280643463
22360,2230,0.06745613366365433
22370,2231,0.2794671058654785
22380,2232,0.00825471431016922
22390,2233,0.10871981084346771
22400,2234,0.08033353090286255
22410,2235,0.02438376471400261
22420,2236,0.1271648406982422
22430,2237,0.09699059277772903
22440,2238,0.32753363251686096
22450,2239,0.08916250616312027
22460,2240,0.0599154494702816
22470,2241,0.02608208730816841
22480,2242,0.012427362613379955
22490,2243,0.0031424129847437143
22500,2244,0.17379310727119446
22510,2245,0.08212926983833313
22520,2246,0.10003567487001419
22530,2247,0.10681955516338348
22540,2248,0.07456015795469284
22550,2249,0.01154041662812233
22560,2250,0.05523449555039406
22570,2251,0.11197761446237564
22580,2252,0.12010276317596436
22590,2253,0.004947197623550892
22600,2254,0.07832273840904236
22610,2255,0.06338923424482346
22620,2256,0.030472444370388985
22630,2257,0.049811072647571564
22640,2258,0.03320619836449623
22650,2259,0.0881337970495224
22660,2260,0.06647200882434845
22670,2261,0.004772571846842766
22680,2262,0.04198203608393669
22690,2263,0.23300454020500183
22700,2264,0.18374353647232056
22710,2265,0.048018164932727814
22720,2266,0.12101688235998154
22730,2267,0.04218827933073044
22740,2268,0.01899869367480278
22750,2269,0.10993029922246933
22760,2270,0.1441679298877716
22770,2271,0.0674981027841568
22780,2272,0.02828589640557766
22790,2273,0.03859734162688255
22800,2274,0.1800888031721115
22810,2275,0.0317806750535965
22820,2276,0.20214995741844177
22830,2277,0.0015842729480937123
22840,2278,0.02991790696978569
22850,2279,0.05631837248802185
22860,2280,0.11065182834863663
22870,2281,0.024045513942837715
22880,2282,0.06006798893213272
22890,2283,0.08658897131681442
22900,2284,0.030585970729589462
22910,2285,0.13733874261379242
22920,2286,0.0465860441327095
22930,2287,0.12508642673492432
22940,2288,0.04658180847764015
22950,2289,0.0037898942828178406
22960,2290,0.02572755701839924
22970,2291,9.694533218862489e-05
22980,2292,0.025354614481329918
22990,2293,0.037393368780612946
23000,2294,0.05062691122293472
23010,2295,0.2125767022371292
23020,2296,0.06085719168186188
23030,2297,0.10278916358947754
23040,2298,0.07188071310520172
23050,2299,0.004517212975770235
23060,2300,0.05812275782227516
23070,2301,0.08228406310081482
23080,2302,0.007882007397711277
23090,2303,0.08610379695892334
23100,2304,0.0348043330013752
23110,2305,0.12053442001342773
23120,2306,0.11344955116510391
23130,2307,0.025184450671076775
23140,2308,0.0997762680053711
23150,2309,0.06114104762673378
23160,2310,0.049994032829999924
23170,2311,0.07082608342170715
23180,2312,0.09723716229200363
23190,2313,0.12827838957309723
23200,2314,0.14492441713809967
23210,2315,0.09001847356557846
23220,2316,0.04810415953397751
23230,2317,0.023236434906721115
23240,2318,0.02436969056725502
23250,2319,0.18949544429779053
23260,2320,0.22804474830627441
23270,2321,0.0975257158279419
23280,2322,0.026021722704172134
23290,2323,0.010328056290745735
23300,2324,0.0477573424577713
23310,2325,0.06313607096672058
23320,2326,0.05386039987206459
23330,2327,0.10248477756977081
23340,2328,0.055769361555576324
23350,2329,5.983349183225073e-05
23360,2330,0.10811665654182434
23370,2331,0.02388831041753292
23380,2332,3.477641803328879e-05
23390,2333,0.08683760464191437
23400,2334,0.06373461335897446
23410,2335,0.051757361739873886
23420,2336,0.09761924296617508
23430,2337,0.03098941594362259
23440,2338,0.023170989006757736
23450,2339,0.14345163106918335
23460,2340,0.06734415888786316
23470,2341,0.018562959507107735
23480,2342,0.040758028626441956
23490,2343,0.09976175427436829
23500,2344,0.05629577487707138
23510,2345,0.03559944033622742
23520,2346,0.04633728787302971
23530,2347,0.21375896036624908
23540,2348,0.07972177863121033
23550,2349,0.0006671142764389515
23560,2350,0.06416133046150208
23570,2351,0.19472342729568481
23580,2352,0.03280610591173172
23590,2353,0.10905749350786209
23600,2354,0.009482580237090588
23610,2355,0.08609174937009811
23620,2356,0.0022248770110309124
23630,2357,0.02881607785820961
23640,2358,0.06855849921703339
23650,2359,0.012678242288529873
23660,2360,0.042443130165338516
23670,2361,0.018849419429898262
23680,2362,0.06152347847819328
23690,2363,0.021746600046753883
23700,2364,0.050858985632658005
23710,2365,0.017411092296242714
23720,2366,0.04673248156905174
23730,2367,0.025781802833080292
23740,2368,0.03462652489542961
23750,2369,0.021199677139520645
23760,2370,0.05627487599849701
23770,2371,0.09305968135595322
23780,2372,0.030805381014943123
23790,2373,0.015516132116317749
23800,2374,0.09105895459651947
23810,2375,0.038421597331762314
23820,2376,0.1299220770597458
23830,2377,0.011646412312984467
23840,2378,0.04959792271256447
23850,2379,0.027836844325065613
23860,2380,0.006263738963752985
23870,2381,0.0909932479262352
23880,2382,0.02441001497209072
23890,2383,0.07043499499559402
23900,2384,0.03124246932566166
23910,2385,0.026946062222123146
23920,2386,0.09906687587499619
23930,2387,0.04337526485323906
23940,2388,0.04224083200097084
23950,2389,0.02905459515750408
23960,2390,0.1657465547323227
23970,2391,0.030431101098656654
23980,2392,0.03931054472923279
23990,2393,0.0593218170106411
24000,2394,0.016021477058529854
24010,2395,0.04907677695155144
24020,2396,0.12537555396556854
24030,2397,1.0299872883479111e-05
24040,2398,0.053181473165750504
24050,2399,0.05326654016971588
24060,2400,0.010025832802057266
24070,2401,0.09861976653337479
24080,2402,0.2193792164325714
24090,2403,0.021731946617364883
24100,2404,0.04091938957571983
24110,2405,0.0030697165057063103
24120,2406,0.06150819733738899
24130,2407,0.05797378346323967
24140,2408,3.672027014545165e-05
24150,2409,0.08466005325317383
24160,2410,0.008412125520408154
24170,2411,0.11797560751438141
24180,2412,0.047663431614637375
24190,2413,0.004052933771163225
24200,2414,0.08867253363132477
24210,2415,0.03274531662464142
24220,2416,0.0606081523001194
24230,2417,0.019237026572227478
24240,2418,0.07471339404582977
24250,2419,0.05589878186583519
24260,2420,0.06638824939727783
24270,2421,0.06827077269554138
24280,2422,0.035328272730112076
24290,2423,0.04507998004555702
24300,2424,0.009727382101118565
24310,2425,0.002053778152912855
24320,2426,0.16589675843715668
24330,2427,0.02084461785852909
24340,2428,0.08461137861013412
24350,2429,0.03184550628066063
24360,2430,0.05169287323951721
24370,2431,0.08211829513311386
24380,2432,0.025682853534817696
24390,2433,0.12837758660316467
24400,2434,0.08049764484167099
24410,2435,0.16316965222358704
24420,2436,0.09498057514429092
24430,2437,0.041358582675457
24440,2438,0.04549224674701691
24450,2439,0.023829203099012375
24460,2440,0.0318075455725193
24470,2441,0.0419597253203392
24480,2442,0.09811209887266159
24490,2443,0.07990724593400955
24500,2444,0.04294371232390404
24510,2445,0.09680509567260742
24520,2446,0.1383361518383026
24530,2447,0.013041715137660503
24540,2448,0.11234121024608612
24550,2449,0.03975716605782509
24560,2450,0.13775020837783813
24570,2451,0.15505865216255188
24580,2452,0.0009560476173646748
24590,2453,0.11353401094675064
24600,2454,0.006952332332730293
24610,2455,0.04829191789031029
24620,2456,0.15185348689556122
24630,2457,0.10012111067771912
24640,2458,0.000170601429999806
24650,2459,0.025537680834531784
24660,2460,0.018831739202141762
24670,2461,0.08912798762321472
24680,2462,0.0014240986201912165
24690,2463,0.05748072266578674
24700,2464,0.03635408356785774
24710,2465,0.012428278103470802
24720,2466,0.024425504729151726
24730,2467,0.036018017679452896
24740,2468,0.12139497697353363
24750,2469,0.11645223200321198
24760,2470,0.001034930464811623
24770,2471,0.07158245146274567
24780,2472,0.08527333289384842
24790,2473,0.002322749001905322
24800,2474,0.06807651370763779
24810,2475,0.08606293797492981
24820,2476,0.06617128103971481
24830,2477,0.02968781627714634
24840,2478,0.09723908454179764
24850,2479,0.07450897991657257
24860,2480,0.0110388258472085
24870,2481,0.012722956016659737
24880,2482,0.036538124084472656
24890,2483,0.09674353897571564
24900,2484,0.08840247988700867
24910,2485,0.023585252463817596
24920,2486,0.06567550450563431
24930,2487,0.006148765329271555
24940,2488,0.06040672957897186
24950,2489,0.011816615238785744
24960,2490,0.05272483825683594
24970,2491,0.15489745140075684
24980,2492,0.028362756595015526
24990,2493,0.018194062635302544
25000,2494,0.03271601349115372
25010,2495,0.030242919921875
25020,2496,0.046082887798547745
25030,2497,0.039770957082509995
25040,2498,0.040888670831918716
25050,2499,0.10286902636289597
25060,2500,0.043715950101614
25070,2501,0.027073407545685768
25080,2502,0.0025838667061179876
25090,2503,0.2447168529033661
25100,2504,0.13069739937782288
25110,2505,0.01616748422384262
25120,2506,0.027470530942082405
25130,2507,0.04261944442987442
25140,2508,0.28129759430885315
25150,2509,0.037905044853687286
25160,2510,0.004049128387123346
25170,2511,3.996027317043627e-06
25180,2512,0.21823221445083618
25190,2513,3.7180136587267043e-06
25200,2514,0.03917206451296806
25210,2515,0.12502643465995789
25220,2516,0.19899003207683563
25230,2517,0.001240650424733758
25240,2518,0.06863030046224594
25250,2519,0.005794288590550423
25260,2520,0.0705464631319046
25270,2521,0.029748324304819107
25280,2522,0.06269915401935577
25290,2523,0.011768079362809658
25300,2524,0.009115556254982948
25310,2525,0.014233495108783245
25320,2526,0.09089770913124084
25330,2527,0.020358091220259666
25340,2528,0.008503907360136509
25350,2529,0.16420729458332062
25360,2530,0.019393881782889366
25370,2531,0.12271128594875336
25380,2532,0.044231731444597244
25390,2533,0.041940201073884964
25400,2534,0.11166652292013168
25410,2535,0.012196537107229233
25420,2536,0.10280328243970871
25430,2537,0.00639460701495409
25440,2538,0.0855286717414856
25450,2539,0.003900331910699606
25460,2540,0.014587660320103168
25470,2541,0.033124133944511414
25480,2542,0.08354899287223816
25490,2543,0.0707385316491127
25500,2544,0.026696722954511642
25510,2545,0.00838618166744709
25520,2546,0.013338852673768997
25530,2547,0.014959745109081268
25540,2548,0.0078609399497509
25550,2549,0.028258347883820534
25560,2550,0.036074891686439514
25570,2551,0.03373173251748085
25580,2552,0.011399743147194386
25590,2553,0.00821351632475853
25600,2554,0.07813127338886261
25610,2555,0.10498535633087158
25620,2556,0.17698466777801514
25630,2557,0.020189691334962845
25640,2558,0.014145871624350548
25650,2559,0.014387812465429306
25660,2560,0.13034144043922424
25670,2561,0.018178822472691536
25680,2562,0.002046635840088129
25690,2563,0.1329384744167328
25700,2564,0.0023610370699316263
25710,2565,0.11079747974872589
25720,2566,2.104662053170614e-05
25730,2567,2.036372825386934e-05
25740,2568,0.14891116321086884
25750,2569,0.03697007894515991
25760,2570,0.006513891275972128
25770,2571,0.026299115270376205
25780,2572,0.03640509396791458
25790,2573,0.008728072047233582
25800,2574,0.015316581353545189
25810,2575,0.013536689803004265
25820,2576,0.08462727069854736
25830,2577,0.008900654502213001
25840,2578,0.015101766213774681
25850,2579,2.3250633603311144e-05
25860,2580,0.03215960040688515
25870,2581,2.8159520297776908e-05
25880,2582,0.01428366918116808
25890,2583,0.10206235945224762
25900,2584,0.09195132553577423
25910,2585,0.004966345150023699
25920,2586,0.01222997810691595
25930,2587,0.07805806398391724
25940,2588,0.06606533378362656
25950,2589,0.03998173400759697
25960,2590,0.12896637618541718
25970,2591,0.002749808831140399
25980,2592,0.016834570094943047
25990,2593,0.0064930119551718235
26000,2594,0.04223516210913658
26010,2595,0.0619741827249527
26020,2596,0.006138558033853769
26030,2597,0.07773106545209885
26040,2598,0.027840716764330864
26050,2599,0.0023235424887388945
26060,2600,0.07570837438106537
26070,2601,0.0741363987326622
26080,2602,0.1520075500011444
26090,2603,0.027346085757017136
26100,2604,0.08756526559591293
26110,2605,0.023598171770572662
26120,2606,0.09215662628412247
26130,2607,0.014660575427114964
26140,2608,0.03966003656387329
26150,2609,0.09153831750154495
26160,2610,0.03789396211504936
26170,2611,7.200597337941872e-06
26180,2612,1.3537257473217323e-05
26190,2613,0.030473649501800537
26200,2614,0.006880876142531633
26210,2615,7.605491191498004e-06
26220,2616,0.01489733625203371
26230,2617,0.157893568277359
26240,2618,0.08751542121171951
26250,2619,0.04608573764562607
26260,2620,0.1328239142894745
26270,2621,0.026758309453725815
26280,2622,0.008315812796354294
26290,2623,0.0528242290019989
26300,2624,0.02727084420621395
26310,2625,0.07181428372859955
26320,2626,0.1760774850845337
26330,2627,0.02235041931271553
26340,2628,0.0564240999519825
26350,2629,0.07378710061311722
26360,2630,0.04709945246577263
26370,2631,0.0700693428516388
26380,2632,0.0004948584828525782
26390,2633,0.07799442112445831
26400,2634,0.07319746166467667
26410,2635,0.0035655691754072905
26420,2636,0.04258504509925842
26430,2637,0.030111199244856834
26440,2638,0.021287361159920692
26450,2639,0.09982778131961823
26460,2640,0.033926721662282944
26470,2641,0.09136130660772324
26480,2642,0.016889149323105812
26490,2643,0.08070885390043259
26500,2644,0.09771023690700531
26510,2645,0.05289469659328461
26520,2646,0.05829817056655884
26530,2647,0.06702207773923874
26540,2648,6.626501999562606e-05
26550,2649,0.03377404808998108
26560,2650,0.05159386247396469
26570,2651,0.12496493756771088
26580,2652,0.15856362879276276
26590,2653,0.07409695535898209
26600,2654,2.1746101992903277e-05
26610,2655,0.013893901370465755
26620,2656,0.004936566576361656
26630,2657,0.014460141770541668
26640,2658,0.02541961520910263
26650,2659,0.012269440107047558
26660,2660,0.014586176723241806
26670,2661,3.734026904567145e-05
26680,2662,0.18187931180000305
26690,2663,0.047734715044498444
26700,2664,0.10227896273136139
26710,2665,0.018826503306627274
26720,2666,0.08724357187747955
26730,2667,0.06209442764520645
26740,2668,0.025023983791470528
26750,2669,0.023271378129720688
26760,2670,0.005081904120743275
26770,2671,0.07048353552818298
26780,2672,0.027325130999088287
26790,2673,0.06409809738397598
26800,2674,0.16528470814228058
26810,2675,0.03889443352818489
26820,2676,0.09548499435186386
26830,2677,0.08688525855541229
26840,2678,0.009189784526824951
26850,2679,0.11853835731744766
26860,2680,0.002593220677226782
26870,2681,3.4028413210762665e-05
26880,2682,0.0556345209479332
26890,2683,0.0006888210773468018
26900,2684,0.016491631045937538
26910,2685,0.06768587231636047
26920,2686,0.04905850812792778
26930,2687,2.9621849535033107e-05
26940,2688,0.10535310208797455
26950,2689,0.008307487703859806
26960,2690,0.10369747877120972
26970,2691,0.028711412101984024
26980,2692,0.15058013796806335
26990,2693,0.08918432891368866
27000,2694,0.03852864354848862
27010,2695,1.2476260053517763e-05
27020,2696,0.19212666153907776
27030,2697,0.06660650670528412
27040,2698,0.0900786891579628
27050,2699,0.007535217329859734
27060,2700,0.06118271127343178
27070,2701,0.01751863770186901
27080,2702,0.10676241666078568
27090,2703,0.003319940995424986
27100,2704,0.12896981835365295
27110,2705,0.021841226145625114
27120,2706,0.01691388711333275
27130,2707,0.10207641124725342
27140,2708,0.06362501531839371
27150,2709,0.05565975606441498
27160,2710,0.05020098388195038
27170,2711,0.016724843531847
27180,2712,0.16754531860351562
27190,2713,0.06871578842401505
27200,2714,0.015573309734463692
27210,2715,0.0025863603223115206
27220,2716,0.04297718405723572
27230,2717,3.380675252628862e-06
27240,2718,0.01379789225757122
27250,2719,0.035131920129060745
27260,2720,0.07877113670110703
27270,2721,0.1358034908771515
27280,2722,0.05318740755319595
27290,2723,3.92241759072931e-07
27300,2724,0.005526340566575527
27310,2725,0.16209757328033447
27320,2726,0.025451574474573135
27330,2727,0.1179288849234581
27340,2728,0.059416450560092926
27350,2729,0.08648014813661575
27360,2730,9.237621270585805e-06
27370,2731,0.05073641240596771
27380,2732,0.0063406298868358135
27390,2733,0.20018614828586578
27400,2734,0.06463173031806946
27410,2735,0.10867056250572205
27420,2736,0.07523057609796524
27430,2737,0.017364971339702606
27440,2738,0.05183587223291397
27450,2739,0.03278351575136185
27460,2740,0.082987479865551
27470,2741,0.06293584406375885
27480,2742,0.0508328378200531
27490,2743,0.08715900778770447
27500,2744,0.1557011604309082
27510,2745,0.028861936181783676
27520,2746,0.017624229192733765
27530,2747,0.09981781989336014
27540,2748,0.02694987691938877
27550,2749,0.08542966842651367
27560,2750,0.04498055949807167
27570,2751,0.15879398584365845
27580,2752,0.029161298647522926
27590,2753,0.08444637805223465
27600,2754,0.03455829620361328
27610,2755,0.000912714225705713
27620,2756,0.03978336229920387
27630,2757,0.023164914920926094
27640,2758,0.11667924374341965
27650,2759,0.15656444430351257
27660,2760,0.01907249167561531
27670,2761,0.03158922865986824
27680,2762,0.19012156128883362
27690,2763,0.031719233840703964
27700,2764,0.019443713128566742
27710,2765,0.04137387126684189
27720,2766,0.03231140971183777
27730,2767,0.01474423985928297
27740,2768,8.776729373494163e-06
27750,2769,0.18828900158405304
27760,2770,0.015869256108999252
27770,2771,0.12236274778842926
27780,2772,0.0054832384921610355
27790,2773,0.019731998443603516
27800,2774,0.07355799525976181
27810,2775,0.029375683516263962
27820,2776,0.05153409764170647
27830,2777,0.11624924838542938
27840,2778,0.008623908273875713
27850,2779,0.026239249855279922
27860,2780,0.059300899505615234
27870,2781,0.06020461395382881
27880,2782,0.06978307664394379
27890,2783,0.0150499502196908
27900,2784,0.0465463362634182
27910,2785,8.373689342988655e-05
27920,2786,0.027684055268764496
27930,2787,0.004433745052665472
27940,2788,0.002818493638187647
27950,2789,0.0398852601647377
27960,2790,0.05533234030008316
27970,2791,0.0006868726341053843
27980,2792,0.04455523192882538
27990,2793,0.003931970801204443
28000,2794,0.00696793757379055
28010,2795,0.05010433867573738
28020,2796,0.023350637406110764
28030,2797,0.005420289468020201
28040,2798,0.20277990400791168
28050,2799,0.10864461213350296
28060,2800,0.011482726782560349
28070,2801,0.08446721732616425
28080,2802,0.22907224297523499
28090,2803,0.020760202780365944
28100,2804,0.01960194855928421
28110,2805,0.07024451345205307
28120,2806,0.023375723510980606
28130,2807,0.0667642131447792
28140,2808,4.539037490758346e-06
28150,2809,0.006366188637912273
28160,2810,0.08317690342664719
28170,2811,0.07274438440799713
28180,2812,0.01138002797961235
28190,2813,0.04453084245324135
28200,2814,0.048795752227306366
28210,2815,0.040394216775894165
28220,2816,0.011707352474331856
28230,2817,2.2065446501073893e-06
28240,2818,0.05979825183749199
28250,2819,0.010862426832318306
28260,2820,0.04389473423361778
28270,2821,0.024226920679211617
28280,2822,0.10189354419708252
28290,2823,0.00827168021351099
28300,2824,0.06229979544878006
28310,2825,0.033661164343357086
28320,2826,0.05764845013618469
28330,2827,0.00853758119046688
28340,2828,0.15144082903862
28350,2829,0.016980929300189018
28360,2830,6.570315690623829e-06
28370,2831,0.0036407848820090294
28380,2832,0.00882991123944521
28390,2833,0.04731149226427078
28400,2834,0.0009116515284404159
28410,2835,0.06499021500349045
28420,2836,0.035794951021671295
28430,2837,0.04905007779598236
28440,2838,0.04860610514879227
28450,2839,0.07581944018602371
28460,2840,0.0131724514067173
28470,2841,0.0011542347492650151
28480,2842,0.06443996727466583
28490,2843,0.09412209689617157
28500,2844,0.022295111790299416
28510,2845,0.07342851907014847
28520,2846,3.107824159087613e-05
28530,2847,0.015208571217954159
28540,2848,0.0646304041147232
28550,2849,0.07759704440832138
28560,2850,0.020203491672873497
28570,2851,0.06816131621599197
28580,2852,1.1631379948084941e-06
28590,2853,0.011352265253663063
28600,2854,0.018889710307121277
28610,2855,2.107723503286252e-06
28620,2856,0.0015938723227009177
28630,2857,0.03445100784301758
28640,2858,0.005323480349034071
28650,2859,0.00317178200930357
28660,2860,3.350658289491548e-06
28670,2861,0.03841138631105423
28680,2862,0.060462165623903275
28690,2863,0.007537275552749634
28700,2864,0.016010383144021034
28710,2865,0.016286414116621017
28720,2866,0.02970452606678009
28730,2867,8.580809662817046e-06
28740,2868,0.0003308705927338451
28750,2869,0.00686278659850359
28760,2870,0.15250536799430847
28770,2871,0.033889058977365494
28780,2872,0.002155215945094824
28790,2873,0.05008130520582199
28800,2874,0.0028309556655585766
28810,2875,4.644940418074839e-06
28820,2876,0.02034078724682331
28830,2877,0.002504059113562107
28840,2878,0.19561633467674255
28850,2879,0.07585150003433228
28860,2880,1.0842116353160236e-05
28870,2881,0.09731844812631607
28880,2882,0.00904940627515316
28890,2883,0.10416439920663834
28900,2884,0.059388045221567154
28910,2885,2.105267412844114e-05
28920,2886,0.037389934062957764
28930,2887,0.0177164189517498
28940,2888,0.06054278463125229
28950,2889,0.036604978144168854
28960,2890,0.00014923146227374673
28970,2891,0.06568408757448196
28980,2892,0.15180297195911407
28990,2893,0.06740429252386093
29000,2894,0.07989272475242615
29010,2895,0.00038649915950372815
29020,2896,0.09409332275390625
29030,2897,0.09912706911563873
29040,2898,0.07151337713003159
29050,2899,0.010231679305434227
29060,2900,0.027045302093029022
29070,2901,0.027976054698228836
29080,2902,0.002821974456310272
29090,2903,0.012052678503096104
29100,2904,0.10960220545530319
29110,2905,0.03588227927684784
29120,2906,0.054715901613235474
29130,2907,0.023946410045027733
29140,2908,0.04293806105852127
29150,2909,0.01417250744998455
29160,2910,0.019901059567928314
29170,2911,0.058458857238292694
29180,2912,0.05251885950565338
29190,2913,0.09247469902038574
29200,2914,0.1006188914179802
29210,2915,0.00031236305949278176
29220,2916,0.057038962841033936
29230,2917,0.07927384972572327
29240,2918,0.11104704439640045
29250,2919,0.11349040269851685
29260,2920,0.028842175379395485
29270,2921,0.07111326605081558
29280,2922,0.006370662245899439
29290,2923,0.056567203253507614
29300,2924,0.0655398964881897
29310,2925,0.1061110869050026
29320,2926,0.017374685034155846
29330,2927,0.018733615055680275
29340,2928,1.3270140698296018e-05
29350,2929,0.049546629190444946
29360,2930,0.012062858790159225
29370,2931,0.05713221803307533
29380,2932,0.014531547203660011
29390,2933,1.2702615094895009e-05
29400,2934,0.031934645026922226
29410,2935,0.09032241255044937
29420,2936,0.04370778053998947
29430,2937,0.034502383321523666
29440,2938,0.004688113462179899
29450,2939,0.033077675849199295
29460,2940,0.07921089231967926
29470,2941,0.035799358040094376
29480,2942,0.045833930373191833
29490,2943,0.0309600867331028
29500,2944,3.4863521705119638e-06
29510,2945,0.06956988573074341
29520,2946,0.14272372424602509
29530,2947,0.037304315716028214
29540,2948,0.03435090556740761
29550,2949,0.015556704252958298
29560,2950,0.006118910387158394
29570,2951,0.07837969809770584
29580,2952,0.011116478592157364
29590,2953,0.0853506475687027
29600,2954,0.003983160946518183
29610,2955,0.14318455755710602
29620,2956,0.005475018173456192
29630,2957,0.0580432265996933
29640,2958,0.0035559481475502253
29650,2959,1.856098833741271e-06
29660,2960,0.02892146073281765
29670,2961,0.14289025962352753
29680,2962,0.04401371255517006
29690,2963,8.201574019039981e-06
29700,2964,0.06714081019163132
29710,2965,0.04548739269375801
29720,2966,0.009396754205226898
29730,2967,0.007281512953341007
29740,2968,0.0420762300491333
29750,2969,0.10010013729333878
29760,2970,0.003562635974958539
29770,2971,0.0760478675365448
29780,2972,0.01271523255854845
29790,2973,0.14294680953025818
29800,2974,0.22129884362220764
29810,2975,0.043134015053510666
29820,2976,0.09807467460632324
29830,2977,0.016273386776447296
29840,2978,0.009917618706822395
29850,2979,0.0515945740044117
29860,2980,0.031889431178569794
29870,2981,7.2398675001750235e-06
29880,2982,0.092360720038414
29890,2983,0.03883605822920799
29900,2984,0.043749574571847916
29910,2985,0.00020243767357897013
29920,2986,0.02693835273385048
29930,2987,0.0015964057529345155
29940,2988,0.020624274387955666
29950,2989,0.025610705837607384
29960,2990,0.0893951877951622
29970,2991,0.006662337109446526
29980,2992,0.006800774019211531
29990,2993,0.09051384776830673
30000,2994,0.01221614982932806
30010,2995,0.008981483988463879
30020,2996,0.010248491540551186
30030,2997,0.036399126052856445
30040,2998,0.03761586919426918
30050,2999,1.3616367141366936e-05
30060,3000,0.11680108308792114
30070,3001,0.016895530745387077
30080,3002,0.010129089467227459
30090,3003,0.08332449942827225
30100,3004,0.05607185885310173
30110,3005,0.0555049404501915
30120,3006,0.052897073328495026
30130,3007,0.09829507768154144
30140,3008,0.1336427628993988
30150,3009,0.031093789264559746
30160,3010,0.021438267081975937
30170,3011,0.08777627348899841
30180,3012,0.10532458871603012
30190,3013,0.03715359419584274
30200,3014,0.12625756859779358
30210,3015,0.00041082792449742556
30220,3016,0.1256597638130188
30230,3017,0.09562408924102783
30240,3018,0.029413744807243347
30250,3019,0.13786382973194122
30260,3020,0.13315752148628235
30270,3021,0.04110042005777359
30280,3022,0.055836718529462814
30290,3023,0.010027006268501282
30300,3024,0.029453551396727562
30310,3025,0.04917062446475029
30320,3026,0.07655543088912964
30330,3027,0.08081044256687164
30340,3028,0.005281643010675907
30350,3029,0.023970162495970726
30360,3030,0.013050653971731663
30370,3031,0.03622846677899361
30380,3032,0.02895638905465603
30390,3033,0.022598862648010254
30400,3034,0.0355578288435936
30410,3035,0.024739960208535194
30420,3036,0.08478245884180069
30430,3037,0.020872972905635834
30440,3038,0.06340339779853821
30450,3039,1.815308496588841e-05
30460,3040,0.02417740970849991
30470,3041,0.0035052006132900715
30480,3042,0.039021700620651245
30490,3043,0.02609947882592678
30500,3044,0.030894946306943893
30510,3045,0.10813506692647934
30520,3046,0.09396973997354507
30530,3047,0.04636143893003464
30540,3048,0.044770997017621994
30550,3049,0.08842004835605621
30560,3050,0.033899907022714615
30570,3051,0.04584492743015289
30580,3052,0.08935210108757019
30590,3053,0.01318699587136507
30600,3054,0.057937558740377426
30610,3055,0.005362343043088913
30620,3056,0.031869806349277496
30630,3057,0.12898746132850647
30640,3058,0.020676201209425926
30650,3059,0.0571766272187233
30660,3060,0.051292385905981064
30670,3061,0.061683185398578644
30680,3062,0.014590592123568058
30690,3063,0.011684619821608067
30700,3064,0.04295681416988373
30710,3065,0.11928760260343552
30720,3066,0.08197884261608124
30730,3067,0.06865053623914719
30740,3068,0.05464184656739235
30750,3069,0.007651330903172493
30760,3070,0.09094200283288956
30770,3071,0.1395614892244339
30780,3072,0.007707342971116304
30790,3073,0.034615516662597656
30800,3074,0.012434707954525948
30810,3075,0.045254986733198166
30820,3076,0.018783245235681534
30830,3077,0.2257574200630188
30840,3078,3.61838610842824e-05
30850,3079,0.05807165056467056
30860,3080,0.12209174036979675
30870,3081,0.02707372047007084
30880,3082,0.038903944194316864
30890,3083,0.04841019958257675
30900,3084,0.000283513858448714
30910,3085,0.03706386312842369
30920,3086,0.06281474232673645
30930,3087,0.09537850320339203
30940,3088,0.044776950031518936
30950,3089,0.0447549931704998
30960,3090,0.12336409091949463
30970,3091,0.05415263772010803
30980,3092,0.05784071609377861
30990,3093,0.05903739482164383
31000,3094,0.005356548819690943
31010,3095,0.0011247863294556737
31020,3096,0.09676846861839294
31030,3097,0.02392098307609558
31040,3098,0.14806225895881653
31050,3099,0.007109797094017267
31060,3100,0.0018694065511226654
31070,3101,0.11353449523448944
31080,3102,0.030752092599868774
31090,3103,0.019966717809438705
31100,3104,0.05045946687459946
31110,3105,0.023333366960287094
31120,3106,0.016670595854520798
31130,3107,0.03821813687682152
31140,3108,7.1098347689257935e-06
31150,3109,0.09907250106334686
31160,3110,0.033686213195323944
31170,3111,0.1048056036233902
31180,3112,0.12132452428340912
31190,3113,0.03534862399101257
31200,3114,0.07899615168571472
31210,3115,0.0015147840604186058
31220,3116,0.08760754764080048
31230,3117,0.04377337172627449
31240,3118,3.400518835405819e-05
31250,3119,0.05458937585353851
31260,3120,2.6281384634785354e-05
31270,3121,0.019972072914242744
31280,3122,0.04694729298353195
31290,3123,0.025311551988124847
31300,3124,0.00566827179864049
31310,3125,0.05388079956173897
31320,3126,0.019013023003935814
31330,3127,0.0442674420773983
31340,3128,0.022798027843236923
31350,3129,0.024053383618593216
31360,3130,0.03353860601782799
31370,3131,0.04352235794067383
31380,3132,0.0024799546226859093
31390,3133,0.003957700449973345
31400,3134,0.004759625997394323
31410,3135,0.027303161099553108
31420,3136,0.009344535879790783
31430,3137,0.014280958101153374
31440,3138,0.05944857373833656
31450,3139,0.016907768324017525
31460,3140,0.05560579523444176
31470,3141,0.02861890196800232
31480,3142,0.0767330750823021
31490,3143,0.07516045868396759
31500,3144,0.02556004375219345
31510,3145,0.025493953377008438
31520,3146,0.03622809797525406
31530,3147,0.022962890565395355
31540,3148,2.8725886295433156e-05
31550,3149,0.04155706614255905
31560,3150,0.0015066504711285233
31570,3151,0.05517267808318138
31580,3152,0.0821789801120758
31590,3153,0.02679537795484066
31600,3154,0.023343969136476517
31610,3155,0.03828751668334007
31620,3156,0.05175197124481201
31630,3157,0.04043158143758774
31640,3158,0.1033783033490181
31650,3159,0.12224964797496796
31660,3160,0.0477360300719738
31670,3161,0.01008948776870966
31680,3162,0.046582289040088654
31690,3163,0.03782407194375992
31700,3164,0.12105803191661835
31710,3165,0.0009148572571575642
31720,3166,0.0055661918595433235
31730,3167,0.055101800709962845
31740,3168,0.041054025292396545
31750,3169,0.057031918317079544
31760,3170,0.005923100281506777
31770,3171,0.1507897526025772
31780,3172,0.01299267914146185
31790,3173,0.06473056226968765
31800,3174,0.026886969804763794
31810,3175,0.0010027872631326318
31820,3176,0.02463650517165661
31830,3177,0.04137297719717026
31840,3178,0.07080994546413422
31850,3179,0.09065959602594376
31860,3180,0.04751354083418846
31870,3181,4.322590029914863e-06
31880,3182,0.011361351236701012
31890,3183,0.009416211396455765
31900,3184,0.038895051926374435
31910,3185,0.04719981551170349
31920,3186,0.032972779124975204
31930,3187,0.01101428922265768
31940,3188,0.1714780330657959
31950,3189,0.05872347578406334
31960,3190,0.10967445373535156
31970,3191,0.029774291440844536
31980,3192,0.00010602692054817453
31990,3193,0.008121560327708721
32000,3194,0.06246150657534599
32010,3195,0.02476971596479416
32020,3196,0.0013927787076681852
32030,3197,0.041418030858039856
32040,3198,0.03081088699400425
32050,3199,0.11430273950099945
32060,3200,0.021807316690683365
32070,3201,0.08334311097860336
32080,3202,0.03127644956111908
32090,3203,0.0015344865387305617
32100,3204,0.06528162956237793
32110,3205,0.028864458203315735
32120,3206,0.020452478900551796
32130,3207,0.04456188902258873
32140,3208,0.007910908199846745
32150,3209,0.007819630205631256
32160,3210,0.056744568049907684
32170,3211,0.0005595498951151967
32180,3212,0.1097593680024147
32190,3213,0.0011777442414313555
32200,3214,0.09784591943025589
32210,3215,0.012270396575331688
32220,3216,0.04286899417638779
32230,3217,0.14397932589054108
32240,3218,0.05336354672908783
32250,3219,0.03500545397400856
32260,3220,0.04769425839185715
32270,3221,0.034774795174598694
32280,3222,0.05271756649017334
32290,3223,0.114144466817379
32300,3224,0.04182923957705498
32310,3225,0.026450198143720627
32320,3226,0.017363380640745163
32330,3227,0.0020220468286424875
32340,3228,0.013569912873208523
32350,3229,0.044515542685985565
32360,3230,0.05047560855746269
32370,3231,0.038086410611867905
32380,3232,0.07744798809289932
32390,3233,0.0025582558009773493
32400,3234,0.008584531024098396
32410,3235,0.036356355994939804
32420,3236,0.03543407469987869
32430,3237,0.025728648528456688
32440,3238,0.02381376177072525
32450,3239,0.04832517355680466
32460,3240,0.0591704361140728
32470,3241,0.0645856037735939
32480,3242,0.021236181259155273
32490,3243,6.263803697947878e-06
32500,3244,0.03596624359488487
32510,3245,0.06651220470666885
32520,3246,0.01670766994357109
32530,3247,0.12191399931907654
32540,3248,0.03851482272148132
32550,3249,0.03805649280548096
32560,3250,0.061248019337654114
32570,3251,0.02260970138013363
32580,3252,0.0639626532793045
32590,3253,0.21612660586833954
32600,3254,0.021090004593133926
32610,3255,0.08988886326551437
32620,3256,0.01546502485871315
32630,3257,0.004211344290524721
32640,3258,0.07812011986970901
32650,3259,0.027011688798666
32660,3260,0.009131562896072865
32670,3261,0.010849141515791416
32680,3262,0.08925726264715195
32690,3263,0.007998987101018429
32700,3264,0.08847165107727051
32710,3265,0.033223193138837814
32720,3266,0.05645094811916351
32730,3267,0.010184419341385365
32740,3268,0.06712557375431061
32750,3269,0.1326431781053543
32760,3270,0.03275598585605621
32770,3271,0.017531223595142365
32780,3272,0.0193686131387949
32790,3273,0.0199522003531456
32800,3274,0.030521856620907784
32810,3275,0.08623047918081284
32820,3276,0.0008316966122947633
32830,3277,0.03694329783320427
32840,3278,0.06645704805850983
32850,3279,0.020716018974781036
32860,3280,0.024851368740200996
32870,3281,0.007861106656491756
32880,3282,0.02258049137890339
32890,3283,0.0042932238429784775
32900,3284,0.005185795947909355
32910,3285,0.11779766529798508
32920,3286,0.0845048576593399
32930,3287,0.09190836548805237
32940,3288,0.060554150491952896
32950,3289,0.15923219919204712
32960,3290,0.061754193156957626
32970,3291,0.14323127269744873
32980,3292,0.03877245634794235
32990,3293,0.13613197207450867
33000,3294,0.035677455365657806
33010,3295,0.023578224703669548
33020,3296,0.06235288083553314
33030,3297,0.035859931260347366
33040,3298,0.020327597856521606
33050,3299,0.03216142952442169
33060,3300,0.04914660379290581
33070,3301,0.06870020180940628
33080,3302,0.008088368922472
33090,3303,0.07641410827636719
33100,3304,0.06222064420580864
33110,3305,0.10094761848449707
33120,3306,0.003954504616558552
33130,3307,0.021190382540225983
33140,3308,0.022715924307703972
33150,3309,0.03942285478115082
33160,3310,0.0025227973237633705
33170,3311,0.02076922170817852
33180,3312,0.002188768470659852
33190,3313,0.01985950581729412
33200,3314,0.024128971621394157
33210,3315,0.0027417978271842003
33220,3316,0.08632528781890869
33230,3317,0.05473431944847107
33240,3318,0.07106487452983856
33250,3319,0.10232775658369064
33260,3320,0.006698146928101778
33270,3321,0.054171375930309296
33280,3322,0.11452002823352814
33290,3323,0.008540831506252289
33300,3324,0.01763121783733368
33310,3325,0.06389889121055603
33320,3326,0.1135476678609848
33330,3327,0.1085243970155716
33340,3328,0.0024388490710407495
33350,3329,0.020931754261255264
33360,3330,0.0026216169353574514
33370,3331,0.0025312111247330904
33380,3332,0.021514520049095154
33390,3333,0.017569297924637794
33400,3334,0.12946964800357819
33410,3335,0.00882639642804861
33420,3336,0.068907730281353
33430,3337,0.018926143646240234
33440,3338,0.026695605367422104
33450,3339,0.025796204805374146
33460,3340,0.015044959262013435
33470,3341,0.05324295163154602
33480,3342,0.10729923844337463
33490,3343,5.494584911502898e-05
33500,3344,0.11171853542327881
33510,3345,0.05260176211595535
33520,3346,0.05712080001831055
33530,3347,0.0635792464017868
33540,3348,0.12712404131889343
33550,3349,0.03141259029507637
33560,3350,1.2211229659442324e-05
33570,3351,0.02055908925831318
33580,3352,0.03248915448784828
33590,3353,0.01200193166732788
33600,3354,0.0614473931491375
33610,3355,4.5257525925990194e-05
33620,3356,0.014229393564164639
33630,3357,0.020141465589404106
33640,3358,0.005658684764057398
33650,3359,0.10895150154829025
33660,3360,0.042978882789611816
33670,3361,0.05213789641857147
33680,3362,0.017020875588059425
33690,3363,0.019748356193304062
33700,3364,0.040623802691698074
33710,3365,0.05384868383407593
33720,3366,0.008186466060578823
33730,3367,0.012113647535443306
33740,3368,0.06603541225194931
33750,3369,0.10847314447164536
33760,3370,0.014846968464553356
33770,3371,0.026794377714395523
33780,3372,0.04752739891409874
33790,3373,0.08266910165548325
33800,3374,0.0644453763961792
33810,3375,0.013724957592785358
33820,3376,0.059945590794086456
33830,3377,0.137398824095726
33840,3378,0.021682145074009895
33850,3379,0.08538180589675903
33860,3380,0.11671067774295807
33870,3381,0.042019687592983246
33880,3382,0.010878048837184906
33890,3383,0.040961310267448425
33900,3384,0.012443079613149166
33910,3385,0.031936466693878174
33920,3386,0.03612006828188896
33930,3387,1.0402415682619903e-05
33940,3388,0.05997595936059952
33950,3389,0.06541427224874496
33960,3390,0.06229586899280548
33970,3391,0.03647821396589279
33980,3392,0.007094004191458225
33990,3393,0.10179659724235535
34000,3394,0.032348304986953735
34010,3395,0.12041971832513809
34020,3396,0.06949207186698914
34030,3397,0.06157854571938515
34040,3398,0.017518114298582077
34050,3399,0.10410072654485703
34060,3400,0.06786008179187775
34070,3401,0.04536587744951248
34080,3402,0.025684867054224014
34090,3403,0.06853337585926056
34100,3404,4.7136527427937835e-05
34110,3405,0.07163933664560318
34120,3406,0.011392633430659771
34130,3407,0.02589472383260727
34140,3408,0.004801721312105656
34150,3409,0.013852397911250591
34160,3410,0.05340456962585449
34170,3411,0.023396246135234833
34180,3412,0.027757108211517334
34190,3413,0.02789929509162903
34200,3414,0.08978407084941864
34210,3415,0.06973239779472351
34220,3416,0.061835672706365585
34230,3417,0.024669986218214035
34240,3418,0.014428081922233105
34250,3419,0.09773249924182892
34260,3420,0.0030654524452984333
34270,3421,0.061752624809741974
34280,3422,0.05247291177511215
34290,3423,0.14712850749492645
34300,3424,0.03201732784509659
34310,3425,0.16576628386974335
34320,3426,0.03542408347129822
34330,3427,1.8532960893935524e-05
34340,3428,0.010319588705897331
34350,3429,0.0680314376950264
34360,3430,0.14411062002182007
34370,3431,0.15150412917137146
34380,3432,0.02854720503091812
34390,3433,0.001789816189557314
34400,3434,0.008641708642244339
34410,3435,0.0009145207586698234
34420,3436,0.013541360385715961
34430,3437,0.057273030281066895
34440,3438,0.019285976886749268
34450,3439,0.009382073767483234
34460,3440,0.011407974176108837
34470,3441,0.14339692890644073
34480,3442,0.006854550912976265
34490,3443,0.025939933955669403
34500,3444,1.873357359727379e-05
34510,3445,0.029944276437163353
34520,3446,0.06304983794689178
34530,3447,0.010358714498579502
34540,3448,0.07706716656684875
34550,3449,0.009215778671205044
34560,3450,0.06695527583360672
34570,3451,0.007220300380140543
34580,3452,0.15399102866649628
34590,3453,0.11889388412237167
34600,3454,0.029168663546442986
34610,3455,0.08068575710058212
34620,3456,0.03252771869301796
34630,3457,0.11656651645898819
34640,3458,0.1364535540342331
34650,3459,0.040534280240535736
34660,3460,0.025813210755586624
34670,3461,0.027000851929187775
34680,3462,0.10637097805738449
34690,3463,0.014502069912850857
34700,3464,0.05586384981870651
34710,3465,0.06289070099592209
34720,3466,0.03363208845257759
34730,3467,0.0038355847354978323
34740,3468,0.009047343395650387
34750,3469,0.05585992708802223
34760,3470,0.030377190560102463
34770,3471,0.032888006418943405
34780,3472,0.005519796162843704
34790,3473,0.03952506557106972
34800,3474,0.08355072140693665
34810,3475,0.006656178273260593
34820,3476,0.0007392263505607843
34830,3477,0.12775391340255737
34840,3478,0.00019917158351745456
34850,3479,0.01491155568510294
34860,3480,0.07709527015686035
34870,3481,0.15559306740760803
34880,3482,0.014238370582461357
34890,3483,0.13946102559566498
34900,3484,0.0449068546295166
34910,3485,0.015073874965310097
34920,3486,0.020138448104262352
34930,3487,0.046122629195451736
34940,3488,0.004946088418364525
34950,3489,0.004771443083882332
34960,3490,0.06089308485388756
34970,3491,0.01310837734490633
34980,3492,0.017788328230381012
34990,3493,0.024916449561715126
35000,3494,0.10789156705141068
35010,3495,0.010507297702133656
35020,3496,0.011597029864788055
35030,3497,0.00024820907856337726
35040,3498,0.015111411921679974
35050,3499,0.06966318935155869
35060,3500,0.06174563616514206
35070,3501,0.024443846195936203
35080,3502,0.051055118441581726
35090,3503,0.028072679415345192
35100,3504,0.0663386657834053
35110,3505,0.026449063792824745
35120,3506,0.1716242879629135
35130,3507,9.441746806260198e-05
35140,3508,0.03836623206734657
35150,3509,0.02025807835161686
35160,3510,0.004173511639237404
35170,3511,0.04116201400756836
35180,3512,0.018921127542853355
35190,3513,0.16666805744171143
35200,3514,0.015024751424789429
35210,3515,0.06940633803606033
35220,3516,0.08086522668600082
35230,3517,0.05762069299817085
35240,3518,6.248944555409253e-05
35250,3519,4.129727676627226e-05
35260,3520,0.007161378860473633
35270,3521,0.013759789988398552
35280,3522,0.06617863476276398
35290,3523,0.11477705091238022
35300,3524,0.001986031886190176
35310,3525,0.01808910071849823
35320,3526,0.0633942186832428
35330,3527,0.04073561355471611
35340,3528,0.01404467411339283
35350,3529,0.05519465357065201
35360,3530,0.001478221151046455
35370,3531,0.0022249447647482157
35380,3532,0.08099474757909775
35390,3533,0.005764849949628115
35400,3534,0.00729504507035017
35410,3535,0.12265993654727936
35420,3536,0.0017364147352054715
35430,3537,0.017262209206819534
35440,3538,0.008967038244009018
35450,3539,0.03125030919909477
35460,3540,0.03508041799068451
35470,3541,0.09657564014196396
35480,3542,0.003749055555090308
35490,3543,0.016424350440502167
35500,3544,0.07942336797714233
35510,3545,0.03566425293684006
35520,3546,0.030718451365828514
35530,3547,0.006925455294549465
35540,3548,7.312102388823405e-05
35550,3549,0.051338039338588715
35560,3550,0.0001083028910215944
35570,3551,0.050109174102544785
35580,3552,0.010138800367712975
35590,3553,0.005625908263027668
35600,3554,0.06018848717212677
35610,3555,0.016101060435175896
35620,3556,0.037286605685949326
35630,3557,0.020125992596149445
35640,3558,0.0013237460516393185
35650,3559,0.0407051220536232
35660,3560,3.7741461710538715e-05
35670,3561,0.07174821197986603
35680,3562,0.09022398293018341
35690,3563,0.09866737574338913
35700,3564,0.03244227170944214
35710,3565,0.06801515817642212
35720,3566,0.03341399505734444
35730,3567,0.011307530105113983
35740,3568,0.02716084197163582
35750,3569,0.004472688771784306
35760,3570,0.034020427614450455
35770,3571,0.09458460658788681
35780,3572,0.009517607279121876
35790,3573,0.004295573569834232
35800,3574,0.07727590948343277
35810,3575,0.03888091817498207
35820,3576,0.07200570404529572
35830,3577,0.016220171004533768
35840,3578,0.1631573885679245
35850,3579,0.045290108770132065
35860,3580,0.05907062441110611
35870,3581,0.16623534262180328
35880,3582,0.008684155531227589
35890,3583,0.038466110825538635
35900,3584,0.0072989389300346375
35910,3585,0.09683231264352798
35920,3586,8.118416008073837e-05
35930,3587,0.054367776960134506
35940,3588,0.08521700650453568
35950,3589,0.01062748022377491
35960,3590,0.03431316465139389
35970,3591,0.10183454304933548
35980,3592,0.043948668986558914
35990,3593,9.222143853548914e-05
36000,3594,0.022915253415703773
36010,3595,0.040797632187604904
36020,3596,0.12232372164726257
36030,3597,0.025093555450439453
36040,3598,0.007860156707465649
36050,3599,0.12540379166603088
36060,3600,0.055282916873693466
36070,3601,0.052022408694028854
36080,3602,0.006768367253243923
36090,3603,0.030028261244297028
36100,3604,0.07708342373371124
36110,3605,0.027397776022553444
36120,3606,0.09099608659744263
36130,3607,0.14901791512966156
36140,3608,0.026242326945066452
36150,3609,0.10339503735303879
36160,3610,0.0025155062321573496
36170,3611,0.07703916728496552
36180,3612,0.026444965973496437
36190,3613,0.021890360862016678
36200,3614,0.17249371111392975
36210,3615,0.033586516976356506
36220,3616,0.022284723818302155
36230,3617,0.02181137725710869
36240,3618,0.14655573666095734
36250,3619,0.00385117856785655
36260,3620,0.02081296034157276
36270,3621,0.04644063487648964
36280,3622,0.04639487713575363
36290,3623,0.05122857168316841
36300,3624,0.028278037905693054
36310,3625,0.0899190679192543
36320,3626,0.062376540154218674
36330,3627,0.021540120244026184
36340,3628,0.08411555737257004
36350,3629,0.085490882396698
36360,3630,0.12801089882850647
36370,3631,0.01768682152032852
36380,3632,0.007543849293142557
36390,3633,0.0394219346344471
36400,3634,0.024702997878193855
36410,3635,0.0872749537229538
36420,3636,0.01504617277532816
36430,3637,0.01905175670981407
36440,3638,0.00011775342863984406
36450,3639,0.01445172168314457
36460,3640,0.05305417999625206
36470,3641,0.007361865136772394
36480,3642,0.031508058309555054
36490,3643,0.08065707236528397
36500,3644,0.024291841313242912
36510,3645,0.07466787844896317
36520,3646,0.000405141239752993
36530,3647,0.09816443920135498
36540,3648,0.09224707633256912
36550,3649,0.07990354299545288
36560,3650,0.007130136713385582
36570,3651,0.009815797209739685
36580,3652,0.042959053069353104
36590,3653,0.021795405074954033
36600,3654,0.04227389022707939
36610,3655,0.09659448266029358
36620,3656,0.018279822543263435
36630,3657,0.024109648540616035
36640,3658,0.012321259826421738
36650,3659,0.05321982502937317
36660,3660,0.06728809326887131
36670,3661,0.06530525535345078
36680,3662,0.0284455344080925
36690,3663,0.007335562724620104
36700,3664,0.023902662098407745
36710,3665,0.04444442689418793
36720,3666,0.048671651631593704
36730,3667,0.030691828578710556
36740,3668,0.08207999914884567
36750,3669,0.040732625871896744
36760,3670,0.09115944802761078
36770,3671,0.021021351218223572
36780,3672,0.2084502875804901
36790,3673,2.0999645130359568e-05
36800,3674,0.0070144254714250565
36810,3675,0.1462026983499527
36820,3676,0.08299125730991364
36830,3677,0.006589664611965418
36840,3678,0.07952786237001419
36850,3679,0.014457743614912033
36860,3680,0.03140176460146904
36870,3681,0.06505131721496582
36880,3682,0.11609196662902832
36890,3683,0.03998055309057236
36900,3684,0.028337795287370682
36910,3685,0.11070474982261658
36920,3686,0.1982005536556244
36930,3687,0.07550706714391708
36940,3688,0.05554580315947533
36950,3689,0.03768941015005112
36960,3690,0.13205914199352264
36970,3691,0.01816665008664131
36980,3692,0.022875696420669556
36990,3693,0.08859972655773163
37000,3694,5.2874198445351794e-05
37010,3695,0.08870433270931244
37020,3696,0.0100410720333457
37030,3697,0.15564659237861633
37040,3698,0.024501627311110497
37050,3699,0.025884130969643593
37060,3700,0.02594936080276966
37070,3701,0.02074713446199894
37080,3702,0.07949430495500565
37090,3703,0.04046059027314186
37100,3704,4.175692447461188e-05
37110,3705,0.012238206341862679
37120,3706,0.0023386511020362377
37130,3707,0.05673450231552124
37140,3708,0.025500083342194557
37150,3709,0.04168429598212242
37160,3710,0.009721700102090836
37170,3711,0.026800671592354774
37180,3712,0.02042272686958313
37190,3713,0.06820035725831985
37200,3714,0.05534802004694939
37210,3715,0.06203998997807503
37220,3716,0.04299158975481987
37230,3717,0.00034745666198432446
37240,3718,0.07353805750608444
37250,3719,0.03991999104619026
37260,3720,0.04567308723926544
37270,3721,0.07750280201435089
37280,3722,0.11611822992563248
37290,3723,2.107813816110138e-05
37300,3724,0.02368970774114132
37310,3725,0.02229979820549488
37320,3726,0.063358835875988
37330,3727,0.1976664513349533
37340,3728,7.855159492464736e-05
37350,3729,0.01394533459097147
37360,3730,0.025965271517634392
37370,3731,0.004661835264414549
37380,3732,0.010313533246517181
37390,3733,2.7194693757337518e-05
37400,3734,0.022718198597431183
37410,3735,0.029750622808933258
37420,3736,0.04000881686806679
37430,3737,0.012704860419034958
37440,3738,0.08352234214544296
37450,3739,0.11815061420202255
37460,3740,0.06177927926182747
37470,3741,0.09180779755115509
37480,3742,0.07077395170927048
37490,3743,0.031672075390815735
37500,3744,0.1304035782814026
37510,3745,0.011592579074203968
37520,3746,0.03407492861151695
37530,3747,0.0270103607326746
37540,3748,0.016877150163054466
37550,3749,0.015770429745316505
37560,3750,0.006462616380304098
37570,3751,0.007420410867780447
37580,3752,0.007896839641034603
37590,3753,0.008644930087029934
37600,3754,0.03339168429374695
37610,3755,0.028652485460042953
37620,3756,0.03446054086089134
37630,3757,0.06640911102294922
37640,3758,0.034204721450805664
37650,3759,0.047877851873636246
37660,3760,0.002242301357910037
37670,3761,0.060524385422468185
37680,3762,0.03501313179731369
37690,3763,0.12502896785736084
37700,3764,0.039980724453926086
37710,3765,0.08755341917276382
37720,3766,0.014057361520826817
37730,3767,0.0010405232897028327
37740,3768,0.0053401729092001915
37750,3769,0.16239267587661743
37760,3770,0.02707917056977749
37770,3771,0.10804223269224167
37780,3772,0.033154815435409546
37790,3773,0.09457655996084213
37800,3774,0.05107815936207771
37810,3775,0.023603610694408417
37820,3776,0.007885931991040707
37830,3777,1.4864332115394063e-05
37840,3778,0.08996429294347763
37850,3779,0.10763925313949585
37860,3780,0.010904203169047832
37870,3781,0.012211658991873264
37880,3782,0.03357456251978874
37890,3783,0.14539103209972382
37900,3784,0.013114447705447674
37910,3785,0.04269387200474739
37920,3786,0.011789347045123577
37930,3787,0.13512437045574188
37940,3788,0.06765957176685333
37950,3789,0.03169405087828636
37960,3790,0.025048110634088516
37970,3791,0.034707408398389816
37980,3792,0.03056461736559868
37990,3793,0.07968758046627045
38000,3794,0.10706064105033875
38010,3795,0.07115165144205093
38020,3796,0.05531446263194084
38030,3797,0.08821681886911392
38040,3798,0.014617021195590496
38050,3799,0.06775595992803574
38060,3800,0.022207075729966164
38070,3801,0.01547384262084961
38080,3802,1.2185504601802677e-05
38090,3803,0.02794480510056019
38100,3804,0.11275680363178253
38110,3805,0.1695476621389389
38120,3806,0.08787818253040314
38130,3807,0.11905732750892639
38140,3808,0.0656786784529686
38150,3809,0.10310569405555725
38160,3810,0.009912928566336632
38170,3811,0.02991236373782158
38180,3812,0.03649962320923805
38190,3813,0.010671373456716537
38200,3814,2.5240844934160123e-06
38210,3815,0.016440914943814278
38220,3816,0.00949802529066801
38230,3817,0.006395275238901377
38240,3818,0.056677911430597305
38250,3819,0.0005198383005335927
38260,3820,0.02540919929742813
38270,3821,0.02745315618813038
38280,3822,0.0807773545384407
38290,3823,1.1293316674709786e-05
38300,3824,0.04546119272708893
38310,3825,0.010634100064635277
38320,3826,0.0014902676921337843
38330,3827,0.0006649844581261277
38340,3828,0.031688034534454346
38350,3829,1.4925967661838513e-05
38360,3830,0.009046944789588451
38370,3831,0.008140331134200096
38380,3832,0.05117224529385567
38390,3833,0.07660292834043503
38400,3834,8.703068488102872e-06
38410,3835,0.1543973833322525
38420,3836,0.05050617456436157
38430,3837,0.08393073081970215
38440,3838,0.005805943626910448
38450,3839,0.057216960936784744
38460,3840,0.09349936246871948
38470,3841,0.005645108409225941
38480,3842,0.017911182716488838
38490,3843,0.048923421651124954
38500,3844,0.026835264638066292
38510,3845,0.008450621739029884
38520,3846,0.0698222890496254
38530,3847,2.1825660951435566e-05
38540,3848,0.03079804964363575
38550,3849,0.029970096424221992
38560,3850,0.18588723242282867
38570,3851,0.00704494584351778
38580,3852,0.037249162793159485
38590,3853,0.0002653171541169286
38600,3854,0.058538421988487244
38610,3855,0.034004244953393936
38620,3856,0.027753982692956924
38630,3857,0.12393803149461746
38640,3858,0.04893963783979416
38650,3859,0.001450656563974917
38660,3860,0.07025683671236038
38670,3861,0.09851857274770737
38680,3862,0.06583128124475479
38690,3863,0.004266140051186085
38700,3864,0.0021575007122009993
38710,3865,0.04333725571632385
38720,3866,0.14557528495788574
38730,3867,0.009311121888458729
38740,3868,0.1029738038778305
38750,3869,0.023079317063093185
38760,3870,1.515736039436888e-05
38770,3871,0.06720107048749924
38780,3872,0.09354259073734283
38790,3873,0.03650248795747757
38800,3874,0.0624207928776741
38810,3875,0.0020736055448651314
38820,3876,1.543729376862757e-05
38830,3877,0.07450032979249954
38840,3878,1.8395650840830058e-05
38850,3879,0.0010220729745924473
38860,3880,0.02110743336379528
38870,3881,0.25331324338912964
38880,3882,0.024520549923181534
38890,3883,0.029539823532104492
38900,3884,0.02705862559378147
38910,3885,0.07702049612998962
38920,3886,0.01084326021373272
38930,3887,0.08002661913633347
38940,3888,0.008118070662021637
38950,3889,0.06936188787221909
38960,3890,0.022986864671111107
38970,3891,0.01299238484352827
38980,3892,0.021675677970051765
38990,3893,0.048773664981126785
39000,3894,0.004704444203525782
39010,3895,3.0308230634545907e-05
39020,3896,0.012971434742212296
39030,3897,0.05412545055150986
39040,3898,0.03452841565012932
39050,3899,0.041608504951000214
39060,3900,0.01009918563067913
39070,3901,0.007579201832413673
39080,3902,0.08298664540052414
39090,3903,0.0070875296369194984
39100,3904,0.009573129005730152
39110,3905,0.052519261837005615
39120,3906,0.05076757073402405
39130,3907,0.0016035906737670302
39140,3908,0.01933695748448372
39150,3909,0.005706569645553827
39160,3910,0.0698225349187851
39170,3911,0.17439652979373932
39180,3912,4.436101153260097e-05
39190,3913,0.02753554843366146
39200,3914,0.034263383597135544
39210,3915,0.03821510449051857
39220,3916,0.012521874159574509
39230,3917,0.03070417232811451
39240,3918,0.012636569328606129
39250,3919,0.2579672634601593
39260,3920,0.049973517656326294
39270,3921,0.01975441351532936
39280,3922,0.0014348297845572233
39290,3923,0.003442515851929784
39300,3924,1.3920111086918041e-05
39310,3925,0.04844069480895996
39320,3926,0.05237304046750069
39330,3927,0.05662813410162926
39340,3928,0.0378660187125206
39350,3929,0.12497765570878983
39360,3930,0.04582565277814865
39370,3931,0.049606990069150925
39380,3932,0.14112910628318787
39390,3933,0.003332526655867696
39400,3934,0.06234748661518097
39410,3935,0.08488908410072327
39420,3936,0.04098595678806305
39430,3937,0.1195032149553299
39440,3938,0.018194949254393578
39450,3939,0.03461376577615738
39460,3940,0.10901159048080444
39470,3941,0.0673673152923584
39480,3942,0.029693713411688805
39490,3943,0.026977140456438065
39500,3944,0.10561082512140274
39510,3945,0.059356316924095154
39520,3946,0.10364643484354019
39530,3947,0.08524028211832047
39540,3948,0.05476757884025574
39550,3949,0.014000589959323406
39560,3950,0.0023600987624377012
39570,3951,0.021012082695961
39580,3952,0.21672141551971436
39590,3953,0.022361401468515396
39600,3954,0.07302077114582062
39610,3955,3.1934043363435194e-05
39620,3956,0.05444515869021416
39630,3957,0.06520376354455948
39640,3958,0.054581835865974426
39650,3959,0.033100493252277374
39660,3960,0.04628732055425644
39670,3961,0.00938365701586008
39680,3962,0.027200335636734962
39690,3963,0.06123677268624306
39700,3964,0.07744251191616058
39710,3965,5.4441312386188656e-05
39720,3966,0.11444009095430374
39730,3967,0.16295485198497772
39740,3968,0.0002235701831523329
39750,3969,0.1138647049665451
39760,3970,0.014950953423976898
39770,3971,0.036428410559892654
39780,3972,0.0026761419139802456
39790,3973,0.004133201669901609
39800,3974,3.1497813324676827e-05
39810,3975,0.025390127673745155
39820,3976,0.08417755365371704
39830,3977,0.09225865453481674
39840,3978,0.091547891497612
39850,3979,0.05422646552324295
39860,3980,0.050534918904304504
39870,3981,0.05058196559548378
39880,3982,9.2661921371473e-06
39890,3983,0.056235019117593765
39900,3984,0.12109289318323135
39910,3985,0.008867810480296612
39920,3986,0.06617136299610138
39930,3987,0.009005514904856682
39940,3988,1.379674631607486e-05
39950,3989,0.1001281812787056
39960,3990,0.09477686882019043
39970,3991,0.023309489712119102
39980,3992,0.030100330710411072
39990,3993,0.032540593296289444
40000,3994,0.04432610049843788
40010,3995,0.04975203424692154
40020,3996,0.05806392803788185
40030,3997,0.03175858408212662
40040,3998,0.008192275650799274
40050,3999,0.032936278730630875
40060,4000,0.0053480155766010284
40070,4001,0.00603545131161809
40080,4002,0.022167541086673737
40090,4003,0.02915910631418228
40100,4004,0.005648833699524403
40110,4005,0.1331678032875061
40120,4006,0.0722879022359848
40130,4007,0.025975018739700317
40140,4008,0.2258935272693634
40150,4009,0.0561918281018734
40160,4010,0.11729202419519424
40170,4011,0.03818988800048828
40180,4012,0.0006210453575477004
40190,4013,0.19177867472171783
40200,4014,0.06534869968891144
40210,4015,0.040540773421525955
40220,4016,0.07317229360342026
40230,4017,0.0005859273369424045
40240,4018,0.00029266090132296085
40250,4019,0.007778879255056381
40260,4020,0.022886166349053383
40270,4021,0.03535071015357971
40280,4022,0.012132869102060795
40290,4023,0.09414226561784744
40300,4024,0.003784882603213191
40310,4025,0.014398501254618168
40320,4026,0.1053212434053421
40330,4027,0.0038535799831151962
40340,4028,0.031442977488040924
40350,4029,0.044976357370615005
40360,4030,0.04653618112206459
40370,4031,0.007488715462386608
40380,4032,0.0050629545003175735
40390,4033,0.07467331737279892
40400,4034,0.15370948612689972
40410,4035,0.024825524538755417
40420,4036,0.0549108050763607
40430,4037,0.14531433582305908
40440,4038,0.03040155954658985
40450,4039,0.08626100420951843
40460,4040,0.0324191153049469
40470,4041,0.055867236107587814
40480,4042,0.09476085752248764
40490,4043,1.9123495803796686e-05
40500,4044,0.08461935818195343
40510,4045,0.0005399560905061662
40520,4046,0.07018572837114334
40530,4047,0.02909233048558235
40540,4048,0.006376256234943867
40550,4049,0.07097981125116348
40560,4050,0.07398173213005066
40570,4051,0.04114469513297081
40580,4052,0.0005929522449150681
40590,4053,0.09332547336816788
40600,4054,0.14651787281036377
40610,4055,0.003759735031053424
40620,4056,0.0006445000180974603
40630,4057,0.06359462440013885
40640,4058,0.03986425697803497
40650,4059,0.015564477071166039
40660,4060,0.059489618986845016
40670,4061,0.00023600150598213077
40680,4062,0.15393248200416565
40690,4063,0.0563664510846138
40700,4064,0.01673588529229164
40710,4065,0.00020999155822210014
40720,4066,0.02893451787531376
40730,4067,0.00020280016178730875
40740,4068,0.0943531021475792
40750,4069,0.0006078390870243311
40760,4070,0.00048248335951939225
40770,4071,0.01648879423737526
40780,4072,0.038884103298187256
40790,4073,0.10683176666498184
40800,4074,0.08132646977901459
40810,4075,0.020050661638379097
40820,4076,0.02948431856930256
40830,4077,0.08603598922491074
40840,4078,0.07952504605054855
40850,4079,0.042668167501688004
40860,4080,0.05378803610801697
40870,4081,0.18763205409049988
40880,4082,0.020357875153422356
40890,4083,0.12293486297130585
40900,4084,0.009652611799538136
40910,4085,0.06023913621902466
40920,4086,0.046351026743650436
40930,4087,0.018333014100790024
40940,4088,0.024601921439170837
40950,4089,0.0047308108769357204
40960,4090,0.12607640027999878
40970,4091,0.07493984699249268
40980,4092,8.78539212862961e-05
40990,4093,0.02188088931143284
41000,4094,0.013060120865702629
41010,4095,0.02490971051156521
41020,4096,0.020541490986943245
41030,4097,0.04944044351577759
41040,4098,0.06557117402553558
41050,4099,0.10235392302274704
41060,4100,0.023461557924747467
41070,4101,0.014356529340147972
41080,4102,0.003639240749180317
41090,4103,0.042288318276405334
41100,4104,0.004539163783192635
41110,4105,0.019152726978063583
41120,4106,0.039393022656440735
41130,4107,0.014544442296028137
41140,4108,0.010109065100550652
41150,4109,0.027635812759399414
41160,4110,0.03843402862548828
41170,4111,0.003518701996654272
41180,4112,0.08429787307977676
41190,4113,0.07353560626506805
41200,4114,0.00021362266852520406
41210,4115,0.016146600246429443
41220,4116,0.00018749487935565412
41230,4117,0.1119885966181755
41240,4118,0.1367306113243103
41250,4119,0.00407318864017725
41260,4120,0.023572281002998352
41270,4121,0.12320945411920547
41280,4122,0.01909826509654522
41290,4123,0.014031735248863697
41300,4124,0.04743775352835655
41310,4125,0.07100331783294678
41320,4126,0.13508525490760803
41330,4127,0.018190359696745872
41340,4128,0.15784187614917755
41350,4129,0.004756285343319178
41360,4130,0.05936093255877495
41370,4131,0.11606375873088837
41380,4132,0.05896710604429245
41390,4133,0.035897210240364075
41400,4134,0.0723426416516304
41410,4135,0.015997178852558136
41420,4136,0.12898209691047668
41430,4137,0.04603298753499985
41440,4138,0.1274874210357666
41450,4139,0.00020048662554472685
41460,4140,0.024508796632289886
41470,4141,0.08109098672866821
41480,4142,0.11104967445135117
41490,4143,0.092805415391922
41500,4144,0.03906049206852913
41510,4145,0.08825939148664474
41520,4146,0.037104442715644836
41530,4147,0.0016529833665117621
41540,4148,0.014790372923016548
41550,4149,0.0716036856174469
41560,4150,0.01729375310242176
41570,4151,0.0006588909891434014
41580,4152,0.00736880162730813
41590,4153,0.006572152022272348
41600,4154,0.06645631045103073
41610,4155,0.032006680965423584
41620,4156,7.239719707285985e-05
41630,4157,0.029133666306734085
41640,4158,0.04836789518594742
41650,4159,0.11223578453063965
41660,4160,0.036130182445049286
41670,4161,0.01972915604710579
41680,4162,0.09416144341230392
41690,4163,0.004890934564173222
41700,4164,0.02360900677740574
41710,4165,0.006997167598456144
41720,4166,0.05664211884140968
41730,4167,0.05385776236653328
41740,4168,0.09123588353395462
41750,4169,0.06619204580783844
41760,4170,0.016555998474359512
41770,4171,0.00015376061492133886
41780,4172,0.0357498936355114
41790,4173,0.08496806025505066
41800,4174,0.04527535289525986
41810,4175,0.09504194557666779
41820,4176,0.08411658555269241
41830,4177,0.061872873455286026
41840,4178,0.0427880696952343
41850,4179,0.1339217871427536
41860,4180,0.14157770574092865
41870,4181,0.11218822747468948
41880,4182,0.024221695959568024
41890,4183,0.046545397490262985
41900,4184,0.05164950713515282
41910,4185,0.0036127811763435602
41920,4186,0.08366705477237701
41930,4187,0.026742596179246902
41940,4188,0.08387346565723419
41950,4189,0.08037053793668747
41960,4190,0.06746672093868256
41970,4191,0.10098777711391449
41980,4192,0.07350495457649231
41990,4193,8.655741112306714e-06
42000,4194,0.10564235597848892
42010,4195,0.0006792558124288917
42020,4196,0.031676728278398514
42030,4197,0.05498354509472847
42040,4198,0.07214375585317612
42050,4199,2.3857577616581693e-05
42060,4200,0.02315315417945385
42070,4201,0.01787850819528103
42080,4202,0.02642105333507061
42090,4203,0.018773755058646202
42100,4204,0.10200337320566177
42110,4205,0.013695497997105122
42120,4206,0.010331104509532452
42130,4207,0.0015837764367461205
42140,4208,0.05670522153377533
42150,4209,0.03719986602663994
42160,4210,0.026408430188894272
42170,4211,4.88556433992926e-05
42180,4212,0.03645322099328041
42190,4213,0.02666998654603958
42200,4214,0.09553997963666916
42210,4215,0.023066243156790733
42220,4216,0.09020815789699554
42230,4217,0.024023108184337616
42240,4218,0.04969271644949913
42250,4219,0.11402487009763718
42260,4220,6.700350240862463e-06
42270,4221,0.0007938927737995982
42280,4222,0.10501067340373993
42290,4223,0.09755165129899979
42300,4224,0.0029471192974597216
42310,4225,0.034767039120197296
42320,4226,0.1444271206855774
42330,4227,0.13665561378002167
42340,4228,0.07420290261507034
42350,4229,0.0014890822349116206
42360,4230,0.0031571597792208195
42370,4231,0.014503227546811104
42380,4232,0.03324667364358902
42390,4233,0.06550639122724533
42400,4234,0.018889207392930984
42410,4235,0.0026258944999426603
42420,4236,0.01810058206319809
42430,4237,1.2196236639283597e-05
42440,4238,0.05382856726646423
42450,4239,0.1283414214849472
42460,4240,0.04170222207903862
42470,4241,0.06925865262746811
42480,4242,0.05334659665822983
42490,4243,8.154604984156322e-06
42500,4244,0.019408443942666054
42510,4245,0.0978582352399826
42520,4246,0.03967931494116783
42530,4247,0.04427584260702133
42540,4248,0.10438796132802963
42550,4249,0.14956755936145782
42560,4250,0.020683402195572853
42570,4251,0.006780692841857672
42580,4252,0.020090298727154732
42590,4253,0.00012264731049071997
42600,4254,0.0006171519635245204
42610,4255,0.020336974412202835
42620,4256,0.043646857142448425
42630,4257,0.005817733239382505
42640,4258,0.028078509494662285
42650,4259,8.285521289508324e-06
42660,4260,0.05001044273376465
42670,4261,0.013760124333202839
42680,4262,0.07621926069259644
42690,4263,0.024201232939958572
42700,4264,0.015991713851690292
42710,4265,0.010601670481264591
42720,4266,1.5899655409157276e-05
42730,4267,7.248202746268362e-05
42740,4268,0.01847906783223152
42750,4269,0.08486489951610565
42760,4270,0.023707443848252296
42770,4271,0.038331761956214905
42780,4272,0.06905780732631683
42790,4273,0.0003727204748429358
42800,4274,0.007731366902589798
42810,4275,0.0028872520197182894
42820,4276,0.023216770961880684
42830,4277,0.09665127098560333
42840,4278,0.10037639737129211
42850,4279,8.081593477982096e-06
42860,4280,0.007215399760752916
42870,4281,4.390396497910842e-06
42880,4282,0.13320553302764893
42890,4283,0.0018387073650956154
42900,4284,0.07925500720739365
42910,4285,0.06272843480110168
42920,4286,0.07261432707309723
42930,4287,0.14947952330112457
42940,4288,0.007477055303752422
42950,4289,0.0015753261977806687
42960,4290,0.10471311211585999
42970,4291,0.09689897298812866
42980,4292,0.00317799742333591
42990,4293,0.023099621757864952
43000,4294,0.07841669768095016
43010,4295,0.13786537945270538
43020,4296,0.0054883211851119995
43030,4297,0.008912118151783943
43040,4298,0.028125416487455368
43050,4299,0.006247555371373892
43060,4300,0.006533405277878046
43070,4301,0.04329604282975197
43080,4302,0.005392547231167555
43090,4303,0.0349949449300766
43100,4304,0.08183450996875763
43110,4305,0.05349064618349075
43120,4306,0.08947509527206421
43130,4307,0.004088978748768568
43140,4308,0.0044808462262153625
43150,4309,0.06793836504220963
43160,4310,0.09483268857002258
43170,4311,0.07886529713869095
43180,4312,0.06477244943380356
43190,4313,0.04730667918920517
43200,4314,0.06927978247404099
43210,4315,0.12852956354618073
43220,4316,0.009942724369466305
43230,4317,0.09965687990188599
43240,4318,0.019162265583872795
43250,4319,0.0795198529958725
43260,4320,0.012560158967971802
43270,4321,0.017893671989440918
43280,4322,0.06855125725269318
43290,4323,0.022177791222929955
43300,4324,0.0027210023254156113
43310,4325,0.007930696941912174
43320,4326,0.05457426980137825
43330,4327,0.019395247101783752
43340,4328,0.026853155344724655
43350,4329,0.11213133484125137
43360,4330,0.021862434223294258
43370,4331,0.08810992538928986
43380,4332,0.013745661824941635
43390,4333,0.09190744161605835
43400,4334,0.0634344145655632
43410,4335,0.12625427544116974
43420,4336,0.16283221542835236
43430,4337,0.002682412974536419
43440,4338,0.08820994943380356
43450,4339,0.08157895505428314
43460,4340,0.07140237092971802
43470,4341,0.05325565114617348
43480,4342,0.0573243722319603
43490,4343,0.0899103656411171
43500,4344,0.11062934994697571
43510,4345,0.022672872990369797
43520,4346,0.017484070733189583
43530,4347,0.05516403540968895
43540,4348,0.0307154543697834
43550,4349,0.02156836725771427
43560,4350,0.026463761925697327
43570,4351,0.04546860605478287
43580,4352,0.02921738475561142
43590,4353,0.08435842394828796
43600,4354,0.0004668115288950503
43610,4355,0.012271596118807793
43620,4356,0.08643107116222382
43630,4357,0.07804206013679504
43640,4358,0.008721877820789814
43650,4359,0.05538973957300186
43660,4360,0.19686287641525269
43670,4361,0.03773926943540573
43680,4362,0.06796044111251831
43690,4363,0.06799987703561783
43700,4364,5.405010483627848e-07
43710,4365,0.12556126713752747
43720,4366,0.060909803956747055
43730,4367,0.004949512891471386
43740,4368,0.01570606231689453
43750,4369,0.05777525156736374
43760,4370,0.030099688097834587
43770,4371,0.016867201775312424
43780,4372,0.08243460953235626
43790,4373,0.133333221077919
43800,4374,0.08268706500530243
43810,4375,0.03443538397550583
43820,4376,0.0037872344255447388
43830,4377,0.004839752335101366
43840,4378,0.04242531210184097
43850,4379,0.15463225543498993
43860,4380,0.1556309163570404
43870,4381,0.01300779264420271
43880,4382,0.0519833005964756
43890,4383,0.10612107813358307
43900,4384,1.5446084944414906e-06
43910,4385,0.25548845529556274
43920,4386,0.03982032835483551
43930,4387,0.023309869691729546
43940,4388,0.058247290551662445
43950,4389,9.951252195605775e-07
43960,4390,0.08074244856834412
43970,4391,0.07266320288181305
43980,4392,0.10777374356985092
43990,4393,0.001490977592766285
44000,4394,0.023649346083402634
44010,4395,0.1283857375383377
44020,4396,0.03144064173102379
44030,4397,0.04505297169089317
44040,4398,1.6709840622297634e-08
44050,4399,0.0422380231320858
44060,4400,0.027241436764597893
44070,4401,0.09173722565174103
44080,4402,0.06264407932758331
44090,4403,0.017532996833324432
44100,4404,0.14894719421863556
44110,4405,0.027165332809090614
44120,4406,5.831794851474115e-07
44130,4407,0.03671795129776001
44140,4408,0.06287530064582825
44150,4409,0.01587510108947754
44160,4410,0.07851383835077286
44170,4411,0.016899295151233673
44180,4412,0.007412279956042767
44190,4413,0.09016671776771545
44200,4414,0.02733798511326313
44210,4415,0.006249065510928631
44220,4416,0.021869627758860588
44230,4417,0.05826982855796814
44240,4418,0.08790124207735062
44250,4419,0.07561191916465759
44260,4420,0.1291203498840332
44270,4421,0.018559349700808525
44280,4422,0.028744420036673546
44290,4423,0.0350036583840847
44300,4424,0.026265215128660202
44310,4425,0.00023064979177433997
44320,4426,0.02802589349448681
44330,4427,0.00010355122503824532
44340,4428,0.016930749639868736
44350,4429,0.015896353870630264
44360,4430,0.04744401574134827
44370,4431,0.06563475728034973
44380,4432,0.04808647185564041
44390,4433,0.06233668699860573
44400,4434,0.02325989119708538
44410,4435,0.07191237062215805
44420,4436,0.04385419189929962
44430,4437,0.04580279812216759
44440,4438,0.038873977959156036
44450,4439,0.013234015554189682
44460,4440,0.0728072077035904
44470,4441,0.014108368195593357
44480,4442,0.03681960701942444
44490,4443,0.007101736031472683
44500,4444,0.10043735057115555
44510,4445,0.03634219616651535
44520,4446,0.10762317478656769
44530,4447,0.001953135011717677
44540,4448,0.043595414608716965
44550,4449,0.061846233904361725
44560,4450,0.03518206998705864
44570,4451,0.00336933764629066
44580,4452,0.09393750131130219
44590,4453,0.018538739532232285
44600,4454,0.01081568282097578
44610,4455,0.16587205231189728
44620,4456,0.0388113409280777
44630,4457,7.672872925468255e-06
44640,4458,0.013337559998035431
44650,4459,0.054259054362773895
44660,4460,0.11106554418802261
44670,4461,0.03985045850276947
44680,4462,0.02067830227315426
44690,4463,0.015390079468488693
44700,4464,0.06948146969079971
44710,4465,0.009943734854459763
44720,4466,0.09572783857584
44730,4467,0.0002776971959974617
44740,4468,0.023034613579511642
44750,4469,0.08629879355430603
44760,4470,2.2118541892268695e-05
44770,4471,0.023909369483590126
44780,4472,0.020732857286930084
44790,4473,0.16152086853981018
44800,4474,0.11616688966751099
44810,4475,0.0001661802816670388
44820,4476,0.10808125138282776
44830,4477,0.045968253165483475
44840,4478,0.07539544999599457
44850,4479,0.09142011404037476
44860,4480,0.041244879364967346
44870,4481,0.024678433313965797
44880,4482,0.03950539603829384
44890,4483,0.09337537735700607
44900,4484,0.06383921951055527
44910,4485,0.08543547242879868
44920,4486,0.16778771579265594
44930,4487,0.0682920590043068
44940,4488,0.00019964948296546936
44950,4489,0.04317681863903999
44960,4490,0.038931798189878464
44970,4491,0.03455206751823425
44980,4492,0.027101201936602592
44990,4493,0.009072238579392433
45000,4494,0.00014811271103098989
45010,4495,0.03623262047767639
45020,4496,0.03967928886413574
45030,4497,0.020814770832657814
45040,4498,0.03768294304609299
45050,4499,0.00014978722902014852
45060,4500,0.03505339473485947
45070,4501,0.04831425100564957
45080,4502,0.032263632863759995
45090,4503,0.0718660056591034
45100,4504,0.003576833987608552
45110,4505,0.047817252576351166
45120,4506,0.045002926141023636
45130,4507,0.0631469339132309
45140,4508,0.033509157598018646
45150,4509,0.04490538686513901
45160,4510,0.004078482277691364
45170,4511,0.07075376808643341
45180,4512,0.11068899184465408
45190,4513,0.07377570867538452
45200,4514,0.11195497214794159
45210,4515,0.022521907463669777
45220,4516,0.003713692305609584
45230,4517,0.01120697520673275
45240,4518,0.08297596871852875
45250,4519,0.036932654678821564
45260,4520,0.0381159633398056
45270,4521,0.028549473732709885
45280,4522,0.05897211283445358
45290,4523,0.056871891021728516
45300,4524,0.005694874096661806
45310,4525,0.011763921007514
45320,4526,0.03699765354394913
45330,4527,0.0039132097736001015
45340,4528,0.019296815618872643
45350,4529,0.11277453601360321
45360,4530,0.14840349555015564
45370,4531,0.05908399820327759
45380,4532,0.06426713615655899
45390,4533,0.18200188875198364
45400,4534,0.08878948539495468
45410,4535,0.028686247766017914
45420,4536,0.04236573353409767
45430,4537,0.00401370320469141
45440,4538,0.10160797834396362
45450,4539,0.03252703323960304
45460,4540,0.04928436875343323
45470,4541,0.15913662314414978
45480,4542,0.00476679066196084
45490,4543,0.0711330771446228
45500,4544,0.07658584415912628
45510,4545,0.03923679143190384
45520,4546,0.05869418755173683
45530,4547,0.04476437717676163
45540,4548,0.047879282385110855
45550,4549,0.03901302069425583
45560,4550,0.02026969939470291
45570,4551,0.04671404883265495
45580,4552,0.01216504629701376
45590,4553,0.12946724891662598
45600,4554,0.04954969882965088
45610,4555,0.07684113830327988
45620,4556,0.031269967555999756
45630,4557,0.01129750907421112
45640,4558,0.11014997214078903
45650,4559,0.1380743384361267
45660,4560,0.04824649170041084
45670,4561,0.06178772449493408
45680,4562,0.055445779114961624
45690,4563,0.04840380325913429
45700,4564,0.13125477731227875
45710,4565,0.17920111119747162
45720,4566,0.020169921219348907
45730,4567,0.08125163614749908
45740,4568,0.056751370429992676
45750,4569,0.02127194032073021
45760,4570,0.07191680371761322
45770,4571,4.39357572759036e-05
45780,4572,0.013124244287610054
45790,4573,0.18767301738262177
45800,4574,0.03543912619352341
45810,4575,0.07086236029863358
45820,4576,0.022119080647826195
45830,4577,0.009295620024204254
45840,4578,0.001468517235480249
45850,4579,0.040083665400743484
45860,4580,0.02883637510240078
45870,4581,0.10698896646499634
45880,4582,0.08179572969675064
45890,4583,0.22936740517616272
45900,4584,0.04791874438524246
45910,4585,0.039886943995952606
45920,4586,0.04060928523540497
45930,4587,0.031214624643325806
45940,4588,0.13240589201450348
45950,4589,0.01654660888016224
45960,4590,1.464224715164164e-05
45970,4591,0.05285932868719101
45980,4592,0.14319288730621338
45990,4593,0.011999963782727718
46000,4594,0.04957899823784828
46010,4595,0.08743984252214432
46020,4596,0.07063295692205429
46030,4597,0.0354054719209671
46040,4598,0.019087988883256912
46050,4599,0.09490515291690826
46060,4600,0.12160499393939972
46070,4601,0.027192436158657074
46080,4602,0.003325064666569233
46090,4603,0.02514997497200966
46100,4604,0.000514756771735847
46110,4605,0.032039884477853775
46120,4606,0.00968826562166214
46130,4607,0.05396772921085358
46140,4608,0.011064219288527966
46150,4609,0.016612177714705467
46160,4610,0.15716005861759186
46170,4611,0.0330718457698822
46180,4612,0.02672724984586239
46190,4613,0.054892297834157944
46200,4614,0.0015449841739609838
46210,4615,0.1662980318069458
46220,4616,0.08147390931844711
46230,4617,0.010029206052422523
46240,4618,0.004080915357917547
46250,4619,0.0862693339586258
46260,4620,0.039742931723594666
46270,4621,1.3244847650639713e-05
46280,4622,0.07437989860773087
46290,4623,0.04752201959490776
46300,4624,0.09365637600421906
46310,4625,0.0011293698335066438
46320,4626,0.091697096824646
46330,4627,0.06328151375055313
46340,4628,0.18774430453777313
46350,4629,0.07143007218837738
46360,4630,0.006075446959584951
46370,4631,0.03934454545378685
46380,4632,0.006137876305729151
46390,4633,0.00930625107139349
46400,4634,3.588404433685355e-05
46410,4635,0.06115751340985298
46420,4636,0.14999869465827942
46430,4637,0.06641726940870285
46440,4638,0.05468152463436127
46450,4639,0.0447937436401844
46460,4640,1.792267539713066e-05
46470,4641,0.02030079998075962
46480,4642,0.0675290897488594
46490,4643,0.054983146488666534
46500,4644,0.11552334576845169
46510,4645,0.07809413969516754
46520,4646,0.020946038886904716
46530,4647,0.026316888630390167
46540,4648,0.0499294213950634
46550,4649,0.0025794890243560076
46560,4650,0.12444064766168594
46570,4651,0.0817086398601532
46580,4652,0.0258380938321352
46590,4653,0.03712073341012001
46600,4654,0.08345425128936768
46610,4655,0.020753860473632812
46620,4656,0.024680105969309807
46630,4657,0.006363804917782545
46640,4658,0.11186588555574417
46650,4659,0.022492002695798874
46660,4660,0.023667458444833755
46670,4661,0.024053368717432022
46680,4662,0.04442829266190529
46690,4663,0.01568797416985035
46700,4664,0.12341153621673584
46710,4665,0.03385414555668831
46720,4666,0.10893033444881439
46730,4667,0.07378502935171127
46740,4668,0.1552155762910843
46750,4669,0.06608351320028305
46760,4670,0.046195607632398605
46770,4671,0.12786005437374115
46780,4672,0.022648535668849945
46790,4673,0.008533637970685959
46800,4674,0.11488160490989685
46810,4675,0.03368474543094635
46820,4676,0.0618973933160305
46830,4677,0.05733650177717209
46840,4678,0.11476632207632065
46850,4679,0.003876851173117757
46860,4680,0.015889136120676994
46870,4681,0.021121114492416382
46880,4682,0.09115401655435562
46890,4683,0.01781964674592018
46900,4684,0.03815462067723274
46910,4685,0.023745428770780563
46920,4686,0.0499611496925354
46930,4687,0.05207235738635063
46940,4688,3.389716221136041e-05
46950,4689,0.02434675581753254
46960,4690,0.033937063068151474
46970,4691,0.10085127502679825
46980,4692,0.00042365622357465327
46990,4693,0.006682694889605045
47000,4694,0.09082313627004623
47010,4695,0.044426079839468
47020,4696,0.09355220943689346
47030,4697,0.11975914984941483
47040,4698,0.06428426504135132
47050,4699,0.02054084651172161
47060,4700,0.07323858886957169
47070,4701,0.016426868736743927
47080,4702,0.10019733011722565
47090,4703,0.06375142186880112
47100,4704,0.043047428131103516
47110,4705,0.04332791268825531
47120,4706,0.043711885809898376
47130,4707,0.02348148077726364
47140,4708,0.0005614083493128419
47150,4709,0.16137611865997314
47160,4710,0.04736582934856415
47170,4711,0.04088400676846504
47180,4712,0.03391607850790024
47190,4713,0.0716683492064476
47200,4714,0.021801508963108063
47210,4715,0.04672727733850479
47220,4716,0.005061931908130646
47230,4717,0.16324730217456818
47240,4718,0.023867301642894745
47250,4719,0.0007729252683930099
47260,4720,0.08672615885734558
47270,4721,0.042773112654685974
47280,4722,0.05169754847884178
47290,4723,0.06153886392712593
47300,4724,0.029460564255714417
47310,4725,0.17547500133514404
47320,4726,0.09607695788145065
47330,4727,0.08471912145614624
47340,4728,0.09282780438661575
47350,4729,0.033456094563007355
47360,4730,0.039929963648319244
47370,4731,0.13480782508850098
47380,4732,0.0018345810240134597
47390,4733,0.08879465609788895
47400,4734,0.026362376287579536
47410,4735,0.05235709622502327
47420,4736,0.04723239317536354
47430,4737,0.07937251031398773
47440,4738,0.07783493399620056
47450,4739,0.06915396451950073
47460,4740,0.08858707547187805
47470,4741,0.0038227103650569916
47480,4742,0.03473788872361183
47490,4743,0.007758145220577717
47500,4744,0.028562357649207115
47510,4745,0.001030864892527461
47520,4746,0.015411346219480038
47530,4747,0.006241952534765005
47540,4748,0.0013986503472551703
47550,4749,0.10771731287240982
47560,4750,5.340556981536793e-06
47570,4751,0.08065510541200638
47580,4752,0.005993554834276438
47590,4753,0.024515902623534203
47600,4754,0.11136024445295334
47610,4755,0.06137901917099953
47620,4756,0.023596419021487236
47630,4757,0.011701211333274841
47640,4758,0.036292046308517456
47650,4759,0.003446434158831835
47660,4760,0.05042343959212303
47670,4761,1.2240173418831546e-05
47680,4762,0.1583685576915741
47690,4763,0.03791908547282219
47700,4764,0.09408152848482132
47710,4765,0.013289665803313255
47720,4766,0.008548831567168236
47730,4767,0.08890079706907272
47740,4768,0.022703539580106735
47750,4769,0.12709015607833862
47760,4770,0.0036913445219397545
47770,4771,2.455739195283968e-05
47780,4772,0.019179681316018105
47790,4773,0.006637247744947672
47800,4774,0.04755795747041702
47810,4775,0.06192740797996521
47820,4776,0.012538015842437744
47830,4777,0.06613293290138245
47840,4778,0.007928961887955666
47850,4779,0.04889193922281265
47860,4780,0.09960795193910599
47870,4781,0.11858653277158737
47880,4782,0.02586105652153492
47890,4783,0.003095724154263735
47900,4784,3.7781676383019658e-06
47910,4785,0.038393713533878326
47920,4786,0.010463877581059933
47930,4787,0.01058695837855339
47940,4788,0.20536212623119354
47950,4789,0.01974666304886341
47960,4790,0.015008985064923763
47970,4791,0.07409465312957764
47980,4792,0.10794974863529205
47990,4793,0.0281201358884573
48000,4794,0.029940495267510414
48010,4795,0.005164340138435364
48020,4796,0.024951444938778877
48030,4797,0.07743029296398163
48040,4798,0.0019579948857426643
48050,4799,0.0031339849811047316
48060,4800,0.03887195512652397
48070,4801,0.017410144209861755
48080,4802,0.01748492754995823
48090,4803,0.009376097470521927
48100,4804,0.038894712924957275
48110,4805,0.0003042084281332791
48120,4806,0.1570562869310379
48130,4807,0.00013055531599093229
48140,4808,0.01804197020828724
48150,4809,0.08377006649971008
48160,4810,0.011891895905137062
48170,4811,0.00011621086741797626
48180,4812,0.010943653993308544
48190,4813,0.07386178523302078
48200,4814,0.15326380729675293
48210,4815,0.09795106947422028
48220,4816,0.025981135666370392
48230,4817,0.008809275925159454
48240,4818,0.019876187667250633
48250,4819,0.023686066269874573
48260,4820,0.05123719200491905
48270,4821,0.12504711747169495
48280,4822,0.08131143450737
48290,4823,0.044401369988918304
48300,4824,0.025984574109315872
48310,4825,0.006539793685078621
48320,4826,0.0016735084354877472
48330,4827,0.06580686569213867
48340,4828,0.0409269742667675
48350,4829,0.0728665292263031
48360,4830,0.01198398508131504
48370,4831,0.014454937539994717
48380,4832,0.07636973261833191
48390,4833,0.061912424862384796
48400,4834,0.02809049002826214
48410,4835,0.02651342749595642
48420,4836,0.05218052864074707
48430,4837,0.0792761817574501
48440,4838,0.017267657443881035
48450,4839,0.08696730434894562
48460,4840,4.0872680983738974e-05
48470,4841,0.04528141766786575
48480,4842,0.016667256131768227
48490,4843,0.007148371078073978
48500,4844,0.04332957789301872
48510,4845,0.022441711276769638
48520,4846,0.02712465263903141
48530,4847,0.011244823224842548
48540,4848,0.05306854099035263
48550,4849,0.03663932532072067
48560,4850,0.016426710411906242
48570,4851,0.005321698263287544
48580,4852,0.0033631182741373777
48590,4853,0.03420334681868553
48600,4854,0.107467420399189
48610,4855,0.007578134071081877
48620,4856,0.015559427440166473
48630,4857,0.047358717769384384
48640,4858,0.07440678030252457
48650,4859,0.10229047387838364
48660,4860,0.04676119238138199
48670,4861,0.07894030958414078
48680,4862,1.7459569789934903e-05
48690,4863,0.03572428971529007
48700,4864,0.08950909227132797
48710,4865,0.04624401032924652
48720,4866,5.163335663382895e-05
48730,4867,0.024611763656139374
48740,4868,0.0009008439956232905
48750,4869,0.022741109132766724
48760,4870,0.0013056739699095488
48770,4871,0.024986514821648598
48780,4872,0.06141992658376694
48790,4873,0.04327361658215523
48800,4874,0.0052118138410151005
48810,4875,0.07602417469024658
48820,4876,0.04968146234750748
48830,4877,0.0006512801628559828
48840,4878,2.3286911527975462e-05
48850,4879,0.1166788637638092
48860,4880,0.021123718470335007
48870,4881,0.09997644275426865
48880,4882,0.1152198389172554
48890,4883,0.0012918717693537474
48900,4884,0.09184813499450684
48910,4885,0.02862781472504139
48920,4886,0.08403970301151276
48930,4887,0.08907396346330643
48940,4888,0.1503014713525772
48950,4889,0.15652981400489807
48960,4890,0.02339114248752594
48970,4891,0.006989757064729929
48980,4892,0.026548003777861595
48990,4893,0.13192622363567352
49000,4894,0.11818883568048477
49010,4895,0.04025949537754059
49020,4896,0.0001069849167834036
49030,4897,0.033531539142131805
49040,4898,0.176249161362648
49050,4899,0.1319906860589981
49060,4900,0.02273797057569027
49070,4901,0.04419391229748726
49080,4902,0.008406306616961956
49090,4903,0.019475668668746948
49100,4904,0.0005179746076464653
49110,4905,0.019036108627915382
49120,4906,0.08297404646873474
49130,4907,1.7072765331249684e-05
49140,4908,0.049307677894830704
49150,4909,0.04118167981505394
49160,4910,0.00653102109208703
49170,4911,0.0003473154210951179
49180,4912,0.0397646464407444
49190,4913,0.13119757175445557
49200,4914,0.014139195904135704
49210,4915,0.004389490466564894
49220,4916,0.036194004118442535
49230,4917,0.044464774429798126
49240,4918,0.008922996930778027
49250,4919,0.007389309350401163
49260,4920,0.00036086110048927367
49270,4921,0.016531625762581825
49280,4922,0.0690329372882843
49290,4923,0.07837539166212082
49300,4924,9.84717371466104e-06
49310,4925,0.017455607652664185
49320,4926,0.017665602266788483
49330,4927,0.015408597886562347
49340,4928,0.020591529086232185
49350,4929,0.057530876249074936
49360,4930,0.0738251805305481
49370,4931,0.01111503317952156
49380,4932,0.00016432990378234535
49390,4933,0.0037580779753625393
49400,4934,0.0019258524989709258
49410,4935,0.012995462864637375
49420,4936,0.036048829555511475
49430,4937,0.02122271992266178
49440,4938,0.011341708712279797
49450,4939,0.023856060579419136
49460,4940,0.005112058017402887
49470,4941,0.03801705315709114
49480,4942,0.06448739022016525
49490,4943,0.029630927368998528
49500,4944,0.05400663986802101
49510,4945,0.03653421998023987
49520,4946,0.03285309672355652
49530,4947,7.805592758813873e-06
49540,4948,0.06011602655053139
49550,4949,3.231143637094647e-05
49560,4950,0.0543365478515625
49570,4951,0.11187760531902313
49580,4952,0.0011192294768989086
49590,4953,0.06851357966661453
49600,4954,0.11925170570611954
49610,4955,0.043515682220458984
49620,4956,0.13333600759506226
49630,4957,0.010986242443323135
49640,4958,0.08886608481407166
49650,4959,0.059695929288864136
49660,4960,0.10426145792007446
49670,4961,0.07500158995389938
49680,4962,0.0011922926642000675
49690,4963,0.0005228109075687826
49700,4964,0.01587689481675625
49710,4965,0.07908040285110474
49720,4966,0.04621409252285957
49730,4967,0.014740032143890858
49740,4968,0.1048380583524704
49750,4969,0.005682043265551329
49760,4970,0.0482943020761013
49770,4971,0.10851885378360748
49780,4972,0.002463020384311676
49790,4973,0.21166837215423584
49800,4974,0.15269994735717773
49810,4975,0.04969010874629021
49820,4976,0.00263735163025558
49830,4977,0.0006785690202377737
49840,4978,0.03191119059920311
49850,4979,0.002528524026274681
49860,4980,0.07653965055942535
49870,4981,0.13358867168426514
49880,4982,0.08533596247434616
49890,4983,0.02312321588397026
49900,4984,0.03456564620137215
49910,4985,0.17902261018753052
49920,4986,0.04809517785906792
49930,4987,0.10418766736984253
49940,4988,0.1759229302406311
49950,4989,0.010213407687842846
49960,4990,1.9461520423647016e-05
49970,4991,0.04029875621199608
49980,4992,0.11397158354520798
49990,4993,0.011570212431252003
50000,4994,0.008935730904340744
