environment_step,learning_update,td_loss
1000,1,0.8411819934844971
1010,2,0.6935718655586243
1020,3,0.6118437051773071
1030,4,0.4866759479045868
1040,5,0.43099701404571533
1050,6,0.34284597635269165
1060,7,0.2769848704338074
1070,8,0.30806952714920044
1080,9,0.2136622965335846
1090,10,0.14718717336654663
1100,11,0.16580595076084137
1110,12,0.13262835144996643
1120,13,0.11363402754068375
1130,14,0.13052906095981598
1140,15,0.1984967291355133
1150,16,0.13910266757011414
1160,17,0.11917363107204437
1170,18,0.08929415047168732
1180,19,0.07593774795532227
1190,20,0.06097821891307831
1200,21,0.10011106729507446
1210,22,0.1065116748213768
1220,23,0.06379658728837967
1230,24,0.1178821325302124
1240,25,0.11718373000621796
1250,26,0.07803930342197418
1260,27,0.06893308460712433
1270,28,0.05401499569416046
1280,29,0.027129704132676125
1290,30,0.02327352575957775
1300,31,0.041141655296087265
1310,32,0.021314337849617004
1320,33,0.02897670492529869
1330,34,0.027148574590682983
1340,35,0.017606167122721672
1350,36,0.019215445965528488
1360,37,0.03100917488336563
1370,38,0.023048007860779762
1380,39,0.020529936999082565
1390,40,0.02449752390384674
1400,41,0.02808310277760029
1410,42,0.016753414645791054
1420,43,0.020926499739289284
1430,44,0.017511287704110146
1440,45,0.01464620791375637
1450,46,0.015728943049907684
1460,47,0.011266246438026428
1470,48,0.01954236440360546
1480,49,0.015727246180176735
1490,50,0.011116492561995983
1500,51,0.015478466637432575
1510,52,0.011917360126972198
1520,53,0.015878645703196526
1530,54,0.014536780305206776
1540,55,0.008200681768357754
1550,56,0.009241433814167976
1560,57,0.009698844514787197
1570,58,0.00860994029790163
1580,59,0.007784574292600155
1590,60,0.005284565035253763
1600,61,0.009864529594779015
1610,62,0.010251158848404884
1620,63,0.01575765199959278
1630,64,0.013652930036187172
1640,65,0.01237509399652481
1650,66,0.011710641905665398
1660,67,0.009111544117331505
1670,68,0.007815838791429996
1680,69,0.015485385432839394
1690,70,0.01159106008708477
1700,71,0.007492109667509794
1710,72,0.012394755147397518
1720,73,0.015169108286499977
1730,74,0.022036945447325706
1740,75,0.020284710451960564
1750,76,0.017251862213015556
1760,77,0.017925184220075607
1770,78,0.01600075140595436
1780,79,0.008046001195907593
1790,80,0.008361216634511948
1800,81,0.00863819569349289
1810,82,0.01100197434425354
1820,83,0.018969101831316948
1830,84,0.019666919484734535
1840,85,0.02334916964173317
1850,86,0.021873626857995987
1860,87,0.02458338625729084
1870,88,0.023234782740473747
1880,89,0.01996569149196148
1890,90,0.01658695377409458
1900,91,0.013863887637853622
1910,92,0.008336758241057396
1920,93,0.007815768010914326
1930,94,0.0096100103110075
1940,95,0.016175685450434685
1950,96,0.02085450477898121
1960,97,0.025892384350299835
1970,98,0.02605462819337845
1980,99,0.03083081729710102
1990,100,0.03737723454833031
2000,101,0.01721102185547352
2010,102,1.0362532138824463
2020,103,0.965334415435791
2030,104,0.8483232259750366
2040,105,0.66925048828125
2050,106,0.46375036239624023
2060,107,0.2767523527145386
2070,108,0.1422341763973236
2080,109,0.04857533797621727
2090,110,0.08089195936918259
2100,111,0.09774688631296158
2110,112,0.15770120918750763
2120,113,0.2272382378578186
2130,114,0.3257233798503876
2140,115,0.2659463584423065
2150,116,0.2147899717092514
2160,117,0.11895349621772766
2170,118,0.0889805406332016
2180,119,0.05175605043768883
2190,120,0.03229221701622009
2200,121,0.034025777131319046
2210,122,0.05631905794143677
2220,123,0.09747165441513062
2230,124,0.10211167484521866
2240,125,0.09420875459909439
2250,126,0.10227783769369125
2260,127,0.08275079727172852
2270,128,0.07991468906402588
2280,129,0.045248474925756454
2290,130,0.021003834903240204
2300,131,0.0120999151840806
2310,132,0.006404755637049675
2320,133,0.01339186541736126
2330,134,0.012372968718409538
2340,135,0.025095069780945778
2350,136,0.03237346187233925
2360,137,0.02156907692551613
2370,138,0.03206993639469147
2380,139,0.029589328914880753
2390,140,0.02268035337328911
2400,141,0.017273306846618652
2410,142,0.011736760847270489
2420,143,0.011075831949710846
2430,144,0.0031489443499594927
2440,145,0.006177606992423534
2450,146,0.0068318042904138565
2460,147,0.011130317114293575
2470,148,0.012405500747263432
2480,149,0.016053706407546997
2490,150,0.010012085549533367
2500,151,0.008780351839959621
2510,152,0.008204860612750053
2520,153,0.005901770666241646
2530,154,0.005581069737672806
2540,155,0.0019292572978883982
2550,156,0.001988489180803299
2560,157,0.0015700316289439797
2570,158,0.002424505539238453
2580,159,0.005901035852730274
2590,160,0.004614567384123802
2600,161,0.006690508686006069
2610,162,0.004496843088418245
2620,163,0.005197495222091675
2630,164,0.0026289355009794235
2640,165,0.0035979049280285835
2650,166,0.002109997207298875
2660,167,0.002008817158639431
2670,168,0.0019955788739025593
2680,169,0.0021606958471238613
2690,170,0.0018265757244080305
2700,171,0.001695870771072805
2710,172,0.0019761042203754187
2720,173,0.004248054698109627
2730,174,0.0015253614401444793
2740,175,0.0017885866109281778
2750,176,0.001608730643056333
2760,177,0.0022297101095318794
2770,178,0.0018376861698925495
2780,179,0.002608491573482752
2790,180,0.002422379096969962
2800,181,0.0030754925683140755
2810,182,0.002217868110165
2820,183,0.0035835120361298323
2830,184,0.001861810451373458
2840,185,0.001517896307632327
2850,186,0.003702427726238966
2860,187,0.0019913630094379187
2870,188,0.0016029810067266226
2880,189,0.0015939753502607346
2890,190,0.0016361400485038757
2900,191,0.0023829364217817783
2910,192,0.0022069935221225023
2920,193,0.0017292657867074013
2930,194,0.0014791256980970502
2940,195,0.00171465624589473
2950,196,0.001473308657296002
2960,197,0.0013801753520965576
2970,198,0.001476691453717649
2980,199,0.002060727449133992
2990,200,0.001534189097583294
3000,201,0.002262603025883436
3010,202,0.9212649464607239
3020,203,0.8118936419487
3030,204,0.5850687026977539
3040,205,0.38958120346069336
3050,206,0.17182862758636475
3060,207,0.05552136152982712
3070,208,0.03874111920595169
3080,209,0.18285627663135529
3090,210,0.21746470034122467
3100,211,0.2794896364212036
3110,212,0.2765613794326782
3120,213,0.25900816917419434
3130,214,0.15673324465751648
3140,215,0.09128224849700928
3150,216,0.02893802523612976
3160,217,0.011710649356245995
3170,218,0.02405671402812004
3180,219,0.04651372507214546
3190,220,0.08468988537788391
3200,221,0.09165973961353302
3210,222,0.09861309081315994
3220,223,0.09957344830036163
3230,224,0.08514923602342606
3240,225,0.06783781945705414
3250,226,0.02009522169828415
3260,227,0.007382699754089117
3270,228,0.009241390973329544
3280,229,0.016490748152136803
3290,230,0.030281685292720795
3300,231,0.0417742095887661
3310,232,0.03987158089876175
3320,233,0.036403365433216095
3330,234,0.0320805124938488
3340,235,0.015688255429267883
3350,236,0.008639933541417122
3360,237,0.0050031449645757675
3370,238,0.007587381638586521
3380,239,0.009874319657683372
3390,240,0.014337013475596905
3400,241,0.018294503912329674
3410,242,0.015421736985445023
3420,243,0.014914621599018574
3430,244,0.008669356815516949
3440,245,0.007072071544826031
3450,246,0.005181219428777695
3460,247,0.004389135167002678
3470,248,0.003151785349473357
3480,249,0.0066729518584907055
3490,250,0.004431294277310371
3500,251,0.005221269559115171
3510,252,0.006195266265422106
3520,253,0.005347796715795994
3530,254,0.005259146448224783
3540,255,0.004790141247212887
3550,256,0.0029151844792068005
3560,257,0.0027939064893871546
3570,258,0.0019565625116229057
3580,259,0.002317658392712474
3590,260,0.0037501961924135685
3600,261,0.002345211571082473
3610,262,0.0021306793205440044
3620,263,0.0022088533733040094
3630,264,0.0023754786234349012
3640,265,0.0017907422734424472
3650,266,0.0018742687534540892
3660,267,0.0014172297669574618
3670,268,0.0015181814087554812
3680,269,0.0017524964641779661
3690,270,0.0015177404275164008
3700,271,0.0010470147244632244
3710,272,0.001584814046509564
3720,273,0.0032466696575284004
3730,274,0.0037960861809551716
3740,275,0.0018231605645269156
3750,276,0.0021698179189115763
3760,277,0.005340526346117258
3770,278,0.0030301741790026426
3780,279,0.005342782940715551
3790,280,0.002724692691117525
3800,281,0.0028571696020662785
3810,282,0.0010841113980859518
3820,283,0.001187409390695393
3830,284,0.0025933883152902126
3840,285,0.001746617490425706
3850,286,0.004103688523173332
3860,287,0.0020117301028221846
3870,288,0.0025440375320613384
3880,289,0.003690115176141262
3890,290,0.0027174444403499365
3900,291,0.002507118508219719
3910,292,0.0036268122494220734
3920,293,0.0014175793621689081
3930,294,0.0018278297502547503
3940,295,0.0019527622498571873
3950,296,0.0027213694993406534
3960,297,0.0025131055153906345
3970,298,0.0035022564698010683
3980,299,0.002710264176130295
3990,300,0.0021664404775947332
4000,301,0.0023632817901670933
4010,302,0.8898996114730835
4020,303,0.7630974650382996
4030,304,0.4702630043029785
4040,305,0.26011961698532104
4050,306,0.08029890805482864
4060,307,0.040452077984809875
4070,308,0.11412587016820908
4080,309,0.2347232699394226
4090,310,0.324515163898468
4100,311,0.25439056754112244
4110,312,0.2317999303340912
4120,313,0.19441105425357819
4130,314,0.07163925468921661
4140,315,0.029605407267808914
4150,316,0.04491685703396797
4160,317,0.06268660724163055
4170,318,0.12469632178544998
4180,319,0.12365392595529556
4190,320,0.1106131374835968
4200,321,0.1011807844042778
4210,322,0.0555899403989315
4220,323,0.041340481489896774
4230,324,0.017057282850146294
4240,325,0.025970440357923508
4250,326,0.03738512843847275
4260,327,0.03627476841211319
4270,328,0.051178596913814545
4280,329,0.061182331293821335
4290,330,0.029539139941334724
4300,331,0.027490057051181793
4310,332,0.013323402963578701
4320,333,0.005582221318036318
4330,334,0.0073256040923297405
4340,335,0.010221443139016628
4350,336,0.022623850032687187
4360,337,0.020904669538140297
4370,338,0.016152620315551758
4380,339,0.01740538328886032
4390,340,0.013484330847859383
4400,341,0.0071382368914783
4410,342,0.004208233207464218
4420,343,0.0070295678451657295
4430,344,0.005270893685519695
4440,345,0.007543673273175955
4450,346,0.012902037240564823
4460,347,0.01395751815289259
4470,348,0.012154276482760906
4480,349,0.005558771081268787
4490,350,0.004406794905662537
4500,351,0.23534999787807465
4510,352,0.004341337364166975
4520,353,0.004885373171418905
4530,354,0.01632494106888771
4540,355,0.005922676995396614
4550,356,0.008286124095320702
4560,357,0.0074650803580880165
4570,358,0.007235098630189896
4580,359,0.005391877144575119
4590,360,0.008418316952884197
4600,361,0.003739005420356989
4610,362,0.01068127155303955
4620,363,0.004248633049428463
4630,364,0.00510001927614212
4640,365,0.014281455427408218
4650,366,0.006581917870789766
4660,367,0.023638352751731873
4670,368,0.01454234216362238
4680,369,0.00883422326296568
4690,370,0.004278500564396381
4700,371,0.004213600419461727
4710,372,0.005340010393410921
4720,373,0.00515479501336813
4730,374,0.004050350282341242
4740,375,0.019922180101275444
4750,376,0.014014537446200848
4760,377,0.027676640078425407
4770,378,0.010115870274603367
4780,379,0.004499099217355251
4790,380,0.009486276656389236
4800,381,0.012324460782110691
4810,382,0.014366384595632553
4820,383,0.002952923532575369
4830,384,0.010471261106431484
4840,385,0.0025098395999521017
4850,386,0.014262867160141468
4860,387,0.022317994385957718
4870,388,0.00577999372035265
4880,389,0.012630842626094818
4890,390,0.006123958621174097
4900,391,0.01154000498354435
4910,392,0.010200880467891693
4920,393,0.024823611602187157
4930,394,0.02411956712603569
4940,395,0.017850974574685097
4950,396,0.010215641930699348
4960,397,0.020523719489574432
4970,398,0.014270400628447533
4980,399,0.014791594818234444
4990,400,0.0143732950091362
5000,401,0.004822624381631613
5010,402,0.9573112726211548
5020,403,0.707931637763977
5030,404,0.4334026873111725
5040,405,0.1717466562986374
5050,406,0.03593030944466591
5060,407,0.08249642699956894
5070,408,0.2374572902917862
5080,409,0.4713217616081238
5090,410,0.42708706855773926
5100,411,0.34166961908340454
5110,412,0.08284817636013031
5120,413,0.06373924016952515
5130,414,0.11784534901380539
5140,415,0.12220170348882675
5150,416,0.162736177444458
5160,417,0.2810334265232086
5170,418,0.16498848795890808
5180,419,0.06113754212856293
5190,420,0.19881241023540497
5200,421,0.0386427603662014
5210,422,0.08261671662330627
5220,423,0.06764334440231323
5230,424,0.11978607624769211
5240,425,0.09396501630544662
5250,426,0.10815158486366272
5260,427,0.09619078785181046
5270,428,0.04875025898218155
5280,429,0.044865820556879044
5290,430,0.02256145514547825
5300,431,0.014509453438222408
5310,432,0.11026778072118759
5320,433,0.03281094878911972
5330,434,0.039192114025354385
5340,435,0.025842269882559776
5350,436,0.049454014748334885
5360,437,0.022904323413968086
5370,438,0.010983298532664776
5380,439,0.015077594667673111
5390,440,0.008718660101294518
5400,441,0.03249542415142059
5410,442,0.0920804888010025
5420,443,0.016186615452170372
5430,444,0.015513638034462929
5440,445,0.02310832589864731
5450,446,0.024065634235739708
5460,447,0.032099347561597824
5470,448,0.012674197554588318
5480,449,0.022120943292975426
5490,450,0.02121252939105034
5500,451,0.008322970941662788
5510,452,0.012253099121153355
5520,453,0.05070219188928604
5530,454,0.009656637907028198
5540,455,0.047584980726242065
5550,456,0.013630575500428677
5560,457,0.012306580320000648
5570,458,0.005556128919124603
5580,459,0.007332214154303074
5590,460,0.014611372724175453
5600,461,0.016260644420981407
5610,462,0.03872009366750717
5620,463,0.03764349967241287
5630,464,0.013926800340414047
5640,465,0.011558691039681435
5650,466,0.008983205072581768
5660,467,0.029596777632832527
5670,468,0.02206687442958355
5680,469,0.0048340801149606705
5690,470,0.020804651081562042
5700,471,0.005334140732884407
5710,472,0.27379101514816284
5720,473,0.004604631569236517
5730,474,0.006091221701353788
5740,475,0.01554427482187748
5750,476,0.01606183871626854
5760,477,0.009061578661203384
5770,478,0.007939597591757774
5780,479,0.00750265596434474
5790,480,0.006202998571097851
5800,481,0.012947621755301952
5810,482,0.00672867801040411
5820,483,0.004490708000957966
5830,484,0.005339306779205799
5840,485,0.014075495302677155
5850,486,0.004801549948751926
5860,487,1.2123819589614868
5870,488,0.023902734741568565
5880,489,0.016969116404652596
5890,490,0.025362959131598473
5900,491,0.0190591923892498
5910,492,0.016860004514455795
5920,493,0.04219679534435272
5930,494,0.022091347724199295
5940,495,0.014073973521590233
5950,496,0.032802827656269073
5960,497,0.06400544196367264
5970,498,0.01346514094620943
5980,499,0.03513209521770477
5990,500,0.035887133330106735
6000,501,0.04433654621243477
6010,502,0.7989174127578735
6020,503,0.6609013080596924
6030,504,0.6529014110565186
6040,505,0.13221444189548492
6050,506,0.09485213458538055
6060,507,0.1721445918083191
6070,508,0.22322595119476318
6080,509,0.49300429224967957
6090,510,0.2879008650779724
6100,511,0.24961750209331512
6110,512,0.10331626981496811
6120,513,0.04423660784959793
6130,514,0.050486139953136444
6140,515,0.07376467436552048
6150,516,0.11215530335903168
6160,517,0.22559909522533417
6170,518,0.1276211440563202
6180,519,0.15470930933952332
6190,520,0.10860225558280945
6200,521,0.04299120977520943
6210,522,0.020785339176654816
6220,523,0.08257688581943512
6230,524,0.13304375112056732
6240,525,0.088262178003788
6250,526,0.08110813051462173
6260,527,0.09873037040233612
6270,528,0.06061975657939911
6280,529,0.027989085763692856
6290,530,0.041870035231113434
6300,531,0.048427239060401917
6310,532,0.11753521859645844
6320,533,0.05504099279642105
6330,534,0.12630486488342285
6340,535,0.049971599131822586
6350,536,0.02497870847582817
6360,537,0.009146074764430523
6370,538,0.050673145800828934
6380,539,0.017940448597073555
6390,540,0.03219745308160782
6400,541,0.0673714429140091
6410,542,0.04970696568489075
6420,543,0.0408407598733902
6430,544,0.05204426124691963
6440,545,0.022036375477910042
6450,546,0.011972997337579727
6460,547,0.011075157672166824
6470,548,0.028245676308870316
6480,549,0.14807197451591492
6490,550,0.020732885226607323
6500,551,0.013806845061480999
6510,552,0.014138682745397091
6520,553,0.09512653201818466
6530,554,0.03556741401553154
6540,555,0.023123856633901596
6550,556,0.028224460780620575
6560,557,0.014447365887463093
6570,558,0.03570534661412239
6580,559,0.03476005420088768
6590,560,0.09656156599521637
6600,561,0.011729034595191479
6610,562,0.007921414449810982
6620,563,0.020626483485102654
6630,564,0.03437526151537895
6640,565,0.040188245475292206
6650,566,0.036524951457977295
6660,567,0.024974459782242775
6670,568,0.02674204856157303
6680,569,0.0186703409999609
6690,570,0.027751710265874863
6700,571,0.02598526142537594
6710,572,0.057983845472335815
6720,573,0.011949324980378151
6730,574,0.02022811584174633
6740,575,0.011088098399341106
6750,576,0.011917879804968834
6760,577,0.04036451876163483
6770,578,0.019223861396312714
6780,579,0.0372612439095974
6790,580,0.019660871475934982
6800,581,0.016945740208029747
6810,582,0.02548316866159439
6820,583,0.08791924268007278
6830,584,0.016871117055416107
6840,585,0.007703489623963833
6850,586,0.30326133966445923
6860,587,0.023969363421201706
6870,588,0.010768165811896324
6880,589,0.01471310667693615
6890,590,0.0044630845077335835
6900,591,0.007141545880585909
6910,592,0.016871357336640358
6920,593,0.26981616020202637
6930,594,0.007275671698153019
6940,595,0.016979683190584183
6950,596,0.019530126824975014
6960,597,0.02525968663394451
6970,598,0.01961691491305828
6980,599,0.01997375674545765
6990,600,0.02025887370109558
7000,601,0.018777182325720787
7010,602,0.8841374516487122
7020,603,0.7128123044967651
7030,604,0.2871529459953308
7040,605,0.405905157327652
7050,606,0.048450324684381485
7060,607,0.2697172462940216
7070,608,0.27073371410369873
7080,609,0.3441965579986572
7090,610,0.33290383219718933
7100,611,0.1772243231534958
7110,612,0.0967843234539032
7120,613,0.058878879994153976
7130,614,0.11828628182411194
7140,615,0.11436363309621811
7150,616,0.7154205441474915
7160,617,0.16832853853702545
7170,618,0.23801486194133759
7180,619,0.13073675334453583
7190,620,0.07571408897638321
7200,621,0.3437609374523163
7210,622,0.10716043412685394
7220,623,0.06641478836536407
7230,624,0.0742238312959671
7240,625,0.08581595122814178
7250,626,0.057672590017318726
7260,627,0.36375510692596436
7270,628,0.03515968099236488
7280,629,0.06364759802818298
7290,630,0.02840929478406906
7300,631,0.08148940652608871
7310,632,0.5514437556266785
7320,633,0.11908915638923645
7330,634,0.05090148001909256
7340,635,0.04664045199751854
7350,636,0.03470730409026146
7360,637,0.48175865411758423
7370,638,0.06419800966978073
7380,639,0.035232290625572205
7390,640,0.03376634791493416
7400,641,0.0704987645149231
7410,642,0.32564347982406616
7420,643,0.037018001079559326
7430,644,0.016703996807336807
7440,645,0.06188143789768219
7450,646,0.05458683520555496
7460,647,0.05572352558374405
7470,648,0.027148667722940445
7480,649,0.05081260949373245
7490,650,0.12878811359405518
7500,651,0.05208687484264374
7510,652,0.23697690665721893
7520,653,0.08066941052675247
7530,654,0.14582854509353638
7540,655,0.05612903833389282
7550,656,0.030880769714713097
7560,657,3.8300228118896484
7570,658,0.058864861726760864
7580,659,0.125162273645401
7590,660,0.10534816980361938
7600,661,0.1361035406589508
7610,662,0.1455438882112503
7620,663,1.0507493019104004
7630,664,0.15369907021522522
7640,665,0.0732102245092392
7650,666,0.0711384043097496
7660,667,0.09847478568553925
7670,668,0.08025212585926056
7680,669,0.05695728957653046
7690,670,0.08742355555295944
7700,671,0.03141605854034424
7710,672,0.07511670887470245
7720,673,1.6175740957260132
7730,674,0.04323538765311241
7740,675,0.18112781643867493
7750,676,0.060987140983343124
7760,677,0.28969240188598633
7770,678,0.26943525671958923
7780,679,0.053170740604400635
7790,680,0.08099989593029022
7800,681,0.07670841366052628
7810,682,0.20306479930877686
7820,683,0.11567115783691406
7830,684,0.16799817979335785
7840,685,0.10293809324502945
7850,686,0.04017245024442673
7860,687,0.4134683609008789
7870,688,0.02730540558695793
7880,689,0.05341803655028343
7890,690,0.12940438091754913
7900,691,0.0525522381067276
7910,692,0.04713401943445206
7920,693,0.04152308404445648
7930,694,0.14318278431892395
7940,695,0.41599199175834656
7950,696,0.04191447049379349
7960,697,0.03272022679448128
7970,698,0.04867352917790413
7980,699,0.04757523909211159
7990,700,0.12769657373428345
8000,701,0.05070791393518448
8010,702,0.8434861302375793
8020,703,0.626647412776947
8030,704,0.3244595527648926
8040,705,0.08019551634788513
8050,706,0.16950739920139313
8060,707,0.22900858521461487
8070,708,0.35686251521110535
8080,709,0.3391808271408081
8090,710,0.3953445851802826
8100,711,0.17981670796871185
8110,712,0.06159014254808426
8120,713,0.043175630271434784
8130,714,0.10801626741886139
8140,715,0.20122572779655457
8150,716,0.23462748527526855
8160,717,0.2419017255306244
8170,718,0.11556390672922134
8180,719,0.384894996881485
8190,720,0.02746637351810932
8200,721,0.10498274862766266
8210,722,0.10927445441484451
8220,723,0.1172446757555008
8230,724,0.10849080234766006
8240,725,0.10842839628458023
8250,726,0.09829126298427582
8260,727,0.03207565099000931
8270,728,0.03487321734428406
8280,729,0.07047557085752487
8290,730,0.037624891847372055
8300,731,0.032901566475629807
8310,732,0.05086960271000862
8320,733,0.5399506688117981
8330,734,0.10771950334310532
8340,735,0.026052188128232956
8350,736,0.024633130058646202
8360,737,0.048118118196725845
8370,738,0.05244601517915726
8380,739,0.03609643131494522
8390,740,0.03628362715244293
8400,741,0.020302079617977142
8410,742,0.04730231687426567
8420,743,0.058726586401462555
8430,744,0.052259668707847595
8440,745,0.028158457949757576
8450,746,0.02920970879495144
8460,747,0.03607986122369766
8470,748,0.03411553055047989
8480,749,0.04162021353840828
8490,750,0.0651361420750618
8500,751,0.021789608523249626
8510,752,0.46566563844680786
8520,753,0.044262759387493134
8530,754,0.04165869578719139
8540,755,0.08592104911804199
8550,756,0.05124877765774727
8560,757,0.04017319902777672
8570,758,0.03686288744211197
8580,759,0.09082221984863281
8590,760,0.05171245336532593
8600,761,0.04851675406098366
8610,762,0.39175474643707275
8620,763,0.04090643301606178
8630,764,0.03158422186970711
8640,765,0.018816376104950905
8650,766,0.014484045095741749
8660,767,0.016955014318227768
8670,768,0.021403707563877106
8680,769,0.046021439135074615
8690,770,0.026474546641111374
8700,771,0.04857747629284859
8710,772,0.018053870648145676
8720,773,0.41026344895362854
8730,774,0.026974638924002647
8740,775,0.7375794649124146
8750,776,0.02365306206047535
8760,777,0.03121001273393631
8770,778,0.016904646530747414
8780,779,0.05473997816443443
8790,780,0.05538526922464371
8800,781,0.0243743434548378
8810,782,0.05041975528001785
8820,783,0.04654225707054138
8830,784,0.042616263031959534
8840,785,0.022966880351305008
8850,786,0.037728048861026764
8860,787,0.03119392693042755
8870,788,0.039901841431856155
8880,789,0.03317930921912193
8890,790,0.03137930855154991
8900,791,0.01328318566083908
8910,792,0.05506923422217369
8920,793,0.04031484201550484
8930,794,0.018419422209262848
8940,795,0.017235465347766876
8950,796,0.015334399417042732
8960,797,0.010330142453312874
8970,798,0.04731844365596771
8980,799,0.05368158221244812
8990,800,0.017771156504750252
9000,801,0.03971709683537483
9010,802,0.791192889213562
9020,803,0.5821609497070312
9030,804,0.8488345146179199
9040,805,0.05880027636885643
9050,806,0.09228173643350601
9060,807,0.19267012178897858
9070,808,0.3339952230453491
9080,809,0.3871212601661682
9090,810,0.2690300941467285
9100,811,0.23882810771465302
9110,812,0.07242636382579803
9120,813,0.06358389556407928
9130,814,0.16004113852977753
9140,815,0.14678120613098145
9150,816,0.18846029043197632
9160,817,0.23206937313079834
9170,818,0.1397964358329773
9180,819,0.08068954199552536
9190,820,0.03525867313146591
9200,821,0.06058007851243019
9210,822,0.11980809271335602
9220,823,0.26588255167007446
9230,824,0.08360171318054199
9240,825,0.07452943921089172
9250,826,0.09040723741054535
9260,827,0.0545901358127594
9270,828,0.0542629137635231
9280,829,0.07116246223449707
9290,830,0.08153634518384933
9300,831,0.12275058031082153
9310,832,0.054399553686380386
9320,833,0.04414663091301918
9330,834,0.01866563782095909
9340,835,0.03161131963133812
9350,836,0.11368929594755173
9360,837,0.056423936039209366
9370,838,0.09167575091123581
9380,839,0.07292420417070389
9390,840,0.07203757762908936
9400,841,0.012603199109435081
9410,842,0.0354517363011837
9420,843,0.03251499682664871
9430,844,0.05066482350230217
9440,845,0.04966884106397629
9450,846,0.039964981377124786
9460,847,0.014021234586834908
9470,848,0.06843569874763489
9480,849,0.05191653594374657
9490,850,0.034407977014780045
9500,851,0.03034280426800251
9510,852,0.05108378082513809
9520,853,0.017417343333363533
9530,854,0.02949729561805725
9540,855,0.03732963278889656
9550,856,0.013216247782111168
9560,857,0.017785731703042984
9570,858,0.026919087395071983
9580,859,0.01246000174432993
9590,860,0.4671197235584259
9600,861,0.023849666118621826
9610,862,0.04585786908864975
9620,863,0.025351624935865402
9630,864,0.02185981348156929
9640,865,0.014091556891798973
9650,866,0.05183635652065277
9660,867,0.06382318586111069
9670,868,0.018157130107283592
9680,869,0.015720805153250694
9690,870,0.02170444279909134
9700,871,0.019625503569841385
9710,872,0.031887236982584
9720,873,0.019408296793699265
9730,874,0.023682110011577606
9740,875,0.01187327690422535
9750,876,0.026496028527617455
9760,877,0.012727919965982437
9770,878,0.027298906818032265
9780,879,0.013408554717898369
9790,880,0.014612728729844093
9800,881,0.04108942300081253
9810,882,0.013589965179562569
9820,883,0.028814826160669327
9830,884,0.005594515707343817
9840,885,0.008618621155619621
9850,886,0.016296567395329475
9860,887,0.04028576239943504
9870,888,0.0220847986638546
9880,889,0.038334883749485016
9890,890,0.03325952589511871
9900,891,0.0299384668469429
9910,892,0.03223639726638794
9920,893,0.023518340662121773
9930,894,0.49207592010498047
9940,895,0.007246761582791805
9950,896,0.0328887440264225
9960,897,0.03170131891965866
9970,898,0.016657020896673203
9980,899,0.03503123298287392
9990,900,0.008902158588171005
10000,901,0.016650673002004623
10010,902,0.716623067855835
10020,903,0.4791271984577179
10030,904,0.16693370044231415
10040,905,0.929881751537323
10050,906,0.17764882743358612
10060,907,0.22423693537712097
10070,908,0.294919490814209
10080,909,0.3285202980041504
10090,910,0.1334877908229828
10100,911,0.9560185670852661
10110,912,0.026539083570241928
10120,913,0.07327006757259369
10130,914,0.5920755863189697
10140,915,0.15843214094638824
10150,916,0.23134872317314148
10160,917,0.1427132487297058
10170,918,0.0988161638379097
10180,919,0.9244562387466431
10190,920,0.5245320200920105
10200,921,0.0677306279540062
10210,922,0.08509533852338791
10220,923,0.060263022780418396
10230,924,0.5168970227241516
10240,925,0.03097846545279026
10250,926,0.0312616229057312
10260,927,0.08556578308343887
10270,928,0.06263755261898041
10280,929,0.0565156564116478
10290,930,0.0788206160068512
10300,931,0.07436281442642212
10310,932,0.0470256470143795
10320,933,0.4724023938179016
10330,934,0.09272624552249908
10340,935,0.04307971149682999
10350,936,0.08635479211807251
10360,937,0.8517231345176697
10370,938,0.035389602184295654
10380,939,0.060008712112903595
10390,940,0.05847526714205742
10400,941,0.07842554152011871
10410,942,0.06080155447125435
10420,943,0.7686158418655396
10430,944,0.01887960359454155
10440,945,0.029995430260896683
10450,946,0.12181650102138519
10460,947,0.0504484549164772
10470,948,0.03762432560324669
10480,949,0.11519280076026917
10490,950,0.03014553152024746
10500,951,0.023063641041517258
10510,952,0.03634526953101158
10520,953,0.08976136147975922
10530,954,0.08948439359664917
10540,955,0.06035246327519417
10550,956,0.8910611867904663
10560,957,0.04469437897205353
10570,958,0.0560065396130085
10580,959,0.7554944753646851
10590,960,0.052801936864852905
10600,961,0.7973278760910034
10610,962,0.06620335578918457
10620,963,0.03963953256607056
10630,964,0.620612382888794
10640,965,0.07027185708284378
10650,966,0.04941082373261452
10660,967,0.10599146783351898
10670,968,0.03065292350947857
10680,969,0.10856617987155914
10690,970,0.044557929039001465
10700,971,0.038681160658597946
10710,972,0.030114294961094856
10720,973,0.05523292347788811
10730,974,0.025033827871084213
10740,975,0.06049758568406105
10750,976,0.00941261276602745
10760,977,1.0149329900741577
10770,978,0.04259767755866051
10780,979,0.06984245777130127
10790,980,0.13010819256305695
10800,981,0.04721922054886818
10810,982,0.06811565905809402
10820,983,0.07079631090164185
10830,984,0.048545654863119125
10840,985,0.032932769507169724
10850,986,0.09889039397239685
10860,987,1.2459149360656738
10870,988,0.035331375896930695
10880,989,0.135748490691185
10890,990,0.0900002121925354
10900,991,0.037535056471824646
10910,992,0.09332051873207092
10920,993,0.04951481893658638
10930,994,0.054254431277513504
10940,995,0.06041476130485535
10950,996,0.07106280326843262
10960,997,0.055493488907814026
10970,998,0.11483506858348846
10980,999,0.043886035680770874
10990,1000,0.07408102601766586
11000,1001,0.02666352316737175
11010,1002,0.8264068365097046
11020,1003,0.6399837136268616
11030,1004,0.3291439414024353
11040,1005,1.1127939224243164
11050,1006,0.09130583703517914
11060,1007,0.23474641144275665
11070,1008,0.34205764532089233
11080,1009,0.35516834259033203
11090,1010,0.19668102264404297
11100,1011,0.10435900837182999
11110,1012,0.09764152765274048
11120,1013,0.10310366004705429
11130,1014,0.26416483521461487
11140,1015,0.17285020649433136
11150,1016,0.18251028656959534
11160,1017,0.10215543210506439
11170,1018,0.025823624804615974
11180,1019,0.04389166831970215
11190,1020,0.08557063341140747
11200,1021,1.0723851919174194
11210,1022,0.1098237931728363
11220,1023,0.06913425773382187
11230,1024,0.023037374019622803
11240,1025,0.031086208298802376
11250,1026,0.05643732100725174
11260,1027,0.17483264207839966
11270,1028,0.08747202903032303
11280,1029,0.03323807567358017
11290,1030,0.8971531987190247
11300,1031,0.04146986082196236
11310,1032,0.025527074933052063
11320,1033,0.0743919312953949
11330,1034,0.039733000099658966
11340,1035,1.0556882619857788
11350,1036,0.026655027642846107
11360,1037,0.016250506043434143
11370,1038,0.7342447638511658
11380,1039,0.060344960540533066
11390,1040,0.10059604793787003
11400,1041,0.1426263004541397
11410,1042,0.07706554979085922
11420,1043,0.06080999970436096
11430,1044,0.8411964178085327
11440,1045,0.020881926640868187
11450,1046,0.013900694437325
11460,1047,0.031239647418260574
11470,1048,0.04856764152646065
11480,1049,0.7663891911506653
11490,1050,0.0410003624856472
11500,1051,0.05189694091677666
11510,1052,0.03719180449843407
11520,1053,0.05888504162430763
11530,1054,0.8364349603652954
11540,1055,0.052429068833589554
11550,1056,0.03062649630010128
11560,1057,0.8666699528694153
11570,1058,0.01889457367360592
11580,1059,0.03627486526966095
11590,1060,0.11473391205072403
11600,1061,0.032767560333013535
11610,1062,0.017310867086052895
11620,1063,0.06955008208751678
11630,1064,0.05600789189338684
11640,1065,0.04565834999084473
11650,1066,0.05338417738676071
11660,1067,1.0028047561645508
11670,1068,1.0204271078109741
11680,1069,0.04027881100773811
11690,1070,0.021726403385400772
11700,1071,0.018182598054409027
11710,1072,0.02458757720887661
11720,1073,0.02379174344241619
11730,1074,0.06005075201392174
11740,1075,0.041266314685344696
11750,1076,0.0738377496600151
11760,1077,0.03117247484624386
11770,1078,0.014929725788533688
11780,1079,0.7984327673912048
11790,1080,0.06668002903461456
11800,1081,0.02369140461087227
11810,1082,0.06898556649684906
11820,1083,0.0172200258821249
11830,1084,0.05091450735926628
11840,1085,0.09707587212324142
11850,1086,0.07918410003185272
11860,1087,0.141121044754982
11870,1088,0.02024315670132637
11880,1089,0.047645535320043564
11890,1090,0.026226649060845375
11900,1091,0.024387234821915627
11910,1092,0.028555333614349365
11920,1093,0.059579964727163315
11930,1094,0.08882640302181244
11940,1095,0.018617480993270874
11950,1096,0.01132832933217287
11960,1097,0.028114112094044685
11970,1098,0.048065658658742905
11980,1099,0.8536345958709717
11990,1100,0.03136904910206795
12000,1101,0.03023412823677063
12010,1102,0.7138187885284424
12020,1103,0.430715411901474
12030,1104,0.14004230499267578
12040,1105,0.9391476511955261
12050,1106,0.1519288569688797
12060,1107,0.3616631031036377
12070,1108,0.4084598422050476
12080,1109,0.31307560205459595
12090,1110,0.12365558743476868
12100,1111,0.08591420948505402
12110,1112,0.1173669844865799
12120,1113,0.22815196216106415
12130,1114,0.2798086702823639
12140,1115,0.16802696883678436
12150,1116,0.1408117264509201
12160,1117,0.026951376348733902
12170,1118,0.04718189686536789
12180,1119,0.07739561051130295
12190,1120,0.1208968386054039
12200,1121,0.16679656505584717
12210,1122,0.08021915704011917
12220,1123,1.014117956161499
12230,1124,0.028276754543185234
12240,1125,0.07441668212413788
12250,1126,0.08738309144973755
12260,1127,0.09369320422410965
12270,1128,0.09270172566175461
12280,1129,0.05776999890804291
12290,1130,0.05838710442185402
12300,1131,0.05318281799554825
12310,1132,0.07121031731367111
12320,1133,0.06720224767923355
12330,1134,0.05689264461398125
12340,1135,0.10505206882953644
12350,1136,0.08049032092094421
12360,1137,0.032478589564561844
12370,1138,0.060001470148563385
12380,1139,0.06309135258197784
12390,1140,0.06906057149171829
12400,1141,0.04072054475545883
12410,1142,0.045682210475206375
12420,1143,0.03297717124223709
12430,1144,0.018589390441775322
12440,1145,0.05424288660287857
12450,1146,0.0553012378513813
12460,1147,0.033213235437870026
12470,1148,0.015543334186077118
12480,1149,0.026179637759923935
12490,1150,0.042196124792099
12500,1151,0.08761992305517197
12510,1152,0.01871700957417488
12520,1153,0.8182606101036072
12530,1154,0.06272915750741959
12540,1155,0.01839197240769863
12550,1156,0.03437710553407669
12560,1157,0.05938427150249481
12570,1158,0.02940550446510315
12580,1159,0.053850531578063965
12590,1160,0.055865902453660965
12600,1161,0.04606945067644119
12610,1162,0.042833663523197174
12620,1163,0.019529761746525764
12630,1164,0.05636891350150108
12640,1165,0.02237027883529663
12650,1166,0.9461767077445984
12660,1167,0.09163221716880798
12670,1168,0.09758713096380234
12680,1169,1.0356076955795288
12690,1170,0.04433777183294296
12700,1171,0.07002584636211395
12710,1172,0.05240507051348686
12720,1173,0.861897349357605
12730,1174,0.05036812648177147
12740,1175,0.08213542401790619
12750,1176,0.08597076684236526
12760,1177,0.13122455775737762
12770,1178,0.10410982370376587
12780,1179,0.039640847593545914
12790,1180,0.04616764560341835
12800,1181,0.1202785074710846
12810,1182,0.04766407608985901
12820,1183,0.1119629442691803
12830,1184,0.083346426486969
12840,1185,0.10056912899017334
12850,1186,0.06579840183258057
12860,1187,0.10074720531702042
12870,1188,0.05428560823202133
12880,1189,2.8278965950012207
12890,1190,0.044833846390247345
12900,1191,0.033768393099308014
12910,1192,0.05643516778945923
12920,1193,0.058513347059488297
12930,1194,0.09615764021873474
12940,1195,0.0383269339799881
12950,1196,0.030943991616368294
12960,1197,0.298896849155426
12970,1198,0.07544789463281631
12980,1199,0.17740605771541595
12990,1200,0.04658383131027222
13000,1201,0.03547608479857445
13010,1202,0.7308109998703003
13020,1203,0.6483516097068787
13030,1204,0.22979207336902618
13040,1205,0.07206280529499054
13050,1206,0.2180577963590622
13060,1207,0.4100229740142822
13070,1208,0.2912459671497345
13080,1209,0.2071973979473114
13090,1210,0.1545264571905136
13100,1211,0.04696560278534889
13110,1212,1.1281765699386597
13120,1213,0.19766035676002502
13130,1214,0.1278546303510666
13140,1215,0.264065146446228
13150,1216,0.1727941334247589
13160,1217,0.10277235507965088
13170,1218,0.1354399025440216
13180,1219,0.16263316571712494
13190,1220,0.1605016142129898
13200,1221,0.11224690079689026
13210,1222,0.05612991750240326
13220,1223,0.057703930884599686
13230,1224,0.04292362928390503
13240,1225,0.03926926106214523
13250,1226,0.15145504474639893
13260,1227,0.06136593967676163
13270,1228,0.06430229544639587
13280,1229,0.035999517887830734
13290,1230,0.027114497497677803
13300,1231,0.04221580922603607
13310,1232,0.05392424389719963
13320,1233,3.2318201065063477
13330,1234,0.06367602944374084
13340,1235,0.06564454734325409
13350,1236,0.12829743325710297
13360,1237,0.14194169640541077
13370,1238,0.07643622905015945
13380,1239,0.08907938748598099
13390,1240,0.0858248770236969
13400,1241,0.08677899837493896
13410,1242,0.9916384220123291
13420,1243,0.04611364006996155
13430,1244,0.03805962949991226
13440,1245,0.04896118864417076
13450,1246,0.9931870698928833
13460,1247,0.08034379780292511
13470,1248,0.04421379417181015
13480,1249,1.2575492858886719
13490,1250,0.06953207403421402
13500,1251,0.8448468446731567
13510,1252,0.09746170043945312
13520,1253,0.04619969427585602
13530,1254,0.0748506411910057
13540,1255,0.07958672195672989
13550,1256,0.09198274463415146
13560,1257,0.033580929040908813
13570,1258,0.05740370973944664
13580,1259,0.03616570681333542
13590,1260,0.2166581153869629
13600,1261,0.043996356427669525
13610,1262,0.04757893085479736
13620,1263,0.06740179657936096
13630,1264,0.08342006802558899
13640,1265,0.09560373425483704
13650,1266,0.03646518290042877
13660,1267,0.07225758582353592
13670,1268,0.031329937279224396
13680,1269,0.062281250953674316
13690,1270,0.07536222040653229
13700,1271,0.08372979611158371
13710,1272,0.09298896044492722
13720,1273,0.020914271473884583
13730,1274,0.09950285404920578
13740,1275,0.09645020216703415
13750,1276,0.041434139013290405
13760,1277,1.5468279123306274
13770,1278,0.06007138639688492
13780,1279,0.9048648476600647
13790,1280,0.07084114849567413
13800,1281,0.06500434875488281
13810,1282,0.04294852167367935
13820,1283,0.05750451982021332
13830,1284,0.018953420221805573
13840,1285,0.014235841110348701
13850,1286,0.019824258983135223
13860,1287,0.02639242447912693
13870,1288,0.029971791431307793
13880,1289,0.01699710451066494
13890,1290,0.8744683265686035
13900,1291,0.034946009516716
13910,1292,1.723819375038147
13920,1293,0.11515825986862183
13930,1294,0.09589169174432755
13940,1295,0.126039057970047
13950,1296,0.9689741134643555
13960,1297,0.07119566947221756
13970,1298,0.03185521438717842
13980,1299,0.03529737889766693
13990,1300,0.02459638938307762
14000,1301,0.08265706896781921
14010,1302,0.6479536294937134
14020,1303,0.4299212098121643
14030,1304,0.09672093391418457
14040,1305,0.03331060707569122
14050,1306,0.23712095618247986
14060,1307,0.41248300671577454
14070,1308,0.3329036235809326
14080,1309,0.22187305986881256
14090,1310,0.14134261012077332
14100,1311,0.07464130222797394
14110,1312,0.19156797230243683
14120,1313,0.2534944713115692
14130,1314,0.21388587355613708
14140,1315,0.28951799869537354
14150,1316,0.09090591967105865
14160,1317,0.068134605884552
14170,1318,0.15974225103855133
14180,1319,0.09945718944072723
14190,1320,1.2657889127731323
14200,1321,0.1370534598827362
14210,1322,0.11064071953296661
14220,1323,0.06401215493679047
14230,1324,0.0406767874956131
14240,1325,0.09758175164461136
14250,1326,0.12186112999916077
14260,1327,0.1198311448097229
14270,1328,0.07098254561424255
14280,1329,0.06433598697185516
14290,1330,0.06391958892345428
14300,1331,0.07377320528030396
14310,1332,0.12065989524126053
14320,1333,0.10795954614877701
14330,1334,0.0572887547314167
14340,1335,0.053860682994127274
14350,1336,0.058656156063079834
14360,1337,0.0859401673078537
14370,1338,0.9831094145774841
14380,1339,0.049573007971048355
14390,1340,0.07992514222860336
14400,1341,0.052309270948171616
14410,1342,0.10489559173583984
14420,1343,0.11296523362398148
14430,1344,1.1634339094161987
14440,1345,0.05772571638226509
14450,1346,0.03736018389463425
14460,1347,0.09505094587802887
14470,1348,1.0230351686477661
14480,1349,0.07564004510641098
14490,1350,0.13756898045539856
14500,1351,0.1259136199951172
14510,1352,0.18923088908195496
14520,1353,0.022319573909044266
14530,1354,0.07596476376056671
14540,1355,0.062046222388744354
14550,1356,0.07049626111984253
14560,1357,1.089389443397522
14570,1358,1.207517385482788
14580,1359,0.154001384973526
14590,1360,0.07080605626106262
14600,1361,0.07199063152074814
14610,1362,2.105142593383789
14620,1363,0.1284576803445816
14630,1364,0.1513013392686844
14640,1365,1.1378886699676514
14650,1366,0.04256310686469078
14660,1367,0.031918153166770935
14670,1368,0.08188890665769577
14680,1369,0.06468205153942108
14690,1370,1.070457935333252
14700,1371,0.13906864821910858
14710,1372,0.03109002858400345
14720,1373,0.06543184071779251
14730,1374,0.08065629750490189
14740,1375,0.0433025024831295
14750,1376,0.061202272772789
14760,1377,0.022226108238101006
14770,1378,0.035946376621723175
14780,1379,1.1034435033798218
14790,1380,0.04460763558745384
14800,1381,0.059718068689107895
14810,1382,0.11970151960849762
14820,1383,0.03539862111210823
14830,1384,0.0648135170340538
14840,1385,0.024589600041508675
14850,1386,0.022110847756266594
14860,1387,0.04768265038728714
14870,1388,0.03995310515165329
14880,1389,0.014099319465458393
14890,1390,0.050749100744724274
14900,1391,0.06824855506420135
14910,1392,0.04183901846408844
14920,1393,1.16853928565979
14930,1394,0.054542478173971176
14940,1395,0.08240273594856262
14950,1396,0.034228160977363586
14960,1397,0.03116181120276451
14970,1398,0.06182920187711716
14980,1399,0.13335512578487396
14990,1400,0.07687577605247498
15000,1401,0.07649567723274231
15010,1402,0.8008089065551758
15020,1403,1.4959694147109985
15030,1404,0.1949302852153778
15040,1405,0.03328040987253189
15050,1406,1.448134422302246
15060,1407,0.36116480827331543
15070,1408,1.415453553199768
15080,1409,0.2446458786725998
15090,1410,0.12607406079769135
15100,1411,1.1917518377304077
15110,1412,0.16140437126159668
15120,1413,0.3027087152004242
15130,1414,0.15538287162780762
15140,1415,0.34968358278274536
15150,1416,0.1264248788356781
15160,1417,1.3769450187683105
15170,1418,0.0821969285607338
15180,1419,0.13448703289031982
15190,1420,1.1667766571044922
15200,1421,0.05916578695178032
15210,1422,0.08118123561143875
15220,1423,0.30695340037345886
15230,1424,0.05580280348658562
15240,1425,0.07894574105739594
15250,1426,0.09093674272298813
15260,1427,0.07310439646244049
15270,1428,0.07670456916093826
15280,1429,0.04391268640756607
15290,1430,0.058969318866729736
15300,1431,0.046446748077869415
15310,1432,0.06073961406946182
15320,1433,0.019351711496710777
15330,1434,0.04239175096154213
15340,1435,0.9193934798240662
15350,1436,0.053817857056856155
15360,1437,1.2212271690368652
15370,1438,0.09438188374042511
15380,1439,0.10751194506883621
15390,1440,0.08314542472362518
15400,1441,0.03665986657142639
15410,1442,0.11046949774026871
15420,1443,0.19650469720363617
15430,1444,0.19311212003231049
15440,1445,0.15599988400936127
15450,1446,0.2265099138021469
15460,1447,0.06616628915071487
15470,1448,0.058392010629177094
15480,1449,0.18700194358825684
15490,1450,0.07102956622838974
15500,1451,0.1150725707411766
15510,1452,0.145545095205307
15520,1453,0.056014545261859894
15530,1454,0.21758265793323517
15540,1455,0.21902403235435486
15550,1456,0.05689077079296112
15560,1457,0.16567856073379517
15570,1458,0.17949026823043823
15580,1459,0.13290956616401672
15590,1460,0.11597438156604767
15600,1461,0.2262791097164154
15610,1462,0.05674345791339874
15620,1463,0.10504329949617386
15630,1464,0.0711129754781723
15640,1465,0.1339525729417801
15650,1466,0.07426576316356659
15660,1467,0.3320843279361725
15670,1468,0.0830756276845932
15680,1469,0.13606023788452148
15690,1470,0.1427958458662033
15700,1471,0.1711163967847824
15710,1472,0.06962302327156067
15720,1473,1.447243094444275
15730,1474,0.15160301327705383
15740,1475,0.044120483100414276
15750,1476,0.20184627175331116
15760,1477,0.11734569072723389
15770,1478,0.1977826952934265
15780,1479,0.11248965561389923
15790,1480,0.11349327862262726
15800,1481,0.09775997698307037
15810,1482,0.03784601017832756
15820,1483,0.05158066377043724
15830,1484,1.2447311878204346
15840,1485,0.05309520661830902
15850,1486,0.027506060898303986
15860,1487,1.2020022869110107
15870,1488,0.24615715444087982
15880,1489,0.12341542541980743
15890,1490,0.10529667884111404
15900,1491,0.045475203543901443
15910,1492,0.0206595566123724
15920,1493,0.024261673912405968
15930,1494,0.0743793472647667
15940,1495,0.1344543993473053
15950,1496,0.40130338072776794
15960,1497,1.0730308294296265
15970,1498,0.030716435983777046
15980,1499,0.019575580954551697
15990,1500,0.08691319078207016
16000,1501,1.2524731159210205
16010,1502,0.7223526239395142
16020,1503,0.3514205813407898
16030,1504,0.19141894578933716
16040,1505,1.440470814704895
16050,1506,0.2423093318939209
16060,1507,0.4529128074645996
16070,1508,0.36516180634498596
16080,1509,0.1035895124077797
16090,1510,0.06384508311748505
16100,1511,0.12675079703330994
16110,1512,0.12543143332004547
16120,1513,1.565548062324524
16130,1514,0.21813993155956268
16140,1515,0.19730651378631592
16150,1516,0.17785975337028503
16160,1517,0.13047729432582855
16170,1518,0.17495954036712646
16180,1519,0.1464039385318756
16190,1520,0.17264047265052795
16200,1521,0.17937767505645752
16210,1522,0.06563298404216766
16220,1523,0.11572394520044327
16230,1524,0.11423106491565704
16240,1525,0.18608179688453674
16250,1526,0.04641805961728096
16260,1527,0.17125307023525238
16270,1528,0.09825748950242996
16280,1529,0.04652860388159752
16290,1530,0.06185543164610863
16300,1531,0.062259308993816376
16310,1532,0.09176849573850632
16320,1533,0.08915958553552628
16330,1534,1.1228004693984985
16340,1535,0.03595246374607086
16350,1536,0.2082815319299698
16360,1537,0.10832789540290833
16370,1538,0.24015291035175323
16380,1539,0.044926829636096954
16390,1540,0.1572621762752533
16400,1541,0.03755689412355423
16410,1542,0.8984597325325012
16420,1543,1.597046136856079
16430,1544,0.12357094883918762
16440,1545,0.031631432473659515
16450,1546,0.12221630662679672
16460,1547,0.03589910641312599
16470,1548,1.8638286590576172
16480,1549,0.1478431671857834
16490,1550,0.13764998316764832
16500,1551,0.08172308653593063
16510,1552,0.20677387714385986
16520,1553,0.15563490986824036
16530,1554,0.1044001430273056
16540,1555,0.09675642848014832
16550,1556,0.04057055711746216
16560,1557,0.10179411619901657
16570,1558,0.039119184017181396
16580,1559,0.05116073042154312
16590,1560,0.09590398520231247
16600,1561,1.4258166551589966
16610,1562,2.7421510219573975
16620,1563,0.06708415597677231
16630,1564,0.23596657812595367
16640,1565,0.07273055613040924
16650,1566,0.05540391057729721
16660,1567,0.08928894251585007
16670,1568,0.11303219199180603
16680,1569,0.09555570781230927
16690,1570,0.0723566934466362
16700,1571,0.055363137274980545
16710,1572,0.09894350916147232
16720,1573,0.039379656314849854
16730,1574,0.1770329773426056
16740,1575,1.0461252927780151
16750,1576,0.13574928045272827
16760,1577,0.03277108445763588
16770,1578,0.947820782661438
16780,1579,0.1938968449831009
16790,1580,0.2498619258403778
16800,1581,0.06799732893705368
16810,1582,0.3160620331764221
16820,1583,0.1785525530576706
16830,1584,0.1263587325811386
16840,1585,0.07957303524017334
16850,1586,0.26129260659217834
16860,1587,0.08920113742351532
16870,1588,0.09974856674671173
16880,1589,0.08016457408666611
16890,1590,0.989922821521759
16900,1591,0.17264361679553986
16910,1592,0.06204530969262123
16920,1593,0.2188122421503067
16930,1594,0.07686899602413177
16940,1595,0.06428395211696625
16950,1596,0.10014142096042633
16960,1597,0.028501996770501137
16970,1598,0.19601809978485107
16980,1599,0.02336006611585617
16990,1600,0.08365663886070251
17000,1601,0.0762244388461113
17010,1602,0.6902436017990112
17020,1603,0.47553420066833496
17030,1604,1.6421736478805542
17040,1605,0.1401301920413971
17050,1606,2.052008628845215
17060,1607,0.3654995560646057
17070,1608,0.4007831811904907
17080,1609,0.2200823873281479
17090,1610,0.06301140040159225
17100,1611,0.15478691458702087
17110,1612,0.22436940670013428
17120,1613,0.18711106479167938
17130,1614,1.1074272394180298
17140,1615,0.1812269538640976
17150,1616,0.07778467237949371
17160,1617,0.12008187919855118
17170,1618,0.1787480115890503
17180,1619,1.2957565784454346
17190,1620,0.2157372087240219
17200,1621,0.16401951014995575
17210,1622,0.021242275834083557
17220,1623,0.16902002692222595
17230,1624,0.10436324030160904
17240,1625,1.9112898111343384
17250,1626,0.13720370829105377
17260,1627,0.19625091552734375
17270,1628,0.1269751489162445
17280,1629,0.12180618941783905
17290,1630,0.12228794395923615
17300,1631,0.12997297942638397
17310,1632,0.07069886475801468
17320,1633,0.08489056676626205
17330,1634,0.05796511471271515
17340,1635,0.09482268989086151
17350,1636,0.05059816688299179
17360,1637,0.14934155344963074
17370,1638,0.09822836518287659
17380,1639,0.12171756476163864
17390,1640,0.06433002650737762
17400,1641,0.07479144632816315
17410,1642,0.1584002673625946
17420,1643,1.7149600982666016
17430,1644,0.14701366424560547
17440,1645,0.05541086941957474
17450,1646,0.19108228385448456
17460,1647,0.13749808073043823
17470,1648,0.11994358897209167
17480,1649,0.12043425440788269
17490,1650,0.03365281969308853
17500,1651,1.4775519371032715
17510,1652,0.02687147818505764
17520,1653,0.06299608945846558
17530,1654,0.06650581955909729
17540,1655,0.18721544742584229
17550,1656,0.16392239928245544
17560,1657,0.14356808364391327
17570,1658,0.07727871835231781
17580,1659,0.10183380544185638
17590,1660,0.11625020205974579
17600,1661,0.04096722602844238
17610,1662,1.717665672302246
17620,1663,0.1602841317653656
17630,1664,0.11539106070995331
17640,1665,0.060494761914014816
17650,1666,0.09380429983139038
17660,1667,1.3499630689620972
17670,1668,1.4412410259246826
17680,1669,0.16923141479492188
17690,1670,1.2105671167373657
17700,1671,0.08518250286579132
17710,1672,0.03589506447315216
17720,1673,0.17026464641094208
17730,1674,0.08277973532676697
17740,1675,0.10351254045963287
17750,1676,0.12704244256019592
17760,1677,0.050895191729068756
17770,1678,0.09428831934928894
17780,1679,0.11096569895744324
17790,1680,0.08963939547538757
17800,1681,0.15432965755462646
17810,1682,0.1507464498281479
17820,1683,0.13591262698173523
17830,1684,0.25967925786972046
17840,1685,0.12364646047353745
17850,1686,0.1371770054101944
17860,1687,0.24976329505443573
17870,1688,1.8477504253387451
17880,1689,0.1083638072013855
17890,1690,0.12370249629020691
17900,1691,0.13484683632850647
17910,1692,0.19317005574703217
17920,1693,0.17599143087863922
17930,1694,0.06461579352617264
17940,1695,0.9004456400871277
17950,1696,0.04949912056326866
17960,1697,0.10475916415452957
17970,1698,0.18164587020874023
17980,1699,0.07854410260915756
17990,1700,0.1499841958284378
18000,1701,0.13333004713058472
18010,1702,0.5530887842178345
18020,1703,0.23542313277721405
18030,1704,0.17097875475883484
18040,1705,0.07668314129114151
18050,1706,0.3138350546360016
18060,1707,0.305105596780777
18070,1708,0.31415989995002747
18080,1709,0.08312496542930603
18090,1710,1.1910641193389893
18100,1711,0.11889457702636719
18110,1712,0.17139123380184174
18120,1713,0.36113667488098145
18130,1714,0.23253828287124634
18140,1715,2.178189754486084
18150,1716,0.3219943046569824
18160,1717,0.10452265292406082
18170,1718,0.18141873180866241
18180,1719,0.058509498834609985
18190,1720,0.06836109608411789
18200,1721,0.027883701026439667
18210,1722,0.07428903132677078
18220,1723,0.06859326362609863
18230,1724,0.08875434100627899
18240,1725,0.051318928599357605
18250,1726,0.10859601199626923
18260,1727,0.0609259195625782
18270,1728,0.11166651546955109
18280,1729,0.031191349029541016
18290,1730,1.4879825115203857
18300,1731,0.1264560967683792
18310,1732,0.3816644549369812
18320,1733,0.06275836378335953
18330,1734,0.0390922874212265
18340,1735,0.32229068875312805
18350,1736,0.04745344817638397
18360,1737,0.1579248458147049
18370,1738,0.8116645812988281
18380,1739,0.16778406500816345
18390,1740,0.051521964371204376
18400,1741,0.07454217225313187
18410,1742,0.06491103023290634
18420,1743,0.13221602141857147
18430,1744,1.6138142347335815
18440,1745,0.7464637160301208
18450,1746,0.05721558257937431
18460,1747,0.09312845021486282
18470,1748,0.8917461037635803
18480,1749,0.03537691384553909
18490,1750,0.08329402655363083
18500,1751,0.23705700039863586
18510,1752,0.100379578769207
18520,1753,0.06602723896503448
18530,1754,0.13690054416656494
18540,1755,0.08521668612957001
18550,1756,0.15309493243694305
18560,1757,0.04398807883262634
18570,1758,0.14106594026088715
18580,1759,0.13615980744361877
18590,1760,0.21162213385105133
18600,1761,0.13281694054603577
18610,1762,0.09709370136260986
18620,1763,0.081688292324543
18630,1764,0.04976371303200722
18640,1765,1.7562832832336426
18650,1766,0.0889742374420166
18660,1767,0.05350077897310257
18670,1768,0.04631401598453522
18680,1769,0.14239507913589478
18690,1770,0.09628638625144958
18700,1771,0.14126230776309967
18710,1772,0.046067483723163605
18720,1773,0.08476689457893372
18730,1774,0.996230959892273
18740,1775,0.032624751329422
18750,1776,0.08188678324222565
18760,1777,0.06632883101701736
18770,1778,0.1894688755273819
18780,1779,0.054580941796302795
18790,1780,0.09300379455089569
18800,1781,0.17869724333286285
18810,1782,1.6400642395019531
18820,1783,0.08386556804180145
18830,1784,0.22268885374069214
18840,1785,0.07619092613458633
18850,1786,0.05512917786836624
18860,1787,0.10154208540916443
18870,1788,1.7741599082946777
18880,1789,0.08382091671228409
18890,1790,0.037748366594314575
18900,1791,0.7975108623504639
18910,1792,0.14291612803936005
18920,1793,0.14625222980976105
18930,1794,0.10839895904064178
18940,1795,0.08921393007040024
18950,1796,0.08481186628341675
18960,1797,0.10300101339817047
18970,1798,1.3530023097991943
18980,1799,1.5297898054122925
18990,1800,0.36103153228759766
19000,1801,0.1437121331691742
19010,1802,0.9226136207580566
19020,1803,0.3721265196800232
19030,1804,1.6746231317520142
19040,1805,0.0952487513422966
19050,1806,0.24702316522598267
19060,1807,0.5944480895996094
19070,1808,0.411854088306427
19080,1809,0.15583939850330353
19090,1810,0.0736713707447052
19100,1811,0.22720764577388763
19110,1812,0.3242223858833313
19120,1813,0.277913898229599
19130,1814,0.14165858924388885
19140,1815,0.11903583258390427
19150,1816,0.07451806217432022
19160,1817,1.212347149848938
19170,1818,0.11900970339775085
19180,1819,1.7147188186645508
19190,1820,0.8696419596672058
19200,1821,0.09984070062637329
19210,1822,0.24883796274662018
19220,1823,0.8238007426261902
19230,1824,0.1221376359462738
19240,1825,0.1797189712524414
19250,1826,0.24501433968544006
19260,1827,0.21344831585884094
19270,1828,1.305627703666687
19280,1829,0.11123144626617432
19290,1830,0.10694562643766403
19300,1831,0.15137973427772522
19310,1832,0.052819862961769104
19320,1833,0.07047548145055771
19330,1834,0.042120371013879776
19340,1835,0.24757453799247742
19350,1836,0.10111790895462036
19360,1837,0.09826744347810745
19370,1838,0.18747523427009583
19380,1839,0.07771307229995728
19390,1840,0.07298831641674042
19400,1841,0.14256350696086884
19410,1842,0.14532966911792755
19420,1843,0.08076047897338867
19430,1844,0.15910375118255615
19440,1845,1.6051075458526611
19450,1846,0.7189525365829468
19460,1847,0.18313930928707123
19470,1848,0.2904140055179596
19480,1849,0.18072547018527985
19490,1850,1.566593050956726
19500,1851,0.12356585264205933
19510,1852,0.23991288244724274
19520,1853,0.15340527892112732
19530,1854,0.11206188797950745
19540,1855,0.09525030851364136
19550,1856,0.873214602470398
19560,1857,0.20876429975032806
19570,1858,0.1034555435180664
19580,1859,1.5027543306350708
19590,1860,1.6402759552001953
19600,1861,0.09970369935035706
19610,1862,0.06813055276870728
19620,1863,0.1146870106458664
19630,1864,0.10616421699523926
19640,1865,0.3249722421169281
19650,1866,0.051895007491111755
19660,1867,0.10965760052204132
19670,1868,0.08449367433786392
19680,1869,0.03768635913729668
19690,1870,0.14588932693004608
19700,1871,0.09110189229249954
19710,1872,1.8122706413269043
19720,1873,0.0844244435429573
19730,1874,1.7069778442382812
19740,1875,0.0543617382645607
19750,1876,0.07871535420417786
19760,1877,0.13340573012828827
19770,1878,0.060572925955057144
19780,1879,0.07046906650066376
19790,1880,0.08013388514518738
19800,1881,1.4311003684997559
19810,1882,0.13271182775497437
19820,1883,0.09586934745311737
19830,1884,0.17404510080814362
19840,1885,0.12003043293952942
19850,1886,0.10714296251535416
19860,1887,0.07770690321922302
19870,1888,0.6791066527366638
19880,1889,0.10906016826629639
19890,1890,0.12005007266998291
19900,1891,0.059200651943683624
19910,1892,0.11399053037166595
19920,1893,0.16445669531822205
19930,1894,1.4319833517074585
19940,1895,0.07682252675294876
19950,1896,0.05029215291142464
19960,1897,0.13413895666599274
19970,1898,0.9823833703994751
19980,1899,0.2061157375574112
19990,1900,0.12185409665107727
20000,1901,0.07334893941879272
20010,1902,0.4671480059623718
20020,1903,0.4487726092338562
20030,1904,0.09698628634214401
20040,1905,0.3768136203289032
20050,1906,0.5024654865264893
20060,1907,0.41958343982696533
20070,1908,0.2682756781578064
20080,1909,0.07296472787857056
20090,1910,0.11858080327510834
20100,1911,0.49008041620254517
20110,1912,0.3362446129322052
20120,1913,0.2495194375514984
20130,1914,1.8928165435791016
20140,1915,0.06852392852306366
20150,1916,0.1899915486574173
20160,1917,0.10596828162670135
20170,1918,0.20038966834545135
20180,1919,0.1983000785112381
20190,1920,0.24099817872047424
20200,1921,1.3010493516921997
20210,1922,0.08007907122373581
20220,1923,0.18539810180664062
20230,1924,0.1486717164516449
20240,1925,0.18196265399456024
20250,1926,0.19869594275951385
20260,1927,0.7415069341659546
20270,1928,0.3368694484233856
20280,1929,0.6229591965675354
20290,1930,0.20256270468235016
20300,1931,0.07519253343343735
20310,1932,0.0701373890042305
20320,1933,0.6652078628540039
20330,1934,0.1053883284330368
20340,1935,0.16446074843406677
20350,1936,1.7924270629882812
20360,1937,0.1049060970544815
20370,1938,0.29596149921417236
20380,1939,0.15540440380573273
20390,1940,0.12067749351263046
20400,1941,1.678780198097229
20410,1942,0.12448230385780334
20420,1943,1.1555781364440918
20430,1944,0.2931405305862427
20440,1945,0.25329282879829407
20450,1946,0.1439138650894165
20460,1947,0.21279063820838928
20470,1948,0.07985404878854752
20480,1949,0.0732220709323883
20490,1950,0.23369967937469482
20500,1951,0.134926438331604
20510,1952,0.07352754473686218
20520,1953,0.14123223721981049
20530,1954,0.2792554497718811
20540,1955,0.12339086830615997
20550,1956,0.1080724224448204
20560,1957,0.10194744169712067
20570,1958,0.04870029538869858
20580,1959,0.11151424050331116
20590,1960,1.724074363708496
20600,1961,0.19464699923992157
20610,1962,0.23281565308570862
20620,1963,0.20450660586357117
20630,1964,1.4289640188217163
20640,1965,1.5722222328186035
20650,1966,0.27506259083747864
20660,1967,0.14324656128883362
20670,1968,1.5217463970184326
20680,1969,0.08732109516859055
20690,1970,0.2641133964061737
20700,1971,0.15011729300022125
20710,1972,0.07271824777126312
20720,1973,0.2832672894001007
20730,1974,0.13523578643798828
20740,1975,0.1626167744398117
20750,1976,0.18061751127243042
20760,1977,0.20193126797676086
20770,1978,0.3189176917076111
20780,1979,0.22092567384243011
20790,1980,0.14865007996559143
20800,1981,0.15279768407344818
20810,1982,0.251492440700531
20820,1983,0.0932953804731369
20830,1984,0.244276225566864
20840,1985,0.17011761665344238
20850,1986,0.15534813702106476
20860,1987,0.18163707852363586
20870,1988,0.08091577142477036
20880,1989,0.10283070802688599
20890,1990,0.16701428592205048
20900,1991,1.4100362062454224
20910,1992,0.17079542577266693
20920,1993,0.1320267915725708
20930,1994,0.06529418379068375
20940,1995,0.14253707230091095
20950,1996,0.12936106324195862
20960,1997,1.8937420845031738
20970,1998,1.555341124534607
20980,1999,0.07286516577005386
20990,2000,0.2556000053882599
21000,2001,0.33909696340560913
21010,2002,0.5467943549156189
21020,2003,0.38566896319389343
21030,2004,0.24552136659622192
21040,2005,0.5731735825538635
21050,2006,0.3519093692302704
21060,2007,0.5522091388702393
21070,2008,0.26398754119873047
21080,2009,0.3284020721912384
21090,2010,0.17063216865062714
21100,2011,3.7875821590423584
21110,2012,0.3938095271587372
21120,2013,0.19176766276359558
21130,2014,0.16144411265850067
21140,2015,0.16773362457752228
21150,2016,0.11777498573064804
21160,2017,0.21029126644134521
21170,2018,0.2041463404893875
21180,2019,0.08165954053401947
21190,2020,1.0018147230148315
21200,2021,0.1470118910074234
21210,2022,0.1418827921152115
21220,2023,0.35033997893333435
21230,2024,0.08975003659725189
21240,2025,0.35713905096054077
21250,2026,3.399163246154785
21260,2027,0.3253328502178192
21270,2028,0.2630441188812256
21280,2029,2.615980625152588
21290,2030,0.22909319400787354
21300,2031,0.22199875116348267
21310,2032,1.8387904167175293
21320,2033,1.1388310194015503
21330,2034,0.07213374972343445
21340,2035,0.0926319807767868
21350,2036,0.1451195776462555
21360,2037,0.1756661832332611
21370,2038,0.1292775422334671
21380,2039,1.950530767440796
21390,2040,0.060351673513650894
21400,2041,0.14156517386436462
21410,2042,0.12283103168010712
21420,2043,0.15916767716407776
21430,2044,0.1597481369972229
21440,2045,2.345242500305176
21450,2046,0.23920536041259766
21460,2047,0.20253022015094757
21470,2048,1.1166815757751465
21480,2049,0.09108994901180267
21490,2050,0.101802758872509
21500,2051,0.3184765577316284
21510,2052,0.3346423804759979
21520,2053,1.167128562927246
21530,2054,2.028641700744629
21540,2055,0.2024107128381729
21550,2056,0.3090345561504364
21560,2057,0.17159508168697357
21570,2058,1.595901370048523
21580,2059,0.545199990272522
21590,2060,0.17825184762477875
21600,2061,1.1177564859390259
21610,2062,0.25154000520706177
21620,2063,0.19042012095451355
21630,2064,0.09960952401161194
21640,2065,0.20222996175289154
21650,2066,0.2416839301586151
21660,2067,0.29858702421188354
21670,2068,1.5175374746322632
21680,2069,0.13247792422771454
21690,2070,0.6498495936393738
21700,2071,3.055347442626953
21710,2072,0.2531812787055969
21720,2073,0.5945858359336853
21730,2074,1.1227991580963135
21740,2075,0.4246634542942047
21750,2076,0.5211292505264282
21760,2077,1.0045385360717773
21770,2078,0.805688738822937
21780,2079,0.17495205998420715
21790,2080,0.17437744140625
21800,2081,0.19055700302124023
21810,2082,0.38592272996902466
21820,2083,0.42291417717933655
21830,2084,0.2650439441204071
21840,2085,0.26917463541030884
21850,2086,0.06826846301555634
21860,2087,0.17807775735855103
21870,2088,0.25867924094200134
21880,2089,0.17985530197620392
21890,2090,0.37013766169548035
21900,2091,0.21846085786819458
21910,2092,0.16523568332195282
21920,2093,0.15290023386478424
21930,2094,0.5521657466888428
21940,2095,0.3600402772426605
21950,2096,0.1963977962732315
21960,2097,0.059042416512966156
21970,2098,0.1014547199010849
21980,2099,1.36953604221344
21990,2100,0.270807147026062
22000,2101,2.4199812412261963
22010,2102,0.5381672382354736
22020,2103,0.7077922821044922
22030,2104,1.4863725900650024
22040,2105,0.20558929443359375
22050,2106,0.2576293349266052
22060,2107,0.38726967573165894
22070,2108,0.40127435326576233
22080,2109,0.47851115465164185
22090,2110,0.32470813393592834
22100,2111,0.42777305841445923
22110,2112,1.0541274547576904
22120,2113,0.2642214298248291
22130,2114,0.3715006113052368
22140,2115,0.18133702874183655
22150,2116,0.28372636437416077
22160,2117,0.0483195036649704
22170,2118,1.9151220321655273
22180,2119,0.40862607955932617
22190,2120,0.21921110153198242
22200,2121,0.7283082604408264
22210,2122,0.18267065286636353
22220,2123,1.7605628967285156
22230,2124,0.611741304397583
22240,2125,0.5738795399665833
22250,2126,0.39244621992111206
22260,2127,0.13553975522518158
22270,2128,0.5210379958152771
22280,2129,1.6737141609191895
22290,2130,0.35741379857063293
22300,2131,0.2585486173629761
22310,2132,0.18506751954555511
22320,2133,0.503623366355896
22330,2134,0.4804622232913971
22340,2135,0.39974546432495117
22350,2136,0.29207077622413635
22360,2137,0.16909925639629364
22370,2138,1.0195367336273193
22380,2139,1.9171388149261475
22390,2140,0.12478375434875488
22400,2141,0.14374175667762756
22410,2142,0.1792929619550705
22420,2143,1.6704591512680054
22430,2144,2.084601879119873
22440,2145,0.13188141584396362
22450,2146,0.10424186289310455
22460,2147,0.10325603932142258
22470,2148,0.24230866134166718
22480,2149,2.0482001304626465
22490,2150,0.224803626537323
22500,2151,2.1718990802764893
22510,2152,0.3807465136051178
22520,2153,0.40003830194473267
22530,2154,0.20843586325645447
22540,2155,0.10652456432580948
22550,2156,1.536812424659729
22560,2157,0.6739766001701355
22570,2158,0.4921149015426636
22580,2159,0.27122026681900024
22590,2160,0.16957199573516846
22600,2161,0.6516991853713989
22610,2162,0.18774999678134918
22620,2163,0.24424952268600464
22630,2164,0.30343541502952576
22640,2165,1.7758592367172241
22650,2166,0.11985254287719727
22660,2167,0.15717869997024536
22670,2168,1.96180260181427
22680,2169,2.024890184402466
22690,2170,0.14346343278884888
22700,2171,1.170023798942566
22710,2172,0.3730468153953552
22720,2173,0.22808746993541718
22730,2174,0.7245379090309143
22740,2175,0.23855562508106232
22750,2176,0.20748408138751984
22760,2177,1.1270548105239868
22770,2178,2.307953119277954
22780,2179,0.267155259847641
22790,2180,0.4403288960456848
22800,2181,0.28901439905166626
22810,2182,1.8256818056106567
22820,2183,0.20805856585502625
22830,2184,0.8821150064468384
22840,2185,1.9300000667572021
22850,2186,1.1780073642730713
22860,2187,0.2167046219110489
22870,2188,0.7701359987258911
22880,2189,0.374142050743103
22890,2190,0.15908899903297424
22900,2191,0.07178006321191788
22910,2192,0.47928160429000854
22920,2193,0.5725056529045105
22930,2194,0.3042501211166382
22940,2195,0.18569450080394745
22950,2196,0.34528911113739014
22960,2197,0.1375214159488678
22970,2198,0.21777603030204773
22980,2199,1.2887822389602661
22990,2200,0.2381095588207245
23000,2201,0.2020333707332611
23010,2202,0.7666448950767517
23020,2203,1.465620756149292
23030,2204,1.1193336248397827
23040,2205,0.30660420656204224
23050,2206,0.5499448180198669
23060,2207,0.5785129070281982
23070,2208,0.6868700385093689
23080,2209,0.8021895885467529
23090,2210,0.2509210705757141
23100,2211,1.9991717338562012
23110,2212,0.3719738721847534
23120,2213,1.8825068473815918
23130,2214,1.4261627197265625
23140,2215,0.6285085082054138
23150,2216,0.8744498491287231
23160,2217,1.4542368650436401
23170,2218,0.3589639663696289
23180,2219,1.4622832536697388
23190,2220,0.359935998916626
23200,2221,0.30002596974372864
23210,2222,0.16803491115570068
23220,2223,0.30666762590408325
23230,2224,0.5405075550079346
23240,2225,0.8219925761222839
23250,2226,0.3021879196166992
23260,2227,0.39809849858283997
23270,2228,0.12202920019626617
23280,2229,2.3228304386138916
23290,2230,2.8090858459472656
23300,2231,0.42056456208229065
23310,2232,1.8848174810409546
23320,2233,0.23522132635116577
23330,2234,0.12981078028678894
23340,2235,0.20121616125106812
23350,2236,1.78297758102417
23360,2237,0.22868043184280396
23370,2238,0.09869412332773209
23380,2239,0.37129074335098267
23390,2240,0.1642804741859436
23400,2241,0.580068826675415
23410,2242,0.17227916419506073
23420,2243,0.3484901189804077
23430,2244,0.31143638491630554
23440,2245,1.6046355962753296
23450,2246,0.2694569528102875
23460,2247,0.9758327603340149
23470,2248,0.18817341327667236
23480,2249,0.4539625346660614
23490,2250,0.14857900142669678
23500,2251,0.17540782690048218
23510,2252,0.45057690143585205
23520,2253,0.160297691822052
23530,2254,1.6784579753875732
23540,2255,0.48550406098365784
23550,2256,0.11485287547111511
23560,2257,0.1256609708070755
23570,2258,0.2661110460758209
23580,2259,0.2608777582645416
23590,2260,1.7225470542907715
23600,2261,0.09212249517440796
23610,2262,0.3852945566177368
23620,2263,0.12213015556335449
23630,2264,0.32931458950042725
23640,2265,0.13672900199890137
23650,2266,0.3315252363681793
23660,2267,0.24209369719028473
23670,2268,0.2115805298089981
23680,2269,0.26336002349853516
23690,2270,0.3967379927635193
23700,2271,0.17362160980701447
23710,2272,0.20535951852798462
23720,2273,0.29166707396507263
23730,2274,1.6962026357650757
23740,2275,1.3390580415725708
23750,2276,0.2808416485786438
23760,2277,0.16628308594226837
23770,2278,0.1873222142457962
23780,2279,0.37536218762397766
23790,2280,0.3110139071941376
23800,2281,0.0923466756939888
23810,2282,0.30687466263771057
23820,2283,0.11108226329088211
23830,2284,0.15925820171833038
23840,2285,0.23703013360500336
23850,2286,0.2536851763725281
23860,2287,0.2827288806438446
23870,2288,0.2164122462272644
23880,2289,0.1836591511964798
23890,2290,1.8679643869400024
23900,2291,0.189798504114151
23910,2292,0.060980867594480515
23920,2293,0.5232492089271545
23930,2294,0.1506114900112152
23940,2295,0.24959146976470947
23950,2296,0.17704574763774872
23960,2297,0.06640058010816574
23970,2298,0.1415504515171051
23980,2299,1.7675492763519287
23990,2300,0.1610085666179657
24000,2301,0.19535303115844727
24010,2302,2.0373470783233643
24020,2303,0.701636016368866
24030,2304,3.7515220642089844
24040,2305,0.2817220687866211
24050,2306,0.428649365901947
24060,2307,0.21724802255630493
24070,2308,0.3497757017612457
24080,2309,0.43261972069740295
24090,2310,0.21615588665008545
24100,2311,1.1924479007720947
24110,2312,2.4008100032806396
24120,2313,0.629875123500824
24130,2314,0.8317602872848511
24140,2315,0.7171441316604614
24150,2316,0.1806972771883011
24160,2317,1.0943154096603394
24170,2318,1.7772176265716553
24180,2319,0.2758975327014923
24190,2320,0.25542181730270386
24200,2321,0.24014313519001007
24210,2322,0.6474973559379578
24220,2323,0.34976547956466675
24230,2324,0.27960285544395447
24240,2325,0.3826174736022949
24250,2326,0.17475229501724243
24260,2327,2.7908644676208496
24270,2328,0.12662877142429352
24280,2329,0.18557442724704742
24290,2330,0.2943994998931885
24300,2331,0.17197667062282562
24310,2332,0.09542863070964813
24320,2333,0.5131758451461792
24330,2334,0.3658519387245178
24340,2335,0.692963182926178
24350,2336,0.19931545853614807
24360,2337,0.0932336151599884
24370,2338,0.23226535320281982
24380,2339,1.0363948345184326
24390,2340,0.11058211326599121
24400,2341,0.27301615476608276
24410,2342,0.14263856410980225
24420,2343,0.17873865365982056
24430,2344,0.21386323869228363
24440,2345,1.9522374868392944
24450,2346,0.21411995589733124
24460,2347,0.34719082713127136
24470,2348,0.2877868711948395
24480,2349,0.22326961159706116
24490,2350,0.20089779794216156
24500,2351,0.23045696318149567
24510,2352,0.2738047242164612
24520,2353,1.7116453647613525
24530,2354,0.11076440662145615
24540,2355,0.11567901819944382
24550,2356,0.5588457584381104
24560,2357,0.10797201097011566
24570,2358,0.1419558823108673
24580,2359,0.6317778825759888
24590,2360,0.20426803827285767
24600,2361,0.17437618970870972
24610,2362,0.1815161406993866
24620,2363,0.12526051700115204
24630,2364,0.1860031932592392
24640,2365,1.8731167316436768
24650,2366,0.14507539570331573
24660,2367,1.1698534488677979
24670,2368,0.12390577048063278
24680,2369,0.2531313896179199
24690,2370,0.2819027304649353
24700,2371,0.07898197323083878
24710,2372,1.1035804748535156
24720,2373,0.15139837563037872
24730,2374,0.07718559354543686
24740,2375,0.2593335509300232
24750,2376,0.2762530446052551
24760,2377,0.08579131960868835
24770,2378,0.18057328462600708
24780,2379,0.3635072708129883
24790,2380,0.21813924610614777
24800,2381,0.10950744152069092
24810,2382,1.8365720510482788
24820,2383,0.07622839510440826
24830,2384,0.2852860391139984
24840,2385,0.09634245187044144
24850,2386,3.336077928543091
24860,2387,0.1403702199459076
24870,2388,1.8007153272628784
24880,2389,0.347811222076416
24890,2390,2.477151870727539
24900,2391,1.8392530679702759
24910,2392,0.1400679051876068
24920,2393,0.5537058115005493
24930,2394,1.721582293510437
24940,2395,0.7783159017562866
24950,2396,0.17009040713310242
24960,2397,0.5229039192199707
24970,2398,0.23180410265922546
24980,2399,0.36409610509872437
24990,2400,0.31944265961647034
25000,2401,0.25877708196640015
25010,2402,0.5439198017120361
25020,2403,0.4972311854362488
25030,2404,0.32221662998199463
25040,2405,0.07089383155107498
25050,2406,2.5169923305511475
25060,2407,0.2663012444972992
25070,2408,0.3893623650074005
25080,2409,0.5262681841850281
25090,2410,0.15773522853851318
25100,2411,0.4718583822250366
25110,2412,0.5979527235031128
25120,2413,0.7900532484054565
25130,2414,0.5298435091972351
25140,2415,0.10244625061750412
25150,2416,0.3688117265701294
25160,2417,1.612214207649231
25170,2418,0.3580597937107086
25180,2419,0.34218963980674744
25190,2420,0.3883439600467682
25200,2421,0.3099215626716614
25210,2422,0.09437062591314316
25220,2423,0.3181861340999603
25230,2424,0.172204852104187
25240,2425,2.426246404647827
25250,2426,0.14694540202617645
25260,2427,0.1369970589876175
25270,2428,0.05047142505645752
25280,2429,3.0559511184692383
25290,2430,0.30105650424957275
25300,2431,0.9912107586860657
25310,2432,0.3694329857826233
25320,2433,0.21046924591064453
25330,2434,0.23623673617839813
25340,2435,0.2044960856437683
25350,2436,0.17543914914131165
25360,2437,0.15901634097099304
25370,2438,0.24387598037719727
25380,2439,0.15203434228897095
25390,2440,0.616025447845459
25400,2441,0.3756974935531616
25410,2442,0.45695042610168457
25420,2443,2.5402894020080566
25430,2444,0.400214284658432
25440,2445,1.8992180824279785
25450,2446,0.21359996497631073
25460,2447,0.2344854176044464
25470,2448,0.2595179080963135
25480,2449,0.4965808689594269
25490,2450,1.0061615705490112
25500,2451,0.30926331877708435
25510,2452,0.4201827645301819
25520,2453,0.19605067372322083
25530,2454,0.23451201617717743
25540,2455,0.2626359760761261
25550,2456,0.14263756573200226
25560,2457,0.30113130807876587
25570,2458,0.5609772205352783
25580,2459,2.3618016242980957
25590,2460,0.3391532599925995
25600,2461,0.35915011167526245
25610,2462,0.15625223517417908
25620,2463,0.21485142409801483
25630,2464,0.18030326068401337
25640,2465,1.9735515117645264
25650,2466,0.11914624273777008
25660,2467,0.30203869938850403
25670,2468,0.2743850648403168
25680,2469,0.41258710622787476
25690,2470,0.15087437629699707
25700,2471,0.3530130386352539
25710,2472,0.21027468144893646
25720,2473,0.4566137492656708
25730,2474,0.7545222640037537
25740,2475,0.13797108829021454
25750,2476,0.30889299511909485
25760,2477,0.2393397092819214
25770,2478,0.19862312078475952
25780,2479,0.6264530420303345
25790,2480,0.4030916094779968
25800,2481,0.314639687538147
25810,2482,0.6100461483001709
25820,2483,2.4782238006591797
25830,2484,1.743607759475708
25840,2485,0.5090197920799255
25850,2486,1.7575855255126953
25860,2487,0.13713860511779785
25870,2488,1.2324817180633545
25880,2489,0.4050280451774597
25890,2490,0.5399771928787231
25900,2491,1.3980709314346313
25910,2492,0.5246903896331787
25920,2493,0.2635771334171295
25930,2494,0.19102202355861664
25940,2495,0.41256335377693176
25950,2496,1.1042418479919434
25960,2497,0.1829417496919632
25970,2498,0.20388419926166534
25980,2499,0.48295480012893677
25990,2500,0.5366532802581787
26000,2501,2.0999062061309814
26010,2502,1.1221431493759155
26020,2503,0.5962350368499756
26030,2504,1.0964014530181885
26040,2505,0.5001159906387329
26050,2506,0.6244739294052124
26060,2507,0.29032430052757263
26070,2508,0.1938992738723755
26080,2509,0.27327975630760193
26090,2510,0.512147843837738
26100,2511,0.2987597584724426
26110,2512,0.47588837146759033
26120,2513,0.12174303084611893
26130,2514,0.15316879749298096
26140,2515,0.30855175852775574
26150,2516,0.28016334772109985
26160,2517,1.7314882278442383
26170,2518,0.334331750869751
26180,2519,0.12888018786907196
26190,2520,0.2073998600244522
26200,2521,0.23198974132537842
26210,2522,0.1470196694135666
26220,2523,3.4152965545654297
26230,2524,0.5873672962188721
26240,2525,0.10328391194343567
26250,2526,0.7209454774856567
26260,2527,2.059170722961426
26270,2528,1.9277174472808838
26280,2529,0.19131430983543396
26290,2530,0.14498592913150787
26300,2531,0.11429674923419952
26310,2532,2.380547046661377
26320,2533,0.5515479445457458
26330,2534,1.0896117687225342
26340,2535,2.967957019805908
26350,2536,0.2144601047039032
26360,2537,0.43214452266693115
26370,2538,1.672134280204773
26380,2539,0.18874967098236084
26390,2540,1.4402655363082886
26400,2541,0.21754416823387146
26410,2542,0.08979310840368271
26420,2543,1.2238295078277588
26430,2544,0.3709394037723541
26440,2545,0.21102839708328247
26450,2546,0.2550673186779022
26460,2547,0.16472098231315613
26470,2548,0.10281436145305634
26480,2549,0.2006528228521347
26490,2550,0.5455460548400879
26500,2551,0.29374244809150696
26510,2552,0.38210368156433105
26520,2553,1.8085294961929321
26530,2554,0.38491886854171753
26540,2555,0.22671811282634735
26550,2556,0.20986421406269073
26560,2557,0.25874435901641846
26570,2558,0.16461478173732758
26580,2559,0.4063868522644043
26590,2560,0.10192769020795822
26600,2561,0.1768053025007248
26610,2562,0.3745458722114563
26620,2563,0.22056704759597778
26630,2564,1.2845746278762817
26640,2565,0.25534436106681824
26650,2566,0.26355621218681335
26660,2567,0.1449272185564041
26670,2568,0.1874890774488449
26680,2569,0.28105518221855164
26690,2570,0.38473743200302124
26700,2571,0.12639378011226654
26710,2572,0.38574838638305664
26720,2573,0.07808232307434082
26730,2574,0.10676432400941849
26740,2575,0.11376416683197021
26750,2576,0.33551403880119324
26760,2577,0.193163201212883
26770,2578,0.053516726940870285
26780,2579,0.23222927749156952
26790,2580,0.26450687646865845
26800,2581,0.7351381182670593
26810,2582,0.49183428287506104
26820,2583,0.2909587621688843
26830,2584,3.0296530723571777
26840,2585,1.6776409149169922
26850,2586,0.28818121552467346
26860,2587,0.23402586579322815
26870,2588,0.31097641587257385
26880,2589,0.7624154090881348
26890,2590,0.2787589728832245
26900,2591,1.0308301448822021
26910,2592,0.18132969737052917
26920,2593,2.2530713081359863
26930,2594,0.45900413393974304
26940,2595,0.2780316472053528
26950,2596,0.37499064207077026
26960,2597,0.3250834047794342
26970,2598,2.1058545112609863
26980,2599,0.2834886908531189
26990,2600,0.2472606599330902
27000,2601,0.1423117220401764
27010,2602,0.776087760925293
27020,2603,0.699307918548584
27030,2604,2.036940813064575
27040,2605,1.849481225013733
27050,2606,1.1221857070922852
27060,2607,0.8076661825180054
27070,2608,0.6427246332168579
27080,2609,3.7966349124908447
27090,2610,0.30490684509277344
27100,2611,0.5110548138618469
27110,2612,1.0959526300430298
27120,2613,0.7924114465713501
27130,2614,1.0190832614898682
27140,2615,0.37345823645591736
27150,2616,0.18055903911590576
27160,2617,0.7236679196357727
27170,2618,0.9985422492027283
27180,2619,0.36035752296447754
27190,2620,0.6984483599662781
27200,2621,0.6389291286468506
27210,2622,0.5001118779182434
27220,2623,0.7132856845855713
27230,2624,0.18134786188602448
27240,2625,1.7447330951690674
27250,2626,0.3484131991863251
27260,2627,1.2527344226837158
27270,2628,0.38870367407798767
27280,2629,0.3583570122718811
27290,2630,0.2518511712551117
27300,2631,0.14710550010204315
27310,2632,0.4256739318370819
27320,2633,1.9788013696670532
27330,2634,1.3955801725387573
27340,2635,0.2624600827693939
27350,2636,1.7815014123916626
27360,2637,0.3573160767555237
27370,2638,0.43910372257232666
27380,2639,0.315290242433548
27390,2640,0.5310150384902954
27400,2641,1.1303892135620117
27410,2642,0.2933809161186218
27420,2643,0.13346756994724274
27430,2644,1.2081319093704224
27440,2645,0.5024182200431824
27450,2646,1.2541872262954712
27460,2647,0.3568064868450165
27470,2648,0.30180835723876953
27480,2649,0.3970770239830017
27490,2650,0.649980366230011
27500,2651,1.8857299089431763
27510,2652,0.3071836531162262
27520,2653,0.21340766549110413
27530,2654,1.3211408853530884
27540,2655,0.3417631983757019
27550,2656,0.06823277473449707
27560,2657,0.40402132272720337
27570,2658,2.7777740955352783
27580,2659,0.4508129358291626
27590,2660,1.093576192855835
27600,2661,0.13449104130268097
27610,2662,0.34032687544822693
27620,2663,0.9353299736976624
27630,2664,0.2666723430156708
27640,2665,0.385260671377182
27650,2666,0.8891237378120422
27660,2667,0.6253125071525574
27670,2668,0.25950387120246887
27680,2669,0.9292035102844238
27690,2670,2.0605978965759277
27700,2671,0.23876458406448364
27710,2672,0.1744711548089981
27720,2673,0.2892160415649414
27730,2674,0.28889501094818115
27740,2675,0.47127383947372437
27750,2676,1.3925552368164062
27760,2677,0.2646513283252716
27770,2678,0.23421546816825867
27780,2679,1.1332086324691772
27790,2680,1.0475022792816162
27800,2681,1.820349931716919
27810,2682,0.6929391026496887
27820,2683,0.25310978293418884
27830,2684,0.4614485204219818
27840,2685,0.3674257695674896
27850,2686,0.13678143918514252
27860,2687,0.3711378872394562
27870,2688,0.15873432159423828
27880,2689,0.27156585454940796
27890,2690,0.12571007013320923
27900,2691,0.3973631262779236
27910,2692,0.3401276469230652
27920,2693,0.2608971893787384
27930,2694,1.3800981044769287
27940,2695,0.8131474256515503
27950,2696,0.41552743315696716
27960,2697,0.654697597026825
27970,2698,0.1412026286125183
27980,2699,0.2656072676181793
27990,2700,0.22164346277713776
28000,2701,2.1091721057891846
28010,2702,2.2288172245025635
28020,2703,0.7852784395217896
28030,2704,0.24067391455173492
28040,2705,0.4359518885612488
28050,2706,0.4794309437274933
28060,2707,0.7505742311477661
28070,2708,0.6536998152732849
28080,2709,0.26128461956977844
28090,2710,0.28455236554145813
28100,2711,2.866208076477051
28110,2712,0.973538875579834
28120,2713,0.38099658489227295
28130,2714,0.18303902447223663
28140,2715,0.26394665241241455
28150,2716,0.2909170985221863
28160,2717,3.3276031017303467
28170,2718,1.299592137336731
28180,2719,0.2418033927679062
28190,2720,0.29872775077819824
28200,2721,0.2141931802034378
28210,2722,0.6429753303527832
28220,2723,0.41971394419670105
28230,2724,2.250401496887207
28240,2725,0.41467660665512085
28250,2726,0.42292115092277527
28260,2727,0.2869338393211365
28270,2728,0.40421992540359497
28280,2729,0.5486947894096375
28290,2730,0.2746681571006775
28300,2731,0.42259836196899414
28310,2732,0.22848722338676453
28320,2733,0.420879065990448
28330,2734,0.5972587466239929
28340,2735,1.6883820295333862
28350,2736,0.23968245089054108
28360,2737,0.4675513207912445
28370,2738,0.515721321105957
28380,2739,0.2569274306297302
28390,2740,0.2932715117931366
28400,2741,0.483066201210022
28410,2742,0.3253331780433655
28420,2743,0.12440550327301025
28430,2744,0.16096368432044983
28440,2745,0.6811164021492004
28450,2746,0.3526211380958557
28460,2747,0.3796406090259552
28470,2748,0.45189008116722107
28480,2749,0.49649566411972046
28490,2750,0.44315865635871887
28500,2751,0.43285271525382996
28510,2752,0.3279111385345459
28520,2753,0.44149529933929443
28530,2754,0.6923733353614807
28540,2755,0.18333420157432556
28550,2756,3.515437126159668
28560,2757,0.19655165076255798
28570,2758,1.0117862224578857
28580,2759,0.7306714653968811
28590,2760,0.6081165075302124
28600,2761,0.261379212141037
28610,2762,0.4896825850009918
28620,2763,0.3297519385814667
28630,2764,2.028496026992798
28640,2765,0.2593404948711395
28650,2766,0.22437983751296997
28660,2767,0.21818190813064575
28670,2768,0.6805182099342346
28680,2769,0.31083691120147705
28690,2770,2.3591713905334473
28700,2771,0.3366187810897827
28710,2772,0.2702288329601288
28720,2773,0.10369328409433365
28730,2774,3.218722105026245
28740,2775,0.6917219161987305
28750,2776,0.3638099730014801
28760,2777,0.1840461641550064
28770,2778,0.35637080669403076
28780,2779,0.38182947039604187
28790,2780,0.645261824131012
28800,2781,0.6525205373764038
28810,2782,0.4872364103794098
28820,2783,0.4065675139427185
28830,2784,0.45247185230255127
28840,2785,0.24942027032375336
28850,2786,0.21136437356472015
28860,2787,2.352909803390503
28870,2788,0.42375272512435913
28880,2789,1.241966724395752
28890,2790,0.5168600082397461
28900,2791,0.30943265557289124
28910,2792,0.7637618780136108
28920,2793,0.4865385591983795
28930,2794,0.630203127861023
28940,2795,0.3917945325374603
28950,2796,0.5418825149536133
28960,2797,0.6537319421768188
28970,2798,0.40226662158966064
28980,2799,2.692030668258667
28990,2800,0.2180062085390091
29000,2801,0.4159376323223114
29010,2802,0.5521016120910645
29020,2803,0.4137032926082611
29030,2804,0.4093974828720093
29040,2805,0.9823351502418518
29050,2806,2.872262954711914
29060,2807,2.6858901977539062
29070,2808,1.6794583797454834
29080,2809,0.17303311824798584
29090,2810,0.368272066116333
29100,2811,0.3843638300895691
29110,2812,1.3642858266830444
29120,2813,0.47475865483283997
29130,2814,0.6467141509056091
29140,2815,3.122805595397949
29150,2816,0.5560452938079834
29160,2817,2.2415874004364014
29170,2818,0.24632450938224792
29180,2819,0.45307549834251404
29190,2820,0.41851991415023804
29200,2821,0.9281126856803894
29210,2822,0.5962253212928772
29220,2823,3.394141674041748
29230,2824,1.755892276763916
29240,2825,0.20823344588279724
29250,2826,3.500486373901367
29260,2827,0.3634909689426422
29270,2828,0.5243505239486694
29280,2829,0.28349465131759644
29290,2830,0.6327533721923828
29300,2831,0.3826243579387665
29310,2832,0.5288090705871582
29320,2833,0.8672687411308289
29330,2834,0.18641719222068787
29340,2835,0.1409771889448166
29350,2836,0.5279914736747742
29360,2837,0.32739564776420593
29370,2838,0.3497675061225891
29380,2839,0.3588903248310089
29390,2840,1.0131864547729492
29400,2841,1.3428641557693481
29410,2842,2.387916088104248
29420,2843,0.3945778012275696
29430,2844,2.5454020500183105
29440,2845,0.1433691382408142
29450,2846,0.8086028099060059
29460,2847,4.225647449493408
29470,2848,0.14109943807125092
29480,2849,0.5080429315567017
29490,2850,2.406649589538574
29500,2851,0.3491591811180115
29510,2852,0.28443408012390137
29520,2853,2.185544729232788
29530,2854,0.5607137084007263
29540,2855,0.794063150882721
29550,2856,0.693610429763794
29560,2857,0.47155699133872986
29570,2858,0.3773394823074341
29580,2859,0.8549121618270874
29590,2860,0.32612234354019165
29600,2861,0.2396947741508484
29610,2862,0.4685192108154297
29620,2863,0.4976656436920166
29630,2864,0.5102692246437073
29640,2865,1.8431339263916016
29650,2866,0.8765514492988586
29660,2867,0.8019689321517944
29670,2868,0.323780357837677
29680,2869,0.3313738703727722
29690,2870,2.749138593673706
29700,2871,0.5881845355033875
29710,2872,0.35180917382240295
29720,2873,2.54426646232605
29730,2874,0.34144341945648193
29740,2875,0.6819912195205688
29750,2876,0.3791683316230774
29760,2877,0.4616605043411255
29770,2878,0.9628304839134216
29780,2879,4.451933860778809
29790,2880,0.47614580392837524
29800,2881,0.6176039576530457
29810,2882,0.4118592143058777
29820,2883,0.25806108117103577
29830,2884,0.3410637080669403
29840,2885,0.18096502125263214
29850,2886,2.181218385696411
29860,2887,0.6768127679824829
29870,2888,0.498210608959198
29880,2889,1.831468105316162
29890,2890,0.34963592886924744
29900,2891,0.2467503845691681
29910,2892,0.8306769728660583
29920,2893,0.27086353302001953
29930,2894,0.317120760679245
29940,2895,0.4332022964954376
29950,2896,2.870649576187134
29960,2897,0.2335977554321289
29970,2898,2.2474427223205566
29980,2899,1.3721023797988892
29990,2900,0.6113663911819458
30000,2901,1.3946142196655273
30010,2902,0.9797648191452026
30020,2903,0.4960829019546509
30030,2904,0.37584567070007324
30040,2905,0.2038530856370926
30050,2906,2.8853070735931396
30060,2907,0.394516259431839
30070,2908,1.9009464979171753
30080,2909,2.198753833770752
30090,2910,0.30966120958328247
30100,2911,0.7351962327957153
30110,2912,0.4107545018196106
30120,2913,0.25511497259140015
30130,2914,0.5895429253578186
30140,2915,0.47999852895736694
30150,2916,0.39028114080429077
30160,2917,1.688735008239746
30170,2918,0.6116748452186584
30180,2919,0.23727644979953766
30190,2920,0.42369937896728516
30200,2921,0.6554846167564392
30210,2922,0.6363076567649841
30220,2923,0.8676213026046753
30230,2924,0.30573055148124695
30240,2925,1.996625304222107
30250,2926,4.513681411743164
30260,2927,0.40047651529312134
30270,2928,0.12940075993537903
30280,2929,0.9489699602127075
30290,2930,0.8300055265426636
30300,2931,0.47459208965301514
30310,2932,0.5509055852890015
30320,2933,0.7143919467926025
30330,2934,0.28072401881217957
30340,2935,4.383408546447754
30350,2936,0.49381253123283386
30360,2937,0.3543819785118103
30370,2938,0.9731907248497009
30380,2939,2.4256980419158936
30390,2940,1.8482182025909424
30400,2941,0.3390646278858185
30410,2942,0.36991849541664124
30420,2943,0.43998268246650696
30430,2944,0.5837605595588684
30440,2945,0.7031303644180298
30450,2946,0.9338292479515076
30460,2947,0.6503554582595825
30470,2948,0.511625349521637
30480,2949,0.497466504573822
30490,2950,0.8645846843719482
30500,2951,0.2677524983882904
30510,2952,3.3238768577575684
30520,2953,2.8648672103881836
30530,2954,0.44681379199028015
30540,2955,0.22928528487682343
30550,2956,0.42732495069503784
30560,2957,0.3936460614204407
30570,2958,0.4934922456741333
30580,2959,0.31318527460098267
30590,2960,0.9153384566307068
30600,2961,0.9573681354522705
30610,2962,0.6046507954597473
30620,2963,0.3042863607406616
30630,2964,0.5109499096870422
30640,2965,0.2598050534725189
30650,2966,0.41391342878341675
30660,2967,0.48221713304519653
30670,2968,0.8098106980323792
30680,2969,0.694625198841095
30690,2970,0.15771713852882385
30700,2971,1.5120346546173096
30710,2972,0.2956121563911438
30720,2973,0.5027998089790344
30730,2974,0.5380329489707947
30740,2975,1.449955701828003
30750,2976,0.22197461128234863
30760,2977,0.7765494585037231
30770,2978,0.7920165061950684
30780,2979,0.2552814781665802
30790,2980,0.37784332036972046
30800,2981,0.6494700908660889
30810,2982,0.3986828923225403
30820,2983,0.9031965732574463
30830,2984,0.5913560390472412
30840,2985,1.6785023212432861
30850,2986,0.35463786125183105
30860,2987,1.0916976928710938
30870,2988,0.2577643394470215
30880,2989,0.1482536792755127
30890,2990,0.2019689679145813
30900,2991,0.6475149393081665
30910,2992,0.31044742465019226
30920,2993,1.9388103485107422
30930,2994,0.447482168674469
30940,2995,0.8912255764007568
30950,2996,1.3497744798660278
30960,2997,1.6999149322509766
30970,2998,1.9879894256591797
30980,2999,1.3426154851913452
30990,3000,0.28265175223350525
31000,3001,0.47132551670074463
31010,3002,0.6646207571029663
31020,3003,0.5919272303581238
31030,3004,0.4361118674278259
31040,3005,0.810785710811615
31050,3006,0.42821362614631653
31060,3007,0.8365321755409241
31070,3008,0.352000892162323
31080,3009,0.2970673143863678
31090,3010,2.3067471981048584
31100,3011,2.1774508953094482
31110,3012,1.118077278137207
31120,3013,0.9038113951683044
31130,3014,0.7326099276542664
31140,3015,0.3566097617149353
31150,3016,0.6654092073440552
31160,3017,1.1369187831878662
31170,3018,0.5814080238342285
31180,3019,0.5203553438186646
31190,3020,0.37266841530799866
31200,3021,0.2779703140258789
31210,3022,0.35656026005744934
31220,3023,0.9588115811347961
31230,3024,0.4939550459384918
31240,3025,0.2882135808467865
31250,3026,0.4675123691558838
31260,3027,0.2600911557674408
31270,3028,0.9505119919776917
31280,3029,0.4488374888896942
31290,3030,0.6743819713592529
31300,3031,0.3437609076499939
31310,3032,0.6144870519638062
31320,3033,0.2295859456062317
31330,3034,0.25159117579460144
31340,3035,0.23209817707538605
31350,3036,0.28292912244796753
31360,3037,0.16476497054100037
31370,3038,0.32768723368644714
31380,3039,1.0878238677978516
31390,3040,0.15857771039009094
31400,3041,0.43060973286628723
31410,3042,0.481037437915802
31420,3043,0.40216735005378723
31430,3044,0.422340452671051
31440,3045,2.0395281314849854
31450,3046,0.28224360942840576
31460,3047,0.3733540177345276
31470,3048,0.34305456280708313
31480,3049,0.5756558775901794
31490,3050,0.6098448634147644
31500,3051,1.9850353002548218
31510,3052,0.3888902962207794
31520,3053,0.4668908715248108
31530,3054,0.10590539872646332
31540,3055,0.26000216603279114
31550,3056,1.2690335512161255
31560,3057,0.312919944524765
31570,3058,1.6770398616790771
31580,3059,0.23631985485553741
31590,3060,1.5906063318252563
31600,3061,3.381930112838745
31610,3062,1.6425788402557373
31620,3063,0.2941668629646301
31630,3064,0.4267813563346863
31640,3065,0.9707945585250854
31650,3066,0.45239579677581787
31660,3067,0.6479318141937256
31670,3068,0.44194042682647705
31680,3069,0.174748033285141
31690,3070,0.44826698303222656
31700,3071,0.129448801279068
31710,3072,1.0434653759002686
31720,3073,0.42713719606399536
31730,3074,0.11451645195484161
31740,3075,0.7989345192909241
31750,3076,0.3165557086467743
31760,3077,0.3278648257255554
31770,3078,0.2171333134174347
31780,3079,1.3186637163162231
31790,3080,0.5030416250228882
31800,3081,0.59706711769104
31810,3082,0.33627480268478394
31820,3083,0.1519288718700409
31830,3084,0.554058849811554
31840,3085,0.35391345620155334
31850,3086,1.6199532747268677
31860,3087,0.7086966633796692
31870,3088,0.22024551033973694
31880,3089,0.19069603085517883
31890,3090,0.7379031777381897
31900,3091,0.4677538573741913
31910,3092,0.4540609121322632
31920,3093,0.3294915556907654
31930,3094,0.25311294198036194
31940,3095,0.13991177082061768
31950,3096,0.2652064561843872
31960,3097,2.9836552143096924
31970,3098,0.5520454049110413
31980,3099,0.38033580780029297
31990,3100,0.2391965538263321
32000,3101,0.5107725858688354
32010,3102,0.8888444304466248
32020,3103,0.18723507225513458
32030,3104,0.6397327184677124
32040,3105,0.52314692735672
32050,3106,1.1785798072814941
32060,3107,0.46585798263549805
32070,3108,0.721701979637146
32080,3109,0.44902700185775757
32090,3110,0.5046082735061646
32100,3111,0.6679080128669739
32110,3112,0.5897714495658875
32120,3113,1.603737235069275
32130,3114,0.30502402782440186
32140,3115,1.422548770904541
32150,3116,0.6158624291419983
32160,3117,0.1959587186574936
32170,3118,0.3886754810810089
32180,3119,0.3439408540725708
32190,3120,0.3001968264579773
32200,3121,0.2815897762775421
32210,3122,0.5508230328559875
32220,3123,2.2104644775390625
32230,3124,0.2426358461380005
32240,3125,0.31807371973991394
32250,3126,0.8160634636878967
32260,3127,2.2120070457458496
32270,3128,0.3537185788154602
32280,3129,2.29653263092041
32290,3130,0.14401209354400635
32300,3131,0.4415232241153717
32310,3132,0.4105478525161743
32320,3133,1.2196906805038452
32330,3134,0.37060731649398804
32340,3135,0.28625908493995667
32350,3136,0.5682142972946167
32360,3137,1.8995850086212158
32370,3138,0.3394562602043152
32380,3139,0.42088407278060913
32390,3140,3.3286352157592773
32400,3141,0.6210606098175049
32410,3142,0.6607517600059509
32420,3143,0.6201666593551636
32430,3144,0.9701969623565674
32440,3145,0.1739632487297058
32450,3146,0.20306134223937988
32460,3147,0.3434448540210724
32470,3148,3.10713529586792
32480,3149,0.4027002453804016
32490,3150,0.6982048153877258
32500,3151,0.5987316370010376
32510,3152,0.36612793803215027
32520,3153,0.5699440836906433
32530,3154,0.5034717321395874
32540,3155,0.2541138231754303
32550,3156,0.7893198728561401
32560,3157,0.2640509009361267
32570,3158,0.5338091850280762
32580,3159,0.3182608485221863
32590,3160,0.46377408504486084
32600,3161,0.18868066370487213
32610,3162,0.16169342398643494
32620,3163,0.8446441292762756
32630,3164,0.4010063409805298
32640,3165,0.3513498306274414
32650,3166,0.8158472776412964
32660,3167,0.7276695966720581
32670,3168,0.2875997722148895
32680,3169,1.5403257608413696
32690,3170,0.5458824634552002
32700,3171,0.4277937412261963
32710,3172,0.5194435119628906
32720,3173,0.39729490876197815
32730,3174,0.3426471948623657
32740,3175,0.10343584418296814
32750,3176,2.475762367248535
32760,3177,0.47844886779785156
32770,3178,0.844600260257721
32780,3179,0.3666057884693146
32790,3180,3.750898599624634
32800,3181,0.3234849274158478
32810,3182,0.3162256181240082
32820,3183,0.508987307548523
32830,3184,0.12085679173469543
32840,3185,3.5403032302856445
32850,3186,0.5458989143371582
32860,3187,1.5948290824890137
32870,3188,0.4764137864112854
32880,3189,0.16718435287475586
32890,3190,0.7300405502319336
32900,3191,0.49226653575897217
32910,3192,2.9041290283203125
32920,3193,1.2837382555007935
32930,3194,0.7657427191734314
32940,3195,0.5294331312179565
32950,3196,0.5223073363304138
32960,3197,1.6112496852874756
32970,3198,0.49453169107437134
32980,3199,1.3272323608398438
32990,3200,0.9825384616851807
33000,3201,0.3674776554107666
33010,3202,2.7949793338775635
33020,3203,2.942046880722046
33030,3204,0.5395646095275879
33040,3205,0.5279026031494141
33050,3206,0.4000590443611145
33060,3207,5.499400615692139
33070,3208,0.6850771903991699
33080,3209,1.5917901992797852
33090,3210,1.1519228219985962
33100,3211,0.9811526536941528
33110,3212,1.6778488159179688
33120,3213,0.7225934863090515
33130,3214,2.013392448425293
33140,3215,1.0071988105773926
33150,3216,0.7527745366096497
33160,3217,0.8768640756607056
33170,3218,0.8043258190155029
33180,3219,2.2048799991607666
33190,3220,1.0779330730438232
33200,3221,0.4749695360660553
33210,3222,1.5115946531295776
33220,3223,0.6396437287330627
33230,3224,0.9312171936035156
33240,3225,0.8906817436218262
33250,3226,3.850155830383301
33260,3227,2.294579029083252
33270,3228,0.8134660720825195
33280,3229,0.7076159119606018
33290,3230,0.4063991904258728
33300,3231,0.28432345390319824
33310,3232,0.6051774024963379
33320,3233,0.666287362575531
33330,3234,0.5246363878250122
33340,3235,0.5675696730613708
33350,3236,0.620769739151001
33360,3237,0.40269845724105835
33370,3238,0.43113383650779724
33380,3239,0.6382924318313599
33390,3240,0.5759915113449097
33400,3241,0.4955543875694275
33410,3242,0.41451650857925415
33420,3243,0.4906655251979828
33430,3244,0.6191076040267944
33440,3245,0.4840956926345825
33450,3246,0.8741621971130371
33460,3247,0.7329161167144775
33470,3248,0.7093252539634705
33480,3249,1.9650603532791138
33490,3250,4.118872165679932
33500,3251,0.5296522974967957
33510,3252,0.3650658428668976
33520,3253,0.48880618810653687
33530,3254,0.9169564247131348
33540,3255,0.2832159101963043
33550,3256,2.0102603435516357
33560,3257,0.4859418570995331
33570,3258,0.5535669922828674
33580,3259,1.665398359298706
33590,3260,0.39627158641815186
33600,3261,1.352905035018921
33610,3262,0.4799979627132416
33620,3263,0.3483789563179016
33630,3264,0.23377950489521027
33640,3265,3.0252597332000732
33650,3266,3.6428771018981934
33660,3267,1.046345829963684
33670,3268,0.5352116823196411
33680,3269,0.6989380717277527
33690,3270,0.607854425907135
33700,3271,0.5206095576286316
33710,3272,0.21476227045059204
33720,3273,0.32153505086898804
33730,3274,0.5716229677200317
33740,3275,0.21631741523742676
33750,3276,1.7089567184448242
33760,3277,0.2143155038356781
33770,3278,0.6114412546157837
33780,3279,0.3101443946361542
33790,3280,0.12106665968894958
33800,3281,0.5067915916442871
33810,3282,0.3796285092830658
33820,3283,0.40276822447776794
33830,3284,0.3735269010066986
33840,3285,4.148406028747559
33850,3286,0.1888597160577774
33860,3287,0.34899207949638367
33870,3288,4.7128682136535645
33880,3289,1.57942533493042
33890,3290,0.611716628074646
33900,3291,0.8593583106994629
33910,3292,0.677067220211029
33920,3293,0.7359415888786316
33930,3294,0.48557955026626587
33940,3295,1.6710683107376099
33950,3296,1.4970372915267944
33960,3297,0.7179036140441895
33970,3298,0.3170854449272156
33980,3299,0.618863582611084
33990,3300,0.38304153084754944
34000,3301,2.6030709743499756
34010,3302,5.217225074768066
34020,3303,1.7272454500198364
34030,3304,0.6060951948165894
34040,3305,1.5128118991851807
34050,3306,5.20958137512207
34060,3307,0.4684610664844513
34070,3308,0.5641363859176636
34080,3309,2.888563394546509
34090,3310,0.4599476456642151
34100,3311,1.0442664623260498
34110,3312,0.6824338436126709
34120,3313,0.8881935477256775
34130,3314,0.6865186095237732
34140,3315,0.7560017108917236
34150,3316,0.7379961609840393
34160,3317,3.5780465602874756
34170,3318,4.2256622314453125
34180,3319,2.054535150527954
34190,3320,0.5521352291107178
34200,3321,1.1737020015716553
34210,3322,0.5726897716522217
34220,3323,0.46449947357177734
34230,3324,0.8256391286849976
34240,3325,0.6385419964790344
34250,3326,2.075920820236206
34260,3327,1.010090947151184
34270,3328,3.6402504444122314
34280,3329,1.4104671478271484
34290,3330,0.6473208069801331
34300,3331,2.979259490966797
34310,3332,0.925420880317688
34320,3333,3.0931432247161865
34330,3334,0.6763611435890198
34340,3335,1.2671560049057007
34350,3336,0.8465343117713928
34360,3337,0.714847981929779
34370,3338,0.37181591987609863
34380,3339,0.42820626497268677
34390,3340,1.3056561946868896
34400,3341,0.5941624641418457
34410,3342,1.1001241207122803
34420,3343,2.7142248153686523
34430,3344,0.8729695081710815
34440,3345,0.5974066853523254
34450,3346,0.39212673902511597
34460,3347,1.011016845703125
34470,3348,0.5455183982849121
34480,3349,1.699025273323059
34490,3350,1.4032812118530273
34500,3351,1.0402247905731201
34510,3352,0.7303835153579712
34520,3353,1.234084129333496
34530,3354,0.1712268888950348
34540,3355,0.6013286113739014
34550,3356,0.47390177845954895
34560,3357,1.8706727027893066
34570,3358,4.641219139099121
34580,3359,0.6247484683990479
34590,3360,0.6956213712692261
34600,3361,0.5248982906341553
34610,3362,0.7049784660339355
34620,3363,0.6727294921875
34630,3364,0.4753977060317993
34640,3365,0.7334983348846436
34650,3366,0.8993094563484192
34660,3367,0.7854855060577393
34670,3368,2.5432839393615723
34680,3369,0.6410408020019531
34690,3370,0.7574571967124939
34700,3371,0.5982964634895325
34710,3372,0.6484746336936951
34720,3373,0.5234296917915344
34730,3374,1.465262770652771
34740,3375,0.3741343021392822
34750,3376,0.3863103985786438
34760,3377,3.3607401847839355
34770,3378,0.43575364351272583
34780,3379,0.37824156880378723
34790,3380,0.5791747570037842
34800,3381,1.1971408128738403
34810,3382,0.35344982147216797
34820,3383,0.35498112440109253
34830,3384,1.3424181938171387
34840,3385,1.7497994899749756
34850,3386,3.7128312587738037
34860,3387,0.6190285682678223
34870,3388,0.5596469044685364
34880,3389,0.5968185663223267
34890,3390,0.4900135397911072
34900,3391,1.1401081085205078
34910,3392,0.8320170044898987
34920,3393,1.9893946647644043
34930,3394,0.6816611886024475
34940,3395,0.3738243579864502
34950,3396,0.551081657409668
34960,3397,0.30116432905197144
34970,3398,2.696000099182129
34980,3399,0.26539358496665955
34990,3400,0.46286463737487793
35000,3401,0.33589255809783936
35010,3402,0.7154690623283386
35020,3403,0.47522908449172974
35030,3404,1.3268938064575195
35040,3405,0.9072360396385193
35050,3406,0.8821381330490112
35060,3407,0.6236852407455444
35070,3408,0.4941833019256592
35080,3409,0.3246600031852722
35090,3410,2.7786667346954346
35100,3411,0.31013816595077515
35110,3412,0.8031218647956848
35120,3413,1.2303460836410522
35130,3414,0.7420390248298645
35140,3415,3.9213151931762695
35150,3416,0.7943812608718872
35160,3417,2.4156501293182373
35170,3418,0.43399298191070557
35180,3419,1.4841870069503784
35190,3420,0.4910227358341217
35200,3421,0.7394185662269592
35210,3422,1.1183743476867676
35220,3423,0.7517091631889343
35230,3424,0.9720264077186584
35240,3425,0.7872771620750427
35250,3426,0.49393582344055176
35260,3427,0.7451289892196655
35270,3428,0.35421282052993774
35280,3429,1.362614631652832
35290,3430,0.37211528420448303
35300,3431,1.3429533243179321
35310,3432,2.423758029937744
35320,3433,0.3583534061908722
35330,3434,2.7213666439056396
35340,3435,1.6534836292266846
35350,3436,2.743337392807007
35360,3437,0.570988118648529
35370,3438,0.21809476613998413
35380,3439,1.4192676544189453
35390,3440,0.3748800456523895
35400,3441,0.7078043222427368
35410,3442,1.075117588043213
35420,3443,0.5662593245506287
35430,3444,0.6011258363723755
35440,3445,0.8085077404975891
35450,3446,0.3000361919403076
35460,3447,0.8042038679122925
35470,3448,0.8543218374252319
35480,3449,1.5598160028457642
35490,3450,0.2876483201980591
35500,3451,0.7026587128639221
35510,3452,0.3563311994075775
35520,3453,0.4705987274646759
35530,3454,3.8011157512664795
35540,3455,0.45096516609191895
35550,3456,0.44671520590782166
35560,3457,0.3034229278564453
35570,3458,0.4395345449447632
35580,3459,4.856242656707764
35590,3460,0.6939293146133423
35600,3461,2.4389002323150635
35610,3462,4.616703033447266
35620,3463,0.3637060523033142
35630,3464,0.9066461324691772
35640,3465,0.7844603061676025
35650,3466,1.2341728210449219
35660,3467,0.38274848461151123
35670,3468,0.9718688726425171
35680,3469,0.49461352825164795
35690,3470,0.22196243703365326
35700,3471,5.070883274078369
35710,3472,0.5986546277999878
35720,3473,0.516974151134491
35730,3474,0.851374626159668
35740,3475,0.5284035801887512
35750,3476,0.6473304033279419
35760,3477,0.32736170291900635
35770,3478,2.5144312381744385
35780,3479,0.8531060218811035
35790,3480,0.3860524594783783
35800,3481,1.0667668581008911
35810,3482,0.39174142479896545
35820,3483,0.2716130018234253
35830,3484,0.47540563344955444
35840,3485,0.5566454529762268
35850,3486,4.384821891784668
35860,3487,0.9295610785484314
35870,3488,0.5077962875366211
35880,3489,0.2903600335121155
35890,3490,0.5435053706169128
35900,3491,2.2245230674743652
35910,3492,0.4176914691925049
35920,3493,0.3427497446537018
35930,3494,0.48805269598960876
35940,3495,0.47043973207473755
35950,3496,0.5111773014068604
35960,3497,0.5316047668457031
35970,3498,0.5667212605476379
35980,3499,0.9084081053733826
35990,3500,0.631515383720398
36000,3501,0.44160306453704834
36010,3502,0.7060953378677368
36020,3503,0.6718038320541382
36030,3504,0.7990991473197937
36040,3505,1.0488343238830566
36050,3506,0.6138799786567688
36060,3507,0.868636965751648
36070,3508,0.7945358753204346
36080,3509,1.2385447025299072
36090,3510,0.800220251083374
36100,3511,0.45122551918029785
36110,3512,0.8838853240013123
36120,3513,0.7621129155158997
36130,3514,0.41121411323547363
36140,3515,0.5328272581100464
36150,3516,1.2734158039093018
36160,3517,0.7704193592071533
36170,3518,0.7573447227478027
36180,3519,0.5138251185417175
36190,3520,0.45591723918914795
36200,3521,0.6373500227928162
36210,3522,0.7050095796585083
36220,3523,1.1602085828781128
36230,3524,0.4114670157432556
36240,3525,0.8755163550376892
36250,3526,0.6083839535713196
36260,3527,2.1710636615753174
36270,3528,0.4741058051586151
36280,3529,0.5388625264167786
36290,3530,0.5338615775108337
36300,3531,0.7274603843688965
36310,3532,0.5344741344451904
36320,3533,0.3898761570453644
36330,3534,0.6829819679260254
36340,3535,0.46917667984962463
36350,3536,2.184786081314087
36360,3537,0.8294897079467773
36370,3538,2.638967990875244
36380,3539,1.184602975845337
36390,3540,1.4870634078979492
36400,3541,0.40195223689079285
36410,3542,0.8311222791671753
36420,3543,0.8106561303138733
36430,3544,0.28255409002304077
36440,3545,0.5157613158226013
36450,3546,0.6263935565948486
36460,3547,0.5280828475952148
36470,3548,0.4501422345638275
36480,3549,0.7030406594276428
36490,3550,0.7588211894035339
36500,3551,1.373130440711975
36510,3552,1.051844596862793
36520,3553,0.7209068536758423
36530,3554,0.8661795258522034
36540,3555,4.36690092086792
36550,3556,0.45753738284111023
36560,3557,2.477944850921631
36570,3558,0.5673692226409912
36580,3559,0.3952191472053528
36590,3560,0.6414453387260437
36600,3561,0.6738675832748413
36610,3562,0.768747091293335
36620,3563,0.27525418996810913
36630,3564,1.0724142789840698
36640,3565,1.0078797340393066
36650,3566,0.6796415448188782
36660,3567,0.5071595311164856
36670,3568,0.30020445585250854
36680,3569,0.48836854100227356
36690,3570,0.4654352068901062
36700,3571,2.9891228675842285
36710,3572,0.7714586853981018
36720,3573,0.24917156994342804
36730,3574,0.3780271112918854
36740,3575,0.22019506990909576
36750,3576,0.35327860713005066
36760,3577,0.4530956447124481
36770,3578,0.4210984408855438
36780,3579,0.8234952092170715
36790,3580,1.658263921737671
36800,3581,0.35479867458343506
36810,3582,2.2457680702209473
36820,3583,2.1514499187469482
36830,3584,0.5774953961372375
36840,3585,0.6978481411933899
36850,3586,0.6326165795326233
36860,3587,2.5152077674865723
36870,3588,0.6395350694656372
36880,3589,0.39262640476226807
36890,3590,1.439317226409912
36900,3591,0.48706692457199097
36910,3592,1.6574985980987549
36920,3593,0.6477736830711365
36930,3594,1.7980901002883911
36940,3595,3.560450792312622
36950,3596,0.41824477910995483
36960,3597,0.6400847434997559
36970,3598,0.29032301902770996
36980,3599,0.6797068119049072
36990,3600,0.7709234356880188
37000,3601,0.5412711501121521
37010,3602,2.0954532623291016
37020,3603,0.8951970338821411
37030,3604,0.8748458623886108
37040,3605,0.7477983236312866
37050,3606,0.3708041310310364
37060,3607,0.6274049878120422
37070,3608,0.8180778622627258
37080,3609,0.5132364630699158
37090,3610,1.6936814785003662
37100,3611,0.35522574186325073
37110,3612,1.1435222625732422
37120,3613,0.5875253677368164
37130,3614,0.6395613551139832
37140,3615,1.3054152727127075
37150,3616,0.7399739027023315
37160,3617,3.3023178577423096
37170,3618,0.22866801917552948
37180,3619,0.5403942465782166
37190,3620,0.572963297367096
37200,3621,1.244666337966919
37210,3622,0.7465683817863464
37220,3623,0.7740519046783447
37230,3624,0.1839011311531067
37240,3625,0.332248717546463
37250,3626,0.661720871925354
37260,3627,0.6266517043113708
37270,3628,0.4220924973487854
37280,3629,0.6243658065795898
37290,3630,0.4209230840206146
37300,3631,0.5502541661262512
37310,3632,0.27065905928611755
37320,3633,0.3815386891365051
37330,3634,1.0250694751739502
37340,3635,0.21475210785865784
37350,3636,0.6400572061538696
37360,3637,3.648773193359375
37370,3638,0.3971775770187378
37380,3639,0.2139817476272583
37390,3640,3.3931336402893066
37400,3641,1.8902009725570679
37410,3642,0.9792361855506897
37420,3643,0.3100297451019287
37430,3644,0.8135987520217896
37440,3645,3.313961982727051
37450,3646,0.4737808108329773
37460,3647,0.7988484501838684
37470,3648,0.4874951243400574
37480,3649,0.4491446316242218
37490,3650,2.1140928268432617
37500,3651,0.43814992904663086
37510,3652,2.8107223510742188
37520,3653,0.6324917078018188
37530,3654,1.8680964708328247
37540,3655,2.7009801864624023
37550,3656,1.6651164293289185
37560,3657,0.5507721900939941
37570,3658,0.39808738231658936
37580,3659,0.687254786491394
37590,3660,3.2703425884246826
37600,3661,1.1090306043624878
37610,3662,1.418535828590393
37620,3663,1.7436455488204956
37630,3664,1.3347049951553345
37640,3665,0.5485077500343323
37650,3666,1.094963550567627
37660,3667,0.4845253825187683
37670,3668,0.7609081864356995
37680,3669,12.149849891662598
37690,3670,1.0164198875427246
37700,3671,0.4786842167377472
37710,3672,0.8373619914054871
37720,3673,0.5517293214797974
37730,3674,0.6470391750335693
37740,3675,0.8003069758415222
37750,3676,0.37575289607048035
37760,3677,0.6217417120933533
37770,3678,0.6383115649223328
37780,3679,0.3391973376274109
37790,3680,2.0143918991088867
37800,3681,0.8986871242523193
37810,3682,4.291695594787598
37820,3683,1.455801248550415
37830,3684,1.0621458292007446
37840,3685,0.7737758159637451
37850,3686,1.5129121541976929
37860,3687,0.5169885158538818
37870,3688,0.4344048500061035
37880,3689,0.5434101819992065
37890,3690,0.5619028806686401
37900,3691,3.9329395294189453
37910,3692,0.5530957579612732
37920,3693,0.7904958128929138
37930,3694,1.5537998676300049
37940,3695,1.1715261936187744
37950,3696,3.2458839416503906
37960,3697,0.31659361720085144
37970,3698,0.5489996671676636
37980,3699,0.6231176257133484
37990,3700,1.0691496133804321
38000,3701,1.356034278869629
38010,3702,0.9502164125442505
38020,3703,0.9638066291809082
38030,3704,0.8596182465553284
38040,3705,5.658154487609863
38050,3706,0.8699679374694824
38060,3707,0.5646111965179443
38070,3708,0.7355896234512329
38080,3709,0.7335530519485474
38090,3710,0.6683714985847473
38100,3711,1.2098908424377441
38110,3712,0.7961236238479614
38120,3713,0.658141016960144
38130,3714,0.7205203771591187
38140,3715,0.5770968794822693
38150,3716,0.6229919791221619
38160,3717,0.4846988320350647
38170,3718,0.31376412510871887
38180,3719,0.47338566184043884
38190,3720,1.995316505432129
38200,3721,0.684993326663971
38210,3722,2.004235029220581
38220,3723,0.374519020318985
38230,3724,0.5294409990310669
38240,3725,0.4710865616798401
38250,3726,1.9966975450515747
38260,3727,0.6633135676383972
38270,3728,1.2802021503448486
38280,3729,0.5356001853942871
38290,3730,2.81532621383667
38300,3731,0.7861260175704956
38310,3732,0.8742403388023376
38320,3733,4.2705817222595215
38330,3734,0.3836398720741272
38340,3735,0.9848597049713135
38350,3736,0.683943510055542
38360,3737,0.27763932943344116
38370,3738,5.61572265625
38380,3739,1.0459163188934326
38390,3740,0.6543405652046204
38400,3741,0.4758250117301941
38410,3742,1.3635996580123901
38420,3743,0.538307785987854
38430,3744,1.1014786958694458
38440,3745,0.2576252520084381
38450,3746,0.5259302258491516
38460,3747,0.9979044795036316
38470,3748,3.5500431060791016
38480,3749,0.5077530145645142
38490,3750,2.745006799697876
38500,3751,0.8215757608413696
38510,3752,1.4881823062896729
38520,3753,1.2085806131362915
38530,3754,3.757537841796875
38540,3755,0.7023658752441406
38550,3756,0.44828909635543823
38560,3757,3.1522276401519775
38570,3758,0.31287291646003723
38580,3759,0.686285674571991
38590,3760,0.7060554623603821
38600,3761,0.5592741370201111
38610,3762,2.2375500202178955
38620,3763,4.871260166168213
38630,3764,0.31811362504959106
38640,3765,0.26801949739456177
38650,3766,0.6813419461250305
38660,3767,0.7992363572120667
38670,3768,0.6617300510406494
38680,3769,0.9247115850448608
38690,3770,0.486982136964798
38700,3771,0.7607195377349854
38710,3772,4.857368469238281
38720,3773,0.8425262570381165
38730,3774,0.41641539335250854
38740,3775,0.397644579410553
38750,3776,0.6513324975967407
38760,3777,1.2566007375717163
38770,3778,0.5618861317634583
38780,3779,0.3413269519805908
38790,3780,0.32072436809539795
38800,3781,0.5796487331390381
38810,3782,0.6979389190673828
38820,3783,0.7902557253837585
38830,3784,1.157045602798462
38840,3785,0.4002552628517151
38850,3786,0.5789858102798462
38860,3787,0.31385499238967896
38870,3788,3.867340564727783
38880,3789,0.4853675961494446
38890,3790,0.8831067681312561
38900,3791,0.6806540489196777
38910,3792,0.3945621848106384
38920,3793,0.4677082300186157
38930,3794,0.720464289188385
38940,3795,0.8444894552230835
38950,3796,0.6256974339485168
38960,3797,1.9352182149887085
38970,3798,2.3925909996032715
38980,3799,0.8876187801361084
38990,3800,0.9501338005065918
39000,3801,1.5093516111373901
39010,3802,0.5863804817199707
39020,3803,0.6851415634155273
39030,3804,1.0763075351715088
39040,3805,0.5401650667190552
39050,3806,3.0805652141571045
39060,3807,0.7277306914329529
39070,3808,2.3419148921966553
39080,3809,1.127737283706665
39090,3810,1.2167543172836304
39100,3811,1.2093181610107422
39110,3812,1.2352756261825562
39120,3813,0.7258482575416565
39130,3814,0.918347954750061
39140,3815,0.6366395354270935
39150,3816,0.5986666679382324
39160,3817,0.5524982213973999
39170,3818,0.49554169178009033
39180,3819,0.9065865278244019
39190,3820,0.5924928188323975
39200,3821,0.9863276481628418
39210,3822,0.7042012214660645
39220,3823,3.0696475505828857
39230,3824,0.4744090139865875
39240,3825,0.1639084815979004
39250,3826,0.8125555515289307
39260,3827,0.6559771299362183
39270,3828,1.8132766485214233
39280,3829,1.2300479412078857
39290,3830,0.5333351492881775
39300,3831,0.5507065653800964
39310,3832,0.712296187877655
39320,3833,2.2060728073120117
39330,3834,0.9483665227890015
39340,3835,0.7263081669807434
39350,3836,0.499356210231781
39360,3837,2.389468193054199
39370,3838,0.8033553957939148
39380,3839,0.35636940598487854
39390,3840,0.8173149228096008
39400,3841,2.4341471195220947
39410,3842,0.36152005195617676
39420,3843,0.38869500160217285
39430,3844,0.39728543162345886
39440,3845,1.6262868642807007
39450,3846,1.9868189096450806
39460,3847,1.1383966207504272
39470,3848,0.4591255187988281
39480,3849,1.1370642185211182
39490,3850,4.5193867683410645
39500,3851,0.5579645037651062
39510,3852,0.5487486720085144
39520,3853,0.4676363170146942
39530,3854,1.438859224319458
39540,3855,0.8454399704933167
39550,3856,0.9307588934898376
39560,3857,0.49254363775253296
39570,3858,0.6770060658454895
39580,3859,0.3561643064022064
39590,3860,2.4347543716430664
39600,3861,0.4017484188079834
39610,3862,0.3849606513977051
39620,3863,1.112823486328125
39630,3864,0.554814875125885
39640,3865,2.109869956970215
39650,3866,0.6883390545845032
39660,3867,0.15584047138690948
39670,3868,0.6081212759017944
39680,3869,1.4361729621887207
39690,3870,0.9134511947631836
39700,3871,0.6478210091590881
39710,3872,0.8296655416488647
39720,3873,1.6712591648101807
39730,3874,0.5803617238998413
39740,3875,1.037383794784546
39750,3876,3.715742588043213
39760,3877,0.645646870136261
39770,3878,2.62062406539917
39780,3879,0.5694589614868164
39790,3880,0.4469170570373535
39800,3881,0.525839626789093
39810,3882,1.1902995109558105
39820,3883,0.37716349959373474
39830,3884,0.767215371131897
39840,3885,0.5830403566360474
39850,3886,5.6101298332214355
39860,3887,3.613922357559204
39870,3888,1.3241468667984009
39880,3889,0.8384742736816406
39890,3890,2.5005710124969482
39900,3891,0.12963591516017914
39910,3892,1.542130470275879
39920,3893,0.813535749912262
39930,3894,0.4467831254005432
39940,3895,0.7546370029449463
39950,3896,0.7571868300437927
39960,3897,0.31118863821029663
39970,3898,0.44196969270706177
39980,3899,2.2706103324890137
39990,3900,0.21681949496269226
40000,3901,1.8799006938934326
40010,3902,0.8458936810493469
40020,3903,1.4008675813674927
40030,3904,1.423351526260376
40040,3905,0.7731097936630249
40050,3906,0.6585273146629333
40060,3907,1.1971806287765503
40070,3908,1.107391357421875
40080,3909,0.9647800326347351
40090,3910,0.7860214114189148
40100,3911,0.4149019718170166
40110,3912,1.0834134817123413
40120,3913,3.248600959777832
40130,3914,2.5607736110687256
40140,3915,1.2536283731460571
40150,3916,0.31936973333358765
40160,3917,1.0350120067596436
40170,3918,0.5827640295028687
40180,3919,0.8185793161392212
40190,3920,1.2599817514419556
40200,3921,1.1778382062911987
40210,3922,0.5256555080413818
40220,3923,0.8980154991149902
40230,3924,0.6098323464393616
40240,3925,0.8610291481018066
40250,3926,2.4700589179992676
40260,3927,0.6865949630737305
40270,3928,0.7196264266967773
40280,3929,0.4040982723236084
40290,3930,1.0289629697799683
40300,3931,1.2808259725570679
40310,3932,0.8791438341140747
40320,3933,0.4762185513973236
40330,3934,1.1101216077804565
40340,3935,0.8206815719604492
40350,3936,0.8688691258430481
40360,3937,1.1537911891937256
40370,3938,0.4434317648410797
40380,3939,1.0730915069580078
40390,3940,0.6598454713821411
40400,3941,0.4581564664840698
40410,3942,0.7205132246017456
40420,3943,3.6156558990478516
40430,3944,0.8535955548286438
40440,3945,4.221525192260742
40450,3946,0.3461969792842865
40460,3947,0.38113388419151306
40470,3948,1.3138610124588013
40480,3949,0.6822919249534607
40490,3950,1.2896356582641602
40500,3951,0.8910053372383118
40510,3952,1.9994640350341797
40520,3953,0.6141600608825684
40530,3954,0.737845778465271
40540,3955,0.8997943997383118
40550,3956,0.7591228485107422
40560,3957,0.5168089866638184
40570,3958,1.0359116792678833
40580,3959,0.6332021951675415
40590,3960,0.9496841430664062
40600,3961,1.3072242736816406
40610,3962,3.460502862930298
40620,3963,0.653283953666687
40630,3964,0.8455129265785217
40640,3965,1.024170994758606
40650,3966,0.7186130285263062
40660,3967,0.8925547003746033
40670,3968,0.42875024676322937
40680,3969,1.839847207069397
40690,3970,0.7025461196899414
40700,3971,0.5253082513809204
40710,3972,5.063541889190674
40720,3973,2.714986801147461
40730,3974,0.6381763815879822
40740,3975,0.43252938985824585
40750,3976,3.883587598800659
40760,3977,0.6637991070747375
40770,3978,0.38873210549354553
40780,3979,0.3493441343307495
40790,3980,0.8468121886253357
40800,3981,1.29522705078125
40810,3982,0.2987597584724426
40820,3983,1.8934502601623535
40830,3984,0.772606611251831
40840,3985,1.2915723323822021
40850,3986,0.3817962408065796
40860,3987,1.0152342319488525
40870,3988,0.8752204775810242
40880,3989,1.2317723035812378
40890,3990,0.9577358961105347
40900,3991,0.8464726209640503
40910,3992,2.1158244609832764
40920,3993,0.6321362257003784
40930,3994,0.3837742507457733
40940,3995,0.7992197871208191
40950,3996,0.9162339568138123
40960,3997,0.5953090190887451
40970,3998,0.46643733978271484
40980,3999,0.54264897108078
40990,4000,0.14560934901237488
41000,4001,0.7053238749504089
41010,4002,0.6001784205436707
41020,4003,1.0661098957061768
41030,4004,0.5617214441299438
41040,4005,2.261324167251587
41050,4006,0.6282959580421448
41060,4007,3.8734188079833984
41070,4008,1.2522977590560913
41080,4009,0.9810630083084106
41090,4010,0.7439799308776855
41100,4011,1.4779778718948364
41110,4012,1.5765069723129272
41120,4013,0.8937183022499084
41130,4014,0.7085813879966736
41140,4015,1.1493504047393799
41150,4016,0.7318710684776306
41160,4017,0.7806214690208435
41170,4018,0.5691951513290405
41180,4019,0.6423715353012085
41190,4020,0.6795289516448975
41200,4021,1.1554535627365112
41210,4022,0.22930853068828583
41220,4023,0.8368349671363831
41230,4024,4.110044956207275
41240,4025,1.2020530700683594
41250,4026,0.8459155559539795
41260,4027,3.6849138736724854
41270,4028,3.028623104095459
41280,4029,0.5989974737167358
41290,4030,0.795501172542572
41300,4031,0.6157906651496887
41310,4032,0.8101169466972351
41320,4033,1.058241605758667
41330,4034,2.7901999950408936
41340,4035,1.2849282026290894
41350,4036,0.8799528479576111
41360,4037,0.9078747630119324
41370,4038,0.3772236704826355
41380,4039,1.442800760269165
41390,4040,1.320352554321289
41400,4041,0.34206250309944153
41410,4042,0.9795054793357849
41420,4043,0.5938451886177063
41430,4044,0.6245408058166504
41440,4045,1.9074739217758179
41450,4046,0.6931387782096863
41460,4047,0.6881594657897949
41470,4048,2.9526004791259766
41480,4049,1.2742067575454712
41490,4050,1.311405897140503
41500,4051,0.7683755159378052
41510,4052,0.9224365949630737
41520,4053,0.5181491374969482
41530,4054,0.8213725090026855
41540,4055,0.8601360321044922
41550,4056,0.5269461274147034
41560,4057,0.5659491419792175
41570,4058,0.9860209822654724
41580,4059,1.6561118364334106
41590,4060,0.8528924584388733
41600,4061,2.496732234954834
41610,4062,0.5544191598892212
41620,4063,2.7756199836730957
41630,4064,0.3031461238861084
41640,4065,0.44479653239250183
41650,4066,0.6887151002883911
41660,4067,0.5866400003433228
41670,4068,0.47485435009002686
41680,4069,0.6004573702812195
41690,4070,2.1698338985443115
41700,4071,0.33293959498405457
41710,4072,0.3966531753540039
41720,4073,0.23663245141506195
41730,4074,0.4927339553833008
41740,4075,0.6830435991287231
41750,4076,0.5161514282226562
41760,4077,0.48662135004997253
41770,4078,0.9932200312614441
41780,4079,5.33430290222168
41790,4080,1.3068090677261353
41800,4081,0.45770421624183655
41810,4082,0.5572220683097839
41820,4083,0.3709962069988251
41830,4084,0.8013323545455933
41840,4085,0.6487380862236023
41850,4086,2.3516464233398438
41860,4087,0.4352138936519623
41870,4088,4.162946701049805
41880,4089,1.7726399898529053
41890,4090,0.6142297983169556
41900,4091,0.29741179943084717
41910,4092,0.5516293048858643
41920,4093,0.2497505098581314
41930,4094,3.5830938816070557
41940,4095,1.063068151473999
41950,4096,4.204054832458496
41960,4097,0.9141430258750916
41970,4098,1.276942253112793
41980,4099,1.5473395586013794
41990,4100,1.592522382736206
42000,4101,0.4884971082210541
42010,4102,0.5011413097381592
42020,4103,1.71796715259552
42030,4104,1.3904858827590942
42040,4105,0.6417897343635559
42050,4106,1.253454566001892
42060,4107,0.4125019609928131
42070,4108,0.6518741250038147
42080,4109,0.6076550483703613
42090,4110,0.7302565574645996
42100,4111,0.7020249962806702
42110,4112,2.9396908283233643
42120,4113,0.6575641632080078
42130,4114,0.8953589797019958
42140,4115,0.3796837329864502
42150,4116,0.7639483213424683
42160,4117,0.4575873613357544
42170,4118,1.2873858213424683
42180,4119,0.35925450921058655
42190,4120,2.3711047172546387
42200,4121,1.44818913936615
42210,4122,1.2783352136611938
42220,4123,0.4283314347267151
42230,4124,1.2381223440170288
42240,4125,0.6447532773017883
42250,4126,0.7735311985015869
42260,4127,0.5664014220237732
42270,4128,0.544516384601593
42280,4129,2.9751529693603516
42290,4130,0.6518428921699524
42300,4131,1.503542184829712
42310,4132,1.9547722339630127
42320,4133,0.7763859033584595
42330,4134,0.7450993061065674
42340,4135,0.7603268623352051
42350,4136,1.0639293193817139
42360,4137,1.5430423021316528
42370,4138,1.0791559219360352
42380,4139,4.6602702140808105
42390,4140,1.6397448778152466
42400,4141,0.41515088081359863
42410,4142,1.9304938316345215
42420,4143,0.5439776182174683
42430,4144,0.7301700711250305
42440,4145,4.930088520050049
42450,4146,0.3855752944946289
42460,4147,3.8776283264160156
42470,4148,1.0916260480880737
42480,4149,0.7808060050010681
42490,4150,1.0335047245025635
42500,4151,0.25592687726020813
42510,4152,1.5875630378723145
42520,4153,3.1400299072265625
42530,4154,0.4182208776473999
42540,4155,0.3320843577384949
42550,4156,2.2327346801757812
42560,4157,0.26337963342666626
42570,4158,0.9241039752960205
42580,4159,0.40912580490112305
42590,4160,2.003485679626465
42600,4161,0.43771833181381226
42610,4162,1.0372027158737183
42620,4163,0.5130813717842102
42630,4164,0.39867663383483887
42640,4165,0.6238265037536621
42650,4166,0.3754834234714508
42660,4167,0.8130640983581543
42670,4168,1.2249133586883545
42680,4169,0.2145649790763855
42690,4170,2.3244099617004395
42700,4171,0.39274755120277405
42710,4172,0.44217920303344727
42720,4173,1.115730881690979
42730,4174,1.0008487701416016
42740,4175,0.5406553745269775
42750,4176,0.5394604802131653
42760,4177,0.8473076224327087
42770,4178,0.4804581105709076
42780,4179,0.33357489109039307
42790,4180,0.36374297738075256
42800,4181,0.32700151205062866
42810,4182,1.1570875644683838
42820,4183,0.7956460118293762
42830,4184,1.3432400226593018
42840,4185,0.5996233820915222
42850,4186,0.8599240183830261
42860,4187,2.742475748062134
42870,4188,1.0853312015533447
42880,4189,2.4274966716766357
42890,4190,0.7114173173904419
42900,4191,0.3671201169490814
42910,4192,1.440237045288086
42920,4193,5.871291160583496
42930,4194,0.4834456443786621
42940,4195,1.3351658582687378
42950,4196,3.4922611713409424
42960,4197,0.9612697958946228
42970,4198,0.47134914994239807
42980,4199,0.7417381405830383
42990,4200,0.5900628566741943
43000,4201,0.822309672832489
43010,4202,0.990913987159729
43020,4203,0.8141404986381531
43030,4204,0.8980662822723389
43040,4205,1.3211925029754639
43050,4206,0.5588521957397461
43060,4207,0.5460966229438782
43070,4208,0.7244987487792969
43080,4209,0.8352800607681274
43090,4210,0.839765191078186
43100,4211,2.1525368690490723
43110,4212,2.091848134994507
43120,4213,0.7261285781860352
43130,4214,0.8750506043434143
43140,4215,0.6771755218505859
43150,4216,0.6955244541168213
43160,4217,1.143794059753418
43170,4218,0.6802485585212708
43180,4219,0.40803319215774536
43190,4220,0.7501637935638428
43200,4221,2.2639172077178955
43210,4222,0.7688606977462769
43220,4223,1.5106050968170166
43230,4224,0.6051411032676697
43240,4225,2.6680705547332764
43250,4226,1.4042932987213135
43260,4227,0.6063921451568604
43270,4228,0.9995301365852356
43280,4229,0.2843068838119507
43290,4230,0.4434908628463745
43300,4231,0.5099496245384216
43310,4232,0.45450758934020996
43320,4233,0.6826760172843933
43330,4234,2.0460312366485596
43340,4235,0.9012027978897095
43350,4236,0.5818027853965759
43360,4237,1.092658519744873
43370,4238,0.5784450173377991
43380,4239,0.6087734699249268
43390,4240,0.324754536151886
43400,4241,0.5205820798873901
43410,4242,2.9225010871887207
43420,4243,1.9889380931854248
43430,4244,0.9478040933609009
43440,4245,0.9458187818527222
43450,4246,0.7930518984794617
43460,4247,0.4182030260562897
43470,4248,1.0999163389205933
43480,4249,0.5852481722831726
43490,4250,0.47189760208129883
43500,4251,0.8995529413223267
43510,4252,1.2108160257339478
43520,4253,0.9537557363510132
43530,4254,1.0342726707458496
43540,4255,0.6374927163124084
43550,4256,0.6223360896110535
43560,4257,0.4251304864883423
43570,4258,0.5113889575004578
43580,4259,2.3048222064971924
43590,4260,0.8271368145942688
43600,4261,1.6384953260421753
43610,4262,1.3793624639511108
43620,4263,0.6399261951446533
43630,4264,0.567592442035675
43640,4265,0.3769809305667877
43650,4266,0.22870881855487823
43660,4267,0.6838762760162354
43670,4268,0.26181626319885254
43680,4269,1.1041245460510254
43690,4270,0.6401885747909546
43700,4271,0.509036660194397
43710,4272,2.2190072536468506
43720,4273,0.749779224395752
43730,4274,1.4725239276885986
43740,4275,1.1456737518310547
43750,4276,1.389908790588379
43760,4277,1.0596927404403687
43770,4278,0.9558741450309753
43780,4279,0.8072947263717651
43790,4280,0.3740074932575226
43800,4281,1.1819987297058105
43810,4282,0.5679495334625244
43820,4283,8.004581451416016
43830,4284,1.053416132926941
43840,4285,0.7034807205200195
43850,4286,4.2332305908203125
43860,4287,1.1808373928070068
43870,4288,0.8644479513168335
43880,4289,0.7714025974273682
43890,4290,0.7753399610519409
43900,4291,1.2445619106292725
43910,4292,0.6005566716194153
43920,4293,0.20626576244831085
43930,4294,1.0895881652832031
43940,4295,0.7056139707565308
43950,4296,0.482769638299942
43960,4297,0.7138175368309021
43970,4298,2.407914400100708
43980,4299,2.9908370971679688
43990,4300,0.3816728889942169
44000,4301,1.975348711013794
44010,4302,0.47244828939437866
44020,4303,2.418745517730713
44030,4304,1.073124885559082
44040,4305,0.5656474828720093
44050,4306,1.0498237609863281
44060,4307,0.8746359348297119
44070,4308,2.427123546600342
44080,4309,0.6987538933753967
44090,4310,0.3389396071434021
44100,4311,0.9815653562545776
44110,4312,0.6689027547836304
44120,4313,0.5941041111946106
44130,4314,0.44435304403305054
44140,4315,0.284471333026886
44150,4316,3.2458086013793945
44160,4317,1.136863350868225
44170,4318,0.9122495055198669
44180,4319,0.8110924959182739
44190,4320,1.1012258529663086
44200,4321,1.1278984546661377
44210,4322,0.9368504285812378
44220,4323,0.8692754507064819
44230,4324,0.7154784202575684
44240,4325,0.5420330762863159
44250,4326,1.0126967430114746
44260,4327,0.804474949836731
44270,4328,1.5927485227584839
44280,4329,1.6745085716247559
44290,4330,0.9362924695014954
44300,4331,0.5833282470703125
44310,4332,0.5136452913284302
44320,4333,0.48355215787887573
44330,4334,1.0936975479125977
44340,4335,0.8322777152061462
44350,4336,1.0522372722625732
44360,4337,0.6266130208969116
44370,4338,0.7458889484405518
44380,4339,0.8583742380142212
44390,4340,0.5707053542137146
44400,4341,1.4455703496932983
44410,4342,1.2020137310028076
44420,4343,0.6434944868087769
44430,4344,2.511255979537964
44440,4345,0.8487439155578613
44450,4346,0.6654225587844849
44460,4347,0.59419184923172
44470,4348,0.9622926712036133
44480,4349,1.059565544128418
44490,4350,0.5753817558288574
44500,4351,2.006164073944092
44510,4352,1.4253334999084473
44520,4353,2.4046950340270996
44530,4354,0.710759162902832
44540,4355,0.6898598074913025
44550,4356,1.3348017930984497
44560,4357,2.2953591346740723
44570,4358,0.600003182888031
44580,4359,0.7981838583946228
44590,4360,2.1299846172332764
44600,4361,1.1723926067352295
44610,4362,3.532466173171997
44620,4363,0.9964759349822998
44630,4364,0.528156578540802
44640,4365,2.8372573852539062
44650,4366,0.8607041239738464
44660,4367,1.0217913389205933
44670,4368,0.7484918236732483
44680,4369,0.999893307685852
44690,4370,1.1232818365097046
44700,4371,1.4843591451644897
44710,4372,0.848699152469635
44720,4373,0.34293484687805176
44730,4374,3.472179651260376
44740,4375,0.5828660130500793
44750,4376,0.6914952993392944
44760,4377,1.2196425199508667
44770,4378,0.7749535441398621
44780,4379,0.4767128527164459
44790,4380,0.6203891038894653
44800,4381,0.81598961353302
44810,4382,0.8971090316772461
44820,4383,0.6237257719039917
44830,4384,1.0804051160812378
44840,4385,0.5915722250938416
44850,4386,2.4093196392059326
44860,4387,0.4402121305465698
44870,4388,0.643125593662262
44880,4389,1.2428761720657349
44890,4390,2.1209187507629395
44900,4391,0.6843549609184265
44910,4392,0.34033203125
44920,4393,0.5765930414199829
44930,4394,0.9894959330558777
44940,4395,0.8652572631835938
44950,4396,2.7633392810821533
44960,4397,2.3506455421447754
44970,4398,0.40215519070625305
44980,4399,0.6885282397270203
44990,4400,0.35184240341186523
45000,4401,0.7200987339019775
45010,4402,0.9891990423202515
45020,4403,0.7288184762001038
45030,4404,1.46682870388031
45040,4405,1.8351638317108154
45050,4406,0.3731599450111389
45060,4407,1.7313523292541504
45070,4408,2.3013553619384766
45080,4409,1.0597598552703857
45090,4410,1.4176452159881592
45100,4411,0.30133378505706787
45110,4412,1.5516095161437988
45120,4413,2.2191922664642334
45130,4414,1.3175054788589478
45140,4415,1.8011006116867065
45150,4416,1.0949126482009888
45160,4417,1.6478376388549805
45170,4418,1.2652438879013062
45180,4419,0.7789014577865601
45190,4420,0.7310529947280884
45200,4421,0.8042237758636475
45210,4422,1.5330418348312378
45220,4423,2.1879944801330566
45230,4424,0.5045520663261414
45240,4425,0.7017364501953125
45250,4426,0.8514901399612427
45260,4427,0.7551379203796387
45270,4428,0.5619164705276489
45280,4429,5.189972877502441
45290,4430,1.4254319667816162
45300,4431,1.0999380350112915
45310,4432,0.6653087139129639
45320,4433,2.180762529373169
45330,4434,0.41078004240989685
45340,4435,0.5745465755462646
45350,4436,2.321683883666992
45360,4437,2.047839641571045
45370,4438,0.6694191098213196
45380,4439,0.9212930798530579
45390,4440,0.6045039892196655
45400,4441,1.0323127508163452
45410,4442,1.059463620185852
45420,4443,0.4233412742614746
45430,4444,1.0195404291152954
45440,4445,1.5534151792526245
45450,4446,0.702880859375
45460,4447,0.37099453806877136
45470,4448,1.0056235790252686
45480,4449,0.5523883104324341
45490,4450,2.27148699760437
45500,4451,1.283995509147644
45510,4452,3.243241548538208
45520,4453,5.141856670379639
45530,4454,1.8591363430023193
45540,4455,0.5936917066574097
45550,4456,1.1740009784698486
45560,4457,4.944942474365234
45570,4458,0.953804612159729
45580,4459,1.1459770202636719
45590,4460,0.6085866689682007
45600,4461,1.5660344362258911
45610,4462,4.697766304016113
45620,4463,3.5734739303588867
45630,4464,0.6009446382522583
45640,4465,0.8970240950584412
45650,4466,0.6995252370834351
45660,4467,0.8792356252670288
45670,4468,0.8750787377357483
45680,4469,1.4229011535644531
45690,4470,0.45878490805625916
45700,4471,0.8486148118972778
45710,4472,0.9789791703224182
45720,4473,0.634615957736969
45730,4474,1.3671530485153198
45740,4475,0.6349661350250244
45750,4476,2.6463468074798584
45760,4477,1.8612051010131836
45770,4478,0.4580548405647278
45780,4479,1.0474473237991333
45790,4480,1.127744436264038
45800,4481,1.2012583017349243
45810,4482,0.4452734589576721
45820,4483,0.31701725721359253
45830,4484,1.0716040134429932
45840,4485,1.247678518295288
45850,4486,1.386629343032837
45860,4487,0.24743089079856873
45870,4488,0.6806241869926453
45880,4489,0.627260148525238
45890,4490,0.5106172561645508
45900,4491,0.5586327314376831
45910,4492,0.35981956124305725
45920,4493,0.6653610467910767
45930,4494,0.9471704959869385
45940,4495,1.597279667854309
45950,4496,0.8530073165893555
45960,4497,0.693641185760498
45970,4498,3.328117609024048
45980,4499,1.0746114253997803
45990,4500,0.7334055304527283
46000,4501,0.34068813920021057
46010,4502,0.7943441271781921
46020,4503,0.8981424570083618
46030,4504,0.8263520002365112
46040,4505,1.8299399614334106
46050,4506,0.5851969718933105
46060,4507,0.9952372312545776
46070,4508,2.104471206665039
46080,4509,0.8295807242393494
46090,4510,0.5834236145019531
46100,4511,0.955272912979126
46110,4512,0.837683916091919
46120,4513,0.9077712297439575
46130,4514,0.9758206009864807
46140,4515,1.0110344886779785
46150,4516,0.7585126757621765
46160,4517,1.487709641456604
46170,4518,0.6272600293159485
46180,4519,0.5981273055076599
46190,4520,0.5039597749710083
46200,4521,0.7636045813560486
46210,4522,0.2642820179462433
46220,4523,0.6606628894805908
46230,4524,1.0000522136688232
46240,4525,1.1653499603271484
46250,4526,0.8655717372894287
46260,4527,0.7598087787628174
46270,4528,0.6392916440963745
46280,4529,0.7866214513778687
46290,4530,0.7863519191741943
46300,4531,0.5812345743179321
46310,4532,1.1275726556777954
46320,4533,1.7529312372207642
46330,4534,0.9051352143287659
46340,4535,1.3690468072891235
46350,4536,0.9341695308685303
46360,4537,0.8864549398422241
46370,4538,0.7337379455566406
46380,4539,0.6024386882781982
46390,4540,1.0332802534103394
46400,4541,1.8694649934768677
46410,4542,0.6956804394721985
46420,4543,0.429482102394104
46430,4544,0.6392725110054016
46440,4545,0.8978816866874695
46450,4546,0.6102264523506165
46460,4547,1.0881363153457642
46470,4548,0.38040393590927124
46480,4549,0.540693998336792
46490,4550,1.1353050470352173
46500,4551,0.5831528902053833
46510,4552,0.9469143152236938
46520,4553,0.9573837518692017
46530,4554,0.521518349647522
46540,4555,0.9440354704856873
46550,4556,0.7966583371162415
46560,4557,0.9768345355987549
46570,4558,1.1890650987625122
46580,4559,0.6466509103775024
46590,4560,0.8898497223854065
46600,4561,0.7829420566558838
46610,4562,0.927463948726654
46620,4563,0.841317355632782
46630,4564,0.5246863961219788
46640,4565,0.46636903285980225
46650,4566,0.5020279884338379
46660,4567,1.6047546863555908
46670,4568,3.2494699954986572
46680,4569,0.5143980383872986
46690,4570,0.22429358959197998
46700,4571,0.988098680973053
46710,4572,0.3858836889266968
46720,4573,0.43627116084098816
46730,4574,0.6010724902153015
46740,4575,0.6479189991950989
46750,4576,0.7883195877075195
46760,4577,0.45244356989860535
46770,4578,0.6283964514732361
46780,4579,1.9384859800338745
46790,4580,0.5516960620880127
46800,4581,4.979732513427734
46810,4582,0.5830433964729309
46820,4583,0.3672434091567993
46830,4584,0.9369845390319824
46840,4585,1.1407660245895386
46850,4586,2.3197522163391113
46860,4587,1.8561122417449951
46870,4588,0.5394368171691895
46880,4589,0.5283952951431274
46890,4590,0.7344112992286682
46900,4591,0.4305327236652374
46910,4592,0.28865349292755127
46920,4593,0.8720243573188782
46930,4594,0.39383405447006226
46940,4595,1.0096076726913452
46950,4596,0.5950959324836731
46960,4597,0.5422829389572144
46970,4598,0.47999611496925354
46980,4599,0.5143877267837524
46990,4600,1.1182230710983276
47000,4601,0.6445224285125732
47010,4602,1.975771427154541
47020,4603,0.6721004247665405
47030,4604,1.010410189628601
47040,4605,1.3598078489303589
47050,4606,2.68241024017334
47060,4607,1.0922406911849976
47070,4608,0.8521712422370911
47080,4609,0.8238884210586548
47090,4610,0.5092479586601257
47100,4611,0.6772797703742981
47110,4612,2.580106735229492
47120,4613,1.108461856842041
47130,4614,1.544862151145935
47140,4615,0.47055530548095703
47150,4616,0.6483356356620789
47160,4617,0.5332080721855164
47170,4618,1.2095645666122437
47180,4619,0.5092694163322449
47190,4620,2.473637342453003
47200,4621,0.43198055028915405
47210,4622,0.8051900267601013
47220,4623,0.7121462225914001
47230,4624,0.8407716751098633
47240,4625,0.44914495944976807
47250,4626,0.6554644703865051
47260,4627,0.8923494815826416
47270,4628,0.9097192287445068
47280,4629,0.9414743185043335
47290,4630,0.3475184440612793
47300,4631,0.3066708743572235
47310,4632,0.7428873181343079
47320,4633,2.460954427719116
47330,4634,0.9531775116920471
47340,4635,1.1279189586639404
47350,4636,0.5765331983566284
47360,4637,0.913180410861969
47370,4638,0.5144020318984985
47380,4639,0.3997287154197693
47390,4640,0.6427133679389954
47400,4641,0.6534988284111023
47410,4642,0.576926052570343
47420,4643,1.095807671546936
47430,4644,0.4083414077758789
47440,4645,1.8329328298568726
47450,4646,0.39948326349258423
47460,4647,0.48809123039245605
47470,4648,0.6531906723976135
47480,4649,0.7549252510070801
47490,4650,0.9017623662948608
47500,4651,1.328216552734375
47510,4652,0.36738988757133484
47520,4653,1.2962448596954346
47530,4654,1.1318556070327759
47540,4655,0.4989997446537018
47550,4656,2.218466281890869
47560,4657,0.9192266464233398
47570,4658,1.0870563983917236
47580,4659,0.9566650390625
47590,4660,0.5903608798980713
47600,4661,0.5988057851791382
47610,4662,0.7888275980949402
47620,4663,0.4712528586387634
47630,4664,0.40407228469848633
47640,4665,0.47481420636177063
47650,4666,0.7453011274337769
47660,4667,1.4896507263183594
47670,4668,0.8515725135803223
47680,4669,0.586366593837738
47690,4670,0.5534136295318604
47700,4671,0.7745659351348877
47710,4672,1.442967414855957
47720,4673,1.1134140491485596
47730,4674,0.7370810508728027
47740,4675,0.584410548210144
47750,4676,0.9310709834098816
47760,4677,0.9659140706062317
47770,4678,0.5920203328132629
47780,4679,0.774803876876831
47790,4680,0.6034627556800842
47800,4681,1.055738091468811
47810,4682,0.6538988947868347
47820,4683,1.1264036893844604
47830,4684,0.6266409754753113
47840,4685,0.6757659316062927
47850,4686,0.9786491394042969
47860,4687,0.34807267785072327
47870,4688,1.3237392902374268
47880,4689,5.213239669799805
47890,4690,0.7766849398612976
47900,4691,0.9007300734519958
47910,4692,3.343273162841797
47920,4693,1.3428233861923218
47930,4694,0.8326622843742371
47940,4695,1.8774492740631104
47950,4696,5.411787986755371
47960,4697,0.5881931185722351
47970,4698,3.9188592433929443
47980,4699,2.2187225818634033
47990,4700,0.5200517177581787
48000,4701,0.8909314274787903
48010,4702,1.2973520755767822
48020,4703,1.0586119890213013
48030,4704,1.4006084203720093
48040,4705,0.3793996572494507
48050,4706,1.7019494771957397
48060,4707,0.9859961271286011
48070,4708,0.5536890029907227
48080,4709,1.2543931007385254
48090,4710,0.6655797362327576
48100,4711,1.2024816274642944
48110,4712,0.5140536427497864
48120,4713,1.1477150917053223
48130,4714,1.5283894538879395
48140,4715,0.9242231845855713
48150,4716,2.0808215141296387
48160,4717,0.7545067071914673
48170,4718,0.42604148387908936
48180,4719,1.9429079294204712
48190,4720,1.7835146188735962
48200,4721,1.0461626052856445
48210,4722,0.8004907965660095
48220,4723,2.6881039142608643
48230,4724,0.9795290231704712
48240,4725,0.8068525791168213
48250,4726,2.674085855484009
48260,4727,1.3905011415481567
48270,4728,0.6089157462120056
48280,4729,1.1227093935012817
48290,4730,1.1154320240020752
48300,4731,0.6095842719078064
48310,4732,0.8494476079940796
48320,4733,1.1489558219909668
48330,4734,1.1997648477554321
48340,4735,1.0445760488510132
48350,4736,5.122096538543701
48360,4737,0.6800451278686523
48370,4738,0.4070468842983246
48380,4739,0.8804267644882202
48390,4740,1.0291342735290527
48400,4741,1.5224645137786865
48410,4742,1.174901008605957
48420,4743,0.5698623657226562
48430,4744,1.6398323774337769
48440,4745,0.7794840931892395
48450,4746,2.855998992919922
48460,4747,0.9129575490951538
48470,4748,0.6514639258384705
48480,4749,0.9612637162208557
48490,4750,0.5274839997291565
48500,4751,1.6486445665359497
48510,4752,0.647310733795166
48520,4753,1.3417551517486572
48530,4754,2.7613720893859863
48540,4755,0.8912238478660583
48550,4756,0.4592665731906891
48560,4757,5.127281188964844
48570,4758,0.7100778222084045
48580,4759,0.6191953420639038
48590,4760,0.7183231115341187
48600,4761,1.0014915466308594
48610,4762,0.7633558511734009
48620,4763,1.2971807718276978
48630,4764,0.7229472398757935
48640,4765,1.557195782661438
48650,4766,2.163268566131592
48660,4767,0.36367955803871155
48670,4768,1.1447538137435913
48680,4769,0.8946436643600464
48690,4770,1.5384702682495117
48700,4771,1.5809080600738525
48710,4772,0.6554266810417175
48720,4773,0.9241024255752563
48730,4774,1.813281536102295
48740,4775,1.1614792346954346
48750,4776,0.9611677527427673
48760,4777,0.985353410243988
48770,4778,0.3106037378311157
48780,4779,0.5960304141044617
48790,4780,1.04062819480896
48800,4781,0.6667073369026184
48810,4782,0.7387417554855347
48820,4783,1.5229673385620117
48830,4784,0.44250959157943726
48840,4785,0.8265234231948853
48850,4786,1.4156875610351562
48860,4787,1.4055888652801514
48870,4788,0.8468489050865173
48880,4789,4.414764881134033
48890,4790,0.5862798690795898
48900,4791,0.5929959416389465
48910,4792,0.8902002573013306
48920,4793,0.600745439529419
48930,4794,1.0881292819976807
48940,4795,1.6563395261764526
48950,4796,3.155656576156616
48960,4797,0.5341396927833557
48970,4798,3.5534369945526123
48980,4799,0.3008096218109131
48990,4800,2.7322208881378174
49000,4801,1.2545539140701294
49010,4802,2.3418142795562744
49020,4803,2.8555688858032227
49030,4804,1.4381906986236572
49040,4805,1.0571898221969604
49050,4806,0.941422164440155
49060,4807,0.9351363778114319
49070,4808,0.8227202892303467
49080,4809,3.6552486419677734
49090,4810,0.6305807828903198
49100,4811,1.13848078250885
49110,4812,1.0470829010009766
49120,4813,0.5282447934150696
49130,4814,0.8299691081047058
49140,4815,1.9109344482421875
49150,4816,1.276381492614746
49160,4817,1.9961656332015991
49170,4818,0.8485678434371948
49180,4819,0.7504827380180359
49190,4820,1.358976125717163
49200,4821,2.6293628215789795
49210,4822,0.5278381109237671
49220,4823,5.027709484100342
49230,4824,3.9971463680267334
49240,4825,0.6967520117759705
49250,4826,1.208653450012207
49260,4827,1.749592661857605
49270,4828,3.984485626220703
49280,4829,1.595062017440796
49290,4830,0.8444271683692932
49300,4831,2.7735373973846436
49310,4832,0.7215594053268433
49320,4833,1.9124505519866943
49330,4834,0.7050575613975525
49340,4835,3.373495101928711
49350,4836,0.47627168893814087
49360,4837,0.5709985494613647
49370,4838,1.5537464618682861
49380,4839,0.5478249192237854
49390,4840,0.7581668496131897
49400,4841,0.6617000102996826
49410,4842,0.874163031578064
49420,4843,0.42458006739616394
49430,4844,0.5851927995681763
49440,4845,1.7194710969924927
49450,4846,0.7215389013290405
49460,4847,0.8213517665863037
49470,4848,3.867403507232666
49480,4849,1.324215292930603
49490,4850,0.8169117569923401
49500,4851,1.038234829902649
49510,4852,0.7677474617958069
49520,4853,1.5667414665222168
49530,4854,1.1891779899597168
49540,4855,1.0643725395202637
49550,4856,0.47726765275001526
49560,4857,0.6630260944366455
49570,4858,4.194665908813477
49580,4859,0.49169573187828064
49590,4860,1.1419742107391357
49600,4861,0.5977160334587097
49610,4862,1.3670259714126587
49620,4863,1.1240626573562622
49630,4864,0.921697735786438
49640,4865,1.6306707859039307
49650,4866,0.6863324642181396
49660,4867,1.0147594213485718
49670,4868,3.1000399589538574
49680,4869,0.48276087641716003
49690,4870,0.9085656404495239
49700,4871,2.157048225402832
49710,4872,0.9551097750663757
49720,4873,0.5336437821388245
49730,4874,0.5966426134109497
49740,4875,2.6231839656829834
49750,4876,0.7667907476425171
49760,4877,0.5820012092590332
49770,4878,2.235558032989502
49780,4879,0.8436149954795837
49790,4880,0.8650397062301636
49800,4881,0.6908488869667053
49810,4882,0.7286882996559143
49820,4883,0.8814376592636108
49830,4884,0.8511626720428467
49840,4885,0.6771585941314697
49850,4886,0.9503649473190308
49860,4887,4.321406364440918
49870,4888,0.4562651515007019
49880,4889,1.3540316820144653
49890,4890,2.431810140609741
49900,4891,0.43400871753692627
49910,4892,1.1678211688995361
49920,4893,0.7129490375518799
49930,4894,1.419844627380371
49940,4895,0.6116538047790527
49950,4896,0.32565268874168396
49960,4897,0.6315455436706543
49970,4898,0.6623364686965942
49980,4899,0.7082818746566772
49990,4900,0.8068352341651917
50000,4901,0.6215661764144897
50010,4902,2.785909652709961
50020,4903,1.2373132705688477
50030,4904,1.3499794006347656
50040,4905,0.702088475227356
50050,4906,0.7662822604179382
50060,4907,2.297079086303711
50070,4908,4.238132953643799
50080,4909,0.45587214827537537
50090,4910,1.1975589990615845
50100,4911,3.376178026199341
50110,4912,0.688002347946167
50120,4913,1.6807851791381836
50130,4914,0.8659031391143799
50140,4915,1.7420289516448975
50150,4916,1.3332099914550781
50160,4917,1.4068769216537476
50170,4918,1.662881851196289
50180,4919,1.1631724834442139
50190,4920,1.9455676078796387
50200,4921,1.2695945501327515
50210,4922,1.167725920677185
50220,4923,4.343542098999023
50230,4924,0.7734410166740417
50240,4925,0.3875066041946411
50250,4926,0.9192243218421936
50260,4927,1.2007546424865723
50270,4928,0.6209311485290527
50280,4929,2.9741992950439453
50290,4930,1.0685170888900757
50300,4931,0.7257545590400696
50310,4932,1.0767251253128052
50320,4933,3.538259267807007
50330,4934,1.2886525392532349
50340,4935,2.216700792312622
50350,4936,1.6113817691802979
50360,4937,4.837316989898682
50370,4938,1.0500432252883911
50380,4939,0.997549295425415
50390,4940,1.2453086376190186
50400,4941,1.145453929901123
50410,4942,1.1592856645584106
50420,4943,0.7229891419410706
50430,4944,0.4227428436279297
50440,4945,0.6648111939430237
50450,4946,2.573840379714966
50460,4947,1.3040425777435303
50470,4948,0.7269148826599121
50480,4949,0.6735241413116455
50490,4950,0.8819271922111511
50500,4951,0.6174845099449158
50510,4952,0.6511988639831543
50520,4953,1.3114557266235352
50530,4954,2.6718342304229736
50540,4955,1.2113105058670044
50550,4956,0.6624675989151001
50560,4957,1.3400593996047974
50570,4958,0.4397132694721222
50580,4959,0.614419162273407
50590,4960,1.02410089969635
50600,4961,1.1471291780471802
50610,4962,0.4527342617511749
50620,4963,3.139451026916504
50630,4964,0.7278357744216919
50640,4965,0.607515811920166
50650,4966,0.6703169941902161
50660,4967,0.7166305184364319
50670,4968,0.7175965309143066
50680,4969,0.7923777103424072
50690,4970,0.6813386082649231
50700,4971,3.793464183807373
50710,4972,3.4956419467926025
50720,4973,0.2653502821922302
50730,4974,0.4981932044029236
50740,4975,0.7166401743888855
50750,4976,3.304140329360962
50760,4977,5.291961669921875
50770,4978,0.9899563789367676
50780,4979,1.8489149808883667
50790,4980,2.3935868740081787
50800,4981,1.7297017574310303
50810,4982,1.3865997791290283
50820,4983,0.3946484327316284
50830,4984,0.8586150407791138
50840,4985,1.3136906623840332
50850,4986,3.657576560974121
50860,4987,1.4365198612213135
50870,4988,0.6961779594421387
50880,4989,1.0096931457519531
50890,4990,0.6547942757606506
50900,4991,0.43142566084861755
50910,4992,2.3067471981048584
50920,4993,1.0930132865905762
50930,4994,3.3846020698547363
50940,4995,0.8012223243713379
50950,4996,1.0331313610076904
50960,4997,0.8082603812217712
50970,4998,1.014460802078247
50980,4999,0.6094008684158325
50990,5000,1.1218109130859375
51000,5001,1.0175585746765137
51010,5002,0.924801766872406
51020,5003,0.9854581356048584
51030,5004,1.5025495290756226
51040,5005,0.5608097314834595
51050,5006,0.7596908211708069
51060,5007,0.5678659081459045
51070,5008,1.3150410652160645
51080,5009,1.1353427171707153
51090,5010,0.6862930059432983
51100,5011,0.636950671672821
51110,5012,1.4365818500518799
51120,5013,1.515227198600769
51130,5014,1.9614864587783813
51140,5015,1.3634264469146729
51150,5016,0.5794903635978699
51160,5017,1.6218352317810059
51170,5018,1.0659478902816772
51180,5019,0.5995069146156311
51190,5020,1.0018852949142456
51200,5021,1.3191529512405396
51210,5022,0.782913863658905
51220,5023,0.8586986064910889
51230,5024,0.6173647046089172
51240,5025,2.4108524322509766
51250,5026,0.7164770364761353
51260,5027,1.9599940776824951
51270,5028,5.020008087158203
51280,5029,4.070858955383301
51290,5030,0.546577513217926
51300,5031,1.431536078453064
51310,5032,1.5464260578155518
51320,5033,1.1402413845062256
51330,5034,2.985121011734009
51340,5035,0.71757972240448
51350,5036,1.6160892248153687
51360,5037,1.6870932579040527
51370,5038,1.0636612176895142
51380,5039,0.6573427319526672
51390,5040,1.0513633489608765
51400,5041,1.113403558731079
51410,5042,0.7708271145820618
51420,5043,0.45651736855506897
51430,5044,0.6865829825401306
51440,5045,0.6301544308662415
51450,5046,0.9750555753707886
51460,5047,0.779792308807373
51470,5048,4.602748870849609
51480,5049,0.6558084487915039
51490,5050,0.6341683268547058
51500,5051,0.7675835490226746
51510,5052,1.2802386283874512
51520,5053,0.7717297077178955
51530,5054,2.7637476921081543
51540,5055,0.7257339358329773
51550,5056,1.0696829557418823
51560,5057,0.6248186826705933
51570,5058,1.9264787435531616
51580,5059,1.0470860004425049
51590,5060,0.8781558275222778
51600,5061,1.2074099779129028
51610,5062,1.162876844406128
51620,5063,0.6595116257667542
51630,5064,0.48161137104034424
51640,5065,0.3576464354991913
51650,5066,0.9784765243530273
51660,5067,1.400368571281433
51670,5068,1.982848882675171
51680,5069,2.7946157455444336
51690,5070,0.6913307905197144
51700,5071,0.3889788091182709
51710,5072,0.59852135181427
51720,5073,0.653998076915741
51730,5074,1.9658559560775757
51740,5075,0.7510684132575989
51750,5076,2.211134433746338
51760,5077,2.49953556060791
51770,5078,2.334198236465454
51780,5079,1.028210163116455
51790,5080,0.8756833076477051
51800,5081,0.8424464464187622
51810,5082,0.3168315291404724
51820,5083,1.165919542312622
51830,5084,0.9902046918869019
51840,5085,0.5385664105415344
51850,5086,3.6225390434265137
51860,5087,0.8978703618049622
51870,5088,0.425540953874588
51880,5089,0.2685804069042206
51890,5090,3.0483040809631348
51900,5091,1.6822595596313477
51910,5092,0.6102628111839294
51920,5093,0.48033174872398376
51930,5094,2.6166253089904785
51940,5095,0.9341867566108704
51950,5096,1.467307209968567
51960,5097,1.3020527362823486
51970,5098,2.330388307571411
51980,5099,1.1859797239303589
51990,5100,1.1516562700271606
52000,5101,1.5157160758972168
52010,5102,3.8421268463134766
52020,5103,6.120212078094482
52030,5104,1.4260648488998413
52040,5105,3.0915989875793457
52050,5106,1.203648567199707
52060,5107,0.7821874618530273
52070,5108,0.925068199634552
52080,5109,2.191310167312622
52090,5110,0.31097903847694397
52100,5111,2.745529890060425
52110,5112,2.6558144092559814
52120,5113,0.6733200550079346
52130,5114,0.844092845916748
52140,5115,1.2517160177230835
52150,5116,0.8398294448852539
52160,5117,0.9410372376441956
52170,5118,1.069513201713562
52180,5119,7.091465950012207
52190,5120,0.9544263482093811
52200,5121,1.8139816522598267
52210,5122,1.4914780855178833
52220,5123,1.7918643951416016
52230,5124,0.46583235263824463
52240,5125,1.4260621070861816
52250,5126,0.9441807866096497
52260,5127,0.583315908908844
52270,5128,0.6359073519706726
52280,5129,1.7818694114685059
52290,5130,1.7293528318405151
52300,5131,4.329221725463867
52310,5132,1.1871322393417358
52320,5133,0.6527820229530334
52330,5134,0.8293141722679138
52340,5135,0.8985425233840942
52350,5136,0.7729548215866089
52360,5137,0.7732350826263428
52370,5138,0.896573543548584
52380,5139,0.9942187666893005
52390,5140,3.687314987182617
52400,5141,0.919289231300354
52410,5142,0.4818307161331177
52420,5143,1.6810282468795776
52430,5144,1.1268138885498047
52440,5145,1.6234517097473145
52450,5146,1.1881346702575684
52460,5147,0.517751157283783
52470,5148,0.7933826446533203
52480,5149,1.5514578819274902
52490,5150,0.5523830652236938
52500,5151,1.265365719795227
52510,5152,1.4549137353897095
52520,5153,1.2057125568389893
52530,5154,0.5156592130661011
52540,5155,0.7802773118019104
52550,5156,0.4444858133792877
52560,5157,0.5340522527694702
52570,5158,1.169033169746399
52580,5159,1.118513822555542
52590,5160,0.6547789573669434
52600,5161,0.8352700471878052
52610,5162,0.9041281342506409
52620,5163,4.108895778656006
52630,5164,0.8202978372573853
52640,5165,0.8393409252166748
52650,5166,0.763922393321991
52660,5167,0.5333166718482971
52670,5168,0.9132012724876404
52680,5169,0.829399049282074
52690,5170,0.7777484655380249
52700,5171,1.0969394445419312
52710,5172,1.2022796869277954
52720,5173,0.4272598326206207
52730,5174,0.523748517036438
52740,5175,1.4488884210586548
52750,5176,1.208282709121704
52760,5177,0.9637031555175781
52770,5178,1.4396162033081055
52780,5179,1.2650105953216553
52790,5180,0.7992571592330933
52800,5181,1.272258996963501
52810,5182,0.687592625617981
52820,5183,0.968964695930481
52830,5184,1.4455127716064453
52840,5185,1.0200445652008057
52850,5186,2.0910918712615967
52860,5187,0.5686126351356506
52870,5188,0.5482290387153625
52880,5189,1.464855670928955
52890,5190,0.594332218170166
52900,5191,3.7921431064605713
52910,5192,1.4712637662887573
52920,5193,1.1207393407821655
52930,5194,0.4153537452220917
52940,5195,0.41270682215690613
52950,5196,0.9789900779724121
52960,5197,0.6552597284317017
52970,5198,1.0748642683029175
52980,5199,1.4087347984313965
52990,5200,2.5077433586120605
53000,5201,0.7282907962799072
53010,5202,3.4361307621002197
53020,5203,1.7479500770568848
53030,5204,0.7346100807189941
53040,5205,0.4807826578617096
53050,5206,0.7984188199043274
53060,5207,1.0248104333877563
53070,5208,0.5738289952278137
53080,5209,1.130441665649414
53090,5210,0.8456447720527649
53100,5211,1.0739885568618774
53110,5212,1.010786533355713
53120,5213,1.0883779525756836
53130,5214,0.6186316013336182
53140,5215,0.6778980493545532
53150,5216,0.5442337393760681
53160,5217,0.912893533706665
53170,5218,0.8830873966217041
53180,5219,1.003740668296814
53190,5220,0.7142733335494995
53200,5221,0.8411459922790527
53210,5222,1.1589664220809937
53220,5223,0.4950609505176544
53230,5224,1.1768951416015625
53240,5225,0.8870930671691895
53250,5226,1.2416225671768188
53260,5227,1.2319014072418213
53270,5228,1.5157444477081299
53280,5229,0.8619416952133179
53290,5230,0.7564850449562073
53300,5231,0.670056939125061
53310,5232,0.5036035776138306
53320,5233,0.6779600381851196
53330,5234,0.584234893321991
53340,5235,0.5587106943130493
53350,5236,1.5342588424682617
53360,5237,0.9792661666870117
53370,5238,1.0992953777313232
53380,5239,0.33567482233047485
53390,5240,1.0620068311691284
53400,5241,0.996211051940918
53410,5242,1.0575213432312012
53420,5243,1.6799784898757935
53430,5244,0.7475700378417969
53440,5245,1.1704051494598389
53450,5246,0.29258331656455994
53460,5247,1.7611656188964844
53470,5248,0.3191416561603546
53480,5249,0.7513522505760193
53490,5250,0.9785778522491455
53500,5251,2.8160436153411865
53510,5252,3.814760684967041
53520,5253,0.7131067514419556
53530,5254,0.2898523807525635
53540,5255,0.8675844669342041
53550,5256,0.5038491487503052
53560,5257,0.7982073426246643
53570,5258,1.045212984085083
53580,5259,0.5399015545845032
53590,5260,0.49050965905189514
53600,5261,4.3024373054504395
53610,5262,0.47524845600128174
53620,5263,0.5671790838241577
53630,5264,1.5161173343658447
53640,5265,0.854546308517456
53650,5266,2.26608943939209
53660,5267,0.6614372134208679
53670,5268,0.38571569323539734
53680,5269,1.5809333324432373
53690,5270,0.4616679847240448
53700,5271,0.5525109767913818
53710,5272,0.9571062922477722
53720,5273,0.951002299785614
53730,5274,1.853247046470642
53740,5275,0.8841118812561035
53750,5276,1.5607926845550537
53760,5277,1.3248711824417114
53770,5278,1.3278772830963135
53780,5279,0.5772667527198792
53790,5280,0.45444944500923157
53800,5281,0.8029807209968567
53810,5282,0.9163253307342529
53820,5283,0.7005518674850464
53830,5284,0.7125610113143921
53840,5285,1.2803630828857422
53850,5286,0.8061052560806274
53860,5287,0.5193870663642883
53870,5288,0.7744215726852417
53880,5289,0.4148865342140198
53890,5290,1.233894944190979
53900,5291,0.713836669921875
53910,5292,0.7886675596237183
53920,5293,0.5821119546890259
53930,5294,1.1652965545654297
53940,5295,0.8833823204040527
53950,5296,3.9464333057403564
53960,5297,1.1377055644989014
53970,5298,0.4872441291809082
53980,5299,0.513220489025116
53990,5300,0.8108894228935242
54000,5301,1.0400290489196777
54010,5302,0.8069868087768555
54020,5303,0.9300884008407593
54030,5304,1.4636414051055908
54040,5305,1.1985856294631958
54050,5306,1.8191683292388916
54060,5307,1.282822608947754
54070,5308,0.5791580677032471
54080,5309,0.9156179428100586
54090,5310,1.1004438400268555
54100,5311,0.6214474439620972
54110,5312,0.8641402721405029
54120,5313,1.0137953758239746
54130,5314,1.2008129358291626
54140,5315,2.6565909385681152
54150,5316,5.878661155700684
54160,5317,1.5415840148925781
54170,5318,1.3648699522018433
54180,5319,0.8978855013847351
54190,5320,1.2056677341461182
54200,5321,1.4642205238342285
54210,5322,0.6613565683364868
54220,5323,0.5094658136367798
54230,5324,1.860030174255371
54240,5325,0.9094902276992798
54250,5326,0.5859142541885376
54260,5327,0.8741241693496704
54270,5328,1.6599684953689575
54280,5329,1.1330201625823975
54290,5330,0.7570328116416931
54300,5331,1.1755092144012451
54310,5332,0.49609896540641785
54320,5333,0.5175366401672363
54330,5334,0.9513498544692993
54340,5335,2.090528726577759
54350,5336,1.5016486644744873
54360,5337,0.7040119767189026
54370,5338,1.5224558115005493
54380,5339,0.8676405549049377
54390,5340,1.0921388864517212
54400,5341,1.424389362335205
54410,5342,0.5687268376350403
54420,5343,0.6996691823005676
54430,5344,1.1845927238464355
54440,5345,1.3776041269302368
54450,5346,4.458822727203369
54460,5347,0.5129170417785645
54470,5348,0.589090883731842
54480,5349,0.8940357565879822
54490,5350,2.260946750640869
54500,5351,0.5171687006950378
54510,5352,5.529314994812012
54520,5353,1.097048282623291
54530,5354,0.9326185584068298
54540,5355,0.7413069605827332
54550,5356,1.072200894355774
54560,5357,1.1180336475372314
54570,5358,0.4520508050918579
54580,5359,2.9739465713500977
54590,5360,3.217808723449707
54600,5361,1.023969054222107
54610,5362,0.48411720991134644
54620,5363,0.31212329864501953
54630,5364,0.6982282400131226
54640,5365,1.1542961597442627
54650,5366,0.8110380172729492
54660,5367,1.7552878856658936
54670,5368,0.9782829880714417
54680,5369,1.1248879432678223
54690,5370,0.9836381673812866
54700,5371,0.9215695858001709
54710,5372,1.332440733909607
54720,5373,0.6645170450210571
54730,5374,0.727527916431427
54740,5375,0.8045677542686462
54750,5376,0.7853831648826599
54760,5377,0.4428149163722992
54770,5378,0.825190007686615
54780,5379,1.2267827987670898
54790,5380,0.95737624168396
54800,5381,1.0305193662643433
54810,5382,2.4721436500549316
54820,5383,2.2167816162109375
54830,5384,1.2780362367630005
54840,5385,2.1698670387268066
54850,5386,1.076850414276123
54860,5387,0.9080616235733032
54870,5388,1.5868319272994995
54880,5389,0.9629663825035095
54890,5390,0.8851914405822754
54900,5391,2.0765676498413086
54910,5392,0.4259793162345886
54920,5393,0.4581809639930725
54930,5394,0.643940269947052
54940,5395,0.8662376403808594
54950,5396,1.423963189125061
54960,5397,1.0131943225860596
54970,5398,0.7059795260429382
54980,5399,0.6066641807556152
54990,5400,4.278598785400391
55000,5401,1.0106523036956787
55010,5402,0.7243101596832275
55020,5403,1.1334824562072754
55030,5404,3.9838972091674805
55040,5405,0.6856201887130737
55050,5406,0.8792474865913391
55060,5407,1.174357533454895
55070,5408,1.4931212663650513
55080,5409,1.0230381488800049
55090,5410,3.626173734664917
55100,5411,1.1140216588974
55110,5412,0.27642154693603516
55120,5413,1.219227910041809
55130,5414,1.0016937255859375
55140,5415,1.7839164733886719
55150,5416,0.3444807827472687
55160,5417,1.1893689632415771
55170,5418,0.9266010522842407
55180,5419,1.7873808145523071
55190,5420,0.8013296723365784
55200,5421,2.3240208625793457
55210,5422,2.50585675239563
55220,5423,1.334965467453003
55230,5424,1.3578358888626099
55240,5425,0.6214673519134521
55250,5426,3.0163371562957764
55260,5427,2.050828456878662
55270,5428,1.3192559480667114
55280,5429,0.8774657845497131
55290,5430,1.3152474164962769
55300,5431,0.644204318523407
55310,5432,1.361614465713501
55320,5433,0.9222075939178467
55330,5434,1.3732272386550903
55340,5435,0.8375644087791443
55350,5436,1.455945372581482
55360,5437,2.90637469291687
55370,5438,2.848145008087158
55380,5439,0.9193758964538574
55390,5440,1.0067476034164429
55400,5441,0.3224921226501465
55410,5442,0.8229443430900574
55420,5443,1.4553643465042114
55430,5444,1.0910735130310059
55440,5445,1.0082473754882812
55450,5446,0.6174780130386353
55460,5447,0.3284568786621094
55470,5448,1.7898685932159424
55480,5449,0.9051769971847534
55490,5450,0.9001232385635376
55500,5451,0.43282753229141235
55510,5452,0.4324021339416504
55520,5453,1.7216988801956177
55530,5454,1.9452184438705444
55540,5455,2.5561039447784424
55550,5456,4.117292881011963
55560,5457,1.2795708179473877
55570,5458,1.7868095636367798
55580,5459,1.1003886461257935
55590,5460,1.2991969585418701
55600,5461,1.1554361581802368
55610,5462,1.1041374206542969
55620,5463,1.5288019180297852
55630,5464,1.2843084335327148
55640,5465,1.2858513593673706
55650,5466,0.4252113997936249
55660,5467,5.448387145996094
55670,5468,2.6256191730499268
55680,5469,1.3563381433486938
55690,5470,3.816568374633789
55700,5471,0.9601527452468872
55710,5472,0.922556459903717
55720,5473,0.5805549621582031
55730,5474,1.3319969177246094
55740,5475,1.5534926652908325
55750,5476,1.4917054176330566
55760,5477,0.7045435905456543
55770,5478,1.081650972366333
55780,5479,2.7731919288635254
55790,5480,0.5680070519447327
55800,5481,0.8964948654174805
55810,5482,1.0887786149978638
55820,5483,0.7576041221618652
55830,5484,3.054625988006592
55840,5485,0.9029091000556946
55850,5486,0.7786232233047485
55860,5487,1.6256203651428223
55870,5488,0.8914830684661865
55880,5489,0.6327168941497803
55890,5490,1.0995184183120728
55900,5491,0.5475913286209106
55910,5492,0.7322948575019836
55920,5493,0.5051764845848083
55930,5494,3.5330352783203125
55940,5495,0.8309836387634277
55950,5496,0.56751948595047
55960,5497,0.5150184631347656
55970,5498,1.1140151023864746
55980,5499,0.8196406364440918
55990,5500,0.6093460917472839
56000,5501,1.4037177562713623
56010,5502,0.6034524440765381
56020,5503,0.6988925337791443
56030,5504,0.9489896893501282
56040,5505,1.2206852436065674
56050,5506,1.9471523761749268
56060,5507,0.9724312424659729
56070,5508,1.0928062200546265
56080,5509,1.055698037147522
56090,5510,1.3386869430541992
56100,5511,1.0862767696380615
56110,5512,1.4970811605453491
56120,5513,0.49033260345458984
56130,5514,1.0823982954025269
56140,5515,1.0544099807739258
56150,5516,0.9296485781669617
56160,5517,1.7836881875991821
56170,5518,0.7786540389060974
56180,5519,1.2641178369522095
56190,5520,2.9051942825317383
56200,5521,0.7121285200119019
56210,5522,1.5748326778411865
56220,5523,5.51370906829834
56230,5524,0.7101485729217529
56240,5525,0.7870979309082031
56250,5526,1.128589153289795
56260,5527,0.7775192260742188
56270,5528,0.5013445019721985
56280,5529,1.6850039958953857
56290,5530,1.1287111043930054
56300,5531,0.4698905944824219
56310,5532,0.6571894884109497
56320,5533,4.186823844909668
56330,5534,0.6766315698623657
56340,5535,1.7717785835266113
56350,5536,1.176491379737854
56360,5537,0.5691356658935547
56370,5538,1.3517577648162842
56380,5539,0.6413763761520386
56390,5540,0.6161246299743652
56400,5541,1.3413069248199463
56410,5542,1.0681406259536743
56420,5543,1.9805985689163208
56430,5544,0.8829154372215271
56440,5545,1.6545360088348389
56450,5546,1.4802523851394653
56460,5547,4.514965057373047
56470,5548,0.7292757630348206
56480,5549,5.989627838134766
56490,5550,0.6032092571258545
56500,5551,1.1454716920852661
56510,5552,0.8341504335403442
56520,5553,2.308488368988037
56530,5554,1.0002965927124023
56540,5555,0.31179630756378174
56550,5556,1.2276227474212646
56560,5557,0.6629310250282288
56570,5558,2.819613456726074
56580,5559,1.0243744850158691
56590,5560,0.3474501371383667
56600,5561,0.6425269842147827
56610,5562,1.2160968780517578
56620,5563,0.8895055651664734
56630,5564,0.7669408917427063
56640,5565,1.0249172449111938
56650,5566,0.5934695601463318
56660,5567,1.4230867624282837
56670,5568,0.47050684690475464
56680,5569,1.6835365295410156
56690,5570,0.48148229718208313
56700,5571,1.3558108806610107
56710,5572,1.0029658079147339
56720,5573,1.6683341264724731
56730,5574,1.1454780101776123
56740,5575,0.6798014044761658
56750,5576,1.0763202905654907
56760,5577,1.2170754671096802
56770,5578,1.600736141204834
56780,5579,0.6480488777160645
56790,5580,0.9459505677223206
56800,5581,1.3143407106399536
56810,5582,0.24717026948928833
56820,5583,2.278184413909912
56830,5584,0.8193061351776123
56840,5585,0.8072961568832397
56850,5586,0.7597700953483582
56860,5587,1.1084054708480835
56870,5588,0.6125379800796509
56880,5589,1.013314962387085
56890,5590,1.2270889282226562
56900,5591,0.5197112560272217
56910,5592,0.8217688202857971
56920,5593,0.8016811013221741
56930,5594,0.7912090420722961
56940,5595,0.47898995876312256
56950,5596,0.8911560773849487
56960,5597,0.6265823245048523
56970,5598,1.1587430238723755
56980,5599,0.39442458748817444
56990,5600,1.1906654834747314
57000,5601,0.639703094959259
57010,5602,0.9944202899932861
57020,5603,3.1216678619384766
57030,5604,0.7271735072135925
57040,5605,0.5642604231834412
57050,5606,3.0977277755737305
57060,5607,1.5864821672439575
57070,5608,0.8091446757316589
57080,5609,0.6593694090843201
57090,5610,0.6959519386291504
57100,5611,0.8807864189147949
57110,5612,0.5425659418106079
57120,5613,0.7658336162567139
57130,5614,0.8502085208892822
57140,5615,3.5205435752868652
57150,5616,0.6464053988456726
57160,5617,0.5242541432380676
57170,5618,1.8432937860488892
57180,5619,2.827735185623169
57190,5620,0.6417096257209778
57200,5621,0.4301656186580658
57210,5622,1.076467752456665
57220,5623,0.6487652063369751
57230,5624,1.0357354879379272
57240,5625,0.6052204370498657
57250,5626,1.2313791513442993
57260,5627,1.1325434446334839
57270,5628,0.5260201096534729
57280,5629,0.7797712683677673
57290,5630,0.3977900743484497
57300,5631,1.1372965574264526
57310,5632,0.5310056209564209
57320,5633,1.672910451889038
57330,5634,1.095108151435852
57340,5635,1.529162049293518
57350,5636,1.3158464431762695
57360,5637,0.5087171196937561
57370,5638,2.0474891662597656
57380,5639,1.0430365800857544
57390,5640,0.7563191652297974
57400,5641,1.0245537757873535
57410,5642,2.521782636642456
57420,5643,0.9482408165931702
57430,5644,0.7588394284248352
57440,5645,1.146243691444397
57450,5646,0.7874200940132141
57460,5647,0.650510311126709
57470,5648,0.8877428770065308
57480,5649,0.5986844301223755
57490,5650,4.151326656341553
57500,5651,1.6473654508590698
57510,5652,1.9258368015289307
57520,5653,0.9228686094284058
57530,5654,1.098738193511963
57540,5655,0.7702827453613281
57550,5656,0.8240698575973511
57560,5657,0.8435434103012085
57570,5658,1.1299139261245728
57580,5659,3.4609038829803467
57590,5660,4.307373046875
57600,5661,0.1988782435655594
57610,5662,1.4816489219665527
57620,5663,2.2106940746307373
57630,5664,0.8942725658416748
57640,5665,1.6382718086242676
57650,5666,1.1989532709121704
57660,5667,0.3857153356075287
57670,5668,0.6914669275283813
57680,5669,1.1864705085754395
57690,5670,0.7461068630218506
57700,5671,0.3261779546737671
57710,5672,0.9017794132232666
57720,5673,1.1601202487945557
57730,5674,3.3636980056762695
57740,5675,0.6418089866638184
57750,5676,0.5365990996360779
57760,5677,2.484668254852295
57770,5678,0.46686217188835144
57780,5679,2.9429073333740234
57790,5680,0.8942300081253052
57800,5681,2.8772132396698
57810,5682,0.979491114616394
57820,5683,1.364105463027954
57830,5684,0.6172143220901489
57840,5685,1.6559170484542847
57850,5686,0.7970969676971436
57860,5687,0.21380990743637085
57870,5688,0.7742292881011963
57880,5689,1.9862693548202515
57890,5690,1.0978585481643677
57900,5691,0.4567113518714905
57910,5692,0.88843834400177
57920,5693,0.7219302654266357
57930,5694,0.6773796081542969
57940,5695,1.2117491960525513
57950,5696,0.8347155451774597
57960,5697,6.358861923217773
57970,5698,0.8213931322097778
57980,5699,0.6999307870864868
57990,5700,0.9253146648406982
58000,5701,1.548364520072937
58010,5702,0.8249548673629761
58020,5703,0.7425605058670044
58030,5704,0.7188326716423035
58040,5705,2.1692001819610596
58050,5706,4.2033843994140625
58060,5707,1.2241843938827515
58070,5708,1.5596944093704224
58080,5709,0.6018996834754944
58090,5710,0.8604442477226257
58100,5711,4.2454938888549805
58110,5712,0.7246484756469727
58120,5713,3.8960189819335938
58130,5714,1.4102885723114014
58140,5715,0.4928255081176758
58150,5716,1.0289989709854126
58160,5717,2.036787509918213
58170,5718,1.7925868034362793
58180,5719,4.025318145751953
58190,5720,3.853403091430664
58200,5721,2.3064260482788086
58210,5722,0.813484787940979
58220,5723,1.4461332559585571
58230,5724,1.475631833076477
58240,5725,0.9974801540374756
58250,5726,0.6391974687576294
58260,5727,3.0324783325195312
58270,5728,1.4832098484039307
58280,5729,1.7718768119812012
58290,5730,0.7618728876113892
58300,5731,0.7589401006698608
58310,5732,1.3447867631912231
58320,5733,1.1068313121795654
58330,5734,0.9179896116256714
58340,5735,0.7799515128135681
58350,5736,1.752793312072754
58360,5737,1.023511290550232
58370,5738,0.6315698027610779
58380,5739,1.8346030712127686
58390,5740,0.7353106141090393
58400,5741,1.2671890258789062
58410,5742,0.6059253215789795
58420,5743,1.8011614084243774
58430,5744,0.9738231897354126
58440,5745,1.1112573146820068
58450,5746,1.4762587547302246
58460,5747,0.5045086741447449
58470,5748,0.4847702383995056
58480,5749,1.3073925971984863
58490,5750,0.7033274173736572
58500,5751,1.1401565074920654
58510,5752,0.7717023491859436
58520,5753,0.5562468767166138
58530,5754,0.992164134979248
58540,5755,1.0557546615600586
58550,5756,0.8506133556365967
58560,5757,0.46617892384529114
58570,5758,0.8773176670074463
58580,5759,1.05048668384552
58590,5760,1.7455960512161255
58600,5761,1.0073153972625732
58610,5762,4.176936626434326
58620,5763,0.7373000383377075
58630,5764,0.7977341413497925
58640,5765,1.8419181108474731
58650,5766,1.3192354440689087
58660,5767,1.3710674047470093
58670,5768,0.5774992108345032
58680,5769,0.9377158284187317
58690,5770,2.7976272106170654
58700,5771,0.6565338969230652
58710,5772,0.8186541795730591
58720,5773,1.5070648193359375
58730,5774,0.8965997695922852
58740,5775,1.1198705434799194
58750,5776,0.7393614649772644
58760,5777,0.5808171629905701
58770,5778,0.7888011336326599
58780,5779,0.8985599875450134
58790,5780,1.1735718250274658
58800,5781,0.8372164964675903
58810,5782,1.5258768796920776
58820,5783,1.6214348077774048
58830,5784,1.352165699005127
58840,5785,1.0482852458953857
58850,5786,1.164475917816162
58860,5787,0.8792595267295837
58870,5788,6.399434566497803
58880,5789,0.6069861054420471
58890,5790,0.41886812448501587
58900,5791,0.6683423519134521
58910,5792,1.179952621459961
58920,5793,0.6269546747207642
58930,5794,1.383117437362671
58940,5795,0.9154866933822632
58950,5796,0.992766797542572
58960,5797,1.5427263975143433
58970,5798,2.065310478210449
58980,5799,0.9670259952545166
58990,5800,0.9589430689811707
59000,5801,1.6347984075546265
59010,5802,3.951052665710449
59020,5803,0.6001741886138916
59030,5804,1.126865267753601
59040,5805,1.0864815711975098
59050,5806,3.7567214965820312
59060,5807,0.6258825659751892
59070,5808,0.5693299770355225
59080,5809,1.2693642377853394
59090,5810,1.2244805097579956
59100,5811,0.9956485033035278
59110,5812,0.4902696907520294
59120,5813,2.166703939437866
59130,5814,2.060495615005493
59140,5815,1.7827556133270264
59150,5816,2.0402231216430664
59160,5817,1.2535558938980103
59170,5818,1.346712350845337
59180,5819,0.4106249213218689
59190,5820,0.8665827512741089
59200,5821,5.531217098236084
59210,5822,0.8119215369224548
59220,5823,0.9491413831710815
59230,5824,1.8392727375030518
59240,5825,0.9075832366943359
59250,5826,0.7496376037597656
59260,5827,0.43407630920410156
59270,5828,0.47397154569625854
59280,5829,0.9945445656776428
59290,5830,0.7519738674163818
59300,5831,0.48755958676338196
59310,5832,0.5430241823196411
59320,5833,0.6194642186164856
59330,5834,0.7665743827819824
59340,5835,0.7039845585823059
59350,5836,0.7293915152549744
59360,5837,0.6476196646690369
59370,5838,2.0881288051605225
59380,5839,1.1303472518920898
59390,5840,1.3891632556915283
59400,5841,1.5799063444137573
59410,5842,0.8345689177513123
59420,5843,1.0655397176742554
59430,5844,0.6762617826461792
59440,5845,0.6895767450332642
59450,5846,0.6786713004112244
59460,5847,0.6452603936195374
59470,5848,1.5773446559906006
59480,5849,1.1621164083480835
59490,5850,0.9242814183235168
59500,5851,0.688738226890564
59510,5852,1.122909426689148
59520,5853,0.9054723978042603
59530,5854,1.3284645080566406
59540,5855,1.103777289390564
59550,5856,0.944811224937439
59560,5857,0.5960898995399475
59570,5858,0.8665013313293457
59580,5859,0.7552991509437561
59590,5860,1.0923616886138916
59600,5861,0.7413978576660156
59610,5862,0.868070125579834
59620,5863,0.6123484969139099
59630,5864,0.8596681952476501
59640,5865,1.0861611366271973
59650,5866,1.440150499343872
59660,5867,0.9186602234840393
59670,5868,0.5207787156105042
59680,5869,0.9916160106658936
59690,5870,0.5273180603981018
59700,5871,0.8657251596450806
59710,5872,0.6409457921981812
59720,5873,0.9732633829116821
59730,5874,0.8771012425422668
59740,5875,0.8066141605377197
59750,5876,0.7909401059150696
59760,5877,0.40479716658592224
59770,5878,0.9625229835510254
59780,5879,1.6995328664779663
59790,5880,1.0455394983291626
59800,5881,0.5459719300270081
59810,5882,0.8233267068862915
59820,5883,1.5109089612960815
59830,5884,1.0732898712158203
59840,5885,0.5625755190849304
59850,5886,1.1982367038726807
59860,5887,0.6245686411857605
59870,5888,0.6580328941345215
59880,5889,0.6787839531898499
59890,5890,3.7737488746643066
59900,5891,1.1355656385421753
59910,5892,2.0423247814178467
59920,5893,1.444754958152771
59930,5894,0.9498502612113953
59940,5895,0.48803770542144775
59950,5896,0.6106602549552917
59960,5897,2.194000720977783
59970,5898,1.9521002769470215
59980,5899,0.8943060040473938
59990,5900,0.4730161130428314
60000,5901,0.7653288841247559
60010,5902,0.6806352734565735
60020,5903,0.747633159160614
60030,5904,0.48448407649993896
60040,5905,0.9975142478942871
60050,5906,0.9418457746505737
60060,5907,0.4678366780281067
60070,5908,0.915420651435852
60080,5909,1.0611224174499512
60090,5910,1.2768664360046387
60100,5911,0.49155914783477783
60110,5912,1.8300883769989014
60120,5913,1.0414867401123047
60130,5914,0.739676296710968
60140,5915,1.8410110473632812
60150,5916,1.2575603723526
60160,5917,0.589201807975769
60170,5918,1.0135548114776611
60180,5919,0.7695313096046448
60190,5920,0.47981202602386475
60200,5921,1.33389413356781
60210,5922,0.8270844221115112
60220,5923,1.1260597705841064
60230,5924,0.5783209204673767
60240,5925,2.3828909397125244
60250,5926,0.7078180313110352
60260,5927,0.8689355254173279
60270,5928,3.8267996311187744
60280,5929,1.4875102043151855
60290,5930,0.9392222166061401
60300,5931,5.913173675537109
60310,5932,2.800994396209717
60320,5933,1.4198918342590332
60330,5934,0.6581026315689087
60340,5935,0.7668551206588745
60350,5936,1.1790448427200317
60360,5937,0.8262315988540649
60370,5938,0.5357720255851746
60380,5939,2.229609966278076
60390,5940,0.9352859258651733
60400,5941,0.4634547531604767
60410,5942,0.7657342553138733
60420,5943,0.823746919631958
60430,5944,1.06098473072052
60440,5945,1.3415427207946777
60450,5946,3.285531759262085
60460,5947,0.7585932016372681
60470,5948,0.6554234027862549
60480,5949,0.8303756713867188
60490,5950,0.4938218593597412
60500,5951,0.6246824860572815
60510,5952,0.9656947255134583
60520,5953,1.381626844406128
60530,5954,0.8848230838775635
60540,5955,3.457517385482788
60550,5956,1.1320725679397583
60560,5957,0.6089245080947876
60570,5958,2.6199288368225098
60580,5959,0.8511525392532349
60590,5960,1.6769382953643799
60600,5961,1.6078486442565918
60610,5962,0.610153317451477
60620,5963,1.5956517457962036
60630,5964,0.7647008299827576
60640,5965,1.3628180027008057
60650,5966,0.8268100619316101
60660,5967,1.5312080383300781
60670,5968,1.0871310234069824
60680,5969,0.8436731696128845
60690,5970,1.6704448461532593
60700,5971,2.2028729915618896
60710,5972,1.104159951210022
60720,5973,1.5141663551330566
60730,5974,1.5071868896484375
60740,5975,1.1996742486953735
60750,5976,1.229790210723877
60760,5977,0.7014261484146118
60770,5978,3.0444953441619873
60780,5979,0.9232963919639587
60790,5980,3.45135498046875
60800,5981,1.058712124824524
60810,5982,0.6579694151878357
60820,5983,1.1564456224441528
60830,5984,1.0222216844558716
60840,5985,0.8538086414337158
60850,5986,1.8162238597869873
60860,5987,0.8581041097640991
60870,5988,7.983165740966797
60880,5989,4.8605122566223145
60890,5990,0.5697928071022034
60900,5991,3.548842191696167
60910,5992,0.6214998364448547
60920,5993,0.5810617208480835
60930,5994,0.7562128305435181
60940,5995,6.074737071990967
60950,5996,1.0975273847579956
60960,5997,0.8078081607818604
60970,5998,0.9105510115623474
60980,5999,4.022652626037598
60990,6000,6.307316780090332
61000,6001,0.728682816028595
61010,6002,1.0059795379638672
61020,6003,2.599424123764038
61030,6004,4.3703389167785645
61040,6005,0.5386578440666199
61050,6006,1.3288406133651733
61060,6007,1.2293163537979126
61070,6008,0.7555176615715027
61080,6009,0.9619569778442383
61090,6010,0.6286880970001221
61100,6011,1.2472991943359375
61110,6012,0.607743501663208
61120,6013,1.313713550567627
61130,6014,0.8754637241363525
61140,6015,1.8343557119369507
61150,6016,0.5639230012893677
61160,6017,1.087633728981018
61170,6018,0.8369321227073669
61180,6019,0.7211276292800903
61190,6020,0.8166258931159973
61200,6021,0.7103062868118286
61210,6022,1.0700596570968628
61220,6023,1.989851951599121
61230,6024,0.8027594089508057
61240,6025,1.3721741437911987
61250,6026,0.8888378143310547
61260,6027,1.1709508895874023
61270,6028,1.1656574010849
61280,6029,0.7765336632728577
61290,6030,0.7622974514961243
61300,6031,0.7172142267227173
61310,6032,1.023053526878357
61320,6033,1.0906710624694824
61330,6034,0.707310676574707
61340,6035,1.6894835233688354
61350,6036,1.2342904806137085
61360,6037,1.3895676136016846
61370,6038,1.5868827104568481
61380,6039,0.5473002195358276
61390,6040,1.050629734992981
61400,6041,0.5907020568847656
61410,6042,0.5060323476791382
61420,6043,1.9307657480239868
61430,6044,0.567286491394043
61440,6045,1.6300522089004517
61450,6046,1.1091864109039307
61460,6047,0.7853946685791016
61470,6048,1.2025171518325806
61480,6049,2.224527359008789
61490,6050,1.2099446058273315
61500,6051,0.7700604796409607
61510,6052,4.342706680297852
61520,6053,0.756047785282135
61530,6054,0.9743159413337708
61540,6055,1.0911670923233032
61550,6056,0.7357518672943115
61560,6057,0.8749644160270691
61570,6058,1.2593519687652588
61580,6059,1.1704376935958862
61590,6060,0.974974513053894
61600,6061,0.879660964012146
61610,6062,1.1414296627044678
61620,6063,0.9620673656463623
61630,6064,1.8637290000915527
61640,6065,1.3235516548156738
61650,6066,0.712615430355072
61660,6067,2.640747308731079
61670,6068,0.6718380451202393
61680,6069,1.5185704231262207
61690,6070,1.3397464752197266
61700,6071,1.0729684829711914
61710,6072,0.6572909951210022
61720,6073,0.6332252025604248
61730,6074,1.2545640468597412
61740,6075,2.232818365097046
61750,6076,1.4263966083526611
61760,6077,2.3530964851379395
61770,6078,0.8494291305541992
61780,6079,0.6990261673927307
61790,6080,1.5266424417495728
61800,6081,2.4712040424346924
61810,6082,1.241152286529541
61820,6083,2.6545019149780273
61830,6084,0.7099828124046326
61840,6085,1.2086924314498901
61850,6086,0.9108371138572693
61860,6087,1.0078452825546265
61870,6088,1.0712405443191528
61880,6089,0.5607326626777649
61890,6090,1.2208365201950073
61900,6091,0.7896510362625122
61910,6092,1.2062028646469116
61920,6093,2.29939866065979
61930,6094,0.6612222194671631
61940,6095,1.057747721672058
61950,6096,2.8315317630767822
61960,6097,2.608492374420166
61970,6098,1.0847803354263306
61980,6099,1.3242510557174683
61990,6100,0.5775862336158752
62000,6101,0.9164749383926392
62010,6102,1.0569493770599365
62020,6103,5.837825775146484
62030,6104,0.7465230822563171
62040,6105,1.1984188556671143
62050,6106,0.673303484916687
62060,6107,0.905078113079071
62070,6108,0.8684123754501343
62080,6109,1.6638730764389038
62090,6110,1.2217905521392822
62100,6111,1.0396745204925537
62110,6112,0.7806548476219177
62120,6113,1.233211874961853
62130,6114,4.73789119720459
62140,6115,0.9897655248641968
62150,6116,1.1902408599853516
62160,6117,5.392606735229492
62170,6118,1.0832574367523193
62180,6119,1.6277726888656616
62190,6120,0.9664813280105591
62200,6121,1.2528066635131836
62210,6122,1.1164494752883911
62220,6123,0.7472071647644043
62230,6124,0.7266677618026733
62240,6125,1.1332695484161377
62250,6126,0.5229732990264893
62260,6127,0.8198092579841614
62270,6128,0.6882146000862122
62280,6129,1.2348672151565552
62290,6130,0.6389543414115906
62300,6131,0.91754150390625
62310,6132,1.6914558410644531
62320,6133,1.1978216171264648
62330,6134,5.470877170562744
62340,6135,0.6134998202323914
62350,6136,5.504657745361328
62360,6137,0.5909112691879272
62370,6138,0.9935824275016785
62380,6139,1.0934803485870361
62390,6140,0.8147578835487366
62400,6141,0.8796518445014954
62410,6142,1.275565505027771
62420,6143,1.7286823987960815
62430,6144,0.8994219303131104
62440,6145,1.0510107278823853
62450,6146,0.8469101786613464
62460,6147,0.8136383891105652
62470,6148,0.9006994366645813
62480,6149,4.067602634429932
62490,6150,1.706178903579712
62500,6151,1.2986111640930176
62510,6152,1.3509669303894043
62520,6153,1.3670697212219238
62530,6154,3.772270917892456
62540,6155,0.312191367149353
62550,6156,1.1138927936553955
62560,6157,3.993299961090088
62570,6158,2.640822410583496
62580,6159,0.6963043212890625
62590,6160,0.8105603456497192
62600,6161,1.4234979152679443
62610,6162,0.8408735394477844
62620,6163,1.0088752508163452
62630,6164,0.9502632021903992
62640,6165,1.708458662033081
62650,6166,1.515600323677063
62660,6167,1.5013126134872437
62670,6168,1.0384626388549805
62680,6169,1.1555824279785156
62690,6170,1.3863383531570435
62700,6171,1.5138766765594482
62710,6172,0.48987218737602234
62720,6173,2.326387882232666
62730,6174,0.8104062080383301
62740,6175,1.081526279449463
62750,6176,1.4174957275390625
62760,6177,1.797560453414917
62770,6178,1.097684383392334
62780,6179,2.4984419345855713
62790,6180,0.7488934993743896
62800,6181,0.8837448358535767
62810,6182,2.3429980278015137
62820,6183,1.1923409700393677
62830,6184,0.9792426824569702
62840,6185,3.1644458770751953
62850,6186,0.7852476835250854
62860,6187,1.0605183839797974
62870,6188,0.6934486627578735
62880,6189,1.6168792247772217
62890,6190,1.7988053560256958
62900,6191,1.2468453645706177
62910,6192,1.4800474643707275
62920,6193,1.5198321342468262
62930,6194,0.7829339504241943
62940,6195,0.2748992443084717
62950,6196,0.6871694326400757
62960,6197,0.9074290990829468
62970,6198,0.749909520149231
62980,6199,1.0927962064743042
62990,6200,1.0113859176635742
63000,6201,0.8521462082862854
63010,6202,0.9644522070884705
63020,6203,0.8238437175750732
63030,6204,1.651524305343628
63040,6205,1.5013221502304077
63050,6206,1.8833928108215332
63060,6207,1.2066540718078613
63070,6208,2.833932876586914
63080,6209,1.0784987211227417
63090,6210,0.7336128354072571
63100,6211,5.347675800323486
63110,6212,4.42643404006958
63120,6213,1.0083527565002441
63130,6214,0.7586541175842285
63140,6215,3.3960776329040527
63150,6216,0.6730870604515076
63160,6217,1.1646552085876465
63170,6218,2.3914167881011963
63180,6219,0.8422679901123047
63190,6220,0.9871419668197632
63200,6221,0.80521559715271
63210,6222,0.47901010513305664
63220,6223,2.0388855934143066
63230,6224,0.8893340826034546
63240,6225,0.4430351257324219
63250,6226,0.7428559064865112
63260,6227,0.7971894145011902
63270,6228,0.6651643514633179
63280,6229,1.325350046157837
63290,6230,1.2684133052825928
63300,6231,0.44871920347213745
63310,6232,1.954830527305603
63320,6233,0.4653979539871216
63330,6234,0.36217671632766724
63340,6235,0.773566484451294
63350,6236,0.6824296116828918
63360,6237,3.160414218902588
63370,6238,1.5734221935272217
63380,6239,0.638943612575531
63390,6240,0.32362788915634155
63400,6241,0.6629284024238586
63410,6242,1.3641703128814697
63420,6243,2.3428807258605957
63430,6244,1.351706624031067
63440,6245,1.3702846765518188
63450,6246,0.8479882478713989
63460,6247,0.5343589186668396
63470,6248,1.4027330875396729
63480,6249,1.6455954313278198
63490,6250,0.9471393823623657
63500,6251,0.7038390040397644
63510,6252,0.5706807374954224
63520,6253,0.5723161101341248
63530,6254,0.9880453944206238
63540,6255,0.682136595249176
63550,6256,3.013965606689453
63560,6257,0.8257510662078857
63570,6258,0.7744945287704468
63580,6259,1.6076338291168213
63590,6260,1.3021557331085205
63600,6261,1.122346043586731
63610,6262,0.8273707628250122
63620,6263,0.513035237789154
63630,6264,1.2035058736801147
63640,6265,0.6956817507743835
63650,6266,0.3978584110736847
63660,6267,2.914498805999756
63670,6268,0.7979928851127625
63680,6269,0.8689567446708679
63690,6270,0.7989760041236877
63700,6271,3.2597954273223877
63710,6272,0.6847209930419922
63720,6273,0.8415296077728271
63730,6274,0.7785466909408569
63740,6275,1.3097779750823975
63750,6276,1.730834722518921
63760,6277,1.4060401916503906
63770,6278,1.0437325239181519
63780,6279,2.1642582416534424
63790,6280,1.8213510513305664
63800,6281,0.7173264026641846
63810,6282,1.1810369491577148
63820,6283,0.5124878287315369
63830,6284,1.0545754432678223
63840,6285,0.9407258629798889
63850,6286,0.7499043345451355
63860,6287,0.9695042371749878
63870,6288,0.9202392101287842
63880,6289,1.054758906364441
63890,6290,2.0935251712799072
63900,6291,4.466650485992432
63910,6292,0.928427517414093
63920,6293,0.9191601276397705
63930,6294,0.825641930103302
63940,6295,1.5643093585968018
63950,6296,3.1587986946105957
63960,6297,3.114302158355713
63970,6298,0.6180001497268677
63980,6299,1.241629719734192
63990,6300,3.4689602851867676
64000,6301,0.9741993546485901
64010,6302,1.484514594078064
64020,6303,1.5493024587631226
64030,6304,0.6548850536346436
64040,6305,1.4989688396453857
64050,6306,0.9129658341407776
64060,6307,1.6527961492538452
64070,6308,0.9916840195655823
64080,6309,1.1228333711624146
64090,6310,2.55342960357666
64100,6311,1.0384162664413452
64110,6312,1.756800651550293
64120,6313,1.2032506465911865
64130,6314,0.4518597722053528
64140,6315,1.9576828479766846
64150,6316,0.7903535962104797
64160,6317,0.6365231275558472
64170,6318,1.7701632976531982
64180,6319,1.2380291223526
64190,6320,0.48908883333206177
64200,6321,1.1996351480484009
64210,6322,1.1222866773605347
64220,6323,6.532670974731445
64230,6324,10.58493423461914
64240,6325,1.0536346435546875
64250,6326,3.9251060485839844
64260,6327,1.246401309967041
64270,6328,2.519258499145508
64280,6329,1.3364430665969849
64290,6330,1.1458020210266113
64300,6331,2.8969483375549316
64310,6332,1.9406850337982178
64320,6333,0.9401544332504272
64330,6334,0.8545226454734802
64340,6335,1.387754201889038
64350,6336,1.0206618309020996
64360,6337,1.2640721797943115
64370,6338,1.0104330778121948
64380,6339,0.5593480467796326
64390,6340,1.17470121383667
64400,6341,1.8259220123291016
64410,6342,1.4265720844268799
64420,6343,1.0590265989303589
64430,6344,1.8145911693572998
64440,6345,1.872309923171997
64450,6346,1.4866173267364502
64460,6347,1.1900269985198975
64470,6348,0.8677938580513
64480,6349,0.5519633889198303
64490,6350,1.6306629180908203
64500,6351,1.2657142877578735
64510,6352,0.7708849906921387
64520,6353,0.6055474281311035
64530,6354,4.707784652709961
64540,6355,1.52657949924469
64550,6356,0.843808114528656
64560,6357,1.0428491830825806
64570,6358,0.6205520629882812
64580,6359,1.1280189752578735
64590,6360,0.5985486507415771
64600,6361,1.7413249015808105
64610,6362,0.6405616402626038
64620,6363,1.5697131156921387
64630,6364,0.4837930202484131
64640,6365,0.9334653615951538
64650,6366,1.751218318939209
64660,6367,2.7077345848083496
64670,6368,1.1878892183303833
64680,6369,1.4387260675430298
64690,6370,1.1752227544784546
64700,6371,1.5276875495910645
64710,6372,0.7471838593482971
64720,6373,3.9609498977661133
64730,6374,0.7844683527946472
64740,6375,0.6713978052139282
64750,6376,2.7119736671447754
64760,6377,4.306651592254639
64770,6378,0.8271236419677734
64780,6379,1.8714762926101685
64790,6380,1.034738302230835
64800,6381,1.3655972480773926
64810,6382,0.6415606737136841
64820,6383,0.8434358835220337
64830,6384,1.153407335281372
64840,6385,3.749000072479248
64850,6386,1.4470447301864624
64860,6387,2.8284008502960205
64870,6388,1.997774362564087
64880,6389,0.7160875797271729
64890,6390,0.764312744140625
64900,6391,1.4246560335159302
64910,6392,1.236965298652649
64920,6393,1.7045166492462158
64930,6394,1.6335396766662598
64940,6395,0.7841751575469971
64950,6396,6.507868766784668
64960,6397,0.8700873255729675
64970,6398,1.7997721433639526
64980,6399,1.4665920734405518
64990,6400,2.1194612979888916
65000,6401,1.0850056409835815
65010,6402,1.1146842241287231
65020,6403,2.266925573348999
65030,6404,4.601143836975098
65040,6405,1.375815749168396
65050,6406,1.6358362436294556
65060,6407,2.049974203109741
65070,6408,0.48270776867866516
65080,6409,3.828094482421875
65090,6410,1.1125684976577759
65100,6411,1.375077486038208
65110,6412,1.351736068725586
65120,6413,1.1992511749267578
65130,6414,0.5970229506492615
65140,6415,1.2177386283874512
65150,6416,1.2798449993133545
65160,6417,0.784737765789032
65170,6418,1.2403109073638916
65180,6419,1.2706737518310547
65190,6420,1.2250152826309204
65200,6421,1.1640009880065918
65210,6422,0.6738607883453369
65220,6423,0.9857186079025269
65230,6424,1.8033771514892578
65240,6425,1.1035374402999878
65250,6426,0.8875083923339844
65260,6427,1.1046351194381714
65270,6428,1.1021112203598022
65280,6429,2.6772468090057373
65290,6430,1.6580102443695068
65300,6431,3.002816915512085
65310,6432,0.9283308982849121
65320,6433,0.4604105055332184
65330,6434,0.841489851474762
65340,6435,3.98111629486084
65350,6436,0.7323644757270813
65360,6437,1.049269199371338
65370,6438,0.7130864262580872
65380,6439,0.9501535296440125
65390,6440,0.7006731629371643
65400,6441,0.7885036468505859
65410,6442,1.2310335636138916
65420,6443,1.0438798666000366
65430,6444,0.7415845394134521
65440,6445,1.236994743347168
65450,6446,0.6934508085250854
65460,6447,0.7730855941772461
65470,6448,1.278088092803955
65480,6449,1.2461575269699097
65490,6450,1.1690746545791626
65500,6451,0.7814545035362244
65510,6452,2.654918909072876
65520,6453,0.5044277906417847
65530,6454,2.2362005710601807
65540,6455,1.0929796695709229
65550,6456,0.5941088199615479
65560,6457,0.8816161751747131
65570,6458,0.74174565076828
65580,6459,1.1914266347885132
65590,6460,0.4388853907585144
65600,6461,1.3343297243118286
65610,6462,1.2268553972244263
65620,6463,1.297960877418518
65630,6464,0.9372735619544983
65640,6465,2.3279306888580322
65650,6466,0.7927761077880859
65660,6467,0.4358433485031128
65670,6468,0.5206727981567383
65680,6469,0.221525639295578
65690,6470,1.5603711605072021
65700,6471,1.8059051036834717
65710,6472,1.033677577972412
65720,6473,0.9012954831123352
65730,6474,1.6976794004440308
65740,6475,0.7943795323371887
65750,6476,1.2862085103988647
65760,6477,0.7360280156135559
65770,6478,1.355816125869751
65780,6479,0.45197561383247375
65790,6480,1.2542903423309326
65800,6481,2.3170039653778076
65810,6482,2.1616415977478027
65820,6483,1.5636508464813232
65830,6484,0.3630081117153168
65840,6485,3.0325067043304443
65850,6486,1.0748529434204102
65860,6487,0.516761839389801
65870,6488,1.2419719696044922
65880,6489,4.84615421295166
65890,6490,0.9254944324493408
65900,6491,0.623931884765625
65910,6492,0.806611955165863
65920,6493,1.127310872077942
65930,6494,1.0826715230941772
65940,6495,1.8690524101257324
65950,6496,0.9740235209465027
65960,6497,0.6628484129905701
65970,6498,0.5066012144088745
65980,6499,1.1943585872650146
65990,6500,0.6014915704727173
66000,6501,0.8965663909912109
66010,6502,1.321412444114685
66020,6503,1.6479774713516235
66030,6504,1.5951179265975952
66040,6505,3.9213039875030518
66050,6506,0.8519365191459656
66060,6507,0.8472229838371277
66070,6508,1.0572963953018188
66080,6509,0.6556378602981567
66090,6510,0.7823106050491333
66100,6511,1.2198286056518555
66110,6512,1.3855161666870117
66120,6513,0.9707100987434387
66130,6514,0.9081195592880249
66140,6515,0.6568571329116821
66150,6516,6.064038276672363
66160,6517,4.689111709594727
66170,6518,0.9692753553390503
66180,6519,0.4015502333641052
66190,6520,0.7540704607963562
66200,6521,0.8666740655899048
66210,6522,0.5599182844161987
66220,6523,1.1268311738967896
66230,6524,2.6316351890563965
66240,6525,0.5836049318313599
66250,6526,1.6210529804229736
66260,6527,1.802941083908081
66270,6528,0.7987837791442871
66280,6529,1.8618271350860596
66290,6530,1.1638245582580566
66300,6531,2.775494337081909
66310,6532,1.7939341068267822
66320,6533,0.5184268951416016
66330,6534,1.2765564918518066
66340,6535,1.3212783336639404
66350,6536,1.1664137840270996
66360,6537,1.2094098329544067
66370,6538,1.0931227207183838
66380,6539,0.957913875579834
66390,6540,0.5043948888778687
66400,6541,3.6552700996398926
66410,6542,2.0405771732330322
66420,6543,1.274244785308838
66430,6544,1.0269287824630737
66440,6545,1.9186664819717407
66450,6546,1.8430103063583374
66460,6547,1.0870885848999023
66470,6548,1.3706388473510742
66480,6549,1.1203159093856812
66490,6550,1.6257059574127197
66500,6551,1.783989429473877
66510,6552,0.8907793760299683
66520,6553,1.3851392269134521
66530,6554,0.3630242645740509
66540,6555,1.9164583683013916
66550,6556,4.684370517730713
66560,6557,1.339658260345459
66570,6558,1.1185812950134277
66580,6559,0.6579883694648743
66590,6560,1.1260390281677246
66600,6561,0.639411211013794
66610,6562,1.235400676727295
66620,6563,0.7280265092849731
66630,6564,2.619351387023926
66640,6565,1.457811713218689
66650,6566,0.5352325439453125
66660,6567,0.7181344032287598
66670,6568,1.0351734161376953
66680,6569,0.8759955763816833
66690,6570,0.705202579498291
66700,6571,2.693042039871216
66710,6572,0.9569525718688965
66720,6573,0.46039462089538574
66730,6574,0.7894739508628845
66740,6575,0.929121196269989
66750,6576,0.9755720496177673
66760,6577,1.5589014291763306
66770,6578,0.45175978541374207
66780,6579,0.8120744228363037
66790,6580,1.2468229532241821
66800,6581,1.5746164321899414
66810,6582,1.3124672174453735
66820,6583,1.0747896432876587
66830,6584,0.9060496687889099
66840,6585,0.9201089143753052
66850,6586,0.7439606189727783
66860,6587,2.2827255725860596
66870,6588,0.5527526140213013
66880,6589,1.063984990119934
66890,6590,1.1756458282470703
66900,6591,1.6279520988464355
66910,6592,0.6424391269683838
66920,6593,1.1554765701293945
66930,6594,0.8942322134971619
66940,6595,0.5285646915435791
66950,6596,0.7750445604324341
66960,6597,1.6835155487060547
66970,6598,1.6595849990844727
66980,6599,0.722729504108429
66990,6600,0.3978865146636963
67000,6601,0.347001314163208
67010,6602,0.8723174333572388
67020,6603,1.7245405912399292
67030,6604,1.192625880241394
67040,6605,0.955055832862854
67050,6606,0.7186269760131836
67060,6607,0.9929490685462952
67070,6608,1.12722909450531
67080,6609,1.2779258489608765
67090,6610,0.9771585464477539
67100,6611,1.1700408458709717
67110,6612,1.2276285886764526
67120,6613,1.9321690797805786
67130,6614,0.7418398261070251
67140,6615,1.7584877014160156
67150,6616,0.5682469010353088
67160,6617,0.7159857749938965
67170,6618,3.319629192352295
67180,6619,0.7273448705673218
67190,6620,0.9269663691520691
67200,6621,1.1504466533660889
67210,6622,0.33918094635009766
67220,6623,1.065551996231079
67230,6624,0.6120826005935669
67240,6625,0.4630429148674011
67250,6626,0.7439863085746765
67260,6627,1.022938847541809
67270,6628,0.8218649625778198
67280,6629,3.5916311740875244
67290,6630,2.9605109691619873
67300,6631,0.5511558651924133
67310,6632,1.1749038696289062
67320,6633,1.227695107460022
67330,6634,1.1543099880218506
67340,6635,1.4779356718063354
67350,6636,1.3474379777908325
67360,6637,0.8297632932662964
67370,6638,3.033423900604248
67380,6639,1.1323347091674805
67390,6640,2.058481216430664
67400,6641,0.5130177736282349
67410,6642,1.1494650840759277
67420,6643,1.3236004114151
67430,6644,0.5954021215438843
67440,6645,0.8971350193023682
67450,6646,0.7459638714790344
67460,6647,0.7813047170639038
67470,6648,1.5116804838180542
67480,6649,1.4945933818817139
67490,6650,2.246509313583374
67500,6651,3.065613269805908
67510,6652,0.5068547129631042
67520,6653,0.8423572182655334
67530,6654,2.41641902923584
67540,6655,1.1314787864685059
67550,6656,0.7550783753395081
67560,6657,3.409662961959839
67570,6658,1.6226271390914917
67580,6659,1.2483906745910645
67590,6660,1.328703761100769
67600,6661,1.6431858539581299
67610,6662,0.6437855362892151
67620,6663,0.7272899746894836
67630,6664,1.7668628692626953
67640,6665,0.451174259185791
67650,6666,0.9417788982391357
67660,6667,0.8522871136665344
67670,6668,0.898664653301239
67680,6669,1.481210708618164
67690,6670,1.3530460596084595
67700,6671,0.9192096590995789
67710,6672,0.8051849603652954
67720,6673,0.7876172065734863
67730,6674,0.7608195543289185
67740,6675,1.0969856977462769
67750,6676,0.7966473698616028
67760,6677,3.0150561332702637
67770,6678,1.2798748016357422
67780,6679,2.5900168418884277
67790,6680,1.022184133529663
67800,6681,3.365622043609619
67810,6682,0.5675770044326782
67820,6683,2.674356460571289
67830,6684,0.6398031711578369
67840,6685,1.6938445568084717
67850,6686,0.7902940511703491
67860,6687,0.7132981419563293
67870,6688,1.1193442344665527
67880,6689,1.0921624898910522
67890,6690,0.8380056619644165
67900,6691,0.5426955819129944
67910,6692,0.463167667388916
67920,6693,0.7597439885139465
67930,6694,3.902655839920044
67940,6695,1.5030617713928223
67950,6696,0.9543977975845337
67960,6697,0.6578717231750488
67970,6698,1.7533491849899292
67980,6699,1.2260465621948242
67990,6700,0.5162330269813538
68000,6701,1.0464210510253906
68010,6702,0.9831337332725525
68020,6703,5.708877086639404
68030,6704,2.184593677520752
68040,6705,1.9293195009231567
68050,6706,2.3264963626861572
68060,6707,1.3140950202941895
68070,6708,3.938063144683838
68080,6709,0.7020016312599182
68090,6710,0.6551259160041809
68100,6711,1.339001178741455
68110,6712,1.3062479496002197
68120,6713,2.0588436126708984
68130,6714,4.490480422973633
68140,6715,1.4993312358856201
68150,6716,2.4970788955688477
68160,6717,0.669501006603241
68170,6718,1.638746738433838
68180,6719,1.6149406433105469
68190,6720,1.0529202222824097
68200,6721,1.414484977722168
68210,6722,2.024156332015991
68220,6723,0.9708711504936218
68230,6724,1.7775920629501343
68240,6725,1.3939670324325562
68250,6726,0.883995771408081
68260,6727,1.2538483142852783
68270,6728,1.0200345516204834
68280,6729,0.5621256232261658
68290,6730,1.4061484336853027
68300,6731,1.4665448665618896
68310,6732,1.0622795820236206
68320,6733,1.5372976064682007
68330,6734,1.4665576219558716
68340,6735,2.043013095855713
68350,6736,1.0703802108764648
68360,6737,2.3813421726226807
68370,6738,0.9272669553756714
68380,6739,2.9055159091949463
68390,6740,1.662835717201233
68400,6741,2.005126476287842
68410,6742,0.5152141451835632
68420,6743,1.7392598390579224
68430,6744,1.017782211303711
68440,6745,1.3905861377716064
68450,6746,0.9250244498252869
68460,6747,1.7929439544677734
68470,6748,0.7071308493614197
68480,6749,1.1597025394439697
68490,6750,0.8159303665161133
68500,6751,1.7701386213302612
68510,6752,1.4730708599090576
68520,6753,1.2198784351348877
68530,6754,1.3933796882629395
68540,6755,0.9371759295463562
68550,6756,4.6246562004089355
68560,6757,1.09134042263031
68570,6758,0.9737969636917114
68580,6759,0.7826237678527832
68590,6760,1.5877361297607422
68600,6761,0.6731926202774048
68610,6762,1.438385009765625
68620,6763,1.7020409107208252
68630,6764,0.3817079961299896
68640,6765,1.3345484733581543
68650,6766,4.004594326019287
68660,6767,1.7956759929656982
68670,6768,0.8742111921310425
68680,6769,1.2126145362854004
68690,6770,1.1550893783569336
68700,6771,1.7391912937164307
68710,6772,2.023423671722412
68720,6773,1.6018953323364258
68730,6774,0.73516446352005
68740,6775,1.2853331565856934
68750,6776,0.512164294719696
68760,6777,1.8332432508468628
68770,6778,0.655622661113739
68780,6779,1.6172752380371094
68790,6780,1.3656373023986816
68800,6781,0.5825525522232056
68810,6782,1.0114068984985352
68820,6783,2.2815768718719482
68830,6784,1.2099827527999878
68840,6785,1.4292621612548828
68850,6786,2.318732738494873
68860,6787,1.818636417388916
68870,6788,1.181389331817627
68880,6789,0.6601628065109253
68890,6790,1.1115033626556396
68900,6791,0.9936579465866089
68910,6792,1.7605541944503784
68920,6793,3.6272494792938232
68930,6794,1.1598211526870728
68940,6795,1.6150866746902466
68950,6796,0.8602697253227234
68960,6797,0.8082972764968872
68970,6798,1.889282464981079
68980,6799,1.7732155323028564
68990,6800,1.6085312366485596
69000,6801,0.5481189489364624
69010,6802,0.9344483613967896
69020,6803,1.3503211736679077
69030,6804,0.6045451760292053
69040,6805,1.0576727390289307
69050,6806,1.4458116292953491
69060,6807,1.1429773569107056
69070,6808,1.2931571006774902
69080,6809,1.028309941291809
69090,6810,1.1045153141021729
69100,6811,1.0057448148727417
69110,6812,2.347740411758423
69120,6813,1.0287821292877197
69130,6814,1.22243070602417
69140,6815,1.126568078994751
69150,6816,7.6951904296875
69160,6817,0.674842357635498
69170,6818,1.0892415046691895
69180,6819,1.4711570739746094
69190,6820,1.9894180297851562
69200,6821,1.201582908630371
69210,6822,0.9779669642448425
69220,6823,3.833911895751953
69230,6824,1.5432158708572388
69240,6825,2.3588404655456543
69250,6826,1.1288435459136963
69260,6827,1.6616780757904053
69270,6828,1.306256651878357
69280,6829,1.846072793006897
69290,6830,0.7335669994354248
69300,6831,2.4067702293395996
69310,6832,0.746945858001709
69320,6833,2.242244005203247
69330,6834,2.820697546005249
69340,6835,1.1847420930862427
69350,6836,0.9809356331825256
69360,6837,0.9973929524421692
69370,6838,0.9688283205032349
69380,6839,1.8635421991348267
69390,6840,1.4681168794631958
69400,6841,1.7638044357299805
69410,6842,2.0586395263671875
69420,6843,3.5037167072296143
69430,6844,2.4710075855255127
69440,6845,1.191692590713501
69450,6846,0.8415069580078125
69460,6847,1.0370911359786987
69470,6848,1.4340522289276123
69480,6849,2.3237555027008057
69490,6850,1.0076342821121216
69500,6851,0.5414687395095825
69510,6852,0.8648044466972351
69520,6853,2.4609227180480957
69530,6854,1.2629003524780273
69540,6855,1.9123249053955078
69550,6856,1.124664306640625
69560,6857,1.7368303537368774
69570,6858,0.9391234517097473
69580,6859,0.9792990684509277
69590,6860,6.695444583892822
69600,6861,0.9496177434921265
69610,6862,1.5953243970870972
69620,6863,4.1697306632995605
69630,6864,1.3654742240905762
69640,6865,1.0751230716705322
69650,6866,1.152620792388916
69660,6867,2.565962791442871
69670,6868,1.1498632431030273
69680,6869,0.6882455348968506
69690,6870,0.7952784299850464
69700,6871,1.7913302183151245
69710,6872,3.162606716156006
69720,6873,1.285373568534851
69730,6874,1.2287003993988037
69740,6875,1.245490550994873
69750,6876,1.4194960594177246
69760,6877,1.3615905046463013
69770,6878,0.9353280663490295
69780,6879,4.296926021575928
69790,6880,0.5711848139762878
69800,6881,0.8632046580314636
69810,6882,0.6647794842720032
69820,6883,0.8980134129524231
69830,6884,1.1193608045578003
69840,6885,0.9703087210655212
69850,6886,1.5406510829925537
69860,6887,1.7979516983032227
69870,6888,1.234688401222229
69880,6889,1.099076509475708
69890,6890,3.2973523139953613
69900,6891,0.9395789504051208
69910,6892,1.1737571954727173
69920,6893,0.8860070109367371
69930,6894,1.1501327753067017
69940,6895,1.4486701488494873
69950,6896,0.7913306355476379
69960,6897,0.45366835594177246
69970,6898,1.2791919708251953
69980,6899,1.2934457063674927
69990,6900,0.9423037171363831
70000,6901,3.0075783729553223
70010,6902,0.8663151860237122
70020,6903,1.1097933053970337
70030,6904,1.2286114692687988
70040,6905,1.1180721521377563
70050,6906,3.3648111820220947
70060,6907,1.7919445037841797
70070,6908,1.904683232307434
70080,6909,1.4128655195236206
70090,6910,1.396170973777771
70100,6911,3.8636510372161865
70110,6912,1.6912381649017334
70120,6913,4.214201927185059
70130,6914,1.3118559122085571
70140,6915,1.9118480682373047
70150,6916,2.023643732070923
70160,6917,1.1467359066009521
70170,6918,0.922309160232544
70180,6919,0.6314577460289001
70190,6920,1.7216066122055054
70200,6921,1.5522375106811523
70210,6922,2.1610512733459473
70220,6923,1.3565417528152466
70230,6924,1.311630129814148
70240,6925,1.116037130355835
70250,6926,0.8030571937561035
70260,6927,1.1330006122589111
70270,6928,1.174416184425354
70280,6929,2.9584038257598877
70290,6930,1.1110954284667969
70300,6931,1.8716918230056763
70310,6932,1.3764797449111938
70320,6933,1.1483173370361328
70330,6934,1.0372352600097656
70340,6935,1.3745721578598022
70350,6936,2.5139272212982178
70360,6937,1.0690393447875977
70370,6938,0.8727087378501892
70380,6939,1.0764031410217285
70390,6940,8.849501609802246
70400,6941,0.9321139454841614
70410,6942,0.8664016723632812
70420,6943,1.151112675666809
70430,6944,0.8436458110809326
70440,6945,1.1198325157165527
70450,6946,1.3700472116470337
70460,6947,1.21267569065094
70470,6948,0.6605367660522461
70480,6949,1.3227030038833618
70490,6950,1.204238772392273
70500,6951,5.141806602478027
70510,6952,1.4769691228866577
70520,6953,1.3300342559814453
70530,6954,0.6230310201644897
70540,6955,2.049229145050049
70550,6956,0.8055349588394165
70560,6957,1.1264151334762573
70570,6958,1.533178448677063
70580,6959,1.1862468719482422
70590,6960,1.154374361038208
70600,6961,1.1321860551834106
70610,6962,3.9080986976623535
70620,6963,1.3577029705047607
70630,6964,1.8865747451782227
70640,6965,2.5602400302886963
70650,6966,1.7559216022491455
70660,6967,0.6867066025733948
70670,6968,0.7984548211097717
70680,6969,0.8899732828140259
70690,6970,1.121239423751831
70700,6971,1.0122160911560059
70710,6972,1.6287412643432617
70720,6973,1.1544265747070312
70730,6974,1.0724189281463623
70740,6975,0.9347845911979675
70750,6976,3.369980812072754
70760,6977,0.6967355012893677
70770,6978,0.5648950934410095
70780,6979,0.8229163885116577
70790,6980,1.282959222793579
70800,6981,1.358719825744629
70810,6982,1.1285415887832642
70820,6983,2.395901918411255
70830,6984,1.0187324285507202
70840,6985,2.2101051807403564
70850,6986,1.1353917121887207
70860,6987,1.7628931999206543
70870,6988,1.361728310585022
70880,6989,1.302499771118164
70890,6990,1.3037688732147217
70900,6991,0.8208901286125183
70910,6992,2.858954906463623
70920,6993,1.4128766059875488
70930,6994,2.190577268600464
70940,6995,1.8053137063980103
70950,6996,1.6337518692016602
70960,6997,1.3355555534362793
70970,6998,5.202361583709717
70980,6999,0.8668106198310852
70990,7000,1.4038368463516235
71000,7001,0.9820716977119446
71010,7002,2.4977149963378906
71020,7003,1.8063786029815674
71030,7004,1.54918372631073
71040,7005,1.247019648551941
71050,7006,2.743396759033203
71060,7007,4.515012741088867
71070,7008,1.87355375289917
71080,7009,1.9777778387069702
71090,7010,1.8720877170562744
71100,7011,1.6240167617797852
71110,7012,1.033386468887329
71120,7013,1.811720371246338
71130,7014,0.6943446397781372
71140,7015,1.2260390520095825
71150,7016,1.742078185081482
71160,7017,3.1323018074035645
71170,7018,2.4136815071105957
71180,7019,1.5057713985443115
71190,7020,1.2018170356750488
71200,7021,1.6712651252746582
71210,7022,1.7722623348236084
71220,7023,0.9597808718681335
71230,7024,1.1541171073913574
71240,7025,2.5065088272094727
71250,7026,1.2913570404052734
71260,7027,1.6713742017745972
71270,7028,0.9010075926780701
71280,7029,1.1648612022399902
71290,7030,1.6928211450576782
71300,7031,2.3227760791778564
71310,7032,0.8042528033256531
71320,7033,1.0687724351882935
71330,7034,2.927720069885254
71340,7035,1.698287844657898
71350,7036,2.5901641845703125
71360,7037,2.258972406387329
71370,7038,1.1353614330291748
71380,7039,1.1725715398788452
71390,7040,1.3636118173599243
71400,7041,1.1817772388458252
71410,7042,1.7152918577194214
71420,7043,1.9225337505340576
71430,7044,2.706697940826416
71440,7045,0.6748427152633667
71450,7046,1.8544481992721558
71460,7047,1.5445424318313599
71470,7048,2.3973727226257324
71480,7049,1.783983588218689
71490,7050,0.7565270066261292
71500,7051,1.255333423614502
71510,7052,1.0258129835128784
71520,7053,0.790204644203186
71530,7054,0.7967506647109985
71540,7055,2.0459837913513184
71550,7056,1.3610241413116455
71560,7057,0.5527111887931824
71570,7058,1.3267686367034912
71580,7059,1.490925908088684
71590,7060,1.8585972785949707
71600,7061,3.0922412872314453
71610,7062,1.5844521522521973
71620,7063,0.431632399559021
71630,7064,1.1188350915908813
71640,7065,0.4994382858276367
71650,7066,1.0971928834915161
71660,7067,1.092233657836914
71670,7068,0.5301458239555359
71680,7069,0.8720033764839172
71690,7070,1.8385764360427856
71700,7071,1.3537437915802002
71710,7072,1.9401646852493286
71720,7073,1.541172742843628
71730,7074,1.2463973760604858
71740,7075,1.4428459405899048
71750,7076,1.9765832424163818
71760,7077,0.8882017731666565
71770,7078,1.1809700727462769
71780,7079,2.210947275161743
71790,7080,5.023181438446045
71800,7081,1.5903037786483765
71810,7082,3.9582505226135254
71820,7083,0.6965302228927612
71830,7084,2.7602338790893555
71840,7085,0.9042763710021973
71850,7086,3.267767906188965
71860,7087,0.8765583634376526
71870,7088,1.2226289510726929
71880,7089,1.4537544250488281
71890,7090,1.3082348108291626
71900,7091,5.644111633300781
71910,7092,1.4925341606140137
71920,7093,3.0335702896118164
71930,7094,1.0949007272720337
71940,7095,0.9812337756156921
71950,7096,3.419288396835327
71960,7097,1.2642219066619873
71970,7098,2.6596057415008545
71980,7099,1.2152286767959595
71990,7100,1.271645188331604
72000,7101,1.0585112571716309
72010,7102,1.6347129344940186
72020,7103,1.3184502124786377
72030,7104,1.2337627410888672
72040,7105,3.8402585983276367
72050,7106,3.6406044960021973
72060,7107,1.9049078226089478
72070,7108,1.1797215938568115
72080,7109,3.5945348739624023
72090,7110,1.6359676122665405
72100,7111,1.642596960067749
72110,7112,0.7490006685256958
72120,7113,1.9937644004821777
72130,7114,2.4180493354797363
72140,7115,1.676196813583374
72150,7116,2.317108392715454
72160,7117,3.5145134925842285
72170,7118,2.235044240951538
72180,7119,1.0989668369293213
72190,7120,1.8223588466644287
72200,7121,0.9431517720222473
72210,7122,0.766254186630249
72220,7123,0.9826828837394714
72230,7124,3.5242481231689453
72240,7125,1.3350281715393066
72250,7126,0.692062258720398
72260,7127,1.3541171550750732
72270,7128,1.2380766868591309
72280,7129,3.238252639770508
72290,7130,1.8760461807250977
72300,7131,2.989656448364258
72310,7132,1.2371174097061157
72320,7133,0.791578471660614
72330,7134,2.2598538398742676
72340,7135,0.8867974281311035
72350,7136,1.2472714185714722
72360,7137,0.8573298454284668
72370,7138,2.2298810482025146
72380,7139,0.7106622457504272
72390,7140,1.627568006515503
72400,7141,1.2085338830947876
72410,7142,1.360782265663147
72420,7143,1.6015464067459106
72430,7144,0.9120934009552002
72440,7145,2.141575813293457
72450,7146,1.2100950479507446
72460,7147,0.8081011176109314
72470,7148,0.9281851649284363
72480,7149,0.65074223279953
72490,7150,1.0639938116073608
72500,7151,1.8199256658554077
72510,7152,1.2877378463745117
72520,7153,3.1114890575408936
72530,7154,1.8318233489990234
72540,7155,2.0644021034240723
72550,7156,0.608493447303772
72560,7157,2.1101629734039307
72570,7158,1.23124361038208
72580,7159,6.681807518005371
72590,7160,0.6235833764076233
72600,7161,1.0329314470291138
72610,7162,1.716816782951355
72620,7163,2.728210210800171
72630,7164,1.7150925397872925
72640,7165,1.7166850566864014
72650,7166,2.7330620288848877
72660,7167,2.3436360359191895
72670,7168,1.0351598262786865
72680,7169,2.2130467891693115
72690,7170,1.2571216821670532
72700,7171,4.919872283935547
72710,7172,0.5918119549751282
72720,7173,1.6556482315063477
72730,7174,0.8363556265830994
72740,7175,1.153148889541626
72750,7176,1.262733817100525
72760,7177,1.3601433038711548
72770,7178,2.6621501445770264
72780,7179,0.8185967206954956
72790,7180,1.4308974742889404
72800,7181,0.980767011642456
72810,7182,1.2548964023590088
72820,7183,1.0651788711547852
72830,7184,1.1516227722167969
72840,7185,1.0383437871932983
72850,7186,1.7533752918243408
72860,7187,6.648761749267578
72870,7188,1.4814057350158691
72880,7189,1.473388433456421
72890,7190,0.9686135053634644
72900,7191,2.788832187652588
72910,7192,0.6335793137550354
72920,7193,1.80987548828125
72930,7194,2.409156322479248
72940,7195,1.2904672622680664
72950,7196,1.6125010251998901
72960,7197,1.4208765029907227
72970,7198,1.0269604921340942
72980,7199,1.625348687171936
72990,7200,1.5983898639678955
73000,7201,0.9103935360908508
73010,7202,3.112797498703003
73020,7203,1.5619149208068848
73030,7204,1.3509365320205688
73040,7205,2.7252326011657715
73050,7206,2.1615874767303467
73060,7207,1.7668888568878174
73070,7208,1.7875769138336182
73080,7209,0.6602123379707336
73090,7210,1.1559369564056396
73100,7211,1.1943190097808838
73110,7212,1.7071501016616821
73120,7213,1.4076752662658691
73130,7214,3.6754095554351807
73140,7215,1.1316871643066406
73150,7216,2.172071695327759
73160,7217,1.1842403411865234
73170,7218,1.1538844108581543
73180,7219,1.8855066299438477
73190,7220,1.5445241928100586
73200,7221,1.2648789882659912
73210,7222,0.9152276515960693
73220,7223,1.254407525062561
73230,7224,0.586670994758606
73240,7225,1.2068122625350952
73250,7226,1.6717100143432617
73260,7227,1.0519766807556152
73270,7228,6.553570747375488
73280,7229,1.2215873003005981
73290,7230,1.6342211961746216
73300,7231,1.6490874290466309
73310,7232,1.1547795534133911
73320,7233,1.736015796661377
73330,7234,1.2679105997085571
73340,7235,1.5405715703964233
73350,7236,1.5113664865493774
73360,7237,1.5769802331924438
73370,7238,1.9895583391189575
73380,7239,2.348233222961426
73390,7240,2.0508809089660645
73400,7241,1.3278330564498901
73410,7242,1.4923826456069946
73420,7243,1.2034412622451782
73430,7244,1.1606483459472656
73440,7245,1.7582423686981201
73450,7246,1.1823439598083496
73460,7247,1.481802225112915
73470,7248,2.877121686935425
73480,7249,0.7420052289962769
73490,7250,0.939751923084259
73500,7251,1.932905673980713
73510,7252,0.9668302536010742
73520,7253,1.150146245956421
73530,7254,1.1479756832122803
73540,7255,1.3516149520874023
73550,7256,1.3376444578170776
73560,7257,0.6769235730171204
73570,7258,1.120384931564331
73580,7259,0.9928365349769592
73590,7260,2.886147975921631
73600,7261,1.1544796228408813
73610,7262,1.294363021850586
73620,7263,2.0229010581970215
73630,7264,2.3162336349487305
73640,7265,1.2214746475219727
73650,7266,1.4773838520050049
73660,7267,2.013604164123535
73670,7268,0.9574986696243286
73680,7269,1.1882619857788086
73690,7270,1.657569169998169
73700,7271,0.8295770883560181
73710,7272,1.142751693725586
73720,7273,1.5351810455322266
73730,7274,2.3808188438415527
73740,7275,0.9621163606643677
73750,7276,3.6338746547698975
73760,7277,1.0661139488220215
73770,7278,1.0062991380691528
73780,7279,0.8837140798568726
73790,7280,0.9575477242469788
73800,7281,1.6437562704086304
73810,7282,0.8107187747955322
73820,7283,0.8794229030609131
73830,7284,1.024189829826355
73840,7285,1.91412353515625
73850,7286,2.0830297470092773
73860,7287,1.0639665126800537
73870,7288,0.8439481258392334
73880,7289,1.5798335075378418
73890,7290,1.5381214618682861
73900,7291,1.7707761526107788
73910,7292,1.0412323474884033
73920,7293,1.1952846050262451
73930,7294,1.4765305519104004
73940,7295,1.269742727279663
73950,7296,1.5543427467346191
73960,7297,1.9553080797195435
73970,7298,0.7663156986236572
73980,7299,0.8911585807800293
73990,7300,0.8798954486846924
74000,7301,0.7864441871643066
74010,7302,1.2633780241012573
74020,7303,0.8616869449615479
74030,7304,1.2582690715789795
74040,7305,1.7266310453414917
74050,7306,1.2422504425048828
74060,7307,1.4361058473587036
74070,7308,1.9195146560668945
74080,7309,0.6685923337936401
74090,7310,1.566352367401123
74100,7311,0.7700287103652954
74110,7312,1.4666759967803955
74120,7313,2.3025717735290527
74130,7314,1.272416353225708
74140,7315,1.5864088535308838
74150,7316,2.7554972171783447
74160,7317,0.8115664720535278
74170,7318,1.3622733354568481
74180,7319,1.7485677003860474
74190,7320,2.199450731277466
74200,7321,1.5312203168869019
74210,7322,3.9049243927001953
74220,7323,1.350799798965454
74230,7324,1.476146936416626
74240,7325,3.7570512294769287
74250,7326,3.330868721008301
74260,7327,1.1526007652282715
74270,7328,1.2062408924102783
74280,7329,1.2268484830856323
74290,7330,3.301983118057251
74300,7331,0.9391459822654724
74310,7332,0.6619731187820435
74320,7333,0.8803740739822388
74330,7334,1.286841630935669
74340,7335,1.0013389587402344
74350,7336,1.119433879852295
74360,7337,2.193737268447876
74370,7338,0.6020614504814148
74380,7339,1.349218726158142
74390,7340,1.436122179031372
74400,7341,0.679997980594635
74410,7342,1.4380466938018799
74420,7343,1.1885472536087036
74430,7344,1.049027919769287
74440,7345,1.0049192905426025
74450,7346,0.745151698589325
74460,7347,1.5788323879241943
74470,7348,1.206940770149231
74480,7349,1.1563119888305664
74490,7350,1.8829456567764282
74500,7351,1.6743412017822266
74510,7352,0.7524875998497009
74520,7353,2.2361764907836914
74530,7354,1.2967547178268433
74540,7355,0.68855881690979
74550,7356,1.2556344270706177
74560,7357,1.3775606155395508
74570,7358,2.8196234703063965
74580,7359,0.994354784488678
74590,7360,1.870222806930542
74600,7361,1.6133909225463867
74610,7362,1.951799988746643
74620,7363,0.8937247395515442
74630,7364,0.5914638042449951
74640,7365,1.207304835319519
74650,7366,1.1961143016815186
74660,7367,1.0199785232543945
74670,7368,2.035191774368286
74680,7369,0.6449960470199585
74690,7370,1.0723581314086914
74700,7371,0.5688146352767944
74710,7372,1.015794038772583
74720,7373,1.9769281148910522
74730,7374,1.9210045337677002
74740,7375,1.873977780342102
74750,7376,3.075425148010254
74760,7377,1.454383373260498
74770,7378,1.7322566509246826
74780,7379,1.4076311588287354
74790,7380,1.4448732137680054
74800,7381,0.8840237259864807
74810,7382,1.584980845451355
74820,7383,1.2936171293258667
74830,7384,2.4356184005737305
74840,7385,0.5642209053039551
74850,7386,1.8205212354660034
74860,7387,1.4940211772918701
74870,7388,3.8430140018463135
74880,7389,1.3439828157424927
74890,7390,1.0049593448638916
74900,7391,1.7565726041793823
74910,7392,0.9853839874267578
74920,7393,1.2936129570007324
74930,7394,2.191497564315796
74940,7395,0.886994481086731
74950,7396,1.6655120849609375
74960,7397,0.6294109225273132
74970,7398,1.785606861114502
74980,7399,0.42925921082496643
74990,7400,1.7474974393844604
75000,7401,1.4192969799041748
75010,7402,2.5360326766967773
75020,7403,0.9945449829101562
75030,7404,1.0818169116973877
75040,7405,1.4294285774230957
75050,7406,0.8914101719856262
75060,7407,1.0232216119766235
75070,7408,2.7544949054718018
75080,7409,2.3533496856689453
75090,7410,2.782975435256958
75100,7411,1.6601181030273438
75110,7412,2.6249616146087646
75120,7413,1.102503776550293
75130,7414,0.7399737238883972
75140,7415,2.276129722595215
75150,7416,2.0133728981018066
75160,7417,1.5320608615875244
75170,7418,1.2909042835235596
75180,7419,1.0734471082687378
75190,7420,1.4467326402664185
75200,7421,0.9517901539802551
75210,7422,1.1302685737609863
75220,7423,0.8171895742416382
75230,7424,1.5786495208740234
75240,7425,1.0345227718353271
75250,7426,1.1629804372787476
75260,7427,1.9945169687271118
75270,7428,5.183293342590332
75280,7429,2.044084072113037
75290,7430,1.039826512336731
75300,7431,3.7999672889709473
75310,7432,1.711999535560608
75320,7433,1.0769346952438354
75330,7434,1.7918990850448608
75340,7435,1.4654927253723145
75350,7436,0.5723114609718323
75360,7437,2.5308568477630615
75370,7438,1.2102237939834595
75380,7439,1.0523728132247925
75390,7440,0.9631032347679138
75400,7441,1.39345383644104
75410,7442,1.0228439569473267
75420,7443,0.905559241771698
75430,7444,1.2611826658248901
75440,7445,1.348568320274353
75450,7446,0.4465518295764923
75460,7447,1.2828136682510376
75470,7448,1.2241116762161255
75480,7449,1.7981696128845215
75490,7450,2.0561108589172363
75500,7451,2.3604331016540527
75510,7452,0.8346921801567078
75520,7453,1.3849482536315918
75530,7454,1.7354822158813477
75540,7455,1.940819501876831
75550,7456,0.9296542406082153
75560,7457,1.6312181949615479
75570,7458,1.449387788772583
75580,7459,0.775130033493042
75590,7460,1.2206240892410278
75600,7461,0.7624773383140564
75610,7462,1.103517770767212
75620,7463,1.113033413887024
75630,7464,1.8516795635223389
75640,7465,1.5601848363876343
75650,7466,1.1517055034637451
75660,7467,0.8362367749214172
75670,7468,3.0711445808410645
75680,7469,0.8397277593612671
75690,7470,1.258205533027649
75700,7471,1.2116763591766357
75710,7472,0.9986193180084229
75720,7473,2.184575319290161
75730,7474,4.309595108032227
75740,7475,1.5834795236587524
75750,7476,1.6001750230789185
75760,7477,1.0076332092285156
75770,7478,1.277860403060913
75780,7479,1.8420205116271973
75790,7480,0.6923450231552124
75800,7481,0.8003448247909546
75810,7482,1.345369577407837
75820,7483,1.0581321716308594
75830,7484,1.316436529159546
75840,7485,1.2618399858474731
75850,7486,1.3152393102645874
75860,7487,1.399233102798462
75870,7488,2.4126434326171875
75880,7489,7.174996852874756
75890,7490,2.431821584701538
75900,7491,0.7792543172836304
75910,7492,0.9729929566383362
75920,7493,1.4060168266296387
75930,7494,1.3569412231445312
75940,7495,1.0057588815689087
75950,7496,1.9397063255310059
75960,7497,0.7157227993011475
75970,7498,1.8505945205688477
75980,7499,1.5365298986434937
75990,7500,1.8026190996170044
76000,7501,0.8011075854301453
76010,7502,1.5376994609832764
76020,7503,1.423162579536438
76030,7504,2.0366711616516113
76040,7505,1.1236001253128052
76050,7506,0.7908495664596558
76060,7507,1.2420356273651123
76070,7508,1.378629207611084
76080,7509,3.9420785903930664
76090,7510,1.0842723846435547
76100,7511,0.7472168207168579
76110,7512,1.028541922569275
76120,7513,1.0849860906600952
76130,7514,0.992723286151886
76140,7515,0.784524142742157
76150,7516,0.7931510806083679
76160,7517,0.830167293548584
76170,7518,1.1828579902648926
76180,7519,1.0395911931991577
76190,7520,2.1495561599731445
76200,7521,1.2097383737564087
76210,7522,2.1527228355407715
76220,7523,0.5301774740219116
76230,7524,1.0599932670593262
76240,7525,1.5068037509918213
76250,7526,0.9900241494178772
76260,7527,2.1102054119110107
76270,7528,1.5963075160980225
76280,7529,1.0540357828140259
76290,7530,0.9829553961753845
76300,7531,1.517568826675415
76310,7532,1.3490160703659058
76320,7533,2.9870340824127197
76330,7534,1.0996482372283936
76340,7535,1.8485769033432007
76350,7536,0.7682439684867859
76360,7537,0.9067915678024292
76370,7538,1.1892523765563965
76380,7539,0.9529582262039185
76390,7540,0.8188572525978088
76400,7541,1.2342545986175537
76410,7542,1.12290358543396
76420,7543,1.9760427474975586
76430,7544,0.9092568159103394
76440,7545,1.0390509366989136
76450,7546,1.4919867515563965
76460,7547,1.7846782207489014
76470,7548,1.8947622776031494
76480,7549,0.7797082662582397
76490,7550,0.6682721376419067
76500,7551,0.9676423668861389
76510,7552,2.05617094039917
76520,7553,0.6340481042861938
76530,7554,1.6718826293945312
76540,7555,1.0814934968948364
76550,7556,1.1759003400802612
76560,7557,1.0381520986557007
76570,7558,3.5451385974884033
76580,7559,1.2553001642227173
76590,7560,1.599892497062683
76600,7561,0.7029551863670349
76610,7562,2.066281795501709
76620,7563,1.3632274866104126
76630,7564,0.8240203857421875
76640,7565,0.5541062951087952
76650,7566,1.0453962087631226
76660,7567,1.3148351907730103
76670,7568,2.2085702419281006
76680,7569,1.5623464584350586
76690,7570,1.5820868015289307
76700,7571,2.2281575202941895
76710,7572,0.8238664269447327
76720,7573,1.1293070316314697
76730,7574,0.8137108683586121
76740,7575,1.3906923532485962
76750,7576,1.650308609008789
76760,7577,1.604580044746399
76770,7578,1.1260123252868652
76780,7579,1.2467302083969116
76790,7580,1.9357210397720337
76800,7581,0.5873560905456543
76810,7582,1.0523508787155151
76820,7583,0.8764963150024414
76830,7584,0.8425765633583069
76840,7585,2.515322685241699
76850,7586,1.1606518030166626
76860,7587,0.9867298007011414
76870,7588,1.1208372116088867
76880,7589,0.6462351679801941
76890,7590,1.1810969114303589
76900,7591,1.0500202178955078
76910,7592,0.867554783821106
76920,7593,2.108814001083374
76930,7594,1.2217965126037598
76940,7595,1.5981727838516235
76950,7596,0.7663909196853638
76960,7597,1.0438165664672852
76970,7598,1.0261242389678955
76980,7599,1.2863998413085938
76990,7600,1.6610403060913086
77000,7601,1.5946600437164307
77010,7602,1.5290119647979736
77020,7603,1.4686198234558105
77030,7604,0.9132853746414185
77040,7605,0.7356330156326294
77050,7606,1.9849637746810913
77060,7607,2.2039196491241455
77070,7608,1.2665348052978516
77080,7609,0.8736035227775574
77090,7610,0.6311028599739075
77100,7611,7.266789436340332
77110,7612,0.786815345287323
77120,7613,1.2779128551483154
77130,7614,1.1850529909133911
77140,7615,2.273850917816162
77150,7616,0.6483573317527771
77160,7617,0.7178710699081421
77170,7618,1.0126773118972778
77180,7619,1.4678795337677002
77190,7620,1.3457821607589722
77200,7621,2.790388584136963
77210,7622,0.9312729835510254
77220,7623,1.1704938411712646
77230,7624,0.557541012763977
77240,7625,1.1071966886520386
77250,7626,1.6220941543579102
77260,7627,0.7779191136360168
77270,7628,1.003944993019104
77280,7629,1.7589284181594849
77290,7630,1.310068130493164
77300,7631,0.7234624624252319
77310,7632,0.8176249861717224
77320,7633,1.8924798965454102
77330,7634,1.6894363164901733
77340,7635,1.8877965211868286
77350,7636,1.0074461698532104
77360,7637,1.8901346921920776
77370,7638,0.7542004585266113
77380,7639,1.3696801662445068
77390,7640,1.345010757446289
77400,7641,1.3416178226470947
77410,7642,3.4341979026794434
77420,7643,1.1635767221450806
77430,7644,1.5303170680999756
77440,7645,1.3463891744613647
77450,7646,2.2598464488983154
77460,7647,1.9963982105255127
77470,7648,0.8653848767280579
77480,7649,0.9374127388000488
77490,7650,1.0863761901855469
77500,7651,1.1804344654083252
77510,7652,1.4313031435012817
77520,7653,1.3294178247451782
77530,7654,1.3261277675628662
77540,7655,1.095159888267517
77550,7656,1.3912384510040283
77560,7657,0.7694618701934814
77570,7658,0.44851985573768616
77580,7659,0.6535069346427917
77590,7660,0.995435893535614
77600,7661,0.7857311964035034
77610,7662,2.3232314586639404
77620,7663,1.7934622764587402
77630,7664,0.7688890695571899
77640,7665,1.157160997390747
77650,7666,0.7236144542694092
77660,7667,0.6248130202293396
77670,7668,2.2748913764953613
77680,7669,1.2593770027160645
77690,7670,0.551624059677124
77700,7671,0.8878186941146851
77710,7672,0.9633792638778687
77720,7673,1.1514887809753418
77730,7674,2.2900590896606445
77740,7675,5.483436107635498
77750,7676,0.8503385782241821
77760,7677,0.8115814924240112
77770,7678,0.8759409189224243
77780,7679,1.3853181600570679
77790,7680,0.8340463638305664
77800,7681,0.682122528553009
77810,7682,0.6556396484375
77820,7683,1.4768948554992676
77830,7684,1.575544834136963
77840,7685,1.1106339693069458
77850,7686,0.6981903910636902
77860,7687,0.6975054144859314
77870,7688,3.3116157054901123
77880,7689,1.8028260469436646
77890,7690,1.520482063293457
77900,7691,1.0042983293533325
77910,7692,1.156684398651123
77920,7693,1.5798251628875732
77930,7694,2.001006603240967
77940,7695,1.2556313276290894
77950,7696,1.2939202785491943
77960,7697,1.5510610342025757
77970,7698,1.6363446712493896
77980,7699,0.8654604554176331
77990,7700,0.8122658729553223
78000,7701,1.181951880455017
78010,7702,1.8866465091705322
78020,7703,1.144010305404663
78030,7704,1.309683918952942
78040,7705,1.0513261556625366
78050,7706,1.009474515914917
78060,7707,1.3854845762252808
78070,7708,2.8516764640808105
78080,7709,1.414530873298645
78090,7710,1.2835592031478882
78100,7711,1.0130467414855957
78110,7712,1.590635061264038
78120,7713,0.9766383767127991
78130,7714,1.550224781036377
78140,7715,1.2834569215774536
78150,7716,0.9086201190948486
78160,7717,0.6655216813087463
78170,7718,3.073408365249634
78180,7719,2.4322853088378906
78190,7720,2.27288818359375
78200,7721,2.068711757659912
78210,7722,1.2879655361175537
78220,7723,0.7581037282943726
78230,7724,2.33590030670166
78240,7725,3.208669424057007
78250,7726,1.7016873359680176
78260,7727,1.500184416770935
78270,7728,2.7028422355651855
78280,7729,2.860158920288086
78290,7730,3.527266025543213
78300,7731,1.3456584215164185
78310,7732,0.710273265838623
78320,7733,1.9376800060272217
78330,7734,1.229340672492981
78340,7735,1.549431324005127
78350,7736,2.407045841217041
78360,7737,1.0582700967788696
78370,7738,0.8075592517852783
78380,7739,1.3299678564071655
78390,7740,1.5817370414733887
78400,7741,0.7666648030281067
78410,7742,1.06955087184906
78420,7743,3.0158374309539795
78430,7744,1.0706363916397095
78440,7745,1.0560016632080078
78450,7746,1.35896635055542
78460,7747,1.5198204517364502
78470,7748,0.9431664943695068
78480,7749,3.9659764766693115
78490,7750,0.7139785885810852
78500,7751,1.0318360328674316
78510,7752,1.1348872184753418
78520,7753,2.713141918182373
78530,7754,1.5528559684753418
78540,7755,1.3510022163391113
78550,7756,1.5205349922180176
78560,7757,0.7586120367050171
78570,7758,1.2425388097763062
78580,7759,1.9044946432113647
78590,7760,1.3179657459259033
78600,7761,1.7938050031661987
78610,7762,1.9667197465896606
78620,7763,4.3133745193481445
78630,7764,0.8289282321929932
78640,7765,5.541496276855469
78650,7766,2.543102979660034
78660,7767,1.4219551086425781
78670,7768,1.0022404193878174
78680,7769,1.4480940103530884
78690,7770,1.9148896932601929
78700,7771,2.61354923248291
78710,7772,1.6147236824035645
78720,7773,2.1938610076904297
78730,7774,2.416383981704712
78740,7775,3.7345144748687744
78750,7776,1.267716646194458
78760,7777,2.249485969543457
78770,7778,1.3759809732437134
78780,7779,1.1351075172424316
78790,7780,1.3566131591796875
78800,7781,1.0241824388504028
78810,7782,1.7463210821151733
78820,7783,1.476840615272522
78830,7784,2.5574402809143066
78840,7785,0.8561737537384033
78850,7786,2.1424455642700195
78860,7787,1.4961862564086914
78870,7788,1.2172532081604004
78880,7789,1.895836353302002
78890,7790,1.1175097227096558
78900,7791,3.8821399211883545
78910,7792,1.376153588294983
78920,7793,1.7539318799972534
78930,7794,1.565258264541626
78940,7795,0.7465789318084717
78950,7796,1.4358527660369873
78960,7797,1.112635612487793
78970,7798,0.6181182861328125
78980,7799,0.9965157508850098
78990,7800,1.4729628562927246
79000,7801,1.4470487833023071
79010,7802,1.4427708387374878
79020,7803,0.6307663321495056
79030,7804,1.6769781112670898
79040,7805,1.3418595790863037
79050,7806,1.2240724563598633
79060,7807,1.209537386894226
79070,7808,1.5690995454788208
79080,7809,2.176438570022583
79090,7810,0.9509528875350952
79100,7811,1.2965312004089355
79110,7812,1.2766748666763306
79120,7813,1.1819303035736084
79130,7814,2.928769826889038
79140,7815,1.5718101263046265
79150,7816,2.506845712661743
79160,7817,1.75958251953125
79170,7818,1.284767508506775
79180,7819,0.6479575634002686
79190,7820,1.5222471952438354
79200,7821,1.9460786581039429
79210,7822,1.6675969362258911
79220,7823,0.8704771399497986
79230,7824,1.1665090322494507
79240,7825,1.3710694313049316
79250,7826,2.833542585372925
79260,7827,1.1800060272216797
79270,7828,2.108341693878174
79280,7829,1.5476149320602417
79290,7830,1.6152141094207764
79300,7831,2.255819082260132
79310,7832,1.1908341646194458
79320,7833,1.2406858205795288
79330,7834,1.3016903400421143
79340,7835,5.883823394775391
79350,7836,0.8108706474304199
79360,7837,0.8193369507789612
79370,7838,2.191917896270752
79380,7839,2.814493179321289
79390,7840,1.2406119108200073
79400,7841,0.6875361800193787
79410,7842,1.2572205066680908
79420,7843,1.6972532272338867
79430,7844,1.8895950317382812
79440,7845,1.7300080060958862
79450,7846,1.329267144203186
79460,7847,1.384164810180664
79470,7848,0.9257617592811584
79480,7849,1.652336597442627
79490,7850,3.237156867980957
79500,7851,1.8291046619415283
79510,7852,0.9037203788757324
79520,7853,0.4832974672317505
79530,7854,1.2515703439712524
79540,7855,1.2680166959762573
79550,7856,1.4408999681472778
79560,7857,1.5220757722854614
79570,7858,1.8272844552993774
79580,7859,1.2599254846572876
79590,7860,1.1335153579711914
79600,7861,1.2126137018203735
79610,7862,1.7219011783599854
79620,7863,0.9152737855911255
79630,7864,1.4766261577606201
79640,7865,1.6803240776062012
79650,7866,3.157770872116089
79660,7867,0.5805954337120056
79670,7868,0.784069299697876
79680,7869,1.0133916139602661
79690,7870,1.0313562154769897
79700,7871,2.05591082572937
79710,7872,1.6932653188705444
79720,7873,3.7890334129333496
79730,7874,1.5461533069610596
79740,7875,1.357967495918274
79750,7876,1.1166597604751587
79760,7877,1.4117460250854492
79770,7878,0.4731469452381134
79780,7879,2.1483123302459717
79790,7880,1.1387683153152466
79800,7881,1.624171257019043
79810,7882,1.3774420022964478
79820,7883,0.9132738709449768
79830,7884,0.8386109471321106
79840,7885,0.9307191371917725
79850,7886,1.1943696737289429
79860,7887,1.3456988334655762
79870,7888,1.3018336296081543
79880,7889,0.8211163282394409
79890,7890,3.2038910388946533
79900,7891,1.7303516864776611
79910,7892,1.0095206499099731
79920,7893,0.8350716829299927
79930,7894,0.8967648148536682
79940,7895,4.206529140472412
79950,7896,0.9478469491004944
79960,7897,1.6387364864349365
79970,7898,1.7441370487213135
79980,7899,3.668290138244629
79990,7900,0.999900221824646
80000,7901,1.3049757480621338
80010,7902,0.8044726848602295
80020,7903,1.1041440963745117
80030,7904,0.937427818775177
80040,7905,3.822888135910034
80050,7906,1.0746488571166992
80060,7907,1.0207074880599976
80070,7908,2.476999282836914
80080,7909,1.2486014366149902
80090,7910,3.7702903747558594
80100,7911,4.163024425506592
80110,7912,1.3152663707733154
80120,7913,1.596853494644165
80130,7914,0.7574883103370667
80140,7915,1.3921725749969482
80150,7916,0.9495087265968323
80160,7917,1.4395427703857422
80170,7918,1.9361984729766846
80180,7919,1.2796636819839478
80190,7920,1.5938435792922974
80200,7921,1.159886360168457
80210,7922,1.0560187101364136
80220,7923,2.7014307975769043
80230,7924,1.990105390548706
80240,7925,1.9200621843338013
80250,7926,2.070023536682129
80260,7927,0.8426170945167542
80270,7928,1.0712541341781616
80280,7929,0.5884394645690918
80290,7930,1.1073458194732666
80300,7931,1.0657875537872314
80310,7932,1.123282551765442
80320,7933,3.309300661087036
80330,7934,1.556861162185669
80340,7935,0.6884839534759521
80350,7936,1.6749736070632935
80360,7937,1.1207201480865479
80370,7938,0.9730677604675293
80380,7939,1.4210286140441895
80390,7940,1.323685884475708
80400,7941,1.0209511518478394
80410,7942,1.0669244527816772
80420,7943,1.9267191886901855
80430,7944,1.2499604225158691
80440,7945,1.5416431427001953
80450,7946,2.261383533477783
80460,7947,1.2547188997268677
80470,7948,1.8081283569335938
80480,7949,1.2212034463882446
80490,7950,1.024614691734314
80500,7951,1.6797221899032593
80510,7952,1.5051863193511963
80520,7953,1.1012407541275024
80530,7954,1.3745917081832886
80540,7955,1.122555136680603
80550,7956,1.2474124431610107
80560,7957,1.289417028427124
80570,7958,1.5705108642578125
80580,7959,3.930410861968994
80590,7960,1.8160226345062256
80600,7961,1.2525066137313843
80610,7962,1.062628149986267
80620,7963,0.6735895872116089
80630,7964,1.6134977340698242
80640,7965,1.3046283721923828
80650,7966,2.079902410507202
80660,7967,3.1027631759643555
80670,7968,1.480958104133606
80680,7969,1.4936734437942505
80690,7970,1.1257890462875366
80700,7971,2.0276968479156494
80710,7972,1.143117070198059
80720,7973,2.4231417179107666
80730,7974,0.9523107409477234
80740,7975,0.7001011371612549
80750,7976,1.6617528200149536
80760,7977,2.7043020725250244
80770,7978,1.5968655347824097
80780,7979,0.5556702017784119
80790,7980,1.0778621435165405
80800,7981,1.1863723993301392
80810,7982,1.308982014656067
80820,7983,2.0319042205810547
80830,7984,1.526698350906372
80840,7985,0.8338555693626404
80850,7986,1.3847336769104004
80860,7987,1.5078461170196533
80870,7988,1.8107783794403076
80880,7989,1.2684296369552612
80890,7990,2.0332791805267334
80900,7991,1.4168914556503296
80910,7992,0.49603593349456787
80920,7993,1.902368187904358
80930,7994,1.5507986545562744
80940,7995,3.2467806339263916
80950,7996,1.6445473432540894
80960,7997,1.0290687084197998
80970,7998,3.1578381061553955
80980,7999,3.263983726501465
80990,8000,1.2142330408096313
81000,8001,1.277637004852295
81010,8002,1.1139112710952759
81020,8003,1.3443052768707275
81030,8004,4.259745121002197
81040,8005,0.9781849980354309
81050,8006,1.1051527261734009
81060,8007,1.7270516157150269
81070,8008,1.7675739526748657
81080,8009,0.7856505513191223
81090,8010,1.1998791694641113
81100,8011,2.0806875228881836
81110,8012,1.1377851963043213
81120,8013,1.621711015701294
81130,8014,1.4935433864593506
81140,8015,1.2077293395996094
81150,8016,0.9983882308006287
81160,8017,1.3943902254104614
81170,8018,2.5980186462402344
81180,8019,0.6905003786087036
81190,8020,0.818979024887085
81200,8021,2.215144634246826
81210,8022,1.969872236251831
81220,8023,1.4695881605148315
81230,8024,1.105476975440979
81240,8025,1.3291256427764893
81250,8026,3.0587072372436523
81260,8027,1.5757300853729248
81270,8028,0.6496006846427917
81280,8029,1.278699278831482
81290,8030,1.918860673904419
81300,8031,2.927109956741333
81310,8032,5.868677616119385
81320,8033,4.932743549346924
81330,8034,1.1009646654129028
81340,8035,1.419032335281372
81350,8036,0.9403688311576843
81360,8037,1.2687253952026367
81370,8038,2.358738422393799
81380,8039,0.5181421637535095
81390,8040,1.1467334032058716
81400,8041,2.1767120361328125
81410,8042,0.6117773652076721
81420,8043,2.1185691356658936
81430,8044,2.2865312099456787
81440,8045,0.9064087867736816
81450,8046,4.354136943817139
81460,8047,3.5776493549346924
81470,8048,2.098452568054199
81480,8049,0.4375872015953064
81490,8050,1.265608549118042
81500,8051,0.9656779766082764
81510,8052,0.6143990755081177
81520,8053,1.5115017890930176
81530,8054,2.086002826690674
81540,8055,2.5069503784179688
81550,8056,0.9691834449768066
81560,8057,1.0435457229614258
81570,8058,2.7782061100006104
81580,8059,2.146076202392578
81590,8060,1.5575963258743286
81600,8061,2.489546298980713
81610,8062,1.3813039064407349
81620,8063,2.468170642852783
81630,8064,2.174135684967041
81640,8065,2.974574089050293
81650,8066,1.0752787590026855
81660,8067,1.029712438583374
81670,8068,3.217188835144043
81680,8069,0.9109679460525513
81690,8070,1.319764256477356
81700,8071,2.9577534198760986
81710,8072,2.140401601791382
81720,8073,2.1827080249786377
81730,8074,1.845242977142334
81740,8075,2.3016467094421387
81750,8076,1.686326503753662
81760,8077,1.399591326713562
81770,8078,0.7403352856636047
81780,8079,3.0459041595458984
81790,8080,1.1860109567642212
81800,8081,1.6095361709594727
81810,8082,0.8994926810264587
81820,8083,0.9436126947402954
81830,8084,2.511113405227661
81840,8085,1.3667936325073242
81850,8086,0.7025152444839478
81860,8087,1.895292043685913
81870,8088,1.1934115886688232
81880,8089,1.4843565225601196
81890,8090,1.6176393032073975
81900,8091,1.420485258102417
81910,8092,1.4877407550811768
81920,8093,1.5169222354888916
81930,8094,2.283513069152832
81940,8095,0.9121443033218384
81950,8096,3.3429148197174072
81960,8097,1.4680075645446777
81970,8098,0.9671133756637573
81980,8099,3.830556869506836
81990,8100,0.6221456527709961
82000,8101,0.7085857391357422
82010,8102,2.2993955612182617
82020,8103,1.8420196771621704
82030,8104,1.698899507522583
82040,8105,0.9992814660072327
82050,8106,0.734860360622406
82060,8107,1.5525567531585693
82070,8108,0.815885603427887
82080,8109,0.8359839916229248
82090,8110,1.6340398788452148
82100,8111,1.8441851139068604
82110,8112,1.977210521697998
82120,8113,3.023627996444702
82130,8114,2.0892622470855713
82140,8115,2.815817356109619
82150,8116,1.0387954711914062
82160,8117,1.296842098236084
82170,8118,1.2478411197662354
82180,8119,1.0640416145324707
82190,8120,1.2028251886367798
82200,8121,1.1143680810928345
82210,8122,2.2615320682525635
82220,8123,1.266319751739502
82230,8124,1.8545031547546387
82240,8125,0.9679524302482605
82250,8126,1.9001847505569458
82260,8127,1.1383183002471924
82270,8128,1.7847481966018677
82280,8129,1.3242812156677246
82290,8130,1.8448091745376587
82300,8131,1.265380859375
82310,8132,0.5460698008537292
82320,8133,1.7537035942077637
82330,8134,1.2546743154525757
82340,8135,1.5103771686553955
82350,8136,1.4507726430892944
82360,8137,1.2584285736083984
82370,8138,2.638939142227173
82380,8139,0.9873128533363342
82390,8140,2.0306835174560547
82400,8141,1.9095008373260498
82410,8142,1.9051992893218994
82420,8143,1.3064146041870117
82430,8144,2.0941970348358154
82440,8145,1.5431463718414307
82450,8146,1.577229619026184
82460,8147,1.2071746587753296
82470,8148,3.3427724838256836
82480,8149,1.9707491397857666
82490,8150,1.6841652393341064
82500,8151,2.828090190887451
82510,8152,1.568394422531128
82520,8153,0.9757917523384094
82530,8154,2.0771543979644775
82540,8155,1.9461266994476318
82550,8156,1.3994380235671997
82560,8157,0.9975252151489258
82570,8158,0.8869537115097046
82580,8159,3.297220468521118
82590,8160,1.4331507682800293
82600,8161,0.7006024718284607
82610,8162,0.8075306415557861
82620,8163,2.1253435611724854
82630,8164,1.4629584550857544
82640,8165,1.9364756345748901
82650,8166,2.38980770111084
82660,8167,1.8121342658996582
82670,8168,1.8042525053024292
82680,8169,2.2689366340637207
82690,8170,1.0886781215667725
82700,8171,1.1446119546890259
82710,8172,1.149769902229309
82720,8173,2.1647789478302
82730,8174,1.1310468912124634
82740,8175,2.1086692810058594
82750,8176,1.3422675132751465
82760,8177,0.9961203336715698
82770,8178,0.8222833871841431
82780,8179,1.0981460809707642
82790,8180,1.3465185165405273
82800,8181,1.9419606924057007
82810,8182,1.339622139930725
82820,8183,0.9631587266921997
82830,8184,2.0505080223083496
82840,8185,1.469936728477478
82850,8186,1.6119863986968994
82860,8187,1.2575849294662476
82870,8188,1.6040394306182861
82880,8189,0.9108357429504395
82890,8190,1.4901105165481567
82900,8191,3.0684990882873535
82910,8192,1.5052438974380493
82920,8193,2.5896642208099365
82930,8194,1.4504857063293457
82940,8195,1.1346505880355835
82950,8196,0.7853697538375854
82960,8197,1.2018518447875977
82970,8198,1.248095989227295
82980,8199,2.0008320808410645
82990,8200,0.6790828704833984
83000,8201,0.9173567891120911
83010,8202,2.4802353382110596
83020,8203,2.1531684398651123
83030,8204,1.687682032585144
83040,8205,1.929288625717163
83050,8206,1.6806180477142334
83060,8207,1.5934640169143677
83070,8208,1.2264928817749023
83080,8209,1.9644699096679688
83090,8210,0.8580690026283264
83100,8211,0.8569780588150024
83110,8212,1.0889339447021484
83120,8213,1.044447660446167
83130,8214,2.7010140419006348
83140,8215,2.212371349334717
83150,8216,1.805214524269104
83160,8217,1.380614995956421
83170,8218,2.2907848358154297
83180,8219,1.17782461643219
83190,8220,1.1747812032699585
83200,8221,1.079891324043274
83210,8222,1.1611826419830322
83220,8223,1.2104724645614624
83230,8224,1.4626089334487915
83240,8225,1.3303319215774536
83250,8226,1.4030183553695679
83260,8227,1.6341221332550049
83270,8228,2.8844714164733887
83280,8229,3.1761550903320312
83290,8230,1.4777179956436157
83300,8231,5.069518089294434
83310,8232,0.7076560258865356
83320,8233,1.957594633102417
83330,8234,1.1453808546066284
83340,8235,2.727320432662964
83350,8236,2.940673589706421
83360,8237,0.659332811832428
83370,8238,1.3741538524627686
83380,8239,1.783898115158081
83390,8240,1.3763631582260132
83400,8241,1.9218037128448486
83410,8242,1.2018446922302246
83420,8243,3.6913037300109863
83430,8244,1.0776031017303467
83440,8245,1.896053671836853
83450,8246,2.139312267303467
83460,8247,1.8306630849838257
83470,8248,4.136610507965088
83480,8249,0.6178492903709412
83490,8250,1.9251952171325684
83500,8251,1.1190837621688843
83510,8252,1.5719141960144043
83520,8253,0.8658091425895691
83530,8254,1.4969024658203125
83540,8255,1.933966875076294
83550,8256,1.0637315511703491
83560,8257,1.177586555480957
83570,8258,0.6693637371063232
83580,8259,0.7889808416366577
83590,8260,1.0158982276916504
83600,8261,1.1740471124649048
83610,8262,1.0142698287963867
83620,8263,1.5109578371047974
83630,8264,0.7188979387283325
83640,8265,0.7207619547843933
83650,8266,1.5318000316619873
83660,8267,1.1270179748535156
83670,8268,1.2599458694458008
83680,8269,1.020229458808899
83690,8270,2.4388985633850098
83700,8271,1.5233577489852905
83710,8272,1.7160396575927734
83720,8273,1.8127294778823853
83730,8274,1.6095125675201416
83740,8275,1.046667218208313
83750,8276,1.406162977218628
83760,8277,1.383873701095581
83770,8278,2.131159543991089
83780,8279,0.8731987476348877
83790,8280,1.543189287185669
83800,8281,1.8206205368041992
83810,8282,3.0212490558624268
83820,8283,1.1200639009475708
83830,8284,1.2272149324417114
83840,8285,1.1539931297302246
83850,8286,1.0627511739730835
83860,8287,1.447693109512329
83870,8288,0.7680857181549072
83880,8289,3.2555768489837646
83890,8290,1.8503913879394531
83900,8291,1.6098054647445679
83910,8292,1.3118271827697754
83920,8293,2.1258351802825928
83930,8294,0.6285152435302734
83940,8295,1.9590883255004883
83950,8296,1.7442988157272339
83960,8297,1.6725730895996094
83970,8298,0.7401296496391296
83980,8299,1.7681392431259155
83990,8300,1.111974835395813
84000,8301,0.7187013030052185
84010,8302,1.3484169244766235
84020,8303,1.358367681503296
84030,8304,1.0829168558120728
84040,8305,1.1287299394607544
84050,8306,1.3661900758743286
84060,8307,1.7805514335632324
84070,8308,1.496773362159729
84080,8309,0.9946658611297607
84090,8310,1.1030508279800415
84100,8311,1.1064260005950928
84110,8312,0.9311107397079468
84120,8313,2.1730425357818604
84130,8314,0.8490853309631348
84140,8315,1.1554813385009766
84150,8316,1.1332945823669434
84160,8317,1.8073756694793701
84170,8318,1.34445321559906
84180,8319,2.7326626777648926
84190,8320,1.3437210321426392
84200,8321,1.5221160650253296
84210,8322,3.1820287704467773
84220,8323,0.5868836641311646
84230,8324,1.0449179410934448
84240,8325,0.9652568697929382
84250,8326,1.7840980291366577
84260,8327,1.652754783630371
84270,8328,2.5178346633911133
84280,8329,0.6624633073806763
84290,8330,2.1925830841064453
84300,8331,1.2985045909881592
84310,8332,1.5919116735458374
84320,8333,1.373927116394043
84330,8334,2.706731081008911
84340,8335,1.455938696861267
84350,8336,1.8316974639892578
84360,8337,1.5433323383331299
84370,8338,1.540865421295166
84380,8339,1.126249074935913
84390,8340,1.1101222038269043
84400,8341,1.874819278717041
84410,8342,3.6495370864868164
84420,8343,1.1754493713378906
84430,8344,3.1508283615112305
84440,8345,2.4588515758514404
84450,8346,1.200721263885498
84460,8347,1.2105962038040161
84470,8348,0.7687167525291443
84480,8349,1.6421757936477661
84490,8350,2.144569158554077
84500,8351,1.3576385974884033
84510,8352,2.149212598800659
84520,8353,1.2351562976837158
84530,8354,1.7064263820648193
84540,8355,0.9615834951400757
84550,8356,1.667525291442871
84560,8357,1.4739553928375244
84570,8358,1.8330434560775757
84580,8359,1.5059475898742676
84590,8360,1.4855901002883911
84600,8361,1.3885071277618408
84610,8362,1.7120267152786255
84620,8363,1.6707019805908203
84630,8364,1.9236637353897095
84640,8365,2.2854788303375244
84650,8366,2.546461582183838
84660,8367,1.710054636001587
84670,8368,0.782442569732666
84680,8369,2.431645393371582
84690,8370,2.580564022064209
84700,8371,3.2251670360565186
84710,8372,1.9807442426681519
84720,8373,2.3665850162506104
84730,8374,1.449135184288025
84740,8375,1.3498221635818481
84750,8376,1.9953272342681885
84760,8377,1.8936327695846558
84770,8378,1.1266093254089355
84780,8379,2.5645017623901367
84790,8380,2.282445192337036
84800,8381,0.9784948229789734
84810,8382,1.5018829107284546
84820,8383,2.1612327098846436
84830,8384,1.0789753198623657
84840,8385,2.058112859725952
84850,8386,1.2650643587112427
84860,8387,0.491775244474411
84870,8388,1.3017785549163818
84880,8389,2.4922688007354736
84890,8390,1.3202402591705322
84900,8391,2.1937131881713867
84910,8392,1.5833383798599243
84920,8393,4.394835472106934
84930,8394,0.8887066841125488
84940,8395,1.3109859228134155
84950,8396,1.6443262100219727
84960,8397,0.7952598333358765
84970,8398,1.4318958520889282
84980,8399,0.6087172627449036
84990,8400,0.8737474083900452
85000,8401,0.6423314213752747
85010,8402,1.2168712615966797
85020,8403,0.980994462966919
85030,8404,1.2931641340255737
85040,8405,1.0984004735946655
85050,8406,1.4574668407440186
85060,8407,3.9444522857666016
85070,8408,0.6906371712684631
85080,8409,1.5557575225830078
85090,8410,1.9798951148986816
85100,8411,1.8520491123199463
85110,8412,1.154884934425354
85120,8413,1.0725011825561523
85130,8414,1.0023207664489746
85140,8415,1.45570969581604
85150,8416,1.233515977859497
85160,8417,1.0463981628417969
85170,8418,1.3720464706420898
85180,8419,1.1925394535064697
85190,8420,1.702168583869934
85200,8421,1.4251919984817505
85210,8422,1.3681641817092896
85220,8423,1.2676494121551514
85230,8424,2.28220796585083
85240,8425,1.4174344539642334
85250,8426,0.9531806707382202
85260,8427,1.1234210729599
85270,8428,1.8044779300689697
85280,8429,1.4966212511062622
85290,8430,1.1032301187515259
85300,8431,0.9015161395072937
85310,8432,1.5002379417419434
85320,8433,1.8199689388275146
85330,8434,0.8496366143226624
85340,8435,1.5085572004318237
85350,8436,0.7277894616127014
85360,8437,1.8011345863342285
85370,8438,1.1236703395843506
85380,8439,1.641290307044983
85390,8440,1.228932499885559
85400,8441,1.3446122407913208
85410,8442,1.2058899402618408
85420,8443,0.8832961320877075
85430,8444,1.2191575765609741
85440,8445,3.925813913345337
85450,8446,1.2398786544799805
85460,8447,1.586543083190918
85470,8448,1.3115402460098267
85480,8449,1.0928034782409668
85490,8450,0.8782294988632202
85500,8451,1.8415753841400146
85510,8452,0.7865488529205322
85520,8453,0.49268588423728943
85530,8454,0.7565106153488159
85540,8455,1.119325041770935
85550,8456,1.2556424140930176
85560,8457,0.4874277114868164
85570,8458,2.838963270187378
85580,8459,1.7063641548156738
85590,8460,2.0697975158691406
85600,8461,1.2216099500656128
85610,8462,2.5657448768615723
85620,8463,1.5680040121078491
85630,8464,0.8203920722007751
85640,8465,0.7461879253387451
85650,8466,1.3925896883010864
85660,8467,0.7662472724914551
85670,8468,2.1079723834991455
85680,8469,4.331295490264893
85690,8470,1.1150716543197632
85700,8471,1.7000701427459717
85710,8472,0.762719988822937
85720,8473,0.7607172727584839
85730,8474,1.6936954259872437
85740,8475,7.409365653991699
85750,8476,1.4549182653427124
85760,8477,1.3777549266815186
85770,8478,1.5733293294906616
85780,8479,2.0250048637390137
85790,8480,2.1093361377716064
85800,8481,2.011585235595703
85810,8482,0.8937152624130249
85820,8483,1.151006817817688
85830,8484,2.353224515914917
85840,8485,1.388141393661499
85850,8486,0.9351732134819031
85860,8487,1.4830032587051392
85870,8488,0.9552966356277466
85880,8489,2.682248115539551
85890,8490,2.4885876178741455
85900,8491,1.3420368432998657
85910,8492,1.9535422325134277
85920,8493,0.7623699903488159
85930,8494,0.5956687331199646
85940,8495,1.109926462173462
85950,8496,1.2942886352539062
85960,8497,1.8067710399627686
85970,8498,0.924927294254303
85980,8499,1.480329990386963
85990,8500,0.47477173805236816
86000,8501,1.400705099105835
86010,8502,5.0982747077941895
86020,8503,1.1024190187454224
86030,8504,1.515097737312317
86040,8505,1.067520260810852
86050,8506,0.6002272963523865
86060,8507,1.2527997493743896
86070,8508,2.084747314453125
86080,8509,1.1020046472549438
86090,8510,1.2813442945480347
86100,8511,1.3751105070114136
86110,8512,1.3680135011672974
86120,8513,2.115032434463501
86130,8514,1.6586977243423462
86140,8515,4.77000093460083
86150,8516,0.895823061466217
86160,8517,1.134002685546875
86170,8518,1.8979403972625732
86180,8519,2.417238235473633
86190,8520,1.1046385765075684
86200,8521,2.887827157974243
86210,8522,1.7225003242492676
86220,8523,1.3203036785125732
86230,8524,1.0596606731414795
86240,8525,1.2344746589660645
86250,8526,1.408543348312378
86260,8527,0.9525384306907654
86270,8528,1.440985918045044
86280,8529,2.4358887672424316
86290,8530,2.416994094848633
86300,8531,1.5286935567855835
86310,8532,1.4028109312057495
86320,8533,1.9901227951049805
86330,8534,0.8142912983894348
86340,8535,1.3473252058029175
86350,8536,1.5065995454788208
86360,8537,2.073439836502075
86370,8538,1.6838595867156982
86380,8539,0.9164382219314575
86390,8540,1.136833667755127
86400,8541,1.3319182395935059
86410,8542,1.2270673513412476
86420,8543,0.8372925519943237
86430,8544,3.140104293823242
86440,8545,1.355111837387085
86450,8546,0.8602211475372314
86460,8547,1.1354384422302246
86470,8548,0.9820184707641602
86480,8549,1.3196452856063843
86490,8550,5.512677192687988
86500,8551,1.4590229988098145
86510,8552,1.3714747428894043
86520,8553,1.2427341938018799
86530,8554,1.5661256313323975
86540,8555,1.4674122333526611
86550,8556,2.23018741607666
86560,8557,1.743599772453308
86570,8558,1.2684043645858765
86580,8559,2.569868326187134
86590,8560,1.0595402717590332
86600,8561,1.406481146812439
86610,8562,1.3368322849273682
86620,8563,1.47931706905365
86630,8564,1.6929845809936523
86640,8565,0.8079606890678406
86650,8566,1.085063099861145
86660,8567,0.9270139932632446
86670,8568,1.271053433418274
86680,8569,2.3811776638031006
86690,8570,1.9276587963104248
86700,8571,2.197399854660034
86710,8572,2.1313698291778564
86720,8573,1.1056222915649414
86730,8574,1.0868741273880005
86740,8575,2.1353073120117188
86750,8576,1.2812259197235107
86760,8577,1.4105429649353027
86770,8578,0.9992737770080566
86780,8579,1.489426851272583
86790,8580,1.324580430984497
86800,8581,1.806828260421753
86810,8582,2.269137144088745
86820,8583,1.411052942276001
86830,8584,1.5702550411224365
86840,8585,2.1073317527770996
86850,8586,2.869295120239258
86860,8587,1.5084006786346436
86870,8588,1.247986078262329
86880,8589,1.3109991550445557
86890,8590,1.2480759620666504
86900,8591,0.9484323859214783
86910,8592,1.777573823928833
86920,8593,2.3572609424591064
86930,8594,1.406133770942688
86940,8595,1.0483098030090332
86950,8596,0.9587064385414124
86960,8597,1.0283674001693726
86970,8598,0.6209745407104492
86980,8599,2.3217782974243164
86990,8600,1.7617493867874146
87000,8601,1.175391674041748
87010,8602,2.035639524459839
87020,8603,1.4385733604431152
87030,8604,1.5731920003890991
87040,8605,1.8504672050476074
87050,8606,1.1228811740875244
87060,8607,2.7997608184814453
87070,8608,1.6079926490783691
87080,8609,4.840460777282715
87090,8610,1.3459665775299072
87100,8611,1.0813707113265991
87110,8612,0.864453911781311
87120,8613,1.5924869775772095
87130,8614,2.177258253097534
87140,8615,1.5784138441085815
87150,8616,4.249066352844238
87160,8617,0.879035234451294
87170,8618,1.11567223072052
87180,8619,0.8637780547142029
87190,8620,1.3887410163879395
87200,8621,1.4904032945632935
87210,8622,0.8107032179832458
87220,8623,1.6134438514709473
87230,8624,0.9159796237945557
87240,8625,1.8348705768585205
87250,8626,0.6118274331092834
87260,8627,1.1689599752426147
87270,8628,0.5563452839851379
87280,8629,0.8732542991638184
87290,8630,1.3486577272415161
87300,8631,2.1719584465026855
87310,8632,2.320136785507202
87320,8633,0.8571648001670837
87330,8634,1.1520471572875977
87340,8635,1.2335834503173828
87350,8636,0.5544124245643616
87360,8637,0.9437482357025146
87370,8638,0.9348903894424438
87380,8639,1.4992616176605225
87390,8640,1.184382677078247
87400,8641,1.3704715967178345
87410,8642,0.9069502353668213
87420,8643,1.7113969326019287
87430,8644,1.5390315055847168
87440,8645,1.2853282690048218
87450,8646,5.01524543762207
87460,8647,1.3012523651123047
87470,8648,1.7914239168167114
87480,8649,0.7255205512046814
87490,8650,0.8981484174728394
87500,8651,0.716752827167511
87510,8652,0.8598240613937378
87520,8653,1.420365571975708
87530,8654,1.0860888957977295
87540,8655,1.3697649240493774
87550,8656,0.8209295272827148
87560,8657,2.247117519378662
87570,8658,2.7480645179748535
87580,8659,0.9054613709449768
87590,8660,1.0884244441986084
87600,8661,0.9672914743423462
87610,8662,1.238439917564392
87620,8663,0.8642678260803223
87630,8664,1.3369497060775757
87640,8665,1.8165397644042969
87650,8666,2.5466055870056152
87660,8667,1.1359602212905884
87670,8668,0.9422518014907837
87680,8669,0.9946097135543823
87690,8670,2.2979702949523926
87700,8671,0.9832960963249207
87710,8672,1.2906354665756226
87720,8673,1.259922981262207
87730,8674,1.6128640174865723
87740,8675,1.2627778053283691
87750,8676,0.5458038449287415
87760,8677,1.4564927816390991
87770,8678,1.7957897186279297
87780,8679,1.2131341695785522
87790,8680,1.448153018951416
87800,8681,0.8987473249435425
87810,8682,0.9848383665084839
87820,8683,1.1555317640304565
87830,8684,2.207681655883789
87840,8685,1.8790507316589355
87850,8686,1.736114501953125
87860,8687,1.1978267431259155
87870,8688,3.1811957359313965
87880,8689,1.2655612230300903
87890,8690,0.9838387966156006
87900,8691,1.4584264755249023
87910,8692,0.6292235851287842
87920,8693,0.9281110167503357
87930,8694,1.0405298471450806
87940,8695,0.8115862607955933
87950,8696,0.9628819823265076
87960,8697,2.226621627807617
87970,8698,1.43703031539917
87980,8699,1.5349825620651245
87990,8700,1.810226559638977
88000,8701,2.2188775539398193
88010,8702,1.480240821838379
88020,8703,1.773114800453186
88030,8704,1.0976344347000122
88040,8705,1.4712024927139282
88050,8706,1.1026272773742676
88060,8707,1.494098424911499
88070,8708,1.8585175275802612
88080,8709,2.184082508087158
88090,8710,1.7451802492141724
88100,8711,1.184989094734192
88110,8712,0.7727574110031128
88120,8713,0.8223044872283936
88130,8714,1.2774440050125122
88140,8715,1.2448481321334839
88150,8716,0.9756680727005005
88160,8717,0.9259246587753296
88170,8718,1.1244720220565796
88180,8719,1.643316388130188
88190,8720,1.6120842695236206
88200,8721,1.7542775869369507
88210,8722,4.699275493621826
88220,8723,2.105027437210083
88230,8724,0.8649529814720154
88240,8725,1.5402717590332031
88250,8726,0.6310809254646301
88260,8727,0.5947689414024353
88270,8728,1.3884204626083374
88280,8729,0.9746071696281433
88290,8730,1.7235602140426636
88300,8731,2.3829727172851562
88310,8732,1.4295899868011475
88320,8733,1.6095430850982666
88330,8734,1.5588136911392212
88340,8735,1.4935036897659302
88350,8736,1.2455703020095825
88360,8737,2.4421777725219727
88370,8738,1.0210374593734741
88380,8739,1.9247500896453857
88390,8740,1.0984658002853394
88400,8741,1.3337205648422241
88410,8742,0.9688981175422668
88420,8743,1.107189655303955
88430,8744,1.4470093250274658
88440,8745,0.7514829635620117
88450,8746,1.1007039546966553
88460,8747,3.2441799640655518
88470,8748,1.1293861865997314
88480,8749,1.2967321872711182
88490,8750,2.355043888092041
88500,8751,1.7824208736419678
88510,8752,3.84171199798584
88520,8753,1.5949455499649048
88530,8754,1.289141058921814
88540,8755,1.7211180925369263
88550,8756,1.62257981300354
88560,8757,1.305396318435669
88570,8758,1.2595975399017334
88580,8759,1.6367120742797852
88590,8760,3.679152488708496
88600,8761,1.4524191617965698
88610,8762,1.3267998695373535
88620,8763,1.5600134134292603
88630,8764,1.130711555480957
88640,8765,5.834589958190918
88650,8766,2.3302645683288574
88660,8767,1.3511128425598145
88670,8768,0.7536229491233826
88680,8769,2.695399522781372
88690,8770,2.132327079772949
88700,8771,2.8055131435394287
88710,8772,1.3909813165664673
88720,8773,1.0172854661941528
88730,8774,1.0654078722000122
88740,8775,2.157683849334717
88750,8776,1.957485556602478
88760,8777,1.5351436138153076
88770,8778,0.870999813079834
88780,8779,0.7802691459655762
88790,8780,1.0751982927322388
88800,8781,1.579512596130371
88810,8782,0.8741976618766785
88820,8783,1.1385748386383057
88830,8784,0.7182351350784302
88840,8785,0.7229491472244263
88850,8786,1.0731544494628906
88860,8787,0.9036259651184082
88870,8788,1.0694339275360107
88880,8789,1.3210760354995728
88890,8790,1.6538702249526978
88900,8791,0.8498490452766418
88910,8792,1.6777046918869019
88920,8793,0.8413600921630859
88930,8794,0.8235777020454407
88940,8795,1.8203773498535156
88950,8796,3.9588422775268555
88960,8797,0.833608090877533
88970,8798,1.3251421451568604
88980,8799,0.8874069452285767
88990,8800,3.7457492351531982
89000,8801,1.4504951238632202
89010,8802,0.6890890002250671
89020,8803,0.8972935080528259
89030,8804,5.1355438232421875
89040,8805,1.235177755355835
89050,8806,1.7444229125976562
89060,8807,4.279046535491943
89070,8808,1.9306831359863281
89080,8809,1.1530394554138184
89090,8810,1.2985374927520752
89100,8811,1.7492284774780273
89110,8812,1.7754578590393066
89120,8813,1.8131448030471802
89130,8814,2.1491081714630127
89140,8815,0.9926580786705017
89150,8816,1.6220906972885132
89160,8817,1.1669598817825317
89170,8818,3.275357723236084
89180,8819,1.5477601289749146
89190,8820,0.7323008179664612
89200,8821,1.001310110092163
89210,8822,0.973371148109436
89220,8823,1.4921050071716309
89230,8824,0.7199124693870544
89240,8825,1.738128662109375
89250,8826,0.6984806060791016
89260,8827,1.3628073930740356
89270,8828,1.5776265859603882
89280,8829,3.038724899291992
89290,8830,0.7275909781455994
89300,8831,0.9264297485351562
89310,8832,1.6121628284454346
89320,8833,1.5263071060180664
89330,8834,1.1461032629013062
89340,8835,1.0617003440856934
89350,8836,1.1059802770614624
89360,8837,2.3585147857666016
89370,8838,2.6779186725616455
89380,8839,1.5285239219665527
89390,8840,1.2807643413543701
89400,8841,1.1044566631317139
89410,8842,1.5619781017303467
89420,8843,1.69781494140625
89430,8844,2.230264663696289
89440,8845,1.206595778465271
89450,8846,1.2331587076187134
89460,8847,2.461794137954712
89470,8848,2.5792624950408936
89480,8849,2.300370693206787
89490,8850,4.413626670837402
89500,8851,1.966454029083252
89510,8852,1.8462506532669067
89520,8853,1.9101942777633667
89530,8854,1.1271415948867798
89540,8855,1.3913334608078003
89550,8856,1.9640003442764282
89560,8857,0.896330714225769
89570,8858,1.3192036151885986
89580,8859,1.5058249235153198
89590,8860,1.1739140748977661
89600,8861,1.240979552268982
89610,8862,1.4626960754394531
89620,8863,0.7368719577789307
89630,8864,1.461213231086731
89640,8865,2.1283130645751953
89650,8866,1.4754186868667603
89660,8867,1.8326853513717651
89670,8868,1.2490651607513428
89680,8869,2.0358493328094482
89690,8870,1.6849716901779175
89700,8871,1.5464754104614258
89710,8872,0.9362485408782959
89720,8873,0.7912386059761047
89730,8874,1.0704643726348877
89740,8875,1.5536952018737793
89750,8876,1.1053247451782227
89760,8877,1.1926636695861816
89770,8878,1.2274168729782104
89780,8879,0.5707002878189087
89790,8880,1.0315080881118774
89800,8881,3.3254642486572266
89810,8882,2.3480827808380127
89820,8883,1.1572073698043823
89830,8884,2.872635841369629
89840,8885,1.204256296157837
89850,8886,1.2833915948867798
89860,8887,1.2542160749435425
89870,8888,2.16741681098938
89880,8889,2.170689582824707
89890,8890,0.8818873167037964
89900,8891,1.320361852645874
89910,8892,2.561021327972412
89920,8893,4.145310878753662
89930,8894,1.9423893690109253
89940,8895,1.7219371795654297
89950,8896,1.2245908975601196
89960,8897,2.8806114196777344
89970,8898,2.0445494651794434
89980,8899,1.177243709564209
89990,8900,1.4107502698898315
90000,8901,1.9812734127044678
90010,8902,3.0026803016662598
90020,8903,2.256896734237671
90030,8904,2.4440200328826904
90040,8905,1.6662700176239014
90050,8906,0.6502899527549744
90060,8907,0.7904824018478394
90070,8908,1.6504006385803223
90080,8909,2.7818527221679688
90090,8910,1.374342679977417
90100,8911,1.2626172304153442
90110,8912,3.4616260528564453
90120,8913,1.7389016151428223
90130,8914,1.2365812063217163
90140,8915,2.2684028148651123
90150,8916,1.433785080909729
90160,8917,1.103345513343811
90170,8918,1.1752393245697021
90180,8919,1.1345654726028442
90190,8920,0.9829039573669434
90200,8921,2.284857749938965
90210,8922,2.511415958404541
90220,8923,1.5648868083953857
90230,8924,1.1566109657287598
90240,8925,0.7618569731712341
90250,8926,0.9907512664794922
90260,8927,1.9470475912094116
90270,8928,1.2097811698913574
90280,8929,0.9143604040145874
90290,8930,1.5810246467590332
90300,8931,2.413726568222046
90310,8932,3.6461563110351562
90320,8933,2.394160509109497
90330,8934,1.0986887216567993
90340,8935,1.5457686185836792
90350,8936,2.1456124782562256
90360,8937,1.255005121231079
90370,8938,2.0351669788360596
90380,8939,2.45564341545105
90390,8940,1.5487878322601318
90400,8941,1.0943655967712402
90410,8942,0.8798892498016357
90420,8943,2.1551196575164795
90430,8944,1.0785173177719116
90440,8945,0.698381245136261
90450,8946,1.4380239248275757
90460,8947,0.6745590567588806
90470,8948,0.945107638835907
90480,8949,1.5245957374572754
90490,8950,0.632454514503479
90500,8951,1.0475208759307861
90510,8952,1.4135420322418213
90520,8953,0.8421604633331299
90530,8954,1.783405065536499
90540,8955,1.8319056034088135
90550,8956,2.6939949989318848
90560,8957,5.56551456451416
90570,8958,1.1438745260238647
90580,8959,0.8767217397689819
90590,8960,2.7541604042053223
90600,8961,1.200324296951294
90610,8962,1.2067525386810303
90620,8963,1.3950170278549194
90630,8964,1.4452893733978271
90640,8965,0.7381522059440613
90650,8966,1.4426941871643066
90660,8967,0.6046411991119385
90670,8968,0.6579974293708801
90680,8969,1.993185043334961
90690,8970,5.406344890594482
90700,8971,0.6028429269790649
90710,8972,1.0802438259124756
90720,8973,0.8241658210754395
90730,8974,1.3324108123779297
90740,8975,2.151237964630127
90750,8976,2.5626814365386963
90760,8977,0.912263035774231
90770,8978,0.7024281024932861
90780,8979,1.2488808631896973
90790,8980,1.8522192239761353
90800,8981,0.650784432888031
90810,8982,1.3735638856887817
90820,8983,7.350892543792725
90830,8984,2.2681145668029785
90840,8985,1.1129953861236572
90850,8986,1.5754220485687256
90860,8987,0.9388757944107056
90870,8988,1.3883734941482544
90880,8989,1.1969696283340454
90890,8990,0.7614436149597168
90900,8991,1.2312918901443481
90910,8992,1.2390940189361572
90920,8993,4.246401786804199
90930,8994,1.967090368270874
90940,8995,1.0464558601379395
90950,8996,0.7824032306671143
90960,8997,2.0188944339752197
90970,8998,0.8363398313522339
90980,8999,1.335187554359436
90990,9000,0.8238701820373535
91000,9001,1.431963324546814
91010,9002,1.3918856382369995
91020,9003,1.423448085784912
91030,9004,0.6758099794387817
91040,9005,1.270302653312683
91050,9006,1.1676578521728516
91060,9007,1.5742642879486084
91070,9008,1.1648670434951782
91080,9009,2.3522162437438965
91090,9010,2.1390128135681152
91100,9011,1.1139107942581177
91110,9012,2.025707721710205
91120,9013,1.1358568668365479
91130,9014,1.6097627878189087
91140,9015,1.1603705883026123
91150,9016,1.308872938156128
91160,9017,1.7213674783706665
91170,9018,1.0537745952606201
91180,9019,2.906669855117798
91190,9020,1.3153963088989258
91200,9021,2.2953460216522217
91210,9022,1.0346035957336426
91220,9023,1.6390682458877563
91230,9024,3.8262698650360107
91240,9025,1.941419243812561
91250,9026,7.188064098358154
91260,9027,2.2417593002319336
91270,9028,2.4359359741210938
91280,9029,2.0355722904205322
91290,9030,1.8567256927490234
91300,9031,1.818544626235962
91310,9032,1.038147211074829
91320,9033,1.4528167247772217
91330,9034,1.0468693971633911
91340,9035,1.3170932531356812
91350,9036,1.2725974321365356
91360,9037,0.6189682483673096
91370,9038,1.665657639503479
91380,9039,2.4065377712249756
91390,9040,2.418468952178955
91400,9041,1.4593151807785034
91410,9042,2.026848316192627
91420,9043,1.262176752090454
91430,9044,1.337619662284851
91440,9045,0.8594595193862915
91450,9046,2.992534875869751
91460,9047,2.1723544597625732
91470,9048,6.498044013977051
91480,9049,1.0925886631011963
91490,9050,2.3651816844940186
91500,9051,1.3037304878234863
91510,9052,0.7427642345428467
91520,9053,1.3767162561416626
91530,9054,5.2898173332214355
91540,9055,0.9089406132698059
91550,9056,0.8153417110443115
91560,9057,0.7420830130577087
91570,9058,1.5011141300201416
91580,9059,1.392724871635437
91590,9060,1.9898908138275146
91600,9061,1.100372314453125
91610,9062,1.2351857423782349
91620,9063,1.4580256938934326
91630,9064,1.5072120428085327
91640,9065,2.2898430824279785
91650,9066,4.45799446105957
91660,9067,0.8941795825958252
91670,9068,8.708300590515137
91680,9069,1.4044897556304932
91690,9070,1.1199511289596558
91700,9071,1.5856268405914307
91710,9072,1.8779047727584839
91720,9073,0.4543229937553406
91730,9074,3.4234838485717773
91740,9075,1.6460374593734741
91750,9076,1.0630319118499756
91760,9077,3.395326852798462
91770,9078,1.7403897047042847
91780,9079,1.6688638925552368
91790,9080,0.7105794548988342
91800,9081,1.7096792459487915
91810,9082,2.1398072242736816
91820,9083,1.647693395614624
91830,9084,2.0396041870117188
91840,9085,1.1281071901321411
91850,9086,1.12343430519104
91860,9087,1.4265938997268677
91870,9088,1.1112452745437622
91880,9089,0.6092684864997864
91890,9090,1.0936715602874756
91900,9091,1.434094786643982
91910,9092,1.5033577680587769
91920,9093,0.47536295652389526
91930,9094,0.6449273228645325
91940,9095,1.197484016418457
91950,9096,1.528732180595398
91960,9097,1.4699923992156982
91970,9098,1.2883704900741577
91980,9099,2.0357532501220703
91990,9100,1.8798269033432007
92000,9101,2.129164218902588
92010,9102,0.6022692322731018
92020,9103,1.385039210319519
92030,9104,2.170285940170288
92040,9105,2.1269032955169678
92050,9106,0.9164730906486511
92060,9107,2.732788562774658
92070,9108,1.7303186655044556
92080,9109,2.015382766723633
92090,9110,1.8621200323104858
92100,9111,2.407604932785034
92110,9112,3.1780712604522705
92120,9113,1.3524380922317505
92130,9114,1.5617302656173706
92140,9115,2.279580593109131
92150,9116,0.7300873398780823
92160,9117,1.1221433877944946
92170,9118,1.1044750213623047
92180,9119,0.8683797717094421
92190,9120,1.6884952783584595
92200,9121,1.6719675064086914
92210,9122,1.1306833028793335
92220,9123,1.3311381340026855
92230,9124,1.3281912803649902
92240,9125,1.6843863725662231
92250,9126,0.7436128854751587
92260,9127,1.6058177947998047
92270,9128,1.064264178276062
92280,9129,0.7832919359207153
92290,9130,1.199081301689148
92300,9131,0.9837602972984314
92310,9132,1.0487650632858276
92320,9133,2.732893705368042
92330,9134,0.9741157293319702
92340,9135,0.7942488193511963
92350,9136,1.802673101425171
92360,9137,3.4004311561584473
92370,9138,0.82181316614151
92380,9139,8.206801414489746
92390,9140,0.7559006810188293
92400,9141,0.9895675182342529
92410,9142,2.633073329925537
92420,9143,1.4994667768478394
92430,9144,1.0462491512298584
92440,9145,1.612392783164978
92450,9146,1.0688092708587646
92460,9147,2.928821563720703
92470,9148,1.409879446029663
92480,9149,1.3614308834075928
92490,9150,1.5740009546279907
92500,9151,1.9847956895828247
92510,9152,1.3581104278564453
92520,9153,3.115386962890625
92530,9154,3.792848587036133
92540,9155,1.3148926496505737
92550,9156,1.7760552167892456
92560,9157,1.4087073802947998
92570,9158,1.338995099067688
92580,9159,1.8443858623504639
92590,9160,0.44954147934913635
92600,9161,3.1707324981689453
92610,9162,1.261284589767456
92620,9163,3.9095730781555176
92630,9164,1.6585575342178345
92640,9165,0.9745237231254578
92650,9166,1.5104475021362305
92660,9167,1.4038418531417847
92670,9168,1.447563648223877
92680,9169,1.9297966957092285
92690,9170,1.2215839624404907
92700,9171,2.5315964221954346
92710,9172,1.8692286014556885
92720,9173,2.4159297943115234
92730,9174,0.7471986413002014
92740,9175,1.6441459655761719
92750,9176,0.923934817314148
92760,9177,1.1090253591537476
92770,9178,0.982923686504364
92780,9179,0.9387314319610596
92790,9180,1.0362215042114258
92800,9181,1.1195826530456543
92810,9182,1.678031086921692
92820,9183,1.232015609741211
92830,9184,3.740119457244873
92840,9185,0.4666021764278412
92850,9186,1.6453332901000977
92860,9187,0.9465189576148987
92870,9188,1.7837870121002197
92880,9189,1.3214060068130493
92890,9190,4.0214691162109375
92900,9191,2.9720911979675293
92910,9192,1.5143433809280396
92920,9193,2.182295799255371
92930,9194,0.8277844190597534
92940,9195,1.6601146459579468
92950,9196,1.1913197040557861
92960,9197,0.4302235245704651
92970,9198,6.823923587799072
92980,9199,1.2471870183944702
92990,9200,1.8950947523117065
93000,9201,0.8245918154716492
93010,9202,1.290869951248169
93020,9203,1.497527003288269
93030,9204,1.2711198329925537
93040,9205,1.4407939910888672
93050,9206,1.6337369680404663
93060,9207,2.14593768119812
93070,9208,1.021241307258606
93080,9209,1.4012280702590942
93090,9210,1.3050364255905151
93100,9211,1.3153289556503296
93110,9212,1.608748435974121
93120,9213,0.8029905557632446
93130,9214,1.2072750329971313
93140,9215,2.044462203979492
93150,9216,1.274755835533142
93160,9217,0.5953399538993835
93170,9218,1.6156330108642578
93180,9219,2.8211069107055664
93190,9220,0.7985953688621521
93200,9221,1.9460562467575073
93210,9222,2.50752592086792
93220,9223,1.2046644687652588
93230,9224,1.3265986442565918
93240,9225,0.9079552292823792
93250,9226,2.24897837638855
93260,9227,1.6593393087387085
93270,9228,1.4478014707565308
93280,9229,1.1565890312194824
93290,9230,1.4808863401412964
93300,9231,1.4647629261016846
93310,9232,1.6197874546051025
93320,9233,1.3689558506011963
93330,9234,2.046760082244873
93340,9235,1.6755059957504272
93350,9236,2.3778347969055176
93360,9237,1.1829129457473755
93370,9238,1.2832450866699219
93380,9239,1.1367473602294922
93390,9240,1.9851467609405518
93400,9241,0.9574678540229797
93410,9242,1.7695918083190918
93420,9243,1.4173662662506104
93430,9244,6.169459819793701
93440,9245,1.5263175964355469
93450,9246,1.0454202890396118
93460,9247,1.908891201019287
93470,9248,1.0180333852767944
93480,9249,1.3729329109191895
93490,9250,1.0906814336776733
93500,9251,1.7945971488952637
93510,9252,2.408813238143921
93520,9253,1.3022586107254028
93530,9254,1.304612636566162
93540,9255,1.1950184106826782
93550,9256,1.689042091369629
93560,9257,0.6056439280509949
93570,9258,2.773454427719116
93580,9259,2.480247974395752
93590,9260,1.2019492387771606
93600,9261,1.2463933229446411
93610,9262,0.7674946784973145
93620,9263,1.0018932819366455
93630,9264,1.0675004720687866
93640,9265,3.4888293743133545
93650,9266,1.3989408016204834
93660,9267,0.7341359853744507
93670,9268,1.9520673751831055
93680,9269,0.8467830419540405
93690,9270,7.541252613067627
93700,9271,1.3658018112182617
93710,9272,2.493807554244995
93720,9273,2.2584269046783447
93730,9274,3.7104990482330322
93740,9275,1.3332226276397705
93750,9276,1.3684568405151367
93760,9277,1.4742178916931152
93770,9278,0.701802670955658
93780,9279,1.1432435512542725
93790,9280,1.2924742698669434
93800,9281,1.6696990728378296
93810,9282,1.48485267162323
93820,9283,2.0965585708618164
93830,9284,1.0274280309677124
93840,9285,1.4393115043640137
93850,9286,1.3715710639953613
93860,9287,2.947479248046875
93870,9288,1.106533169746399
93880,9289,2.3450703620910645
93890,9290,1.4486637115478516
93900,9291,1.3898169994354248
93910,9292,2.0073678493499756
93920,9293,1.2659205198287964
93930,9294,0.6547015905380249
93940,9295,0.9499999284744263
93950,9296,0.6654306650161743
93960,9297,1.1839131116867065
93970,9298,1.0300549268722534
93980,9299,1.1394734382629395
93990,9300,0.9546953439712524
94000,9301,1.0713059902191162
94010,9302,1.980550765991211
94020,9303,0.7907143831253052
94030,9304,2.1706817150115967
94040,9305,1.0233056545257568
94050,9306,1.3953497409820557
94060,9307,0.5367820262908936
94070,9308,1.1987172365188599
94080,9309,0.9384565353393555
94090,9310,1.2673312425613403
94100,9311,1.6055407524108887
94110,9312,1.1347951889038086
94120,9313,4.14489221572876
94130,9314,1.097053050994873
94140,9315,0.7015647292137146
94150,9316,0.7621097564697266
94160,9317,0.6060462594032288
94170,9318,0.8536645174026489
94180,9319,1.1224135160446167
94190,9320,1.4640605449676514
94200,9321,1.1549866199493408
94210,9322,2.669304132461548
94220,9323,1.9304618835449219
94230,9324,1.3657925128936768
94240,9325,1.9363880157470703
94250,9326,1.4775323867797852
94260,9327,1.7243541479110718
94270,9328,1.8739184141159058
94280,9329,1.236534595489502
94290,9330,1.7151708602905273
94300,9331,2.0963335037231445
94310,9332,0.9250216484069824
94320,9333,2.4477200508117676
94330,9334,1.775955319404602
94340,9335,2.199232578277588
94350,9336,3.867563009262085
94360,9337,1.1513376235961914
94370,9338,1.7147969007492065
94380,9339,4.482443809509277
94390,9340,1.698744773864746
94400,9341,1.190100908279419
94410,9342,1.1075108051300049
94420,9343,1.9129834175109863
94430,9344,1.2300870418548584
94440,9345,1.9227046966552734
94450,9346,1.492580533027649
94460,9347,1.5206886529922485
94470,9348,1.3727500438690186
94480,9349,1.1384611129760742
94490,9350,0.8966554403305054
94500,9351,1.402611255645752
94510,9352,2.2970151901245117
94520,9353,1.1628234386444092
94530,9354,0.7535580992698669
94540,9355,1.862305760383606
94550,9356,1.6372649669647217
94560,9357,1.5098119974136353
94570,9358,0.7941722273826599
94580,9359,0.8087329268455505
94590,9360,1.709473967552185
94600,9361,0.8992576599121094
94610,9362,6.238306999206543
94620,9363,1.0295395851135254
94630,9364,2.2833499908447266
94640,9365,1.058679223060608
94650,9366,1.5860192775726318
94660,9367,1.841829776763916
94670,9368,0.6651063561439514
94680,9369,0.9911825656890869
94690,9370,2.095459222793579
94700,9371,1.1945325136184692
94710,9372,1.679819941520691
94720,9373,1.4404137134552002
94730,9374,3.132734775543213
94740,9375,2.5750913619995117
94750,9376,1.8095515966415405
94760,9377,0.7811850309371948
94770,9378,0.9789231419563293
94780,9379,1.759142279624939
94790,9380,1.0767574310302734
94800,9381,0.7073443531990051
94810,9382,1.0610419511795044
94820,9383,1.0635099411010742
94830,9384,1.4041333198547363
94840,9385,0.9549643993377686
94850,9386,1.7842559814453125
94860,9387,0.9128735065460205
94870,9388,6.4436187744140625
94880,9389,1.0011777877807617
94890,9390,0.7817168831825256
94900,9391,1.682898998260498
94910,9392,1.8105201721191406
94920,9393,2.3315439224243164
94930,9394,1.3214648962020874
94940,9395,1.362112283706665
94950,9396,0.7045202255249023
94960,9397,1.0933668613433838
94970,9398,2.038613796234131
94980,9399,1.258966088294983
94990,9400,1.9007484912872314
95000,9401,1.432788610458374
95010,9402,2.478196144104004
95020,9403,1.418013572692871
95030,9404,1.2189804315567017
95040,9405,1.2938036918640137
95050,9406,2.6527273654937744
95060,9407,0.6831316947937012
95070,9408,1.1669522523880005
95080,9409,0.5840421319007874
95090,9410,1.480737566947937
95100,9411,1.5980290174484253
95110,9412,4.264986038208008
95120,9413,1.1302521228790283
95130,9414,0.8722836971282959
95140,9415,1.3297182321548462
95150,9416,0.9473609328269958
95160,9417,1.3889570236206055
95170,9418,0.9186481237411499
95180,9419,2.7463505268096924
95190,9420,1.2070828676223755
95200,9421,2.162086248397827
95210,9422,2.3633251190185547
95220,9423,1.056400179862976
95230,9424,1.7043406963348389
95240,9425,1.0951685905456543
95250,9426,1.8343498706817627
95260,9427,2.8215365409851074
95270,9428,3.352173328399658
95280,9429,3.138150691986084
95290,9430,0.917325496673584
95300,9431,1.2803345918655396
95310,9432,0.49985232949256897
95320,9433,1.19910728931427
95330,9434,2.195368766784668
95340,9435,4.868488788604736
95350,9436,2.07247257232666
95360,9437,0.9288028478622437
95370,9438,1.4153698682785034
95380,9439,0.8224759101867676
95390,9440,4.085601806640625
95400,9441,1.2695008516311646
95410,9442,1.420615792274475
95420,9443,0.8585498332977295
95430,9444,0.4649123549461365
95440,9445,0.7624754905700684
95450,9446,0.5341346263885498
95460,9447,1.8636658191680908
95470,9448,1.07178795337677
95480,9449,1.4599552154541016
95490,9450,1.0853195190429688
95500,9451,1.8462448120117188
95510,9452,1.6294795274734497
95520,9453,1.1286289691925049
95530,9454,0.9511337280273438
95540,9455,0.8502926230430603
95550,9456,1.030655026435852
95560,9457,0.6653311252593994
95570,9458,1.574458122253418
95580,9459,1.4700220823287964
95590,9460,1.3594999313354492
95600,9461,0.6891903877258301
95610,9462,0.6835291385650635
95620,9463,0.9406965970993042
95630,9464,1.489566445350647
95640,9465,0.799396276473999
95650,9466,0.9973829388618469
95660,9467,0.8429876565933228
95670,9468,1.3080899715423584
95680,9469,1.089840292930603
95690,9470,1.4054343700408936
95700,9471,1.8760885000228882
95710,9472,0.6576522588729858
95720,9473,0.9814316034317017
95730,9474,1.3690011501312256
95740,9475,1.4366450309753418
95750,9476,2.923405885696411
95760,9477,1.6049671173095703
95770,9478,1.5437418222427368
95780,9479,1.2290617227554321
95790,9480,1.978608250617981
95800,9481,1.17412269115448
95810,9482,0.9119689464569092
95820,9483,1.1147451400756836
95830,9484,2.8003416061401367
95840,9485,1.063493013381958
95850,9486,0.9765317440032959
95860,9487,0.9373902678489685
95870,9488,3.2360103130340576
95880,9489,1.2652069330215454
95890,9490,0.8744136691093445
95900,9491,1.2816674709320068
95910,9492,1.5664374828338623
95920,9493,1.0259679555892944
95930,9494,1.556436538696289
95940,9495,1.3585575819015503
95950,9496,1.071950912475586
95960,9497,1.414206624031067
95970,9498,2.012362003326416
95980,9499,3.38960337638855
95990,9500,0.7170887589454651
96000,9501,1.1097087860107422
96010,9502,2.4817886352539062
96020,9503,0.754275381565094
96030,9504,1.5460097789764404
96040,9505,1.5937328338623047
96050,9506,1.1219420433044434
96060,9507,1.2125377655029297
96070,9508,1.3467761278152466
96080,9509,1.0016430616378784
96090,9510,1.0282180309295654
96100,9511,2.234612464904785
96110,9512,1.486199140548706
96120,9513,1.339903712272644
96130,9514,1.3952046632766724
96140,9515,1.1543093919754028
96150,9516,2.2418875694274902
96160,9517,1.2280962467193604
96170,9518,1.6363012790679932
96180,9519,1.0953418016433716
96190,9520,1.0760382413864136
96200,9521,3.4260096549987793
96210,9522,0.9050598740577698
96220,9523,2.3165667057037354
96230,9524,1.1728389263153076
96240,9525,3.082991361618042
96250,9526,1.4719748497009277
96260,9527,0.9376829266548157
96270,9528,3.0595734119415283
96280,9529,1.2461402416229248
96290,9530,1.1951923370361328
96300,9531,1.4127566814422607
96310,9532,1.767341136932373
96320,9533,0.865280032157898
96330,9534,1.4116923809051514
96340,9535,1.3290715217590332
96350,9536,1.0400599241256714
96360,9537,1.5595515966415405
96370,9538,0.36743849515914917
96380,9539,1.4155619144439697
96390,9540,1.0657520294189453
96400,9541,1.2265931367874146
96410,9542,1.7991244792938232
96420,9543,1.4586784839630127
96430,9544,1.1801671981811523
96440,9545,1.2644715309143066
96450,9546,1.3068108558654785
96460,9547,1.976169466972351
96470,9548,1.4660756587982178
96480,9549,2.155705690383911
96490,9550,2.2654714584350586
96500,9551,1.3762367963790894
96510,9552,1.4506994485855103
96520,9553,1.0833170413970947
96530,9554,1.2252881526947021
96540,9555,1.1441662311553955
96550,9556,0.9739241600036621
96560,9557,0.7857503294944763
96570,9558,1.9622536897659302
96580,9559,1.5244263410568237
96590,9560,1.4077327251434326
96600,9561,1.3525464534759521
96610,9562,2.615257740020752
96620,9563,1.2527775764465332
96630,9564,0.7856206893920898
96640,9565,1.5364245176315308
96650,9566,1.275417685508728
96660,9567,1.0386412143707275
96670,9568,0.696271538734436
96680,9569,1.202628493309021
96690,9570,1.3651098012924194
96700,9571,1.711137056350708
96710,9572,0.7860121130943298
96720,9573,1.5394399166107178
96730,9574,1.9578514099121094
96740,9575,2.3368992805480957
96750,9576,1.7566938400268555
96760,9577,1.5095802545547485
96770,9578,1.3314898014068604
96780,9579,1.4624369144439697
96790,9580,0.9676925539970398
96800,9581,1.333329439163208
96810,9582,0.776347815990448
96820,9583,0.9697940349578857
96830,9584,1.0222053527832031
96840,9585,5.014614582061768
96850,9586,0.9713492393493652
96860,9587,2.0304417610168457
96870,9588,3.493563652038574
96880,9589,0.6039955615997314
96890,9590,2.0994298458099365
96900,9591,1.1307859420776367
96910,9592,1.6048791408538818
96920,9593,3.0849149227142334
96930,9594,1.8145008087158203
96940,9595,1.314379334449768
96950,9596,1.1964073181152344
96960,9597,1.300499439239502
96970,9598,2.270071268081665
96980,9599,2.4276671409606934
96990,9600,7.053577423095703
97000,9601,0.6814459562301636
97010,9602,1.2142622470855713
97020,9603,1.1911511421203613
97030,9604,1.436696171760559
97040,9605,1.6575193405151367
97050,9606,1.2032654285430908
97060,9607,1.0638785362243652
97070,9608,1.297972559928894
97080,9609,1.300584077835083
97090,9610,2.302079439163208
97100,9611,2.0203704833984375
97110,9612,1.10304594039917
97120,9613,2.4223477840423584
97130,9614,0.611351490020752
97140,9615,1.4276665449142456
97150,9616,1.0974645614624023
97160,9617,2.8781630992889404
97170,9618,2.797647476196289
97180,9619,1.5518932342529297
97190,9620,2.833322525024414
97200,9621,1.1260342597961426
97210,9622,2.970719575881958
97220,9623,0.9496994018554688
97230,9624,2.4982728958129883
97240,9625,1.0437854528427124
97250,9626,1.532472014427185
97260,9627,1.4612889289855957
97270,9628,5.827304840087891
97280,9629,1.4993360042572021
97290,9630,1.7171308994293213
97300,9631,1.3942347764968872
97310,9632,1.439337968826294
97320,9633,0.9489873051643372
97330,9634,1.1750445365905762
97340,9635,1.2365262508392334
97350,9636,1.829889178276062
97360,9637,2.625044345855713
97370,9638,1.2043867111206055
97380,9639,1.1940596103668213
97390,9640,1.5553345680236816
97400,9641,1.4124268293380737
97410,9642,1.0252015590667725
97420,9643,1.4137710332870483
97430,9644,0.9874482154846191
97440,9645,1.1978312730789185
97450,9646,1.7938021421432495
97460,9647,1.1197487115859985
97470,9648,1.2288203239440918
97480,9649,1.0963740348815918
97490,9650,2.098966121673584
97500,9651,0.7572395205497742
97510,9652,1.5688260793685913
97520,9653,1.3205771446228027
97530,9654,2.9077391624450684
97540,9655,9.471185684204102
97550,9656,0.8652186989784241
97560,9657,0.6011241674423218
97570,9658,1.1016721725463867
97580,9659,1.3772404193878174
97590,9660,2.293619394302368
97600,9661,1.0508259534835815
97610,9662,1.0238641500473022
97620,9663,1.844714879989624
97630,9664,2.364966869354248
97640,9665,1.8774330615997314
97650,9666,1.4905436038970947
97660,9667,0.9817109704017639
97670,9668,1.1163959503173828
97680,9669,0.9178194999694824
97690,9670,0.7631669640541077
97700,9671,1.337546467781067
97710,9672,0.8068536520004272
97720,9673,1.420689582824707
97730,9674,1.6430621147155762
97740,9675,0.6745848059654236
97750,9676,0.6117855310440063
97760,9677,1.8749282360076904
97770,9678,0.6387388110160828
97780,9679,2.3304407596588135
97790,9680,1.0296155214309692
97800,9681,1.0139009952545166
97810,9682,1.11329984664917
97820,9683,0.8878035545349121
97830,9684,1.299743890762329
97840,9685,1.1425660848617554
97850,9686,1.139336347579956
97860,9687,0.465513676404953
97870,9688,1.0870534181594849
97880,9689,1.0257728099822998
97890,9690,2.102734088897705
97900,9691,1.3323755264282227
97910,9692,0.5782641768455505
97920,9693,1.5359615087509155
97930,9694,1.466679573059082
97940,9695,1.8157349824905396
97950,9696,0.5466920733451843
97960,9697,0.8594825863838196
97970,9698,1.9363231658935547
97980,9699,0.7313169240951538
97990,9700,0.8178669810295105
98000,9701,0.9267846345901489
98010,9702,1.046966552734375
98020,9703,2.5625836849212646
98030,9704,1.3977006673812866
98040,9705,1.7904947996139526
98050,9706,1.489663004875183
98060,9707,1.1438177824020386
98070,9708,1.0817583799362183
98080,9709,2.888566255569458
98090,9710,1.6113804578781128
98100,9711,1.6147866249084473
98110,9712,1.0059747695922852
98120,9713,0.8370643854141235
98130,9714,1.6419439315795898
98140,9715,1.737375020980835
98150,9716,0.9254121780395508
98160,9717,1.2531886100769043
98170,9718,1.5965757369995117
98180,9719,1.3963865041732788
98190,9720,1.1250364780426025
98200,9721,0.7422701120376587
98210,9722,1.0690605640411377
98220,9723,1.0053552389144897
98230,9724,0.7437170147895813
98240,9725,2.0100481510162354
98250,9726,1.5554872751235962
98260,9727,0.7715559601783752
98270,9728,1.1308404207229614
98280,9729,1.0701335668563843
98290,9730,1.5540921688079834
98300,9731,1.578985333442688
98310,9732,1.940900206565857
98320,9733,1.1650209426879883
98330,9734,1.4467456340789795
98340,9735,0.9525047540664673
98350,9736,1.089247465133667
98360,9737,0.8622915148735046
98370,9738,0.9663411378860474
98380,9739,4.219705104827881
98390,9740,0.9551254510879517
98400,9741,1.5644596815109253
98410,9742,1.0401480197906494
98420,9743,2.185256004333496
98430,9744,1.2124134302139282
98440,9745,0.6694525480270386
98450,9746,0.916984498500824
98460,9747,0.6945710182189941
98470,9748,1.2678053379058838
98480,9749,1.904523491859436
98490,9750,1.1531779766082764
98500,9751,1.3398933410644531
98510,9752,2.744596481323242
98520,9753,1.6797908544540405
98530,9754,1.3147398233413696
98540,9755,1.9270211458206177
98550,9756,1.4309971332550049
98560,9757,0.9642056822776794
98570,9758,1.1753087043762207
98580,9759,1.0600191354751587
98590,9760,1.48445725440979
98600,9761,1.2170555591583252
98610,9762,2.2448742389678955
98620,9763,2.0713367462158203
98630,9764,0.8001105189323425
98640,9765,1.9830495119094849
98650,9766,1.3206496238708496
98660,9767,1.2399884462356567
98670,9768,1.2948001623153687
98680,9769,1.470798134803772
98690,9770,1.1500327587127686
98700,9771,1.5454950332641602
98710,9772,2.661593437194824
98720,9773,0.758772611618042
98730,9774,2.7062315940856934
98740,9775,1.2729973793029785
98750,9776,1.4935873746871948
98760,9777,1.1162773370742798
98770,9778,1.0777026414871216
98780,9779,6.235292434692383
98790,9780,1.3726838827133179
98800,9781,0.955687403678894
98810,9782,1.2045154571533203
98820,9783,1.6669994592666626
98830,9784,0.9464582800865173
98840,9785,1.5618419647216797
98850,9786,1.7359254360198975
98860,9787,1.8789376020431519
98870,9788,4.302031517028809
98880,9789,1.4976814985275269
98890,9790,2.307316541671753
98900,9791,1.1951415538787842
98910,9792,0.8115199208259583
98920,9793,0.704759955406189
98930,9794,1.0012036561965942
98940,9795,1.0280169248580933
98950,9796,0.7088913917541504
98960,9797,1.643183708190918
98970,9798,1.2382488250732422
98980,9799,2.100522994995117
98990,9800,1.551836609840393
99000,9801,1.0643365383148193
99010,9802,1.1597490310668945
99020,9803,1.882039189338684
99030,9804,1.7181568145751953
99040,9805,1.3041901588439941
99050,9806,1.1818797588348389
99060,9807,5.046906471252441
99070,9808,1.3545719385147095
99080,9809,1.2171258926391602
99090,9810,1.5987637042999268
99100,9811,0.7182443737983704
99110,9812,0.8713191747665405
99120,9813,1.125999093055725
99130,9814,1.39622962474823
99140,9815,0.91546630859375
99150,9816,0.8533532619476318
99160,9817,1.1645543575286865
99170,9818,1.708054780960083
99180,9819,0.9481317400932312
99190,9820,0.700629711151123
99200,9821,0.8572032451629639
99210,9822,1.0557992458343506
99220,9823,1.571759581565857
99230,9824,1.147431492805481
99240,9825,1.0425758361816406
99250,9826,1.618828535079956
99260,9827,0.8274776935577393
99270,9828,1.0028235912322998
99280,9829,1.5362175703048706
99290,9830,1.1026936769485474
99300,9831,1.833698034286499
99310,9832,1.2524681091308594
99320,9833,0.9313247799873352
99330,9834,0.8979297876358032
99340,9835,0.6821485757827759
99350,9836,2.8139421939849854
99360,9837,1.0164505243301392
99370,9838,0.6451073884963989
99380,9839,1.0443826913833618
99390,9840,1.5536775588989258
99400,9841,1.2545236349105835
99410,9842,3.0757594108581543
99420,9843,1.306782603263855
99430,9844,0.9404850006103516
99440,9845,0.4737245738506317
99450,9846,0.8189663290977478
99460,9847,1.1382774114608765
99470,9848,1.529773235321045
99480,9849,1.2982624769210815
99490,9850,0.6662638783454895
99500,9851,0.5320383906364441
99510,9852,1.6618616580963135
99520,9853,1.1553996801376343
99530,9854,0.9939078688621521
99540,9855,2.376718044281006
99550,9856,0.8931989073753357
99560,9857,0.6960957646369934
99570,9858,1.6306565999984741
99580,9859,1.1434128284454346
99590,9860,0.6047706007957458
99600,9861,1.0370173454284668
99610,9862,3.031198740005493
99620,9863,1.1009876728057861
99630,9864,1.253658652305603
99640,9865,2.6945149898529053
99650,9866,1.5928502082824707
99660,9867,1.2591665983200073
99670,9868,1.2563318014144897
99680,9869,0.9885655045509338
99690,9870,2.373112916946411
99700,9871,1.157254695892334
99710,9872,0.6900942325592041
99720,9873,1.1352338790893555
99730,9874,1.3516377210617065
99740,9875,0.9072517156600952
99750,9876,1.1656299829483032
99760,9877,1.2522603273391724
99770,9878,1.09544038772583
99780,9879,2.8768560886383057
99790,9880,1.5585119724273682
99800,9881,2.736063241958618
99810,9882,1.8395299911499023
99820,9883,1.4311176538467407
99830,9884,1.9914226531982422
99840,9885,1.422721028327942
99850,9886,0.7399934530258179
99860,9887,1.4665093421936035
99870,9888,1.432455062866211
99880,9889,0.7383592128753662
99890,9890,0.9999709129333496
99900,9891,0.8320130705833435
99910,9892,1.4958875179290771
99920,9893,1.359300971031189
99930,9894,1.7537848949432373
99940,9895,1.2549445629119873
99950,9896,1.267646074295044
99960,9897,0.6659883856773376
99970,9898,0.897166907787323
99980,9899,1.494018316268921
99990,9900,0.781359076499939
100000,9901,1.607661485671997
100010,9902,1.394005298614502
100020,9903,3.545302152633667
100030,9904,1.4375594854354858
100040,9905,1.1512248516082764
100050,9906,1.503833293914795
100060,9907,2.4077975749969482
100070,9908,0.6860165596008301
100080,9909,1.4596583843231201
100090,9910,1.014244794845581
100100,9911,1.3194642066955566
100110,9912,1.756943941116333
100120,9913,1.3969407081604004
100130,9914,1.7987704277038574
100140,9915,0.9483822584152222
100150,9916,1.1359484195709229
100160,9917,1.339931845664978
100170,9918,4.796520709991455
100180,9919,1.0154753923416138
100190,9920,1.2174131870269775
100200,9921,1.7102831602096558
100210,9922,1.8740793466567993
100220,9923,0.8086989521980286
100230,9924,1.9034568071365356
100240,9925,2.4413576126098633
100250,9926,0.5866836309432983
100260,9927,1.5910354852676392
100270,9928,2.2126262187957764
100280,9929,1.683632254600525
100290,9930,0.7984187602996826
100300,9931,0.9329861402511597
100310,9932,1.7351223230361938
100320,9933,1.0932234525680542
100330,9934,0.8025179505348206
100340,9935,0.9380329251289368
100350,9936,0.834359347820282
100360,9937,1.3527981042861938
100370,9938,0.9604198932647705
100380,9939,0.7932730913162231
100390,9940,1.561929702758789
100400,9941,1.2360882759094238
100410,9942,1.6705541610717773
100420,9943,0.9448878169059753
100430,9944,1.5146458148956299
100440,9945,0.7512434720993042
100450,9946,1.176525354385376
100460,9947,0.8555455207824707
100470,9948,4.458868026733398
100480,9949,1.0342289209365845
100490,9950,1.9391093254089355
100500,9951,1.857046365737915
100510,9952,1.1564242839813232
100520,9953,1.119797706604004
100530,9954,1.2221488952636719
100540,9955,1.2935152053833008
100550,9956,2.572641372680664
100560,9957,1.0641177892684937
100570,9958,1.509362816810608
100580,9959,1.3422282934188843
100590,9960,4.958923816680908
100600,9961,2.043154716491699
100610,9962,2.406942844390869
100620,9963,2.864201545715332
100630,9964,1.3782014846801758
100640,9965,1.4077327251434326
100650,9966,5.621702671051025
100660,9967,1.0125086307525635
100670,9968,0.643084704875946
100680,9969,0.6389292478561401
100690,9970,4.404286861419678
100700,9971,2.8756299018859863
100710,9972,1.0992313623428345
100720,9973,0.7954965233802795
100730,9974,1.6329412460327148
100740,9975,0.9954500198364258
100750,9976,1.186743140220642
100760,9977,1.8069632053375244
100770,9978,1.63280189037323
100780,9979,1.1948246955871582
100790,9980,0.8396080732345581
100800,9981,1.100651502609253
100810,9982,0.8788754940032959
100820,9983,0.9549330472946167
100830,9984,1.4140892028808594
100840,9985,0.8573736548423767
100850,9986,0.9460917115211487
100860,9987,2.435176372528076
100870,9988,0.83762127161026
100880,9989,0.6549731492996216
100890,9990,1.146066665649414
100900,9991,1.7071805000305176
100910,9992,1.8128485679626465
100920,9993,0.622111439704895
100930,9994,0.896756649017334
100940,9995,3.231658458709717
100950,9996,0.7060165405273438
100960,9997,0.44597116112709045
100970,9998,1.064146876335144
100980,9999,3.1614675521850586
100990,10000,0.6429907083511353
101000,10001,4.00723123550415
101010,10002,0.6896154880523682
101020,10003,1.6222822666168213
101030,10004,1.0692387819290161
101040,10005,1.8980869054794312
101050,10006,2.250396251678467
101060,10007,1.1086446046829224
101070,10008,0.8125979900360107
101080,10009,1.5041440725326538
101090,10010,0.7847645282745361
101100,10011,0.7209682464599609
101110,10012,1.0701823234558105
101120,10013,2.540116786956787
101130,10014,1.3321003913879395
101140,10015,7.697052955627441
101150,10016,0.5361814498901367
101160,10017,2.146592855453491
101170,10018,1.6856887340545654
101180,10019,0.805069088935852
101190,10020,1.4652665853500366
101200,10021,1.4660284519195557
101210,10022,6.760344982147217
101220,10023,0.5917680859565735
101230,10024,2.4547970294952393
101240,10025,1.003983736038208
101250,10026,0.8390744924545288
101260,10027,1.251057505607605
101270,10028,1.1328725814819336
101280,10029,1.1831393241882324
101290,10030,0.9944685697555542
101300,10031,0.74111008644104
101310,10032,1.318015694618225
101320,10033,0.5057327151298523
101330,10034,1.3235468864440918
101340,10035,1.979823350906372
101350,10036,5.78233003616333
101360,10037,0.6070519089698792
101370,10038,0.5915767550468445
101380,10039,1.6663508415222168
101390,10040,1.6860110759735107
101400,10041,1.3912514448165894
101410,10042,0.9475959539413452
101420,10043,2.6629691123962402
101430,10044,0.8652231693267822
101440,10045,2.8880701065063477
101450,10046,1.8523805141448975
101460,10047,1.7856247425079346
101470,10048,1.408037781715393
101480,10049,2.632450819015503
101490,10050,1.2743258476257324
101500,10051,0.9942954182624817
101510,10052,1.6882784366607666
101520,10053,0.9266320466995239
101530,10054,0.7390535473823547
101540,10055,2.2294883728027344
101550,10056,1.904510736465454
101560,10057,3.3608264923095703
101570,10058,3.1141624450683594
101580,10059,2.2035655975341797
101590,10060,3.2095465660095215
101600,10061,1.4222497940063477
101610,10062,0.8634927272796631
101620,10063,0.7628805637359619
101630,10064,1.163006067276001
101640,10065,1.63572359085083
101650,10066,1.6444472074508667
101660,10067,2.4881491661071777
101670,10068,1.4385294914245605
101680,10069,1.0862966775894165
101690,10070,1.2862054109573364
101700,10071,2.314532995223999
101710,10072,1.5582995414733887
101720,10073,1.3995980024337769
101730,10074,0.8379690051078796
101740,10075,1.3226566314697266
101750,10076,0.9507027864456177
101760,10077,0.837247371673584
101770,10078,2.131666898727417
101780,10079,1.623234748840332
101790,10080,1.0450854301452637
101800,10081,0.7382313013076782
101810,10082,3.112990140914917
101820,10083,1.3673299551010132
101830,10084,1.188692331314087
101840,10085,2.019958257675171
101850,10086,1.572633981704712
101860,10087,1.3188484907150269
101870,10088,6.140137672424316
101880,10089,0.8843511343002319
101890,10090,1.7193341255187988
101900,10091,0.8677193522453308
101910,10092,1.2248646020889282
101920,10093,1.1165125370025635
101930,10094,1.3299826383590698
101940,10095,1.0321320295333862
101950,10096,1.8218085765838623
101960,10097,3.4064576625823975
101970,10098,1.8855845928192139
101980,10099,0.8817256689071655
101990,10100,1.2370504140853882
102000,10101,1.3664404153823853
102010,10102,0.8791090846061707
102020,10103,2.4672656059265137
102030,10104,1.1613117456436157
102040,10105,2.1198790073394775
102050,10106,0.83013916015625
102060,10107,1.9669901132583618
102070,10108,1.5519295930862427
102080,10109,1.971994400024414
102090,10110,1.5059648752212524
102100,10111,1.3881080150604248
102110,10112,1.4822309017181396
102120,10113,1.0196539163589478
102130,10114,1.7066550254821777
102140,10115,1.470772624015808
102150,10116,1.296592116355896
102160,10117,3.706444025039673
102170,10118,2.0225563049316406
102180,10119,0.684350311756134
102190,10120,0.8922092318534851
102200,10121,1.0966758728027344
102210,10122,1.667614459991455
102220,10123,1.6792471408843994
102230,10124,2.128624200820923
102240,10125,1.9943079948425293
102250,10126,2.1535675525665283
102260,10127,1.0357246398925781
102270,10128,1.1937570571899414
102280,10129,1.5306657552719116
102290,10130,0.6030840277671814
102300,10131,1.8975672721862793
102310,10132,1.1435362100601196
102320,10133,1.3088953495025635
102330,10134,1.8236311674118042
102340,10135,2.491016387939453
102350,10136,1.3765971660614014
102360,10137,1.1849958896636963
102370,10138,1.2930625677108765
102380,10139,0.8830586671829224
102390,10140,0.9171091914176941
102400,10141,0.9895274639129639
102410,10142,1.0481348037719727
102420,10143,0.5935394763946533
102430,10144,0.8474955558776855
102440,10145,0.9475414156913757
102450,10146,1.725784420967102
102460,10147,0.9891015887260437
102470,10148,2.0351383686065674
102480,10149,1.2631299495697021
102490,10150,0.8648934364318848
102500,10151,1.741629958152771
102510,10152,0.7333831787109375
102520,10153,1.0459468364715576
102530,10154,2.6861348152160645
102540,10155,1.4118218421936035
102550,10156,1.3548308610916138
102560,10157,0.8247883915901184
102570,10158,1.081719994544983
102580,10159,1.387421727180481
102590,10160,0.8672840595245361
102600,10161,0.6859565377235413
102610,10162,1.8920583724975586
102620,10163,1.082869291305542
102630,10164,1.0671920776367188
102640,10165,0.8374760150909424
102650,10166,1.2347979545593262
102660,10167,1.2730677127838135
102670,10168,1.0441278219223022
102680,10169,1.7565691471099854
102690,10170,2.1605091094970703
102700,10171,1.456154465675354
102710,10172,2.2179765701293945
102720,10173,1.5080002546310425
102730,10174,1.207214593887329
102740,10175,1.6186968088150024
102750,10176,0.9121097326278687
102760,10177,2.0109870433807373
102770,10178,1.461208462715149
102780,10179,0.9816431403160095
102790,10180,1.315922498703003
102800,10181,0.6429709196090698
102810,10182,1.1803414821624756
102820,10183,1.4281220436096191
102830,10184,1.1819123029708862
102840,10185,0.7032223343849182
102850,10186,0.708579957485199
102860,10187,2.784976005554199
102870,10188,1.285909652709961
102880,10189,1.2466022968292236
102890,10190,1.0324914455413818
102900,10191,0.8136736750602722
102910,10192,1.882806420326233
102920,10193,0.7918195724487305
102930,10194,1.5239790678024292
102940,10195,1.084783911705017
102950,10196,3.7302136421203613
102960,10197,1.1945924758911133
102970,10198,2.4957540035247803
102980,10199,0.7832709550857544
102990,10200,1.0126196146011353
103000,10201,1.2454884052276611
103010,10202,1.1323703527450562
103020,10203,1.5161850452423096
103030,10204,1.3803329467773438
103040,10205,0.9385722279548645
103050,10206,0.8287210464477539
103060,10207,1.7508928775787354
103070,10208,1.4799777269363403
103080,10209,1.311182975769043
103090,10210,1.0178767442703247
103100,10211,1.1348596811294556
103110,10212,1.2597860097885132
103120,10213,1.0193126201629639
103130,10214,1.6158220767974854
103140,10215,2.2791874408721924
103150,10216,1.5985559225082397
103160,10217,1.2652264833450317
103170,10218,1.4138147830963135
103180,10219,1.654945969581604
103190,10220,1.1798144578933716
103200,10221,1.015716552734375
103210,10222,1.5195107460021973
103220,10223,1.9913173913955688
103230,10224,0.8897229433059692
103240,10225,1.3166844844818115
103250,10226,1.9974594116210938
103260,10227,0.7271537184715271
103270,10228,1.0359610319137573
103280,10229,4.610306262969971
103290,10230,0.7826521396636963
103300,10231,2.2462241649627686
103310,10232,1.2615526914596558
103320,10233,1.5174078941345215
103330,10234,0.9746167659759521
103340,10235,1.289322853088379
103350,10236,1.1846487522125244
103360,10237,1.015547513961792
103370,10238,1.7999677658081055
103380,10239,1.5347561836242676
103390,10240,0.6926363110542297
103400,10241,6.727540493011475
103410,10242,0.7003967761993408
103420,10243,1.0137169361114502
103430,10244,0.8112530708312988
103440,10245,2.5174355506896973
103450,10246,0.7555245757102966
103460,10247,1.1028428077697754
103470,10248,0.7089402675628662
103480,10249,0.7529175281524658
103490,10250,0.9077467322349548
103500,10251,1.0974369049072266
103510,10252,1.7896404266357422
103520,10253,0.8825427889823914
103530,10254,1.1942203044891357
103540,10255,3.859368324279785
103550,10256,1.1254676580429077
103560,10257,1.3951787948608398
103570,10258,1.4083749055862427
103580,10259,1.794930338859558
103590,10260,1.9189828634262085
103600,10261,0.5527852177619934
103610,10262,6.1302008628845215
103620,10263,0.47988438606262207
103630,10264,2.028658628463745
103640,10265,0.7445436716079712
103650,10266,1.5108697414398193
103660,10267,0.6549070477485657
103670,10268,0.9243196845054626
103680,10269,0.9176193475723267
103690,10270,0.6377358436584473
103700,10271,1.1962673664093018
103710,10272,1.3124921321868896
103720,10273,0.8248990178108215
103730,10274,0.9821587800979614
103740,10275,0.8447501063346863
103750,10276,2.4066991806030273
103760,10277,1.2664655447006226
103770,10278,1.220485806465149
103780,10279,1.144830346107483
103790,10280,1.0638948678970337
103800,10281,1.494133472442627
103810,10282,1.432320237159729
103820,10283,1.32929527759552
103830,10284,1.0166211128234863
103840,10285,0.9916409850120544
103850,10286,1.2056071758270264
103860,10287,1.0808509588241577
103870,10288,1.7532681226730347
103880,10289,0.5698806047439575
103890,10290,0.7841225862503052
103900,10291,0.8199685215950012
103910,10292,0.6044721007347107
103920,10293,1.2872743606567383
103930,10294,0.8130870461463928
103940,10295,3.1100685596466064
103950,10296,1.0158225297927856
103960,10297,1.064454436302185
103970,10298,0.7037937641143799
103980,10299,0.7716091871261597
103990,10300,0.7281625866889954
104000,10301,0.9371981620788574
104010,10302,1.904831886291504
104020,10303,1.2135097980499268
104030,10304,1.4755240678787231
104040,10305,1.0444252490997314
104050,10306,1.3547271490097046
104060,10307,2.6310603618621826
104070,10308,0.9886530041694641
104080,10309,1.7049273252487183
104090,10310,1.6473443508148193
104100,10311,0.8804989457130432
104110,10312,2.394047260284424
104120,10313,1.3732056617736816
104130,10314,1.9811296463012695
104140,10315,0.923366904258728
104150,10316,1.5910784006118774
104160,10317,1.5805482864379883
104170,10318,2.0688600540161133
104180,10319,1.3833484649658203
104190,10320,0.7909289002418518
104200,10321,1.5042245388031006
104210,10322,2.0233688354492188
104220,10323,1.356514573097229
104230,10324,0.961536705493927
104240,10325,1.171127438545227
104250,10326,1.027360200881958
104260,10327,0.7291154265403748
104270,10328,4.658700466156006
104280,10329,1.1455745697021484
104290,10330,1.1603201627731323
104300,10331,1.940481424331665
104310,10332,1.053049921989441
104320,10333,0.8604325652122498
104330,10334,0.9952298998832703
104340,10335,1.3988640308380127
104350,10336,1.2296552658081055
104360,10337,0.9134173393249512
104370,10338,0.655348539352417
104380,10339,0.8991978168487549
104390,10340,0.9579734802246094
104400,10341,1.099983811378479
104410,10342,1.2559912204742432
104420,10343,0.7561402320861816
104430,10344,1.1169657707214355
104440,10345,0.5866197943687439
104450,10346,1.4171645641326904
104460,10347,1.566496729850769
104470,10348,1.6564602851867676
104480,10349,1.226970911026001
104490,10350,2.6361072063446045
104500,10351,1.2032132148742676
104510,10352,1.7366573810577393
104520,10353,0.7381610870361328
104530,10354,0.8738394379615784
104540,10355,2.0147666931152344
104550,10356,1.0149940252304077
104560,10357,1.4841904640197754
104570,10358,1.3588461875915527
104580,10359,0.9104309678077698
104590,10360,1.1654138565063477
104600,10361,1.5626227855682373
104610,10362,1.6535701751708984
104620,10363,0.9535229206085205
104630,10364,1.565027117729187
104640,10365,0.9026938676834106
104650,10366,0.736331582069397
104660,10367,1.1513710021972656
104670,10368,0.5311619639396667
104680,10369,0.9879598617553711
104690,10370,0.7330000996589661
104700,10371,1.7409133911132812
104710,10372,2.2867231369018555
104720,10373,1.7352110147476196
104730,10374,0.8264328241348267
104740,10375,0.5721437931060791
104750,10376,1.376970887184143
104760,10377,0.6366150379180908
104770,10378,0.6400933861732483
104780,10379,1.5574235916137695
104790,10380,1.1750842332839966
104800,10381,0.7870685458183289
104810,10382,0.8251621723175049
104820,10383,1.4187767505645752
104830,10384,0.8153608441352844
104840,10385,0.9548934698104858
104850,10386,1.1484241485595703
104860,10387,1.0752124786376953
104870,10388,0.6528454422950745
104880,10389,0.869329035282135
104890,10390,1.0854523181915283
104900,10391,2.1285557746887207
104910,10392,0.7055485248565674
104920,10393,0.5799806714057922
104930,10394,0.729719877243042
104940,10395,0.7709388732910156
104950,10396,0.8500716686248779
104960,10397,0.7261865735054016
104970,10398,1.048572301864624
104980,10399,1.993709683418274
104990,10400,1.269742488861084
105000,10401,0.5718784928321838
105010,10402,1.9219961166381836
105020,10403,1.7026176452636719
105030,10404,1.5421675443649292
105040,10405,1.3749364614486694
105050,10406,4.797292709350586
105060,10407,1.084482192993164
105070,10408,2.177751064300537
105080,10409,1.5892807245254517
105090,10410,0.9649471044540405
105100,10411,1.1871565580368042
105110,10412,1.0069961547851562
105120,10413,0.8448184132575989
105130,10414,1.0991755723953247
105140,10415,1.6841557025909424
105150,10416,5.320308208465576
105160,10417,1.9864827394485474
105170,10418,1.6403224468231201
105180,10419,1.1487529277801514
105190,10420,2.152498722076416
105200,10421,1.385676622390747
105210,10422,1.70218825340271
105220,10423,1.573226809501648
105230,10424,5.3332648277282715
105240,10425,0.7479928731918335
105250,10426,1.9283702373504639
105260,10427,0.8712238669395447
105270,10428,0.819963276386261
105280,10429,0.6947970986366272
105290,10430,1.014675259590149
105300,10431,1.2307569980621338
105310,10432,0.9834116101264954
105320,10433,1.1053959131240845
105330,10434,1.4567763805389404
105340,10435,1.0094993114471436
105350,10436,0.6378452777862549
105360,10437,1.206719160079956
105370,10438,1.1007760763168335
105380,10439,1.813645601272583
105390,10440,1.5112296342849731
105400,10441,1.2204526662826538
105410,10442,0.9944627285003662
105420,10443,1.0839391946792603
105430,10444,1.2608506679534912
105440,10445,1.7169686555862427
105450,10446,1.1346105337142944
105460,10447,1.2428877353668213
105470,10448,0.8530109524726868
105480,10449,1.0958821773529053
105490,10450,1.7459990978240967
105500,10451,3.039494514465332
105510,10452,2.2361674308776855
105520,10453,0.6939855813980103
105530,10454,0.9496519565582275
105540,10455,1.9428044557571411
105550,10456,3.086987257003784
105560,10457,0.5700096487998962
105570,10458,3.7569358348846436
105580,10459,0.6365350484848022
105590,10460,2.1369636058807373
105600,10461,0.9639822840690613
105610,10462,1.178699254989624
105620,10463,2.24580717086792
105630,10464,1.0386438369750977
105640,10465,0.7668573260307312
105650,10466,2.369480609893799
105660,10467,0.6246904134750366
105670,10468,0.9598256349563599
105680,10469,1.5888426303863525
105690,10470,0.6550536155700684
105700,10471,1.6250661611557007
105710,10472,1.2180525064468384
105720,10473,1.5170936584472656
105730,10474,1.5119751691818237
105740,10475,1.0525782108306885
105750,10476,1.0113695859909058
105760,10477,2.4772050380706787
105770,10478,0.7279340028762817
105780,10479,0.8987200260162354
105790,10480,1.2089391946792603
105800,10481,0.8340206146240234
105810,10482,1.126377820968628
105820,10483,1.402762532234192
105830,10484,0.8348753452301025
105840,10485,2.3588080406188965
105850,10486,1.3411533832550049
105860,10487,0.988717794418335
105870,10488,1.2662839889526367
105880,10489,1.023538589477539
105890,10490,0.8724555373191833
105900,10491,1.0701708793640137
105910,10492,1.1295255422592163
105920,10493,1.0815305709838867
105930,10494,0.922124445438385
105940,10495,1.9780864715576172
105950,10496,1.3170229196548462
105960,10497,0.8714450597763062
105970,10498,0.8423311114311218
105980,10499,0.9122337102890015
105990,10500,1.0665804147720337
106000,10501,1.4111945629119873
106010,10502,1.4660592079162598
106020,10503,1.36186683177948
106030,10504,3.025012493133545
106040,10505,2.1364781856536865
106050,10506,2.1396403312683105
106060,10507,1.0114107131958008
106070,10508,3.7038674354553223
106080,10509,1.3668750524520874
106090,10510,1.3793563842773438
106100,10511,1.2203898429870605
106110,10512,0.7080518007278442
106120,10513,2.0671446323394775
106130,10514,1.6276764869689941
106140,10515,1.5022333860397339
106150,10516,0.9074262380599976
106160,10517,1.4117273092269897
106170,10518,1.0369536876678467
106180,10519,1.7176260948181152
106190,10520,0.9895015954971313
106200,10521,2.4900434017181396
106210,10522,1.6462643146514893
106220,10523,1.7486107349395752
106230,10524,2.9435877799987793
106240,10525,0.8174813985824585
106250,10526,0.9873937368392944
106260,10527,0.8849265575408936
106270,10528,1.3320555686950684
106280,10529,1.1655280590057373
106290,10530,1.3207813501358032
106300,10531,2.0448849201202393
106310,10532,0.9806842803955078
106320,10533,1.2781410217285156
106330,10534,1.4811880588531494
106340,10535,1.906715989112854
106350,10536,1.3392306566238403
106360,10537,0.6189650297164917
106370,10538,1.8669788837432861
106380,10539,1.3257309198379517
106390,10540,2.171971082687378
106400,10541,2.285367965698242
106410,10542,1.1451791524887085
106420,10543,0.9828917384147644
106430,10544,1.3072079420089722
106440,10545,1.9546947479248047
106450,10546,1.1277672052383423
106460,10547,1.2825119495391846
106470,10548,0.8453291654586792
106480,10549,1.5384564399719238
106490,10550,3.003859043121338
106500,10551,1.4324610233306885
106510,10552,1.3684604167938232
106520,10553,0.9053026437759399
106530,10554,1.4821711778640747
106540,10555,0.9189599752426147
106550,10556,0.9776763916015625
106560,10557,0.5836492776870728
106570,10558,1.6436175107955933
106580,10559,0.9990066885948181
106590,10560,0.6837253570556641
106600,10561,1.776387333869934
106610,10562,1.3908230066299438
106620,10563,1.160212516784668
106630,10564,1.5413812398910522
106640,10565,0.9770956039428711
106650,10566,1.2442213296890259
106660,10567,1.270841360092163
106670,10568,1.3830667734146118
106680,10569,1.5059490203857422
106690,10570,1.0705076456069946
106700,10571,0.9848397374153137
106710,10572,1.6066402196884155
106720,10573,0.8920304179191589
106730,10574,0.5723317861557007
106740,10575,2.162541389465332
106750,10576,1.4645007848739624
106760,10577,1.2163071632385254
106770,10578,0.7391790151596069
106780,10579,1.052490472793579
106790,10580,1.1318291425704956
106800,10581,1.0522911548614502
106810,10582,0.9863198399543762
106820,10583,1.3405401706695557
106830,10584,6.942572116851807
106840,10585,0.8468368053436279
106850,10586,2.3579235076904297
106860,10587,1.0769717693328857
106870,10588,2.261953830718994
106880,10589,1.1568238735198975
106890,10590,1.582308292388916
106900,10591,0.9070109724998474
106910,10592,1.896293044090271
106920,10593,1.2538760900497437
106930,10594,0.6243635416030884
106940,10595,1.1452302932739258
106950,10596,0.729756772518158
106960,10597,0.9239502549171448
106970,10598,4.974442481994629
106980,10599,1.0086923837661743
106990,10600,2.318758010864258
107000,10601,1.1251842975616455
107010,10602,1.6415084600448608
107020,10603,1.3037227392196655
107030,10604,0.5945329070091248
107040,10605,2.724801778793335
107050,10606,1.2444710731506348
107060,10607,1.2510576248168945
107070,10608,1.6104949712753296
107080,10609,0.9781667590141296
107090,10610,4.456707000732422
107100,10611,1.25169837474823
107110,10612,1.6822748184204102
107120,10613,1.0384268760681152
107130,10614,3.1153666973114014
107140,10615,1.2447102069854736
107150,10616,0.9665752053260803
107160,10617,1.3823257684707642
107170,10618,3.056083917617798
107180,10619,1.6975219249725342
107190,10620,4.682306289672852
107200,10621,1.0587290525436401
107210,10622,0.9020547270774841
107220,10623,1.4895217418670654
107230,10624,1.0240066051483154
107240,10625,1.1941850185394287
107250,10626,1.1409554481506348
107260,10627,0.8520260453224182
107270,10628,1.5042856931686401
107280,10629,1.6444929838180542
107290,10630,0.6964873671531677
107300,10631,0.9911508560180664
107310,10632,1.4337987899780273
107320,10633,1.4285926818847656
107330,10634,1.3225102424621582
107340,10635,1.5030360221862793
107350,10636,1.778151512145996
107360,10637,3.16353440284729
107370,10638,0.8649777173995972
107380,10639,0.9211118221282959
107390,10640,0.8446144461631775
107400,10641,0.6192097067832947
107410,10642,0.8793355822563171
107420,10643,1.1011539697647095
107430,10644,1.0362141132354736
107440,10645,1.9633136987686157
107450,10646,2.3747124671936035
107460,10647,0.9113612174987793
107470,10648,3.2012174129486084
107480,10649,1.208640456199646
107490,10650,1.525066614151001
107500,10651,1.4320316314697266
107510,10652,0.9070444703102112
107520,10653,1.0259073972702026
107530,10654,1.4284136295318604
107540,10655,0.7993853092193604
107550,10656,2.0732548236846924
107560,10657,0.9054856896400452
107570,10658,1.4961121082305908
107580,10659,2.033029794692993
107590,10660,1.2787519693374634
107600,10661,2.751173973083496
107610,10662,0.5743054151535034
107620,10663,1.3032410144805908
107630,10664,1.7945927381515503
107640,10665,0.9217490553855896
107650,10666,1.5439423322677612
107660,10667,1.0746502876281738
107670,10668,0.532310962677002
107680,10669,1.992712140083313
107690,10670,0.6932355761528015
107700,10671,1.5293861627578735
107710,10672,1.5210341215133667
107720,10673,1.537860631942749
107730,10674,0.7193205952644348
107740,10675,1.6409862041473389
107750,10676,1.2972068786621094
107760,10677,1.9797484874725342
107770,10678,1.0503355264663696
107780,10679,2.260065793991089
107790,10680,0.80321204662323
107800,10681,0.8841700553894043
107810,10682,0.6489254832267761
107820,10683,2.060455322265625
107830,10684,1.32754385471344
107840,10685,1.6818042993545532
107850,10686,1.0254980325698853
107860,10687,0.9306063652038574
107870,10688,0.7626301050186157
107880,10689,0.5987774729728699
107890,10690,1.3316015005111694
107900,10691,0.5146677494049072
107910,10692,0.9732909798622131
107920,10693,3.7068934440612793
107930,10694,1.936845302581787
107940,10695,1.0969772338867188
107950,10696,1.380345344543457
107960,10697,1.319188117980957
107970,10698,1.4489727020263672
107980,10699,0.6555660963058472
107990,10700,0.9431270956993103
108000,10701,1.084410548210144
108010,10702,1.040446162223816
108020,10703,0.7853759527206421
108030,10704,1.5067204236984253
108040,10705,1.535929560661316
108050,10706,1.415231704711914
108060,10707,0.7723771333694458
108070,10708,2.193098306655884
108080,10709,2.869142770767212
108090,10710,3.1987662315368652
108100,10711,0.7176119685173035
108110,10712,1.0778229236602783
108120,10713,0.8823612332344055
108130,10714,1.2960364818572998
108140,10715,0.8892766833305359
108150,10716,1.5433107614517212
108160,10717,2.46197772026062
108170,10718,1.131402850151062
108180,10719,1.3682692050933838
108190,10720,0.8569438457489014
108200,10721,3.7257230281829834
108210,10722,1.0858049392700195
108220,10723,1.7718585729599
108230,10724,1.525897741317749
108240,10725,1.609818696975708
108250,10726,1.6568338871002197
108260,10727,1.3870619535446167
108270,10728,0.8719390034675598
108280,10729,1.358291745185852
108290,10730,0.8948510885238647
108300,10731,0.4108123779296875
108310,10732,1.808635950088501
108320,10733,1.3938069343566895
108330,10734,0.5676040649414062
108340,10735,1.3061697483062744
108350,10736,0.9940367937088013
108360,10737,1.645402193069458
108370,10738,0.9548637866973877
108380,10739,0.7433667182922363
108390,10740,0.8504277467727661
108400,10741,1.0035550594329834
108410,10742,0.9123802781105042
108420,10743,1.7843549251556396
108430,10744,1.3795961141586304
108440,10745,2.6956701278686523
108450,10746,0.7457699775695801
108460,10747,0.8495873808860779
108470,10748,1.0969948768615723
108480,10749,1.9957813024520874
108490,10750,0.9081140160560608
108500,10751,1.1887571811676025
108510,10752,0.7464360594749451
108520,10753,0.9614524841308594
108530,10754,1.1315748691558838
108540,10755,1.316957950592041
108550,10756,1.4173593521118164
108560,10757,1.6591510772705078
108570,10758,1.1827319860458374
108580,10759,1.0733072757720947
108590,10760,0.8365797400474548
108600,10761,0.8992052674293518
108610,10762,1.5352251529693604
108620,10763,0.6734979748725891
108630,10764,1.1803264617919922
108640,10765,1.1731101274490356
108650,10766,2.0504159927368164
108660,10767,2.2323267459869385
108670,10768,1.1924574375152588
108680,10769,2.33958101272583
108690,10770,1.7131078243255615
108700,10771,1.1529288291931152
108710,10772,3.6167168617248535
108720,10773,0.554039716720581
108730,10774,1.017038106918335
108740,10775,1.1098064184188843
108750,10776,1.5762741565704346
108760,10777,1.1139880418777466
108770,10778,1.2273070812225342
108780,10779,1.1548664569854736
108790,10780,0.473089337348938
108800,10781,1.0741826295852661
108810,10782,0.5323604345321655
108820,10783,1.053656816482544
108830,10784,1.0287951231002808
108840,10785,3.6263551712036133
108850,10786,1.358929991722107
108860,10787,1.0311440229415894
108870,10788,0.7331098318099976
108880,10789,1.5152029991149902
108890,10790,1.08148193359375
108900,10791,0.6545659303665161
108910,10792,1.1408578157424927
108920,10793,1.1209577322006226
108930,10794,1.0291376113891602
108940,10795,1.3339850902557373
108950,10796,0.9207525253295898
108960,10797,1.1665773391723633
108970,10798,6.671158790588379
108980,10799,1.0249993801116943
108990,10800,1.2081458568572998
109000,10801,0.7786238789558411
109010,10802,0.9157550930976868
109020,10803,1.2483329772949219
109030,10804,1.3713041543960571
109040,10805,0.907345175743103
109050,10806,0.9893938899040222
109060,10807,1.0359611511230469
109070,10808,2.0573692321777344
109080,10809,1.150795817375183
109090,10810,1.733315348625183
109100,10811,1.0797390937805176
109110,10812,1.4271694421768188
109120,10813,0.6592808961868286
109130,10814,0.5910016894340515
109140,10815,0.8531487584114075
109150,10816,0.8997896909713745
109160,10817,0.966500461101532
109170,10818,2.1254217624664307
109180,10819,0.9613270163536072
109190,10820,2.5072948932647705
109200,10821,1.6402992010116577
109210,10822,1.2190603017807007
109220,10823,3.0733561515808105
109230,10824,1.0434080362319946
109240,10825,1.4198193550109863
109250,10826,0.8778371810913086
109260,10827,0.9630755186080933
109270,10828,1.1685324907302856
109280,10829,1.111114263534546
109290,10830,1.983919620513916
109300,10831,0.8624413013458252
109310,10832,5.457094192504883
109320,10833,1.0383360385894775
109330,10834,0.8445714712142944
109340,10835,0.7544899582862854
109350,10836,1.0366350412368774
109360,10837,1.9140644073486328
109370,10838,2.456608533859253
109380,10839,1.4914934635162354
109390,10840,4.53000020980835
109400,10841,1.541611909866333
109410,10842,0.9450831413269043
109420,10843,0.9932293891906738
109430,10844,1.0153940916061401
109440,10845,2.8085947036743164
109450,10846,0.9816780686378479
109460,10847,1.5446714162826538
109470,10848,0.8840130567550659
109480,10849,1.2161144018173218
109490,10850,0.779937744140625
109500,10851,0.7364860773086548
109510,10852,1.899153709411621
109520,10853,1.199626088142395
109530,10854,1.3931910991668701
109540,10855,1.769479751586914
109550,10856,1.6429710388183594
109560,10857,1.1253726482391357
109570,10858,1.709877371788025
109580,10859,2.5359044075012207
109590,10860,1.2633397579193115
109600,10861,1.2520076036453247
109610,10862,1.1757861375808716
109620,10863,1.4356660842895508
109630,10864,0.6856700778007507
109640,10865,1.7394074201583862
109650,10866,0.7480971217155457
109660,10867,1.2226675748825073
109670,10868,1.3701810836791992
109680,10869,0.893962562084198
109690,10870,0.8092894554138184
109700,10871,1.5003846883773804
109710,10872,1.315356969833374
109720,10873,0.5221591591835022
109730,10874,0.9401764869689941
109740,10875,1.038434386253357
109750,10876,0.7779431939125061
109760,10877,2.6002731323242188
109770,10878,1.6081379652023315
109780,10879,0.8714236617088318
109790,10880,1.0409036874771118
109800,10881,2.128749370574951
109810,10882,0.7153884172439575
109820,10883,0.44840937852859497
109830,10884,1.249853491783142
109840,10885,1.970405101776123
109850,10886,1.8996286392211914
109860,10887,1.412947654724121
109870,10888,1.5277793407440186
109880,10889,1.8817167282104492
109890,10890,1.1820225715637207
109900,10891,1.529098629951477
109910,10892,0.89092618227005
109920,10893,2.177273988723755
109930,10894,1.0274070501327515
109940,10895,2.3942883014678955
109950,10896,1.6269443035125732
109960,10897,3.4708356857299805
109970,10898,1.0197910070419312
109980,10899,0.7540910243988037
109990,10900,1.24050772190094
110000,10901,0.8179075717926025
110010,10902,1.95713210105896
110020,10903,0.8333808779716492
110030,10904,1.6679701805114746
110040,10905,1.5064399242401123
110050,10906,1.3955085277557373
110060,10907,5.4678730964660645
110070,10908,1.435827612876892
110080,10909,1.4775550365447998
110090,10910,2.9144582748413086
110100,10911,0.8180527687072754
110110,10912,1.0366575717926025
110120,10913,0.9055061340332031
110130,10914,0.8348439335823059
110140,10915,1.592308759689331
110150,10916,0.8710328340530396
110160,10917,1.0927741527557373
110170,10918,1.4049965143203735
110180,10919,3.7745633125305176
110190,10920,1.3347973823547363
110200,10921,2.1437346935272217
110210,10922,2.219682455062866
110220,10923,1.3442379236221313
110230,10924,0.6060220003128052
110240,10925,1.0155283212661743
110250,10926,0.8992833495140076
110260,10927,1.3336591720581055
110270,10928,0.6650075912475586
110280,10929,1.4852180480957031
110290,10930,0.6341195106506348
110300,10931,1.5663354396820068
110310,10932,1.5927637815475464
110320,10933,2.8606691360473633
110330,10934,1.2664960622787476
110340,10935,1.1058815717697144
110350,10936,3.6401214599609375
110360,10937,1.4896907806396484
110370,10938,0.8744072914123535
110380,10939,1.3525909185409546
110390,10940,1.657313346862793
110400,10941,1.353042721748352
110410,10942,1.1223766803741455
110420,10943,1.013513207435608
110430,10944,1.143385410308838
110440,10945,2.128297805786133
110450,10946,1.0195201635360718
110460,10947,0.8891563415527344
110470,10948,0.863359808921814
110480,10949,1.1923151016235352
110490,10950,0.7209749817848206
110500,10951,1.0806961059570312
110510,10952,2.681748867034912
110520,10953,0.7688899040222168
110530,10954,2.082625389099121
110540,10955,1.711722493171692
110550,10956,1.1377570629119873
110560,10957,0.9860779047012329
110570,10958,1.4466423988342285
110580,10959,0.8370643854141235
110590,10960,1.1261993646621704
110600,10961,1.6812410354614258
110610,10962,4.6219353675842285
110620,10963,1.6141929626464844
110630,10964,1.0204226970672607
110640,10965,1.0948021411895752
110650,10966,1.3753739595413208
110660,10967,1.1103143692016602
110670,10968,1.1911606788635254
110680,10969,1.497422218322754
110690,10970,2.0878846645355225
110700,10971,0.9576734304428101
110710,10972,0.7041225433349609
110720,10973,5.04850435256958
110730,10974,1.2168231010437012
110740,10975,0.7216963171958923
110750,10976,1.4657775163650513
110760,10977,1.7154972553253174
110770,10978,1.360482096672058
110780,10979,1.4869310855865479
110790,10980,1.857177495956421
110800,10981,2.0733442306518555
110810,10982,1.162056565284729
110820,10983,0.9921309947967529
110830,10984,1.099268913269043
110840,10985,3.0918219089508057
110850,10986,1.0966554880142212
110860,10987,0.8536558151245117
110870,10988,0.7590249180793762
110880,10989,0.7421619296073914
110890,10990,0.5713101029396057
110900,10991,1.3980798721313477
110910,10992,1.1740243434906006
110920,10993,1.1567249298095703
110930,10994,0.5650791525840759
110940,10995,1.1524865627288818
110950,10996,0.9171194434165955
110960,10997,1.0662996768951416
110970,10998,1.694210171699524
110980,10999,0.8070905804634094
110990,11000,2.287897825241089
111000,11001,1.3461724519729614
111010,11002,0.8283032774925232
111020,11003,1.990828514099121
111030,11004,2.5265626907348633
111040,11005,1.786965012550354
111050,11006,1.1184108257293701
111060,11007,0.8355064988136292
111070,11008,1.385810136795044
111080,11009,3.057648181915283
111090,11010,2.37324857711792
111100,11011,1.7353241443634033
111110,11012,5.685023784637451
111120,11013,1.09807288646698
111130,11014,1.708721399307251
111140,11015,1.1459628343582153
111150,11016,0.8337655663490295
111160,11017,0.9414969682693481
111170,11018,1.3263705968856812
111180,11019,0.8123942613601685
111190,11020,0.9591779708862305
111200,11021,1.1075485944747925
111210,11022,1.267988920211792
111220,11023,3.6525654792785645
111230,11024,3.1133527755737305
111240,11025,1.7837202548980713
111250,11026,2.436842918395996
111260,11027,1.5822694301605225
111270,11028,1.3583292961120605
111280,11029,0.7993796467781067
111290,11030,1.818926215171814
111300,11031,2.1771464347839355
111310,11032,0.725569486618042
111320,11033,1.02970552444458
111330,11034,0.7427740693092346
111340,11035,1.9802743196487427
111350,11036,0.8033896684646606
111360,11037,1.0428073406219482
111370,11038,1.4254437685012817
111380,11039,1.0290272235870361
111390,11040,2.351128339767456
111400,11041,1.6176891326904297
111410,11042,0.8065708875656128
111420,11043,0.7078431248664856
111430,11044,0.9992876052856445
111440,11045,0.8235846161842346
111450,11046,3.909695625305176
111460,11047,3.2852585315704346
111470,11048,1.136775016784668
111480,11049,0.9525425434112549
111490,11050,2.506024122238159
111500,11051,2.8590307235717773
111510,11052,1.44618558883667
111520,11053,0.8715606927871704
111530,11054,2.4167065620422363
111540,11055,1.4626668691635132
111550,11056,3.0821566581726074
111560,11057,0.9922704100608826
111570,11058,0.5993906259536743
111580,11059,1.4403716325759888
111590,11060,1.2368332147598267
111600,11061,0.6973362565040588
111610,11062,0.8213081955909729
111620,11063,0.9412959814071655
111630,11064,0.8186309933662415
111640,11065,1.5157819986343384
111650,11066,0.8881527185440063
111660,11067,1.032901406288147
111670,11068,1.615173578262329
111680,11069,1.2146658897399902
111690,11070,1.6840314865112305
111700,11071,0.7345510721206665
111710,11072,1.2975621223449707
111720,11073,1.5821162462234497
111730,11074,0.780086874961853
111740,11075,1.0394790172576904
111750,11076,1.580528974533081
111760,11077,0.9491384625434875
111770,11078,1.8600800037384033
111780,11079,1.0988234281539917
111790,11080,2.332239866256714
111800,11081,1.2487324476242065
111810,11082,1.5812863111495972
111820,11083,1.4111400842666626
111830,11084,0.9491601586341858
111840,11085,3.2126593589782715
111850,11086,1.1907223463058472
111860,11087,0.7874369025230408
111870,11088,1.6993343830108643
111880,11089,1.2797006368637085
111890,11090,1.0396369695663452
111900,11091,2.682330369949341
111910,11092,1.9820911884307861
111920,11093,1.131039023399353
111930,11094,0.9754635095596313
111940,11095,1.4799585342407227
111950,11096,1.4365363121032715
111960,11097,1.5420669317245483
111970,11098,1.396679401397705
111980,11099,1.0429942607879639
111990,11100,0.8467889428138733
112000,11101,1.3158016204833984
112010,11102,2.911160945892334
112020,11103,1.104873538017273
112030,11104,1.1811333894729614
112040,11105,2.2915005683898926
112050,11106,1.120894432067871
112060,11107,1.1299794912338257
112070,11108,0.9485960602760315
112080,11109,1.1437044143676758
112090,11110,0.8904417753219604
112100,11111,1.630615472793579
112110,11112,0.9306234121322632
112120,11113,1.8349037170410156
112130,11114,1.0746358633041382
112140,11115,0.8819657564163208
112150,11116,0.7639840245246887
112160,11117,1.4536203145980835
112170,11118,1.7156717777252197
112180,11119,1.0394214391708374
112190,11120,1.5264214277267456
112200,11121,1.015650987625122
112210,11122,1.2116203308105469
112220,11123,1.32881760597229
112230,11124,0.7345890402793884
112240,11125,1.9536858797073364
112250,11126,1.1064454317092896
112260,11127,0.8342995047569275
112270,11128,1.6505851745605469
112280,11129,1.6380795240402222
112290,11130,1.2352029085159302
112300,11131,2.228502035140991
112310,11132,0.7981168031692505
112320,11133,0.5245102047920227
112330,11134,1.6087172031402588
112340,11135,1.0078189373016357
112350,11136,1.9714497327804565
112360,11137,1.1244399547576904
112370,11138,3.7461209297180176
112380,11139,0.9842653274536133
112390,11140,2.856405735015869
112400,11141,0.6562356352806091
112410,11142,0.8395826816558838
112420,11143,1.6039602756500244
112430,11144,1.340497612953186
112440,11145,1.054710030555725
112450,11146,1.747645616531372
112460,11147,0.6779569387435913
112470,11148,1.33561110496521
112480,11149,1.3311288356781006
112490,11150,1.192153811454773
112500,11151,2.472177028656006
112510,11152,2.941668748855591
112520,11153,0.9010160565376282
112530,11154,1.0084786415100098
112540,11155,1.962702989578247
112550,11156,1.3099945783615112
112560,11157,0.8033236265182495
112570,11158,0.446620911359787
112580,11159,1.3220362663269043
112590,11160,3.59009051322937
112600,11161,0.8113987445831299
112610,11162,2.1987082958221436
112620,11163,2.4965741634368896
112630,11164,1.0904815196990967
112640,11165,1.4951540231704712
112650,11166,1.1175379753112793
112660,11167,0.8403267860412598
112670,11168,1.3386365175247192
112680,11169,1.2133690118789673
112690,11170,1.5339092016220093
112700,11171,1.3262509107589722
112710,11172,0.7942900657653809
112720,11173,1.7449254989624023
112730,11174,1.7500624656677246
112740,11175,0.7121519446372986
112750,11176,1.042840838432312
112760,11177,0.8512272834777832
112770,11178,1.4849395751953125
112780,11179,0.8833019137382507
112790,11180,1.0848408937454224
112800,11181,0.8684685826301575
112810,11182,3.217085838317871
112820,11183,0.7070091366767883
112830,11184,1.6927814483642578
112840,11185,0.5275359153747559
112850,11186,0.8349562287330627
112860,11187,1.0993657112121582
112870,11188,1.0125315189361572
112880,11189,1.251033902168274
112890,11190,1.4273340702056885
112900,11191,0.7574504017829895
112910,11192,1.4716190099716187
112920,11193,0.9030470848083496
112930,11194,1.3170634508132935
112940,11195,1.2373842000961304
112950,11196,0.901766836643219
112960,11197,1.5841313600540161
112970,11198,1.1050057411193848
112980,11199,0.9409897327423096
112990,11200,1.1297589540481567
113000,11201,2.2154994010925293
113010,11202,1.241697907447815
113020,11203,1.2005842924118042
113030,11204,1.8822612762451172
113040,11205,1.4851832389831543
113050,11206,2.8277270793914795
113060,11207,1.464512825012207
113070,11208,0.9505976438522339
113080,11209,0.9765247106552124
113090,11210,1.0290780067443848
113100,11211,0.5855710506439209
113110,11212,1.4746514558792114
113120,11213,0.9830607175827026
113130,11214,3.0327048301696777
113140,11215,1.174511194229126
113150,11216,0.8812592029571533
113160,11217,3.8595542907714844
113170,11218,1.1778360605239868
113180,11219,1.6472291946411133
113190,11220,1.2141286134719849
113200,11221,1.0641515254974365
113210,11222,1.8820440769195557
113220,11223,1.4450290203094482
113230,11224,1.0420267581939697
113240,11225,0.7721414566040039
113250,11226,1.6166326999664307
113260,11227,0.9516157507896423
113270,11228,2.753913164138794
113280,11229,1.1913151741027832
113290,11230,1.4370601177215576
113300,11231,1.6460163593292236
113310,11232,1.415220856666565
113320,11233,1.0193157196044922
113330,11234,1.3102070093154907
113340,11235,2.267927646636963
113350,11236,0.7830774784088135
113360,11237,2.006701946258545
113370,11238,0.6033812761306763
113380,11239,0.7408781051635742
113390,11240,0.6883176565170288
113400,11241,1.5547349452972412
113410,11242,1.2295470237731934
113420,11243,1.2007696628570557
113430,11244,1.9004223346710205
113440,11245,1.2666115760803223
113450,11246,1.3964359760284424
113460,11247,0.674315869808197
113470,11248,1.79590904712677
113480,11249,1.0328350067138672
113490,11250,0.7718283534049988
113500,11251,1.3138916492462158
113510,11252,1.8618217706680298
113520,11253,1.2210739850997925
113530,11254,1.8432002067565918
113540,11255,2.3893613815307617
113550,11256,0.9282872676849365
113560,11257,1.2232587337493896
113570,11258,1.0585628747940063
113580,11259,1.9300315380096436
113590,11260,1.657165288925171
113600,11261,1.2033865451812744
113610,11262,1.099696397781372
113620,11263,1.2522817850112915
113630,11264,1.3407617807388306
113640,11265,3.0086171627044678
113650,11266,0.7512001395225525
113660,11267,0.6491502523422241
113670,11268,1.0454816818237305
113680,11269,1.687433123588562
113690,11270,0.8886327743530273
113700,11271,1.5363729000091553
113710,11272,0.8517794609069824
113720,11273,2.2105119228363037
113730,11274,1.0228841304779053
113740,11275,1.0468406677246094
113750,11276,1.050182580947876
113760,11277,1.2775670289993286
113770,11278,1.612635850906372
113780,11279,0.6017700433731079
113790,11280,1.6757162809371948
113800,11281,1.5273243188858032
113810,11282,1.4676097631454468
113820,11283,2.2270164489746094
113830,11284,1.8210697174072266
113840,11285,0.7533184289932251
113850,11286,0.9016628265380859
113860,11287,1.6635973453521729
113870,11288,0.788725733757019
113880,11289,1.5934489965438843
113890,11290,4.075012683868408
113900,11291,1.4480341672897339
113910,11292,1.4535150527954102
113920,11293,1.5884368419647217
113930,11294,2.2311551570892334
113940,11295,0.8639878034591675
113950,11296,1.8201771974563599
113960,11297,1.8199803829193115
113970,11298,0.9975438117980957
113980,11299,2.1567256450653076
113990,11300,1.8082256317138672
114000,11301,1.1190499067306519
114010,11302,1.7123621702194214
114020,11303,0.8585864305496216
114030,11304,1.0441346168518066
114040,11305,1.0990692377090454
114050,11306,3.5176496505737305
114060,11307,1.416653037071228
114070,11308,2.3049123287200928
114080,11309,5.417210578918457
114090,11310,1.1766611337661743
114100,11311,1.215850830078125
114110,11312,1.246921420097351
114120,11313,1.6184799671173096
114130,11314,0.7205578088760376
114140,11315,1.489088535308838
114150,11316,1.2139018774032593
114160,11317,0.7138568162918091
114170,11318,1.5444841384887695
114180,11319,0.8486548662185669
114190,11320,1.791364073753357
114200,11321,1.691501259803772
114210,11322,1.225191354751587
114220,11323,0.9454034566879272
114230,11324,1.1905648708343506
114240,11325,2.7999582290649414
114250,11326,1.1715888977050781
114260,11327,1.3753565549850464
114270,11328,0.9084995985031128
114280,11329,1.6309527158737183
114290,11330,1.1036382913589478
114300,11331,1.4703631401062012
114310,11332,1.1776907444000244
114320,11333,1.2535797357559204
114330,11334,1.6965982913970947
114340,11335,4.070225238800049
114350,11336,1.720985770225525
114360,11337,1.2018301486968994
114370,11338,1.4673560857772827
114380,11339,2.176239013671875
114390,11340,0.8885155320167542
114400,11341,0.878290057182312
114410,11342,0.6818050146102905
114420,11343,1.5444459915161133
114430,11344,0.7514780163764954
114440,11345,3.816302537918091
114450,11346,1.8001371622085571
114460,11347,1.3088490962982178
114470,11348,1.0596318244934082
114480,11349,1.087833046913147
114490,11350,2.1112160682678223
114500,11351,0.9457332491874695
114510,11352,1.227839708328247
114520,11353,1.8199622631072998
114530,11354,1.462123990058899
114540,11355,1.4967173337936401
114550,11356,1.2222685813903809
114560,11357,1.4913212060928345
114570,11358,1.569202184677124
114580,11359,1.6010901927947998
114590,11360,1.9612126350402832
114600,11361,1.156013011932373
114610,11362,1.1701122522354126
114620,11363,0.6743001937866211
114630,11364,1.7303166389465332
114640,11365,1.1443755626678467
114650,11366,1.4076751470565796
114660,11367,1.9318046569824219
114670,11368,0.526978611946106
114680,11369,1.4137738943099976
114690,11370,0.8473671674728394
114700,11371,1.578465223312378
114710,11372,1.1643128395080566
114720,11373,1.0910682678222656
114730,11374,0.7263409495353699
114740,11375,0.9096636772155762
114750,11376,1.7373390197753906
114760,11377,0.7708860635757446
114770,11378,1.4584256410598755
114780,11379,1.2013063430786133
114790,11380,0.9219339489936829
114800,11381,2.4731228351593018
114810,11382,1.1261214017868042
114820,11383,2.255870819091797
114830,11384,1.442791223526001
114840,11385,1.3134536743164062
114850,11386,1.3143556118011475
114860,11387,1.8316401243209839
114870,11388,0.8989803791046143
114880,11389,4.381032943725586
114890,11390,1.3971928358078003
114900,11391,0.8753818273544312
114910,11392,0.8911519050598145
114920,11393,0.5767576098442078
114930,11394,1.2325032949447632
114940,11395,1.105743408203125
114950,11396,0.9690884947776794
114960,11397,0.7928978204727173
114970,11398,1.2231923341751099
114980,11399,2.2264420986175537
114990,11400,0.727463960647583
115000,11401,0.6019766926765442
115010,11402,1.5182445049285889
115020,11403,0.740282416343689
115030,11404,1.6874475479125977
115040,11405,1.8731496334075928
115050,11406,1.6736879348754883
115060,11407,1.4089256525039673
115070,11408,2.360140800476074
115080,11409,1.1964919567108154
115090,11410,0.7619024515151978
115100,11411,0.7756742238998413
115110,11412,3.710562229156494
115120,11413,3.0711114406585693
115130,11414,1.5966123342514038
115140,11415,0.9610040783882141
115150,11416,2.8952887058258057
115160,11417,2.5881564617156982
115170,11418,0.9405012726783752
115180,11419,1.4198428392410278
115190,11420,1.3258615732192993
115200,11421,1.419403076171875
115210,11422,1.354712724685669
115220,11423,1.0874379873275757
115230,11424,1.2346819639205933
115240,11425,1.7354925870895386
115250,11426,0.7957226037979126
115260,11427,2.0866851806640625
115270,11428,0.745744526386261
115280,11429,1.4771219491958618
115290,11430,2.602938175201416
115300,11431,2.145862340927124
115310,11432,1.2862738370895386
115320,11433,0.7874144315719604
115330,11434,2.1079561710357666
115340,11435,0.724885106086731
115350,11436,1.235546588897705
115360,11437,1.6412943601608276
115370,11438,5.228226661682129
115380,11439,1.3227291107177734
115390,11440,1.0550010204315186
115400,11441,4.277336597442627
115410,11442,2.7851784229278564
115420,11443,1.0041395425796509
115430,11444,0.8590666055679321
115440,11445,2.6287641525268555
115450,11446,2.3954877853393555
115460,11447,1.208054542541504
115470,11448,3.9062447547912598
115480,11449,0.9275015592575073
115490,11450,2.0376596450805664
115500,11451,1.0932813882827759
115510,11452,3.3714888095855713
115520,11453,1.4313877820968628
115530,11454,1.0894010066986084
115540,11455,0.7457442879676819
115550,11456,1.5650582313537598
115560,11457,0.6191921234130859
115570,11458,2.137392044067383
115580,11459,2.046006679534912
115590,11460,1.6513588428497314
115600,11461,0.7783678770065308
115610,11462,1.0367755889892578
115620,11463,1.227566123008728
115630,11464,1.8070204257965088
115640,11465,1.1960870027542114
115650,11466,1.5373469591140747
115660,11467,0.8216276168823242
115670,11468,2.4972567558288574
115680,11469,1.379380702972412
115690,11470,1.3850133419036865
115700,11471,1.1055476665496826
115710,11472,0.9535842537879944
115720,11473,1.932726502418518
115730,11474,2.4813969135284424
115740,11475,0.5399652719497681
115750,11476,2.047457695007324
115760,11477,1.4540914297103882
115770,11478,1.4556025266647339
115780,11479,0.7233829498291016
115790,11480,0.9950350522994995
115800,11481,1.02934730052948
115810,11482,1.3480188846588135
115820,11483,1.792129397392273
115830,11484,0.8584526181221008
115840,11485,1.380118489265442
115850,11486,3.333935022354126
115860,11487,0.8801324963569641
115870,11488,1.2728451490402222
115880,11489,1.780429482460022
115890,11490,0.7208036184310913
115900,11491,1.140171766281128
115910,11492,1.274976134300232
115920,11493,1.1899113655090332
115930,11494,0.8541706800460815
115940,11495,2.031315803527832
115950,11496,2.1937930583953857
115960,11497,0.8471645712852478
115970,11498,2.413956880569458
115980,11499,1.2818228006362915
115990,11500,1.0798020362854004
116000,11501,0.9250015020370483
116010,11502,1.0818884372711182
116020,11503,2.478447437286377
116030,11504,1.1753885746002197
116040,11505,2.046037197113037
116050,11506,1.12039315700531
116060,11507,1.722137451171875
116070,11508,0.9633373022079468
116080,11509,0.8963357210159302
116090,11510,1.158725380897522
116100,11511,3.4075748920440674
116110,11512,2.5100886821746826
116120,11513,1.3513104915618896
116130,11514,1.0368762016296387
116140,11515,3.695687770843506
116150,11516,1.597774624824524
116160,11517,0.8040984869003296
116170,11518,2.951598882675171
116180,11519,1.2953031063079834
116190,11520,1.004960060119629
116200,11521,1.3291581869125366
116210,11522,2.8030848503112793
116220,11523,1.0263161659240723
116230,11524,1.19765043258667
116240,11525,3.281951665878296
116250,11526,1.018383502960205
116260,11527,0.8179449439048767
116270,11528,0.8201133608818054
116280,11529,7.3243536949157715
116290,11530,1.1424601078033447
116300,11531,0.9979421496391296
116310,11532,1.202205777168274
116320,11533,0.9025080800056458
116330,11534,1.691486120223999
116340,11535,0.8654651045799255
116350,11536,4.95949649810791
116360,11537,0.9678688645362854
116370,11538,1.169208288192749
116380,11539,1.6175506114959717
116390,11540,1.3040289878845215
116400,11541,1.8397494554519653
116410,11542,1.435770869255066
116420,11543,1.7721447944641113
116430,11544,1.3445987701416016
116440,11545,1.566823959350586
116450,11546,1.7843449115753174
116460,11547,2.775698184967041
116470,11548,1.1855707168579102
116480,11549,0.9569941163063049
116490,11550,0.8337880373001099
116500,11551,1.7210807800292969
116510,11552,1.2081385850906372
116520,11553,0.8867347836494446
116530,11554,1.0111141204833984
116540,11555,2.979212760925293
116550,11556,1.3113255500793457
116560,11557,1.524479866027832
116570,11558,1.0339796543121338
116580,11559,0.8744993209838867
116590,11560,0.9717996716499329
116600,11561,1.5424060821533203
116610,11562,2.265410900115967
116620,11563,0.8549747467041016
116630,11564,2.058678388595581
116640,11565,1.6234662532806396
116650,11566,1.1461578607559204
116660,11567,0.8512957692146301
116670,11568,2.693798065185547
116680,11569,3.0159823894500732
116690,11570,0.8471980690956116
116700,11571,0.4155656099319458
116710,11572,2.0002264976501465
116720,11573,1.3138946294784546
116730,11574,2.279015064239502
116740,11575,1.5233908891677856
116750,11576,1.1968834400177002
116760,11577,3.626711368560791
116770,11578,1.2201896905899048
116780,11579,1.4946529865264893
116790,11580,1.1843655109405518
116800,11581,0.9814549684524536
116810,11582,0.7420209050178528
116820,11583,1.5282399654388428
116830,11584,0.9779810309410095
116840,11585,1.2550042867660522
116850,11586,0.5485602021217346
116860,11587,1.0814636945724487
116870,11588,1.3509178161621094
116880,11589,2.868640422821045
116890,11590,1.7404298782348633
116900,11591,1.5795823335647583
116910,11592,1.6959633827209473
116920,11593,1.259841799736023
116930,11594,0.60569828748703
116940,11595,0.6043052673339844
116950,11596,2.018833637237549
116960,11597,3.6728649139404297
116970,11598,0.5476720333099365
116980,11599,1.918968677520752
116990,11600,0.9654027223587036
117000,11601,0.762610673904419
117010,11602,1.981203556060791
117020,11603,0.9059838056564331
117030,11604,1.0701669454574585
117040,11605,0.5434339046478271
117050,11606,1.0708107948303223
117060,11607,0.635014533996582
117070,11608,2.2688241004943848
117080,11609,2.452444076538086
117090,11610,0.9352391958236694
117100,11611,1.179462194442749
117110,11612,1.3452166318893433
117120,11613,1.309363603591919
117130,11614,1.3237754106521606
117140,11615,0.7059938907623291
117150,11616,1.4611533880233765
117160,11617,1.6492278575897217
117170,11618,1.1311286687850952
117180,11619,1.2646350860595703
117190,11620,1.8374958038330078
117200,11621,1.8478883504867554
117210,11622,2.981574296951294
117220,11623,1.27895188331604
117230,11624,2.090552806854248
117240,11625,1.2554028034210205
117250,11626,1.4312784671783447
117260,11627,2.346146821975708
117270,11628,1.2770689725875854
117280,11629,1.608572244644165
117290,11630,1.2978620529174805
117300,11631,1.7601335048675537
117310,11632,0.6382017135620117
117320,11633,1.3054546117782593
117330,11634,0.9098336100578308
117340,11635,2.0411179065704346
117350,11636,1.0057013034820557
117360,11637,1.070562481880188
117370,11638,1.2595399618148804
117380,11639,0.8701081275939941
117390,11640,1.7777955532073975
117400,11641,1.7092448472976685
117410,11642,0.677996039390564
117420,11643,0.8974569439888
117430,11644,1.6609209775924683
117440,11645,1.8910093307495117
117450,11646,3.657360553741455
117460,11647,0.867566704750061
117470,11648,0.557300329208374
117480,11649,0.7037619352340698
117490,11650,1.0067392587661743
117500,11651,1.8902523517608643
117510,11652,1.8926396369934082
117520,11653,0.956152081489563
117530,11654,1.2320644855499268
117540,11655,0.9606726765632629
117550,11656,0.8023344874382019
117560,11657,1.1789524555206299
117570,11658,1.302024483680725
117580,11659,1.504641056060791
117590,11660,0.586678683757782
117600,11661,1.0770903825759888
117610,11662,1.5888006687164307
117620,11663,1.7283365726470947
117630,11664,0.8198793530464172
117640,11665,0.8087598085403442
117650,11666,0.9937927722930908
117660,11667,0.820141613483429
117670,11668,1.1058114767074585
117680,11669,0.9419071674346924
117690,11670,0.7081348896026611
117700,11671,1.1842526197433472
117710,11672,0.972947359085083
117720,11673,1.1795294284820557
117730,11674,1.1716011762619019
117740,11675,1.8320915699005127
117750,11676,1.7194435596466064
117760,11677,0.7442029118537903
117770,11678,1.0034903287887573
117780,11679,1.6001938581466675
117790,11680,1.2972893714904785
117800,11681,3.2829856872558594
117810,11682,3.325678586959839
117820,11683,0.979202151298523
117830,11684,2.339047908782959
117840,11685,1.4497134685516357
117850,11686,1.4546139240264893
117860,11687,1.1354762315750122
117870,11688,1.151024341583252
117880,11689,1.9276862144470215
117890,11690,2.3180885314941406
117900,11691,1.5885701179504395
117910,11692,1.8037605285644531
117920,11693,0.9709615707397461
117930,11694,0.868220329284668
117940,11695,0.6219553351402283
117950,11696,0.7903275489807129
117960,11697,1.002633810043335
117970,11698,0.8710773587226868
117980,11699,0.9326664805412292
117990,11700,0.9258741736412048
118000,11701,1.5561916828155518
118010,11702,1.3997602462768555
118020,11703,0.8443211317062378
118030,11704,1.7973132133483887
118040,11705,0.6890876293182373
118050,11706,1.5826517343521118
118060,11707,2.1385254859924316
118070,11708,0.9625024199485779
118080,11709,1.9659080505371094
118090,11710,2.0531165599823
118100,11711,1.808724045753479
118110,11712,1.2451140880584717
118120,11713,1.533888578414917
118130,11714,2.362882614135742
118140,11715,1.3991901874542236
118150,11716,0.9700754880905151
118160,11717,1.4075870513916016
118170,11718,1.885440707206726
118180,11719,2.429950475692749
118190,11720,1.0769835710525513
118200,11721,0.6763244867324829
118210,11722,1.0571647882461548
118220,11723,1.3666115999221802
118230,11724,6.016714096069336
118240,11725,1.9709796905517578
118250,11726,0.9406355023384094
118260,11727,1.5694553852081299
118270,11728,0.7504737973213196
118280,11729,1.4449560642242432
118290,11730,1.6064832210540771
118300,11731,1.108170986175537
118310,11732,1.0703058242797852
118320,11733,2.374133825302124
118330,11734,1.8291445970535278
118340,11735,0.8230093717575073
118350,11736,0.8414825201034546
118360,11737,1.3997914791107178
118370,11738,0.9902491569519043
118380,11739,3.7729663848876953
118390,11740,1.662745714187622
118400,11741,0.7238311767578125
118410,11742,1.397885799407959
118420,11743,0.9005631804466248
118430,11744,1.1472184658050537
118440,11745,1.4332464933395386
118450,11746,2.9341156482696533
118460,11747,0.805429220199585
118470,11748,2.4081244468688965
118480,11749,1.399224877357483
118490,11750,1.0105410814285278
118500,11751,0.5840277671813965
118510,11752,1.0959293842315674
118520,11753,3.507493019104004
118530,11754,1.1462169885635376
118540,11755,0.9654101729393005
118550,11756,0.7843927145004272
118560,11757,4.34499979019165
118570,11758,1.4345850944519043
118580,11759,0.918049156665802
118590,11760,1.5410141944885254
118600,11761,2.3748884201049805
118610,11762,1.1326876878738403
118620,11763,0.7823473811149597
118630,11764,1.8834435939788818
118640,11765,2.934340476989746
118650,11766,1.2040235996246338
118660,11767,1.3303896188735962
118670,11768,2.581129312515259
118680,11769,1.0013909339904785
118690,11770,1.577555775642395
118700,11771,1.6022602319717407
118710,11772,0.8363031148910522
118720,11773,0.757908821105957
118730,11774,1.4990530014038086
118740,11775,1.6263973712921143
118750,11776,0.9554948806762695
118760,11777,2.549769878387451
118770,11778,0.9609103202819824
118780,11779,1.2514557838439941
118790,11780,2.4048988819122314
118800,11781,1.3822025060653687
118810,11782,0.4264621138572693
118820,11783,1.2014100551605225
118830,11784,1.8959589004516602
118840,11785,1.6852779388427734
118850,11786,1.591335654258728
118860,11787,0.5316770076751709
118870,11788,0.8354072570800781
118880,11789,1.9703395366668701
118890,11790,1.1664975881576538
118900,11791,1.8218837976455688
118910,11792,2.284620761871338
118920,11793,0.8113765120506287
118930,11794,0.8609826564788818
118940,11795,0.8543623089790344
118950,11796,1.0704704523086548
118960,11797,2.1439497470855713
118970,11798,1.5400617122650146
118980,11799,1.5987284183502197
118990,11800,1.2011044025421143
119000,11801,1.428142786026001
119010,11802,1.6073944568634033
119020,11803,0.6890978217124939
119030,11804,1.441776990890503
119040,11805,0.7958172559738159
119050,11806,1.2459228038787842
119060,11807,0.8262675404548645
119070,11808,5.690447807312012
119080,11809,0.7711749076843262
119090,11810,3.2028119564056396
119100,11811,1.585911512374878
119110,11812,0.9737707376480103
119120,11813,0.642869770526886
119130,11814,1.3822898864746094
119140,11815,1.7930474281311035
119150,11816,0.8934694528579712
119160,11817,0.4843938946723938
119170,11818,1.8495656251907349
119180,11819,1.5289711952209473
119190,11820,1.3394968509674072
119200,11821,1.1492217779159546
119210,11822,1.0862501859664917
119220,11823,1.2730937004089355
119230,11824,1.1476235389709473
119240,11825,3.3764760494232178
119250,11826,0.6020854115486145
119260,11827,0.9777634739875793
119270,11828,2.529834270477295
119280,11829,1.2215386629104614
119290,11830,1.1313856840133667
119300,11831,0.7582478523254395
119310,11832,1.1641432046890259
119320,11833,0.8110268115997314
119330,11834,1.5057213306427002
119340,11835,0.5920717716217041
119350,11836,1.0607452392578125
119360,11837,1.8011267185211182
119370,11838,0.8340562582015991
119380,11839,0.9249046444892883
119390,11840,1.4160847663879395
119400,11841,1.401926040649414
119410,11842,0.6598808765411377
119420,11843,1.9098644256591797
119430,11844,4.374575138092041
119440,11845,1.8888295888900757
119450,11846,0.8973941802978516
119460,11847,1.237436294555664
119470,11848,1.284833312034607
119480,11849,4.618423938751221
119490,11850,1.1406530141830444
119500,11851,1.8976082801818848
119510,11852,3.259770393371582
119520,11853,1.163255214691162
119530,11854,1.1032006740570068
119540,11855,1.0469474792480469
119550,11856,0.9442801475524902
119560,11857,0.8221614360809326
119570,11858,0.6387959718704224
119580,11859,1.8078488111495972
119590,11860,0.9909142255783081
119600,11861,1.340612530708313
119610,11862,2.24739933013916
119620,11863,0.9531152248382568
119630,11864,1.230621337890625
119640,11865,1.0146349668502808
119650,11866,1.0239096879959106
119660,11867,1.5145052671432495
119670,11868,0.8049280643463135
119680,11869,1.0395745038986206
119690,11870,1.1276829242706299
119700,11871,0.7974042892456055
119710,11872,1.8924810886383057
119720,11873,1.0174764394760132
119730,11874,0.656638503074646
119740,11875,2.89235782623291
119750,11876,1.0538808107376099
119760,11877,2.575673818588257
119770,11878,2.761481285095215
119780,11879,3.3215394020080566
119790,11880,1.657095193862915
119800,11881,1.081910490989685
119810,11882,1.2988377809524536
119820,11883,1.212801218032837
119830,11884,3.2930829524993896
119840,11885,1.0545729398727417
119850,11886,2.8824682235717773
119860,11887,3.784785270690918
119870,11888,1.2531402111053467
119880,11889,1.5840604305267334
119890,11890,1.0754271745681763
119900,11891,1.5366202592849731
119910,11892,0.9057580828666687
119920,11893,1.2515031099319458
119930,11894,1.2064698934555054
119940,11895,2.421748161315918
119950,11896,1.3888828754425049
119960,11897,1.1321403980255127
119970,11898,2.6221110820770264
119980,11899,3.7783761024475098
119990,11900,1.0274304151535034
120000,11901,1.865523099899292
120010,11902,1.4184272289276123
120020,11903,1.1165510416030884
120030,11904,1.3885784149169922
120040,11905,1.5969605445861816
120050,11906,1.1264846324920654
120060,11907,1.3386584520339966
120070,11908,0.43105825781822205
120080,11909,1.0122843980789185
120090,11910,1.6604715585708618
120100,11911,1.3124245405197144
120110,11912,2.2061166763305664
120120,11913,0.9391431212425232
120130,11914,1.4669713973999023
120140,11915,0.8914139270782471
120150,11916,1.1038639545440674
120160,11917,0.970616340637207
120170,11918,1.3776499032974243
120180,11919,0.7417532801628113
120190,11920,1.365032434463501
120200,11921,0.7467898726463318
120210,11922,1.3700650930404663
120220,11923,2.9531197547912598
120230,11924,1.3649438619613647
120240,11925,1.1574441194534302
120250,11926,2.3621606826782227
120260,11927,0.7665423154830933
120270,11928,0.8309698104858398
120280,11929,0.988844096660614
120290,11930,0.9064109325408936
120300,11931,3.408388376235962
120310,11932,1.0029265880584717
120320,11933,0.6076439023017883
120330,11934,1.098061203956604
120340,11935,0.7345095872879028
120350,11936,1.048728346824646
120360,11937,0.6836758255958557
120370,11938,1.940018653869629
120380,11939,0.3403972387313843
120390,11940,1.24910569190979
120400,11941,1.2091095447540283
120410,11942,2.100688934326172
120420,11943,1.080613374710083
120430,11944,0.6149685382843018
120440,11945,0.9760092496871948
120450,11946,1.5087971687316895
120460,11947,1.3863136768341064
120470,11948,0.536531925201416
120480,11949,3.5708229541778564
120490,11950,1.7058531045913696
120500,11951,1.6125448942184448
120510,11952,1.972496747970581
120520,11953,1.4161150455474854
120530,11954,1.2909568548202515
120540,11955,1.173234224319458
120550,11956,1.9947757720947266
120560,11957,1.8799878358840942
120570,11958,0.42703157663345337
120580,11959,1.0285371541976929
120590,11960,1.219050407409668
120600,11961,1.9710090160369873
120610,11962,2.827100992202759
120620,11963,4.49192476272583
120630,11964,2.626171588897705
120640,11965,1.6539174318313599
120650,11966,0.7991337776184082
120660,11967,1.1169524192810059
120670,11968,1.4742885828018188
120680,11969,1.1747968196868896
120690,11970,1.2674111127853394
120700,11971,1.354588270187378
120710,11972,1.3036824464797974
120720,11973,1.3196223974227905
120730,11974,0.9557323455810547
120740,11975,1.3459954261779785
120750,11976,0.9976662397384644
120760,11977,1.4512220621109009
120770,11978,0.8535131812095642
120780,11979,1.6028306484222412
120790,11980,1.192196011543274
120800,11981,1.3564083576202393
120810,11982,1.3516935110092163
120820,11983,1.7049094438552856
120830,11984,1.323729157447815
120840,11985,1.6595381498336792
120850,11986,0.4912538528442383
120860,11987,0.8129658699035645
120870,11988,0.8602694272994995
120880,11989,1.307168960571289
120890,11990,1.7565524578094482
120900,11991,1.5609835386276245
120910,11992,1.1637153625488281
120920,11993,0.46845537424087524
120930,11994,1.0637446641921997
120940,11995,2.0162506103515625
120950,11996,0.7209364175796509
120960,11997,1.2638763189315796
120970,11998,0.9974174499511719
120980,11999,2.5237104892730713
120990,12000,0.9258283376693726
121000,12001,1.5167779922485352
121010,12002,1.1733864545822144
121020,12003,1.181618571281433
121030,12004,0.8004117012023926
121040,12005,1.5216983556747437
121050,12006,1.0652134418487549
121060,12007,2.6481237411499023
121070,12008,1.2306995391845703
121080,12009,1.0139999389648438
121090,12010,2.429220676422119
121100,12011,1.4552392959594727
121110,12012,0.8148097991943359
121120,12013,1.8963624238967896
121130,12014,1.8464901447296143
121140,12015,1.290557861328125
121150,12016,0.6855474710464478
121160,12017,1.6038144826889038
121170,12018,2.1416356563568115
121180,12019,1.506346583366394
121190,12020,0.9147905707359314
121200,12021,0.7299984097480774
121210,12022,0.6594796180725098
121220,12023,1.4663037061691284
121230,12024,1.3531267642974854
121240,12025,1.2307759523391724
121250,12026,1.5425878763198853
121260,12027,3.429124355316162
121270,12028,1.2322008609771729
121280,12029,1.3576295375823975
121290,12030,0.6964324116706848
121300,12031,1.1269125938415527
121310,12032,1.503933072090149
121320,12033,3.451078176498413
121330,12034,1.2273359298706055
121340,12035,2.116532802581787
121350,12036,0.7753612995147705
121360,12037,2.5907249450683594
121370,12038,3.262510299682617
121380,12039,1.3313695192337036
121390,12040,1.7218371629714966
121400,12041,0.8905818462371826
121410,12042,0.8420480489730835
121420,12043,0.7198389172554016
121430,12044,1.4909799098968506
121440,12045,0.8201075792312622
121450,12046,1.6034653186798096
121460,12047,1.3558824062347412
121470,12048,1.4928008317947388
121480,12049,1.2277933359146118
121490,12050,1.8098243474960327
121500,12051,1.0535626411437988
121510,12052,1.1783910989761353
121520,12053,1.3478630781173706
121530,12054,2.185687780380249
121540,12055,1.2742927074432373
121550,12056,0.8233770132064819
121560,12057,1.741860032081604
121570,12058,1.920145034790039
121580,12059,1.476496934890747
121590,12060,1.2634704113006592
121600,12061,0.8558393120765686
121610,12062,1.036706566810608
121620,12063,2.12263822555542
121630,12064,0.7473942041397095
121640,12065,2.1896700859069824
121650,12066,1.5937070846557617
121660,12067,1.2350714206695557
121670,12068,3.2770791053771973
121680,12069,1.0670682191848755
121690,12070,1.2278172969818115
121700,12071,1.6694252490997314
121710,12072,1.119014859199524
121720,12073,0.6368796825408936
121730,12074,1.0546302795410156
121740,12075,0.5546049475669861
121750,12076,0.8428945541381836
121760,12077,1.6930352449417114
121770,12078,1.1806578636169434
121780,12079,2.9788661003112793
121790,12080,1.5211740732192993
121800,12081,1.3357386589050293
121810,12082,1.8599692583084106
121820,12083,0.8070329427719116
121830,12084,1.1652525663375854
121840,12085,2.115226984024048
121850,12086,2.042419910430908
121860,12087,1.5146160125732422
121870,12088,0.6975791454315186
121880,12089,2.0711209774017334
121890,12090,1.0731393098831177
121900,12091,2.332244634628296
121910,12092,1.0161784887313843
121920,12093,3.918048858642578
121930,12094,1.0097962617874146
121940,12095,0.9926102161407471
121950,12096,1.0181546211242676
121960,12097,1.1987258195877075
121970,12098,0.618803858757019
121980,12099,1.383493185043335
121990,12100,1.9760360717773438
122000,12101,1.0038166046142578
122010,12102,1.7339890003204346
122020,12103,1.418500304222107
122030,12104,0.6955685019493103
122040,12105,1.3356870412826538
122050,12106,2.214858293533325
122060,12107,1.0012083053588867
122070,12108,2.4571170806884766
122080,12109,2.341209650039673
122090,12110,2.6205718517303467
122100,12111,1.3476263284683228
122110,12112,1.1443722248077393
122120,12113,1.8572787046432495
122130,12114,1.5086443424224854
122140,12115,1.4987722635269165
122150,12116,1.4355475902557373
122160,12117,1.3306362628936768
122170,12118,1.519134759902954
122180,12119,2.421189546585083
122190,12120,1.6472325325012207
122200,12121,0.5462425351142883
122210,12122,0.8254979252815247
122220,12123,0.7816749811172485
122230,12124,0.5374602675437927
122240,12125,2.6616570949554443
122250,12126,1.601873517036438
122260,12127,2.2713189125061035
122270,12128,1.6265177726745605
122280,12129,1.418601393699646
122290,12130,1.5470643043518066
122300,12131,1.5690319538116455
122310,12132,1.0523631572723389
122320,12133,1.6051809787750244
122330,12134,3.226536750793457
122340,12135,1.1734720468521118
122350,12136,1.9069511890411377
122360,12137,1.5711193084716797
122370,12138,1.2913779020309448
122380,12139,1.6939877271652222
122390,12140,4.085409164428711
122400,12141,2.1099376678466797
122410,12142,2.0116703510284424
122420,12143,1.2841906547546387
122430,12144,2.928508758544922
122440,12145,1.3059163093566895
122450,12146,1.0312381982803345
122460,12147,1.4650126695632935
122470,12148,0.7977696657180786
122480,12149,0.9218782782554626
122490,12150,2.669492244720459
122500,12151,1.5123193264007568
122510,12152,1.362067699432373
122520,12153,2.3241686820983887
122530,12154,0.9648466110229492
122540,12155,1.6411819458007812
122550,12156,3.1379597187042236
122560,12157,2.899906873703003
122570,12158,1.0610805749893188
122580,12159,1.6733148097991943
122590,12160,1.5942472219467163
122600,12161,1.7129061222076416
122610,12162,1.324114203453064
122620,12163,1.126823902130127
122630,12164,1.3528724908828735
122640,12165,1.7569173574447632
122650,12166,1.5202969312667847
122660,12167,0.8167041540145874
122670,12168,1.0238852500915527
122680,12169,1.9238935708999634
122690,12170,0.9694831967353821
122700,12171,1.2400758266448975
122710,12172,0.9516626000404358
122720,12173,1.0212866067886353
122730,12174,1.0508079528808594
122740,12175,1.527101993560791
122750,12176,2.5464870929718018
122760,12177,1.4772987365722656
122770,12178,1.3692870140075684
122780,12179,1.6116018295288086
122790,12180,0.8271229267120361
122800,12181,2.2321128845214844
122810,12182,1.0634037256240845
122820,12183,1.8360722064971924
122830,12184,1.3685427904129028
122840,12185,1.4624830484390259
122850,12186,1.9301543235778809
122860,12187,1.0224263668060303
122870,12188,1.831700086593628
122880,12189,1.9508302211761475
122890,12190,1.6714937686920166
122900,12191,1.0104904174804688
122910,12192,2.532829761505127
122920,12193,1.4186676740646362
122930,12194,1.1278183460235596
122940,12195,0.58739173412323
122950,12196,0.9166333079338074
122960,12197,1.2646135091781616
122970,12198,2.4242539405822754
122980,12199,0.935645580291748
122990,12200,0.7630289793014526
123000,12201,1.7906047105789185
123010,12202,1.3994195461273193
123020,12203,0.9568163156509399
123030,12204,0.6885068416595459
123040,12205,1.1961230039596558
123050,12206,2.835765838623047
123060,12207,4.253151893615723
123070,12208,2.744015693664551
123080,12209,1.8659580945968628
123090,12210,1.2103275060653687
123100,12211,1.9224002361297607
123110,12212,1.4301676750183105
123120,12213,2.118391513824463
123130,12214,1.6684296131134033
123140,12215,1.8099610805511475
123150,12216,4.146390914916992
123160,12217,2.699247121810913
123170,12218,1.4161367416381836
123180,12219,1.9416780471801758
123190,12220,1.5044246912002563
123200,12221,1.0656912326812744
123210,12222,1.901555061340332
123220,12223,2.1665244102478027
123230,12224,1.3737025260925293
123240,12225,1.571334958076477
123250,12226,2.7979674339294434
123260,12227,1.0564789772033691
123270,12228,0.881866455078125
123280,12229,1.7229211330413818
123290,12230,0.9993358850479126
123300,12231,1.2454068660736084
123310,12232,1.4833248853683472
123320,12233,2.2021281719207764
123330,12234,0.8588032722473145
123340,12235,1.7244501113891602
123350,12236,2.4872984886169434
123360,12237,1.4850666522979736
123370,12238,1.6562938690185547
123380,12239,2.8895955085754395
123390,12240,1.2803313732147217
123400,12241,1.6763495206832886
123410,12242,1.9666969776153564
123420,12243,0.9503512382507324
123430,12244,1.1568074226379395
123440,12245,0.8808171153068542
123450,12246,3.264838218688965
123460,12247,2.4770829677581787
123470,12248,1.259267807006836
123480,12249,3.0096845626831055
123490,12250,1.2579811811447144
123500,12251,1.5006163120269775
123510,12252,1.3421597480773926
123520,12253,0.5255966782569885
123530,12254,1.8660660982131958
123540,12255,2.2889280319213867
123550,12256,1.8653970956802368
123560,12257,1.351689100265503
123570,12258,2.0102694034576416
123580,12259,2.267211675643921
123590,12260,0.8761886358261108
123600,12261,1.8307007551193237
123610,12262,1.46998929977417
123620,12263,0.862228512763977
123630,12264,2.9807300567626953
123640,12265,2.332289695739746
123650,12266,1.0527739524841309
123660,12267,1.551888108253479
123670,12268,2.2469847202301025
123680,12269,1.0984989404678345
123690,12270,0.4602939188480377
123700,12271,1.5096356868743896
123710,12272,1.890941858291626
123720,12273,0.6008247137069702
123730,12274,1.5359833240509033
123740,12275,1.6070951223373413
123750,12276,1.2822948694229126
123760,12277,0.8699763417243958
123770,12278,1.672777533531189
123780,12279,0.7425575852394104
123790,12280,1.1487197875976562
123800,12281,1.5255197286605835
123810,12282,2.0575203895568848
123820,12283,0.869583785533905
123830,12284,2.083683729171753
123840,12285,1.3552398681640625
123850,12286,1.752874493598938
123860,12287,1.1672799587249756
123870,12288,1.7586021423339844
123880,12289,1.6900713443756104
123890,12290,1.2616469860076904
123900,12291,2.981513261795044
123910,12292,1.7281970977783203
123920,12293,1.6220155954360962
123930,12294,1.3043487071990967
123940,12295,2.50624418258667
123950,12296,1.2232015132904053
123960,12297,1.4454809427261353
123970,12298,1.0994714498519897
123980,12299,1.2730607986450195
123990,12300,2.0483593940734863
124000,12301,2.2120847702026367
124010,12302,1.8515616655349731
124020,12303,1.11859130859375
124030,12304,1.1345635652542114
124040,12305,2.2417972087860107
124050,12306,3.0906295776367188
124060,12307,2.3987159729003906
124070,12308,1.8725377321243286
124080,12309,2.3554561138153076
124090,12310,2.6744349002838135
124100,12311,1.6773087978363037
124110,12312,1.698706865310669
124120,12313,1.6667733192443848
124130,12314,2.3411026000976562
124140,12315,2.0173544883728027
124150,12316,1.4410008192062378
124160,12317,1.7044107913970947
124170,12318,0.8503918051719666
124180,12319,0.7727857828140259
124190,12320,1.6543445587158203
124200,12321,2.5908684730529785
124210,12322,1.4248688220977783
124220,12323,3.0438642501831055
124230,12324,1.6635578870773315
124240,12325,0.4166078567504883
124250,12326,3.4200024604797363
124260,12327,1.3059252500534058
124270,12328,0.9956327676773071
124280,12329,3.7885727882385254
124290,12330,1.3082160949707031
124300,12331,1.4608194828033447
124310,12332,0.9134938716888428
124320,12333,1.8610936403274536
124330,12334,0.9791287779808044
124340,12335,1.6371006965637207
124350,12336,1.7488315105438232
124360,12337,3.0274462699890137
124370,12338,1.370402216911316
124380,12339,1.3392475843429565
124390,12340,1.2819340229034424
124400,12341,0.5374136567115784
124410,12342,1.1838165521621704
124420,12343,1.2356226444244385
124430,12344,0.8562403321266174
124440,12345,4.788287162780762
124450,12346,1.3568878173828125
124460,12347,0.9816997051239014
124470,12348,1.5860371589660645
124480,12349,0.9952762126922607
124490,12350,1.3175357580184937
124500,12351,1.146514654159546
124510,12352,1.7466485500335693
124520,12353,2.2281315326690674
124530,12354,2.0361392498016357
124540,12355,1.7469379901885986
124550,12356,1.6859772205352783
124560,12357,0.7022631168365479
124570,12358,1.323480486869812
124580,12359,1.1740058660507202
124590,12360,1.612100601196289
124600,12361,1.1850872039794922
124610,12362,1.1798162460327148
124620,12363,1.7021269798278809
124630,12364,1.271939992904663
124640,12365,1.6250731945037842
124650,12366,1.5785853862762451
124660,12367,3.590363025665283
124670,12368,1.3152000904083252
124680,12369,1.806231141090393
124690,12370,2.2878317832946777
124700,12371,1.173285722732544
124710,12372,1.1411254405975342
124720,12373,2.0178768634796143
124730,12374,1.2524663209915161
124740,12375,1.001104712486267
124750,12376,1.618957757949829
124760,12377,1.6725059747695923
124770,12378,1.8567280769348145
124780,12379,2.7005412578582764
124790,12380,3.8697707653045654
124800,12381,0.9586455821990967
124810,12382,0.7321557402610779
124820,12383,1.7084159851074219
124830,12384,1.080094337463379
124840,12385,1.0374737977981567
124850,12386,4.103967666625977
124860,12387,2.058079957962036
124870,12388,2.764008045196533
124880,12389,1.690337061882019
124890,12390,1.8328098058700562
124900,12391,1.4085135459899902
124910,12392,3.4328436851501465
124920,12393,1.1316014528274536
124930,12394,1.3847991228103638
124940,12395,2.3787219524383545
124950,12396,1.5419732332229614
124960,12397,2.61326003074646
124970,12398,1.1987868547439575
124980,12399,1.6421841382980347
124990,12400,1.6300387382507324
125000,12401,3.251049041748047
125010,12402,1.4788248538970947
125020,12403,1.2188774347305298
125030,12404,2.4543368816375732
125040,12405,2.7114181518554688
125050,12406,1.9754284620285034
125060,12407,2.016303062438965
125070,12408,1.2829298973083496
125080,12409,1.6918108463287354
125090,12410,1.7871133089065552
125100,12411,1.7587683200836182
125110,12412,1.8271219730377197
125120,12413,2.662088394165039
125130,12414,0.7268499135971069
125140,12415,2.9802780151367188
125150,12416,1.9297763109207153
125160,12417,1.4650051593780518
125170,12418,3.025409460067749
125180,12419,1.6843234300613403
125190,12420,0.8321634531021118
125200,12421,0.8655481338500977
125210,12422,1.2140756845474243
125220,12423,1.4641053676605225
125230,12424,1.2552270889282227
125240,12425,3.65057110786438
125250,12426,2.467751979827881
125260,12427,1.2299134731292725
125270,12428,1.7393860816955566
125280,12429,1.878259539604187
125290,12430,3.084176540374756
125300,12431,1.5774813890457153
125310,12432,0.9948725700378418
125320,12433,1.3900816440582275
125330,12434,2.099295139312744
125340,12435,1.0992305278778076
125350,12436,3.44524884223938
125360,12437,0.6903004050254822
125370,12438,2.4326984882354736
125380,12439,2.0383546352386475
125390,12440,2.3020992279052734
125400,12441,2.7440783977508545
125410,12442,2.054028272628784
125420,12443,2.056169271469116
125430,12444,1.8645209074020386
125440,12445,1.6472307443618774
125450,12446,1.3038456439971924
125460,12447,4.363034248352051
125470,12448,1.0653729438781738
125480,12449,1.2101560831069946
125490,12450,3.00911545753479
125500,12451,2.824338674545288
125510,12452,2.3637020587921143
125520,12453,1.7903944253921509
125530,12454,1.194758653640747
125540,12455,2.512732744216919
125550,12456,2.9169230461120605
125560,12457,2.0610711574554443
125570,12458,1.19819974899292
125580,12459,2.1360037326812744
125590,12460,1.1308025121688843
125600,12461,1.6007171869277954
125610,12462,4.065700531005859
125620,12463,1.8782422542572021
125630,12464,1.539243459701538
125640,12465,1.5925019979476929
125650,12466,0.9153719544410706
125660,12467,1.7801729440689087
125670,12468,2.8679215908050537
125680,12469,1.3688642978668213
125690,12470,1.7960681915283203
125700,12471,1.1733617782592773
125710,12472,1.732934594154358
125720,12473,0.7523038387298584
125730,12474,2.707719564437866
125740,12475,1.321933388710022
125750,12476,1.6099666357040405
125760,12477,1.3177292346954346
125770,12478,1.1966257095336914
125780,12479,3.8461062908172607
125790,12480,1.1306456327438354
125800,12481,3.1073265075683594
125810,12482,1.4882550239562988
125820,12483,0.6255735754966736
125830,12484,1.641817569732666
125840,12485,0.43859586119651794
125850,12486,0.9918670058250427
125860,12487,0.5794779062271118
125870,12488,1.3275160789489746
125880,12489,2.016664981842041
125890,12490,2.41213059425354
125900,12491,2.0477893352508545
125910,12492,1.5144593715667725
125920,12493,2.737067699432373
125930,12494,1.5140107870101929
125940,12495,0.8124898672103882
125950,12496,2.395740032196045
125960,12497,0.8853312730789185
125970,12498,0.9717251062393188
125980,12499,1.10176682472229
125990,12500,1.3241329193115234
126000,12501,1.7382619380950928
126010,12502,1.6159467697143555
126020,12503,1.5496609210968018
126030,12504,1.1761908531188965
126040,12505,1.1948142051696777
126050,12506,1.718724012374878
126060,12507,1.0008056163787842
126070,12508,1.709924340248108
126080,12509,1.0599530935287476
126090,12510,3.008641242980957
126100,12511,1.2439779043197632
126110,12512,1.6799182891845703
126120,12513,1.8203810453414917
126130,12514,1.545978307723999
126140,12515,1.2638897895812988
126150,12516,1.1142430305480957
126160,12517,0.7535874247550964
126170,12518,0.8330661654472351
126180,12519,1.4142497777938843
126190,12520,1.987560510635376
126200,12521,0.8960945010185242
126210,12522,0.7426971197128296
126220,12523,4.0787434577941895
126230,12524,1.2268176078796387
126240,12525,1.8229377269744873
126250,12526,2.5256764888763428
126260,12527,1.3628826141357422
126270,12528,0.9142113924026489
126280,12529,2.252122640609741
126290,12530,2.675445556640625
126300,12531,1.0071334838867188
126310,12532,1.4741207361221313
126320,12533,0.537457287311554
126330,12534,0.7339178919792175
126340,12535,0.7061783075332642
126350,12536,1.2217339277267456
126360,12537,2.856745958328247
126370,12538,1.2965630292892456
126380,12539,1.079199194908142
126390,12540,1.992355465888977
126400,12541,1.3066208362579346
126410,12542,2.3199076652526855
126420,12543,0.6205004453659058
126430,12544,1.1849796772003174
126440,12545,1.627200722694397
126450,12546,1.5447421073913574
126460,12547,3.0068604946136475
126470,12548,1.5950260162353516
126480,12549,1.2329485416412354
126490,12550,1.3285375833511353
126500,12551,0.9991428256034851
126510,12552,2.990292549133301
126520,12553,2.8207476139068604
126530,12554,1.2302579879760742
126540,12555,3.7863192558288574
126550,12556,1.8549281358718872
126560,12557,1.7856343984603882
126570,12558,2.393007278442383
126580,12559,1.4393718242645264
126590,12560,0.8982786536216736
126600,12561,1.8067272901535034
126610,12562,3.2399401664733887
126620,12563,2.3628828525543213
126630,12564,1.6922427415847778
126640,12565,0.933070957660675
126650,12566,2.213283061981201
126660,12567,1.5647722482681274
126670,12568,0.6854972243309021
126680,12569,1.1751259565353394
126690,12570,1.7110466957092285
126700,12571,1.186699390411377
126710,12572,0.9627028703689575
126720,12573,3.693042278289795
126730,12574,1.9845271110534668
126740,12575,1.6701786518096924
126750,12576,1.2039505243301392
126760,12577,1.9057732820510864
126770,12578,1.056640863418579
126780,12579,1.8424028158187866
126790,12580,2.4215879440307617
126800,12581,1.2963637113571167
126810,12582,2.2554264068603516
126820,12583,1.4810340404510498
126830,12584,0.8391317129135132
126840,12585,0.6448919773101807
126850,12586,1.67401921749115
126860,12587,1.3755606412887573
126870,12588,1.0451887845993042
126880,12589,2.926553249359131
126890,12590,1.6696405410766602
126900,12591,0.4675798714160919
126910,12592,1.0450046062469482
126920,12593,2.777522325515747
126930,12594,0.4231935143470764
126940,12595,0.9027501344680786
126950,12596,1.2014403343200684
126960,12597,2.2392876148223877
126970,12598,0.9999538660049438
126980,12599,1.1218559741973877
126990,12600,1.3648567199707031
127000,12601,2.0308825969696045
127010,12602,2.0124096870422363
127020,12603,1.7709089517593384
127030,12604,1.895405888557434
127040,12605,3.9332659244537354
127050,12606,2.2520503997802734
127060,12607,1.4630582332611084
127070,12608,0.9723066091537476
127080,12609,0.9100490808486938
127090,12610,2.1790337562561035
127100,12611,2.825680732727051
127110,12612,1.2936229705810547
127120,12613,1.4358152151107788
127130,12614,3.1885194778442383
127140,12615,1.258373498916626
127150,12616,2.5930862426757812
127160,12617,1.0730148553848267
127170,12618,0.840983510017395
127180,12619,1.2810626029968262
127190,12620,1.24679696559906
127200,12621,1.5502305030822754
127210,12622,1.8302181959152222
127220,12623,1.3819795846939087
127230,12624,1.8780920505523682
127240,12625,1.903944730758667
127250,12626,0.9383614659309387
127260,12627,1.652158260345459
127270,12628,4.236614227294922
127280,12629,1.4803358316421509
127290,12630,1.607046127319336
127300,12631,4.98103666305542
127310,12632,1.931458592414856
127320,12633,3.545506477355957
127330,12634,1.748525857925415
127340,12635,2.1811251640319824
127350,12636,0.947297990322113
127360,12637,0.8999109268188477
127370,12638,0.8464952111244202
127380,12639,1.3847633600234985
127390,12640,1.3554644584655762
127400,12641,2.6694724559783936
127410,12642,1.4104392528533936
127420,12643,1.8268060684204102
127430,12644,1.2063127756118774
127440,12645,1.6181126832962036
127450,12646,1.3637771606445312
127460,12647,1.37821364402771
127470,12648,0.722241997718811
127480,12649,1.4419819116592407
127490,12650,1.560882329940796
127500,12651,1.633908748626709
127510,12652,0.7129564881324768
127520,12653,0.5203018188476562
127530,12654,1.642825961112976
127540,12655,1.0671783685684204
127550,12656,1.9922914505004883
127560,12657,1.2510712146759033
127570,12658,1.0515975952148438
127580,12659,2.070512533187866
127590,12660,0.9080587029457092
127600,12661,0.6894798278808594
127610,12662,1.2612149715423584
127620,12663,0.7647022008895874
127630,12664,2.5023038387298584
127640,12665,1.3039599657058716
127650,12666,0.8925024271011353
127660,12667,1.863901972770691
127670,12668,2.866924285888672
127680,12669,1.69806969165802
127690,12670,0.8302589058876038
127700,12671,1.6250429153442383
127710,12672,4.033061981201172
127720,12673,2.1702373027801514
127730,12674,1.974912405014038
127740,12675,1.194480061531067
127750,12676,0.6514463424682617
127760,12677,1.6907436847686768
127770,12678,1.255940318107605
127780,12679,2.1233410835266113
127790,12680,1.2379766702651978
127800,12681,4.236063003540039
127810,12682,1.6427829265594482
127820,12683,0.8670926094055176
127830,12684,1.0920759439468384
127840,12685,0.7120071053504944
127850,12686,1.0192352533340454
127860,12687,0.8646127581596375
127870,12688,1.5698702335357666
127880,12689,1.7641218900680542
127890,12690,2.250511884689331
127900,12691,1.6921788454055786
127910,12692,1.423499345779419
127920,12693,0.5654279589653015
127930,12694,1.0087485313415527
127940,12695,2.2576210498809814
127950,12696,0.6266513466835022
127960,12697,1.4105629920959473
127970,12698,0.907907247543335
127980,12699,3.704958200454712
127990,12700,1.8477756977081299
128000,12701,1.4207302331924438
128010,12702,1.414940595626831
128020,12703,1.9564082622528076
128030,12704,1.7592109441757202
128040,12705,1.240067720413208
128050,12706,1.6705855131149292
128060,12707,1.7979161739349365
128070,12708,2.115950345993042
128080,12709,1.4791417121887207
128090,12710,2.1287295818328857
128100,12711,1.6025736331939697
128110,12712,1.4516825675964355
128120,12713,0.907676100730896
128130,12714,3.080817222595215
128140,12715,2.92207670211792
128150,12716,1.3281888961791992
128160,12717,0.8611336350440979
128170,12718,0.7180076837539673
128180,12719,1.5900461673736572
128190,12720,1.9126321077346802
128200,12721,0.8357089757919312
128210,12722,0.6551765203475952
128220,12723,1.1189062595367432
128230,12724,1.1288905143737793
128240,12725,1.8814928531646729
128250,12726,1.3212976455688477
128260,12727,1.681601643562317
128270,12728,1.3016294240951538
128280,12729,2.5514841079711914
128290,12730,0.754304051399231
128300,12731,0.8604132533073425
128310,12732,0.8574182987213135
128320,12733,1.6819676160812378
128330,12734,1.9532959461212158
128340,12735,2.147423267364502
128350,12736,1.0812584161758423
128360,12737,1.6222158670425415
128370,12738,1.8968373537063599
128380,12739,0.49140438437461853
128390,12740,2.50593900680542
128400,12741,1.42332124710083
128410,12742,1.6224374771118164
128420,12743,1.1122703552246094
128430,12744,1.0374629497528076
128440,12745,0.9611666798591614
128450,12746,2.1342649459838867
128460,12747,1.174644947052002
128470,12748,1.2244410514831543
128480,12749,1.1505563259124756
128490,12750,1.2659597396850586
128500,12751,1.1086170673370361
128510,12752,0.861695408821106
128520,12753,2.150038003921509
128530,12754,1.454308271408081
128540,12755,1.5108206272125244
128550,12756,1.333237648010254
128560,12757,1.968775749206543
128570,12758,1.7222232818603516
128580,12759,1.502475380897522
128590,12760,1.2664673328399658
128600,12761,1.2976951599121094
128610,12762,1.4996370077133179
128620,12763,1.0741326808929443
128630,12764,1.3518874645233154
128640,12765,1.7108650207519531
128650,12766,2.7383944988250732
128660,12767,1.054000973701477
128670,12768,2.265712022781372
128680,12769,0.9181246161460876
128690,12770,0.945311427116394
128700,12771,2.1661386489868164
128710,12772,2.677399158477783
128720,12773,1.2585608959197998
128730,12774,0.6173601746559143
128740,12775,1.090745449066162
128750,12776,1.2178800106048584
128760,12777,1.0042760372161865
128770,12778,0.9862563610076904
128780,12779,0.526989758014679
128790,12780,1.0551954507827759
128800,12781,1.44508957862854
128810,12782,2.2349932193756104
128820,12783,1.5590226650238037
128830,12784,1.261188268661499
128840,12785,0.606126606464386
128850,12786,1.384852647781372
128860,12787,1.4672565460205078
128870,12788,1.1603647470474243
128880,12789,2.2076447010040283
128890,12790,3.7368099689483643
128900,12791,1.468942642211914
128910,12792,2.1866438388824463
128920,12793,2.5105700492858887
128930,12794,1.7660949230194092
128940,12795,2.176987648010254
128950,12796,2.0182883739471436
128960,12797,1.0932868719100952
128970,12798,1.2827147245407104
128980,12799,2.2425146102905273
128990,12800,0.3731270134449005
129000,12801,3.2406606674194336
129010,12802,1.376271367073059
129020,12803,1.6625983715057373
129030,12804,1.193974494934082
129040,12805,1.4972209930419922
129050,12806,1.4876950979232788
129060,12807,1.5683791637420654
129070,12808,1.7905739545822144
129080,12809,2.648575782775879
129090,12810,1.270734429359436
129100,12811,1.0145517587661743
129110,12812,1.8619354963302612
129120,12813,1.4287500381469727
129130,12814,1.1901278495788574
129140,12815,0.7858088612556458
129150,12816,1.1783634424209595
129160,12817,2.5136756896972656
129170,12818,1.0123028755187988
129180,12819,1.2742879390716553
129190,12820,2.250027656555176
129200,12821,2.4827067852020264
129210,12822,1.0245168209075928
129220,12823,0.6850947141647339
129230,12824,1.6508808135986328
129240,12825,1.190857172012329
129250,12826,1.3235293626785278
129260,12827,1.9034062623977661
129270,12828,1.2086461782455444
129280,12829,0.9946160316467285
129290,12830,1.6484929323196411
129300,12831,1.424251675605774
129310,12832,2.197352647781372
129320,12833,1.0054045915603638
129330,12834,1.6339679956436157
129340,12835,1.36131751537323
129350,12836,1.7784795761108398
129360,12837,2.6362123489379883
129370,12838,1.1229621171951294
129380,12839,1.5786908864974976
129390,12840,1.41340172290802
129400,12841,3.50822377204895
129410,12842,1.49732506275177
129420,12843,1.119652509689331
129430,12844,0.8851933479309082
129440,12845,2.839005470275879
129450,12846,2.136749267578125
129460,12847,1.555179476737976
129470,12848,2.023695468902588
129480,12849,1.2087525129318237
129490,12850,1.5323262214660645
129500,12851,1.0499197244644165
129510,12852,0.9958575963973999
129520,12853,1.1629610061645508
129530,12854,1.1768851280212402
129540,12855,0.6181861162185669
129550,12856,3.328678607940674
129560,12857,1.4476860761642456
129570,12858,1.9765212535858154
129580,12859,1.7717351913452148
129590,12860,0.906782865524292
129600,12861,1.387826681137085
129610,12862,0.8669826984405518
129620,12863,1.1812001466751099
129630,12864,1.3103464841842651
129640,12865,1.367694616317749
129650,12866,2.678041458129883
129660,12867,1.1604313850402832
129670,12868,0.941165030002594
129680,12869,1.2056248188018799
129690,12870,0.8473739624023438
129700,12871,1.4055405855178833
129710,12872,2.48557448387146
129720,12873,1.3900189399719238
129730,12874,2.162698268890381
129740,12875,2.128851890563965
129750,12876,1.8719474077224731
129760,12877,0.9777753949165344
129770,12878,1.2291569709777832
129780,12879,1.668595552444458
129790,12880,1.5023231506347656
129800,12881,1.1357924938201904
129810,12882,0.8264963030815125
129820,12883,2.550642967224121
129830,12884,0.5923206806182861
129840,12885,1.7157244682312012
129850,12886,2.1409318447113037
129860,12887,3.0341796875
129870,12888,1.5744378566741943
129880,12889,0.8026747107505798
129890,12890,2.3704307079315186
129900,12891,1.8064955472946167
129910,12892,1.2933030128479004
129920,12893,0.6707903146743774
129930,12894,1.0307916402816772
129940,12895,1.1105849742889404
129950,12896,1.3206570148468018
129960,12897,1.1655076742172241
129970,12898,1.0140557289123535
129980,12899,1.5305949449539185
129990,12900,2.6064255237579346
130000,12901,2.295361280441284
130010,12902,1.1068538427352905
130020,12903,1.9463448524475098
130030,12904,1.452250361442566
130040,12905,1.4223971366882324
130050,12906,1.6252700090408325
130060,12907,1.0322555303573608
130070,12908,1.9056200981140137
130080,12909,1.900115966796875
130090,12910,1.2331479787826538
130100,12911,0.8210636973381042
130110,12912,2.4067916870117188
130120,12913,1.3425931930541992
130130,12914,2.1762726306915283
130140,12915,1.4242784976959229
130150,12916,1.3733444213867188
130160,12917,0.4940943717956543
130170,12918,1.7130824327468872
130180,12919,0.7749577760696411
130190,12920,1.3822993040084839
130200,12921,2.1325650215148926
130210,12922,2.3553645610809326
130220,12923,0.8824122548103333
130230,12924,2.4255096912384033
130240,12925,1.1351289749145508
130250,12926,1.1693403720855713
130260,12927,2.4277617931365967
130270,12928,1.651593804359436
130280,12929,1.7420947551727295
130290,12930,1.4733877182006836
130300,12931,1.1404163837432861
130310,12932,2.1291630268096924
130320,12933,1.642104983329773
130330,12934,0.9046310186386108
130340,12935,0.747299313545227
130350,12936,1.0426956415176392
130360,12937,0.6266632080078125
130370,12938,1.8063592910766602
130380,12939,2.5651426315307617
130390,12940,1.3442188501358032
130400,12941,1.184186577796936
130410,12942,0.9217568635940552
130420,12943,1.6580674648284912
130430,12944,1.1259715557098389
130440,12945,1.4934897422790527
130450,12946,0.7839475274085999
130460,12947,0.8347012996673584
130470,12948,1.6250933408737183
130480,12949,0.6259396076202393
130490,12950,0.5968721508979797
130500,12951,2.3631837368011475
130510,12952,0.8328393697738647
130520,12953,0.7356550693511963
130530,12954,1.0306899547576904
130540,12955,2.27121639251709
130550,12956,1.2888460159301758
130560,12957,1.5169894695281982
130570,12958,1.1424676179885864
130580,12959,2.6990087032318115
130590,12960,1.3822698593139648
130600,12961,1.8583035469055176
130610,12962,0.936059296131134
130620,12963,1.6103851795196533
130630,12964,1.3493943214416504
130640,12965,1.0043385028839111
130650,12966,1.757232666015625
130660,12967,1.335798978805542
130670,12968,1.1115195751190186
130680,12969,1.191737413406372
130690,12970,3.5842459201812744
130700,12971,1.357014536857605
130710,12972,1.035754680633545
130720,12973,1.0820621252059937
130730,12974,1.4630943536758423
130740,12975,1.512100100517273
130750,12976,1.1367381811141968
130760,12977,0.5174076557159424
130770,12978,2.586487054824829
130780,12979,1.4002201557159424
130790,12980,1.5319597721099854
130800,12981,0.8454269170761108
130810,12982,0.9933583736419678
130820,12983,1.9948374032974243
130830,12984,1.3253899812698364
130840,12985,1.0569819211959839
130850,12986,1.763170838356018
130860,12987,1.2389053106307983
130870,12988,0.8689302802085876
130880,12989,2.443479537963867
130890,12990,1.0596497058868408
130900,12991,1.7007783651351929
130910,12992,0.8183299899101257
130920,12993,2.6990396976470947
130930,12994,0.896554708480835
130940,12995,2.562927007675171
130950,12996,0.6503368020057678
130960,12997,0.7582927942276001
130970,12998,1.5552648305892944
130980,12999,1.9451625347137451
130990,13000,1.1473686695098877
131000,13001,1.4471383094787598
131010,13002,2.471221685409546
131020,13003,1.4019888639450073
131030,13004,1.4302642345428467
131040,13005,2.65504789352417
131050,13006,3.935417413711548
131060,13007,1.595304012298584
131070,13008,1.5207496881484985
131080,13009,3.076266050338745
131090,13010,2.0055696964263916
131100,13011,2.057687759399414
131110,13012,1.2432955503463745
131120,13013,1.5172991752624512
131130,13014,1.269779920578003
131140,13015,2.0739850997924805
131150,13016,1.2978136539459229
131160,13017,3.057504653930664
131170,13018,0.8593368530273438
131180,13019,0.8043560981750488
131190,13020,1.525414228439331
131200,13021,1.4691216945648193
131210,13022,1.3740036487579346
131220,13023,1.0921891927719116
131230,13024,1.1930242776870728
131240,13025,3.6028785705566406
131250,13026,1.459585189819336
131260,13027,1.042159080505371
131270,13028,1.9201157093048096
131280,13029,1.7025071382522583
131290,13030,1.4016095399856567
131300,13031,1.6941180229187012
131310,13032,1.116432547569275
131320,13033,1.2186694145202637
131330,13034,0.6149303317070007
131340,13035,1.2388386726379395
131350,13036,0.9795939326286316
131360,13037,1.5617916584014893
131370,13038,1.5641627311706543
131380,13039,1.0770460367202759
131390,13040,1.0412886142730713
131400,13041,0.9537268280982971
131410,13042,2.2474827766418457
131420,13043,0.7666968107223511
131430,13044,1.5887585878372192
131440,13045,2.9391069412231445
131450,13046,1.6596719026565552
131460,13047,1.5269291400909424
131470,13048,1.0508310794830322
131480,13049,1.7764712572097778
131490,13050,1.0817346572875977
131500,13051,1.4173762798309326
131510,13052,0.7193024158477783
131520,13053,1.3104572296142578
131530,13054,2.736990451812744
131540,13055,0.6730208992958069
131550,13056,3.9600706100463867
131560,13057,1.637603759765625
131570,13058,1.2412967681884766
131580,13059,1.7852994203567505
131590,13060,1.1868597269058228
131600,13061,1.5807102918624878
131610,13062,1.489470362663269
131620,13063,1.666289210319519
131630,13064,0.7032820582389832
131640,13065,0.6669976711273193
131650,13066,1.4312599897384644
131660,13067,0.8505862355232239
131670,13068,0.6245044469833374
131680,13069,0.7717321515083313
131690,13070,0.9557974934577942
131700,13071,1.4307136535644531
131710,13072,1.31392502784729
131720,13073,1.2003366947174072
131730,13074,0.8566234707832336
131740,13075,1.9731653928756714
131750,13076,1.904003620147705
131760,13077,1.6839685440063477
131770,13078,1.0340960025787354
131780,13079,0.765691339969635
131790,13080,1.9966800212860107
131800,13081,0.621711015701294
131810,13082,2.9732534885406494
131820,13083,4.373153209686279
131830,13084,1.1848697662353516
131840,13085,1.4714266061782837
131850,13086,1.1648684740066528
131860,13087,1.9609863758087158
131870,13088,0.8027315139770508
131880,13089,0.7616125345230103
131890,13090,1.114824652671814
131900,13091,1.4360376596450806
131910,13092,0.922771692276001
131920,13093,2.7705767154693604
131930,13094,2.1194777488708496
131940,13095,1.030508279800415
131950,13096,1.3597731590270996
131960,13097,0.8935413360595703
131970,13098,0.7007917165756226
131980,13099,1.1240342855453491
131990,13100,1.36629319190979
132000,13101,1.1149935722351074
132010,13102,0.9435486197471619
132020,13103,1.459925889968872
132030,13104,0.9343118667602539
132040,13105,1.9468324184417725
132050,13106,1.493757724761963
132060,13107,1.3972578048706055
132070,13108,1.5492359399795532
132080,13109,2.513554573059082
132090,13110,2.1259765625
132100,13111,1.1227048635482788
132110,13112,1.0916121006011963
132120,13113,1.1257096529006958
132130,13114,1.8505877256393433
132140,13115,1.7723922729492188
132150,13116,1.4451462030410767
132160,13117,1.912900447845459
132170,13118,0.9384063482284546
132180,13119,0.7289515733718872
132190,13120,1.5283758640289307
132200,13121,1.1140114068984985
132210,13122,1.9770615100860596
132220,13123,1.8646677732467651
132230,13124,0.6428312063217163
132240,13125,3.917992115020752
132250,13126,0.9355684518814087
132260,13127,1.5971412658691406
132270,13128,1.1040058135986328
132280,13129,2.2074856758117676
132290,13130,0.9424412846565247
132300,13131,2.2409677505493164
132310,13132,2.3068575859069824
132320,13133,0.9916088581085205
132330,13134,1.1338080167770386
132340,13135,0.8720278143882751
132350,13136,3.4908270835876465
132360,13137,1.277388095855713
132370,13138,1.2866023778915405
132380,13139,1.5369236469268799
132390,13140,1.4210515022277832
132400,13141,2.1239373683929443
132410,13142,0.8019450902938843
132420,13143,1.3862159252166748
132430,13144,1.5448195934295654
132440,13145,1.984126091003418
132450,13146,0.9558694958686829
132460,13147,1.0247352123260498
132470,13148,0.7651299834251404
132480,13149,0.9430215358734131
132490,13150,1.237069010734558
132500,13151,1.851056456565857
132510,13152,2.31288743019104
132520,13153,1.787246584892273
132530,13154,1.1465847492218018
132540,13155,1.229374647140503
132550,13156,1.6017522811889648
132560,13157,0.612109899520874
132570,13158,0.9593809247016907
132580,13159,1.164469599723816
132590,13160,1.4213097095489502
132600,13161,1.0263221263885498
132610,13162,1.7591770887374878
132620,13163,0.7374058961868286
132630,13164,2.1416335105895996
132640,13165,1.213894009590149
132650,13166,1.9075261354446411
132660,13167,1.4788074493408203
132670,13168,1.5942538976669312
132680,13169,0.9381277561187744
132690,13170,0.9549064636230469
132700,13171,1.3944659233093262
132710,13172,1.0801373720169067
132720,13173,1.8511216640472412
132730,13174,1.1470969915390015
132740,13175,1.051082968711853
132750,13176,1.4685287475585938
132760,13177,1.550635814666748
132770,13178,0.6446950435638428
132780,13179,1.1567155122756958
132790,13180,1.2297595739364624
132800,13181,1.3619968891143799
132810,13182,2.5764718055725098
132820,13183,1.9994926452636719
132830,13184,1.5193870067596436
132840,13185,1.6290875673294067
132850,13186,1.5315061807632446
132860,13187,2.324042797088623
132870,13188,1.7672176361083984
132880,13189,2.5936179161071777
132890,13190,2.133842945098877
132900,13191,0.9257540702819824
132910,13192,0.7840001583099365
132920,13193,1.9331096410751343
132930,13194,2.8445568084716797
132940,13195,0.6934686303138733
132950,13196,1.0938140153884888
132960,13197,1.4597567319869995
132970,13198,0.6875185370445251
132980,13199,0.872848629951477
132990,13200,1.3948688507080078
133000,13201,2.689751625061035
133010,13202,0.5294583439826965
133020,13203,1.0125144720077515
133030,13204,1.3172423839569092
133040,13205,1.3177274465560913
133050,13206,2.699275493621826
133060,13207,1.2458404302597046
133070,13208,1.0581424236297607
133080,13209,1.193772315979004
133090,13210,1.5180671215057373
133100,13211,1.2599127292633057
133110,13212,3.5976836681365967
133120,13213,0.7959704399108887
133130,13214,1.5800237655639648
133140,13215,0.7576574683189392
133150,13216,1.1499948501586914
133160,13217,0.6522903442382812
133170,13218,1.6490756273269653
133180,13219,2.9100887775421143
133190,13220,1.587735652923584
133200,13221,1.0816811323165894
133210,13222,1.7808810472488403
133220,13223,2.439877986907959
133230,13224,1.5517534017562866
133240,13225,0.8021166324615479
133250,13226,1.3105400800704956
133260,13227,3.4668655395507812
133270,13228,2.2765159606933594
133280,13229,1.324774980545044
133290,13230,1.6643999814987183
133300,13231,1.135148286819458
133310,13232,1.2629889249801636
133320,13233,1.3372564315795898
133330,13234,1.0988742113113403
133340,13235,0.919125497341156
133350,13236,1.0881532430648804
133360,13237,1.6748441457748413
133370,13238,1.3463482856750488
133380,13239,1.2244237661361694
133390,13240,0.8998527526855469
133400,13241,2.739993095397949
133410,13242,1.4604105949401855
133420,13243,2.0882983207702637
133430,13244,0.9406284689903259
133440,13245,1.7702608108520508
133450,13246,1.6037101745605469
133460,13247,1.4902445077896118
133470,13248,1.653023600578308
133480,13249,1.35261869430542
133490,13250,1.0006893873214722
133500,13251,1.0296852588653564
133510,13252,0.7298130989074707
133520,13253,1.3086490631103516
133530,13254,1.3553391695022583
133540,13255,0.8686138987541199
133550,13256,1.1668832302093506
133560,13257,1.3529819250106812
133570,13258,2.000213623046875
133580,13259,1.5826725959777832
133590,13260,1.8268479108810425
133600,13261,2.3239784240722656
133610,13262,0.9196599721908569
133620,13263,2.714799404144287
133630,13264,1.452237844467163
133640,13265,1.3413755893707275
133650,13266,1.1325383186340332
133660,13267,0.6367591619491577
133670,13268,1.3511534929275513
133680,13269,12.379608154296875
133690,13270,0.967003583908081
133700,13271,1.29292631149292
133710,13272,1.4305001497268677
133720,13273,1.9635826349258423
133730,13274,1.0048658847808838
133740,13275,1.6885757446289062
133750,13276,1.2685738801956177
133760,13277,1.0569531917572021
133770,13278,2.0241777896881104
133780,13279,1.705416202545166
133790,13280,2.9664409160614014
133800,13281,2.910162925720215
133810,13282,1.3932489156723022
133820,13283,1.2250018119812012
133830,13284,2.2010605335235596
133840,13285,1.8468077182769775
133850,13286,3.349658966064453
133860,13287,1.9407597780227661
133870,13288,2.1507654190063477
133880,13289,1.7408207654953003
133890,13290,1.9353654384613037
133900,13291,2.3498058319091797
133910,13292,1.2693370580673218
133920,13293,1.3700752258300781
133930,13294,1.5903346538543701
133940,13295,1.7243603467941284
133950,13296,3.68544340133667
133960,13297,1.068259596824646
133970,13298,1.6650030612945557
133980,13299,1.3090827465057373
133990,13300,1.0960403680801392
134000,13301,2.4727277755737305
134010,13302,1.3700207471847534
134020,13303,1.2439279556274414
134030,13304,0.8381599187850952
134040,13305,1.3542566299438477
134050,13306,1.7679882049560547
134060,13307,1.2958768606185913
134070,13308,0.8451459407806396
134080,13309,1.2953274250030518
134090,13310,1.9038565158843994
134100,13311,1.3918986320495605
134110,13312,0.46180346608161926
134120,13313,1.5454264879226685
134130,13314,2.0390079021453857
134140,13315,2.840796709060669
134150,13316,1.160396695137024
134160,13317,1.6133664846420288
134170,13318,0.7490237951278687
134180,13319,1.298431634902954
134190,13320,1.1379164457321167
134200,13321,1.7842916250228882
134210,13322,3.4111008644104004
134220,13323,1.3733645677566528
134230,13324,1.4166136980056763
134240,13325,1.8088582754135132
134250,13326,1.4953035116195679
134260,13327,1.2023452520370483
134270,13328,0.8189051151275635
134280,13329,3.1216700077056885
134290,13330,1.0139715671539307
134300,13331,1.4591617584228516
134310,13332,1.1035674810409546
134320,13333,0.5793723464012146
134330,13334,1.8634175062179565
134340,13335,1.909310221672058
134350,13336,2.4063401222229004
134360,13337,1.1375155448913574
134370,13338,0.966737687587738
134380,13339,1.0862118005752563
134390,13340,1.2521909475326538
134400,13341,2.5512378215789795
134410,13342,2.7449417114257812
134420,13343,1.0202598571777344
134430,13344,0.793292224407196
134440,13345,0.8767565488815308
134450,13346,0.8142765760421753
134460,13347,0.38708990812301636
134470,13348,2.4945623874664307
134480,13349,1.348233699798584
134490,13350,2.0476462841033936
134500,13351,1.2346348762512207
134510,13352,1.831148386001587
134520,13353,1.3789875507354736
134530,13354,1.040696620941162
134540,13355,2.114358901977539
134550,13356,1.593273639678955
134560,13357,1.007731556892395
134570,13358,2.7117626667022705
134580,13359,3.0487794876098633
134590,13360,3.709310531616211
134600,13361,2.6529972553253174
134610,13362,2.1290946006774902
134620,13363,1.3420491218566895
134630,13364,2.233488082885742
134640,13365,2.2029170989990234
134650,13366,1.4037997722625732
134660,13367,2.132601737976074
134670,13368,1.0537033081054688
134680,13369,1.1677746772766113
134690,13370,1.0408811569213867
134700,13371,1.5232173204421997
134710,13372,1.1832778453826904
134720,13373,0.6947060823440552
134730,13374,0.8119335174560547
134740,13375,1.3932563066482544
134750,13376,1.3210771083831787
134760,13377,1.6017992496490479
134770,13378,2.004565954208374
134780,13379,1.8480507135391235
134790,13380,1.8003507852554321
134800,13381,1.1394708156585693
134810,13382,1.0956144332885742
134820,13383,0.7015631794929504
134830,13384,0.9684231281280518
134840,13385,1.072944164276123
134850,13386,1.1321046352386475
134860,13387,1.7200703620910645
134870,13388,0.5465272665023804
134880,13389,1.7097868919372559
134890,13390,1.4339755773544312
134900,13391,0.7516228556632996
134910,13392,1.3023425340652466
134920,13393,1.7560694217681885
134930,13394,3.050731658935547
134940,13395,1.3802490234375
134950,13396,0.8651354908943176
134960,13397,1.1125292778015137
134970,13398,0.9271308779716492
134980,13399,1.343172311782837
134990,13400,1.1169989109039307
135000,13401,1.188995361328125
135010,13402,1.0838311910629272
135020,13403,0.9872690439224243
135030,13404,1.3615623712539673
135040,13405,1.3530118465423584
135050,13406,1.664153814315796
135060,13407,2.257892370223999
135070,13408,0.7342323064804077
135080,13409,1.356843113899231
135090,13410,1.5258899927139282
135100,13411,3.9100890159606934
135110,13412,1.8816072940826416
135120,13413,0.8520843386650085
135130,13414,1.2658917903900146
135140,13415,0.7121593952178955
135150,13416,3.647721767425537
135160,13417,1.2649288177490234
135170,13418,0.709244966506958
135180,13419,0.9877008199691772
135190,13420,2.0612120628356934
135200,13421,1.6204867362976074
135210,13422,1.3830009698867798
135220,13423,0.7330076694488525
135230,13424,2.1087777614593506
135240,13425,0.6472553014755249
135250,13426,1.318007230758667
135260,13427,2.165112018585205
135270,13428,1.4598344564437866
135280,13429,3.3071370124816895
135290,13430,1.8841298818588257
135300,13431,1.6386133432388306
135310,13432,1.0590617656707764
135320,13433,0.7176826596260071
135330,13434,1.1062092781066895
135340,13435,1.4923467636108398
135350,13436,1.2363046407699585
135360,13437,1.7535607814788818
135370,13438,1.7996578216552734
135380,13439,1.1457395553588867
135390,13440,1.2330775260925293
135400,13441,1.5301947593688965
135410,13442,1.4663996696472168
135420,13443,2.176600217819214
135430,13444,1.5063724517822266
135440,13445,1.9259005784988403
135450,13446,2.8262903690338135
135460,13447,1.571315050125122
135470,13448,2.1391913890838623
135480,13449,0.791347861289978
135490,13450,1.2688473463058472
135500,13451,1.8188064098358154
135510,13452,0.8912516832351685
135520,13453,0.6910120248794556
135530,13454,0.8765172958374023
135540,13455,0.7610307931900024
135550,13456,1.4656240940093994
135560,13457,1.0397019386291504
135570,13458,2.555206298828125
135580,13459,1.5151153802871704
135590,13460,2.4967117309570312
135600,13461,3.911318302154541
135610,13462,1.3226640224456787
135620,13463,1.4765563011169434
135630,13464,1.2637860774993896
135640,13465,1.6228716373443604
135650,13466,1.4516148567199707
135660,13467,2.2273435592651367
135670,13468,0.683461606502533
135680,13469,2.2441883087158203
135690,13470,0.7919013500213623
135700,13471,1.155462622642517
135710,13472,1.6317908763885498
135720,13473,1.4798663854599
135730,13474,1.0502580404281616
135740,13475,0.8362303972244263
135750,13476,2.256998062133789
135760,13477,2.210675001144409
135770,13478,1.9840065240859985
135780,13479,1.3672055006027222
135790,13480,1.1138759851455688
135800,13481,0.8505594730377197
135810,13482,2.481429100036621
135820,13483,1.3131290674209595
135830,13484,1.4530317783355713
135840,13485,0.8669179677963257
135850,13486,0.689511239528656
135860,13487,1.4100178480148315
135870,13488,0.9937008619308472
135880,13489,1.8210458755493164
135890,13490,1.2295085191726685
135900,13491,2.2407970428466797
135910,13492,2.993964910507202
135920,13493,1.7428332567214966
135930,13494,0.4553355872631073
135940,13495,1.3287395238876343
135950,13496,1.5865336656570435
135960,13497,3.086059331893921
135970,13498,1.1752049922943115
135980,13499,2.0064451694488525
135990,13500,1.807377576828003
136000,13501,2.3723130226135254
136010,13502,1.8749284744262695
136020,13503,1.9999816417694092
136030,13504,1.7395187616348267
136040,13505,1.5348083972930908
136050,13506,0.6501104235649109
136060,13507,2.314312696456909
136070,13508,1.4478768110275269
136080,13509,1.4584451913833618
136090,13510,1.5340948104858398
136100,13511,1.5770018100738525
136110,13512,2.681792736053467
136120,13513,1.2614256143569946
136130,13514,1.6267997026443481
136140,13515,1.375794768333435
136150,13516,1.2102454900741577
136160,13517,3.589794397354126
136170,13518,1.3513199090957642
136180,13519,2.4598512649536133
136190,13520,1.9476408958435059
136200,13521,0.981583833694458
136210,13522,2.7010576725006104
136220,13523,1.0643056631088257
136230,13524,0.8774627447128296
136240,13525,1.5026079416275024
136250,13526,1.8837571144104004
136260,13527,1.6603035926818848
136270,13528,1.1738530397415161
136280,13529,1.0851842164993286
136290,13530,1.6710110902786255
136300,13531,2.146339178085327
136310,13532,1.4433197975158691
136320,13533,1.569035291671753
136330,13534,1.7260894775390625
136340,13535,3.0175557136535645
136350,13536,1.441981315612793
136360,13537,1.2556328773498535
136370,13538,0.7608625888824463
136380,13539,1.7645808458328247
136390,13540,1.3918771743774414
136400,13541,2.163027286529541
136410,13542,1.7252315282821655
136420,13543,0.7772535085678101
136430,13544,1.2773464918136597
136440,13545,1.1665862798690796
136450,13546,2.2478652000427246
136460,13547,2.1962780952453613
136470,13548,1.7668018341064453
136480,13549,1.593569278717041
136490,13550,2.113805055618286
136500,13551,0.7806875109672546
136510,13552,0.778688907623291
136520,13553,1.2973905801773071
136530,13554,1.178459882736206
136540,13555,1.3867567777633667
136550,13556,0.8797630667686462
136560,13557,1.380446434020996
136570,13558,1.0627331733703613
136580,13559,1.4194114208221436
136590,13560,1.82906174659729
136600,13561,2.0088391304016113
136610,13562,1.0251972675323486
136620,13563,1.3924669027328491
136630,13564,1.211380958557129
136640,13565,2.0567824840545654
136650,13566,3.288562774658203
136660,13567,1.8083550930023193
136670,13568,1.5971657037734985
136680,13569,1.563471794128418
136690,13570,2.037353038787842
136700,13571,2.344011068344116
136710,13572,0.6535173058509827
136720,13573,1.0208537578582764
136730,13574,1.676985263824463
136740,13575,0.8402625918388367
136750,13576,1.6897034645080566
136760,13577,1.6628199815750122
136770,13578,0.471210241317749
136780,13579,1.1597883701324463
136790,13580,2.6142609119415283
136800,13581,1.1187208890914917
136810,13582,1.744003415107727
136820,13583,1.8417978286743164
136830,13584,3.1631367206573486
136840,13585,1.5225563049316406
136850,13586,0.9965521097183228
136860,13587,1.2985553741455078
136870,13588,1.0263774394989014
136880,13589,1.2504521608352661
136890,13590,1.132369041442871
136900,13591,2.0572493076324463
136910,13592,1.3287073373794556
136920,13593,2.076537847518921
136930,13594,1.6932241916656494
136940,13595,0.9545348286628723
136950,13596,1.8715976476669312
136960,13597,0.9214094877243042
136970,13598,1.239809513092041
136980,13599,2.4131033420562744
136990,13600,1.528732419013977
137000,13601,0.35335803031921387
137010,13602,1.771293044090271
137020,13603,0.7889885306358337
137030,13604,1.5249035358428955
137040,13605,1.5070245265960693
137050,13606,1.45503830909729
137060,13607,0.9530549049377441
137070,13608,1.5011789798736572
137080,13609,0.742194414138794
137090,13610,2.042774200439453
137100,13611,1.3235365152359009
137110,13612,1.4363833665847778
137120,13613,2.581088066101074
137130,13614,0.8551369309425354
137140,13615,2.041182279586792
137150,13616,2.87807559967041
137160,13617,2.567666530609131
137170,13618,0.6116428971290588
137180,13619,1.8511464595794678
137190,13620,0.8411969542503357
137200,13621,1.1662812232971191
137210,13622,1.1657038927078247
137220,13623,1.0420887470245361
137230,13624,1.446760654449463
137240,13625,1.1495006084442139
137250,13626,2.274869203567505
137260,13627,0.7529494762420654
137270,13628,2.2784221172332764
137280,13629,1.4968252182006836
137290,13630,1.393936038017273
137300,13631,1.5774579048156738
137310,13632,2.802794933319092
137320,13633,1.9138840436935425
137330,13634,2.5078542232513428
137340,13635,1.92661452293396
137350,13636,1.3395678997039795
137360,13637,0.8003612756729126
137370,13638,1.5284043550491333
137380,13639,1.269830584526062
137390,13640,1.355032205581665
137400,13641,1.9164268970489502
137410,13642,1.6419999599456787
137420,13643,0.7638747096061707
137430,13644,1.7825473546981812
137440,13645,1.0867410898208618
137450,13646,0.8698891401290894
137460,13647,1.1073342561721802
137470,13648,0.7265198230743408
137480,13649,0.785968542098999
137490,13650,0.7533044815063477
137500,13651,1.4960112571716309
137510,13652,1.6721594333648682
137520,13653,1.6384413242340088
137530,13654,1.5595093965530396
137540,13655,2.189967632293701
137550,13656,1.2627429962158203
137560,13657,1.7075161933898926
137570,13658,1.552225112915039
137580,13659,1.8331509828567505
137590,13660,0.8699520826339722
137600,13661,1.2996374368667603
137610,13662,1.4271855354309082
137620,13663,0.9942954182624817
137630,13664,2.132232189178467
137640,13665,1.4354937076568604
137650,13666,1.097975254058838
137660,13667,1.286933422088623
137670,13668,2.0831298828125
137680,13669,1.7364284992218018
137690,13670,1.2738003730773926
137700,13671,1.0000660419464111
137710,13672,0.8595232367515564
137720,13673,0.7208968997001648
137730,13674,1.5438811779022217
137740,13675,1.6567070484161377
137750,13676,0.9738385081291199
137760,13677,0.8388640880584717
137770,13678,1.7850102186203003
137780,13679,1.3700039386749268
137790,13680,1.4211615324020386
137800,13681,1.058180809020996
137810,13682,0.6519246101379395
137820,13683,2.0370938777923584
137830,13684,0.9929520487785339
137840,13685,1.7824034690856934
137850,13686,0.7538121938705444
137860,13687,2.0473222732543945
137870,13688,1.7405742406845093
137880,13689,1.5820072889328003
137890,13690,2.3265109062194824
137900,13691,1.698549747467041
137910,13692,3.4894542694091797
137920,13693,0.5181811451911926
137930,13694,1.8599114418029785
137940,13695,2.008213520050049
137950,13696,1.586706519126892
137960,13697,1.6671603918075562
137970,13698,0.7078529000282288
137980,13699,1.1415501832962036
137990,13700,1.9719538688659668
138000,13701,1.2856179475784302
138010,13702,0.8049790263175964
138020,13703,1.0137978792190552
138030,13704,2.7595348358154297
138040,13705,5.0311455726623535
138050,13706,2.713003635406494
138060,13707,1.9414780139923096
138070,13708,1.0722399950027466
138080,13709,2.158867120742798
138090,13710,1.9408156871795654
138100,13711,2.2055349349975586
138110,13712,1.9939424991607666
138120,13713,1.6390212774276733
138130,13714,1.0906164646148682
138140,13715,1.1815881729125977
138150,13716,1.663175344467163
138160,13717,2.2256600856781006
138170,13718,0.8586980700492859
138180,13719,2.7677183151245117
138190,13720,1.169041633605957
138200,13721,0.8268809914588928
138210,13722,0.9888988137245178
138220,13723,0.9353276491165161
138230,13724,0.6610555648803711
138240,13725,1.1387035846710205
138250,13726,0.7133215665817261
138260,13727,2.139413356781006
138270,13728,2.0750041007995605
138280,13729,1.562831997871399
138290,13730,1.5504796504974365
138300,13731,1.191763162612915
138310,13732,1.050905704498291
138320,13733,1.3841443061828613
138330,13734,1.8190717697143555
138340,13735,1.0276532173156738
138350,13736,1.140974998474121
138360,13737,1.1130194664001465
138370,13738,1.581825613975525
138380,13739,1.8952529430389404
138390,13740,1.216357946395874
138400,13741,1.1551545858383179
138410,13742,1.7389618158340454
138420,13743,1.789922833442688
138430,13744,2.679316282272339
138440,13745,1.2343096733093262
138450,13746,1.5959669351577759
138460,13747,1.7006622552871704
138470,13748,1.8797439336776733
138480,13749,1.4100202322006226
138490,13750,1.4863799810409546
138500,13751,2.6284193992614746
138510,13752,1.2940037250518799
138520,13753,1.048372507095337
138530,13754,0.6342474222183228
138540,13755,1.599136233329773
138550,13756,1.5237537622451782
138560,13757,1.3493781089782715
138570,13758,0.9369609951972961
138580,13759,0.7968062162399292
138590,13760,0.606698751449585
138600,13761,3.1632087230682373
138610,13762,0.977057933807373
138620,13763,1.2351340055465698
138630,13764,0.9245090484619141
138640,13765,2.159050941467285
138650,13766,1.1308361291885376
138660,13767,1.6102216243743896
138670,13768,1.9812116622924805
138680,13769,1.13553786277771
138690,13770,0.8478198051452637
138700,13771,1.138619303703308
138710,13772,2.1776652336120605
138720,13773,1.3217322826385498
138730,13774,2.159558057785034
138740,13775,0.9659526348114014
138750,13776,1.4598631858825684
138760,13777,2.2379958629608154
138770,13778,1.307532548904419
138780,13779,1.4961366653442383
138790,13780,0.6932450532913208
138800,13781,2.324155330657959
138810,13782,1.1122099161148071
138820,13783,2.371537208557129
138830,13784,1.2941858768463135
138840,13785,1.1117452383041382
138850,13786,0.8363345265388489
138860,13787,0.6464967727661133
138870,13788,1.6771833896636963
138880,13789,1.7845962047576904
138890,13790,1.403367280960083
138900,13791,0.8302966952323914
138910,13792,1.4910802841186523
138920,13793,1.5148687362670898
138930,13794,1.3427728414535522
138940,13795,2.6186485290527344
138950,13796,1.847105622291565
138960,13797,1.4283339977264404
138970,13798,1.798188328742981
138980,13799,1.1285576820373535
138990,13800,1.1915181875228882
139000,13801,1.1986660957336426
139010,13802,1.809880256652832
139020,13803,1.7755146026611328
139030,13804,0.8236678838729858
139040,13805,1.9629360437393188
139050,13806,1.624385118484497
139060,13807,1.067774772644043
139070,13808,2.3820858001708984
139080,13809,2.2759368419647217
139090,13810,0.845473051071167
139100,13811,1.5938746929168701
139110,13812,1.584335207939148
139120,13813,1.5067927837371826
139130,13814,2.134284734725952
139140,13815,1.645275354385376
139150,13816,1.4120126962661743
139160,13817,1.901647925376892
139170,13818,1.680720567703247
139180,13819,2.1414852142333984
139190,13820,1.1393486261367798
139200,13821,1.1314616203308105
139210,13822,1.5913110971450806
139220,13823,0.8432450890541077
139230,13824,1.0567286014556885
139240,13825,1.336382269859314
139250,13826,1.1966580152511597
139260,13827,1.0973994731903076
139270,13828,1.5279595851898193
139280,13829,1.2160046100616455
139290,13830,1.4885245561599731
139300,13831,1.8434197902679443
139310,13832,1.4091976881027222
139320,13833,0.9492958784103394
139330,13834,1.0024737119674683
139340,13835,1.3194998502731323
139350,13836,1.6106617450714111
139360,13837,0.8033243417739868
139370,13838,1.350313425064087
139380,13839,0.8822369575500488
139390,13840,1.8449876308441162
139400,13841,1.454147458076477
139410,13842,0.971160352230072
139420,13843,4.329950332641602
139430,13844,0.8843019604682922
139440,13845,0.9097771048545837
139450,13846,0.8070893883705139
139460,13847,1.3698852062225342
139470,13848,1.0966218709945679
139480,13849,0.9552524089813232
139490,13850,1.1487973928451538
139500,13851,0.7014250159263611
139510,13852,1.62621009349823
139520,13853,1.191091537475586
139530,13854,1.551938772201538
139540,13855,1.0817538499832153
139550,13856,1.5445122718811035
139560,13857,1.5127907991409302
139570,13858,1.1483467817306519
139580,13859,1.59417724609375
139590,13860,1.749321699142456
139600,13861,0.6403189301490784
139610,13862,0.6999698281288147
139620,13863,1.7030389308929443
139630,13864,0.7211295366287231
139640,13865,1.4002978801727295
139650,13866,1.476202130317688
139660,13867,2.002903938293457
139670,13868,0.9980682134628296
139680,13869,2.237668037414551
139690,13870,1.6079542636871338
139700,13871,1.2509407997131348
139710,13872,0.7404109239578247
139720,13873,1.2150357961654663
139730,13874,1.2588797807693481
139740,13875,2.050121784210205
139750,13876,1.515981674194336
139760,13877,1.6084895133972168
139770,13878,2.9227049350738525
139780,13879,1.7587352991104126
139790,13880,1.4252214431762695
139800,13881,1.7938657999038696
139810,13882,2.236783742904663
139820,13883,1.5773279666900635
139830,13884,1.0550364255905151
139840,13885,0.8476967215538025
139850,13886,1.9613713026046753
139860,13887,0.8161109685897827
139870,13888,1.5668765306472778
139880,13889,2.769742965698242
139890,13890,1.9767975807189941
139900,13891,0.7892289757728577
139910,13892,1.8263564109802246
139920,13893,1.1140505075454712
139930,13894,1.8040497303009033
139940,13895,1.3239492177963257
139950,13896,2.0688600540161133
139960,13897,2.8586275577545166
139970,13898,1.8924747705459595
139980,13899,1.7978509664535522
139990,13900,0.8320639133453369
140000,13901,2.5237393379211426
140010,13902,1.8528896570205688
140020,13903,2.9860198497772217
140030,13904,1.5791264772415161
140040,13905,2.5910377502441406
140050,13906,0.9006873965263367
140060,13907,1.2184573411941528
140070,13908,1.7779275178909302
140080,13909,0.9522246718406677
140090,13910,1.453223705291748
140100,13911,1.1848154067993164
140110,13912,1.0540045499801636
140120,13913,1.2642831802368164
140130,13914,0.613456130027771
140140,13915,1.3458538055419922
140150,13916,2.138911008834839
140160,13917,0.8678916692733765
140170,13918,2.1268346309661865
140180,13919,1.5579731464385986
140190,13920,1.0026135444641113
140200,13921,4.315380096435547
140210,13922,0.9837204217910767
140220,13923,1.5330841541290283
140230,13924,1.213627576828003
140240,13925,0.8329702019691467
140250,13926,1.5039775371551514
140260,13927,1.0884567499160767
140270,13928,0.6227874755859375
140280,13929,2.0207359790802
140290,13930,1.9818401336669922
140300,13931,1.818472146987915
140310,13932,1.307633399963379
140320,13933,1.652145266532898
140330,13934,0.964718222618103
140340,13935,1.27274751663208
140350,13936,4.532748222351074
140360,13937,1.858640193939209
140370,13938,1.3557014465332031
140380,13939,0.660331130027771
140390,13940,1.553441047668457
140400,13941,3.958935499191284
140410,13942,1.6923210620880127
140420,13943,0.9284636974334717
140430,13944,1.6183390617370605
140440,13945,1.1947697401046753
140450,13946,1.5037716627120972
140460,13947,1.797149658203125
140470,13948,2.4774465560913086
140480,13949,2.845235824584961
140490,13950,2.442033529281616
140500,13951,1.2736656665802002
140510,13952,2.475576877593994
140520,13953,1.0021365880966187
140530,13954,2.5737721920013428
140540,13955,1.440845251083374
140550,13956,1.600097894668579
140560,13957,1.3581706285476685
140570,13958,2.0344033241271973
140580,13959,5.254512786865234
140590,13960,2.5012967586517334
140600,13961,2.600849151611328
140610,13962,1.80087149143219
140620,13963,0.43807071447372437
140630,13964,1.4308298826217651
140640,13965,1.0043118000030518
140650,13966,1.3070199489593506
140660,13967,1.6538368463516235
140670,13968,1.8187189102172852
140680,13969,1.183851718902588
140690,13970,1.2630821466445923
140700,13971,2.0413832664489746
140710,13972,1.3552995920181274
140720,13973,1.0141152143478394
140730,13974,1.8140950202941895
140740,13975,2.017026424407959
140750,13976,2.5144145488739014
140760,13977,1.9040188789367676
140770,13978,3.6820108890533447
140780,13979,1.2464625835418701
140790,13980,2.4163014888763428
140800,13981,2.426149606704712
140810,13982,0.5720852613449097
140820,13983,1.420191764831543
140830,13984,1.4788291454315186
140840,13985,3.0503344535827637
140850,13986,1.1282947063446045
140860,13987,1.3037574291229248
140870,13988,0.8686742186546326
140880,13989,1.0551481246948242
140890,13990,1.8869919776916504
140900,13991,0.6015189290046692
140910,13992,2.611942768096924
140920,13993,1.2791473865509033
140930,13994,0.7235731482505798
140940,13995,1.0751842260360718
140950,13996,1.58375883102417
140960,13997,5.7964324951171875
140970,13998,1.6958714723587036
140980,13999,1.7382283210754395
140990,14000,0.8832136988639832
141000,14001,1.1353683471679688
141010,14002,2.4943909645080566
141020,14003,1.0812876224517822
141030,14004,1.9023873805999756
141040,14005,1.6249505281448364
141050,14006,1.5851655006408691
141060,14007,0.49738627672195435
141070,14008,2.8708508014678955
141080,14009,2.9920730590820312
141090,14010,1.8699262142181396
141100,14011,2.0802721977233887
141110,14012,1.3361198902130127
141120,14013,1.2818559408187866
141130,14014,3.0134055614471436
141140,14015,1.1216049194335938
141150,14016,0.9457226991653442
141160,14017,1.253104567527771
141170,14018,0.6323497295379639
141180,14019,1.0534747838974
141190,14020,1.4085197448730469
141200,14021,0.9135133624076843
141210,14022,1.396203637123108
141220,14023,1.6293885707855225
141230,14024,0.6133013963699341
141240,14025,1.4831130504608154
141250,14026,2.045792579650879
141260,14027,1.2719848155975342
141270,14028,1.8866193294525146
141280,14029,0.838640570640564
141290,14030,1.0255118608474731
141300,14031,1.0234626531600952
141310,14032,0.8092843294143677
141320,14033,1.8054382801055908
141330,14034,0.6917939186096191
141340,14035,1.4701563119888306
141350,14036,1.7589777708053589
141360,14037,1.7973273992538452
141370,14038,0.9846696257591248
141380,14039,1.1500434875488281
141390,14040,0.7257547974586487
141400,14041,0.968682587146759
141410,14042,1.332476019859314
141420,14043,1.4381927251815796
141430,14044,2.491675853729248
141440,14045,1.4140938520431519
141450,14046,1.647183895111084
141460,14047,1.5227103233337402
141470,14048,2.0997488498687744
141480,14049,0.5425432324409485
141490,14050,1.2906666994094849
141500,14051,0.8978720903396606
141510,14052,1.4329365491867065
141520,14053,1.3530429601669312
141530,14054,1.406681776046753
141540,14055,1.2172130346298218
141550,14056,0.9685449004173279
141560,14057,3.524534225463867
141570,14058,1.304727554321289
141580,14059,1.0712177753448486
141590,14060,0.5551055073738098
141600,14061,1.0197948217391968
141610,14062,1.3294035196304321
141620,14063,1.3538607358932495
141630,14064,4.724318504333496
141640,14065,4.837679862976074
141650,14066,0.8013336658477783
141660,14067,0.9028461575508118
141670,14068,1.846909761428833
141680,14069,0.9577018022537231
141690,14070,0.9368324279785156
141700,14071,1.9240927696228027
141710,14072,0.8960353136062622
141720,14073,0.9769383668899536
141730,14074,0.8920508027076721
141740,14075,2.2710225582122803
141750,14076,0.913943350315094
141760,14077,1.0972157716751099
141770,14078,3.0173654556274414
141780,14079,0.9699243903160095
141790,14080,1.150108814239502
141800,14081,0.6879191398620605
141810,14082,1.9335696697235107
141820,14083,1.6778923273086548
141830,14084,1.7769360542297363
141840,14085,1.840988039970398
141850,14086,1.0747023820877075
141860,14087,2.381354808807373
141870,14088,2.6926536560058594
141880,14089,1.8235485553741455
141890,14090,1.3895164728164673
141900,14091,1.1956430673599243
141910,14092,2.07818341255188
141920,14093,0.9698452353477478
141930,14094,1.3963375091552734
141940,14095,1.406676173210144
141950,14096,2.5197300910949707
141960,14097,1.353883147239685
141970,14098,0.6724106669425964
141980,14099,2.5080299377441406
141990,14100,1.1422709226608276
142000,14101,0.8357207775115967
142010,14102,2.1678690910339355
142020,14103,0.8677246570587158
142030,14104,1.332076072692871
142040,14105,0.720625638961792
142050,14106,2.37011456489563
142060,14107,1.0674948692321777
142070,14108,1.802524209022522
142080,14109,0.8207008242607117
142090,14110,1.4082858562469482
142100,14111,1.0498310327529907
142110,14112,1.0209753513336182
142120,14113,1.344111680984497
142130,14114,1.9717953205108643
142140,14115,1.83687162399292
142150,14116,1.8686351776123047
142160,14117,1.1639230251312256
142170,14118,1.9932148456573486
142180,14119,1.462040901184082
142190,14120,2.2194018363952637
142200,14121,1.1663206815719604
142210,14122,0.770322322845459
142220,14123,1.518809199333191
142230,14124,0.9349501132965088
142240,14125,2.9303455352783203
142250,14126,0.887407124042511
142260,14127,0.593704342842102
142270,14128,1.4577535390853882
142280,14129,1.8178434371948242
142290,14130,0.9137043356895447
142300,14131,1.1165465116500854
142310,14132,1.5259346961975098
142320,14133,1.6418023109436035
142330,14134,1.7866469621658325
142340,14135,2.578423023223877
142350,14136,0.76570725440979
142360,14137,1.1795729398727417
142370,14138,1.2581948041915894
142380,14139,0.8309836983680725
142390,14140,3.6235170364379883
142400,14141,5.141172409057617
142410,14142,2.2874300479888916
142420,14143,1.9309113025665283
142430,14144,0.8296304941177368
142440,14145,2.197751760482788
142450,14146,0.7419705390930176
142460,14147,1.7545055150985718
142470,14148,1.5060203075408936
142480,14149,0.9149309396743774
142490,14150,1.1705485582351685
142500,14151,0.6553810834884644
142510,14152,1.6980459690093994
142520,14153,1.1950589418411255
142530,14154,2.397036552429199
142540,14155,1.676772117614746
142550,14156,1.4962139129638672
142560,14157,1.3617924451828003
142570,14158,1.6521471738815308
142580,14159,1.608748435974121
142590,14160,2.5468554496765137
142600,14161,1.4593393802642822
142610,14162,2.275784492492676
142620,14163,1.743918776512146
142630,14164,1.7159433364868164
142640,14165,1.1712872982025146
142650,14166,1.3302499055862427
142660,14167,0.8480134010314941
142670,14168,0.9393919706344604
142680,14169,0.7288205623626709
142690,14170,1.0919263362884521
142700,14171,0.9082338213920593
142710,14172,1.3174827098846436
142720,14173,1.496010422706604
142730,14174,0.890449047088623
142740,14175,0.48016172647476196
142750,14176,0.9034246206283569
142760,14177,0.3779414892196655
142770,14178,1.2772057056427002
142780,14179,1.57442045211792
142790,14180,1.070899248123169
142800,14181,1.8127856254577637
142810,14182,1.2364827394485474
142820,14183,1.5421322584152222
142830,14184,1.2221232652664185
142840,14185,1.1668697595596313
142850,14186,1.0393410921096802
142860,14187,1.3877570629119873
142870,14188,1.7049415111541748
142880,14189,1.801577091217041
142890,14190,1.5687646865844727
142900,14191,2.2971744537353516
142910,14192,1.3540172576904297
142920,14193,1.8045730590820312
142930,14194,1.1314656734466553
142940,14195,0.7558133602142334
142950,14196,2.2459657192230225
142960,14197,1.3712021112442017
142970,14198,0.9333834052085876
142980,14199,1.9722974300384521
142990,14200,4.112418174743652
143000,14201,0.9747737646102905
143010,14202,0.9892895817756653
143020,14203,1.0916566848754883
143030,14204,2.009782075881958
143040,14205,0.9990474581718445
143050,14206,1.3568718433380127
143060,14207,0.9194690585136414
143070,14208,1.9091508388519287
143080,14209,1.0264852046966553
143090,14210,2.503349781036377
143100,14211,0.7307381629943848
143110,14212,1.2114604711532593
143120,14213,1.2114850282669067
143130,14214,0.8332690596580505
143140,14215,0.8297950029373169
143150,14216,0.8304707407951355
143160,14217,0.8265482187271118
143170,14218,1.2483772039413452
143180,14219,3.3236277103424072
143190,14220,2.451789617538452
143200,14221,1.561076045036316
143210,14222,0.8945006132125854
143220,14223,0.9776419997215271
143230,14224,1.698676347732544
143240,14225,1.5195512771606445
143250,14226,1.0572264194488525
143260,14227,1.532923698425293
143270,14228,1.7424373626708984
143280,14229,1.5049285888671875
143290,14230,1.2172422409057617
143300,14231,1.9109548330307007
143310,14232,1.4238048791885376
143320,14233,0.9627853631973267
143330,14234,1.2102991342544556
143340,14235,0.6412560343742371
143350,14236,0.7471046447753906
143360,14237,1.0925803184509277
143370,14238,1.0566622018814087
143380,14239,1.418013095855713
143390,14240,2.9620678424835205
143400,14241,1.430046558380127
143410,14242,1.0002447366714478
143420,14243,1.3006246089935303
143430,14244,1.3585996627807617
143440,14245,1.3007615804672241
143450,14246,1.2370939254760742
143460,14247,1.1850471496582031
143470,14248,1.5481791496276855
143480,14249,1.2097129821777344
143490,14250,1.8166618347167969
143500,14251,0.8615710735321045
143510,14252,0.9511029720306396
143520,14253,1.0926079750061035
143530,14254,2.0442605018615723
143540,14255,1.6774325370788574
143550,14256,1.024579644203186
143560,14257,1.301741123199463
143570,14258,2.5103397369384766
143580,14259,1.4275338649749756
143590,14260,1.1116633415222168
143600,14261,1.720206618309021
143610,14262,0.9441872835159302
143620,14263,1.2912728786468506
143630,14264,1.1993447542190552
143640,14265,1.0982879400253296
143650,14266,0.6093963384628296
143660,14267,0.49951714277267456
143670,14268,0.9047265648841858
143680,14269,2.5628914833068848
143690,14270,1.3578752279281616
143700,14271,0.9970629215240479
143710,14272,1.0169508457183838
143720,14273,1.5454953908920288
143730,14274,2.275644063949585
143740,14275,1.1288563013076782
143750,14276,2.0876779556274414
143760,14277,1.308947205543518
143770,14278,0.7250313758850098
143780,14279,1.655552625656128
143790,14280,1.0443885326385498
143800,14281,1.1094894409179688
143810,14282,0.7720019817352295
143820,14283,2.9775381088256836
143830,14284,1.3482823371887207
143840,14285,1.1107534170150757
143850,14286,1.3226372003555298
143860,14287,1.8202252388000488
143870,14288,1.4837613105773926
143880,14289,0.9302960634231567
143890,14290,2.332970380783081
143900,14291,1.160137414932251
143910,14292,1.8678438663482666
143920,14293,0.9259158968925476
143930,14294,2.050302267074585
143940,14295,0.7278289794921875
143950,14296,0.6999690532684326
143960,14297,0.9341814517974854
143970,14298,1.9651429653167725
143980,14299,0.7918258309364319
143990,14300,1.6197580099105835
144000,14301,1.4166748523712158
144010,14302,1.5884253978729248
144020,14303,1.2938073873519897
144030,14304,1.5325815677642822
144040,14305,1.2629661560058594
144050,14306,1.0114641189575195
144060,14307,1.323805332183838
144070,14308,1.2315934896469116
144080,14309,1.1228445768356323
144090,14310,1.8961997032165527
144100,14311,1.721937894821167
144110,14312,1.790352702140808
144120,14313,2.27847957611084
144130,14314,0.9837169647216797
144140,14315,1.7783246040344238
144150,14316,0.949602484703064
144160,14317,2.7081713676452637
144170,14318,2.2462878227233887
144180,14319,2.0152339935302734
144190,14320,1.3350176811218262
144200,14321,0.9842917919158936
144210,14322,0.9367875456809998
144220,14323,1.0208368301391602
144230,14324,1.2836382389068604
144240,14325,0.8461890816688538
144250,14326,1.8191441297531128
144260,14327,1.0954872369766235
144270,14328,1.8346116542816162
144280,14329,1.6380555629730225
144290,14330,0.8411500453948975
144300,14331,1.9081141948699951
144310,14332,1.1342426538467407
144320,14333,1.9368243217468262
144330,14334,0.7726485133171082
144340,14335,2.5534515380859375
144350,14336,1.3089553117752075
144360,14337,2.084317445755005
144370,14338,1.573230504989624
144380,14339,2.033216953277588
144390,14340,1.411452054977417
144400,14341,1.6124536991119385
144410,14342,1.2169541120529175
144420,14343,1.5140101909637451
144430,14344,1.4251164197921753
144440,14345,1.1500314474105835
144450,14346,1.2661434412002563
144460,14347,2.218109369277954
144470,14348,0.8105857372283936
144480,14349,1.9762483835220337
144490,14350,0.7648744583129883
144500,14351,0.917107105255127
144510,14352,0.8472371101379395
144520,14353,0.8401650786399841
144530,14354,1.6015111207962036
144540,14355,0.7469151020050049
144550,14356,3.6579806804656982
144560,14357,0.9249091148376465
144570,14358,0.8149564862251282
144580,14359,1.6536128520965576
144590,14360,1.0878857374191284
144600,14361,0.7179466485977173
144610,14362,0.6439393162727356
144620,14363,1.1788039207458496
144630,14364,1.1715705394744873
144640,14365,1.8715335130691528
144650,14366,1.0769851207733154
144660,14367,1.9696593284606934
144670,14368,1.5680348873138428
144680,14369,1.034787654876709
144690,14370,1.0567876100540161
144700,14371,0.7961040735244751
144710,14372,1.6726120710372925
144720,14373,1.002906322479248
144730,14374,0.7290972471237183
144740,14375,0.9524809122085571
144750,14376,1.221923589706421
144760,14377,0.6161211729049683
144770,14378,1.383727788925171
144780,14379,1.4607986211776733
144790,14380,1.0512876510620117
144800,14381,0.9645795822143555
144810,14382,1.648706316947937
144820,14383,1.0360324382781982
144830,14384,1.6874845027923584
144840,14385,1.2189620733261108
144850,14386,0.6492522358894348
144860,14387,0.5826921463012695
144870,14388,0.8811007142066956
144880,14389,1.1882174015045166
144890,14390,1.5848063230514526
144900,14391,2.6032636165618896
144910,14392,0.9325873851776123
144920,14393,1.3034130334854126
144930,14394,1.8787920475006104
144940,14395,2.514166831970215
144950,14396,0.643986165523529
144960,14397,1.2502084970474243
144970,14398,0.7317831516265869
144980,14399,1.1389645338058472
144990,14400,1.5052529573440552
145000,14401,0.8282807469367981
145010,14402,1.5593236684799194
145020,14403,2.9392621517181396
145030,14404,1.3509281873703003
145040,14405,0.8752279281616211
145050,14406,1.1471025943756104
145060,14407,1.2219889163970947
145070,14408,0.9498313069343567
145080,14409,1.7874099016189575
145090,14410,1.3082025051116943
145100,14411,4.200534820556641
145110,14412,1.174618124961853
145120,14413,2.023716688156128
145130,14414,2.601166009902954
145140,14415,1.3143357038497925
145150,14416,2.069783926010132
145160,14417,0.8280306458473206
145170,14418,1.101999282836914
145180,14419,1.2630188465118408
145190,14420,1.7737175226211548
145200,14421,2.55655574798584
145210,14422,0.9511110782623291
145220,14423,1.4841676950454712
145230,14424,2.182054281234741
145240,14425,1.7118860483169556
145250,14426,1.7271728515625
145260,14427,1.5494548082351685
145270,14428,1.3000493049621582
145280,14429,0.8022265434265137
145290,14430,0.842656672000885
145300,14431,5.315256595611572
145310,14432,2.425020933151245
145320,14433,0.5938190817832947
145330,14434,0.9528420567512512
145340,14435,1.3584160804748535
145350,14436,1.6983001232147217
145360,14437,0.9371949434280396
145370,14438,2.7364935874938965
145380,14439,2.6270077228546143
145390,14440,1.178779125213623
145400,14441,1.1693674325942993
145410,14442,1.8037233352661133
145420,14443,2.0689539909362793
145430,14444,2.2064483165740967
145440,14445,1.9756107330322266
145450,14446,1.209533929824829
145460,14447,2.0976483821868896
145470,14448,1.3867379426956177
145480,14449,1.238040566444397
145490,14450,1.2728135585784912
145500,14451,1.3763039112091064
145510,14452,1.2998788356781006
145520,14453,1.843902826309204
145530,14454,1.1388729810714722
145540,14455,0.8375628590583801
145550,14456,1.798709511756897
145560,14457,0.9303903579711914
145570,14458,3.160365104675293
145580,14459,0.8443776369094849
145590,14460,1.6330162286758423
145600,14461,2.0653278827667236
145610,14462,1.2845109701156616
145620,14463,1.4549256563186646
145630,14464,0.9443409442901611
145640,14465,1.431817650794983
145650,14466,1.5411561727523804
145660,14467,1.4120469093322754
145670,14468,1.0624735355377197
145680,14469,1.4270501136779785
145690,14470,0.589203953742981
145700,14471,1.1690356731414795
145710,14472,1.3884813785552979
145720,14473,1.2377139329910278
145730,14474,2.095454454421997
145740,14475,1.0096988677978516
145750,14476,1.4384171962738037
145760,14477,1.320380687713623
145770,14478,1.1432199478149414
145780,14479,2.4875142574310303
145790,14480,2.3040618896484375
145800,14481,0.6743481159210205
145810,14482,0.7858881950378418
145820,14483,1.0501410961151123
145830,14484,1.058044195175171
145840,14485,1.1137094497680664
145850,14486,1.090067982673645
145860,14487,1.7317321300506592
145870,14488,1.0462899208068848
145880,14489,1.2076557874679565
145890,14490,1.1425727605819702
145900,14491,0.677143394947052
145910,14492,0.787624180316925
145920,14493,5.179785251617432
145930,14494,3.119748592376709
145940,14495,1.5750370025634766
145950,14496,2.097031354904175
145960,14497,1.3015697002410889
145970,14498,0.6919324398040771
145980,14499,0.9661412835121155
145990,14500,1.1663213968276978
146000,14501,2.1547529697418213
146010,14502,1.503769874572754
146020,14503,0.7306487560272217
146030,14504,1.6315422058105469
146040,14505,1.0991806983947754
146050,14506,1.2260524034500122
146060,14507,1.43303644657135
146070,14508,1.6155931949615479
146080,14509,1.8061989545822144
146090,14510,1.3787695169448853
146100,14511,0.7780954241752625
146110,14512,1.5194298028945923
146120,14513,0.8092657923698425
146130,14514,0.9478815197944641
146140,14515,1.6764352321624756
146150,14516,0.9796181917190552
146160,14517,1.6024912595748901
146170,14518,1.3307323455810547
146180,14519,1.3234267234802246
146190,14520,0.7730599641799927
146200,14521,0.9149603843688965
146210,14522,1.0538125038146973
146220,14523,1.871103286743164
146230,14524,1.7415359020233154
146240,14525,1.095729112625122
146250,14526,0.9402128458023071
146260,14527,2.7261271476745605
146270,14528,1.5274553298950195
146280,14529,1.449471354484558
146290,14530,0.7211415767669678
146300,14531,1.8283896446228027
146310,14532,1.916088342666626
146320,14533,2.4210939407348633
146330,14534,0.9862592816352844
146340,14535,0.900471568107605
146350,14536,0.9555110931396484
146360,14537,2.2523419857025146
146370,14538,0.7804768085479736
146380,14539,1.5623302459716797
146390,14540,0.9450039267539978
146400,14541,1.8178892135620117
146410,14542,1.5895384550094604
146420,14543,0.9536038041114807
146430,14544,1.097907304763794
146440,14545,2.2323973178863525
146450,14546,1.5250495672225952
146460,14547,0.805767297744751
146470,14548,1.173445701599121
146480,14549,0.9860571026802063
146490,14550,0.8705601692199707
146500,14551,1.6880881786346436
146510,14552,1.2848553657531738
146520,14553,1.572287917137146
146530,14554,0.9389966130256653
146540,14555,0.8702621459960938
146550,14556,1.3623782396316528
146560,14557,0.9488979578018188
146570,14558,1.0361131429672241
146580,14559,0.6514315009117126
146590,14560,0.9577699303627014
146600,14561,0.7310638427734375
146610,14562,1.9160090684890747
146620,14563,0.6467653512954712
146630,14564,1.861288070678711
146640,14565,0.8180877566337585
146650,14566,3.183706760406494
146660,14567,2.2452590465545654
146670,14568,0.775310218334198
146680,14569,0.7562194466590881
146690,14570,0.9556614756584167
146700,14571,0.7645959854125977
146710,14572,1.8801429271697998
146720,14573,1.3259100914001465
146730,14574,1.5938583612442017
146740,14575,0.8038971424102783
146750,14576,0.9216441512107849
146760,14577,0.720525860786438
146770,14578,1.2173173427581787
146780,14579,1.0155715942382812
146790,14580,1.6776585578918457
146800,14581,1.3425498008728027
146810,14582,1.2900769710540771
146820,14583,1.2335258722305298
146830,14584,1.8534406423568726
146840,14585,0.5736121535301208
146850,14586,4.316086769104004
146860,14587,1.2429895401000977
146870,14588,2.16530179977417
146880,14589,0.8838657140731812
146890,14590,0.8739007115364075
146900,14591,1.5268547534942627
146910,14592,1.4217994213104248
146920,14593,1.6430368423461914
146930,14594,1.6299347877502441
146940,14595,1.8252195119857788
146950,14596,0.6380206346511841
146960,14597,3.8882274627685547
146970,14598,7.189987659454346
146980,14599,0.775611162185669
146990,14600,2.9974865913391113
147000,14601,1.5302330255508423
147010,14602,0.9115497469902039
147020,14603,1.4270000457763672
147030,14604,1.6837435960769653
147040,14605,1.6843791007995605
147050,14606,2.8742380142211914
147060,14607,3.4206247329711914
147070,14608,1.3281047344207764
147080,14609,0.9189505577087402
147090,14610,3.667640447616577
147100,14611,3.083535671234131
147110,14612,2.042296886444092
147120,14613,0.7213062047958374
147130,14614,1.36164128780365
147140,14615,0.8274958729743958
147150,14616,1.4899486303329468
147160,14617,0.694434642791748
147170,14618,0.899299144744873
147180,14619,1.6010503768920898
147190,14620,2.3969240188598633
147200,14621,1.4444776773452759
147210,14622,0.9925257563591003
147220,14623,1.5477632284164429
147230,14624,1.0516144037246704
147240,14625,2.4546170234680176
147250,14626,2.9855668544769287
147260,14627,1.4931640625
147270,14628,2.064826250076294
147280,14629,1.2985183000564575
147290,14630,1.0441211462020874
147300,14631,2.3560307025909424
147310,14632,1.4050954580307007
147320,14633,0.980198085308075
147330,14634,1.514892578125
147340,14635,1.2027708292007446
147350,14636,1.1640369892120361
147360,14637,2.059096097946167
147370,14638,1.469583511352539
147380,14639,1.9270890951156616
147390,14640,0.7885119318962097
147400,14641,1.501654028892517
147410,14642,1.0420196056365967
147420,14643,1.3916376829147339
147430,14644,1.2029335498809814
147440,14645,0.8405801057815552
147450,14646,2.0102500915527344
147460,14647,3.901289701461792
147470,14648,2.545985698699951
147480,14649,0.8328652381896973
147490,14650,1.067317247390747
147500,14651,0.993096113204956
147510,14652,1.0627577304840088
147520,14653,5.637157440185547
147530,14654,2.2174594402313232
147540,14655,1.3175885677337646
147550,14656,1.368306040763855
147560,14657,0.5593128204345703
147570,14658,1.2819989919662476
147580,14659,1.0940335988998413
147590,14660,2.0428121089935303
147600,14661,1.1091376543045044
147610,14662,0.9522408246994019
147620,14663,1.0547106266021729
147630,14664,2.267414093017578
147640,14665,2.111640453338623
147650,14666,1.5518699884414673
147660,14667,0.6938676834106445
147670,14668,1.7467272281646729
147680,14669,1.6357667446136475
147690,14670,1.156044363975525
147700,14671,1.2054479122161865
147710,14672,0.8603805899620056
147720,14673,0.7321076989173889
147730,14674,2.0935213565826416
147740,14675,2.168426990509033
147750,14676,0.7656960487365723
147760,14677,1.0300548076629639
147770,14678,0.9938240051269531
147780,14679,1.0834296941757202
147790,14680,1.6167018413543701
147800,14681,1.4238401651382446
147810,14682,1.1414318084716797
147820,14683,2.0489635467529297
147830,14684,1.1289548873901367
147840,14685,0.8049526810646057
147850,14686,0.645422637462616
147860,14687,1.1000162363052368
147870,14688,1.2587977647781372
147880,14689,0.652691662311554
147890,14690,3.460723876953125
147900,14691,2.6234114170074463
147910,14692,1.5551286935806274
147920,14693,0.3683454692363739
147930,14694,0.8388409614562988
147940,14695,0.9695864319801331
147950,14696,0.693934440612793
147960,14697,1.0588879585266113
147970,14698,1.2626869678497314
147980,14699,0.8221555352210999
147990,14700,1.037605881690979
148000,14701,1.1532474756240845
148010,14702,1.1313341856002808
148020,14703,1.9005833864212036
148030,14704,1.2662755250930786
148040,14705,1.5923616886138916
148050,14706,1.834704875946045
148060,14707,0.8320955038070679
148070,14708,1.7204934358596802
148080,14709,2.067716121673584
148090,14710,2.98793363571167
148100,14711,1.3154149055480957
148110,14712,1.029354214668274
148120,14713,1.3496087789535522
148130,14714,0.7480018138885498
148140,14715,1.433297872543335
148150,14716,1.1601966619491577
148160,14717,1.9710137844085693
148170,14718,1.7711281776428223
148180,14719,1.1027930974960327
148190,14720,1.2781633138656616
148200,14721,1.8793116807937622
148210,14722,3.6962180137634277
148220,14723,0.6220465302467346
148230,14724,0.8222939372062683
148240,14725,1.4298304319381714
148250,14726,1.6067562103271484
148260,14727,1.7186343669891357
148270,14728,1.5699819326400757
148280,14729,1.9804294109344482
148290,14730,0.40883147716522217
148300,14731,1.5530036687850952
148310,14732,1.3225035667419434
148320,14733,1.6958913803100586
148330,14734,1.9263075590133667
148340,14735,1.2676231861114502
148350,14736,3.090089797973633
148360,14737,1.0930336713790894
148370,14738,0.8858267664909363
148380,14739,1.1903841495513916
148390,14740,2.359417676925659
148400,14741,0.8789886236190796
148410,14742,2.102602481842041
148420,14743,1.5573244094848633
148430,14744,1.1250214576721191
148440,14745,2.0837655067443848
148450,14746,1.7496057748794556
148460,14747,1.158693790435791
148470,14748,0.7062784433364868
148480,14749,1.4353015422821045
148490,14750,1.277047038078308
148500,14751,1.0757688283920288
148510,14752,2.0503089427948
148520,14753,0.679589033126831
148530,14754,0.72495436668396
148540,14755,1.2360594272613525
148550,14756,0.7157838344573975
148560,14757,0.9121041893959045
148570,14758,0.9321559071540833
148580,14759,0.7791492938995361
148590,14760,2.0589346885681152
148600,14761,1.5711286067962646
148610,14762,1.2467869520187378
148620,14763,0.8545021414756775
148630,14764,2.901348352432251
148640,14765,0.83405601978302
148650,14766,2.0828332901000977
148660,14767,0.601729154586792
148670,14768,2.4227077960968018
148680,14769,1.6807795763015747
148690,14770,0.6839553117752075
148700,14771,0.7652491927146912
148710,14772,0.9904201030731201
148720,14773,1.0929899215698242
148730,14774,0.8660615682601929
148740,14775,2.233562469482422
148750,14776,0.6178684830665588
148760,14777,0.4551624655723572
148770,14778,1.6284984350204468
148780,14779,0.7909854650497437
148790,14780,0.574328601360321
148800,14781,3.0773141384124756
148810,14782,0.6435433626174927
148820,14783,0.47389155626296997
148830,14784,1.6864893436431885
148840,14785,3.7180027961730957
148850,14786,0.5693376064300537
148860,14787,1.2677125930786133
148870,14788,0.4746408462524414
148880,14789,1.3533813953399658
148890,14790,1.5709456205368042
148900,14791,1.4378211498260498
148910,14792,0.9615465402603149
148920,14793,1.1172783374786377
148930,14794,0.7502578496932983
148940,14795,0.9900527596473694
148950,14796,1.5920122861862183
148960,14797,1.043686032295227
148970,14798,1.6709084510803223
148980,14799,0.4758007228374481
148990,14800,1.3145991563796997
149000,14801,2.149146795272827
149010,14802,1.2222930192947388
149020,14803,3.0996029376983643
149030,14804,1.1396270990371704
149040,14805,1.5333329439163208
149050,14806,0.7110875248908997
149060,14807,2.254235029220581
149070,14808,1.6111233234405518
149080,14809,1.113014817237854
149090,14810,0.9888097643852234
149100,14811,1.5833356380462646
149110,14812,5.563851356506348
149120,14813,1.4602298736572266
149130,14814,1.6375062465667725
149140,14815,0.8556820154190063
149150,14816,1.7798218727111816
149160,14817,1.082203984260559
149170,14818,1.1686158180236816
149180,14819,1.3603646755218506
149190,14820,1.1271734237670898
149200,14821,1.3495177030563354
149210,14822,1.0295100212097168
149220,14823,0.9527405500411987
149230,14824,0.7469637393951416
149240,14825,0.6861110925674438
149250,14826,2.8591485023498535
149260,14827,0.7905862927436829
149270,14828,3.2395832538604736
149280,14829,0.9279158115386963
149290,14830,0.7669259309768677
149300,14831,1.2343145608901978
149310,14832,0.4983718693256378
149320,14833,0.6762942671775818
149330,14834,0.9818686246871948
149340,14835,1.7326178550720215
149350,14836,0.7725910544395447
149360,14837,1.4207649230957031
149370,14838,0.8909133076667786
149380,14839,1.0446569919586182
149390,14840,0.9990651607513428
149400,14841,1.344620704650879
149410,14842,0.7735713124275208
149420,14843,0.683274507522583
149430,14844,1.51576566696167
149440,14845,1.3823477029800415
149450,14846,0.9311644434928894
149460,14847,2.2757749557495117
149470,14848,0.9098904132843018
149480,14849,1.0300971269607544
149490,14850,1.5761865377426147
149500,14851,1.5623624324798584
149510,14852,1.107491374015808
149520,14853,1.5832576751708984
149530,14854,1.5153640508651733
149540,14855,1.191455602645874
149550,14856,0.8116616606712341
149560,14857,0.9873884320259094
149570,14858,0.5236229300498962
149580,14859,1.3711241483688354
149590,14860,1.6297188997268677
149600,14861,1.3786749839782715
149610,14862,0.49340757727622986
149620,14863,0.935879647731781
149630,14864,1.9237399101257324
149640,14865,1.1536508798599243
149650,14866,0.7240483164787292
149660,14867,1.1000826358795166
149670,14868,1.440416932106018
149680,14869,1.6671050786972046
149690,14870,2.3308427333831787
149700,14871,0.7074451446533203
149710,14872,1.958845615386963
149720,14873,0.6755199432373047
149730,14874,2.0124595165252686
149740,14875,0.8674126267433167
149750,14876,1.1611005067825317
149760,14877,1.0389329195022583
149770,14878,0.47251448035240173
149780,14879,1.1828396320343018
149790,14880,1.4744210243225098
149800,14881,1.1587529182434082
149810,14882,0.732856273651123
149820,14883,1.2162740230560303
149830,14884,0.929274320602417
149840,14885,1.000101089477539
149850,14886,4.198098182678223
149860,14887,0.8327931761741638
149870,14888,1.1419355869293213
149880,14889,0.3925272524356842
149890,14890,1.2698187828063965
149900,14891,0.9904897212982178
149910,14892,1.3497143983840942
149920,14893,0.7582534551620483
149930,14894,1.01664137840271
149940,14895,1.2431403398513794
149950,14896,0.5021475553512573
149960,14897,0.909873366355896
149970,14898,1.1866785287857056
149980,14899,1.3336595296859741
149990,14900,0.7703477144241333
150000,14901,0.9533072710037231
150010,14902,0.9146872758865356
150020,14903,1.9337408542633057
150030,14904,1.4701063632965088
150040,14905,1.9166474342346191
150050,14906,1.5156960487365723
150060,14907,1.402787446975708
150070,14908,0.953574001789093
150080,14909,0.6804205179214478
150090,14910,1.4220235347747803
150100,14911,1.538695216178894
150110,14912,0.6670012474060059
150120,14913,1.1990727186203003
150130,14914,0.47295933961868286
150140,14915,0.7784242630004883
150150,14916,0.7427988648414612
150160,14917,1.180840015411377
150170,14918,1.6158113479614258
150180,14919,1.4797143936157227
150190,14920,1.0275206565856934
150200,14921,2.3467023372650146
150210,14922,1.7116459608078003
150220,14923,1.692883849143982
150230,14924,1.3971986770629883
150240,14925,2.4972121715545654
150250,14926,1.1548434495925903
150260,14927,1.0705573558807373
150270,14928,1.838940978050232
150280,14929,1.4130067825317383
150290,14930,1.5455303192138672
150300,14931,1.3256384134292603
150310,14932,1.2438448667526245
150320,14933,3.0066423416137695
150330,14934,1.181204915046692
150340,14935,1.1411120891571045
150350,14936,0.9181500673294067
150360,14937,1.845081090927124
150370,14938,2.0548906326293945
150380,14939,1.0269370079040527
150390,14940,1.3161261081695557
150400,14941,1.2480566501617432
150410,14942,2.0578746795654297
150420,14943,1.0421408414840698
150430,14944,0.5530624985694885
150440,14945,1.1943756341934204
150450,14946,0.8663033246994019
150460,14947,1.7292311191558838
150470,14948,4.581177711486816
150480,14949,1.0866448879241943
150490,14950,1.8891710042953491
150500,14951,1.2757632732391357
150510,14952,2.114354372024536
150520,14953,1.379787802696228
150530,14954,0.9218699932098389
150540,14955,1.861695647239685
150550,14956,2.190711498260498
150560,14957,2.726062059402466
150570,14958,1.8511544466018677
150580,14959,2.194291114807129
150590,14960,1.6484413146972656
150600,14961,2.0690243244171143
150610,14962,4.148544788360596
150620,14963,2.4989190101623535
150630,14964,1.212754487991333
150640,14965,4.378408908843994
150650,14966,0.8926001787185669
150660,14967,1.2713370323181152
150670,14968,1.310481309890747
150680,14969,1.3572940826416016
150690,14970,1.188352346420288
150700,14971,1.167716383934021
150710,14972,1.7640379667282104
150720,14973,0.969744086265564
150730,14974,2.4408674240112305
150740,14975,1.5980135202407837
150750,14976,1.7106506824493408
150760,14977,0.8762018084526062
150770,14978,1.051867127418518
150780,14979,1.143236756324768
150790,14980,0.4262279272079468
150800,14981,1.3944677114486694
150810,14982,0.36276116967201233
150820,14983,1.3144152164459229
150830,14984,2.56968092918396
150840,14985,0.8450110554695129
150850,14986,1.38401198387146
150860,14987,0.9912657737731934
150870,14988,0.47186267375946045
150880,14989,2.573476791381836
150890,14990,0.9160469174385071
150900,14991,2.380825996398926
150910,14992,0.7746050357818604
150920,14993,1.2650247812271118
150930,14994,2.6868789196014404
150940,14995,1.176563024520874
150950,14996,1.4606502056121826
150960,14997,1.2037630081176758
150970,14998,1.3712117671966553
150980,14999,1.3790472745895386
150990,15000,1.141282320022583
151000,15001,2.4616146087646484
151010,15002,1.2563257217407227
151020,15003,3.4841177463531494
151030,15004,0.9946780800819397
151040,15005,1.57011079788208
151050,15006,1.3115665912628174
151060,15007,1.7187398672103882
151070,15008,1.5006471872329712
151080,15009,1.3521732091903687
151090,15010,1.7429933547973633
151100,15011,0.4695172905921936
151110,15012,2.362309455871582
151120,15013,0.9380699396133423
151130,15014,1.9177448749542236
151140,15015,1.0508886575698853
151150,15016,1.7252874374389648
151160,15017,1.3018608093261719
151170,15018,0.8242276906967163
151180,15019,0.8550801277160645
151190,15020,1.1376007795333862
151200,15021,1.6394060850143433
151210,15022,0.7845786213874817
151220,15023,0.48490196466445923
151230,15024,0.6841399669647217
151240,15025,1.269317626953125
151250,15026,1.8247088193893433
151260,15027,1.5989190340042114
151270,15028,0.533395528793335
151280,15029,0.9474206566810608
151290,15030,0.9322108030319214
151300,15031,0.5991116166114807
151310,15032,1.486465334892273
151320,15033,1.456305980682373
151330,15034,0.9547470808029175
151340,15035,0.885100781917572
151350,15036,1.192605972290039
151360,15037,0.9196783900260925
151370,15038,1.128220558166504
151380,15039,1.6405889987945557
151390,15040,1.1568621397018433
151400,15041,0.9457103610038757
151410,15042,5.561492919921875
151420,15043,1.0279979705810547
151430,15044,2.2558939456939697
151440,15045,0.7033174633979797
151450,15046,0.9804506301879883
151460,15047,3.0064735412597656
151470,15048,1.538416862487793
151480,15049,0.863810122013092
151490,15050,1.5389857292175293
151500,15051,2.267603635787964
151510,15052,1.726585030555725
151520,15053,1.1266227960586548
151530,15054,1.3370367288589478
151540,15055,0.7346036434173584
151550,15056,1.1257072687149048
151560,15057,1.8243532180786133
151570,15058,1.195495843887329
151580,15059,0.7664774656295776
151590,15060,3.2676331996917725
151600,15061,2.2161550521850586
151610,15062,1.1462492942810059
151620,15063,1.5140023231506348
151630,15064,2.280512571334839
151640,15065,1.2201366424560547
151650,15066,1.757939338684082
151660,15067,0.9433325529098511
151670,15068,2.5365545749664307
151680,15069,1.7701832056045532
151690,15070,3.2330129146575928
151700,15071,1.0415934324264526
151710,15072,1.1170326471328735
151720,15073,0.8867406845092773
151730,15074,1.6797696352005005
151740,15075,1.9090245962142944
151750,15076,1.158940076828003
151760,15077,1.2283912897109985
151770,15078,0.75315922498703
151780,15079,1.3281168937683105
151790,15080,1.0539608001708984
151800,15081,1.5297647714614868
151810,15082,1.677929162979126
151820,15083,1.4121077060699463
151830,15084,1.3161771297454834
151840,15085,1.6598621606826782
151850,15086,0.8292780518531799
151860,15087,1.2873156070709229
151870,15088,1.934136986732483
151880,15089,0.9059704542160034
151890,15090,1.784780740737915
151900,15091,4.310819625854492
151910,15092,1.25752854347229
151920,15093,2.9050452709198
151930,15094,4.628161907196045
151940,15095,2.547747850418091
151950,15096,1.1436069011688232
151960,15097,0.8531289100646973
151970,15098,1.7527732849121094
151980,15099,1.2822520732879639
151990,15100,1.3078718185424805
152000,15101,1.2375752925872803
152010,15102,3.4108800888061523
152020,15103,1.286800503730774
152030,15104,0.7418975234031677
152040,15105,2.1514267921447754
152050,15106,2.0949976444244385
152060,15107,1.0981961488723755
152070,15108,3.2888712882995605
152080,15109,2.2105352878570557
152090,15110,0.905766487121582
152100,15111,1.1331901550292969
152110,15112,1.2769107818603516
152120,15113,5.533690452575684
152130,15114,1.2861958742141724
152140,15115,1.2146975994110107
152150,15116,1.23102605342865
152160,15117,1.129588007926941
152170,15118,0.9492321610450745
152180,15119,1.6638779640197754
152190,15120,1.8919155597686768
152200,15121,1.723997712135315
152210,15122,1.6329163312911987
152220,15123,2.0650224685668945
152230,15124,2.5006282329559326
152240,15125,0.6856210231781006
152250,15126,1.3700711727142334
152260,15127,1.4193745851516724
152270,15128,2.8187239170074463
152280,15129,1.9633493423461914
152290,15130,1.4073349237442017
152300,15131,1.9306602478027344
152310,15132,1.0149352550506592
152320,15133,1.4177078008651733
152330,15134,2.426910638809204
152340,15135,2.4651238918304443
152350,15136,1.24262273311615
152360,15137,1.3487833738327026
152370,15138,0.9064217805862427
152380,15139,1.8509156703948975
152390,15140,1.0766757726669312
152400,15141,1.2477836608886719
152410,15142,1.7444480657577515
152420,15143,1.0098315477371216
152430,15144,0.8629053235054016
152440,15145,1.6849113702774048
152450,15146,1.0959205627441406
152460,15147,0.9352013468742371
152470,15148,0.9204715490341187
152480,15149,0.818889319896698
152490,15150,1.3624082803726196
152500,15151,1.2490613460540771
152510,15152,0.43222737312316895
152520,15153,1.4735383987426758
152530,15154,1.3043787479400635
152540,15155,0.4900658428668976
152550,15156,1.9920895099639893
152560,15157,1.9696214199066162
152570,15158,1.4997090101242065
152580,15159,1.7184025049209595
152590,15160,1.57188880443573
152600,15161,1.0336664915084839
152610,15162,2.8592424392700195
152620,15163,2.6193320751190186
152630,15164,1.2618472576141357
152640,15165,1.474357008934021
152650,15166,1.4102050065994263
152660,15167,2.002842903137207
152670,15168,0.5290635228157043
152680,15169,1.1607269048690796
152690,15170,1.6538896560668945
152700,15171,4.477908134460449
152710,15172,2.1400017738342285
152720,15173,1.0876083374023438
152730,15174,1.7433264255523682
152740,15175,2.352757215499878
152750,15176,1.6877963542938232
152760,15177,0.8481435179710388
152770,15178,1.2223212718963623
152780,15179,0.8718574047088623
152790,15180,1.4027926921844482
152800,15181,0.6586734056472778
152810,15182,1.0959964990615845
152820,15183,1.0532138347625732
152830,15184,0.8369210362434387
152840,15185,3.2119970321655273
152850,15186,1.9687492847442627
152860,15187,1.0794694423675537
152870,15188,1.5835022926330566
152880,15189,0.9338074922561646
152890,15190,1.00635826587677
152900,15191,0.8734065294265747
152910,15192,1.4866788387298584
152920,15193,1.68007493019104
152930,15194,1.2339909076690674
152940,15195,1.255523443222046
152950,15196,1.4342284202575684
152960,15197,1.4596679210662842
152970,15198,1.6555980443954468
152980,15199,0.9571793675422668
152990,15200,1.0700569152832031
153000,15201,3.128831624984741
153010,15202,0.816615641117096
153020,15203,1.9714432954788208
153030,15204,6.497574329376221
153040,15205,0.9174362421035767
153050,15206,2.0466842651367188
153060,15207,1.659082293510437
153070,15208,2.002187490463257
153080,15209,0.9889371991157532
153090,15210,1.3212182521820068
153100,15211,1.3184493780136108
153110,15212,1.104453444480896
153120,15213,0.6523821353912354
153130,15214,2.376833200454712
153140,15215,0.7779423594474792
153150,15216,1.6565260887145996
153160,15217,0.8007174134254456
153170,15218,0.5912662744522095
153180,15219,0.8859687447547913
153190,15220,0.9680386185646057
153200,15221,1.4471697807312012
153210,15222,0.831929087638855
153220,15223,1.7307119369506836
153230,15224,1.4500333070755005
153240,15225,2.506429433822632
153250,15226,2.55891752243042
153260,15227,0.9421505331993103
153270,15228,0.910076916217804
153280,15229,1.707270622253418
153290,15230,1.4907435178756714
153300,15231,0.9742943644523621
153310,15232,0.6960347890853882
153320,15233,0.6947405338287354
153330,15234,1.4942764043807983
153340,15235,1.9352805614471436
153350,15236,0.5053039789199829
153360,15237,1.0508174896240234
153370,15238,0.6991303563117981
153380,15239,1.7504104375839233
153390,15240,1.4032771587371826
153400,15241,0.935883104801178
153410,15242,2.542461395263672
153420,15243,1.310276746749878
153430,15244,1.509405255317688
153440,15245,1.3156672716140747
153450,15246,1.687180995941162
153460,15247,0.49079450964927673
153470,15248,1.1241651773452759
153480,15249,0.7772802710533142
153490,15250,1.4114350080490112
153500,15251,1.155721664428711
153510,15252,1.7946857213974
153520,15253,1.6585885286331177
153530,15254,1.1175994873046875
153540,15255,1.1247003078460693
153550,15256,2.7280170917510986
153560,15257,1.2465169429779053
153570,15258,0.4987388253211975
153580,15259,1.1881879568099976
153590,15260,2.4357407093048096
153600,15261,3.4013009071350098
153610,15262,1.4037789106369019
153620,15263,1.1795917749404907
153630,15264,0.7360211610794067
153640,15265,1.147288203239441
153650,15266,3.9008994102478027
153660,15267,2.3416261672973633
153670,15268,1.5570935010910034
153680,15269,3.3121042251586914
153690,15270,0.8724066615104675
153700,15271,0.9146279096603394
153710,15272,1.6535098552703857
153720,15273,1.4990345239639282
153730,15274,0.5387752056121826
153740,15275,0.9548331499099731
153750,15276,1.205769419670105
153760,15277,2.329575300216675
153770,15278,2.3635900020599365
153780,15279,0.7436920404434204
153790,15280,1.0229524374008179
153800,15281,1.1437441110610962
153810,15282,2.1956353187561035
153820,15283,1.3700820207595825
153830,15284,1.3209823369979858
153840,15285,1.6704505681991577
153850,15286,3.174888849258423
153860,15287,1.6152021884918213
153870,15288,2.139038324356079
153880,15289,1.0791254043579102
153890,15290,0.7814779281616211
153900,15291,0.993565559387207
153910,15292,1.7080967426300049
153920,15293,1.193003535270691
153930,15294,0.9211437106132507
153940,15295,1.0644688606262207
153950,15296,1.9016318321228027
153960,15297,0.9091019034385681
153970,15298,1.0589014291763306
153980,15299,1.1082401275634766
153990,15300,1.0027930736541748
154000,15301,1.398838758468628
154010,15302,1.223361849784851
154020,15303,0.6821044087409973
154030,15304,0.9985915422439575
154040,15305,1.4842147827148438
154050,15306,1.6256046295166016
154060,15307,2.3819668292999268
154070,15308,1.2616466283798218
154080,15309,1.1506203413009644
154090,15310,0.45323285460472107
154100,15311,1.429444670677185
154110,15312,0.6671273708343506
154120,15313,1.3874367475509644
154130,15314,2.058593988418579
154140,15315,2.905133008956909
154150,15316,1.3306760787963867
154160,15317,1.1192553043365479
154170,15318,1.6320717334747314
154180,15319,0.8490366339683533
154190,15320,2.200868606567383
154200,15321,3.5341224670410156
154210,15322,2.489288568496704
154220,15323,1.191908597946167
154230,15324,1.0864568948745728
154240,15325,1.480480670928955
154250,15326,1.4736125469207764
154260,15327,2.6944468021392822
154270,15328,0.9517549276351929
154280,15329,1.5931708812713623
154290,15330,2.378603935241699
154300,15331,1.3239619731903076
154310,15332,1.3247557878494263
154320,15333,1.2624638080596924
154330,15334,1.1661288738250732
154340,15335,0.6322715878486633
154350,15336,5.020175933837891
154360,15337,0.943500816822052
154370,15338,1.496919870376587
154380,15339,0.8446829319000244
154390,15340,1.4146888256072998
154400,15341,0.9170833230018616
154410,15342,0.8157892227172852
154420,15343,3.248749256134033
154430,15344,1.2799344062805176
154440,15345,1.181718349456787
154450,15346,4.729115962982178
154460,15347,1.2018687725067139
154470,15348,0.9566245079040527
154480,15349,1.444098711013794
154490,15350,1.0070081949234009
154500,15351,0.984958291053772
154510,15352,0.9629881381988525
154520,15353,0.7924230098724365
154530,15354,1.1684691905975342
154540,15355,1.8774619102478027
154550,15356,0.9682405591011047
154560,15357,0.9512659311294556
154570,15358,1.3609308004379272
154580,15359,1.170067548751831
154590,15360,2.5394678115844727
154600,15361,0.7488833665847778
154610,15362,1.0557888746261597
154620,15363,1.112188696861267
154630,15364,0.8128604888916016
154640,15365,1.4912705421447754
154650,15366,1.6361442804336548
154660,15367,1.1411722898483276
154670,15368,0.7895022630691528
154680,15369,1.0570886135101318
154690,15370,1.562727451324463
154700,15371,0.7474117279052734
154710,15372,1.4427955150604248
154720,15373,1.4823956489562988
154730,15374,0.47948524355888367
154740,15375,0.525534987449646
154750,15376,1.8077620267868042
154760,15377,1.375731348991394
154770,15378,0.4665553569793701
154780,15379,1.7275100946426392
154790,15380,0.6549050807952881
154800,15381,1.7435252666473389
154810,15382,1.2278335094451904
154820,15383,1.9231280088424683
154830,15384,0.7369998693466187
154840,15385,1.0737569332122803
154850,15386,1.5826992988586426
154860,15387,0.42688968777656555
154870,15388,1.8394129276275635
154880,15389,1.678259253501892
154890,15390,0.8665013909339905
154900,15391,0.8151710629463196
154910,15392,0.9620328545570374
154920,15393,1.3337856531143188
154930,15394,1.5098395347595215
154940,15395,0.8620955944061279
154950,15396,1.1348375082015991
154960,15397,1.2784172296524048
154970,15398,1.177490472793579
154980,15399,0.9907957315444946
154990,15400,0.956229031085968
155000,15401,1.3758684396743774
155010,15402,1.1731457710266113
155020,15403,1.570108413696289
155030,15404,1.5908427238464355
155040,15405,1.7843650579452515
155050,15406,1.5550508499145508
155060,15407,1.8873670101165771
155070,15408,1.0177005529403687
155080,15409,1.2624969482421875
155090,15410,1.7760628461837769
155100,15411,1.1604517698287964
155110,15412,1.9433916807174683
155120,15413,0.8334641456604004
155130,15414,1.5119999647140503
155140,15415,0.8037120699882507
155150,15416,1.030282735824585
155160,15417,0.6451798677444458
155170,15418,1.5249474048614502
155180,15419,1.1343847513198853
155190,15420,3.534679651260376
155200,15421,0.9925950765609741
155210,15422,2.444490671157837
155220,15423,0.4872709810733795
155230,15424,1.3741122484207153
155240,15425,1.471393346786499
155250,15426,1.7178412675857544
155260,15427,1.743765115737915
155270,15428,2.16652250289917
155280,15429,0.9529535174369812
155290,15430,2.4322996139526367
155300,15431,0.8419085144996643
155310,15432,0.8732020854949951
155320,15433,1.2363557815551758
155330,15434,0.9539733529090881
155340,15435,0.6773361563682556
155350,15436,1.539266586303711
155360,15437,1.8289852142333984
155370,15438,2.923698663711548
155380,15439,2.3394927978515625
155390,15440,0.885208249092102
155400,15441,0.9044092893600464
155410,15442,2.3176681995391846
155420,15443,1.6545310020446777
155430,15444,1.3227200508117676
155440,15445,0.6865285038948059
155450,15446,0.5673229098320007
155460,15447,1.5965722799301147
155470,15448,1.75374174118042
155480,15449,0.9749845266342163
155490,15450,1.5688912868499756
155500,15451,0.682280957698822
155510,15452,1.6181105375289917
155520,15453,1.7904669046401978
155530,15454,1.6085726022720337
155540,15455,1.6489222049713135
155550,15456,2.1497209072113037
155560,15457,2.272643804550171
155570,15458,0.5205075144767761
155580,15459,0.799712061882019
155590,15460,1.5100170373916626
155600,15461,0.8236932754516602
155610,15462,1.4445772171020508
155620,15463,1.8462224006652832
155630,15464,1.9126505851745605
155640,15465,1.4795106649398804
155650,15466,1.7487232685089111
155660,15467,1.00386381149292
155670,15468,1.086982011795044
155680,15469,2.1609764099121094
155690,15470,1.5904216766357422
155700,15471,1.4007728099822998
155710,15472,4.061814308166504
155720,15473,5.1817450523376465
155730,15474,2.6654856204986572
155740,15475,3.6623778343200684
155750,15476,1.5641697645187378
155760,15477,1.8304414749145508
155770,15478,2.545570135116577
155780,15479,2.662160873413086
155790,15480,1.1762089729309082
155800,15481,1.6420619487762451
155810,15482,1.2153904438018799
155820,15483,1.0859686136245728
155830,15484,2.2820868492126465
155840,15485,1.9063823223114014
155850,15486,0.8339797854423523
155860,15487,2.1453874111175537
155870,15488,1.9280928373336792
155880,15489,4.667613983154297
155890,15490,3.587667465209961
155900,15491,0.6918743252754211
155910,15492,1.751388669013977
155920,15493,3.3717076778411865
155930,15494,3.3530499935150146
155940,15495,1.2128920555114746
155950,15496,0.8810237646102905
155960,15497,0.8115437030792236
155970,15498,0.7400112748146057
155980,15499,1.268363118171692
155990,15500,1.3320808410644531
156000,15501,2.3090617656707764
156010,15502,3.1353838443756104
156020,15503,1.2993268966674805
156030,15504,1.7851934432983398
156040,15505,3.2000861167907715
156050,15506,2.1633148193359375
156060,15507,1.2900341749191284
156070,15508,1.6642701625823975
156080,15509,1.5948187112808228
156090,15510,2.291282892227173
156100,15511,0.70887291431427
156110,15512,0.7546968460083008
156120,15513,2.7519564628601074
156130,15514,1.775000810623169
156140,15515,0.9544336199760437
156150,15516,1.2243781089782715
156160,15517,1.0646419525146484
156170,15518,1.0968724489212036
156180,15519,0.6936041116714478
156190,15520,2.1143438816070557
156200,15521,1.8271749019622803
156210,15522,0.6316654086112976
156220,15523,0.5640653967857361
156230,15524,1.3250216245651245
156240,15525,1.8286144733428955
156250,15526,2.3364617824554443
156260,15527,1.3115761280059814
156270,15528,0.9642186760902405
156280,15529,1.0379494428634644
156290,15530,2.0952043533325195
156300,15531,1.344868779182434
156310,15532,0.6495364904403687
156320,15533,1.5579187870025635
156330,15534,1.0370430946350098
156340,15535,1.8577115535736084
156350,15536,2.7924113273620605
156360,15537,1.3189213275909424
156370,15538,1.852691650390625
156380,15539,2.0359675884246826
156390,15540,3.8081793785095215
156400,15541,1.3163999319076538
156410,15542,1.3651862144470215
156420,15543,1.2363537549972534
156430,15544,3.2164580821990967
156440,15545,2.003267288208008
156450,15546,1.1455042362213135
156460,15547,1.0234899520874023
156470,15548,0.7570161819458008
156480,15549,1.3021438121795654
156490,15550,0.8963507413864136
156500,15551,1.1143407821655273
156510,15552,0.8313379287719727
156520,15553,0.902333676815033
156530,15554,0.7486395239830017
156540,15555,0.6778277158737183
156550,15556,0.710703432559967
156560,15557,1.5191630125045776
156570,15558,1.9385185241699219
156580,15559,1.6312841176986694
156590,15560,1.684682011604309
156600,15561,0.9937431812286377
156610,15562,1.867390513420105
156620,15563,1.289867639541626
156630,15564,1.8916736841201782
156640,15565,1.7088572978973389
156650,15566,0.8308967351913452
156660,15567,0.8552036881446838
156670,15568,2.2536420822143555
156680,15569,0.5116246938705444
156690,15570,3.066469669342041
156700,15571,0.8909593224525452
156710,15572,0.9710591435432434
156720,15573,2.2188985347747803
156730,15574,0.3684203028678894
156740,15575,2.069971799850464
156750,15576,1.6663949489593506
156760,15577,1.5917649269104004
156770,15578,1.0784276723861694
156780,15579,2.245100498199463
156790,15580,1.5656843185424805
156800,15581,1.731568694114685
156810,15582,1.2869138717651367
156820,15583,0.8302846550941467
156830,15584,0.6210115551948547
156840,15585,0.5372626185417175
156850,15586,3.1950125694274902
156860,15587,1.8380306959152222
156870,15588,1.401301622390747
156880,15589,0.9580402374267578
156890,15590,1.8078937530517578
156900,15591,0.8962673544883728
156910,15592,1.2265245914459229
156920,15593,1.0323121547698975
156930,15594,0.685055673122406
156940,15595,1.5457836389541626
156950,15596,0.5732548832893372
156960,15597,2.587205648422241
156970,15598,1.7812308073043823
156980,15599,2.12579607963562
156990,15600,1.0267305374145508
157000,15601,2.9967751502990723
157010,15602,0.8371363282203674
157020,15603,1.9725465774536133
157030,15604,1.2505275011062622
157040,15605,1.1257349252700806
157050,15606,1.375459909439087
157060,15607,0.8433682322502136
157070,15608,0.8969120979309082
157080,15609,2.361703872680664
157090,15610,2.994691848754883
157100,15611,0.878004252910614
157110,15612,2.6903042793273926
157120,15613,3.5847511291503906
157130,15614,0.9445161819458008
157140,15615,0.5892465114593506
157150,15616,0.9054213166236877
157160,15617,1.4705076217651367
157170,15618,0.9846230745315552
157180,15619,0.5355227589607239
157190,15620,0.7319670915603638
157200,15621,0.8345881700515747
157210,15622,0.9778991341590881
157220,15623,0.5763150453567505
157230,15624,0.8321607112884521
157240,15625,0.6957919001579285
157250,15626,1.0315126180648804
157260,15627,1.1229251623153687
157270,15628,1.3747382164001465
157280,15629,1.8606761693954468
157290,15630,1.3260011672973633
157300,15631,2.195850372314453
157310,15632,1.6073838472366333
157320,15633,0.8978158831596375
157330,15634,0.6057804226875305
157340,15635,1.1743273735046387
157350,15636,0.7346632480621338
157360,15637,0.46474695205688477
157370,15638,0.9889822006225586
157380,15639,2.9998385906219482
157390,15640,1.2507680654525757
157400,15641,3.434603214263916
157410,15642,1.7578322887420654
157420,15643,7.946946144104004
157430,15644,1.0483778715133667
157440,15645,1.163323998451233
157450,15646,0.9116626977920532
157460,15647,1.9115170240402222
157470,15648,0.589526891708374
157480,15649,0.8977673053741455
157490,15650,1.0589492321014404
157500,15651,1.3033937215805054
157510,15652,3.0392065048217773
157520,15653,1.6495490074157715
157530,15654,1.112035870552063
157540,15655,1.777655839920044
157550,15656,0.9676530361175537
157560,15657,3.1671457290649414
157570,15658,1.110649824142456
157580,15659,1.034565806388855
157590,15660,1.38776433467865
157600,15661,1.0963051319122314
157610,15662,1.4470949172973633
157620,15663,1.0083363056182861
157630,15664,1.5625536441802979
157640,15665,1.741319179534912
157650,15666,1.0039798021316528
157660,15667,1.3328665494918823
157670,15668,0.8858810067176819
157680,15669,1.6735894680023193
157690,15670,1.1183816194534302
157700,15671,1.3775087594985962
157710,15672,1.6920280456542969
157720,15673,0.7637024521827698
157730,15674,1.7245606184005737
157740,15675,1.4573324918746948
157750,15676,0.9504326581954956
157760,15677,1.5740855932235718
157770,15678,2.4803109169006348
157780,15679,0.6390836834907532
157790,15680,1.259293556213379
157800,15681,1.3107467889785767
157810,15682,1.4260714054107666
157820,15683,0.9411353468894958
157830,15684,2.269378423690796
157840,15685,1.2190033197402954
157850,15686,1.4945648908615112
157860,15687,0.8117638826370239
157870,15688,0.8906034231185913
157880,15689,1.549830436706543
157890,15690,2.520573139190674
157900,15691,0.6353129148483276
157910,15692,1.2336690425872803
157920,15693,0.7806873321533203
157930,15694,0.9616649150848389
157940,15695,1.1976221799850464
157950,15696,0.9779937863349915
157960,15697,1.7961561679840088
157970,15698,0.9596452116966248
157980,15699,2.196812868118286
157990,15700,0.9684582352638245
158000,15701,1.1108795404434204
158010,15702,1.7315313816070557
158020,15703,1.7312958240509033
158030,15704,2.026305913925171
158040,15705,1.9017958641052246
158050,15706,2.198918342590332
158060,15707,1.8923174142837524
158070,15708,1.578352451324463
158080,15709,1.155685305595398
158090,15710,1.4406518936157227
158100,15711,1.3260996341705322
158110,15712,1.8796629905700684
158120,15713,1.1199243068695068
158130,15714,1.0151349306106567
158140,15715,1.1105698347091675
158150,15716,0.8741844892501831
158160,15717,1.349581003189087
158170,15718,1.4577398300170898
158180,15719,0.6904978156089783
158190,15720,0.8084259033203125
158200,15721,0.9780715703964233
158210,15722,0.8651154041290283
158220,15723,0.765326976776123
158230,15724,1.03117036819458
158240,15725,1.8008286952972412
158250,15726,0.6532502770423889
158260,15727,1.0670419931411743
158270,15728,0.28133225440979004
158280,15729,1.729964017868042
158290,15730,1.2928965091705322
158300,15731,2.435664176940918
158310,15732,1.6131707429885864
158320,15733,0.7600781917572021
158330,15734,1.6349966526031494
158340,15735,0.9153378009796143
158350,15736,1.7925865650177002
158360,15737,1.6390457153320312
158370,15738,2.1925368309020996
158380,15739,0.8258216977119446
158390,15740,1.4100730419158936
158400,15741,1.7657124996185303
158410,15742,0.934487521648407
158420,15743,0.4981745779514313
158430,15744,3.4064579010009766
158440,15745,0.5469428300857544
158450,15746,0.9786075949668884
158460,15747,0.5591466426849365
158470,15748,2.586698055267334
158480,15749,1.3469520807266235
158490,15750,1.311946153640747
158500,15751,0.7354391813278198
158510,15752,0.7108316421508789
158520,15753,1.5184073448181152
158530,15754,2.5247292518615723
158540,15755,1.9821457862854004
158550,15756,2.54585599899292
158560,15757,1.3972396850585938
158570,15758,1.5647472143173218
158580,15759,5.042461395263672
158590,15760,1.7796450853347778
158600,15761,2.951930046081543
158610,15762,1.858591079711914
158620,15763,1.7419930696487427
158630,15764,0.9938381910324097
158640,15765,1.79951810836792
158650,15766,2.368804931640625
158660,15767,1.5751512050628662
158670,15768,0.9944794178009033
158680,15769,0.9023604393005371
158690,15770,1.8085721731185913
158700,15771,1.6360092163085938
158710,15772,2.000199317932129
158720,15773,1.812313199043274
158730,15774,2.560142993927002
158740,15775,0.8106855750083923
158750,15776,1.9887417554855347
158760,15777,1.1740975379943848
158770,15778,1.750510334968567
158780,15779,1.7254571914672852
158790,15780,1.0067329406738281
158800,15781,1.1304421424865723
158810,15782,1.1961246728897095
158820,15783,0.9617686867713928
158830,15784,3.43068265914917
158840,15785,0.9574853181838989
158850,15786,1.150883674621582
158860,15787,1.2794257402420044
158870,15788,1.2704803943634033
158880,15789,1.6233218908309937
158890,15790,1.0932637453079224
158900,15791,2.532869338989258
158910,15792,1.7900172472000122
158920,15793,2.561786651611328
158930,15794,1.5781100988388062
158940,15795,0.8710108995437622
158950,15796,2.2015082836151123
158960,15797,1.759572148323059
158970,15798,0.7648791670799255
158980,15799,2.8617095947265625
158990,15800,1.5493359565734863
159000,15801,1.1492356061935425
159010,15802,1.125948190689087
159020,15803,0.8038139343261719
159030,15804,1.2685798406600952
159040,15805,4.507232666015625
159050,15806,0.9373997449874878
159060,15807,1.4023464918136597
159070,15808,1.3562055826187134
159080,15809,1.1511204242706299
159090,15810,1.4684011936187744
159100,15811,0.830857515335083
159110,15812,1.2555431127548218
159120,15813,1.397430658340454
159130,15814,3.3864448070526123
159140,15815,0.59153151512146
159150,15816,1.4213688373565674
159160,15817,1.319990634918213
159170,15818,1.7222994565963745
159180,15819,1.289401888847351
159190,15820,1.757365107536316
159200,15821,1.2421919107437134
159210,15822,2.5866920948028564
159220,15823,0.9172691702842712
159230,15824,0.799953818321228
159240,15825,1.91754150390625
159250,15826,1.2320939302444458
159260,15827,1.5466049909591675
159270,15828,2.1173033714294434
159280,15829,0.7826088666915894
159290,15830,1.107635736465454
159300,15831,1.286550521850586
159310,15832,2.2791500091552734
159320,15833,0.8306228518486023
159330,15834,2.389573812484741
159340,15835,1.8261176347732544
159350,15836,1.0899310111999512
159360,15837,2.9266550540924072
159370,15838,1.4158337116241455
159380,15839,1.091248631477356
159390,15840,1.0259312391281128
159400,15841,1.0705978870391846
159410,15842,1.506010890007019
159420,15843,5.179168224334717
159430,15844,3.042273998260498
159440,15845,1.8110425472259521
159450,15846,2.011219024658203
159460,15847,1.5357604026794434
159470,15848,0.7914572358131409
159480,15849,1.1494797468185425
159490,15850,3.198119640350342
159500,15851,0.5679635405540466
159510,15852,0.7267476916313171
159520,15853,1.7437374591827393
159530,15854,1.103684663772583
159540,15855,1.4889649152755737
159550,15856,0.8649193048477173
159560,15857,3.2780590057373047
159570,15858,1.3771238327026367
159580,15859,0.5008275508880615
159590,15860,1.5956761837005615
159600,15861,1.6132749319076538
159610,15862,1.5500874519348145
159620,15863,0.9910293221473694
159630,15864,1.0970473289489746
159640,15865,1.4903523921966553
159650,15866,0.601768434047699
159660,15867,2.424391269683838
159670,15868,1.9574837684631348
159680,15869,3.906872272491455
159690,15870,1.229247808456421
159700,15871,0.9352573752403259
159710,15872,1.1481353044509888
159720,15873,1.151712417602539
159730,15874,0.3610003590583801
159740,15875,2.223217248916626
159750,15876,0.9633333683013916
159760,15877,1.259901762008667
159770,15878,1.5805466175079346
159780,15879,2.1593985557556152
159790,15880,1.3279354572296143
159800,15881,1.313493013381958
159810,15882,1.52820885181427
159820,15883,1.17705237865448
159830,15884,1.6166249513626099
159840,15885,0.9376951456069946
159850,15886,3.088850259780884
159860,15887,2.2410728931427
159870,15888,0.6103552579879761
159880,15889,1.7489322423934937
159890,15890,2.841414213180542
159900,15891,1.2557928562164307
159910,15892,0.7827023863792419
159920,15893,1.6888841390609741
159930,15894,1.4221560955047607
159940,15895,0.8635751605033875
159950,15896,1.2690892219543457
159960,15897,1.8305598497390747
159970,15898,1.7010786533355713
159980,15899,2.2969181537628174
159990,15900,2.425518274307251
160000,15901,1.3260749578475952
160010,15902,0.937262773513794
160020,15903,1.138016939163208
160030,15904,1.3127129077911377
160040,15905,1.134188175201416
160050,15906,1.3395270109176636
160060,15907,1.536439061164856
160070,15908,1.5135726928710938
160080,15909,1.1899807453155518
160090,15910,1.6588736772537231
160100,15911,1.9335919618606567
160110,15912,0.41125553846359253
160120,15913,1.4264787435531616
160130,15914,1.092834711074829
160140,15915,4.03216552734375
160150,15916,0.935097873210907
160160,15917,0.7948776483535767
160170,15918,1.0519211292266846
160180,15919,1.8602073192596436
160190,15920,1.2617167234420776
160200,15921,3.048973798751831
160210,15922,1.2054153680801392
160220,15923,0.7747646570205688
160230,15924,1.407834529876709
160240,15925,1.9405910968780518
160250,15926,1.2555503845214844
160260,15927,0.9450088739395142
160270,15928,1.608808159828186
160280,15929,1.6258782148361206
160290,15930,0.9523020386695862
160300,15931,1.1360620260238647
160310,15932,1.7616974115371704
160320,15933,1.6055054664611816
160330,15934,1.2047592401504517
160340,15935,1.1989456415176392
160350,15936,1.2014726400375366
160360,15937,1.818382978439331
160370,15938,2.0859146118164062
160380,15939,2.3606832027435303
160390,15940,1.5344693660736084
160400,15941,1.3818211555480957
160410,15942,2.440028429031372
160420,15943,1.3392524719238281
160430,15944,1.0817582607269287
160440,15945,2.048882007598877
160450,15946,1.761860728263855
160460,15947,1.3803389072418213
160470,15948,1.6302528381347656
160480,15949,0.7754063606262207
160490,15950,0.5895258784294128
160500,15951,1.3651652336120605
160510,15952,0.8394533395767212
160520,15953,2.3448121547698975
160530,15954,1.540600299835205
160540,15955,0.9985357522964478
160550,15956,1.2301822900772095
160560,15957,1.4106751680374146
160570,15958,0.4985021948814392
160580,15959,2.0317792892456055
160590,15960,2.3371517658233643
160600,15961,0.5749239921569824
160610,15962,0.8802704215049744
160620,15963,2.106689691543579
160630,15964,0.7353332042694092
160640,15965,1.7377986907958984
160650,15966,1.3258264064788818
160660,15967,1.7223618030548096
160670,15968,2.1760497093200684
160680,15969,2.0813543796539307
160690,15970,0.700456976890564
160700,15971,1.3411659002304077
160710,15972,1.4256062507629395
160720,15973,1.2732428312301636
160730,15974,0.6222555637359619
160740,15975,1.2513692378997803
160750,15976,0.9848136305809021
160760,15977,1.4963613748550415
160770,15978,0.5081846714019775
160780,15979,2.4024500846862793
160790,15980,1.626420497894287
160800,15981,1.9020596742630005
160810,15982,1.22970712184906
160820,15983,1.0583126544952393
160830,15984,1.4842585325241089
160840,15985,1.277801752090454
160850,15986,1.1748170852661133
160860,15987,0.9446105360984802
160870,15988,0.6728318333625793
160880,15989,1.4710114002227783
160890,15990,1.9234097003936768
160900,15991,0.9585098624229431
160910,15992,0.9170488715171814
160920,15993,0.6689836978912354
160930,15994,1.3582782745361328
160940,15995,1.5264983177185059
160950,15996,1.8749756813049316
160960,15997,1.4656283855438232
160970,15998,4.608785629272461
160980,15999,1.7399128675460815
160990,16000,1.4577980041503906
161000,16001,0.8015915751457214
161010,16002,5.189145565032959
161020,16003,0.5674763917922974
161030,16004,0.8336511254310608
161040,16005,1.9929115772247314
161050,16006,1.2112782001495361
161060,16007,1.2268686294555664
161070,16008,2.0831799507141113
161080,16009,2.8019025325775146
161090,16010,1.3769868612289429
161100,16011,2.1596429347991943
161110,16012,1.7283422946929932
161120,16013,0.9590766429901123
161130,16014,1.2627220153808594
161140,16015,0.9327450394630432
161150,16016,1.570003628730774
161160,16017,1.1658846139907837
161170,16018,1.1859370470046997
161180,16019,1.0793097019195557
161190,16020,1.1421781778335571
161200,16021,1.726115345954895
161210,16022,0.7910234928131104
161220,16023,1.5242358446121216
161230,16024,2.960200309753418
161240,16025,0.7930194139480591
161250,16026,1.8588839769363403
161260,16027,1.0538455247879028
161270,16028,0.9047554135322571
161280,16029,0.6515257954597473
161290,16030,1.2270472049713135
161300,16031,2.283884048461914
161310,16032,1.3423105478286743
161320,16033,0.9474789500236511
161330,16034,1.984974980354309
161340,16035,1.1187173128128052
161350,16036,1.654725193977356
161360,16037,0.9136592745780945
161370,16038,1.397469162940979
161380,16039,1.103361964225769
161390,16040,1.2051194906234741
161400,16041,1.0376766920089722
161410,16042,1.0677695274353027
161420,16043,1.9630699157714844
161430,16044,1.1307969093322754
161440,16045,2.156200647354126
161450,16046,1.835042119026184
161460,16047,1.9564108848571777
161470,16048,2.270077705383301
161480,16049,1.1943809986114502
161490,16050,1.3657013177871704
161500,16051,0.8876429796218872
161510,16052,1.1755179166793823
161520,16053,1.7184945344924927
161530,16054,0.9480459094047546
161540,16055,3.7784998416900635
161550,16056,1.6072330474853516
161560,16057,1.3824365139007568
161570,16058,1.3161790370941162
161580,16059,1.3669339418411255
161590,16060,3.0284812450408936
161600,16061,0.8706605434417725
161610,16062,1.5890589952468872
161620,16063,1.286334753036499
161630,16064,1.7366585731506348
161640,16065,1.0431246757507324
161650,16066,3.012294292449951
161660,16067,1.2726714611053467
161670,16068,1.4249489307403564
161680,16069,1.0946253538131714
161690,16070,1.291934609413147
161700,16071,2.2406463623046875
161710,16072,1.1562305688858032
161720,16073,2.5390634536743164
161730,16074,0.5950688719749451
161740,16075,4.238358497619629
161750,16076,1.2871613502502441
161760,16077,1.4703234434127808
161770,16078,0.651490330696106
161780,16079,2.0532538890838623
161790,16080,1.1399091482162476
161800,16081,2.1317241191864014
161810,16082,0.853005051612854
161820,16083,1.904264211654663
161830,16084,1.4423614740371704
161840,16085,3.310236930847168
161850,16086,4.050771236419678
161860,16087,1.6807364225387573
161870,16088,0.9843429923057556
161880,16089,1.0846614837646484
161890,16090,3.152920722961426
161900,16091,0.8637456297874451
161910,16092,2.5137269496917725
161920,16093,1.3507561683654785
161930,16094,2.410332441329956
161940,16095,1.7199831008911133
161950,16096,1.1522021293640137
161960,16097,2.4539635181427
161970,16098,1.6147536039352417
161980,16099,1.2798618078231812
161990,16100,0.8592990040779114
162000,16101,1.653611183166504
162010,16102,1.1002509593963623
162020,16103,1.3112952709197998
162030,16104,2.703680992126465
162040,16105,1.3641982078552246
162050,16106,2.1789779663085938
162060,16107,0.9321655035018921
162070,16108,1.4768959283828735
162080,16109,1.7134121656417847
162090,16110,3.4742743968963623
162100,16111,1.2011820077896118
162110,16112,0.6353785395622253
162120,16113,1.74141263961792
162130,16114,1.2154749631881714
162140,16115,0.9828394651412964
162150,16116,0.9630446434020996
162160,16117,1.4545538425445557
162170,16118,1.5301706790924072
162180,16119,1.8554861545562744
162190,16120,1.8149443864822388
162200,16121,1.649571180343628
162210,16122,0.5277249217033386
162220,16123,1.4918245077133179
162230,16124,0.9956929683685303
162240,16125,1.7412036657333374
162250,16126,2.1352546215057373
162260,16127,1.1879671812057495
162270,16128,0.9304234981536865
162280,16129,1.375888466835022
162290,16130,2.046276807785034
162300,16131,0.7815308570861816
162310,16132,1.3647598028182983
162320,16133,1.7129145860671997
162330,16134,1.2633025646209717
162340,16135,1.8544471263885498
162350,16136,1.5785619020462036
162360,16137,2.0325498580932617
162370,16138,3.3597419261932373
162380,16139,1.2400585412979126
162390,16140,1.3341777324676514
162400,16141,2.1144583225250244
162410,16142,2.1669230461120605
162420,16143,0.9800182580947876
162430,16144,0.9703664779663086
162440,16145,1.4046798944473267
162450,16146,2.1636290550231934
162460,16147,2.5594820976257324
162470,16148,0.9818407893180847
162480,16149,2.761664390563965
162490,16150,1.5526182651519775
162500,16151,0.8290933966636658
162510,16152,3.768301010131836
162520,16153,1.7616982460021973
162530,16154,1.7439478635787964
162540,16155,0.9400759339332581
162550,16156,1.671484351158142
162560,16157,2.4742183685302734
162570,16158,1.9487391710281372
162580,16159,0.8053714036941528
162590,16160,2.010392189025879
162600,16161,1.0266950130462646
162610,16162,1.3416080474853516
162620,16163,1.8026748895645142
162630,16164,2.4450440406799316
162640,16165,2.5759098529815674
162650,16166,1.4874372482299805
162660,16167,1.2578177452087402
162670,16168,1.3810837268829346
162680,16169,1.7498841285705566
162690,16170,0.959115743637085
162700,16171,1.0014948844909668
162710,16172,2.664767026901245
162720,16173,1.7737025022506714
162730,16174,1.5243901014328003
162740,16175,0.9743474721908569
162750,16176,1.973641037940979
162760,16177,2.687293529510498
162770,16178,0.8834946751594543
162780,16179,1.3282121419906616
162790,16180,1.5035195350646973
162800,16181,2.3976857662200928
162810,16182,1.637449860572815
162820,16183,1.5250962972640991
162830,16184,1.4078984260559082
162840,16185,3.415039539337158
162850,16186,0.9590982794761658
162860,16187,2.1356492042541504
162870,16188,2.4810409545898438
162880,16189,1.3870373964309692
162890,16190,0.715766191482544
162900,16191,4.489926338195801
162910,16192,1.1852829456329346
162920,16193,1.222366213798523
162930,16194,2.449988603591919
162940,16195,1.0055283308029175
162950,16196,0.7807430028915405
162960,16197,1.671716570854187
162970,16198,0.8481883406639099
162980,16199,1.3282980918884277
162990,16200,0.9308487772941589
163000,16201,0.9147886633872986
163010,16202,1.6431523561477661
163020,16203,1.1970913410186768
163030,16204,1.8486483097076416
163040,16205,1.3036571741104126
163050,16206,3.456921339035034
163060,16207,1.371761441230774
163070,16208,1.555110216140747
163080,16209,1.3502644300460815
163090,16210,1.3195208311080933
163100,16211,1.0469235181808472
163110,16212,1.0887837409973145
163120,16213,0.8321517705917358
163130,16214,1.3991838693618774
163140,16215,1.7608397006988525
163150,16216,1.0185105800628662
163160,16217,1.0779454708099365
163170,16218,1.5729414224624634
163180,16219,4.402399063110352
163190,16220,2.6478514671325684
163200,16221,0.7452952861785889
163210,16222,1.1707019805908203
163220,16223,0.7333119511604309
163230,16224,1.0622469186782837
163240,16225,3.156863212585449
163250,16226,2.357478141784668
163260,16227,2.0335707664489746
163270,16228,1.3013083934783936
163280,16229,1.5405967235565186
163290,16230,1.7890087366104126
163300,16231,1.7239331007003784
163310,16232,1.4944312572479248
163320,16233,1.7053314447402954
163330,16234,1.5090670585632324
163340,16235,1.4950307607650757
163350,16236,1.318148136138916
163360,16237,0.8468382954597473
163370,16238,0.6736531257629395
163380,16239,2.2143335342407227
163390,16240,1.4146227836608887
163400,16241,0.9806873202323914
163410,16242,1.361013650894165
163420,16243,1.3638479709625244
163430,16244,1.8598756790161133
163440,16245,1.387646198272705
163450,16246,1.8360602855682373
163460,16247,1.0411980152130127
163470,16248,1.0990650653839111
163480,16249,1.2812128067016602
163490,16250,0.8093897700309753
163500,16251,0.9927014112472534
163510,16252,1.7964115142822266
163520,16253,0.5132371187210083
163530,16254,1.2684011459350586
163540,16255,0.6521275043487549
163550,16256,2.042907238006592
163560,16257,1.506362795829773
163570,16258,1.6279295682907104
163580,16259,0.6959084868431091
163590,16260,3.810917615890503
163600,16261,2.861079454421997
163610,16262,1.5584064722061157
163620,16263,1.7235912084579468
163630,16264,1.2561171054840088
163640,16265,1.2983022928237915
163650,16266,2.7178072929382324
163660,16267,2.4561524391174316
163670,16268,1.5535606145858765
163680,16269,2.4549460411071777
163690,16270,3.0379128456115723
163700,16271,1.6557183265686035
163710,16272,0.701569676399231
163720,16273,1.1552982330322266
163730,16274,0.5393096208572388
163740,16275,1.8533830642700195
163750,16276,1.5938323736190796
163760,16277,0.8772936463356018
163770,16278,0.7375305891036987
163780,16279,1.769511342048645
163790,16280,2.0158822536468506
163800,16281,1.3811293840408325
163810,16282,1.19084894657135
163820,16283,3.1727919578552246
163830,16284,1.4088928699493408
163840,16285,1.187482237815857
163850,16286,1.0405538082122803
163860,16287,1.4891492128372192
163870,16288,2.0563879013061523
163880,16289,1.9674832820892334
163890,16290,1.545320749282837
163900,16291,1.0319360494613647
163910,16292,1.1858609914779663
163920,16293,1.3094112873077393
163930,16294,1.297334909439087
163940,16295,1.1857830286026
163950,16296,1.5091710090637207
163960,16297,1.2174139022827148
163970,16298,1.4006832838058472
163980,16299,0.7477860450744629
163990,16300,2.113792896270752
164000,16301,1.5076464414596558
164010,16302,1.21697199344635
164020,16303,1.3194568157196045
164030,16304,2.380176305770874
164040,16305,2.2556304931640625
164050,16306,1.482506275177002
164060,16307,1.5372307300567627
164070,16308,0.608347475528717
164080,16309,2.877896308898926
164090,16310,2.9942123889923096
164100,16311,1.311904788017273
164110,16312,1.4342073202133179
164120,16313,0.7966429591178894
164130,16314,1.4386032819747925
164140,16315,1.5196254253387451
164150,16316,1.2661445140838623
164160,16317,0.8511732816696167
164170,16318,2.707127571105957
164180,16319,2.87200927734375
164190,16320,1.9967055320739746
164200,16321,2.244253396987915
164210,16322,2.8596298694610596
164220,16323,1.4521173238754272
164230,16324,1.0016298294067383
164240,16325,1.3900517225265503
164250,16326,1.1067689657211304
164260,16327,2.122504949569702
164270,16328,1.2612264156341553
164280,16329,3.2602899074554443
164290,16330,4.351395606994629
164300,16331,1.2174835205078125
164310,16332,1.2247205972671509
164320,16333,1.0527371168136597
164330,16334,0.9577139616012573
164340,16335,1.494150996208191
164350,16336,1.7294764518737793
164360,16337,2.1269447803497314
164370,16338,2.655996084213257
164380,16339,1.8781545162200928
164390,16340,1.5983161926269531
164400,16341,1.1158829927444458
164410,16342,1.92583167552948
164420,16343,0.8000314831733704
164430,16344,4.654471397399902
164440,16345,1.5464072227478027
164450,16346,0.8095029592514038
164460,16347,1.9503552913665771
164470,16348,3.2755279541015625
164480,16349,1.5798277854919434
164490,16350,1.3869097232818604
164500,16351,5.533156394958496
164510,16352,1.743643879890442
164520,16353,2.0198066234588623
164530,16354,1.981332540512085
164540,16355,3.36623215675354
164550,16356,1.0670136213302612
164560,16357,1.3523863554000854
164570,16358,1.389387845993042
164580,16359,2.967642307281494
164590,16360,4.321969032287598
164600,16361,1.5724899768829346
164610,16362,1.6646432876586914
164620,16363,1.6252825260162354
164630,16364,1.3136074542999268
164640,16365,0.7864826917648315
164650,16366,1.3587974309921265
164660,16367,2.1596646308898926
164670,16368,1.551997423171997
164680,16369,3.3538107872009277
164690,16370,1.644429087638855
164700,16371,2.369507312774658
164710,16372,1.1988292932510376
164720,16373,1.0999836921691895
164730,16374,1.8130332231521606
164740,16375,1.9206713438034058
164750,16376,2.5927793979644775
164760,16377,1.0463594198226929
164770,16378,1.0752618312835693
164780,16379,2.0708580017089844
164790,16380,1.6411237716674805
164800,16381,2.9466664791107178
164810,16382,2.97546124458313
164820,16383,1.4829901456832886
164830,16384,1.1252950429916382
164840,16385,0.9657462239265442
164850,16386,1.6757079362869263
164860,16387,1.5577332973480225
164870,16388,1.0503699779510498
164880,16389,3.1187925338745117
164890,16390,1.8167107105255127
164900,16391,0.46949273347854614
164910,16392,0.6723631620407104
164920,16393,0.9678820371627808
164930,16394,0.45197269320487976
164940,16395,3.079028367996216
164950,16396,1.4307349920272827
164960,16397,0.6323260068893433
164970,16398,1.4939725399017334
164980,16399,0.7693925499916077
164990,16400,4.8151535987854
165000,16401,0.844036340713501
165010,16402,1.571380615234375
165020,16403,1.409489631652832
165030,16404,2.7693564891815186
165040,16405,1.3541855812072754
165050,16406,1.3439662456512451
165060,16407,1.4341455698013306
165070,16408,1.9150331020355225
165080,16409,6.643131732940674
165090,16410,1.0238888263702393
165100,16411,2.7903695106506348
165110,16412,1.6252013444900513
165120,16413,1.9952502250671387
165130,16414,1.3609321117401123
165140,16415,1.3290313482284546
165150,16416,2.180727481842041
165160,16417,2.785444498062134
165170,16418,1.4246833324432373
165180,16419,2.4655258655548096
165190,16420,1.1119608879089355
165200,16421,1.018356204032898
165210,16422,1.0342694520950317
165220,16423,1.3303754329681396
165230,16424,1.3966577053070068
165240,16425,2.103309392929077
165250,16426,1.5051863193511963
165260,16427,1.0485233068466187
165270,16428,0.750208854675293
165280,16429,0.6660333871841431
165290,16430,0.7158776521682739
165300,16431,0.4729596674442291
165310,16432,2.1481852531433105
165320,16433,0.8799106478691101
165330,16434,1.4661043882369995
165340,16435,1.4959162473678589
165350,16436,1.4363535642623901
165360,16437,1.7288504838943481
165370,16438,0.7875127196311951
165380,16439,1.3797507286071777
165390,16440,1.6670883893966675
165400,16441,1.1470534801483154
165410,16442,1.2297605276107788
165420,16443,2.1723947525024414
165430,16444,1.3496267795562744
165440,16445,1.8856388330459595
165450,16446,1.6282944679260254
165460,16447,0.985427737236023
165470,16448,2.076388120651245
165480,16449,1.675057291984558
165490,16450,0.5990872979164124
165500,16451,1.0836288928985596
165510,16452,2.3488802909851074
165520,16453,1.5411272048950195
165530,16454,1.4873019456863403
165540,16455,0.9581316709518433
165550,16456,1.6493332386016846
165560,16457,1.5196088552474976
165570,16458,1.3107225894927979
165580,16459,1.6479012966156006
165590,16460,1.8041177988052368
165600,16461,3.033062219619751
165610,16462,1.5722541809082031
165620,16463,1.4940893650054932
165630,16464,2.296398878097534
165640,16465,1.9669451713562012
165650,16466,1.0930944681167603
165660,16467,0.8697440028190613
165670,16468,2.7006232738494873
165680,16469,1.2485333681106567
165690,16470,1.0234545469284058
165700,16471,6.69589900970459
165710,16472,2.6760575771331787
165720,16473,1.360810399055481
165730,16474,2.192417621612549
165740,16475,3.299809455871582
165750,16476,1.927881121635437
165760,16477,2.404662847518921
165770,16478,1.6482932567596436
165780,16479,2.612724542617798
165790,16480,0.878430962562561
165800,16481,1.966270089149475
165810,16482,0.8839952945709229
165820,16483,3.0537636280059814
165830,16484,1.2655611038208008
165840,16485,1.5372416973114014
165850,16486,2.1438422203063965
165860,16487,6.243762493133545
165870,16488,1.4847034215927124
165880,16489,2.0877456665039062
165890,16490,1.8561131954193115
165900,16491,1.9460396766662598
165910,16492,0.763608992099762
165920,16493,4.308326244354248
165930,16494,1.3859124183654785
165940,16495,0.8787040710449219
165950,16496,5.751559257507324
165960,16497,1.8161505460739136
165970,16498,1.6950922012329102
165980,16499,1.0954408645629883
165990,16500,2.180563449859619
166000,16501,1.0563644170761108
166010,16502,4.214693069458008
166020,16503,2.236614942550659
166030,16504,2.0882766246795654
166040,16505,1.3912959098815918
166050,16506,2.031165599822998
166060,16507,3.1684298515319824
166070,16508,1.6254037618637085
166080,16509,1.7197740077972412
166090,16510,1.2614983320236206
166100,16511,1.04618501663208
166110,16512,2.080590009689331
166120,16513,1.624674916267395
166130,16514,0.7469582557678223
166140,16515,2.6984899044036865
166150,16516,2.9822592735290527
166160,16517,4.049595355987549
166170,16518,2.2236380577087402
166180,16519,2.092033863067627
166190,16520,2.052079439163208
166200,16521,0.9607464671134949
166210,16522,1.2329164743423462
166220,16523,0.6045851707458496
166230,16524,2.8597302436828613
166240,16525,1.4678044319152832
166250,16526,1.1640199422836304
166260,16527,2.286872625350952
166270,16528,1.5761204957962036
166280,16529,1.5236471891403198
166290,16530,1.0247392654418945
166300,16531,0.6664896607398987
166310,16532,0.6134977340698242
166320,16533,1.260958194732666
166330,16534,1.0591293573379517
166340,16535,1.0737228393554688
166350,16536,3.5503876209259033
166360,16537,1.5392826795578003
166370,16538,1.3124043941497803
166380,16539,0.9365067481994629
166390,16540,1.9033879041671753
166400,16541,1.910811185836792
166410,16542,0.7008227109909058
166420,16543,1.216399908065796
166430,16544,1.884842872619629
166440,16545,1.4563276767730713
166450,16546,2.1986374855041504
166460,16547,1.8331031799316406
166470,16548,0.6156025528907776
166480,16549,0.8583623766899109
166490,16550,1.6424002647399902
166500,16551,2.8624844551086426
166510,16552,1.1090550422668457
166520,16553,1.7118979692459106
166530,16554,0.7095233201980591
166540,16555,1.682463526725769
166550,16556,1.00931715965271
166560,16557,0.9126838445663452
166570,16558,1.6541308164596558
166580,16559,1.6010929346084595
166590,16560,1.8432767391204834
166600,16561,0.5854389071464539
166610,16562,1.299869179725647
166620,16563,2.05696177482605
166630,16564,0.966204822063446
166640,16565,1.9406898021697998
166650,16566,2.7766053676605225
166660,16567,2.3520660400390625
166670,16568,1.6472933292388916
166680,16569,2.7798547744750977
166690,16570,2.83838152885437
166700,16571,1.710288166999817
166710,16572,2.9126696586608887
166720,16573,2.7667484283447266
166730,16574,1.2426340579986572
166740,16575,1.3057472705841064
166750,16576,0.9162341952323914
166760,16577,1.2707747220993042
166770,16578,2.7051260471343994
166780,16579,0.8457943201065063
166790,16580,1.8994840383529663
166800,16581,1.4770704507827759
166810,16582,5.130183219909668
166820,16583,1.652480125427246
166830,16584,1.8235117197036743
166840,16585,1.7639397382736206
166850,16586,3.100860595703125
166860,16587,2.014007329940796
166870,16588,1.608677625656128
166880,16589,1.7345625162124634
166890,16590,1.290795087814331
166900,16591,1.822169303894043
166910,16592,1.664010763168335
166920,16593,2.904590368270874
166930,16594,3.322185754776001
166940,16595,2.567073106765747
166950,16596,1.4431145191192627
166960,16597,3.2208938598632812
166970,16598,1.1844068765640259
166980,16599,1.4272416830062866
166990,16600,2.0797312259674072
167000,16601,1.4903414249420166
167010,16602,6.1141204833984375
167020,16603,2.6395347118377686
167030,16604,1.6670233011245728
167040,16605,2.2119908332824707
167050,16606,2.6366961002349854
167060,16607,1.3360159397125244
167070,16608,1.0639903545379639
167080,16609,3.228286027908325
167090,16610,1.7981394529342651
167100,16611,1.7700531482696533
167110,16612,2.4845848083496094
167120,16613,1.0726076364517212
167130,16614,2.584209442138672
167140,16615,3.2671821117401123
167150,16616,2.1846044063568115
167160,16617,2.5235610008239746
167170,16618,1.061319351196289
167180,16619,1.8524309396743774
167190,16620,1.646082878112793
167200,16621,2.1544153690338135
167210,16622,0.9467232823371887
167220,16623,1.1118208169937134
167230,16624,1.3196443319320679
167240,16625,1.3683632612228394
167250,16626,1.6081407070159912
167260,16627,1.790630578994751
167270,16628,1.7467758655548096
167280,16629,1.7073848247528076
167290,16630,1.413719892501831
167300,16631,2.931871175765991
167310,16632,3.2799746990203857
167320,16633,1.0453749895095825
167330,16634,1.414111614227295
167340,16635,0.9121778607368469
167350,16636,1.2148241996765137
167360,16637,1.133587121963501
167370,16638,1.2126774787902832
167380,16639,1.3792400360107422
167390,16640,2.459890604019165
167400,16641,1.3196526765823364
167410,16642,0.9434799551963806
167420,16643,0.8105493187904358
167430,16644,1.0353584289550781
167440,16645,1.0636767148971558
167450,16646,0.9331230521202087
167460,16647,1.2584774494171143
167470,16648,1.9519047737121582
167480,16649,1.9266247749328613
167490,16650,2.7397024631500244
167500,16651,1.5655927658081055
167510,16652,3.442357301712036
167520,16653,1.3815377950668335
167530,16654,2.7175660133361816
167540,16655,1.8043577671051025
167550,16656,1.98923921585083
167560,16657,2.449113368988037
167570,16658,0.5607736706733704
167580,16659,0.964813768863678
167590,16660,2.489123821258545
167600,16661,2.292241334915161
167610,16662,1.245219111442566
167620,16663,1.720578908920288
167630,16664,2.5123345851898193
167640,16665,1.3666542768478394
167650,16666,0.7791021466255188
167660,16667,1.940192461013794
167670,16668,1.1737501621246338
167680,16669,1.9107649326324463
167690,16670,1.2007408142089844
167700,16671,1.5656732320785522
167710,16672,1.813207983970642
167720,16673,0.7313414812088013
167730,16674,6.440526008605957
167740,16675,1.5765154361724854
167750,16676,2.824995994567871
167760,16677,3.93194580078125
167770,16678,1.5849746465682983
167780,16679,0.6015106439590454
167790,16680,1.1112184524536133
167800,16681,1.3050353527069092
167810,16682,2.5833992958068848
167820,16683,1.923534631729126
167830,16684,2.991391658782959
167840,16685,2.9629077911376953
167850,16686,1.437509298324585
167860,16687,1.3839799165725708
167870,16688,1.330514669418335
167880,16689,1.406410813331604
167890,16690,2.307093858718872
167900,16691,1.2143501043319702
167910,16692,1.8630400896072388
167920,16693,2.0278356075286865
167930,16694,2.764780044555664
167940,16695,1.4839184284210205
167950,16696,3.0366668701171875
167960,16697,0.9672503471374512
167970,16698,1.9008708000183105
167980,16699,2.216843366622925
167990,16700,0.7286844849586487
168000,16701,0.7046695351600647
168010,16702,1.4400156736373901
168020,16703,1.772829294204712
168030,16704,1.0423277616500854
168040,16705,2.7582192420959473
168050,16706,1.2007484436035156
168060,16707,0.9481817483901978
168070,16708,1.8711695671081543
168080,16709,2.349344491958618
168090,16710,4.3370280265808105
168100,16711,0.8041227459907532
168110,16712,2.6373462677001953
168120,16713,1.7760534286499023
168130,16714,2.248257875442505
168140,16715,1.4018845558166504
168150,16716,2.146911859512329
168160,16717,1.904103398323059
168170,16718,1.942854881286621
168180,16719,1.280250906944275
168190,16720,3.713010311126709
168200,16721,0.9403753280639648
168210,16722,3.5836758613586426
168220,16723,1.533896803855896
168230,16724,0.5720694065093994
168240,16725,1.0752499103546143
168250,16726,2.0937793254852295
168260,16727,1.0170880556106567
168270,16728,1.1580853462219238
168280,16729,3.0863442420959473
168290,16730,0.8278675079345703
168300,16731,2.190673828125
168310,16732,1.1144636869430542
168320,16733,3.45539927482605
168330,16734,1.4036576747894287
168340,16735,3.5865046977996826
168350,16736,2.482635974884033
168360,16737,0.749258279800415
168370,16738,1.6868220567703247
168380,16739,1.3498783111572266
168390,16740,1.2635353803634644
168400,16741,2.569610118865967
168410,16742,1.4436728954315186
168420,16743,2.8377890586853027
168430,16744,1.8712717294692993
168440,16745,2.0785746574401855
168450,16746,2.4378271102905273
168460,16747,2.1970465183258057
168470,16748,1.0681651830673218
168480,16749,2.662010908126831
168490,16750,1.9175994396209717
168500,16751,1.4612910747528076
168510,16752,3.051614999771118
168520,16753,1.28578519821167
168530,16754,1.4294668436050415
168540,16755,0.7056413292884827
168550,16756,3.618992328643799
168560,16757,1.888189673423767
168570,16758,1.2941205501556396
168580,16759,2.3346753120422363
168590,16760,1.467011570930481
168600,16761,2.125293254852295
168610,16762,2.401766538619995
168620,16763,0.7226982712745667
168630,16764,1.3755360841751099
168640,16765,2.020907163619995
168650,16766,2.0922772884368896
168660,16767,1.4879508018493652
168670,16768,1.117856740951538
168680,16769,1.3510584831237793
168690,16770,0.7851030826568604
168700,16771,0.8272749185562134
168710,16772,1.9124480485916138
168720,16773,3.0797159671783447
168730,16774,1.8370425701141357
168740,16775,1.3835951089859009
168750,16776,1.4598923921585083
168760,16777,1.8182661533355713
168770,16778,0.5337029695510864
168780,16779,0.9404832124710083
168790,16780,1.0905356407165527
168800,16781,1.2119439840316772
168810,16782,2.056908130645752
168820,16783,1.2082438468933105
168830,16784,3.413862705230713
168840,16785,1.1960601806640625
168850,16786,0.9398385882377625
168860,16787,1.6438820362091064
168870,16788,1.045681118965149
168880,16789,0.4357295632362366
168890,16790,0.614827036857605
168900,16791,0.7275584936141968
168910,16792,1.726729393005371
168920,16793,1.3229444026947021
168930,16794,0.8018018007278442
168940,16795,1.7201449871063232
168950,16796,0.8985581398010254
168960,16797,0.7686938047409058
168970,16798,4.455040454864502
168980,16799,0.7346175909042358
168990,16800,1.1918916702270508
169000,16801,0.963477373123169
169010,16802,1.7056291103363037
169020,16803,1.088834285736084
169030,16804,1.2113769054412842
169040,16805,1.5464859008789062
169050,16806,1.8027678728103638
169060,16807,0.9467875957489014
169070,16808,0.9743468761444092
169080,16809,1.3318815231323242
169090,16810,3.1384642124176025
169100,16811,0.8950200080871582
169110,16812,1.6534322500228882
169120,16813,2.1768975257873535
169130,16814,2.243898630142212
169140,16815,0.7839986085891724
169150,16816,1.04866361618042
169160,16817,0.904979407787323
169170,16818,1.2634987831115723
169180,16819,1.7272311449050903
169190,16820,1.5244121551513672
169200,16821,1.2765275239944458
169210,16822,2.2006988525390625
169220,16823,1.2952882051467896
169230,16824,1.062584638595581
169240,16825,0.9798556566238403
169250,16826,3.6422650814056396
169260,16827,1.206883192062378
169270,16828,1.6822056770324707
169280,16829,2.3645553588867188
169290,16830,1.1616592407226562
169300,16831,1.109655499458313
169310,16832,1.871349811553955
169320,16833,3.6848220825195312
169330,16834,2.218942880630493
169340,16835,1.0817389488220215
169350,16836,1.523849606513977
169360,16837,1.6833676099777222
169370,16838,1.5475307703018188
169380,16839,2.0673739910125732
169390,16840,1.3638336658477783
169400,16841,1.544275164604187
169410,16842,1.256148099899292
169420,16843,1.0649198293685913
169430,16844,1.444673776626587
169440,16845,1.643749475479126
169450,16846,0.9399648308753967
169460,16847,2.1125612258911133
169470,16848,1.263176679611206
169480,16849,2.030398368835449
169490,16850,1.6013762950897217
169500,16851,1.1412734985351562
169510,16852,1.2618608474731445
169520,16853,2.284163475036621
169530,16854,1.0654017925262451
169540,16855,1.547782301902771
169550,16856,1.0586535930633545
169560,16857,1.457103967666626
169570,16858,0.6066427230834961
169580,16859,1.0585993528366089
169590,16860,1.3613097667694092
169600,16861,1.0094928741455078
169610,16862,0.8265793919563293
169620,16863,1.7400553226470947
169630,16864,1.5552045106887817
169640,16865,1.3754605054855347
169650,16866,1.5322809219360352
169660,16867,0.9869785308837891
169670,16868,5.695294380187988
169680,16869,2.7956020832061768
169690,16870,1.488476276397705
169700,16871,1.8436623811721802
169710,16872,1.6040844917297363
169720,16873,0.4433184862136841
169730,16874,0.697222113609314
169740,16875,3.0693743228912354
169750,16876,1.9242956638336182
169760,16877,1.0657910108566284
169770,16878,1.5553737878799438
169780,16879,1.6557667255401611
169790,16880,0.9652099609375
169800,16881,2.6572623252868652
169810,16882,1.1833857297897339
169820,16883,1.2462103366851807
169830,16884,1.2995678186416626
169840,16885,1.4375519752502441
169850,16886,3.550539970397949
169860,16887,2.2524240016937256
169870,16888,1.6701658964157104
169880,16889,1.117183804512024
169890,16890,1.1060179471969604
169900,16891,0.9988995790481567
169910,16892,2.4785189628601074
169920,16893,1.6445727348327637
169930,16894,1.0730397701263428
169940,16895,2.4027795791625977
169950,16896,1.3148462772369385
169960,16897,2.689410924911499
169970,16898,0.5466582775115967
169980,16899,1.0975053310394287
169990,16900,1.3877229690551758
170000,16901,2.7052648067474365
170010,16902,2.9654722213745117
170020,16903,2.0019359588623047
170030,16904,1.8058370351791382
170040,16905,1.7996108531951904
170050,16906,3.9145994186401367
170060,16907,0.7876362800598145
170070,16908,5.095447063446045
170080,16909,2.407472610473633
170090,16910,1.2505825757980347
170100,16911,1.4219260215759277
170110,16912,1.216094970703125
170120,16913,0.8896377086639404
170130,16914,2.1496005058288574
170140,16915,0.8311274647712708
170150,16916,3.501108407974243
170160,16917,1.416999340057373
170170,16918,0.910704493522644
170180,16919,1.217956781387329
170190,16920,1.823368787765503
170200,16921,4.688950061798096
170210,16922,1.098774790763855
170220,16923,1.378055214881897
170230,16924,2.0886471271514893
170240,16925,1.180273413658142
170250,16926,1.50438392162323
170260,16927,1.203729510307312
170270,16928,1.9041467905044556
170280,16929,1.9892829656600952
170290,16930,1.4862496852874756
170300,16931,1.5281193256378174
170310,16932,0.9789490103721619
170320,16933,1.1638394594192505
170330,16934,2.0028603076934814
170340,16935,2.0913939476013184
170350,16936,0.9138410091400146
170360,16937,0.9281022548675537
170370,16938,2.3111305236816406
170380,16939,1.5361270904541016
170390,16940,1.5941134691238403
170400,16941,0.7405286431312561
170410,16942,1.8816982507705688
170420,16943,4.897582530975342
170430,16944,0.8115193247795105
170440,16945,1.5391472578048706
170450,16946,1.43964684009552
170460,16947,1.099349856376648
170470,16948,1.8590346574783325
170480,16949,1.141278624534607
170490,16950,1.2291383743286133
170500,16951,1.4705960750579834
170510,16952,1.9393739700317383
170520,16953,1.065672755241394
170530,16954,1.816609501838684
170540,16955,1.6599836349487305
170550,16956,1.2893260717391968
170560,16957,4.484039783477783
170570,16958,5.538481712341309
170580,16959,3.061461925506592
170590,16960,0.5873746275901794
170600,16961,0.9091436862945557
170610,16962,1.4950988292694092
170620,16963,3.6348862648010254
170630,16964,1.1332141160964966
170640,16965,0.80678790807724
170650,16966,1.6463481187820435
170660,16967,3.114238739013672
170670,16968,2.2126641273498535
170680,16969,2.1509878635406494
170690,16970,1.9094655513763428
170700,16971,1.3943696022033691
170710,16972,2.956075668334961
170720,16973,1.1068350076675415
170730,16974,1.2811203002929688
170740,16975,1.4964479207992554
170750,16976,2.215991497039795
170760,16977,1.5320584774017334
170770,16978,1.2177202701568604
170780,16979,1.8585014343261719
170790,16980,3.8782200813293457
170800,16981,2.170626640319824
170810,16982,2.772742986679077
170820,16983,0.9666111469268799
170830,16984,1.6976685523986816
170840,16985,1.1530053615570068
170850,16986,2.711469888687134
170860,16987,2.887728214263916
170870,16988,3.572795867919922
170880,16989,1.8093068599700928
170890,16990,1.8644039630889893
170900,16991,1.3923991918563843
170910,16992,0.8991659879684448
170920,16993,2.8790109157562256
170930,16994,1.84463369846344
170940,16995,0.9039473533630371
170950,16996,1.397955298423767
170960,16997,3.0105669498443604
170970,16998,3.6135406494140625
170980,16999,1.7625712156295776
170990,17000,1.8830775022506714
171000,17001,1.2141371965408325
171010,17002,1.0987015962600708
171020,17003,1.2610716819763184
171030,17004,2.1909029483795166
171040,17005,1.2273383140563965
171050,17006,2.264719247817993
171060,17007,1.2445497512817383
171070,17008,1.0302376747131348
171080,17009,3.173414468765259
171090,17010,5.427800178527832
171100,17011,1.1551347970962524
171110,17012,1.4381650686264038
171120,17013,1.7794303894042969
171130,17014,0.8098770380020142
171140,17015,0.9881536960601807
171150,17016,2.7684500217437744
171160,17017,0.5690333843231201
171170,17018,1.6558644771575928
171180,17019,1.7112584114074707
171190,17020,1.522586703300476
171200,17021,0.8949741721153259
171210,17022,0.9338525533676147
171220,17023,0.9275820851325989
171230,17024,0.90834641456604
171240,17025,0.6207330822944641
171250,17026,2.401150703430176
171260,17027,1.9657808542251587
171270,17028,1.3426061868667603
171280,17029,1.4853849411010742
171290,17030,2.232235908508301
171300,17031,0.5310778021812439
171310,17032,1.3216180801391602
171320,17033,0.9892123341560364
171330,17034,1.1555426120758057
171340,17035,0.7317020893096924
171350,17036,2.64835524559021
171360,17037,2.4920990467071533
171370,17038,0.8847306966781616
171380,17039,0.9554493427276611
171390,17040,0.8686276078224182
171400,17041,3.408717155456543
171410,17042,1.705124020576477
171420,17043,0.9202246069908142
171430,17044,1.2732599973678589
171440,17045,1.0834146738052368
171450,17046,1.2805405855178833
171460,17047,2.6533470153808594
171470,17048,2.711308240890503
171480,17049,2.2464065551757812
171490,17050,1.4177062511444092
171500,17051,1.178162932395935
171510,17052,1.014025092124939
171520,17053,2.784175395965576
171530,17054,1.0789499282836914
171540,17055,3.0969765186309814
171550,17056,1.1336309909820557
171560,17057,1.2196810245513916
171570,17058,2.3634579181671143
171580,17059,2.3312723636627197
171590,17060,1.0607465505599976
171600,17061,2.003659963607788
171610,17062,1.2229567766189575
171620,17063,0.8521862626075745
171630,17064,3.8211629390716553
171640,17065,1.006204605102539
171650,17066,0.8389484286308289
171660,17067,0.7328181266784668
171670,17068,4.126527786254883
171680,17069,0.6256696581840515
171690,17070,2.210325002670288
171700,17071,1.6179797649383545
171710,17072,0.9642007946968079
171720,17073,1.3339684009552002
171730,17074,1.7770435810089111
171740,17075,1.3824090957641602
171750,17076,2.1339621543884277
171760,17077,2.843904972076416
171770,17078,2.2706096172332764
171780,17079,1.600796103477478
171790,17080,1.2925853729248047
171800,17081,1.9826661348342896
171810,17082,1.9175223112106323
171820,17083,1.2840509414672852
171830,17084,1.8953570127487183
171840,17085,2.517993211746216
171850,17086,0.6668272614479065
171860,17087,3.7713892459869385
171870,17088,0.701541006565094
171880,17089,1.4132163524627686
171890,17090,1.075174331665039
171900,17091,0.4951435625553131
171910,17092,0.667607843875885
171920,17093,1.2969112396240234
171930,17094,1.4360045194625854
171940,17095,1.9330931901931763
171950,17096,1.9836664199829102
171960,17097,3.0092828273773193
171970,17098,1.364622950553894
171980,17099,1.9678858518600464
171990,17100,1.5862436294555664
172000,17101,1.1041682958602905
172010,17102,1.7803720235824585
172020,17103,2.5565688610076904
172030,17104,5.045382976531982
172040,17105,1.860705852508545
172050,17106,2.072692632675171
172060,17107,2.3499231338500977
172070,17108,1.9561574459075928
172080,17109,2.8205597400665283
172090,17110,2.6866796016693115
172100,17111,2.660261392593384
172110,17112,2.6112172603607178
172120,17113,1.7290081977844238
172130,17114,2.304832696914673
172140,17115,0.934664785861969
172150,17116,2.1584701538085938
172160,17117,2.0162014961242676
172170,17118,1.758136510848999
172180,17119,2.142488956451416
172190,17120,1.7338130474090576
172200,17121,1.0682170391082764
172210,17122,0.9752700328826904
172220,17123,3.3193628787994385
172230,17124,1.5431898832321167
172240,17125,2.31577730178833
172250,17126,1.4853475093841553
172260,17127,1.1957924365997314
172270,17128,1.0361089706420898
172280,17129,1.7199735641479492
172290,17130,1.0899510383605957
172300,17131,1.1815954446792603
172310,17132,0.8447530269622803
172320,17133,1.7396259307861328
172330,17134,1.661653995513916
172340,17135,0.6333644986152649
172350,17136,2.264019250869751
172360,17137,1.9174189567565918
172370,17138,2.2055554389953613
172380,17139,1.0833160877227783
172390,17140,1.3758471012115479
172400,17141,2.642791748046875
172410,17142,2.646057605743408
172420,17143,0.7439460754394531
172430,17144,1.364137887954712
172440,17145,1.031099796295166
172450,17146,1.681472897529602
172460,17147,2.07283353805542
172470,17148,2.5181477069854736
172480,17149,3.454758882522583
172490,17150,1.1461371183395386
172500,17151,1.2201759815216064
172510,17152,1.8010685443878174
172520,17153,1.4648922681808472
172530,17154,1.5550659894943237
172540,17155,2.1256303787231445
172550,17156,2.90474796295166
172560,17157,2.203010320663452
172570,17158,2.2622158527374268
172580,17159,2.092349052429199
172590,17160,1.3044878244400024
172600,17161,1.3268855810165405
172610,17162,1.4888341426849365
172620,17163,2.051363229751587
172630,17164,1.7338778972625732
172640,17165,1.3711926937103271
172650,17166,1.6224604845046997
172660,17167,1.5029188394546509
172670,17168,1.683228611946106
172680,17169,3.2947702407836914
172690,17170,1.1831169128417969
172700,17171,2.332843780517578
172710,17172,2.3708834648132324
172720,17173,1.7153040170669556
172730,17174,1.4040422439575195
172740,17175,0.6745635271072388
172750,17176,4.178920745849609
172760,17177,3.7385952472686768
172770,17178,2.014948606491089
172780,17179,2.5375733375549316
172790,17180,1.9874638319015503
172800,17181,1.1946464776992798
172810,17182,1.2525115013122559
172820,17183,2.7918155193328857
172830,17184,0.7448521852493286
172840,17185,2.170135974884033
172850,17186,1.8093595504760742
172860,17187,2.509058713912964
172870,17188,0.9990770816802979
172880,17189,1.4922703504562378
172890,17190,1.8325512409210205
172900,17191,2.4304802417755127
172910,17192,1.8888627290725708
172920,17193,4.392359733581543
172930,17194,2.024839401245117
172940,17195,2.143740653991699
172950,17196,1.1832475662231445
172960,17197,0.9849134683609009
172970,17198,1.7691795825958252
172980,17199,2.112325668334961
172990,17200,1.2048039436340332
173000,17201,0.7010506391525269
173010,17202,2.7779836654663086
173020,17203,1.3070895671844482
173030,17204,1.0515108108520508
173040,17205,1.3567278385162354
173050,17206,2.0141005516052246
173060,17207,0.6809724569320679
173070,17208,2.4017832279205322
173080,17209,2.746138095855713
173090,17210,1.0616532564163208
173100,17211,1.3274043798446655
173110,17212,1.1734000444412231
173120,17213,1.0596121549606323
173130,17214,1.1675059795379639
173140,17215,2.245609760284424
173150,17216,1.9640127420425415
173160,17217,1.065566897392273
173170,17218,1.0953986644744873
173180,17219,2.9440150260925293
173190,17220,2.1992719173431396
173200,17221,2.5282537937164307
173210,17222,2.359424114227295
173220,17223,1.2043527364730835
173230,17224,2.6045780181884766
173240,17225,1.3903230428695679
173250,17226,1.2852516174316406
173260,17227,1.319244146347046
173270,17228,0.8829578161239624
173280,17229,3.161526679992676
173290,17230,1.9420506954193115
173300,17231,2.02671217918396
173310,17232,1.0873886346817017
173320,17233,1.0116345882415771
173330,17234,1.3774363994598389
173340,17235,1.4338792562484741
173350,17236,1.942083716392517
173360,17237,2.0966479778289795
173370,17238,1.10993230342865
173380,17239,2.183880567550659
173390,17240,2.2994272708892822
173400,17241,0.9229109287261963
173410,17242,1.0244300365447998
173420,17243,1.3166966438293457
173430,17244,0.7809363603591919
173440,17245,2.0158193111419678
173450,17246,2.5919508934020996
173460,17247,1.0325936079025269
173470,17248,1.606623649597168
173480,17249,2.026977062225342
173490,17250,2.205703020095825
173500,17251,2.7077407836914062
173510,17252,1.4538030624389648
173520,17253,1.6052426099777222
173530,17254,2.4067471027374268
173540,17255,3.2246344089508057
173550,17256,1.5030385255813599
173560,17257,0.8955002427101135
173570,17258,2.953476905822754
173580,17259,3.0693588256835938
173590,17260,1.4943217039108276
173600,17261,1.6756442785263062
173610,17262,1.5783780813217163
173620,17263,0.8764801025390625
173630,17264,2.185455560684204
173640,17265,1.0739870071411133
173650,17266,1.1908513307571411
173660,17267,0.8780210614204407
173670,17268,1.1912840604782104
173680,17269,1.7509727478027344
173690,17270,5.348855972290039
173700,17271,2.499720335006714
173710,17272,3.005894660949707
173720,17273,0.7523406147956848
173730,17274,4.111998558044434
173740,17275,1.2088534832000732
173750,17276,2.138639211654663
173760,17277,1.0246407985687256
173770,17278,0.9589798450469971
173780,17279,0.5732579827308655
173790,17280,2.605454921722412
173800,17281,1.4301390647888184
173810,17282,1.6700794696807861
173820,17283,2.297826051712036
173830,17284,1.158431887626648
173840,17285,1.7897535562515259
173850,17286,1.1491105556488037
173860,17287,1.170729637145996
173870,17288,1.3509916067123413
173880,17289,0.9002867937088013
173890,17290,0.9954897165298462
173900,17291,2.3985767364501953
173910,17292,1.5247163772583008
173920,17293,3.6097159385681152
173930,17294,1.2195866107940674
173940,17295,0.6968423128128052
173950,17296,1.0895425081253052
173960,17297,1.7762956619262695
173970,17298,0.47511932253837585
173980,17299,1.5121142864227295
173990,17300,1.0806303024291992
174000,17301,2.2368102073669434
174010,17302,2.855356216430664
174020,17303,2.180715322494507
174030,17304,1.4640765190124512
174040,17305,1.545135498046875
174050,17306,1.3919365406036377
174060,17307,1.06507408618927
174070,17308,3.2676942348480225
174080,17309,1.3279043436050415
174090,17310,3.2912988662719727
174100,17311,1.143970251083374
174110,17312,1.371594786643982
174120,17313,2.0014398097991943
174130,17314,1.748270869255066
174140,17315,2.6113784313201904
174150,17316,1.185753345489502
174160,17317,0.832054853439331
174170,17318,2.273494005203247
174180,17319,2.5434162616729736
174190,17320,2.5887153148651123
174200,17321,2.0619583129882812
174210,17322,1.4459375143051147
174220,17323,2.463510274887085
174230,17324,1.4381999969482422
174240,17325,1.2479716539382935
174250,17326,1.3570406436920166
174260,17327,0.9320048093795776
174270,17328,1.6418472528457642
174280,17329,1.501019835472107
174290,17330,1.471611499786377
174300,17331,1.8053257465362549
174310,17332,1.1859745979309082
174320,17333,0.6120731830596924
174330,17334,0.8780491352081299
174340,17335,0.716794490814209
174350,17336,1.4237607717514038
174360,17337,1.004733920097351
174370,17338,5.778977394104004
174380,17339,1.0352294445037842
174390,17340,1.3872178792953491
174400,17341,1.5333168506622314
174410,17342,1.1586604118347168
174420,17343,1.9411970376968384
174430,17344,1.2458503246307373
174440,17345,1.1409391164779663
174450,17346,2.565608501434326
174460,17347,2.2180848121643066
174470,17348,1.8235193490982056
174480,17349,1.4064384698867798
174490,17350,0.9732427597045898
174500,17351,2.4420154094696045
174510,17352,1.4558154344558716
174520,17353,1.5141854286193848
174530,17354,1.679678201675415
174540,17355,2.2331485748291016
174550,17356,1.5087703466415405
174560,17357,1.0858190059661865
174570,17358,2.50405216217041
174580,17359,1.287514090538025
174590,17360,2.688838243484497
174600,17361,2.3611936569213867
174610,17362,3.9662961959838867
174620,17363,0.6323500871658325
174630,17364,0.9188099503517151
174640,17365,0.7049481868743896
174650,17366,1.4344007968902588
174660,17367,3.0472679138183594
174670,17368,2.1369266510009766
174680,17369,0.5927934646606445
174690,17370,1.478030800819397
174700,17371,0.9753139019012451
174710,17372,3.3507189750671387
174720,17373,3.0925652980804443
174730,17374,3.043947219848633
174740,17375,0.6634011268615723
174750,17376,0.8067315816879272
174760,17377,0.9176493287086487
174770,17378,1.8915984630584717
174780,17379,0.7778164744377136
174790,17380,1.8181520700454712
174800,17381,0.5267364978790283
174810,17382,2.0121867656707764
174820,17383,1.7572779655456543
174830,17384,1.3382453918457031
174840,17385,5.4529900550842285
174850,17386,1.0818729400634766
174860,17387,1.5931919813156128
174870,17388,2.0611884593963623
174880,17389,1.4162049293518066
174890,17390,2.0297067165374756
174900,17391,2.0425429344177246
174910,17392,1.1479527950286865
174920,17393,1.4574415683746338
174930,17394,1.085078477859497
174940,17395,1.908310055732727
174950,17396,1.5524898767471313
174960,17397,2.764735221862793
174970,17398,2.4628520011901855
174980,17399,1.3666903972625732
174990,17400,3.4331250190734863
175000,17401,1.31892728805542
175010,17402,1.0894889831542969
175020,17403,2.151224136352539
175030,17404,1.7418811321258545
175040,17405,1.736234188079834
175050,17406,1.3691816329956055
175060,17407,1.565791130065918
175070,17408,0.7863717079162598
175080,17409,2.2049448490142822
175090,17410,2.412904977798462
175100,17411,0.815311074256897
175110,17412,0.3185831606388092
175120,17413,1.9177085161209106
175130,17414,1.0718646049499512
175140,17415,1.2864071130752563
175150,17416,1.8241426944732666
175160,17417,1.8656291961669922
175170,17418,2.58284330368042
175180,17419,1.1155763864517212
175190,17420,2.006497621536255
175200,17421,2.0396556854248047
175210,17422,1.3013114929199219
175220,17423,1.4287039041519165
175230,17424,0.60056072473526
175240,17425,4.055901527404785
175250,17426,1.687333583831787
175260,17427,2.2552475929260254
175270,17428,1.3425921201705933
175280,17429,1.288366675376892
175290,17430,0.9438977837562561
175300,17431,2.1197707653045654
175310,17432,1.63118577003479
175320,17433,1.504489541053772
175330,17434,2.593380928039551
175340,17435,2.7863121032714844
175350,17436,1.4942913055419922
175360,17437,3.503469467163086
175370,17438,2.067549705505371
175380,17439,1.3468245267868042
175390,17440,1.97285795211792
175400,17441,2.2774386405944824
175410,17442,1.708603024482727
175420,17443,2.7930190563201904
175430,17444,2.395461320877075
175440,17445,1.9922356605529785
175450,17446,2.106580972671509
175460,17447,1.495836615562439
175470,17448,0.8767280578613281
175480,17449,0.9398786425590515
175490,17450,1.3031023740768433
175500,17451,3.0306742191314697
175510,17452,1.9136550426483154
175520,17453,3.486611843109131
175530,17454,1.1012589931488037
175540,17455,1.9550292491912842
175550,17456,1.5998753309249878
175560,17457,1.1770706176757812
175570,17458,1.1482865810394287
175580,17459,3.010470390319824
175590,17460,3.5911121368408203
175600,17461,1.0041261911392212
175610,17462,2.7262911796569824
175620,17463,0.9468647837638855
175630,17464,1.6303130388259888
175640,17465,1.1484794616699219
175650,17466,1.9671396017074585
175660,17467,1.5764790773391724
175670,17468,1.0144010782241821
175680,17469,0.8671668767929077
175690,17470,2.0152077674865723
175700,17471,2.3866872787475586
175710,17472,3.1744205951690674
175720,17473,1.0882925987243652
175730,17474,4.459405899047852
175740,17475,1.5720093250274658
175750,17476,3.1040074825286865
175760,17477,1.1363434791564941
175770,17478,2.048537015914917
175780,17479,2.0337090492248535
175790,17480,0.7967400550842285
175800,17481,3.8587660789489746
175810,17482,1.1297353506088257
175820,17483,3.7919933795928955
175830,17484,1.9508204460144043
175840,17485,0.9244334101676941
175850,17486,2.2683849334716797
175860,17487,0.8709138631820679
175870,17488,2.1293177604675293
175880,17489,1.2053446769714355
175890,17490,1.557844638824463
175900,17491,1.3447413444519043
175910,17492,1.1035213470458984
175920,17493,2.051004409790039
175930,17494,1.09992253780365
175940,17495,1.4642927646636963
175950,17496,0.9748905897140503
175960,17497,2.469536781311035
175970,17498,1.0527313947677612
175980,17499,0.9104814529418945
175990,17500,1.3105143308639526
176000,17501,1.9584181308746338
176010,17502,1.5358415842056274
176020,17503,1.7806305885314941
176030,17504,2.586702585220337
176040,17505,2.5952415466308594
176050,17506,1.728863000869751
176060,17507,2.3490755558013916
176070,17508,1.3785511255264282
176080,17509,2.3826794624328613
176090,17510,2.3090572357177734
176100,17511,1.6919124126434326
176110,17512,1.5637482404708862
176120,17513,2.7985169887542725
176130,17514,1.8736993074417114
176140,17515,1.703715205192566
176150,17516,2.412806987762451
176160,17517,2.2580153942108154
176170,17518,1.4544938802719116
176180,17519,1.4181327819824219
176190,17520,3.1680946350097656
176200,17521,1.9294028282165527
176210,17522,2.387740135192871
176220,17523,3.513606071472168
176230,17524,2.420994281768799
176240,17525,2.1639106273651123
176250,17526,1.6372015476226807
176260,17527,1.2918142080307007
176270,17528,4.354983806610107
176280,17529,2.4584765434265137
176290,17530,1.4370365142822266
176300,17531,1.3400938510894775
176310,17532,1.6954751014709473
176320,17533,0.856903612613678
176330,17534,7.131969451904297
176340,17535,1.5211501121520996
176350,17536,1.9796358346939087
176360,17537,2.1003258228302
176370,17538,1.3614102602005005
176380,17539,1.3374619483947754
176390,17540,1.954270839691162
176400,17541,2.845850706100464
176410,17542,1.561128854751587
176420,17543,1.7906562089920044
176430,17544,1.9406776428222656
176440,17545,2.3187997341156006
176450,17546,2.43544602394104
176460,17547,1.563037633895874
176470,17548,1.3245537281036377
176480,17549,2.6288037300109863
176490,17550,1.7208044528961182
176500,17551,1.893678903579712
176510,17552,2.195150375366211
176520,17553,1.553810477256775
176530,17554,1.4876970052719116
176540,17555,2.0921919345855713
176550,17556,1.5782345533370972
176560,17557,1.3873120546340942
176570,17558,1.4360690116882324
176580,17559,2.0960633754730225
176590,17560,3.233651638031006
176600,17561,0.9702161550521851
176610,17562,2.0159409046173096
176620,17563,1.848905324935913
176630,17564,1.1422667503356934
176640,17565,1.5876026153564453
176650,17566,3.907863140106201
176660,17567,1.6034728288650513
176670,17568,1.1329920291900635
176680,17569,1.4270380735397339
176690,17570,1.6610032320022583
176700,17571,3.1960344314575195
176710,17572,2.6587064266204834
176720,17573,1.3106902837753296
176730,17574,2.0911600589752197
176740,17575,2.5561695098876953
176750,17576,1.3889076709747314
176760,17577,0.891440212726593
176770,17578,3.8873343467712402
176780,17579,1.2540546655654907
176790,17580,0.9048874974250793
176800,17581,1.8113911151885986
176810,17582,1.5199024677276611
176820,17583,1.8100465536117554
176830,17584,1.8535072803497314
176840,17585,4.341701030731201
176850,17586,1.9446797370910645
176860,17587,6.145113468170166
176870,17588,1.638738751411438
176880,17589,1.752245545387268
176890,17590,1.9735463857650757
176900,17591,1.3185007572174072
176910,17592,1.1762769222259521
176920,17593,1.5413179397583008
176930,17594,0.5109487175941467
176940,17595,1.608203411102295
176950,17596,1.0747425556182861
176960,17597,1.0878407955169678
176970,17598,0.5313910245895386
176980,17599,1.3747977018356323
176990,17600,1.2484556436538696
177000,17601,3.0256717205047607
177010,17602,1.5331469774246216
177020,17603,1.075959324836731
177030,17604,1.3914148807525635
177040,17605,0.8299775719642639
177050,17606,4.247045516967773
177060,17607,1.3974162340164185
177070,17608,1.1476340293884277
177080,17609,1.2988288402557373
177090,17610,1.2062177658081055
177100,17611,1.41061270236969
177110,17612,2.6246743202209473
177120,17613,1.2775131464004517
177130,17614,1.1123487949371338
177140,17615,2.5210721492767334
177150,17616,2.9651811122894287
177160,17617,1.501118779182434
177170,17618,2.153916597366333
177180,17619,1.7389802932739258
177190,17620,1.4974091053009033
177200,17621,1.6711277961730957
177210,17622,2.101985216140747
177220,17623,2.1217329502105713
177230,17624,1.933493733406067
177240,17625,1.7657898664474487
177250,17626,3.418362617492676
177260,17627,1.3863626718521118
177270,17628,2.3523573875427246
177280,17629,1.1505248546600342
177290,17630,0.7973114848136902
177300,17631,2.1122782230377197
177310,17632,4.3023223876953125
177320,17633,1.4116179943084717
177330,17634,1.5059149265289307
177340,17635,1.6994913816452026
177350,17636,1.7181074619293213
177360,17637,2.6599950790405273
177370,17638,0.8208795189857483
177380,17639,1.7967500686645508
177390,17640,1.3868365287780762
177400,17641,1.6476027965545654
177410,17642,1.5534979104995728
177420,17643,1.621830940246582
177430,17644,3.4904580116271973
177440,17645,0.8448426723480225
177450,17646,1.4545313119888306
177460,17647,1.3692806959152222
177470,17648,3.098396062850952
177480,17649,3.939878225326538
177490,17650,0.7294037342071533
177500,17651,2.048581838607788
177510,17652,1.4142601490020752
177520,17653,2.1828670501708984
177530,17654,1.774576187133789
177540,17655,1.6871113777160645
177550,17656,1.15699303150177
177560,17657,1.4886894226074219
177570,17658,3.1815497875213623
177580,17659,1.6708083152770996
177590,17660,1.0356043577194214
177600,17661,1.3892394304275513
177610,17662,2.762763738632202
177620,17663,0.7607312202453613
177630,17664,2.9258830547332764
177640,17665,2.308448314666748
177650,17666,1.1188639402389526
177660,17667,2.346824884414673
177670,17668,1.5625489950180054
177680,17669,3.7153782844543457
177690,17670,1.46774423122406
177700,17671,0.731153130531311
177710,17672,1.1465141773223877
177720,17673,1.1139435768127441
177730,17674,0.7904583215713501
177740,17675,3.5738797187805176
177750,17676,0.9855780601501465
177760,17677,1.30746328830719
177770,17678,0.692746639251709
177780,17679,1.677706241607666
177790,17680,1.3232159614562988
177800,17681,1.1424750089645386
177810,17682,0.7318906188011169
177820,17683,0.90380859375
177830,17684,4.227914333343506
177840,17685,1.617908000946045
177850,17686,5.524482250213623
177860,17687,0.9935256242752075
177870,17688,2.093346118927002
177880,17689,1.370715618133545
177890,17690,3.4557197093963623
177900,17691,1.5492079257965088
177910,17692,2.5167641639709473
177920,17693,1.5821962356567383
177930,17694,2.072421073913574
177940,17695,1.148955225944519
177950,17696,3.3276758193969727
177960,17697,1.9967461824417114
177970,17698,1.1955575942993164
177980,17699,0.8415626883506775
177990,17700,1.6797618865966797
178000,17701,1.5862138271331787
178010,17702,1.2850620746612549
178020,17703,3.0188181400299072
178030,17704,2.925150156021118
178040,17705,2.622124433517456
178050,17706,1.9040135145187378
178060,17707,3.1681127548217773
178070,17708,1.757068157196045
178080,17709,1.688644528388977
178090,17710,3.547924757003784
178100,17711,0.8596945405006409
178110,17712,3.5603175163269043
178120,17713,1.4760417938232422
178130,17714,1.4956281185150146
178140,17715,2.886157512664795
178150,17716,1.5881340503692627
178160,17717,3.470334768295288
178170,17718,1.888984203338623
178180,17719,1.9784168004989624
178190,17720,1.358656644821167
178200,17721,1.5940275192260742
178210,17722,1.7540442943572998
178220,17723,3.471860885620117
178230,17724,1.4831706285476685
178240,17725,1.6748731136322021
178250,17726,1.3736146688461304
178260,17727,3.9260711669921875
178270,17728,1.960036039352417
178280,17729,2.472341299057007
178290,17730,1.7418299913406372
178300,17731,1.6401891708374023
178310,17732,0.9702584743499756
178320,17733,2.0093917846679688
178330,17734,2.0743956565856934
178340,17735,3.947834014892578
178350,17736,2.070436716079712
178360,17737,2.5447306632995605
178370,17738,1.0724754333496094
178380,17739,2.1288750171661377
178390,17740,2.5375139713287354
178400,17741,2.330749273300171
178410,17742,0.974338173866272
178420,17743,1.8295522928237915
178430,17744,1.1674890518188477
178440,17745,3.1274545192718506
178450,17746,5.3637309074401855
178460,17747,1.8735215663909912
178470,17748,1.4140316247940063
178480,17749,1.4899848699569702
178490,17750,1.0594373941421509
178500,17751,3.8407397270202637
178510,17752,3.6783111095428467
178520,17753,1.0125924348831177
178530,17754,2.059283494949341
178540,17755,1.7305612564086914
178550,17756,2.991485118865967
178560,17757,2.4431793689727783
178570,17758,2.5691449642181396
178580,17759,1.3538975715637207
178590,17760,2.3463432788848877
178600,17761,2.070816993713379
178610,17762,1.1885124444961548
178620,17763,2.574429988861084
178630,17764,3.566066265106201
178640,17765,2.8702750205993652
178650,17766,2.3010501861572266
178660,17767,1.0000181198120117
178670,17768,2.098952293395996
178680,17769,1.929943323135376
178690,17770,0.9074538350105286
178700,17771,2.378988027572632
178710,17772,1.186359167098999
178720,17773,1.573250651359558
178730,17774,1.3095074892044067
178740,17775,1.52992582321167
178750,17776,1.4776352643966675
178760,17777,2.0338470935821533
178770,17778,3.2212016582489014
178780,17779,1.8893646001815796
178790,17780,2.277841091156006
178800,17781,1.278173565864563
178810,17782,2.443263053894043
178820,17783,2.022172451019287
178830,17784,1.954115867614746
178840,17785,2.258607864379883
178850,17786,2.0431718826293945
178860,17787,1.634636402130127
178870,17788,0.8266831040382385
178880,17789,1.274851679801941
178890,17790,2.12848162651062
178900,17791,1.30314040184021
178910,17792,4.161545276641846
178920,17793,1.3218647241592407
178930,17794,1.9367396831512451
178940,17795,1.7360858917236328
178950,17796,3.5612308979034424
178960,17797,1.91377854347229
178970,17798,1.2285698652267456
178980,17799,1.1898374557495117
178990,17800,1.0844147205352783
179000,17801,1.4197670221328735
179010,17802,1.0110905170440674
179020,17803,1.6034680604934692
179030,17804,3.086735248565674
179040,17805,2.03544282913208
179050,17806,1.8007397651672363
179060,17807,2.9352293014526367
179070,17808,2.596130609512329
179080,17809,1.6750668287277222
179090,17810,2.0126004219055176
179100,17811,1.4438250064849854
179110,17812,1.7617943286895752
179120,17813,2.6551027297973633
179130,17814,2.2317721843719482
179140,17815,2.811997890472412
179150,17816,1.5653613805770874
179160,17817,3.4962141513824463
179170,17818,3.299884796142578
179180,17819,2.2676026821136475
179190,17820,8.870104789733887
179200,17821,1.7797043323516846
179210,17822,1.465067982673645
179220,17823,2.4970877170562744
179230,17824,2.2312092781066895
179240,17825,2.22339129447937
179250,17826,1.204714298248291
179260,17827,2.16418194770813
179270,17828,3.385345458984375
179280,17829,0.9026646018028259
179290,17830,1.1141436100006104
179300,17831,1.8119512796401978
179310,17832,1.1508984565734863
179320,17833,1.5168800354003906
179330,17834,2.809256076812744
179340,17835,2.601290464401245
179350,17836,1.6477582454681396
179360,17837,2.694728374481201
179370,17838,2.2573659420013428
179380,17839,1.196399450302124
179390,17840,2.6879777908325195
179400,17841,1.8308924436569214
179410,17842,2.076198101043701
179420,17843,1.2087931632995605
179430,17844,1.2234195470809937
179440,17845,1.7085762023925781
179450,17846,2.5569069385528564
179460,17847,2.0374488830566406
179470,17848,3.169278621673584
179480,17849,1.880977988243103
179490,17850,2.4208269119262695
179500,17851,3.277505397796631
179510,17852,1.8468451499938965
179520,17853,2.072007179260254
179530,17854,1.9614648818969727
179540,17855,6.922413349151611
179550,17856,3.400646924972534
179560,17857,0.9380344748497009
179570,17858,1.0827780961990356
179580,17859,2.431340217590332
179590,17860,1.3355780839920044
179600,17861,1.0944775342941284
179610,17862,1.28470778465271
179620,17863,1.9327548742294312
179630,17864,2.435870409011841
179640,17865,3.4361066818237305
179650,17866,1.944183111190796
179660,17867,0.7909960150718689
179670,17868,2.1567916870117188
179680,17869,1.8356378078460693
179690,17870,1.2239880561828613
179700,17871,1.5323330163955688
179710,17872,2.3246266841888428
179720,17873,2.3778910636901855
179730,17874,1.0577367544174194
179740,17875,0.8849727511405945
179750,17876,4.5944390296936035
179760,17877,1.575791835784912
179770,17878,1.3283143043518066
179780,17879,2.044370651245117
179790,17880,2.5901947021484375
179800,17881,1.4501729011535645
179810,17882,4.149204254150391
179820,17883,1.346234679222107
179830,17884,1.8727879524230957
179840,17885,1.379814624786377
179850,17886,1.3527936935424805
179860,17887,1.4517967700958252
179870,17888,0.9692168831825256
179880,17889,2.8117496967315674
179890,17890,1.1024534702301025
179900,17891,1.9293715953826904
179910,17892,3.0780649185180664
179920,17893,1.5510303974151611
179930,17894,0.8212457895278931
179940,17895,2.285578966140747
179950,17896,2.328240394592285
179960,17897,1.524383783340454
179970,17898,0.913314938545227
179980,17899,1.4594788551330566
179990,17900,0.8876569271087646
180000,17901,1.5738906860351562
180010,17902,2.438685894012451
180020,17903,2.823488712310791
180030,17904,1.985688328742981
180040,17905,1.4753268957138062
180050,17906,2.9620320796966553
180060,17907,2.709404468536377
180070,17908,1.2875467538833618
180080,17909,3.5530331134796143
180090,17910,1.149125576019287
180100,17911,1.8733346462249756
180110,17912,2.6700057983398438
180120,17913,1.7358765602111816
180130,17914,2.1598544120788574
180140,17915,1.170432686805725
180150,17916,2.9819581508636475
180160,17917,0.8705909252166748
180170,17918,2.5180115699768066
180180,17919,1.0554217100143433
180190,17920,2.9618613719940186
180200,17921,2.526298761367798
180210,17922,1.7097535133361816
180220,17923,1.23320472240448
180230,17924,3.0764756202697754
180240,17925,1.7190396785736084
180250,17926,1.5018188953399658
180260,17927,1.4758400917053223
180270,17928,2.218979597091675
180280,17929,0.8678524494171143
180290,17930,1.2713019847869873
180300,17931,1.3451889753341675
180310,17932,1.0683259963989258
180320,17933,2.056901454925537
180330,17934,1.035304069519043
180340,17935,1.2043490409851074
180350,17936,1.4151443243026733
180360,17937,0.7614240050315857
180370,17938,0.8283145427703857
180380,17939,3.3644280433654785
180390,17940,1.5305242538452148
180400,17941,3.2401130199432373
180410,17942,3.053314447402954
180420,17943,0.5989400148391724
180430,17944,4.41981840133667
180440,17945,1.5403884649276733
180450,17946,3.3641223907470703
180460,17947,3.057042121887207
180470,17948,1.6581634283065796
180480,17949,0.9938925504684448
180490,17950,2.125143527984619
180500,17951,1.446750521659851
180510,17952,3.039189577102661
180520,17953,1.007561445236206
180530,17954,2.37979793548584
180540,17955,1.9198546409606934
180550,17956,4.478896617889404
180560,17957,1.0726717710494995
180570,17958,2.284367322921753
180580,17959,2.091557025909424
180590,17960,2.368464946746826
180600,17961,1.2911062240600586
180610,17962,1.974404215812683
180620,17963,1.0787098407745361
180630,17964,2.098621368408203
180640,17965,3.5190775394439697
180650,17966,1.34760320186615
180660,17967,2.197252035140991
180670,17968,2.611490249633789
180680,17969,1.4101753234863281
180690,17970,0.9974789619445801
180700,17971,1.256285548210144
180710,17972,2.9030442237854004
180720,17973,1.2071685791015625
180730,17974,2.496865749359131
180740,17975,1.9407495260238647
180750,17976,2.5034658908843994
180760,17977,1.5364400148391724
180770,17978,6.459778785705566
180780,17979,1.5715723037719727
180790,17980,0.8525541424751282
180800,17981,1.4266077280044556
180810,17982,1.983616828918457
180820,17983,1.2392319440841675
180830,17984,2.843090772628784
180840,17985,3.6447551250457764
180850,17986,1.9173555374145508
180860,17987,1.7450041770935059
180870,17988,1.030079960823059
180880,17989,1.0740605592727661
180890,17990,1.1656789779663086
180900,17991,1.0413552522659302
180910,17992,1.306694507598877
180920,17993,0.6020580530166626
180930,17994,1.1723921298980713
180940,17995,0.8520337343215942
180950,17996,1.1828845739364624
180960,17997,0.6435007452964783
180970,17998,5.895267009735107
180980,17999,3.2705726623535156
180990,18000,0.7129960060119629
181000,18001,1.4740878343582153
181010,18002,2.5487287044525146
181020,18003,1.8319916725158691
181030,18004,1.199915885925293
181040,18005,3.5011534690856934
181050,18006,2.2296669483184814
181060,18007,2.532349109649658
181070,18008,0.6334112882614136
181080,18009,1.7970526218414307
181090,18010,2.9012234210968018
181100,18011,3.075596809387207
181110,18012,3.385035991668701
181120,18013,2.766796112060547
181130,18014,2.049760341644287
181140,18015,1.16657555103302
181150,18016,1.2765566110610962
181160,18017,1.5656955242156982
181170,18018,0.9711686372756958
181180,18019,2.725588083267212
181190,18020,1.9133076667785645
181200,18021,2.74940824508667
181210,18022,1.4276443719863892
181220,18023,2.908240795135498
181230,18024,2.355703115463257
181240,18025,1.4103076457977295
181250,18026,2.30470609664917
181260,18027,3.1271066665649414
181270,18028,1.5652202367782593
181280,18029,2.6891016960144043
181290,18030,1.7704555988311768
181300,18031,2.6673572063446045
181310,18032,1.0684741735458374
181320,18033,1.6945030689239502
181330,18034,1.3706666231155396
181340,18035,1.316161870956421
181350,18036,2.161935329437256
181360,18037,1.9675791263580322
181370,18038,2.0326998233795166
181380,18039,0.8883141875267029
181390,18040,1.107338786125183
181400,18041,1.8459820747375488
181410,18042,2.172586679458618
181420,18043,3.7845098972320557
181430,18044,3.0430684089660645
181440,18045,2.486320734024048
181450,18046,1.7997554540634155
181460,18047,1.2607309818267822
181470,18048,1.470398187637329
181480,18049,0.5455939173698425
181490,18050,1.810646414756775
181500,18051,0.7432310581207275
181510,18052,3.4657392501831055
181520,18053,2.359018325805664
181530,18054,1.0222408771514893
181540,18055,3.200396776199341
181550,18056,1.6767387390136719
181560,18057,2.757446050643921
181570,18058,0.9947900772094727
181580,18059,1.7461552619934082
181590,18060,3.009296178817749
181600,18061,2.7489945888519287
181610,18062,2.2788147926330566
181620,18063,1.498375415802002
181630,18064,2.0201973915100098
181640,18065,2.579008102416992
181650,18066,1.739233374595642
181660,18067,2.999032735824585
181670,18068,1.4467012882232666
181680,18069,1.2942454814910889
181690,18070,2.170145273208618
181700,18071,2.1375792026519775
181710,18072,1.2172532081604004
181720,18073,1.6852385997772217
181730,18074,1.9456474781036377
181740,18075,1.335820198059082
181750,18076,3.551412343978882
181760,18077,2.6574015617370605
181770,18078,1.9072966575622559
181780,18079,2.1204066276550293
181790,18080,1.3164236545562744
181800,18081,1.3481392860412598
181810,18082,1.6579478979110718
181820,18083,2.877671957015991
181830,18084,1.3655036687850952
181840,18085,2.1270759105682373
181850,18086,1.6248557567596436
181860,18087,1.3169045448303223
181870,18088,2.218099355697632
181880,18089,2.368666172027588
181890,18090,0.8180263042449951
181900,18091,1.4612356424331665
181910,18092,1.6479835510253906
181920,18093,1.119383692741394
181930,18094,1.7988280057907104
181940,18095,1.4075818061828613
181950,18096,0.8715105652809143
181960,18097,1.2977573871612549
181970,18098,2.2545251846313477
181980,18099,1.1814301013946533
181990,18100,1.3721126317977905
182000,18101,1.5975136756896973
182010,18102,1.8470525741577148
182020,18103,2.083405017852783
182030,18104,2.063194751739502
182040,18105,1.883679747581482
182050,18106,1.7072221040725708
182060,18107,1.626855731010437
182070,18108,1.1835081577301025
182080,18109,1.02005934715271
182090,18110,0.5171388983726501
182100,18111,1.6819586753845215
182110,18112,3.9204416275024414
182120,18113,3.434894561767578
182130,18114,1.6738245487213135
182140,18115,5.906186103820801
182150,18116,2.4134416580200195
182160,18117,3.082242012023926
182170,18118,1.964302897453308
182180,18119,2.0527961254119873
182190,18120,2.346146583557129
182200,18121,0.862458348274231
182210,18122,0.8734512329101562
182220,18123,2.484109878540039
182230,18124,1.2801605463027954
182240,18125,0.8559732437133789
182250,18126,2.798931121826172
182260,18127,1.372334361076355
182270,18128,0.976179838180542
182280,18129,1.2149097919464111
182290,18130,3.576409101486206
182300,18131,3.072596549987793
182310,18132,0.6905989646911621
182320,18133,1.4103810787200928
182330,18134,1.9031493663787842
182340,18135,3.8128223419189453
182350,18136,1.5991382598876953
182360,18137,1.90569007396698
182370,18138,1.7245962619781494
182380,18139,0.8334654569625854
182390,18140,1.502854347229004
182400,18141,5.786547660827637
182410,18142,2.2095627784729004
182420,18143,2.66880202293396
182430,18144,2.2725117206573486
182440,18145,1.9889849424362183
182450,18146,3.4158785343170166
182460,18147,3.7975516319274902
182470,18148,1.1034178733825684
182480,18149,2.120311737060547
182490,18150,1.7340281009674072
182500,18151,3.166158676147461
182510,18152,4.435933589935303
182520,18153,1.78955078125
182530,18154,1.2648087739944458
182540,18155,0.9481090903282166
182550,18156,1.23969566822052
182560,18157,2.450071334838867
182570,18158,3.136481285095215
182580,18159,2.394436836242676
182590,18160,1.4079155921936035
182600,18161,1.5638726949691772
182610,18162,1.9324424266815186
182620,18163,0.9589030146598816
182630,18164,0.9214220643043518
182640,18165,6.212169647216797
182650,18166,1.3442600965499878
182660,18167,1.0483487844467163
182670,18168,5.331930637359619
182680,18169,1.1426812410354614
182690,18170,1.2179789543151855
182700,18171,0.7917325496673584
182710,18172,3.849306583404541
182720,18173,1.6033378839492798
182730,18174,2.2460291385650635
182740,18175,1.512880563735962
182750,18176,4.197395324707031
182760,18177,3.2359743118286133
182770,18178,1.2124674320220947
182780,18179,1.0335360765457153
182790,18180,2.963798761367798
182800,18181,1.42352294921875
182810,18182,0.7770414352416992
182820,18183,2.740295886993408
182830,18184,1.8153071403503418
182840,18185,1.1730237007141113
182850,18186,1.3946188688278198
182860,18187,3.4110398292541504
182870,18188,3.3720510005950928
182880,18189,2.7018063068389893
182890,18190,1.707826852798462
182900,18191,2.1637115478515625
182910,18192,0.580597996711731
182920,18193,3.887824296951294
182930,18194,1.9998642206192017
182940,18195,0.718760073184967
182950,18196,1.134940505027771
182960,18197,1.7850263118743896
182970,18198,1.4450798034667969
182980,18199,2.2381069660186768
182990,18200,2.2447609901428223
183000,18201,2.639002799987793
183010,18202,1.3700816631317139
183020,18203,1.9949893951416016
183030,18204,1.2136752605438232
183040,18205,1.1148631572723389
183050,18206,2.0407402515411377
183060,18207,0.8689171075820923
183070,18208,1.032031536102295
183080,18209,2.1387414932250977
183090,18210,3.3706085681915283
183100,18211,1.7508411407470703
183110,18212,3.544854164123535
183120,18213,1.6084965467453003
183130,18214,3.2259864807128906
183140,18215,2.415499210357666
183150,18216,1.1437156200408936
183160,18217,1.4796260595321655
183170,18218,2.193856716156006
183180,18219,1.7606606483459473
183190,18220,2.065072774887085
183200,18221,2.322990894317627
183210,18222,1.5030004978179932
183220,18223,1.508711338043213
183230,18224,2.395658016204834
183240,18225,2.2890374660491943
183250,18226,1.6233735084533691
183260,18227,1.617002010345459
183270,18228,1.2059377431869507
183280,18229,1.8725899457931519
183290,18230,1.8496928215026855
183300,18231,1.647398829460144
183310,18232,2.367234468460083
183320,18233,1.2554410696029663
183330,18234,2.3542017936706543
183340,18235,1.6345202922821045
183350,18236,1.7871421575546265
183360,18237,2.885756015777588
183370,18238,3.263566255569458
183380,18239,3.509714126586914
183390,18240,1.476144790649414
183400,18241,1.408873438835144
183410,18242,4.110897541046143
183420,18243,1.8691952228546143
183430,18244,1.2027842998504639
183440,18245,1.7323051691055298
183450,18246,1.6164426803588867
183460,18247,2.483173131942749
183470,18248,1.734987497329712
183480,18249,1.0326244831085205
183490,18250,3.296787738800049
183500,18251,2.0640954971313477
183510,18252,1.4300743341445923
183520,18253,2.6324896812438965
183530,18254,0.8192952275276184
183540,18255,0.6848911643028259
183550,18256,3.2275824546813965
183560,18257,2.1134254932403564
183570,18258,2.9956798553466797
183580,18259,1.2267167568206787
183590,18260,1.1800974607467651
183600,18261,1.1140648126602173
183610,18262,1.9505325555801392
183620,18263,1.4903537034988403
183630,18264,1.3920918703079224
183640,18265,2.2882046699523926
183650,18266,3.751133441925049
183660,18267,1.448796272277832
183670,18268,1.156489372253418
183680,18269,1.1217076778411865
183690,18270,0.9053497910499573
183700,18271,0.8632400035858154
183710,18272,2.490328788757324
183720,18273,1.2299275398254395
183730,18274,1.7673176527023315
183740,18275,2.4531683921813965
183750,18276,0.9461143612861633
183760,18277,2.4207589626312256
183770,18278,1.031014323234558
183780,18279,2.1865241527557373
183790,18280,1.0051465034484863
183800,18281,1.0614465475082397
183810,18282,1.9663041830062866
183820,18283,1.690313458442688
183830,18284,2.0228490829467773
183840,18285,0.7832974195480347
183850,18286,2.2351510524749756
183860,18287,3.03062105178833
183870,18288,0.8946080803871155
183880,18289,0.6141764521598816
183890,18290,1.1478173732757568
183900,18291,0.9011735320091248
183910,18292,1.1966383457183838
183920,18293,0.8244014978408813
183930,18294,1.5425686836242676
183940,18295,0.7885372638702393
183950,18296,1.9310107231140137
183960,18297,2.305271625518799
183970,18298,2.2588601112365723
183980,18299,1.9741339683532715
183990,18300,2.2656562328338623
184000,18301,3.0097272396087646
184010,18302,1.624354362487793
184020,18303,2.96707820892334
184030,18304,1.8597530126571655
184040,18305,1.7638691663742065
184050,18306,1.5518789291381836
184060,18307,1.580599069595337
184070,18308,2.8091139793395996
184080,18309,2.0839219093322754
184090,18310,2.330594062805176
184100,18311,1.3290873765945435
184110,18312,2.251417398452759
184120,18313,2.166656017303467
184130,18314,1.3445647954940796
184140,18315,0.7300602197647095
184150,18316,1.1691241264343262
184160,18317,3.303487539291382
184170,18318,2.3932199478149414
184180,18319,2.0645506381988525
184190,18320,1.588086485862732
184200,18321,2.344099760055542
184210,18322,1.4312883615493774
184220,18323,4.194921493530273
184230,18324,1.3122329711914062
184240,18325,2.8288543224334717
184250,18326,5.260604381561279
184260,18327,1.9299355745315552
184270,18328,3.271571636199951
184280,18329,2.9784884452819824
184290,18330,1.3746168613433838
184300,18331,2.5962934494018555
184310,18332,1.3652361631393433
184320,18333,1.9618343114852905
184330,18334,2.591404914855957
184340,18335,1.3576003313064575
184350,18336,1.4946627616882324
184360,18337,3.0345611572265625
184370,18338,4.146485805511475
184380,18339,4.563787460327148
184390,18340,2.7240514755249023
184400,18341,2.0748813152313232
184410,18342,0.5269301533699036
184420,18343,3.540038585662842
184430,18344,2.8427772521972656
184440,18345,2.9104301929473877
184450,18346,3.113231658935547
184460,18347,2.884488582611084
184470,18348,3.0852837562561035
184480,18349,2.8055384159088135
184490,18350,1.2951278686523438
184500,18351,2.3723812103271484
184510,18352,1.177175760269165
184520,18353,1.5391919612884521
184530,18354,2.1178531646728516
184540,18355,2.4964940547943115
184550,18356,2.6340365409851074
184560,18357,5.088167667388916
184570,18358,2.0754361152648926
184580,18359,2.2061820030212402
184590,18360,1.6667978763580322
184600,18361,3.828584671020508
184610,18362,2.3267862796783447
184620,18363,1.4946377277374268
184630,18364,2.42580246925354
184640,18365,1.883081316947937
184650,18366,2.468916177749634
184660,18367,1.2163742780685425
184670,18368,1.6445631980895996
184680,18369,1.4744420051574707
184690,18370,3.172039270401001
184700,18371,1.9412966966629028
184710,18372,2.17289400100708
184720,18373,3.245065450668335
184730,18374,2.8498740196228027
184740,18375,0.593490719795227
184750,18376,4.293087959289551
184760,18377,1.7870458364486694
184770,18378,1.896958589553833
184780,18379,3.417806386947632
184790,18380,1.4279003143310547
184800,18381,1.540560007095337
184810,18382,1.91243314743042
184820,18383,1.8213765621185303
184830,18384,1.7630805969238281
184840,18385,3.783957004547119
184850,18386,3.330580472946167
184860,18387,1.4595601558685303
184870,18388,1.6232075691223145
184880,18389,3.5402824878692627
184890,18390,0.9902563095092773
184900,18391,2.43331241607666
184910,18392,2.2018308639526367
184920,18393,0.7293351888656616
184930,18394,2.562126398086548
184940,18395,2.959618330001831
184950,18396,2.1570441722869873
184960,18397,3.108928680419922
184970,18398,2.9432451725006104
184980,18399,0.9747101068496704
184990,18400,3.153066396713257
185000,18401,2.4106502532958984
185010,18402,1.7790300846099854
185020,18403,2.559941291809082
185030,18404,2.112682580947876
185040,18405,2.2651920318603516
185050,18406,3.5165302753448486
185060,18407,1.5500855445861816
185070,18408,2.4768190383911133
185080,18409,1.4435523748397827
185090,18410,1.4782426357269287
185100,18411,1.0221227407455444
185110,18412,1.2918862104415894
185120,18413,3.2175848484039307
185130,18414,2.726930618286133
185140,18415,3.226613998413086
185150,18416,3.461793899536133
185160,18417,1.684914469718933
185170,18418,1.8583236932754517
185180,18419,6.659248352050781
185190,18420,1.5143842697143555
185200,18421,3.0169122219085693
185210,18422,4.347311019897461
185220,18423,3.0783231258392334
185230,18424,2.621070384979248
185240,18425,3.439908981323242
185250,18426,3.3718228340148926
185260,18427,2.2770586013793945
185270,18428,2.5213587284088135
185280,18429,2.289768695831299
185290,18430,3.1556143760681152
185300,18431,2.1512529850006104
185310,18432,2.62701416015625
185320,18433,2.093510389328003
185330,18434,3.0308995246887207
185340,18435,1.0769537687301636
185350,18436,2.9097976684570312
185360,18437,2.5008928775787354
185370,18438,2.5986835956573486
185380,18439,2.871135950088501
185390,18440,4.185667991638184
185400,18441,4.521878242492676
185410,18442,3.427783489227295
185420,18443,4.106302261352539
185430,18444,2.0426015853881836
185440,18445,2.4616286754608154
185450,18446,2.897266387939453
185460,18447,2.7413010597229004
185470,18448,1.6675944328308105
185480,18449,2.9499127864837646
185490,18450,5.78831672668457
185500,18451,1.5209821462631226
185510,18452,0.8443664312362671
185520,18453,1.2837297916412354
185530,18454,2.0377635955810547
185540,18455,5.1845903396606445
185550,18456,2.22379994392395
185560,18457,0.686647355556488
185570,18458,2.3223514556884766
185580,18459,1.337782859802246
185590,18460,1.8147376775741577
185600,18461,3.880640745162964
185610,18462,5.3699564933776855
185620,18463,1.7348657846450806
185630,18464,1.2608288526535034
185640,18465,3.3650593757629395
185650,18466,1.6108418703079224
185660,18467,1.739301085472107
185670,18468,4.161406517028809
185680,18469,1.1846883296966553
185690,18470,2.6721527576446533
185700,18471,4.010805606842041
185710,18472,3.4006850719451904
185720,18473,1.154327392578125
185730,18474,1.5793346166610718
185740,18475,1.0993025302886963
185750,18476,2.161710500717163
185760,18477,2.7932322025299072
185770,18478,2.56005859375
185780,18479,1.5232536792755127
185790,18480,2.1565704345703125
185800,18481,1.1887450218200684
185810,18482,4.81531286239624
185820,18483,2.3579678535461426
185830,18484,2.52436900138855
185840,18485,1.9029674530029297
185850,18486,2.477290153503418
185860,18487,7.155553817749023
185870,18488,1.8966132402420044
185880,18489,3.054262638092041
185890,18490,1.5838223695755005
185900,18491,3.305333375930786
185910,18492,2.072019577026367
185920,18493,3.6760547161102295
185930,18494,1.6187387704849243
185940,18495,1.9386708736419678
185950,18496,2.326759099960327
185960,18497,3.7315011024475098
185970,18498,1.9514431953430176
185980,18499,2.0764455795288086
185990,18500,3.1742122173309326
186000,18501,3.5633795261383057
186010,18502,1.8443429470062256
186020,18503,2.2453668117523193
186030,18504,2.3254921436309814
186040,18505,2.071068286895752
186050,18506,3.333521604537964
186060,18507,1.8641531467437744
186070,18508,3.430480718612671
186080,18509,3.230773448944092
186090,18510,4.727933883666992
186100,18511,1.924386978149414
186110,18512,1.324284315109253
186120,18513,4.774699687957764
186130,18514,1.167593240737915
186140,18515,1.8460445404052734
186150,18516,2.2070088386535645
186160,18517,2.936753749847412
186170,18518,3.885180950164795
186180,18519,2.839045763015747
186190,18520,1.229846715927124
186200,18521,3.4548287391662598
186210,18522,2.530815362930298
186220,18523,1.283003807067871
186230,18524,6.640596866607666
186240,18525,2.249696969985962
186250,18526,3.38437557220459
186260,18527,3.326228141784668
186270,18528,4.854343414306641
186280,18529,4.267470836639404
186290,18530,0.8382267951965332
186300,18531,1.6216015815734863
186310,18532,1.8448982238769531
186320,18533,1.3973355293273926
186330,18534,1.267549753189087
186340,18535,1.5363264083862305
186350,18536,1.7687736749649048
186360,18537,1.2521830797195435
186370,18538,2.1465840339660645
186380,18539,1.250248670578003
186390,18540,2.252680778503418
186400,18541,1.2485016584396362
186410,18542,1.5825347900390625
186420,18543,7.499673366546631
186430,18544,2.0719516277313232
186440,18545,4.688596725463867
186450,18546,2.5416603088378906
186460,18547,4.418997764587402
186470,18548,1.8586599826812744
186480,18549,5.4576263427734375
186490,18550,5.766241550445557
186500,18551,2.4280343055725098
186510,18552,2.4131550788879395
186520,18553,9.533792495727539
186530,18554,3.3270750045776367
186540,18555,4.0058512687683105
186550,18556,1.5205707550048828
186560,18557,2.002880811691284
186570,18558,3.0202219486236572
186580,18559,1.7723405361175537
186590,18560,1.1000455617904663
186600,18561,2.490377426147461
186610,18562,1.5877327919006348
186620,18563,2.765822410583496
186630,18564,2.2352871894836426
186640,18565,2.1203880310058594
186650,18566,3.9170968532562256
186660,18567,1.5137183666229248
186670,18568,2.945859909057617
186680,18569,2.8926608562469482
186690,18570,2.7497329711914062
186700,18571,2.15730619430542
186710,18572,1.9274201393127441
186720,18573,2.3154540061950684
186730,18574,3.1315150260925293
186740,18575,1.3412501811981201
186750,18576,1.635419249534607
186760,18577,2.46156644821167
186770,18578,3.208333969116211
186780,18579,4.820072174072266
186790,18580,1.5139542818069458
186800,18581,2.613434076309204
186810,18582,6.196084022521973
186820,18583,2.464681625366211
186830,18584,2.320723533630371
186840,18585,2.844740390777588
186850,18586,1.9193791151046753
186860,18587,1.480657696723938
186870,18588,5.281737804412842
186880,18589,5.411753177642822
186890,18590,9.388457298278809
186900,18591,8.75808048248291
186910,18592,3.3678345680236816
186920,18593,3.9050166606903076
186930,18594,4.0034565925598145
186940,18595,2.087303876876831
186950,18596,2.055825710296631
186960,18597,1.5961229801177979
186970,18598,4.1898393630981445
186980,18599,4.071967124938965
186990,18600,2.3761281967163086
187000,18601,3.3216896057128906
187010,18602,2.210745334625244
187020,18603,2.0785131454467773
187030,18604,3.177332878112793
187040,18605,3.782367706298828
187050,18606,4.560579299926758
187060,18607,4.134493350982666
187070,18608,2.469216823577881
187080,18609,4.9207539558410645
187090,18610,1.259324073791504
187100,18611,1.1860260963439941
187110,18612,3.710794687271118
187120,18613,10.016541481018066
187130,18614,1.3676021099090576
187140,18615,2.476179361343384
187150,18616,3.0494236946105957
187160,18617,3.950507164001465
187170,18618,1.8872681856155396
187180,18619,3.087615966796875
187190,18620,4.322120666503906
187200,18621,3.491549015045166
187210,18622,1.1485991477966309
187220,18623,6.791861534118652
187230,18624,2.0105364322662354
187240,18625,3.8230772018432617
187250,18626,0.9793489575386047
187260,18627,1.9069091081619263
187270,18628,0.9470666646957397
187280,18629,1.179480791091919
187290,18630,3.088726043701172
187300,18631,1.5481995344161987
187310,18632,2.845508337020874
187320,18633,5.3887763023376465
187330,18634,2.4355294704437256
187340,18635,8.097410202026367
187350,18636,1.8561569452285767
187360,18637,2.9411394596099854
187370,18638,1.4703508615493774
187380,18639,2.951160430908203
187390,18640,1.737084150314331
187400,18641,2.0512661933898926
187410,18642,3.9211554527282715
187420,18643,2.1014862060546875
187430,18644,2.704359531402588
187440,18645,5.398364543914795
187450,18646,3.5256989002227783
187460,18647,4.864090442657471
187470,18648,3.521655797958374
187480,18649,5.118582725524902
187490,18650,3.2813620567321777
187500,18651,1.2602823972702026
187510,18652,2.885655403137207
187520,18653,3.2075536251068115
187530,18654,3.7981486320495605
187540,18655,2.879868745803833
187550,18656,3.5448696613311768
187560,18657,3.2108418941497803
187570,18658,2.7710180282592773
187580,18659,2.723109245300293
187590,18660,3.4216296672821045
187600,18661,2.1129391193389893
187610,18662,2.6500954627990723
187620,18663,1.7301945686340332
187630,18664,2.471686840057373
187640,18665,4.459293365478516
187650,18666,3.329599618911743
187660,18667,3.2778983116149902
187670,18668,4.49704122543335
187680,18669,1.4921109676361084
187690,18670,3.3330206871032715
187700,18671,1.979093313217163
187710,18672,1.8850232362747192
187720,18673,2.9936511516571045
187730,18674,1.1202343702316284
187740,18675,2.4521048069000244
187750,18676,1.9725158214569092
187760,18677,5.925503730773926
187770,18678,2.7146835327148438
187780,18679,3.1371283531188965
187790,18680,1.6697323322296143
187800,18681,2.7011969089508057
187810,18682,1.7268422842025757
187820,18683,2.520203113555908
187830,18684,4.520824909210205
187840,18685,3.3548364639282227
187850,18686,1.8574888706207275
187860,18687,2.8959903717041016
187870,18688,3.2005093097686768
187880,18689,2.443382740020752
187890,18690,1.5248967409133911
187900,18691,2.5525295734405518
187910,18692,4.72206449508667
187920,18693,2.2709872722625732
187930,18694,4.350238800048828
187940,18695,3.9140777587890625
187950,18696,1.470483660697937
187960,18697,1.8249685764312744
187970,18698,5.512481689453125
187980,18699,2.510026693344116
187990,18700,3.8182108402252197
188000,18701,3.8318533897399902
188010,18702,2.672651767730713
188020,18703,4.535851955413818
188030,18704,2.1942596435546875
188040,18705,2.6338486671447754
188050,18706,2.0990183353424072
188060,18707,2.556936264038086
188070,18708,1.8820897340774536
188080,18709,1.6712031364440918
188090,18710,3.467538833618164
188100,18711,1.2172648906707764
188110,18712,3.0616908073425293
188120,18713,3.0287861824035645
188130,18714,1.293891429901123
188140,18715,1.9186586141586304
188150,18716,4.080202102661133
188160,18717,2.0416414737701416
188170,18718,2.53403377532959
188180,18719,4.012348175048828
188190,18720,4.6064229011535645
188200,18721,2.634887218475342
188210,18722,3.4859883785247803
188220,18723,2.4213688373565674
188230,18724,3.5693516731262207
188240,18725,1.7568795680999756
188250,18726,2.284426212310791
188260,18727,1.9477406740188599
188270,18728,1.3935297727584839
188280,18729,1.749576449394226
188290,18730,4.663938045501709
188300,18731,2.058995485305786
188310,18732,2.102936029434204
188320,18733,1.7120494842529297
188330,18734,2.981663942337036
188340,18735,2.108421802520752
188350,18736,3.5013561248779297
188360,18737,0.8647146224975586
188370,18738,1.5711705684661865
188380,18739,3.015608787536621
188390,18740,1.3182436227798462
188400,18741,2.4770495891571045
188410,18742,1.8945937156677246
188420,18743,0.949680507183075
188430,18744,2.2254629135131836
188440,18745,1.6636300086975098
188450,18746,1.13043212890625
188460,18747,1.5398640632629395
188470,18748,2.848832845687866
188480,18749,2.305086612701416
188490,18750,2.2453715801239014
188500,18751,3.392184019088745
188510,18752,1.7094693183898926
188520,18753,1.5606895685195923
188530,18754,3.7401371002197266
188540,18755,2.8914358615875244
188550,18756,1.4836078882217407
188560,18757,3.3455255031585693
188570,18758,0.5513866543769836
188580,18759,3.5107421875
188590,18760,1.5284515619277954
188600,18761,2.1001696586608887
188610,18762,2.685990333557129
188620,18763,2.0675711631774902
188630,18764,1.5303223133087158
188640,18765,0.6359434723854065
188650,18766,2.626680850982666
188660,18767,2.159242868423462
188670,18768,3.0866808891296387
188680,18769,2.226731061935425
188690,18770,1.345363974571228
188700,18771,1.6092009544372559
188710,18772,3.639995813369751
188720,18773,3.2046236991882324
188730,18774,2.0668535232543945
188740,18775,1.268584132194519
188750,18776,1.2833001613616943
188760,18777,1.6734647750854492
188770,18778,2.26539945602417
188780,18779,1.243362307548523
188790,18780,5.477359294891357
188800,18781,1.2563397884368896
188810,18782,3.6246657371520996
188820,18783,1.3728876113891602
188830,18784,1.7618073225021362
188840,18785,2.221381664276123
188850,18786,2.019536018371582
188860,18787,1.5639910697937012
188870,18788,2.6018881797790527
188880,18789,1.881758213043213
188890,18790,1.8751007318496704
188900,18791,2.256955146789551
188910,18792,1.4550062417984009
188920,18793,1.9941469430923462
188930,18794,2.100168466567993
188940,18795,2.2811472415924072
188950,18796,3.3469603061676025
188960,18797,2.971370220184326
188970,18798,4.279438018798828
188980,18799,1.1994370222091675
188990,18800,2.0353245735168457
189000,18801,8.24905776977539
189010,18802,1.2640573978424072
189020,18803,1.7518471479415894
189030,18804,1.9647693634033203
189040,18805,3.497497081756592
189050,18806,2.5171868801116943
189060,18807,1.9716136455535889
189070,18808,3.2185416221618652
189080,18809,2.3985776901245117
189090,18810,1.7990548610687256
189100,18811,1.2408236265182495
189110,18812,1.9025179147720337
189120,18813,2.206357955932617
189130,18814,2.7990355491638184
189140,18815,2.293665647506714
189150,18816,4.339602947235107
189160,18817,1.8305621147155762
189170,18818,3.445725917816162
189180,18819,2.0330922603607178
189190,18820,1.7377482652664185
189200,18821,2.623961925506592
189210,18822,2.6381638050079346
189220,18823,1.5401259660720825
189230,18824,1.721285343170166
189240,18825,1.7711544036865234
189250,18826,4.322328090667725
189260,18827,2.532036781311035
189270,18828,3.838139533996582
189280,18829,2.995122194290161
189290,18830,3.3355956077575684
189300,18831,1.5386263132095337
189310,18832,1.837225317955017
189320,18833,1.2737586498260498
189330,18834,1.965264081954956
189340,18835,1.004310131072998
189350,18836,1.0919506549835205
189360,18837,0.8090372085571289
189370,18838,1.8446002006530762
189380,18839,1.9371647834777832
189390,18840,4.20523738861084
189400,18841,2.6111185550689697
189410,18842,4.0139312744140625
189420,18843,1.1636263132095337
189430,18844,2.7782838344573975
189440,18845,0.9260811805725098
189450,18846,2.76285457611084
189460,18847,1.9343810081481934
189470,18848,1.91302490234375
189480,18849,2.705028533935547
189490,18850,1.5145907402038574
189500,18851,2.30376935005188
189510,18852,2.3191776275634766
189520,18853,2.986802816390991
189530,18854,1.8308451175689697
189540,18855,2.365885019302368
189550,18856,2.122833490371704
189560,18857,2.8941564559936523
189570,18858,2.1246776580810547
189580,18859,1.245050072669983
189590,18860,1.3288874626159668
189600,18861,2.6431918144226074
189610,18862,2.8968629837036133
189620,18863,2.59623646736145
189630,18864,2.185490131378174
189640,18865,2.50272274017334
189650,18866,1.736824631690979
189660,18867,2.0139567852020264
189670,18868,2.392549991607666
189680,18869,2.7207159996032715
189690,18870,1.3724141120910645
189700,18871,3.0936598777770996
189710,18872,5.781790733337402
189720,18873,1.0434479713439941
189730,18874,1.821865200996399
189740,18875,2.835171937942505
189750,18876,2.5295090675354004
189760,18877,1.7872039079666138
189770,18878,1.5009856224060059
189780,18879,5.666478633880615
189790,18880,3.4350571632385254
189800,18881,5.187366008758545
189810,18882,3.8651866912841797
189820,18883,1.8823342323303223
189830,18884,2.201328992843628
189840,18885,7.030201435089111
189850,18886,2.8787150382995605
189860,18887,2.701258420944214
189870,18888,2.489697217941284
189880,18889,2.7908945083618164
189890,18890,2.2293434143066406
189900,18891,1.6693203449249268
189910,18892,2.9917776584625244
189920,18893,2.8323981761932373
189930,18894,1.6161093711853027
189940,18895,1.4985579252243042
189950,18896,3.2220661640167236
189960,18897,2.2715601921081543
189970,18898,1.4145004749298096
189980,18899,1.1070419549942017
189990,18900,3.8729193210601807
190000,18901,2.62546968460083
190010,18902,2.2088701725006104
190020,18903,2.9094882011413574
190030,18904,2.3518009185791016
190040,18905,3.5214083194732666
190050,18906,1.6790724992752075
190060,18907,6.392269611358643
190070,18908,2.0176002979278564
190080,18909,3.753927707672119
190090,18910,4.895371437072754
190100,18911,5.236372470855713
190110,18912,2.270737886428833
190120,18913,2.6661949157714844
190130,18914,2.206711530685425
190140,18915,2.219273090362549
190150,18916,4.143311500549316
190160,18917,1.493788242340088
190170,18918,3.370258331298828
190180,18919,3.510209083557129
190190,18920,0.8886847496032715
190200,18921,2.4861807823181152
190210,18922,3.79435133934021
190220,18923,2.105611801147461
190230,18924,4.837701320648193
190240,18925,3.3910913467407227
190250,18926,1.304301381111145
190260,18927,2.207058906555176
190270,18928,19.865589141845703
190280,18929,3.145362377166748
190290,18930,3.7612192630767822
190300,18931,1.3347293138504028
190310,18932,2.9409520626068115
190320,18933,1.5367474555969238
190330,18934,3.580404758453369
190340,18935,1.43394935131073
190350,18936,6.932376384735107
190360,18937,5.752801418304443
190370,18938,3.5557446479797363
190380,18939,4.511305809020996
190390,18940,3.001363515853882
190400,18941,1.8535497188568115
190410,18942,9.510762214660645
190420,18943,3.752845048904419
190430,18944,2.4980814456939697
190440,18945,1.9715203046798706
190450,18946,2.8441598415374756
190460,18947,3.116889238357544
190470,18948,2.7369439601898193
190480,18949,3.2536747455596924
190490,18950,1.6416207551956177
190500,18951,1.9998894929885864
190510,18952,1.5571359395980835
190520,18953,2.412703037261963
190530,18954,2.315589427947998
190540,18955,3.2844295501708984
190550,18956,2.454223394393921
190560,18957,2.0821871757507324
190570,18958,2.6628313064575195
190580,18959,2.3693182468414307
190590,18960,4.284855842590332
190600,18961,2.0700626373291016
190610,18962,3.4161386489868164
190620,18963,1.6736705303192139
190630,18964,1.748889684677124
190640,18965,2.898493766784668
190650,18966,2.783928394317627
190660,18967,3.7043521404266357
190670,18968,2.826345682144165
190680,18969,2.679887056350708
190690,18970,3.191863536834717
190700,18971,1.9342436790466309
190710,18972,2.5733354091644287
190720,18973,1.8123717308044434
190730,18974,2.2794294357299805
190740,18975,0.930905282497406
190750,18976,1.9324774742126465
190760,18977,2.7308907508850098
190770,18978,5.035196781158447
190780,18979,1.6585115194320679
190790,18980,2.0200767517089844
190800,18981,1.5343258380889893
190810,18982,1.2705832719802856
190820,18983,3.666130304336548
190830,18984,1.4836454391479492
190840,18985,1.2077077627182007
190850,18986,3.343832492828369
190860,18987,1.936952829360962
190870,18988,2.916029214859009
190880,18989,2.7925610542297363
190890,18990,1.4955450296401978
190900,18991,2.0147743225097656
190910,18992,1.2490202188491821
190920,18993,1.2962114810943604
190930,18994,2.458637237548828
190940,18995,1.076322317123413
190950,18996,3.178632974624634
190960,18997,1.2768220901489258
190970,18998,2.904116153717041
190980,18999,3.0962040424346924
190990,19000,3.272475004196167
191000,19001,0.7135432362556458
191010,19002,2.5038037300109863
191020,19003,2.684231996536255
191030,19004,2.593282461166382
191040,19005,3.7211861610412598
191050,19006,4.464227676391602
191060,19007,1.2995680570602417
191070,19008,5.244460582733154
191080,19009,2.714151382446289
191090,19010,2.3632633686065674
191100,19011,4.031060695648193
191110,19012,1.516441822052002
191120,19013,2.6243107318878174
191130,19014,1.5696525573730469
191140,19015,2.3619437217712402
191150,19016,2.74959135055542
191160,19017,2.1934688091278076
191170,19018,3.1511027812957764
191180,19019,3.7137489318847656
191190,19020,6.673235893249512
191200,19021,3.408021926879883
191210,19022,2.0284483432769775
191220,19023,3.715484142303467
191230,19024,2.0832624435424805
191240,19025,1.5815887451171875
191250,19026,3.142801523208618
191260,19027,2.706334352493286
191270,19028,1.52975332736969
191280,19029,2.0182642936706543
191290,19030,2.869734525680542
191300,19031,3.4451913833618164
191310,19032,1.1365973949432373
191320,19033,3.607551097869873
191330,19034,9.610864639282227
191340,19035,4.114116191864014
191350,19036,4.499714374542236
191360,19037,4.385643005371094
191370,19038,1.8994630575180054
191380,19039,1.6750961542129517
191390,19040,3.1999428272247314
191400,19041,2.9923744201660156
191410,19042,3.5809874534606934
191420,19043,2.9465839862823486
191430,19044,2.468031167984009
191440,19045,2.6140241622924805
191450,19046,2.3164467811584473
191460,19047,1.665759563446045
191470,19048,2.3230841159820557
191480,19049,3.169402837753296
191490,19050,2.687579870223999
191500,19051,2.7057290077209473
191510,19052,1.794445276260376
191520,19053,4.700401782989502
191530,19054,1.3214366436004639
191540,19055,3.1470768451690674
191550,19056,1.41046142578125
191560,19057,2.3729610443115234
191570,19058,1.1622906923294067
191580,19059,2.45400071144104
191590,19060,2.0841240882873535
191600,19061,1.739283561706543
191610,19062,1.2612426280975342
191620,19063,4.000980377197266
191630,19064,1.6460407972335815
191640,19065,1.2333950996398926
191650,19066,0.9349496364593506
191660,19067,1.3779350519180298
191670,19068,4.299576759338379
191680,19069,1.5990315675735474
191690,19070,2.257099151611328
191700,19071,1.1487575769424438
191710,19072,1.2869489192962646
191720,19073,1.7847239971160889
191730,19074,2.277667284011841
191740,19075,2.5559842586517334
191750,19076,1.4606506824493408
191760,19077,6.865778923034668
191770,19078,1.9107823371887207
191780,19079,2.9732515811920166
191790,19080,3.865833044052124
191800,19081,2.067946672439575
191810,19082,3.2289812564849854
191820,19083,2.9632041454315186
191830,19084,2.997657299041748
191840,19085,4.261312961578369
191850,19086,1.9989395141601562
191860,19087,3.354255437850952
191870,19088,2.316972017288208
191880,19089,3.2377748489379883
191890,19090,3.188363552093506
191900,19091,3.1416618824005127
191910,19092,2.6119368076324463
191920,19093,0.9591995477676392
191930,19094,2.201362371444702
191940,19095,1.0083101987838745
191950,19096,2.3998754024505615
191960,19097,3.1796011924743652
191970,19098,3.4555716514587402
191980,19099,1.1344600915908813
191990,19100,0.8133829236030579
192000,19101,2.8133764266967773
192010,19102,1.4474987983703613
192020,19103,2.055612564086914
192030,19104,2.7821707725524902
192040,19105,3.1353237628936768
192050,19106,2.055745840072632
192060,19107,2.59360933303833
192070,19108,2.437376022338867
192080,19109,1.3275004625320435
192090,19110,2.5306684970855713
192100,19111,2.3131282329559326
192110,19112,6.78522253036499
192120,19113,1.0531649589538574
192130,19114,1.569056510925293
192140,19115,9.783157348632812
192150,19116,1.6034846305847168
192160,19117,2.110214948654175
192170,19118,1.1376854181289673
192180,19119,1.0545854568481445
192190,19120,4.902606964111328
192200,19121,2.2429957389831543
192210,19122,2.192365884780884
192220,19123,2.224494457244873
192230,19124,1.2075910568237305
192240,19125,1.8837779760360718
192250,19126,2.7724578380584717
192260,19127,1.586227536201477
192270,19128,4.65767765045166
192280,19129,2.1364731788635254
192290,19130,2.0378170013427734
192300,19131,2.899327516555786
192310,19132,1.0822244882583618
192320,19133,3.1421566009521484
192330,19134,2.471266269683838
192340,19135,3.7690505981445312
192350,19136,3.137110710144043
192360,19137,5.355815410614014
192370,19138,2.344561815261841
192380,19139,8.287848472595215
192390,19140,2.710435628890991
192400,19141,3.76826810836792
192410,19142,1.4217479228973389
192420,19143,2.5625813007354736
192430,19144,3.7268331050872803
192440,19145,3.1653919219970703
192450,19146,4.109613418579102
192460,19147,5.008010387420654
192470,19148,1.8855509757995605
192480,19149,2.667583465576172
192490,19150,1.8927885293960571
192500,19151,3.155750036239624
192510,19152,2.9916932582855225
192520,19153,1.7308847904205322
192530,19154,5.607471466064453
192540,19155,1.4779236316680908
192550,19156,1.0607670545578003
192560,19157,3.609285354614258
192570,19158,2.967982292175293
192580,19159,2.315206289291382
192590,19160,1.6244069337844849
192600,19161,1.8153799772262573
192610,19162,5.497922420501709
192620,19163,2.5707168579101562
192630,19164,5.528518199920654
192640,19165,1.7152830362319946
192650,19166,2.911240577697754
192660,19167,2.1780943870544434
192670,19168,1.8685293197631836
192680,19169,2.9454102516174316
192690,19170,2.707451105117798
192700,19171,1.6866174936294556
192710,19172,1.4356913566589355
192720,19173,1.5904982089996338
192730,19174,4.147434234619141
192740,19175,2.8419816493988037
192750,19176,1.5352672338485718
192760,19177,2.899994373321533
192770,19178,2.592010736465454
192780,19179,1.5103975534439087
192790,19180,2.911419153213501
192800,19181,1.5377280712127686
192810,19182,2.1553730964660645
192820,19183,2.1884539127349854
192830,19184,1.585004210472107
192840,19185,4.033786773681641
192850,19186,4.094012260437012
192860,19187,1.2567023038864136
192870,19188,3.3831939697265625
192880,19189,2.5314083099365234
192890,19190,2.176636219024658
192900,19191,2.270503520965576
192910,19192,2.1058011054992676
192920,19193,4.389103889465332
192930,19194,6.9779815673828125
192940,19195,2.5546467304229736
192950,19196,0.8531877994537354
192960,19197,5.246278285980225
192970,19198,2.8776402473449707
192980,19199,2.4895522594451904
192990,19200,2.5166659355163574
193000,19201,5.342859268188477
193010,19202,1.9899920225143433
193020,19203,2.5600228309631348
193030,19204,3.1040267944335938
193040,19205,2.4623169898986816
193050,19206,2.2414612770080566
193060,19207,1.2866839170455933
193070,19208,1.6658707857131958
193080,19209,3.30808687210083
193090,19210,2.7394206523895264
193100,19211,3.2322394847869873
193110,19212,2.4312710762023926
193120,19213,5.738973617553711
193130,19214,3.1618459224700928
193140,19215,2.651870012283325
193150,19216,6.159076690673828
193160,19217,1.715991497039795
193170,19218,1.970914363861084
193180,19219,4.254542350769043
193190,19220,0.939913272857666
193200,19221,2.1336169242858887
193210,19222,2.5275163650512695
193220,19223,5.803733825683594
193230,19224,2.759786367416382
193240,19225,1.020347237586975
193250,19226,2.3105292320251465
193260,19227,3.0816144943237305
193270,19228,3.3328309059143066
193280,19229,2.7560644149780273
193290,19230,2.5974366664886475
193300,19231,4.222418785095215
193310,19232,2.26326584815979
193320,19233,8.451581954956055
193330,19234,1.3332633972167969
193340,19235,2.849726915359497
193350,19236,3.874648094177246
193360,19237,2.46044921875
193370,19238,5.411313056945801
193380,19239,2.1182241439819336
193390,19240,1.76009202003479
193400,19241,1.8036623001098633
193410,19242,1.322403907775879
193420,19243,1.4657362699508667
193430,19244,1.4955086708068848
193440,19245,2.0770010948181152
193450,19246,1.1558798551559448
193460,19247,5.297695636749268
193470,19248,1.645496129989624
193480,19249,3.203669548034668
193490,19250,2.1064045429229736
193500,19251,3.024445056915283
193510,19252,2.6759119033813477
193520,19253,2.9024269580841064
193530,19254,3.3970186710357666
193540,19255,3.87717604637146
193550,19256,3.3884289264678955
193560,19257,2.1902577877044678
193570,19258,1.9430396556854248
193580,19259,2.9352850914001465
193590,19260,3.605985164642334
193600,19261,2.9362244606018066
193610,19262,3.308626651763916
193620,19263,6.714117527008057
193630,19264,1.5636537075042725
193640,19265,2.3065733909606934
193650,19266,1.6437031030654907
193660,19267,1.102415680885315
193670,19268,2.304033041000366
193680,19269,3.362234354019165
193690,19270,0.8789917230606079
193700,19271,1.301478385925293
193710,19272,4.109530925750732
193720,19273,5.087080478668213
193730,19274,3.2348296642303467
193740,19275,0.9980202317237854
193750,19276,0.6352683901786804
193760,19277,1.9611773490905762
193770,19278,1.2435494661331177
193780,19279,1.8841567039489746
193790,19280,2.539567470550537
193800,19281,2.6009795665740967
193810,19282,2.1984808444976807
193820,19283,6.74887752532959
193830,19284,2.435392141342163
193840,19285,3.207340955734253
193850,19286,1.9347370862960815
193860,19287,2.3643505573272705
193870,19288,1.128302812576294
193880,19289,3.3368451595306396
193890,19290,1.7684133052825928
193900,19291,1.297202706336975
193910,19292,2.953627347946167
193920,19293,1.5846725702285767
193930,19294,2.6078433990478516
193940,19295,2.0778493881225586
193950,19296,1.5224051475524902
193960,19297,3.2479801177978516
193970,19298,2.142925977706909
193980,19299,2.354921579360962
193990,19300,2.606382369995117
194000,19301,2.605001926422119
194010,19302,2.123295545578003
194020,19303,3.971477508544922
194030,19304,2.1722846031188965
194040,19305,1.450890302658081
194050,19306,2.8473806381225586
194060,19307,2.0159854888916016
194070,19308,2.047969341278076
194080,19309,2.2954916954040527
194090,19310,3.3780598640441895
194100,19311,1.2231152057647705
194110,19312,2.3920819759368896
194120,19313,3.943228244781494
194130,19314,5.7596755027771
194140,19315,1.7672150135040283
194150,19316,5.211630344390869
194160,19317,2.5047943592071533
194170,19318,2.1815826892852783
194180,19319,3.2032387256622314
194190,19320,1.7359563112258911
194200,19321,2.6906721591949463
194210,19322,3.149320363998413
194220,19323,2.6544668674468994
194230,19324,2.077720880508423
194240,19325,3.3015191555023193
194250,19326,2.0340170860290527
194260,19327,3.137157917022705
194270,19328,2.161867141723633
194280,19329,3.119407892227173
194290,19330,3.725764274597168
194300,19331,2.189316511154175
194310,19332,2.7360479831695557
194320,19333,1.621931552886963
194330,19334,3.613737106323242
194340,19335,2.406071901321411
194350,19336,1.55255925655365
194360,19337,4.352281093597412
194370,19338,2.611001968383789
194380,19339,2.410475015640259
194390,19340,1.047914981842041
194400,19341,1.4823894500732422
194410,19342,1.2758554220199585
194420,19343,1.2501513957977295
194430,19344,1.9398962259292603
194440,19345,0.804245114326477
194450,19346,4.34911584854126
194460,19347,1.1750760078430176
194470,19348,2.1679883003234863
194480,19349,1.867739200592041
194490,19350,1.8626683950424194
194500,19351,2.157935619354248
194510,19352,1.996568202972412
194520,19353,3.7954041957855225
194530,19354,4.722728729248047
194540,19355,2.4549243450164795
194550,19356,3.9170615673065186
194560,19357,3.5582358837127686
194570,19358,0.8371297717094421
194580,19359,1.3163256645202637
194590,19360,1.6572844982147217
194600,19361,1.924910068511963
194610,19362,2.99007248878479
194620,19363,3.396526336669922
194630,19364,4.080167770385742
194640,19365,4.563472747802734
194650,19366,1.9706217050552368
194660,19367,2.3701870441436768
194670,19368,2.4290685653686523
194680,19369,1.602436900138855
194690,19370,2.922325849533081
194700,19371,3.944322109222412
194710,19372,4.100919723510742
194720,19373,3.180532455444336
194730,19374,4.278393268585205
194740,19375,4.729321002960205
194750,19376,2.3156652450561523
194760,19377,2.422483205795288
194770,19378,5.206680774688721
194780,19379,2.813854932785034
194790,19380,6.882567882537842
194800,19381,1.6219196319580078
194810,19382,2.7124545574188232
194820,19383,1.4785021543502808
194830,19384,4.014081954956055
194840,19385,1.5560455322265625
194850,19386,4.499279499053955
194860,19387,2.8517391681671143
194870,19388,3.039839506149292
194880,19389,1.7086925506591797
194890,19390,3.0723860263824463
194900,19391,3.53059720993042
194910,19392,1.9772303104400635
194920,19393,1.8182650804519653
194930,19394,1.9339823722839355
194940,19395,2.4368209838867188
194950,19396,2.331223964691162
194960,19397,2.383373737335205
194970,19398,1.4493426084518433
194980,19399,3.6448142528533936
194990,19400,2.184471607208252
195000,19401,3.114762306213379
195010,19402,4.690703868865967
195020,19403,1.6160345077514648
195030,19404,2.669388771057129
195040,19405,2.535801887512207
195050,19406,3.356895923614502
195060,19407,2.763251543045044
195070,19408,1.5200872421264648
195080,19409,1.4503734111785889
195090,19410,4.013444900512695
195100,19411,2.0599029064178467
195110,19412,2.7514491081237793
195120,19413,4.747588157653809
195130,19414,4.729617118835449
195140,19415,2.059246063232422
195150,19416,1.1988016366958618
195160,19417,6.247859954833984
195170,19418,2.842237949371338
195180,19419,2.544811964035034
195190,19420,3.1886231899261475
195200,19421,2.497257709503174
195210,19422,4.966366767883301
195220,19423,1.8560051918029785
195230,19424,3.0561821460723877
195240,19425,4.0076165199279785
195250,19426,3.8240599632263184
195260,19427,2.1058599948883057
195270,19428,2.6036200523376465
195280,19429,1.6799551248550415
195290,19430,4.4095001220703125
195300,19431,3.77021861076355
195310,19432,3.2258524894714355
195320,19433,3.8998942375183105
195330,19434,3.620361566543579
195340,19435,6.653692722320557
195350,19436,5.057741641998291
195360,19437,1.9910836219787598
195370,19438,1.3773386478424072
195380,19439,2.8903467655181885
195390,19440,1.557054042816162
195400,19441,2.2910125255584717
195410,19442,3.689274311065674
195420,19443,2.2971644401550293
195430,19444,2.1578288078308105
195440,19445,2.955997943878174
195450,19446,3.51564621925354
195460,19447,4.624411106109619
195470,19448,2.3472371101379395
195480,19449,1.8789727687835693
195490,19450,2.094843864440918
195500,19451,1.8835117816925049
195510,19452,1.7516422271728516
195520,19453,1.3319534063339233
195530,19454,1.2044931650161743
195540,19455,2.1282105445861816
195550,19456,2.011019706726074
195560,19457,2.2191812992095947
195570,19458,3.826936721801758
195580,19459,5.251905918121338
195590,19460,1.458925724029541
195600,19461,2.826157569885254
195610,19462,3.5385429859161377
195620,19463,1.4751919507980347
195630,19464,1.3514344692230225
195640,19465,4.528465747833252
195650,19466,2.5131373405456543
195660,19467,4.1312432289123535
195670,19468,0.8565918207168579
195680,19469,3.2142937183380127
195690,19470,1.2460116147994995
195700,19471,1.8548250198364258
195710,19472,1.8685815334320068
195720,19473,2.529003381729126
195730,19474,4.045838832855225
195740,19475,2.2928028106689453
195750,19476,2.253946542739868
195760,19477,1.8894579410552979
195770,19478,1.4497466087341309
195780,19479,2.800225019454956
195790,19480,3.0313477516174316
195800,19481,1.5232610702514648
195810,19482,1.4882447719573975
195820,19483,3.833970785140991
195830,19484,1.8316195011138916
195840,19485,2.7140278816223145
195850,19486,2.7702715396881104
195860,19487,2.1564226150512695
195870,19488,2.1428282260894775
195880,19489,2.1222143173217773
195890,19490,3.043389081954956
195900,19491,1.4948954582214355
195910,19492,2.294468879699707
195920,19493,2.686922073364258
195930,19494,1.4788533449172974
195940,19495,5.745006084442139
195950,19496,4.594303607940674
195960,19497,2.609304428100586
195970,19498,1.9497900009155273
195980,19499,1.7050275802612305
195990,19500,2.0774900913238525
196000,19501,2.2956936359405518
196010,19502,2.1308257579803467
196020,19503,5.139003753662109
196030,19504,1.9886744022369385
196040,19505,1.8433842658996582
196050,19506,2.522923469543457
196060,19507,2.728870391845703
196070,19508,2.9851603507995605
196080,19509,5.30564546585083
196090,19510,2.6594700813293457
196100,19511,1.3048772811889648
196110,19512,1.4894894361495972
196120,19513,2.905330181121826
196130,19514,1.9307702779769897
196140,19515,2.6656525135040283
196150,19516,2.5308704376220703
196160,19517,3.576836347579956
196170,19518,1.656337022781372
196180,19519,1.0638896226882935
196190,19520,1.9080402851104736
196200,19521,2.248685836791992
196210,19522,2.1148228645324707
196220,19523,0.8517948985099792
196230,19524,1.3680363893508911
196240,19525,4.287013530731201
196250,19526,1.9236586093902588
196260,19527,2.5640170574188232
196270,19528,2.797260046005249
196280,19529,3.260848045349121
196290,19530,2.308055877685547
196300,19531,2.5253705978393555
196310,19532,2.2874093055725098
196320,19533,2.6403486728668213
196330,19534,1.6992526054382324
196340,19535,1.5853487253189087
196350,19536,2.073908805847168
196360,19537,2.1629717350006104
196370,19538,2.619072914123535
196380,19539,6.03364372253418
196390,19540,2.504880905151367
196400,19541,1.9417446851730347
196410,19542,1.913670539855957
196420,19543,11.881669998168945
196430,19544,2.8732666969299316
196440,19545,2.5588228702545166
196450,19546,4.065178394317627
196460,19547,3.872642993927002
196470,19548,0.8924290537834167
196480,19549,3.0085952281951904
196490,19550,3.445507049560547
196500,19551,3.8280396461486816
196510,19552,6.951717853546143
196520,19553,4.614007949829102
196530,19554,2.607391834259033
196540,19555,3.9224727153778076
196550,19556,2.0942115783691406
196560,19557,3.4981303215026855
196570,19558,3.0075342655181885
196580,19559,2.7290399074554443
196590,19560,1.4504436254501343
196600,19561,2.9921202659606934
196610,19562,3.0334975719451904
196620,19563,1.9140450954437256
196630,19564,1.6522842645645142
196640,19565,3.0512213706970215
196650,19566,2.1015923023223877
196660,19567,4.162656307220459
196670,19568,1.5971148014068604
196680,19569,2.163440704345703
196690,19570,2.2401657104492188
196700,19571,2.629981756210327
196710,19572,1.289483904838562
196720,19573,2.1692581176757812
196730,19574,3.0560100078582764
196740,19575,2.180352210998535
196750,19576,1.3422963619232178
196760,19577,1.6597965955734253
196770,19578,1.410754680633545
196780,19579,2.8549482822418213
196790,19580,2.5410478115081787
196800,19581,1.6600697040557861
196810,19582,2.4015722274780273
196820,19583,1.8982874155044556
196830,19584,2.5155344009399414
196840,19585,2.0791618824005127
196850,19586,1.7229058742523193
196860,19587,3.918705463409424
196870,19588,3.6269328594207764
196880,19589,2.988442897796631
196890,19590,2.262040138244629
196900,19591,1.9164931774139404
196910,19592,2.037588119506836
196920,19593,1.4799396991729736
196930,19594,1.5194185972213745
196940,19595,2.092177629470825
196950,19596,3.425145149230957
196960,19597,1.8203810453414917
196970,19598,2.56552791595459
196980,19599,3.274611473083496
196990,19600,1.8037817478179932
197000,19601,4.916232109069824
197010,19602,2.0254058837890625
197020,19603,1.8649077415466309
197030,19604,2.1699647903442383
197040,19605,6.096462726593018
197050,19606,1.1681839227676392
197060,19607,4.3746113777160645
197070,19608,2.585073232650757
197080,19609,3.9868481159210205
197090,19610,5.211657524108887
197100,19611,4.026561260223389
197110,19612,2.191690444946289
197120,19613,2.484344959259033
197130,19614,3.5742743015289307
197140,19615,2.8268349170684814
197150,19616,2.005929470062256
197160,19617,1.8928488492965698
197170,19618,4.527519702911377
197180,19619,1.8204143047332764
197190,19620,3.4775233268737793
197200,19621,1.3876581192016602
197210,19622,2.737905263900757
197220,19623,7.446207046508789
197230,19624,2.2226476669311523
197240,19625,1.412834644317627
197250,19626,2.0266594886779785
197260,19627,2.1074256896972656
197270,19628,1.4941266775131226
197280,19629,2.6418356895446777
197290,19630,1.428990364074707
197300,19631,3.4466941356658936
197310,19632,3.0916385650634766
197320,19633,0.7939597368240356
197330,19634,4.975630283355713
197340,19635,2.323915481567383
197350,19636,2.585954189300537
197360,19637,1.0345406532287598
197370,19638,1.512586236000061
197380,19639,2.224575996398926
197390,19640,1.6492714881896973
197400,19641,1.4484999179840088
197410,19642,2.1459438800811768
197420,19643,2.4646964073181152
197430,19644,2.656601667404175
197440,19645,4.152165412902832
197450,19646,0.9124631881713867
197460,19647,1.6145293712615967
197470,19648,1.146355152130127
197480,19649,0.8548879027366638
197490,19650,1.8940330743789673
197500,19651,1.414302110671997
197510,19652,2.7779462337493896
197520,19653,1.4166467189788818
197530,19654,2.677157163619995
197540,19655,3.9155213832855225
197550,19656,3.2081007957458496
197560,19657,1.9901702404022217
197570,19658,1.0530290603637695
197580,19659,2.0473382472991943
197590,19660,7.182919502258301
197600,19661,1.2810190916061401
197610,19662,7.502880096435547
197620,19663,5.268932342529297
197630,19664,1.6282347440719604
197640,19665,6.547877788543701
197650,19666,1.1394381523132324
197660,19667,3.2978572845458984
197670,19668,1.966373085975647
197680,19669,2.462139129638672
197690,19670,1.1997910737991333
197700,19671,2.037606954574585
197710,19672,1.291803002357483
197720,19673,2.621731758117676
197730,19674,3.5547895431518555
197740,19675,1.9196052551269531
197750,19676,1.9987776279449463
197760,19677,1.3466367721557617
197770,19678,1.244379997253418
197780,19679,1.4567171335220337
197790,19680,1.8735765218734741
197800,19681,1.256824254989624
197810,19682,1.5326814651489258
197820,19683,2.7705488204956055
197830,19684,1.9194279909133911
197840,19685,1.4096295833587646
197850,19686,2.0254180431365967
197860,19687,1.8313534259796143
197870,19688,5.112544059753418
197880,19689,2.7219152450561523
197890,19690,2.4648969173431396
197900,19691,3.038405418395996
197910,19692,1.9455822706222534
197920,19693,1.5167990922927856
197930,19694,1.7859303951263428
197940,19695,2.2714381217956543
197950,19696,2.038317918777466
197960,19697,1.476905107498169
197970,19698,1.3658535480499268
197980,19699,5.009346008300781
197990,19700,1.8954241275787354
198000,19701,1.3791804313659668
198010,19702,2.1617324352264404
198020,19703,2.6772396564483643
198030,19704,4.254936695098877
198040,19705,2.338470697402954
198050,19706,1.701268196105957
198060,19707,1.3064420223236084
198070,19708,6.333701133728027
198080,19709,0.7661802768707275
198090,19710,1.8111190795898438
198100,19711,1.7513079643249512
198110,19712,1.6903553009033203
198120,19713,1.9441142082214355
198130,19714,2.1589202880859375
198140,19715,1.650919795036316
198150,19716,2.4081826210021973
198160,19717,1.225492000579834
198170,19718,4.705684185028076
198180,19719,2.4742825031280518
198190,19720,1.443173885345459
198200,19721,2.397596597671509
198210,19722,3.0925261974334717
198220,19723,2.8930439949035645
198230,19724,1.6377055644989014
198240,19725,1.5097894668579102
198250,19726,1.5952262878417969
198260,19727,2.7038216590881348
198270,19728,1.360754370689392
198280,19729,1.240314245223999
198290,19730,1.6088473796844482
198300,19731,1.7314931154251099
198310,19732,1.4478673934936523
198320,19733,1.718597173690796
198330,19734,1.8305567502975464
198340,19735,2.4177439212799072
198350,19736,4.373332977294922
198360,19737,4.1175665855407715
198370,19738,2.1841940879821777
198380,19739,2.7216804027557373
198390,19740,1.7036855220794678
198400,19741,5.5541582107543945
198410,19742,1.6676216125488281
198420,19743,1.4843435287475586
198430,19744,1.3840421438217163
198440,19745,2.007338047027588
198450,19746,4.239190101623535
198460,19747,2.413771152496338
198470,19748,1.982095718383789
198480,19749,2.6228904724121094
198490,19750,4.465102195739746
198500,19751,2.427189588546753
198510,19752,2.1647274494171143
198520,19753,2.0194873809814453
198530,19754,2.37052321434021
198540,19755,2.386343240737915
198550,19756,1.8564584255218506
198560,19757,0.7667133212089539
198570,19758,2.8328332901000977
198580,19759,1.270456075668335
198590,19760,2.892979145050049
198600,19761,2.8976335525512695
198610,19762,0.5536366701126099
198620,19763,4.1374735832214355
198630,19764,2.2765166759490967
198640,19765,2.0094003677368164
198650,19766,2.6602461338043213
198660,19767,2.6050453186035156
198670,19768,1.6280144453048706
198680,19769,1.337801218032837
198690,19770,4.464511871337891
198700,19771,1.4934842586517334
198710,19772,1.9255867004394531
198720,19773,2.1989099979400635
198730,19774,2.2631120681762695
198740,19775,1.2183538675308228
198750,19776,1.7021996974945068
198760,19777,1.1574108600616455
198770,19778,1.299477458000183
198780,19779,3.556408166885376
198790,19780,3.3569610118865967
198800,19781,1.9375998973846436
198810,19782,2.1251943111419678
198820,19783,5.032780647277832
198830,19784,1.3196673393249512
198840,19785,3.504969835281372
198850,19786,3.160179853439331
198860,19787,1.4896577596664429
198870,19788,3.9747350215911865
198880,19789,2.089010715484619
198890,19790,2.968770980834961
198900,19791,2.9611828327178955
198910,19792,2.8640480041503906
198920,19793,2.126251459121704
198930,19794,1.316450595855713
198940,19795,1.5115623474121094
198950,19796,1.5296261310577393
198960,19797,1.719167709350586
198970,19798,3.7174477577209473
198980,19799,0.8278898596763611
198990,19800,1.1694648265838623
199000,19801,2.5043389797210693
199010,19802,3.0854954719543457
199020,19803,3.9929099082946777
199030,19804,2.2132415771484375
199040,19805,2.7047741413116455
199050,19806,3.337829351425171
199060,19807,1.7852978706359863
199070,19808,3.1689915657043457
199080,19809,1.3270527124404907
199090,19810,6.276782035827637
199100,19811,3.8457605838775635
199110,19812,2.386086940765381
199120,19813,3.8601856231689453
199130,19814,1.9282646179199219
199140,19815,2.0282280445098877
199150,19816,2.4891154766082764
199160,19817,5.819941520690918
199170,19818,1.5722992420196533
199180,19819,1.281992793083191
199190,19820,3.220170736312866
199200,19821,2.762003183364868
199210,19822,2.980402708053589
199220,19823,1.330329179763794
199230,19824,4.945141315460205
199240,19825,2.0246670246124268
199250,19826,2.3153669834136963
199260,19827,2.6592791080474854
199270,19828,1.7875980138778687
199280,19829,1.2669318914413452
199290,19830,4.473675727844238
199300,19831,2.4527063369750977
199310,19832,1.7642261981964111
199320,19833,1.2935527563095093
199330,19834,2.5914461612701416
199340,19835,1.5778244733810425
199350,19836,1.8669062852859497
199360,19837,1.4097486734390259
199370,19838,2.1213948726654053
199380,19839,2.3717594146728516
199390,19840,1.3783557415008545
199400,19841,0.9542683959007263
199410,19842,1.966403841972351
199420,19843,1.5282518863677979
199430,19844,3.076411247253418
199440,19845,3.860477924346924
199450,19846,1.6750104427337646
199460,19847,2.1142635345458984
199470,19848,2.6679418087005615
199480,19849,1.5462603569030762
199490,19850,1.864267110824585
199500,19851,1.1400343179702759
199510,19852,4.311629295349121
199520,19853,2.7888705730438232
199530,19854,1.3108431100845337
199540,19855,1.6929060220718384
199550,19856,1.4636545181274414
199560,19857,1.4729032516479492
199570,19858,1.7439522743225098
199580,19859,2.0134878158569336
199590,19860,10.43216609954834
199600,19861,1.417466402053833
199610,19862,2.992051362991333
199620,19863,1.534554362297058
199630,19864,3.498469829559326
199640,19865,5.720796585083008
199650,19866,2.115490198135376
199660,19867,1.9061150550842285
199670,19868,2.6675825119018555
199680,19869,2.316049098968506
199690,19870,3.322819471359253
199700,19871,2.0355231761932373
199710,19872,3.171210765838623
199720,19873,1.8205609321594238
199730,19874,3.3505215644836426
199740,19875,3.155578374862671
199750,19876,2.186368942260742
199760,19877,1.835402011871338
199770,19878,2.8704004287719727
199780,19879,0.8147578239440918
199790,19880,1.6139029264450073
199800,19881,0.725658118724823
199810,19882,2.0901851654052734
199820,19883,4.258448600769043
199830,19884,2.16292142868042
199840,19885,1.4466850757598877
199850,19886,2.74950909614563
199860,19887,7.190271377563477
199870,19888,1.3214292526245117
199880,19889,1.5772926807403564
199890,19890,2.424600124359131
199900,19891,5.623942852020264
199910,19892,0.9861545562744141
199920,19893,1.9317350387573242
199930,19894,3.8036441802978516
199940,19895,1.5156400203704834
199950,19896,1.7955470085144043
199960,19897,0.8864486813545227
199970,19898,2.1288113594055176
199980,19899,4.634336948394775
199990,19900,4.878283500671387
200000,19901,1.5759984254837036
