environment_step,learning_update,td_loss
70,1,0.02227088436484337
80,2,0.002229119651019573
90,3,0.004541069734841585
100,4,0.00806382019072771
110,5,0.004923446569591761
120,6,0.002123750513419509
130,7,0.001133987563662231
140,8,0.002135113812983036
150,9,0.009728502482175827
160,10,0.005776784382760525
170,11,0.0008998201228678226
180,12,0.028958134353160858
190,13,0.032580796629190445
200,14,0.07270488142967224
210,15,0.022381041198968887
220,16,0.042412180453538895
230,17,0.047878336161375046
240,18,0.11630501598119736
250,19,0.08831873536109924
260,20,0.08752962946891785
270,21,0.13665512204170227
280,22,0.10582804679870605
290,23,0.14105086028575897
300,24,0.15424604713916779
310,25,0.12109412252902985
320,26,0.1300312727689743
330,27,0.09176269918680191
340,28,0.19377188384532928
350,29,0.10859929025173187
360,30,0.05865949019789696
370,31,0.03713749349117279
380,32,0.069396011531353
390,33,0.11313231289386749
400,34,0.1339610069990158
410,35,0.2502308487892151
420,36,0.06146615743637085
430,37,0.31639206409454346
440,38,0.273078054189682
450,39,0.29171425104141235
460,40,0.32107800245285034
470,41,0.24102537333965302
480,42,0.36396583914756775
490,43,0.3078837990760803
500,44,0.23076015710830688
510,45,0.17545941472053528
520,46,0.1821666657924652
530,47,0.3820984959602356
540,48,0.2569099962711334
550,49,0.2702367305755615
560,50,0.4001411199569702
570,51,0.20856371521949768
580,52,0.12668411433696747
590,53,0.16792547702789307
600,54,0.07797577232122421
610,55,0.2623850703239441
620,56,0.06478649377822876
630,57,0.21894457936286926
640,58,0.2504069209098816
650,59,0.21451249718666077
660,60,0.26174458861351013
670,61,0.270218163728714
680,62,0.1827768236398697
690,63,0.15369585156440735
700,64,0.15755262970924377
710,65,0.2603973150253296
720,66,0.1345052868127823
730,67,0.10790149122476578
740,68,0.1278451830148697
750,69,0.0926089808344841
760,70,0.11558230221271515
770,71,0.15049831569194794
780,72,0.25461694598197937
790,73,0.1178557425737381
800,74,0.10413356870412827
810,75,0.1625797599554062
820,76,0.22954905033111572
830,77,0.07149967551231384
840,78,0.09268507361412048
850,79,0.2611697018146515
860,80,0.18539667129516602
870,81,0.1183013916015625
880,82,0.0498177632689476
890,83,0.2710752487182617
900,84,0.2184666097164154
910,85,0.2360919564962387
920,86,0.09294861555099487
930,87,0.09414474666118622
940,88,0.05975276976823807
950,89,0.1915336549282074
960,90,0.222513347864151
970,91,0.20627039670944214
980,92,0.03815808892250061
990,93,0.14080704748630524
1000,94,0.18263843655586243
1010,95,0.17573857307434082
1020,96,0.2254893183708191
1030,97,0.1034775897860527
1040,98,0.07675603777170181
1050,99,0.058867473155260086
1060,100,0.13925288617610931
1070,101,0.19008611142635345
1080,102,0.10491587221622467
1090,103,0.04403272271156311
1100,104,0.08712185174226761
1110,105,0.17735010385513306
1120,106,0.06044948101043701
1130,107,0.11712896078824997
1140,108,0.255924254655838
1150,109,0.21694780886173248
1160,110,0.027811525389552116
1170,111,0.21031464636325836
1180,112,0.30072060227394104
1190,113,0.14353102445602417
1200,114,0.20123572647571564
1210,115,0.10989455878734589
1220,116,0.14453138411045074
1230,117,0.07136024534702301
1240,118,0.15408307313919067
1250,119,0.12036406993865967
1260,120,0.03754914924502373
1270,121,0.15675897896289825
1280,122,0.2745741307735443
1290,123,0.05887690186500549
1300,124,0.2317921668291092
1310,125,0.10033303499221802
1320,126,0.25672370195388794
1330,127,0.20795154571533203
1340,128,0.1461593359708786
1350,129,0.17510512471199036
1360,130,0.17366349697113037
1370,131,0.16007095575332642
1380,132,0.23851215839385986
1390,133,0.2971654534339905
1400,134,0.34842780232429504
1410,135,0.3089649975299835
1420,136,0.11318200081586838
1430,137,0.07815822213888168
1440,138,0.049081530421972275
1450,139,0.2626343071460724
1460,140,0.06689287722110748
1470,141,0.22714458405971527
1480,142,0.14219294488430023
1490,143,0.151540607213974
1500,144,0.19396451115608215
1510,145,0.32482054829597473
1520,146,0.3747243583202362
1530,147,0.18909209966659546
1540,148,0.09578409045934677
1550,149,0.30755147337913513
1560,150,0.04798893630504608
1570,151,0.44635170698165894
1580,152,0.19961875677108765
1590,153,0.22492782771587372
1600,154,0.174516499042511
1610,155,0.20968344807624817
1620,156,0.11579317599534988
1630,157,0.08197325468063354
1640,158,0.1172104924917221
1650,159,0.18422415852546692
1660,160,0.11381642520427704
1670,161,0.10900194197893143
1680,162,0.21916267275810242
1690,163,0.1270863115787506
1700,164,0.2859930396080017
1710,165,0.11264532059431076
1720,166,0.15824323892593384
1730,167,0.1571725755929947
1740,168,0.22809402644634247
1750,169,0.15407320857048035
1760,170,0.2123170793056488
1770,171,0.07571084052324295
1780,172,0.13275378942489624
1790,173,0.06026138737797737
1800,174,0.08929966390132904
1810,175,0.10229340195655823
1820,176,0.08968093246221542
1830,177,0.34491047263145447
1840,178,0.15457579493522644
1850,179,0.08236473053693771
1860,180,0.10185939073562622
1870,181,0.1705777794122696
1880,182,0.20795994997024536
1890,183,0.13653135299682617
1900,184,0.11778285354375839
1910,185,0.16671735048294067
1920,186,0.10532858967781067
1930,187,0.0635196715593338
1940,188,0.24537084996700287
1950,189,0.17288556694984436
1960,190,0.15888284146785736
1970,191,0.23357731103897095
1980,192,0.1760384738445282
1990,193,0.16912637650966644
2000,194,0.08232653886079788
2010,195,0.07512044906616211
2020,196,0.18336352705955505
2030,197,0.16212385892868042
2040,198,0.17075705528259277
2050,199,0.1180306151509285
2060,200,0.1329813450574875
2070,201,0.1198037639260292
2080,202,0.15482409298419952
2090,203,0.13901816308498383
2100,204,0.31830644607543945
2110,205,0.043141063302755356
2120,206,0.22166620194911957
2130,207,0.12787790596485138
2140,208,0.2581852376461029
2150,209,0.183867946267128
2160,210,0.08553782850503922
2170,211,0.20032870769500732
2180,212,0.2170230895280838
2190,213,0.41421324014663696
2200,214,0.21047483384609222
2210,215,0.24172088503837585
2220,216,0.07043494284152985
2230,217,0.171912282705307
2240,218,0.07353642582893372
2250,219,0.14374521374702454
2260,220,0.13570839166641235
2270,221,0.2434089034795761
2280,222,0.14481811225414276
2290,223,0.15936055779457092
2300,224,0.10287483781576157
2310,225,0.08707228302955627
2320,226,0.07935982942581177
2330,227,0.182542622089386
2340,228,0.10362494736909866
2350,229,0.11192042380571365
2360,230,0.10074246674776077
2370,231,0.0465519018471241
2380,232,0.11811937391757965
2390,233,0.2616758644580841
2400,234,0.13752782344818115
2410,235,0.062408771365880966
2420,236,0.028908388689160347
2430,237,0.08297280222177505
2440,238,0.20366646349430084
2450,239,0.055701617151498795
2460,240,0.25529342889785767
2470,241,0.1800457090139389
2480,242,0.1593153029680252
2490,243,0.08243906497955322
2500,244,0.07403933256864548
2510,245,0.16169938445091248
2520,246,0.06799689680337906
2530,247,0.10304922610521317
2540,248,0.29505592584609985
2550,249,0.2904353439807892
2560,250,0.10335846245288849
2570,251,0.14161181449890137
2580,252,0.10974366962909698
2590,253,0.1932286024093628
2600,254,0.2818986177444458
2610,255,0.15844859182834625
2620,256,0.031228473410010338
2630,257,0.10629386454820633
2640,258,0.14816485345363617
2650,259,0.07225062698125839
2660,260,0.1014549732208252
2670,261,0.05828200280666351
2680,262,0.14545249938964844
2690,263,0.46799126267433167
2700,264,0.1522611826658249
2710,265,0.17404644191265106
2720,266,0.06320221722126007
2730,267,0.10838763415813446
2740,268,0.21390323340892792
2750,269,0.16622819006443024
2760,270,0.056117020547389984
2770,271,0.11781074851751328
2780,272,0.038661662489175797
2790,273,0.11422058194875717
2800,274,0.0453520342707634
2810,275,0.08455007523298264
2820,276,0.11647455394268036
2830,277,0.07026251405477524
2840,278,0.040958866477012634
2850,279,0.27418065071105957
2860,280,0.15924686193466187
2870,281,0.06365963816642761
2880,282,0.07028844952583313
2890,283,0.14335335791110992
2900,284,0.22731758654117584
2910,285,0.03160438314080238
2920,286,0.32780319452285767
2930,287,0.22258856892585754
2940,288,0.20544414222240448
2950,289,0.03689032793045044
2960,290,0.03584606945514679
2970,291,0.27532845735549927
2980,292,0.2357654720544815
2990,293,0.07247282564640045
3000,294,0.097658172249794
3010,295,0.07712427526712418
3020,296,0.27324584126472473
3030,297,0.17296463251113892
3040,298,0.18714234232902527
3050,299,0.04153043031692505
3060,300,0.040964726358652115
3070,301,0.21775949001312256
3080,302,0.07816360890865326
3090,303,0.0709279254078865
3100,304,0.21852365136146545
3110,305,0.050756823271512985
3120,306,0.1328304558992386
3130,307,0.03996632620692253
3140,308,0.2578314244747162
3150,309,0.050114672631025314
3160,310,0.17913958430290222
3170,311,0.04018372669816017
3180,312,0.07568690925836563
3190,313,0.1343321055173874
3200,314,0.06561992317438126
3210,315,0.2532083988189697
3220,316,0.18271614611148834
3230,317,0.07885881513357162
3240,318,0.06404228508472443
3250,319,0.1471918821334839
3260,320,0.14756134152412415
3270,321,0.027859998866915703
3280,322,0.06041118502616882
3290,323,0.09786361455917358
3300,324,0.12066452205181122
3310,325,0.12759914994239807
3320,326,0.05158711597323418
3330,327,0.018876289948821068
3340,328,0.10831726342439651
3350,329,0.20576685667037964
3360,330,0.06922335922718048
3370,331,0.026431985199451447
3380,332,0.17601612210273743
3390,333,0.10822810977697372
3400,334,0.02915358915925026
3410,335,0.07311686128377914
3420,336,0.1786276400089264
3430,337,0.03416753560304642
3440,338,0.10943685472011566
3450,339,0.3972962200641632
3460,340,0.21895398199558258
3470,341,0.12773723900318146
3480,342,0.2968544363975525
3490,343,0.1470668613910675
3500,344,0.12251526862382889
3510,345,0.010267653502523899
3520,346,0.10800867527723312
3530,347,0.08196065574884415
3540,348,0.12366311997175217
3550,349,0.08010729402303696
3560,350,0.1762463003396988
3570,351,0.006121269427239895
3580,352,0.15672962367534637
3590,353,0.08352318406105042
3600,354,0.12345705181360245
3610,355,0.017585627734661102
3620,356,0.26810094714164734
3630,357,0.013204429298639297
3640,358,0.039281345903873444
3650,359,0.04340573027729988
3660,360,0.13623571395874023
3670,361,0.14297661185264587
3680,362,0.06904430687427521
3690,363,0.12066609412431717
3700,364,0.1519652009010315
3710,365,0.17673903703689575
3720,366,0.09125148504972458
3730,367,0.09307996928691864
3740,368,0.2210506796836853
3750,369,0.01889951527118683
3760,370,0.26257428526878357
3770,371,0.07444855570793152
3780,372,0.26076796650886536
3790,373,0.1382378786802292
3800,374,0.08014795929193497
3810,375,0.08175678551197052
3820,376,0.14784985780715942
3830,377,0.0872025117278099
3840,378,0.2876134216785431
3850,379,0.006352243945002556
3860,380,0.08415918052196503
3870,381,0.077456034719944
3880,382,0.11869003623723984
3890,383,0.06032083183526993
3900,384,0.04800979048013687
3910,385,0.20958533883094788
3920,386,0.12604013085365295
3930,387,0.08936300128698349
3940,388,0.034217946231365204
3950,389,0.060701992362737656
3960,390,0.3715265393257141
3970,391,0.001715713762678206
3980,392,0.02161981910467148
3990,393,0.231506809592247
4000,394,0.0976395383477211
4010,395,0.10707617551088333
4020,396,0.036607615649700165
4030,397,0.14385205507278442
4040,398,0.21310096979141235
4050,399,0.1644378900527954
4060,400,0.044422462582588196
4070,401,0.12116989493370056
4080,402,0.15789858996868134
4090,403,0.19238077104091644
4100,404,0.056317947804927826
4110,405,0.2448321282863617
4120,406,0.10370586067438126
4130,407,0.1609182208776474
4140,408,0.2085694819688797
4150,409,0.10121043026447296
4160,410,0.10844951122999191
4170,411,0.1762208342552185
4180,412,0.16206444799900055
4190,413,0.147736594080925
4200,414,0.06801430881023407
4210,415,0.10983531177043915
4220,416,0.2286098450422287
4230,417,0.0716635137796402
4240,418,0.16716298460960388
4250,419,0.06642572581768036
4260,420,0.10397908836603165
4270,421,0.053057972341775894
4280,422,0.10823292285203934
4290,423,0.06804946810007095
4300,424,0.07867304980754852
4310,425,0.13969145715236664
4320,426,0.12112061679363251
4330,427,0.015491068363189697
4340,428,0.21692609786987305
4350,429,0.174594908952713
4360,430,0.13836126029491425
4370,431,0.06876379251480103
4380,432,0.13035592436790466
4390,433,0.0333913154900074
4400,434,0.052042726427316666
4410,435,0.030986063182353973
4420,436,0.11530034989118576
4430,437,0.17583173513412476
4440,438,0.131788432598114
4450,439,0.09802522510290146
4460,440,0.1532226800918579
4470,441,0.050840478390455246
4480,442,0.04026683047413826
4490,443,0.045981016010046005
4500,444,0.2387005090713501
4510,445,0.03828509896993637
4520,446,0.07650429755449295
4530,447,0.045011404901742935
4540,448,0.21689841151237488
4550,449,0.11373139917850494
4560,450,0.09033351391553879
4570,451,0.02255631610751152
4580,452,0.16768012940883636
4590,453,0.0662803128361702
4600,454,0.05790536850690842
4610,455,0.21240349113941193
4620,456,0.13630801439285278
4630,457,0.04835311323404312
4640,458,0.15308572351932526
4650,459,0.03790565952658653
4660,460,0.1447618156671524
4670,461,0.041227370500564575
4680,462,0.14919118583202362
4690,463,0.029429037123918533
4700,464,0.04111485928297043
4710,465,0.11594812572002411
4720,466,0.03442073240876198
4730,467,0.13258270919322968
4740,468,0.17413422465324402
4750,469,0.32348883152008057
4760,470,0.03359580039978027
4770,471,0.3083264231681824
4780,472,0.07678883522748947
4790,473,0.2097960263490677
4800,474,0.08942524343729019
4810,475,0.07962842285633087
4820,476,0.07664350420236588
4830,477,0.19929100573062897
4840,478,0.03615362197160721
4850,479,0.049912404268980026
4860,480,0.10190429538488388
4870,481,0.09786813706159592
4880,482,0.08397108316421509
4890,483,0.0892777293920517
4900,484,0.06588135659694672
4910,485,0.07608247548341751
4920,486,0.022075636312365532
4930,487,0.017196349799633026
4940,488,0.015091086737811565
4950,489,0.13982205092906952
4960,490,0.060711782425642014
4970,491,0.26549872756004333
4980,492,0.07968215644359589
4990,493,0.05269620567560196
5000,494,0.1853131353855133
5010,495,0.12475581467151642
5020,496,0.1834001988172531
5030,497,0.07950186729431152
5040,498,0.05465273931622505
5050,499,0.14610552787780762
5060,500,0.06384962052106857
5070,501,0.055530846118927
5080,502,0.10131623595952988
5090,503,0.039870209991931915
5100,504,0.15731725096702576
5110,505,0.08923199027776718
5120,506,0.14877112209796906
5130,507,0.004591026809066534
5140,508,0.11304747313261032
5150,509,0.36886709928512573
5160,510,0.022546961903572083
5170,511,0.20970064401626587
5180,512,0.12001419067382812
5190,513,0.09734611958265305
5200,514,0.05463770031929016
5210,515,0.09379362314939499
5220,516,0.0392221063375473
5230,517,0.11310037970542908
5240,518,0.17955467104911804
5250,519,0.06029679253697395
5260,520,0.11010278761386871
5270,521,0.09803656488656998
5280,522,0.08493287861347198
5290,523,0.10386113822460175
5300,524,0.013063052669167519
5310,525,0.0067806001752614975
5320,526,0.08326826244592667
5330,527,0.1010969951748848
5340,528,0.07448942959308624
5350,529,0.17816759645938873
5360,530,0.14016194641590118
5370,531,0.12200275808572769
5380,532,0.0157146155834198
5390,533,0.09494571387767792
5400,534,0.0857895091176033
5410,535,0.11737619340419769
5420,536,0.09628508239984512
5430,537,0.07210081815719604
5440,538,0.036345407366752625
5450,539,0.043913934379816055
5460,540,0.055147480219602585
5470,541,0.08346137404441833
5480,542,0.339695006608963
5490,543,0.08960385620594025
5500,544,0.043461013585329056
5510,545,0.13992014527320862
5520,546,0.037509460002183914
5530,547,0.06649373471736908
5540,548,0.05660594627261162
5550,549,0.1324460655450821
5560,550,0.047538869082927704
5570,551,0.11976795643568039
5580,552,0.09615814685821533
5590,553,0.04258451610803604
5600,554,0.20538921654224396
5610,555,0.16735245287418365
5620,556,0.126374751329422
5630,557,0.06350725144147873
5640,558,0.12504495680332184
5650,559,0.07647071778774261
5660,560,0.05318840593099594
5670,561,0.08786600828170776
5680,562,0.1106015220284462
5690,563,0.08765210956335068
5700,564,0.02381639927625656
5710,565,0.3210929036140442
5720,566,0.09988211840391159
5730,567,0.06223972141742706
5740,568,0.032743338495492935
5750,569,0.10986287146806717
5760,570,0.020028764382004738
5770,571,0.12522311508655548
5780,572,0.14378957450389862
5790,573,0.024411359801888466
5800,574,0.11658957600593567
5810,575,0.11938190460205078
5820,576,0.09465432912111282
5830,577,0.05988878756761551
5840,578,0.0023893071338534355
5850,579,0.06800448894500732
5860,580,0.05648035183548927
5870,581,0.04193754121661186
5880,582,0.0531109943985939
5890,583,0.03433876484632492
5900,584,0.08451516181230545
5910,585,0.036139439791440964
5920,586,0.08490064740180969
5930,587,0.08800772577524185
5940,588,0.14770305156707764
5950,589,0.13911665976047516
5960,590,0.04764444753527641
5970,591,0.06644540280103683
5980,592,0.35494479537010193
5990,593,0.19332385063171387
6000,594,0.07500709593296051
6010,595,0.03469960764050484
6020,596,0.10561862587928772
6030,597,0.05202844738960266
6040,598,0.04128269851207733
6050,599,0.09274179488420486
6060,600,0.12239591777324677
6070,601,0.09109504520893097
6080,602,0.3332960307598114
6090,603,0.0938694030046463
6100,604,0.1679524928331375
6110,605,0.0028241625986993313
6120,606,0.06576146185398102
6130,607,0.04744771867990494
6140,608,0.027925917878746986
6150,609,0.19478635489940643
6160,610,0.09654238820075989
6170,611,0.07844176143407822
6180,612,0.21627162396907806
6190,613,0.022960666567087173
6200,614,0.0870479941368103
6210,615,0.03614960238337517
6220,616,0.12956592440605164
6230,617,0.1230752021074295
6240,618,0.013367555104196072
6250,619,0.08565311133861542
6260,620,0.05606543645262718
6270,621,0.13712330162525177
6280,622,0.1928703784942627
6290,623,0.019604353234171867
6300,624,0.020013194531202316
6310,625,0.11403517425060272
6320,626,0.13942623138427734
6330,627,0.013285716064274311
6340,628,0.1264207661151886
6350,629,0.046073686331510544
6360,630,0.06642681360244751
6370,631,0.07646169513463974
6380,632,0.19939909875392914
6390,633,0.152963325381279
6400,634,0.12158793210983276
6410,635,0.10979409515857697
6420,636,0.05426383391022682
6430,637,0.09079339355230331
6440,638,0.0773535966873169
6450,639,0.010254071094095707
6460,640,0.10235089063644409
6470,641,0.12830930948257446
6480,642,0.01712799072265625
6490,643,0.09901276230812073
6500,644,0.21026451885700226
6510,645,0.08429674804210663
6520,646,0.1083173006772995
6530,647,0.13563615083694458
6540,648,0.05194547027349472
6550,649,0.060367412865161896
6560,650,0.05248182266950607
6570,651,0.1058044359087944
6580,652,0.17101387679576874
6590,653,0.3043806552886963
6600,654,0.10450664162635803
6610,655,0.28340286016464233
6620,656,0.11907850205898285
6630,657,0.1617126613855362
6640,658,0.07786664366722107
6650,659,0.11458643525838852
6660,660,0.06206921860575676
6670,661,0.2478213906288147
6680,662,0.09737850725650787
6690,663,0.17539025843143463
6700,664,0.32682305574417114
6710,665,0.15387001633644104
6720,666,0.08280391991138458
6730,667,0.07965055108070374
6740,668,0.014315973967313766
6750,669,0.11016391962766647
6760,670,0.26144862174987793
6770,671,0.36385369300842285
6780,672,0.09777698665857315
6790,673,0.17565949261188507
6800,674,0.16327863931655884
6810,675,0.2023833692073822
6820,676,0.0636826604604721
6830,677,0.15577147901058197
6840,678,0.13515408337116241
6850,679,0.16671554744243622
6860,680,0.26224690675735474
6870,681,0.16498598456382751
6880,682,0.16062451899051666
6890,683,0.04643109068274498
6900,684,0.11217690259218216
6910,685,0.14838112890720367
6920,686,0.03602791577577591
6930,687,0.18520581722259521
6940,688,0.11326728761196136
6950,689,0.04839825630187988
6960,690,0.06101394444704056
6970,691,0.25757989287376404
6980,692,0.4364476203918457
6990,693,0.24901477992534637
7000,694,0.08063892275094986
7010,695,0.041244618594646454
7020,696,0.04833599925041199
7030,697,0.10940127074718475
7040,698,0.06616314500570297
7050,699,0.02629520371556282
7060,700,0.02514876052737236
7070,701,0.2040579915046692
7080,702,0.032941319048404694
7090,703,0.06711827218532562
7100,704,0.0804755836725235
7110,705,0.12615835666656494
7120,706,0.2726004123687744
7130,707,0.050340715795755386
7140,708,0.06672492623329163
7150,709,0.1264576017856598
7160,710,0.0783349946141243
7170,711,0.07395533472299576
7180,712,0.13061298429965973
7190,713,0.15408876538276672
7200,714,0.027765316888689995
7210,715,0.08039344102144241
7220,716,0.12218980491161346
7230,717,0.0690864622592926
7240,718,0.11850716918706894
7250,719,0.04405864328145981
7260,720,0.16191598773002625
7270,721,0.13725079596042633
7280,722,0.11123921722173691
7290,723,0.20306216180324554
7300,724,0.061554916203022
7310,725,0.126164972782135
7320,726,0.25448209047317505
7330,727,0.14997553825378418
7340,728,0.04613234102725983
7350,729,0.16836316883563995
7360,730,0.18118837475776672
7370,731,0.2218409925699234
7380,732,0.03822995349764824
7390,733,0.1594839096069336
7400,734,0.28559744358062744
7410,735,0.24138982594013214
7420,736,0.13528616726398468
7430,737,0.16185332834720612
7440,738,0.049506448209285736
7450,739,0.13783331215381622
7460,740,0.17350436747074127
7470,741,0.08193229883909225
7480,742,0.04366382583975792
7490,743,0.06168853119015694
7500,744,0.018207697197794914
7510,745,0.11646575480699539
7520,746,0.22959882020950317
7530,747,0.1254829317331314
7540,748,0.027979863807559013
7550,749,0.21966272592544556
7560,750,0.07548856735229492
7570,751,0.1931828409433365
7580,752,0.020756326615810394
7590,753,0.10023915022611618
7600,754,0.14032591879367828
7610,755,0.03292778506875038
7620,756,0.12627007067203522
7630,757,0.04815216362476349
7640,758,0.15289989113807678
7650,759,0.07125382870435715
7660,760,0.22359734773635864
7670,761,0.281531423330307
7680,762,0.14806514978408813
7690,763,0.1846669614315033
7700,764,0.07465073466300964
7710,765,0.07822596281766891
7720,766,0.06338101625442505
7730,767,0.2213536649942398
7740,768,0.07298285514116287
7750,769,0.15665385127067566
7760,770,0.07820894569158554
7770,771,0.077671118080616
7780,772,0.16188868880271912
7790,773,0.05242856219410896
7800,774,0.1231033056974411
7810,775,0.13713225722312927
7820,776,0.15635927021503448
7830,777,0.023370858281850815
7840,778,0.14492903649806976
7850,779,0.09129787981510162
7860,780,0.13763035833835602
7870,781,0.10004708915948868
7880,782,0.05227167531847954
7890,783,0.1140652522444725
7900,784,0.0690089762210846
7910,785,0.10917747765779495
7920,786,0.08553905040025711
7930,787,0.08570493757724762
7940,788,0.07685471326112747
7950,789,0.08796100318431854
7960,790,0.15858478844165802
7970,791,0.039669208228588104
7980,792,0.08582045882940292
7990,793,0.21732068061828613
8000,794,0.08737269788980484
8010,795,0.10259852558374405
8020,796,0.1917647421360016
8030,797,0.12709251046180725
8040,798,0.1269892007112503
8050,799,0.13668756186962128
8060,800,0.1219763234257698
8070,801,0.13114793598651886
8080,802,0.11341708898544312
8090,803,0.20600257813930511
8100,804,0.05802851542830467
8110,805,0.036638788878917694
8120,806,0.09566744416952133
8130,807,0.10754658281803131
8140,808,0.11541807651519775
8150,809,0.02731163054704666
8160,810,0.06407202780246735
8170,811,0.09235001355409622
8180,812,0.09721434116363525
8190,813,0.062456563115119934
8200,814,0.17451134324073792
8210,815,0.055125653743743896
8220,816,0.09142471104860306
8230,817,0.06454109400510788
8240,818,0.09197866916656494
8250,819,0.0124120581895113
8260,820,0.22451621294021606
8270,821,0.3160197138786316
8280,822,0.13421835005283356
8290,823,0.003967717755585909
8300,824,0.1743445098400116
8310,825,0.21740098297595978
8320,826,0.09417688846588135
8330,827,0.16643279790878296
8340,828,0.1049719899892807
8350,829,0.09581910818815231
8360,830,0.08946376293897629
8370,831,0.10426028817892075
8380,832,0.27211591601371765
8390,833,0.08092188090085983
8400,834,0.12396695464849472
8410,835,0.27674299478530884
8420,836,0.21599175035953522
8430,837,0.02806561440229416
8440,838,0.16599714756011963
8450,839,0.03911813721060753
8460,840,0.08574158698320389
8470,841,0.05777093395590782
8480,842,0.22011540830135345
8490,843,0.06516247242689133
8500,844,0.10896766930818558
8510,845,0.03544572740793228
8520,846,0.18494872748851776
8530,847,0.17266443371772766
8540,848,0.10132480412721634
8550,849,0.10892044007778168
8560,850,0.21877025067806244
8570,851,0.05456870049238205
8580,852,0.0390511080622673
8590,853,0.12349501252174377
8600,854,0.09774746745824814
8610,855,0.17475681006908417
8620,856,0.07347159087657928
8630,857,0.18750062584877014
8640,858,0.17018762230873108
8650,859,0.16506360471248627
8660,860,0.09765671193599701
8670,861,0.09761311113834381
8680,862,0.05882278084754944
8690,863,0.13310912251472473
8700,864,0.04195138067007065
8710,865,0.05982101708650589
8720,866,0.24936720728874207
8730,867,0.09051179885864258
8740,868,0.03928044065833092
8750,869,0.15676641464233398
8760,870,0.13191451132297516
8770,871,0.03288550302386284
8780,872,0.07046762108802795
8790,873,0.10927829146385193
8800,874,0.1667947769165039
8810,875,0.08046899735927582
8820,876,0.23580238223075867
8830,877,0.041404083371162415
8840,878,0.10931757837533951
8850,879,0.19802093505859375
8860,880,0.18012486398220062
8870,881,0.181466743350029
8880,882,0.042628396302461624
8890,883,0.13603876531124115
8900,884,0.19303083419799805
8910,885,0.13200634717941284
8920,886,0.028478629887104034
8930,887,0.026054110378026962
8940,888,0.09970205277204514
8950,889,0.0663294792175293
8960,890,0.025281589478254318
8970,891,0.14401483535766602
8980,892,0.1872476488351822
8990,893,0.0425991490483284
9000,894,0.1137748509645462
9010,895,0.16875512897968292
9020,896,0.06734152138233185
9030,897,0.05125042796134949
9040,898,0.19663414359092712
9050,899,0.050618596374988556
9060,900,0.12177807837724686
9070,901,0.02628958597779274
9080,902,0.06071818247437477
9090,903,0.08116801828145981
9100,904,0.1155966967344284
9110,905,0.09134330600500107
9120,906,0.05494580417871475
9130,907,0.18761754035949707
9140,908,0.1463478058576584
9150,909,0.11443602293729782
9160,910,0.12316125631332397
9170,911,0.19533665478229523
9180,912,0.19814351201057434
9190,913,0.2314874529838562
9200,914,0.03493155166506767
9210,915,0.16863159835338593
9220,916,0.043260201811790466
9230,917,0.04664577543735504
9240,918,0.06072205677628517
9250,919,0.0486794039607048
9260,920,0.20290593802928925
9270,921,0.03768236190080643
9280,922,0.12273107469081879
9290,923,0.06655706465244293
9300,924,0.18543332815170288
9310,925,0.10073721408843994
9320,926,0.053331971168518066
9330,927,0.06319420784711838
9340,928,0.08376671373844147
9350,929,0.12647350132465363
9360,930,0.09050419926643372
9370,931,0.0286786537617445
9380,932,0.11792103946208954
9390,933,0.0785469263792038
9400,934,0.14725612103939056
9410,935,0.01645648293197155
9420,936,0.10834962129592896
9430,937,0.08546200394630432
9440,938,0.12945501506328583
9450,939,0.10948840528726578
9460,940,0.3411578834056854
9470,941,0.26962074637413025
9480,942,0.13122759759426117
9490,943,0.022022686898708344
9500,944,0.12938755750656128
9510,945,0.29084959626197815
9520,946,0.007178384345024824
9530,947,0.05901966616511345
9540,948,0.1538180112838745
9550,949,0.022350121289491653
9560,950,0.04463484138250351
9570,951,0.15214583277702332
9580,952,0.3115158677101135
9590,953,0.10270655155181885
9600,954,0.1325562596321106
9610,955,0.057835377752780914
9620,956,0.1199660450220108
9630,957,0.07197821140289307
9640,958,0.04295193776488304
9650,959,0.07714346051216125
9660,960,0.11683592945337296
9670,961,0.07736606895923615
9680,962,0.059236712753772736
9690,963,0.08348323404788971
9700,964,0.14092540740966797
9710,965,0.0915636271238327
9720,966,0.03587571159005165
9730,967,0.0542641319334507
9740,968,0.09314266592264175
9750,969,0.02672627940773964
9760,970,0.12619009613990784
9770,971,0.01216202788054943
9780,972,0.15999242663383484
9790,973,0.2840493321418762
9800,974,0.0489530935883522
9810,975,0.24553182721138
9820,976,0.040438611060380936
9830,977,0.20559051632881165
9840,978,0.10740230977535248
9850,979,0.1925269514322281
9860,980,0.0656435415148735
9870,981,0.039099644869565964
9880,982,0.08048021793365479
9890,983,0.04650045186281204
9900,984,0.16052430868148804
9910,985,0.20204919576644897
9920,986,0.1529776006937027
9930,987,0.06338465213775635
9940,988,0.106167733669281
9950,989,0.16133853793144226
9960,990,0.10796473920345306
9970,991,0.046648889780044556
9980,992,0.06905917823314667
9990,993,0.12076853215694427
10000,994,0.37502241134643555
10010,995,0.08247614651918411
10020,996,0.11407796293497086
10030,997,0.05523795634508133
10040,998,0.04183633252978325
10050,999,0.12860064208507538
10060,1000,0.13137653470039368
10070,1001,0.04793854430317879
10080,1002,0.04111579805612564
10090,1003,0.15244653820991516
10100,1004,0.10087735205888748
10110,1005,0.09475428611040115
10120,1006,0.13669247925281525
10130,1007,0.16367287933826447
10140,1008,0.14940403401851654
10150,1009,0.10420363396406174
10160,1010,0.03675283119082451
10170,1011,0.10648442804813385
10180,1012,0.1021401509642601
10190,1013,0.2177610695362091
10200,1014,0.322751522064209
10210,1015,0.3182332217693329
10220,1016,0.11372379958629608
10230,1017,0.10383559763431549
10240,1018,0.0516895055770874
10250,1019,0.04635428264737129
10260,1020,0.10085174441337585
10270,1021,0.10254152119159698
10280,1022,0.0878831148147583
10290,1023,0.0968274399638176
10300,1024,0.06267767399549484
10310,1025,0.23124730587005615
10320,1026,0.2733147144317627
10330,1027,0.11779516190290451
10340,1028,0.10928244888782501
10350,1029,0.18477340042591095
10360,1030,0.13695690035820007
10370,1031,0.11417755484580994
10380,1032,0.12021064013242722
10390,1033,0.18952244520187378
10400,1034,0.11895247548818588
10410,1035,0.2689167559146881
10420,1036,0.15365175902843475
10430,1037,0.11929648369550705
10440,1038,0.1502174288034439
10450,1039,0.154821515083313
10460,1040,0.1712818443775177
10470,1041,0.11011239886283875
10480,1042,0.047377970069646835
10490,1043,0.04622204229235649
10500,1044,0.09201269596815109
10510,1045,0.0875827893614769
10520,1046,0.07288827747106552
10530,1047,0.006546828430145979
10540,1048,0.30388495326042175
10550,1049,0.048289909958839417
10560,1050,0.0762234479188919
10570,1051,0.12463189661502838
10580,1052,0.062240708619356155
10590,1053,0.007928178645670414
10600,1054,0.16124770045280457
10610,1055,0.14115916192531586
10620,1056,0.04228690266609192
10630,1057,0.37041234970092773
10640,1058,0.2581899166107178
10650,1059,0.01702999696135521
10660,1060,0.27212005853652954
10670,1061,0.017756987363100052
10680,1062,0.11084526032209396
10690,1063,0.2673441767692566
10700,1064,0.13363312184810638
10710,1065,0.18985353410243988
10720,1066,0.23612850904464722
10730,1067,0.13431650400161743
10740,1068,0.04600656032562256
10750,1069,0.11046626418828964
10760,1070,0.139792338013649
10770,1071,0.08479951322078705
10780,1072,0.1101347953081131
10790,1073,0.01476120576262474
10800,1074,0.07938927412033081
10810,1075,0.051648832857608795
10820,1076,0.08152826875448227
10830,1077,0.13059796392917633
10840,1078,0.13544811308383942
10850,1079,0.22203324735164642
10860,1080,0.05040553957223892
10870,1081,0.20119018852710724
10880,1082,0.1467343270778656
10890,1083,0.07753278315067291
10900,1084,0.1960914433002472
10910,1085,0.08469773828983307
10920,1086,0.1137661263346672
10930,1087,0.1077478900551796
10940,1088,0.18257521092891693
10950,1089,0.09171811491250992
10960,1090,0.10761958360671997
10970,1091,0.07797174900770187
10980,1092,0.19035403430461884
10990,1093,0.025492388755083084
11000,1094,0.45610713958740234
11010,1095,0.1307007074356079
11020,1096,0.30840015411376953
11030,1097,0.12332256138324738
11040,1098,0.0971459299325943
11050,1099,0.26390552520751953
11060,1100,0.09700063616037369
11070,1101,0.11540202051401138
11080,1102,0.10677264630794525
11090,1103,0.1244802325963974
11100,1104,0.011205914430320263
11110,1105,0.16129586100578308
11120,1106,0.13544702529907227
11130,1107,0.03019912913441658
11140,1108,0.06130873039364815
11150,1109,0.10821439325809479
11160,1110,0.20230859518051147
11170,1111,0.1932559311389923
11180,1112,0.006569123826920986
11190,1113,0.06459179520606995
11200,1114,0.04429558292031288
11210,1115,0.25457999110221863
11220,1116,0.2360856980085373
11230,1117,0.15426529943943024
11240,1118,0.3661693036556244
11250,1119,0.09864240139722824
11260,1120,0.04876433312892914
11270,1121,0.2364632487297058
11280,1122,0.028998946771025658
11290,1123,0.17772486805915833
11300,1124,0.05381546914577484
11310,1125,0.2165672779083252
11320,1126,0.08846598863601685
11330,1127,0.1627623736858368
11340,1128,0.05284550413489342
11350,1129,0.15009334683418274
11360,1130,0.19538751244544983
11370,1131,0.058042414486408234
11380,1132,0.10101737082004547
11390,1133,0.0038639430422335863
11400,1134,0.0023237422574311495
11410,1135,0.06014179065823555
11420,1136,0.13628655672073364
11430,1137,0.15813663601875305
11440,1138,0.070859894156456
11450,1139,0.1558370590209961
11460,1140,0.1379161775112152
11470,1141,0.05950969457626343
11480,1142,0.30847105383872986
11490,1143,0.36466485261917114
11500,1144,0.1651986837387085
11510,1145,0.2563576400279999
11520,1146,0.07643648236989975
11530,1147,0.20742061734199524
11540,1148,0.11253644526004791
11550,1149,0.10139064490795135
11560,1150,0.2436230182647705
11570,1151,0.14838159084320068
11580,1152,0.17970266938209534
11590,1153,0.15214073657989502
11600,1154,0.1616704910993576
11610,1155,0.07329755276441574
11620,1156,0.24821318686008453
11630,1157,0.22363726794719696
11640,1158,0.055853765457868576
11650,1159,0.16822832822799683
11660,1160,0.45093610882759094
11670,1161,0.0025781739968806505
11680,1162,0.1326713114976883
11690,1163,0.13906332850456238
11700,1164,0.043282799422740936
11710,1165,0.05297606438398361
11720,1166,0.12336505949497223
11730,1167,0.15505830943584442
11740,1168,0.041869886219501495
11750,1169,0.1837935745716095
11760,1170,0.038732025772333145
11770,1171,0.15412208437919617
11780,1172,0.21004703640937805
11790,1173,0.10404924303293228
11800,1174,0.0763690248131752
11810,1175,0.06307600438594818
11820,1176,0.18837560713291168
11830,1177,0.13029463589191437
11840,1178,0.10713740438222885
11850,1179,0.06389646977186203
11860,1180,0.20685219764709473
11870,1181,0.12655912339687347
11880,1182,0.06501177698373795
11890,1183,0.10515370965003967
11900,1184,0.08889273554086685
11910,1185,0.0945376306772232
11920,1186,0.06250794231891632
11930,1187,0.3372400104999542
11940,1188,0.30603229999542236
11950,1189,0.1669909805059433
11960,1190,0.21570304036140442
11970,1191,0.15714947879314423
11980,1192,0.10403537005186081
11990,1193,0.07897721230983734
12000,1194,0.1070789322257042
12010,1195,0.11216176301240921
12020,1196,0.015596903860569
12030,1197,0.01769345812499523
12040,1198,0.062310002744197845
12050,1199,0.092647023499012
12060,1200,0.07660703361034393
12070,1201,0.07459054887294769
12080,1202,0.06867983937263489
12090,1203,0.10102487355470657
12100,1204,0.06110339239239693
12110,1205,0.18347443640232086
12120,1206,0.13245722651481628
12130,1207,0.13711142539978027
12140,1208,0.15071356296539307
12150,1209,0.0829894095659256
12160,1210,0.08609277009963989
12170,1211,0.11684030294418335
12180,1212,0.06612156331539154
12190,1213,0.10910574346780777
12200,1214,0.08809000998735428
12210,1215,0.12990576028823853
12220,1216,0.12400093674659729
12230,1217,0.0954505205154419
12240,1218,0.24170157313346863
12250,1219,0.055547576397657394
12260,1220,0.15998190641403198
12270,1221,0.15016216039657593
12280,1222,0.1056460589170456
12290,1223,0.08394716680049896
12300,1224,0.11227823048830032
12310,1225,0.03413581848144531
12320,1226,0.10994759947061539
12330,1227,0.14353768527507782
12340,1228,0.1932743489742279
12350,1229,0.12490210682153702
12360,1230,0.06138092279434204
12370,1231,0.061543870717287064
12380,1232,0.047555722296237946
12390,1233,0.08184865117073059
12400,1234,0.11889099329710007
12410,1235,7.106502744136378e-05
12420,1236,0.02098102867603302
12430,1237,0.3163245916366577
12440,1238,0.12113167345523834
12450,1239,0.17561332881450653
12460,1240,0.1011771410703659
12470,1241,0.25204893946647644
12480,1242,0.08904663473367691
12490,1243,0.22370727360248566
12500,1244,0.12413832545280457
12510,1245,0.09728257358074188
12520,1246,0.0759117603302002
12530,1247,0.039405908435583115
12540,1248,0.04116104170680046
12550,1249,0.08956626057624817
12560,1250,0.10453498363494873
12570,1251,0.013014201074838638
12580,1252,0.024522770196199417
12590,1253,0.05153414607048035
12600,1254,0.16433969140052795
12610,1255,0.09531031548976898
12620,1256,0.09716781228780746
12630,1257,0.06058419868350029
12640,1258,0.07285550236701965
12650,1259,0.08918136358261108
12660,1260,0.11204375326633453
12670,1261,0.25545525550842285
12680,1262,0.027510132640600204
12690,1263,0.04577701538801193
12700,1264,0.0440429225564003
12710,1265,0.07146694511175156
12720,1266,0.07621786743402481
12730,1267,0.07332761585712433
12740,1268,0.14254030585289001
12750,1269,0.18055051565170288
12760,1270,0.15936632454395294
12770,1271,0.1945059895515442
12780,1272,0.1908206343650818
12790,1273,0.09063304960727692
12800,1274,0.021503183990716934
12810,1275,0.24380415678024292
12820,1276,0.09854746609926224
12830,1277,0.1263865828514099
12840,1278,0.23990552127361298
12850,1279,0.13483615219593048
12860,1280,0.07319951802492142
12870,1281,0.12480812519788742
12880,1282,0.21251416206359863
12890,1283,0.00017659392324276268
12900,1284,0.1869724839925766
12910,1285,0.07897693663835526
12920,1286,0.02667216956615448
12930,1287,0.032689206302165985
12940,1288,0.11725582927465439
12950,1289,0.052720364183187485
12960,1290,0.0688687339425087
12970,1291,0.13582152128219604
12980,1292,0.11923670768737793
12990,1293,0.04869337007403374
13000,1294,0.17640185356140137
13010,1295,0.03339537978172302
13020,1296,0.1712435632944107
13030,1297,0.17574083805084229
13040,1298,0.054764892905950546
13050,1299,0.11501169204711914
13060,1300,0.02985280007123947
13070,1301,0.02033676952123642
13080,1302,0.08076976984739304
13090,1303,0.08995020389556885
13100,1304,0.10466546565294266
13110,1305,0.23736391961574554
13120,1306,0.12230938673019409
13130,1307,0.05781206488609314
13140,1308,0.03508250415325165
13150,1309,0.1058398187160492
13160,1310,0.21560175716876984
13170,1311,0.20727026462554932
13180,1312,0.03587302565574646
13190,1313,0.08772428333759308
13200,1314,0.059446144849061966
13210,1315,0.08938407897949219
13220,1316,0.1645381897687912
13230,1317,0.15220271050930023
13240,1318,0.12207069993019104
13250,1319,0.14050768315792084
13260,1320,0.06880626082420349
13270,1321,0.045583486557006836
13280,1322,0.1406099945306778
13290,1323,0.08380177617073059
13300,1324,0.13653534650802612
13310,1325,0.23408237099647522
13320,1326,0.048496413975954056
13330,1327,0.08809852600097656
13340,1328,0.20607081055641174
13350,1329,0.050983116030693054
13360,1330,0.10558170825242996
13370,1331,0.09016169607639313
13380,1332,0.04384150356054306
13390,1333,0.05053698271512985
13400,1334,0.10101839154958725
13410,1335,0.10788736492395401
13420,1336,0.046099890023469925
13430,1337,0.1500159054994583
13440,1338,0.09615391492843628
13450,1339,0.04445080831646919
13460,1340,0.06329916417598724
13470,1341,0.08525660634040833
13480,1342,0.08154875040054321
13490,1343,0.15051761269569397
13500,1344,0.07017425447702408
13510,1345,0.12127434462308884
13520,1346,0.11962497234344482
13530,1347,0.09358616918325424
13540,1348,0.00438154861330986
13550,1349,0.10006128251552582
13560,1350,0.25258857011795044
13570,1351,0.35079535841941833
13580,1352,0.26750972867012024
13590,1353,0.035920724272727966
13600,1354,0.10800133645534515
13610,1355,0.08794359117746353
13620,1356,0.12253723293542862
13630,1357,0.033145345747470856
13640,1358,0.0750197246670723
13650,1359,0.2672586739063263
13660,1360,0.10343877971172333
13670,1361,0.1199442595243454
13680,1362,0.16481052339076996
13690,1363,0.18590950965881348
13700,1364,0.14470064640045166
13710,1365,0.0017866228008642793
13720,1366,0.05046752840280533
13730,1367,0.040157660841941833
13740,1368,0.0325196236371994
13750,1369,0.06216828152537346
13760,1370,0.3239656984806061
13770,1371,0.06701982021331787
13780,1372,0.16372352838516235
13790,1373,0.1781972050666809
13800,1374,0.13498662412166595
13810,1375,0.12495491653680801
13820,1376,0.05264677479863167
13830,1377,0.1065509021282196
13840,1378,0.1403719186782837
13850,1379,0.06487245112657547
13860,1380,0.31724393367767334
13870,1381,0.2010582983493805
13880,1382,0.0747707337141037
13890,1383,0.40612152218818665
13900,1384,0.1761094629764557
13910,1385,0.04055362194776535
13920,1386,0.0861477330327034
13930,1387,0.11898642778396606
13940,1388,0.126512810587883
13950,1389,0.09303238242864609
13960,1390,0.08432981371879578
13970,1391,0.08158151060342789
13980,1392,0.15342846512794495
13990,1393,0.11140373349189758
14000,1394,0.010718927718698978
14010,1395,0.1303735077381134
14020,1396,0.014629076234996319
14030,1397,0.07663900405168533
14040,1398,0.12275915592908859
14050,1399,0.09838299453258514
14060,1400,0.05004194378852844
14070,1401,0.1826821267604828
14080,1402,0.1518300622701645
14090,1403,0.08367785811424255
14100,1404,0.19170629978179932
14110,1405,0.1230691447854042
14120,1406,0.24770762026309967
14130,1407,0.09082669764757156
14140,1408,0.08829937875270844
14150,1409,0.11720884591341019
14160,1410,0.011522714048624039
14170,1411,0.10239383578300476
14180,1412,0.1166716068983078
14190,1413,0.045835819095373154
14200,1414,0.06327854096889496
14210,1415,0.0711142048239708
14220,1416,0.09745590388774872
14230,1417,0.046300120651721954
14240,1418,0.048710886389017105
14250,1419,0.06546873599290848
14260,1420,0.08153805881738663
14270,1421,0.04241934418678284
14280,1422,0.011691449210047722
14290,1423,0.049154024571180344
14300,1424,0.0656922459602356
14310,1425,0.1564553827047348
14320,1426,0.06758841127157211
14330,1427,0.052146412432193756
14340,1428,0.05751412734389305
14350,1429,0.014493836089968681
14360,1430,0.05987589806318283
14370,1431,0.18742698431015015
14380,1432,0.13088059425354004
14390,1433,0.0876537635922432
14400,1434,0.06570667773485184
14410,1435,0.1404813826084137
14420,1436,0.03710060194134712
14430,1437,0.21783021092414856
14440,1438,0.05967746675014496
14450,1439,0.10922960937023163
14460,1440,0.15460145473480225
14470,1441,0.06043091416358948
14480,1442,0.11495298892259598
14490,1443,0.13233159482479095
14500,1444,0.07529868185520172
14510,1445,0.1710365265607834
14520,1446,0.09758848696947098
14530,1447,0.2019454538822174
14540,1448,0.07073213160037994
14550,1449,0.18069586157798767
14560,1450,0.14406552910804749
14570,1451,0.08528824150562286
14580,1452,0.2700684666633606
14590,1453,0.04092076048254967
14600,1454,0.12059612572193146
14610,1455,0.21918530762195587
14620,1456,0.08509298413991928
14630,1457,0.08728940039873123
14640,1458,0.12556131184101105
14650,1459,0.2816530466079712
14660,1460,0.25612562894821167
14670,1461,0.07767274230718613
14680,1462,0.1248912364244461
14690,1463,0.06487549841403961
14700,1464,0.08547534048557281
14710,1465,0.060249172151088715
14720,1466,0.09037971496582031
14730,1467,0.043606266379356384
14740,1468,0.03072449006140232
14750,1469,0.10178611427545547
14760,1470,0.10240775346755981
14770,1471,0.1566595882177353
14780,1472,0.1738966405391693
14790,1473,0.06826066225767136
14800,1474,0.09421928226947784
14810,1475,0.1562134027481079
14820,1476,0.25892093777656555
14830,1477,0.14088471233844757
14840,1478,0.0792602151632309
14850,1479,0.2636755108833313
14860,1480,0.1846144199371338
14870,1481,0.054641272872686386
14880,1482,0.1093575730919838
14890,1483,0.2228773981332779
14900,1484,0.07388529181480408
14910,1485,0.12732964754104614
14920,1486,0.09441328793764114
14930,1487,0.021702967584133148
14940,1488,0.09747688472270966
14950,1489,0.06506124138832092
14960,1490,0.16988834738731384
14970,1491,0.1429244726896286
14980,1492,0.06784722954034805
14990,1493,0.04075800999999046
15000,1494,0.028376206755638123
15010,1495,0.09143349528312683
15020,1496,0.04119294136762619
15030,1497,0.21057280898094177
15040,1498,0.17463108897209167
15050,1499,0.05353694409132004
15060,1500,0.08523297309875488
15070,1501,0.04032456874847412
15080,1502,0.11024574190378189
15090,1503,0.013246645219624043
15100,1504,0.10414853692054749
15110,1505,0.023840583860874176
15120,1506,0.10753443837165833
15130,1507,0.0028303160797804594
15140,1508,0.3354234993457794
15150,1509,0.23635345697402954
15160,1510,0.23010995984077454
15170,1511,0.06390097737312317
15180,1512,0.08099976181983948
15190,1513,0.017019718885421753
15200,1514,0.13115938007831573
15210,1515,0.012652448378503323
15220,1516,0.15238197147846222
15230,1517,0.09859290719032288
15240,1518,0.10456981509923935
15250,1519,0.1075681746006012
15260,1520,0.03635180741548538
15270,1521,0.13233044743537903
15280,1522,0.1277967095375061
15290,1523,0.10681909322738647
15300,1524,0.05642314627766609
15310,1525,0.07075988501310349
15320,1526,0.10613998770713806
15330,1527,0.021271655336022377
15340,1528,0.043915167450904846
15350,1529,0.10345417261123657
15360,1530,0.051493220031261444
15370,1531,0.051679495722055435
15380,1532,0.06804607808589935
15390,1533,0.0005402108654379845
15400,1534,0.1313694268465042
15410,1535,0.1290593147277832
15420,1536,0.0029922632966190577
15430,1537,0.16364526748657227
15440,1538,0.07509173452854156
15450,1539,0.13165834546089172
15460,1540,0.04150336980819702
15470,1541,0.10932807624340057
15480,1542,0.05639646202325821
15490,1543,0.04962005093693733
15500,1544,0.07413532584905624
15510,1545,0.1096513569355011
15520,1546,0.2877545952796936
15530,1547,0.11853785812854767
15540,1548,0.055967506021261215
15550,1549,0.23491205275058746
15560,1550,0.06976759433746338
15570,1551,0.3319283127784729
15580,1552,0.06550276279449463
15590,1553,0.08878442645072937
15600,1554,0.11366955190896988
15610,1555,0.043336428701877594
15620,1556,0.06864596158266068
15630,1557,0.062360867857933044
15640,1558,0.0803939625620842
15650,1559,0.15883751213550568
15660,1560,0.03766970336437225
15670,1561,0.05753108859062195
15680,1562,0.12040010094642639
15690,1563,0.030427535995841026
15700,1564,0.18987026810646057
15710,1565,0.0852370336651802
15720,1566,0.11899973452091217
15730,1567,0.09671580046415329
15740,1568,0.20482613146305084
15750,1569,0.07338979840278625
15760,1570,0.020281536504626274
15770,1571,0.09759733825922012
15780,1572,0.2208576202392578
15790,1573,0.039400260895490646
15800,1574,0.034074924886226654
15810,1575,0.027926115319132805
15820,1576,0.004303479101508856
15830,1577,0.17274250090122223
15840,1578,0.12854407727718353
15850,1579,0.13160736858844757
15860,1580,0.03939194232225418
15870,1581,0.19274213910102844
15880,1582,0.07810252904891968
15890,1583,0.10132807493209839
15900,1584,0.17294847965240479
15910,1585,0.051665306091308594
15920,1586,0.11896950751543045
15930,1587,0.08400069177150726
15940,1588,0.020436497405171394
15950,1589,0.15308576822280884
15960,1590,0.029880018904805183
15970,1591,0.17628279328346252
15980,1592,0.09137874841690063
15990,1593,0.013761131092905998
16000,1594,0.018453897908329964
16010,1595,0.04177229478955269
16020,1596,0.08965931087732315
16030,1597,0.04312220215797424
16040,1598,0.3241027295589447
16050,1599,0.12774230539798737
16060,1600,0.032117340713739395
16070,1601,0.03055446222424507
16080,1602,0.04501146450638771
16090,1603,0.11705859750509262
16100,1604,0.09009715169668198
16110,1605,0.05344397947192192
16120,1606,0.12164037674665451
16130,1607,0.11554012447595596
16140,1608,0.14258085191249847
16150,1609,0.0032982134725898504
16160,1610,0.23321270942687988
16170,1611,0.05526963248848915
16180,1612,0.04617100581526756
16190,1613,0.002469751052558422
16200,1614,0.09555786848068237
16210,1615,0.07638300955295563
16220,1616,0.06825186312198639
16230,1617,0.12311938405036926
16240,1618,0.1227799728512764
16250,1619,0.20474469661712646
16260,1620,0.11585327982902527
16270,1621,0.05959341675043106
16280,1622,0.03927913308143616
16290,1623,0.041353676468133926
16300,1624,0.04612237960100174
16310,1625,0.05294310301542282
16320,1626,0.08289289474487305
16330,1627,0.1732485145330429
16340,1628,0.04959999397397041
16350,1629,0.05485302209854126
16360,1630,0.03745795041322708
16370,1631,0.05632757768034935
16380,1632,0.07846444100141525
16390,1633,0.03179323300719261
16400,1634,0.06759119778871536
16410,1635,0.18423186242580414
16420,1636,0.18578031659126282
16430,1637,0.10945485532283783
16440,1638,0.030171744525432587
16450,1639,0.06480874866247177
16460,1640,0.04504742473363876
16470,1641,0.06005967780947685
16480,1642,0.17944298684597015
16490,1643,0.02916351892054081
16500,1644,0.07321494072675705
16510,1645,0.13734987378120422
16520,1646,0.1097857877612114
16530,1647,0.15127599239349365
16540,1648,0.1046341136097908
16550,1649,0.022086123004555702
16560,1650,0.05427110940217972
16570,1651,0.2083989530801773
16580,1652,0.07068979740142822
16590,1653,0.10737278312444687
16600,1654,0.024971315637230873
16610,1655,0.044417526572942734
16620,1656,0.006570839323103428
16630,1657,0.13187196850776672
16640,1658,0.08227236568927765
16650,1659,0.13766692578792572
16660,1660,0.10396930575370789
16670,1661,0.17533233761787415
16680,1662,0.11861903965473175
16690,1663,0.019143301993608475
16700,1664,0.022856103256344795
16710,1665,0.07633994519710541
16720,1666,0.0881141647696495
16730,1667,0.06103343889117241
16740,1668,0.1350475400686264
16750,1669,0.06713593751192093
16760,1670,0.1485571712255478
16770,1671,0.08513452112674713
16780,1672,0.022806480526924133
16790,1673,0.0977441817522049
16800,1674,0.15676845610141754
16810,1675,0.06899586319923401
16820,1676,0.18716633319854736
16830,1677,0.00942311156541109
16840,1678,0.1452198624610901
16850,1679,0.08100349456071854
16860,1680,0.04610547423362732
16870,1681,0.199242502450943
16880,1682,0.032493576407432556
16890,1683,0.013176565989851952
16900,1684,0.21548420190811157
16910,1685,0.0029780548065900803
16920,1686,0.08733857423067093
16930,1687,0.25733885169029236
16940,1688,0.08921870589256287
16950,1689,0.09467817842960358
16960,1690,0.08470051735639572
16970,1691,0.03624080866575241
16980,1692,0.03737044334411621
16990,1693,0.07352370023727417
17000,1694,0.07055502384901047
17010,1695,0.11338695883750916
17020,1696,0.1683337390422821
17030,1697,0.04729984700679779
17040,1698,0.07693290710449219
17050,1699,0.08689634501934052
17060,1700,0.01817231997847557
17070,1701,0.09806269407272339
17080,1702,0.2524096667766571
17090,1703,0.14585110545158386
17100,1704,0.03934400901198387
17110,1705,0.057708632200956345
17120,1706,0.0657246857881546
17130,1707,0.05432846397161484
17140,1708,0.018868811428546906
17150,1709,0.17065134644508362
17160,1710,0.00474123377352953
17170,1711,0.24065035581588745
17180,1712,0.20864586532115936
17190,1713,0.022393302991986275
17200,1714,0.12508384883403778
17210,1715,0.12366097420454025
17220,1716,0.1082722544670105
17230,1717,0.031544167548418045
17240,1718,0.15981382131576538
17250,1719,0.08486779034137726
17260,1720,0.05975644290447235
17270,1721,0.14708150923252106
17280,1722,0.19411829113960266
17290,1723,0.03694498538970947
17300,1724,0.1570092886686325
17310,1725,0.03918283432722092
17320,1726,0.05987679213285446
17330,1727,0.057855986058712006
17340,1728,0.04954437538981438
17350,1729,0.22011980414390564
17360,1730,0.27402937412261963
17370,1731,0.10536792129278183
17380,1732,0.13877810537815094
17390,1733,0.04935093969106674
17400,1734,0.09142846614122391
17410,1735,0.14883042871952057
17420,1736,0.06269658356904984
17430,1737,0.04411960393190384
17440,1738,0.04117358475923538
17450,1739,0.0865820124745369
17460,1740,0.20023822784423828
17470,1741,0.07445228844881058
17480,1742,0.037920549511909485
17490,1743,0.08337616920471191
17500,1744,0.11512081325054169
17510,1745,0.1582341492176056
17520,1746,0.08767508715391159
17530,1747,0.13493376970291138
17540,1748,0.18159599602222443
17550,1749,0.08132040500640869
17560,1750,0.05736200511455536
17570,1751,0.15650860965251923
17580,1752,0.08588441461324692
17590,1753,0.0953989326953888
17600,1754,0.2724945843219757
17610,1755,0.0671970397233963
17620,1756,0.06935425102710724
17630,1757,0.04527357965707779
17640,1758,0.019897405058145523
17650,1759,0.09399314969778061
17660,1760,0.05816220864653587
17670,1761,0.004507014062255621
17680,1762,0.11882951855659485
17690,1763,0.12375475466251373
17700,1764,0.049893975257873535
17710,1765,0.1091623529791832
17720,1766,0.031229032203555107
17730,1767,0.09136135876178741
17740,1768,0.17217904329299927
17750,1769,0.11742893606424332
17760,1770,0.07572489231824875
17770,1771,0.2002449631690979
17780,1772,0.09163136780261993
17790,1773,0.06274323165416718
17800,1774,0.13775914907455444
17810,1775,0.040607452392578125
17820,1776,0.09248076379299164
17830,1777,0.22332534193992615
17840,1778,0.1646975874900818
17850,1779,0.03969001770019531
17860,1780,0.0035658550914376974
17870,1781,0.08558294922113419
17880,1782,0.05796169489622116
17890,1783,0.13483934104442596
17900,1784,0.09897125512361526
17910,1785,0.1642131507396698
17920,1786,0.11985732614994049
17930,1787,0.17367026209831238
17940,1788,0.05190260335803032
17950,1789,0.18604443967342377
17960,1790,0.04013229161500931
17970,1791,0.040219902992248535
17980,1792,0.04606793448328972
17990,1793,0.013071865774691105
18000,1794,0.09028414636850357
18010,1795,0.09059126675128937
18020,1796,0.19858992099761963
18030,1797,0.19249196350574493
18040,1798,0.06801966577768326
18050,1799,0.10149003565311432
18060,1800,0.1707097291946411
18070,1801,0.08171729743480682
18080,1802,0.1002383828163147
18090,1803,0.044204067438840866
18100,1804,0.06266336888074875
18110,1805,0.07570354640483856
18120,1806,0.08350574225187302
18130,1807,0.21069440245628357
18140,1808,0.08159677684307098
18150,1809,0.08649535477161407
18160,1810,0.025903012603521347
18170,1811,0.04358874261379242
18180,1812,0.029588831588625908
18190,1813,0.04527142643928528
18200,1814,0.12514075636863708
18210,1815,0.07624906301498413
18220,1816,0.04788953438401222
18230,1817,0.08722494542598724
18240,1818,0.06467213481664658
18250,1819,0.22337515652179718
18260,1820,0.13916416466236115
18270,1821,0.05764472857117653
18280,1822,0.0995258092880249
18290,1823,0.1508483588695526
18300,1824,0.02961510233581066
18310,1825,0.12008441239595413
18320,1826,0.04987119883298874
18330,1827,0.10808661580085754
18340,1828,0.0010407055960968137
18350,1829,0.04653957113623619
18360,1830,0.11410801857709885
18370,1831,0.07632150501012802
18380,1832,0.12904131412506104
18390,1833,0.06169138103723526
18400,1834,0.10685562342405319
18410,1835,0.08146907389163971
18420,1836,0.027893275022506714
18430,1837,0.047059472650289536
18440,1838,0.035127103328704834
18450,1839,0.10920710861682892
18460,1840,0.0849713608622551
18470,1841,0.02738995850086212
18480,1842,0.1236393004655838
18490,1843,0.16438162326812744
18500,1844,0.16695332527160645
18510,1845,0.03893338143825531
18520,1846,0.046099454164505005
18530,1847,0.12428908050060272
18540,1848,0.06186418980360031
18550,1849,0.0848991796374321
18560,1850,0.08937539160251617
18570,1851,0.09374003857374191
18580,1852,0.08147523552179337
18590,1853,0.08475831896066666
18600,1854,0.015450607985258102
18610,1855,0.22835807502269745
18620,1856,0.04221838340163231
18630,1857,0.12710845470428467
18640,1858,0.04149094596505165
18650,1859,0.05168543756008148
18660,1860,0.04029234126210213
18670,1861,0.08746955543756485
18680,1862,0.01841552183032036
18690,1863,0.1487930417060852
18700,1864,0.10229970514774323
18710,1865,0.06498949974775314
18720,1866,0.10707180947065353
18730,1867,0.1403406858444214
18740,1868,0.07585799694061279
18750,1869,0.04073405638337135
18760,1870,0.029365964233875275
18770,1871,0.1644909530878067
18780,1872,0.14002783596515656
18790,1873,0.025020871311426163
18800,1874,0.10318956524133682
18810,1875,0.0510852187871933
18820,1876,0.07563775032758713
18830,1877,0.058335643261671066
18840,1878,0.024066772311925888
18850,1879,0.2817087769508362
18860,1880,0.026207108050584793
18870,1881,0.011966293677687645
18880,1882,0.03600483387708664
18890,1883,0.1095750704407692
18900,1884,0.1743776947259903
18910,1885,0.05373921990394592
18920,1886,0.07437073439359665
18930,1887,0.03427376225590706
18940,1888,0.08617579191923141
18950,1889,0.08453705161809921
18960,1890,0.11597798019647598
18970,1891,0.07497528940439224
18980,1892,0.15907233953475952
18990,1893,0.020425770431756973
19000,1894,0.11763540655374527
19010,1895,0.020304938778281212
19020,1896,0.10862588882446289
19030,1897,0.019565626978874207
19040,1898,0.17572706937789917
19050,1899,0.14066597819328308
19060,1900,0.1094183623790741
19070,1901,0.11431923508644104
19080,1902,0.14259110391139984
19090,1903,0.11529943346977234
19100,1904,0.034398242831230164
19110,1905,0.061460230499506
19120,1906,0.08379056304693222
19130,1907,0.21884624660015106
19140,1908,0.2217256873846054
19150,1909,0.014606708660721779
19160,1910,0.1774797886610031
19170,1911,0.14792831242084503
19180,1912,0.12807555496692657
19190,1913,0.13307222723960876
19200,1914,0.11484306305646896
19210,1915,0.10900796949863434
19220,1916,0.010172947309911251
19230,1917,0.13708336651325226
19240,1918,0.12673714756965637
19250,1919,0.16765208542346954
19260,1920,0.05312833562493324
19270,1921,0.007830523885786533
19280,1922,0.07342555373907089
19290,1923,0.1326797604560852
19300,1924,0.02870146743953228
19310,1925,0.0869908407330513
19320,1926,0.0786677747964859
19330,1927,0.03917068615555763
19340,1928,0.09088300913572311
19350,1929,0.1318158358335495
19360,1930,0.02865467220544815
19370,1931,0.0862332209944725
19380,1932,0.1292477548122406
19390,1933,0.14816634356975555
19400,1934,0.018488477915525436
19410,1935,0.0722489133477211
19420,1936,0.09562447667121887
19430,1937,0.039632394909858704
19440,1938,0.030512746423482895
19450,1939,0.01844615861773491
19460,1940,0.09449151158332825
19470,1941,0.015920253470540047
19480,1942,0.08112133294343948
19490,1943,0.04949585720896721
19500,1944,0.23763993382453918
19510,1945,0.1580168604850769
19520,1946,0.07874105870723724
19530,1947,0.08293210715055466
19540,1948,0.06298033148050308
19550,1949,0.05152277648448944
19560,1950,0.07499086856842041
19570,1951,0.00018781141261570156
19580,1952,0.0390937477350235
19590,1953,0.10899293422698975
19600,1954,0.05967564508318901
19610,1955,0.03211649879813194
19620,1956,0.06371279805898666
19630,1957,0.17368574440479279
19640,1958,0.1586880087852478
19650,1959,0.12966032326221466
19660,1960,0.08233946561813354
19670,1961,0.04761965572834015
19680,1962,0.02116529457271099
19690,1963,0.07456043362617493
19700,1964,0.04804294928908348
19710,1965,0.07665505260229111
19720,1966,0.13430188596248627
19730,1967,0.09098190814256668
19740,1968,0.18511031568050385
19750,1969,0.051003213971853256
19760,1970,0.028591766953468323
19770,1971,0.009712820872664452
19780,1972,0.12343873083591461
19790,1973,0.006010598968714476
19800,1974,0.06107781454920769
19810,1975,0.055013008415699005
19820,1976,0.07396059483289719
19830,1977,0.009803767316043377
19840,1978,0.06886192411184311
19850,1979,0.21831318736076355
19860,1980,0.09793568402528763
19870,1981,0.12446931004524231
19880,1982,0.06725545227527618
19890,1983,0.010536553338170052
19900,1984,0.03192060440778732
19910,1985,0.08250327408313751
19920,1986,0.11993011832237244
19930,1987,0.12404626607894897
19940,1988,0.03152138739824295
19950,1989,0.03412102907896042
19960,1990,0.047420453280210495
19970,1991,0.11171329021453857
19980,1992,0.15417097508907318
19990,1993,0.3090656101703644
20000,1994,0.08458703756332397
20010,1995,0.14632388949394226
20020,1996,0.001606142963282764
20030,1997,0.27985408902168274
20040,1998,0.036402929574251175
20050,1999,0.11953684687614441
20060,2000,0.006073964759707451
20070,2001,0.0027574501000344753
20080,2002,0.06333807855844498
20090,2003,0.039443489164114
20100,2004,0.03488627448678017
20110,2005,0.10450570285320282
20120,2006,0.048116233199834824
20130,2007,0.023987671360373497
20140,2008,0.13545109331607819
20150,2009,0.16148659586906433
20160,2010,0.03692900761961937
20170,2011,0.2068694680929184
20180,2012,0.058271970599889755
20190,2013,0.09508475661277771
20200,2014,0.12805989384651184
20210,2015,0.02421123906970024
20220,2016,0.08118883520364761
20230,2017,0.05695996433496475
20240,2018,0.07410593330860138
20250,2019,0.09762661159038544
20260,2020,0.1045776754617691
20270,2021,0.08889156579971313
20280,2022,0.05657876282930374
20290,2023,0.11702552437782288
20300,2024,0.07430921494960785
20310,2025,0.07933231443166733
20320,2026,0.0643317699432373
20330,2027,0.05294017493724823
20340,2028,0.07569745182991028
20350,2029,0.017777832224965096
20360,2030,0.06478539854288101
20370,2031,0.1254865974187851
20380,2032,0.1848706156015396
20390,2033,0.021404992789030075
20400,2034,0.025867462158203125
20410,2035,0.018545877188444138
20420,2036,0.11856987327337265
20430,2037,0.055064283311367035
20440,2038,0.04433395713567734
20450,2039,0.08040135353803635
20460,2040,0.03234030678868294
20470,2041,0.07223789393901825
20480,2042,0.022794490680098534
20490,2043,0.059243664145469666
20500,2044,0.24267475306987762
20510,2045,0.059292983263731
20520,2046,0.03725942596793175
20530,2047,0.10932953655719757
20540,2048,0.060614366084337234
20550,2049,0.006936840247362852
20560,2050,0.008254843764007092
20570,2051,0.28423476219177246
20580,2052,0.09250809997320175
20590,2053,0.0035636955872178078
20600,2054,0.12288890779018402
20610,2055,0.12527023255825043
20620,2056,0.09027661383152008
20630,2057,0.03427999094128609
20640,2058,0.15318815410137177
20650,2059,0.15709780156612396
20660,2060,0.03410693258047104
20670,2061,0.13821418583393097
20680,2062,0.18909984827041626
20690,2063,0.1346214860677719
20700,2064,0.06353674829006195
20710,2065,0.07849405705928802
20720,2066,0.006067384034395218
20730,2067,0.2450854778289795
20740,2068,0.07937828451395035
20750,2069,0.13757853209972382
20760,2070,0.10149683058261871
20770,2071,0.025603923946619034
20780,2072,0.07182363420724869
20790,2073,0.016784150153398514
20800,2074,0.07113167643547058
20810,2075,0.08034268021583557
20820,2076,0.08436097204685211
20830,2077,0.023683859035372734
20840,2078,0.0533113107085228
20850,2079,0.05631103739142418
20860,2080,0.05029068887233734
20870,2081,0.18849387764930725
20880,2082,0.08317777514457703
20890,2083,0.07678752392530441
20900,2084,0.07620824128389359
20910,2085,0.13765881955623627
20920,2086,0.10254489630460739
20930,2087,0.026068484410643578
20940,2088,0.21541455388069153
20950,2089,0.13114480674266815
20960,2090,0.1574987769126892
20970,2091,0.05011914670467377
20980,2092,0.032791998237371445
20990,2093,0.1703304499387741
21000,2094,0.039589982479810715
21010,2095,0.1877637505531311
21020,2096,0.04727563634514809
21030,2097,0.20324023067951202
21040,2098,0.11927728354930878
21050,2099,0.029606901109218597
21060,2100,0.12717212736606598
21070,2101,0.0395851694047451
21080,2102,0.1255420446395874
21090,2103,0.13225215673446655
21100,2104,0.07928501069545746
21110,2105,0.07976429909467697
21120,2106,0.2926083207130432
21130,2107,0.08760234713554382
21140,2108,0.07706815004348755
21150,2109,0.01219259388744831
21160,2110,0.0928083062171936
21170,2111,0.08721177279949188
21180,2112,0.06953659653663635
21190,2113,0.19629821181297302
21200,2114,0.3405553698539734
21210,2115,0.08672978729009628
21220,2116,0.08981466293334961
21230,2117,0.020678553730249405
21240,2118,0.039756543934345245
21250,2119,0.09540554136037827
21260,2120,0.05829408019781113
21270,2121,0.0693417638540268
21280,2122,0.05127248913049698
21290,2123,0.027915198355913162
21300,2124,0.1142578050494194
21310,2125,0.1440976858139038
21320,2126,0.1319991499185562
21330,2127,0.17751985788345337
21340,2128,0.08136458694934845
21350,2129,0.0834554135799408
21360,2130,0.005509981885552406
21370,2131,0.12856151163578033
21380,2132,0.04583137109875679
21390,2133,0.014367532916367054
21400,2134,0.2754181921482086
21410,2135,0.045309554785490036
21420,2136,0.07680939137935638
21430,2137,0.1450921893119812
21440,2138,0.009172845631837845
21450,2139,0.1471879631280899
21460,2140,0.055030036717653275
21470,2141,0.10423772037029266
21480,2142,0.17719194293022156
21490,2143,0.08870384097099304
21500,2144,0.03008810617029667
21510,2145,0.06832572817802429
21520,2146,0.025998827069997787
21530,2147,0.07590146362781525
21540,2148,0.09015482664108276
21550,2149,0.14533372223377228
21560,2150,0.16124099493026733
21570,2151,0.04982022941112518
21580,2152,0.07947421818971634
21590,2153,0.10219361633062363
21600,2154,0.09493318200111389
21610,2155,0.20555642247200012
21620,2156,0.12541675567626953
21630,2157,0.07672012597322464
21640,2158,0.1063624694943428
21650,2159,0.03971563279628754
21660,2160,0.05678529292345047
21670,2161,0.11489598453044891
21680,2162,0.14475837349891663
21690,2163,0.10962460935115814
21700,2164,0.037861406803131104
21710,2165,0.25091367959976196
21720,2166,0.14567787945270538
21730,2167,0.13380099833011627
21740,2168,0.03871103376150131
21750,2169,0.12642815709114075
21760,2170,0.23572231829166412
21770,2171,0.2819461226463318
21780,2172,0.0895993709564209
21790,2173,0.0572521798312664
21800,2174,0.08562953770160675
21810,2175,0.04779006913304329
21820,2176,0.054770875722169876
21830,2177,0.10659164190292358
21840,2178,0.10628620535135269
21850,2179,0.03310556709766388
21860,2180,0.24624212086200714
21870,2181,0.02643090859055519
21880,2182,0.24775367975234985
21890,2183,0.111961230635643
21900,2184,0.03693925961852074
21910,2185,0.15528881549835205
21920,2186,0.10162791609764099
21930,2187,0.1566554456949234
21940,2188,0.23313766717910767
21950,2189,0.08806918561458588
21960,2190,0.03751710429787636
21970,2191,0.1986425518989563
21980,2192,0.12511365115642548
21990,2193,0.14151892066001892
22000,2194,0.04080452024936676
22010,2195,0.11846551299095154
22020,2196,0.11177822202444077
22030,2197,0.049599096179008484
22040,2198,0.09101593494415283
22050,2199,0.18803295493125916
22060,2200,0.01087801530957222
22070,2201,0.1640399992465973
22080,2202,0.03653983026742935
22090,2203,0.15904118120670319
22100,2204,0.009066724218428135
22110,2205,0.06175357475876808
22120,2206,0.2574838101863861
22130,2207,0.24348784983158112
22140,2208,0.10420908033847809
22150,2209,0.16598038375377655
22160,2210,0.2369413673877716
22170,2211,0.16908591985702515
22180,2212,0.22294288873672485
22190,2213,0.13155610859394073
22200,2214,0.01665732078254223
22210,2215,0.04804633930325508
22220,2216,0.1810789406299591
22230,2217,0.05119946599006653
22240,2218,0.1028597429394722
22250,2219,0.20019787549972534
22260,2220,0.1653778851032257
22270,2221,0.07191413640975952
22280,2222,0.0881337821483612
22290,2223,0.17360447347164154
22300,2224,0.1013319194316864
22310,2225,0.16933578252792358
22320,2226,0.06628873944282532
22330,2227,0.16155283153057098
22340,2228,0.11567565053701401
22350,2229,0.08407197147607803
22360,2230,0.048802848905324936
22370,2231,0.24064525961875916
22380,2232,0.1513366550207138
22390,2233,0.12833531200885773
22400,2234,0.12767237424850464
22410,2235,0.127145454287529
22420,2236,0.05409155413508415
22430,2237,0.06968560814857483
22440,2238,0.19159439206123352
22450,2239,0.0840258002281189
22460,2240,0.06882289797067642
22470,2241,0.06462372094392776
22480,2242,0.21473142504692078
22490,2243,0.05526835471391678
22500,2244,0.13879939913749695
22510,2245,0.1529918760061264
22520,2246,0.06137923151254654
22530,2247,0.1213967502117157
22540,2248,0.08156640827655792
22550,2249,0.19904568791389465
22560,2250,0.11217254400253296
22570,2251,0.048036132007837296
22580,2252,0.2247513234615326
22590,2253,0.08947837352752686
22600,2254,0.06799092888832092
22610,2255,0.15260887145996094
22620,2256,0.10957993566989899
22630,2257,0.10212113708257675
22640,2258,0.03918236121535301
22650,2259,0.152848482131958
22660,2260,0.2506684362888336
22670,2261,0.08142277598381042
22680,2262,0.06765435636043549
22690,2263,0.1523372381925583
22700,2264,0.12810169160366058
22710,2265,0.0132620083168149
22720,2266,0.11629929393529892
22730,2267,0.19283077120780945
22740,2268,0.07870733737945557
22750,2269,0.18734264373779297
22760,2270,0.133978009223938
22770,2271,0.04150950163602829
22780,2272,0.04858545958995819
22790,2273,0.08111593872308731
22800,2274,0.03797754645347595
22810,2275,0.16143181920051575
22820,2276,0.07743028551340103
22830,2277,0.04687937721610069
22840,2278,0.11655063182115555
22850,2279,0.10490673035383224
22860,2280,0.05325517803430557
22870,2281,0.18388982117176056
22880,2282,0.04142673313617706
22890,2283,0.15191105008125305
22900,2284,0.1843273788690567
22910,2285,0.03750097379088402
22920,2286,0.1715962439775467
22930,2287,0.11665480583906174
22940,2288,0.13648127019405365
22950,2289,0.09621371328830719
22960,2290,0.03458177298307419
22970,2291,0.08434538543224335
22980,2292,0.08029918372631073
22990,2293,0.037755243480205536
23000,2294,0.17878788709640503
23010,2295,0.1411442905664444
23020,2296,0.08741174638271332
23030,2297,0.1340114027261734
23040,2298,0.023287015035748482
23050,2299,0.07220766693353653
23060,2300,0.07603394985198975
23070,2301,0.192341148853302
23080,2302,0.06920143216848373
23090,2303,0.045870546251535416
23100,2304,0.20547924935817719
23110,2305,0.22466421127319336
23120,2306,0.21015211939811707
23130,2307,0.0860978364944458
23140,2308,0.10587261617183685
23150,2309,0.09651395678520203
23160,2310,0.06259386241436005
23170,2311,0.14217816293239594
23180,2312,0.00550304539501667
23190,2313,0.1494547426700592
23200,2314,0.13374777138233185
23210,2315,0.20909124612808228
23220,2316,0.10616560280323029
23230,2317,0.07009381055831909
23240,2318,0.09274524450302124
23250,2319,0.08778391033411026
23260,2320,0.050506774336099625
23270,2321,0.09087339043617249
23280,2322,0.05502376705408096
23290,2323,0.021848205476999283
23300,2324,0.029746469110250473
23310,2325,0.1948859542608261
23320,2326,0.20898613333702087
23330,2327,0.06838186085224152
23340,2328,0.10779130458831787
23350,2329,0.05302104726433754
23360,2330,0.09027647972106934
23370,2331,0.034861329942941666
23380,2332,0.07774713635444641
23390,2333,0.23941123485565186
23400,2334,0.016865991055965424
23410,2335,0.1756880134344101
23420,2336,0.0682094544172287
23430,2337,0.04455922544002533
23440,2338,0.036960408091545105
23450,2339,0.19898170232772827
23460,2340,0.21562710404396057
23470,2341,0.05219558998942375
23480,2342,0.20943036675453186
23490,2343,0.08988615870475769
23500,2344,0.05882127583026886
23510,2345,0.029642004519701004
23520,2346,0.11747574806213379
23530,2347,0.3475910425186157
23540,2348,0.19500747323036194
23550,2349,0.05035991221666336
23560,2350,0.23860383033752441
23570,2351,0.0896330401301384
23580,2352,0.13983680307865143
23590,2353,0.07356129586696625
23600,2354,0.07460479438304901
23610,2355,0.09806055575609207
23620,2356,0.1930019110441208
23630,2357,0.005487047601491213
23640,2358,0.051366932690143585
23650,2359,0.18375985324382782
23660,2360,0.15926025807857513
23670,2361,0.1459038257598877
23680,2362,0.08218848705291748
23690,2363,0.04745171219110489
23700,2364,0.04060474410653114
23710,2365,0.1083829328417778
23720,2366,0.10366471111774445
23730,2367,0.11655090004205704
23740,2368,0.26296907663345337
23750,2369,0.1242336630821228
23760,2370,0.08683639019727707
23770,2371,0.09527871012687683
23780,2372,0.06288071721792221
23790,2373,0.16803568601608276
23800,2374,0.16743631660938263
23810,2375,0.1626005619764328
23820,2376,0.05152471363544464
23830,2377,0.06022516265511513
23840,2378,0.1513807624578476
23850,2379,0.19114762544631958
23860,2380,0.08833588659763336
23870,2381,0.1519349068403244
23880,2382,0.2525085210800171
23890,2383,0.042186588048934937
23900,2384,0.13234947621822357
23910,2385,0.06264320760965347
23920,2386,0.15440499782562256
23930,2387,0.012712624855339527
23940,2388,0.21488232910633087
23950,2389,0.1453636735677719
23960,2390,0.18520869314670563
23970,2391,0.01026078499853611
23980,2392,0.04753187671303749
23990,2393,0.07575138658285141
24000,2394,0.10545898973941803
24010,2395,0.12446500360965729
24020,2396,0.3189689517021179
24030,2397,0.12722337245941162
24040,2398,0.10812079906463623
24050,2399,0.07618392258882523
24060,2400,0.04443029314279556
24070,2401,0.067585289478302
24080,2402,0.023763760924339294
24090,2403,0.15175069868564606
24100,2404,0.11278251558542252
24110,2405,0.024303697049617767
24120,2406,0.2605280578136444
24130,2407,0.0580902062356472
24140,2408,0.10371782630681992
24150,2409,0.026830747723579407
24160,2410,0.2637462019920349
24170,2411,0.09938965737819672
24180,2412,0.26306256651878357
24190,2413,0.11264029890298843
24200,2414,0.0868537575006485
24210,2415,0.1479548215866089
24220,2416,0.11064916104078293
24230,2417,0.18032124638557434
24240,2418,0.09664816409349442
24250,2419,0.14446614682674408
24260,2420,0.08427438139915466
24270,2421,0.1498490571975708
24280,2422,0.11499154567718506
24290,2423,0.1301220804452896
24300,2424,0.1341789960861206
24310,2425,0.07018240541219711
24320,2426,0.06914162635803223
24330,2427,0.08251675218343735
24340,2428,0.07000387459993362
24350,2429,0.14711453020572662
24360,2430,0.03388229385018349
24370,2431,0.09881781786680222
24380,2432,0.0722840204834938
24390,2433,0.06362012028694153
24400,2434,0.03661502152681351
24410,2435,0.2368500530719757
24420,2436,0.08151747286319733
24430,2437,0.04830099269747734
24440,2438,0.11833406239748001
24450,2439,0.10418587177991867
24460,2440,0.09137598425149918
24470,2441,0.08594035357236862
24480,2442,0.0676240473985672
24490,2443,0.0745014026761055
24500,2444,0.1032828614115715
24510,2445,0.16843672096729279
24520,2446,0.14243456721305847
24530,2447,0.011596603319048882
24540,2448,0.10608761012554169
24550,2449,0.04451458901166916
24560,2450,0.07922042161226273
24570,2451,0.07459878921508789
24580,2452,0.11180297285318375
24590,2453,0.0710524320602417
24600,2454,0.15005327761173248
24610,2455,0.06957200169563293
24620,2456,0.020588468760252
24630,2457,0.3038126230239868
24640,2458,0.12868377566337585
24650,2459,0.09330978244543076
24660,2460,0.18464739620685577
24670,2461,0.0932190865278244
24680,2462,0.08771220594644547
24690,2463,0.06902101635932922
24700,2464,0.2884048521518707
24710,2465,0.14581996202468872
24720,2466,0.10453131794929504
24730,2467,0.1365080624818802
24740,2468,0.15941286087036133
24750,2469,0.10803580284118652
24760,2470,0.12493447959423065
24770,2471,0.04847393557429314
24780,2472,0.0689336284995079
24790,2473,0.10461331903934479
24800,2474,0.09456393867731094
24810,2475,0.11279424279928207
24820,2476,0.03273298591375351
24830,2477,0.10169016569852829
24840,2478,0.05154607445001602
24850,2479,0.134503573179245
24860,2480,0.21416902542114258
24870,2481,0.1750289350748062
24880,2482,0.08937832713127136
24890,2483,0.1415349692106247
24900,2484,0.04268202930688858
24910,2485,0.061909269541502
24920,2486,0.13954421877861023
24930,2487,0.15308335423469543
24940,2488,0.27865833044052124
24950,2489,0.08520050346851349
24960,2490,0.07090077549219131
24970,2491,0.10580816864967346
24980,2492,0.16782936453819275
24990,2493,0.01019428763538599
25000,2494,0.02667415887117386
25010,2495,0.16980445384979248
25020,2496,0.16199499368667603
25030,2497,0.14986132085323334
25040,2498,0.2444964200258255
25050,2499,0.08685582876205444
25060,2500,0.14753808081150055
25070,2501,0.08182629942893982
25080,2502,0.0772581622004509
25090,2503,0.1399691253900528
25100,2504,0.11551417410373688
25110,2505,0.17214854061603546
25120,2506,0.06229795515537262
25130,2507,0.022649623453617096
25140,2508,0.08973904699087143
25150,2509,0.1798362135887146
25160,2510,0.06631921231746674
25170,2511,0.07172540575265884
25180,2512,0.07156255841255188
25190,2513,0.10784690827131271
25200,2514,0.06684086471796036
25210,2515,0.0300439465790987
25220,2516,0.1949891746044159
25230,2517,0.018665790557861328
25240,2518,0.022941268980503082
25250,2519,0.05408686399459839
25260,2520,0.05710092931985855
25270,2521,0.08590821921825409
25280,2522,0.09630884975194931
25290,2523,0.144321009516716
25300,2524,0.052951499819755554
25310,2525,0.12551788985729218
25320,2526,0.2572053372859955
25330,2527,0.048323068767786026
25340,2528,0.07936948537826538
25350,2529,0.07276210188865662
25360,2530,0.0759473443031311
25370,2531,0.19042342901229858
25380,2532,0.01926359347999096
25390,2533,0.14930081367492676
25400,2534,0.07153695821762085
25410,2535,0.010658930987119675
25420,2536,0.22519943118095398
25430,2537,0.14501041173934937
25440,2538,0.02847934700548649
25450,2539,0.12110308557748795
25460,2540,0.03269949555397034
25470,2541,0.07651430368423462
25480,2542,0.07660388946533203
25490,2543,0.03276385739445686
25500,2544,0.07324172556400299
25510,2545,0.05334378778934479
25520,2546,0.13804560899734497
25530,2547,0.07718067616224289
25540,2548,0.08710936456918716
25550,2549,0.046474188566207886
25560,2550,0.12998592853546143
25570,2551,0.11229071021080017
25580,2552,0.09738253057003021
25590,2553,0.2297813892364502
25600,2554,0.11190986633300781
25610,2555,0.10948466509580612
25620,2556,0.0533934012055397
25630,2557,0.19231478869915009
25640,2558,0.17659412324428558
25650,2559,0.12724387645721436
25660,2560,0.15778060257434845
25670,2561,0.0664437934756279
25680,2562,0.10260994732379913
25690,2563,0.13805176317691803
25700,2564,0.007547108456492424
25710,2565,0.03217856585979462
25720,2566,0.1988551914691925
25730,2567,0.07049094140529633
25740,2568,0.07245785742998123
25750,2569,0.08243724703788757
25760,2570,0.04707648977637291
25770,2571,0.11970028281211853
25780,2572,0.1235458105802536
25790,2573,0.24619439244270325
25800,2574,0.022838419303297997
25810,2575,0.04190199077129364
25820,2576,0.11659868061542511
25830,2577,0.06351794302463531
25840,2578,0.12285574525594711
25850,2579,0.27162879705429077
25860,2580,0.05904645845293999
25870,2581,0.12082231789827347
25880,2582,0.09224767237901688
25890,2583,0.10012231767177582
25900,2584,0.0004545968840830028
25910,2585,0.006445341277867556
25920,2586,0.13541272282600403
25930,2587,0.03599393740296364
25940,2588,0.16338568925857544
25950,2589,0.08095066249370575
25960,2590,0.09568379819393158
25970,2591,0.1969592273235321
25980,2592,0.09059052914381027
25990,2593,0.0745701789855957
26000,2594,0.013993598520755768
26010,2595,0.17546746134757996
26020,2596,0.07718683034181595
26030,2597,0.049557119607925415
26040,2598,0.01596854254603386
26050,2599,0.10379555821418762
26060,2600,0.04635706916451454
26070,2601,0.16336335241794586
26080,2602,0.0749954953789711
26090,2603,0.12520357966423035
26100,2604,0.12644743919372559
26110,2605,0.10746994614601135
26120,2606,0.020935876294970512
26130,2607,0.24952289462089539
26140,2608,0.13302309811115265
26150,2609,0.04544834792613983
26160,2610,0.20322579145431519
26170,2611,0.02568046748638153
26180,2612,0.09910112619400024
26190,2613,0.02202010154724121
26200,2614,0.09617895632982254
26210,2615,0.18564334511756897
26220,2616,0.03678539767861366
26230,2617,0.12763755023479462
26240,2618,0.089228555560112
26250,2619,0.05951715260744095
26260,2620,0.03179250285029411
26270,2621,0.12488238513469696
26280,2622,0.10399112105369568
26290,2623,0.06333941221237183
26300,2624,0.19219066202640533
26310,2625,0.06418275088071823
26320,2626,0.11586824804544449
26330,2627,0.1266881823539734
26340,2628,0.07834288477897644
26350,2629,0.13416634500026703
26360,2630,0.08032675832509995
26370,2631,0.04465460777282715
26380,2632,0.2574319541454315
26390,2633,0.1739555299282074
26400,2634,0.07666140049695969
26410,2635,0.04802341386675835
26420,2636,0.05230879411101341
26430,2637,0.05168250948190689
26440,2638,0.10395115613937378
26450,2639,0.055287763476371765
26460,2640,0.27030909061431885
26470,2641,0.09266161173582077
26480,2642,0.02080334909260273
26490,2643,0.14066582918167114
26500,2644,0.014731794595718384
26510,2645,0.0979519933462143
26520,2646,0.06568540632724762
26530,2647,0.12386142462491989
26540,2648,0.09567973017692566
26550,2649,0.07926911115646362
26560,2650,0.12840428948402405
26570,2651,0.024276886135339737
26580,2652,0.26640284061431885
26590,2653,0.06409463286399841
26600,2654,0.26249587535858154
26610,2655,0.0893995463848114
26620,2656,0.14876380562782288
26630,2657,0.16182351112365723
26640,2658,0.08976033329963684
26650,2659,0.10512601584196091
26660,2660,0.0963280200958252
26670,2661,0.1332947462797165
26680,2662,0.1465456485748291
26690,2663,0.20428049564361572
26700,2664,0.14625078439712524
26710,2665,0.2381492555141449
26720,2666,0.11639261990785599
26730,2667,0.05506819114089012
26740,2668,0.09813259541988373
26750,2669,0.03393106907606125
26760,2670,0.23842360079288483
26770,2671,0.05682273209095001
26780,2672,0.20572054386138916
26790,2673,0.11923499405384064
26800,2674,0.024367699399590492
26810,2675,0.21450108289718628
26820,2676,0.09834424406290054
26830,2677,0.10514241456985474
26840,2678,0.29912710189819336
26850,2679,0.1346215307712555
26860,2680,0.15346622467041016
26870,2681,0.04207533970475197
26880,2682,0.10567712038755417
26890,2683,0.03106405772268772
26900,2684,0.11013571172952652
26910,2685,0.11130715161561966
26920,2686,0.02633988857269287
26930,2687,0.09876932203769684
26940,2688,0.06846543401479721
26950,2689,0.13375213742256165
26960,2690,0.039316482841968536
26970,2691,0.03284187614917755
26980,2692,0.037514351308345795
26990,2693,0.030491000041365623
27000,2694,0.08740799874067307
27010,2695,0.2196042537689209
27020,2696,0.05021143704652786
27030,2697,0.0661715716123581
27040,2698,0.010013238526880741
27050,2699,0.1644088476896286
27060,2700,0.026396330446004868
27070,2701,0.15279348194599152
27080,2702,0.124484583735466
27090,2703,0.1309705525636673
27100,2704,0.015342451632022858
27110,2705,0.09729096293449402
27120,2706,0.031987808644771576
27130,2707,0.07805151492357254
27140,2708,0.08460503816604614
27150,2709,0.09011760354042053
27160,2710,0.11919146031141281
27170,2711,0.22708745300769806
27180,2712,0.05461152270436287
27190,2713,0.02040371298789978
27200,2714,0.1593097448348999
27210,2715,0.11335048824548721
27220,2716,0.06142014265060425
27230,2717,0.1056065559387207
27240,2718,0.03565415367484093
27250,2719,0.29803869128227234
27260,2720,0.04698614031076431
27270,2721,0.02249567024409771
27280,2722,0.0987015962600708
27290,2723,0.03125937283039093
27300,2724,0.1126631647348404
27310,2725,0.05439101159572601
27320,2726,0.07803551852703094
27330,2727,0.08155158162117004
27340,2728,0.1304531693458557
27350,2729,0.2441900074481964
27360,2730,0.001600570627488196
27370,2731,0.16227707266807556
27380,2732,0.24367836117744446
27390,2733,0.18062718212604523
27400,2734,0.016856716945767403
27410,2735,0.1401127278804779
27420,2736,0.06161017715930939
27430,2737,0.06288161128759384
27440,2738,0.014158817939460278
27450,2739,0.1417517215013504
27460,2740,0.09952066838741302
27470,2741,0.1443728506565094
27480,2742,0.11613807082176208
27490,2743,0.09724265336990356
27500,2744,0.20718777179718018
27510,2745,0.055326804518699646
27520,2746,0.051025182008743286
27530,2747,0.07768427580595016
27540,2748,0.019346820190548897
27550,2749,0.2160896360874176
27560,2750,0.03519902750849724
27570,2751,0.10967044532299042
27580,2752,0.0869261845946312
27590,2753,0.22358016669750214
27600,2754,0.13057278096675873
27610,2755,0.09137824177742004
27620,2756,0.2906933128833771
27630,2757,0.07343781739473343
27640,2758,0.0285918191075325
27650,2759,0.10870156437158585
27660,2760,0.18922026455402374
27670,2761,0.10942597687244415
27680,2762,0.10477845370769501
27690,2763,0.06627652794122696
27700,2764,0.07043198496103287
27710,2765,0.09680633246898651
27720,2766,0.06286782026290894
27730,2767,0.06002618744969368
27740,2768,0.2799205780029297
27750,2769,0.28295502066612244
27760,2770,0.17148683965206146
27770,2771,0.016420209780335426
27780,2772,0.07733410596847534
27790,2773,0.11889022588729858
27800,2774,0.16873209178447723
27810,2775,0.04996831342577934
27820,2776,0.0947837382555008
27830,2777,0.1828094869852066
27840,2778,0.00749252550303936
27850,2779,0.3920815885066986
27860,2780,0.07924871891736984
27870,2781,0.012424929067492485
27880,2782,0.13589590787887573
27890,2783,0.1700521558523178
27900,2784,0.10222456604242325
27910,2785,0.030728500336408615
27920,2786,0.1389015167951584
27930,2787,0.045008447021245956
27940,2788,0.02480969950556755
27950,2789,0.1721234917640686
27960,2790,0.07416637986898422
27970,2791,0.255105197429657
27980,2792,0.11711189895868301
27990,2793,0.0901140421628952
28000,2794,0.04978204146027565
28010,2795,0.018779754638671875
28020,2796,0.10967967659235
28030,2797,0.2298991084098816
28040,2798,0.0929466262459755
28050,2799,0.06401164084672928
28060,2800,0.12629203498363495
28070,2801,0.05871255695819855
28080,2802,0.11634627729654312
28090,2803,0.06404688954353333
28100,2804,0.05939998850226402
28110,2805,0.22385507822036743
28120,2806,0.1949651539325714
28130,2807,0.017414987087249756
28140,2808,0.06986944377422333
28150,2809,0.02072896622121334
28160,2810,0.12702655792236328
28170,2811,0.11891469359397888
28180,2812,0.06184818223118782
28190,2813,0.06663493812084198
28200,2814,0.006889001000672579
28210,2815,0.030685797333717346
28220,2816,0.06286737322807312
28230,2817,0.03891178220510483
28240,2818,0.07739028334617615
28250,2819,0.08578144013881683
28260,2820,0.07623995095491409
28270,2821,0.10799284279346466
28280,2822,0.0747923031449318
28290,2823,0.0973881259560585
28300,2824,0.2460198998451233
28310,2825,0.0977708250284195
28320,2826,0.030584771186113358
28330,2827,0.09020531922578812
28340,2828,0.15710842609405518
28350,2829,0.08430196344852448
28360,2830,0.04738491773605347
28370,2831,0.07471747696399689
28380,2832,0.11733165383338928
28390,2833,0.038683466613292694
28400,2834,0.19691316783428192
28410,2835,0.24057132005691528
28420,2836,0.048438042402267456
28430,2837,0.0994296669960022
28440,2838,0.0376659631729126
28450,2839,0.17289461195468903
28460,2840,0.13972938060760498
28470,2841,0.20307505130767822
28480,2842,0.0902681052684784
28490,2843,0.17023444175720215
28500,2844,0.02035067230463028
28510,2845,0.06663481146097183
28520,2846,0.056497566401958466
28530,2847,0.08780024945735931
28540,2848,0.26118791103363037
28550,2849,0.04389441758394241
28560,2850,0.12823015451431274
28570,2851,0.03879714384675026
28580,2852,0.21860022842884064
28590,2853,0.12250985205173492
28600,2854,0.2000853568315506
28610,2855,0.09876484423875809
28620,2856,0.03823455423116684
28630,2857,0.08107249438762665
28640,2858,0.014086068607866764
28650,2859,0.008920435793697834
28660,2860,0.06544829159975052
28670,2861,0.10212559998035431
28680,2862,0.11485721170902252
28690,2863,0.08557915687561035
28700,2864,0.14021502435207367
28710,2865,0.033623065799474716
28720,2866,0.03883145749568939
28730,2867,0.1612541377544403
28740,2868,0.06284654885530472
28750,2869,0.1460489183664322
28760,2870,0.09025512635707855
28770,2871,0.13825683295726776
28780,2872,0.18270094692707062
28790,2873,0.01970234140753746
28800,2874,0.1623111069202423
28810,2875,0.28211265802383423
28820,2876,0.08076531440019608
28830,2877,0.12912027537822723
28840,2878,0.1899954378604889
28850,2879,0.10553546249866486
28860,2880,0.10028260201215744
28870,2881,0.1408108025789261
28880,2882,0.03876987472176552
28890,2883,0.2188604176044464
28900,2884,0.05575248599052429
28910,2885,0.21005366742610931
28920,2886,0.03058123029768467
28930,2887,0.10696704685688019
28940,2888,0.1311694085597992
28950,2889,0.08003275841474533
28960,2890,0.12398819625377655
28970,2891,0.17974314093589783
28980,2892,0.04779690131545067
28990,2893,0.24959202110767365
29000,2894,0.12595635652542114
29010,2895,0.04907943308353424
29020,2896,0.19529041647911072
29030,2897,0.04789121821522713
29040,2898,0.16223129630088806
29050,2899,0.07726011425256729
29060,2900,0.11836502701044083
29070,2901,0.0868908017873764
29080,2902,0.054294370114803314
29090,2903,0.016082096844911575
29100,2904,0.09024862945079803
29110,2905,0.09124133735895157
29120,2906,0.0922948345541954
29130,2907,0.0818137377500534
29140,2908,0.11397712677717209
29150,2909,0.09781453758478165
29160,2910,0.1411137580871582
29170,2911,0.13372422754764557
29180,2912,0.17592936754226685
29190,2913,0.027703169733285904
29200,2914,0.13296383619308472
29210,2915,0.045065928250551224
29220,2916,0.033953092992305756
29230,2917,0.051810093224048615
29240,2918,0.08105764538049698
29250,2919,0.023532012477517128
29260,2920,0.0694895088672638
29270,2921,0.08389736711978912
29280,2922,0.12407051026821136
29290,2923,0.02956770919263363
29300,2924,0.1871105134487152
29310,2925,0.018600596114993095
29320,2926,0.07214418053627014
29330,2927,0.03131185472011566
29340,2928,0.03363305702805519
29350,2929,0.01933009922504425
29360,2930,0.0651080533862114
29370,2931,0.024400833994150162
29380,2932,0.07427936792373657
29390,2933,0.047216661274433136
29400,2934,0.009448527358472347
29410,2935,0.09945768862962723
29420,2936,0.21318800747394562
29430,2937,0.12308534234762192
29440,2938,0.10336478799581528
29450,2939,0.19911465048789978
29460,2940,0.07843741029500961
29470,2941,0.1377836912870407
29480,2942,0.12835760414600372
29490,2943,0.04735497012734413
29500,2944,0.3130491375923157
29510,2945,0.12783849239349365
29520,2946,0.12339144945144653
29530,2947,0.00047256588004529476
29540,2948,0.06316521763801575
29550,2949,0.1918724775314331
29560,2950,0.16863277554512024
29570,2951,0.024112528190016747
29580,2952,0.13518905639648438
29590,2953,0.024024011567234993
29600,2954,0.18481436371803284
29610,2955,0.21146292984485626
29620,2956,0.08264262229204178
29630,2957,0.03281237930059433
29640,2958,0.1496187150478363
29650,2959,0.25682565569877625
29660,2960,0.11988607048988342
29670,2961,0.05398204177618027
29680,2962,0.20699678361415863
29690,2963,0.1632509082555771
29700,2964,0.08691418170928955
29710,2965,0.08455631136894226
29720,2966,0.08355751633644104
29730,2967,0.052899301052093506
29740,2968,0.1184714287519455
29750,2969,0.07218197733163834
29760,2970,0.2003575712442398
29770,2971,0.22393393516540527
29780,2972,0.16166211664676666
29790,2973,0.04512691870331764
29800,2974,0.055883463472127914
29810,2975,0.01465585082769394
29820,2976,0.13755697011947632
29830,2977,0.062020573765039444
29840,2978,0.09414792060852051
29850,2979,0.22661015391349792
29860,2980,0.18008820712566376
29870,2981,0.04676201567053795
29880,2982,0.015066491439938545
29890,2983,0.08698473870754242
29900,2984,0.17678841948509216
29910,2985,0.06457792967557907
29920,2986,0.26585280895233154
29930,2987,0.03774804249405861
29940,2988,0.018240081146359444
29950,2989,0.10593120753765106
29960,2990,0.008440976031124592
29970,2991,0.12171889841556549
29980,2992,0.06943277269601822
29990,2993,0.1615937352180481
30000,2994,0.03204284980893135
30010,2995,0.10787801444530487
30020,2996,0.1864437609910965
30030,2997,0.21262583136558533
30040,2998,0.04784991219639778
30050,2999,0.07158719003200531
30060,3000,0.027831807732582092
30070,3001,0.17314231395721436
30080,3002,0.02085590548813343
30090,3003,0.028922487050294876
30100,3004,0.05661323294043541
30110,3005,0.02248135767877102
30120,3006,0.1677519828081131
30130,3007,0.08176127076148987
30140,3008,0.023591991513967514
30150,3009,0.0036288402043282986
30160,3010,0.20912036299705505
30170,3011,0.14371179044246674
30180,3012,0.09415912628173828
30190,3013,0.03545809164643288
30200,3014,0.12572625279426575
30210,3015,0.1224907860159874
30220,3016,0.07995551824569702
30230,3017,0.17614370584487915
30240,3018,0.07653725892305374
30250,3019,0.06816867738962173
30260,3020,8.68612842168659e-05
30270,3021,0.07614567875862122
30280,3022,0.014228656888008118
30290,3023,0.05287133902311325
30300,3024,0.030520770698785782
30310,3025,0.10641410201787949
30320,3026,0.10619015991687775
30330,3027,0.15071572363376617
30340,3028,0.009646203368902206
30350,3029,0.022911768406629562
30360,3030,0.08733091503381729
30370,3031,0.08483216166496277
30380,3032,0.09895387291908264
30390,3033,0.15510782599449158
30400,3034,0.08864102512598038
30410,3035,0.1083153709769249
30420,3036,0.013212459161877632
30430,3037,0.17173530161380768
30440,3038,0.14561836421489716
30450,3039,0.20499274134635925
30460,3040,0.09413355588912964
30470,3041,0.09586461633443832
30480,3042,0.20657920837402344
30490,3043,0.09300892055034637
30500,3044,0.07421207427978516
30510,3045,0.0825522318482399
30520,3046,0.07152313739061356
30530,3047,0.05073230341076851
30540,3048,0.03724095970392227
30550,3049,0.05333670973777771
30560,3050,0.04717937484383583
30570,3051,0.09154390543699265
30580,3052,0.11636268347501755
30590,3053,0.06445308029651642
30600,3054,0.04638291895389557
30610,3055,0.10019390285015106
30620,3056,0.060589779168367386
30630,3057,0.24678200483322144
30640,3058,0.1329929679632187
30650,3059,0.04265502840280533
30660,3060,0.0906020998954773
30670,3061,0.056434426456689835
30680,3062,0.20781350135803223
30690,3063,0.09838275611400604
30700,3064,0.0027898286934942007
30710,3065,0.09076611697673798
30720,3066,0.05771270766854286
30730,3067,0.08243507891893387
30740,3068,0.012491478584706783
30750,3069,0.0931786596775055
30760,3070,0.17457585036754608
30770,3071,0.014090665616095066
30780,3072,0.13290461897850037
30790,3073,0.08004245907068253
30800,3074,0.13220363855361938
30810,3075,0.06168745830655098
30820,3076,0.06283485889434814
30830,3077,0.19541877508163452
30840,3078,0.1409505009651184
30850,3079,0.06811591237783432
30860,3080,0.0177097637206316
30870,3081,0.015349703840911388
30880,3082,0.11700490117073059
30890,3083,0.14827999472618103
30900,3084,0.051203180104494095
30910,3085,0.13115420937538147
30920,3086,0.03305625542998314
30930,3087,0.026563452556729317
30940,3088,0.05217411741614342
30950,3089,0.23544472455978394
30960,3090,0.14551618695259094
30970,3091,0.08408208191394806
30980,3092,0.16691742837429047
30990,3093,0.10486439615488052
31000,3094,0.11604410409927368
31010,3095,0.06962351500988007
31020,3096,0.1360161453485489
31030,3097,0.043877892196178436
31040,3098,0.101620152592659
31050,3099,0.22171613574028015
31060,3100,0.07349874824285507
31070,3101,0.015879549086093903
31080,3102,0.04892702400684357
31090,3103,0.06976838409900665
31100,3104,0.11611974239349365
31110,3105,0.07955193519592285
31120,3106,0.01474882010370493
31130,3107,0.0628722682595253
31140,3108,0.08584011346101761
31150,3109,0.2034899890422821
31160,3110,0.03166883438825607
31170,3111,0.17114758491516113
31180,3112,0.04436374828219414
31190,3113,0.08946852385997772
31200,3114,0.04728790372610092
31210,3115,0.012230311520397663
31220,3116,0.0650823563337326
31230,3117,0.05567494034767151
31240,3118,0.1078326478600502
31250,3119,0.010686911642551422
31260,3120,0.09153153002262115
31270,3121,0.10104047507047653
31280,3122,0.16202905774116516
31290,3123,0.07623175531625748
31300,3124,0.2791525721549988
31310,3125,0.3999539315700531
31320,3126,0.037463996559381485
31330,3127,0.06032481789588928
31340,3128,0.14429202675819397
31350,3129,0.09094986319541931
31360,3130,0.05282292142510414
31370,3131,0.06971459090709686
31380,3132,0.0416434183716774
31390,3133,0.07465270161628723
31400,3134,0.0771983340382576
31410,3135,0.12197220325469971
31420,3136,0.14836940169334412
31430,3137,0.04843832552433014
31440,3138,0.007362102158367634
31450,3139,0.1517653465270996
31460,3140,0.10157723724842072
31470,3141,0.044066186994314194
31480,3142,0.025975301861763
31490,3143,0.03519746661186218
31500,3144,0.024006115272641182
31510,3145,0.35618579387664795
31520,3146,0.14521968364715576
31530,3147,0.09409216046333313
31540,3148,0.08792033791542053
31550,3149,0.07140789180994034
31560,3150,0.04436421021819115
31570,3151,0.037951115518808365
31580,3152,0.05992703512310982
31590,3153,0.06057930365204811
31600,3154,0.09581146389245987
31610,3155,0.0911761000752449
31620,3156,0.09612242877483368
31630,3157,0.14828091859817505
31640,3158,0.1057015210390091
31650,3159,0.16461656987667084
31660,3160,0.023629017174243927
31670,3161,0.07984354346990585
31680,3162,0.08281071484088898
31690,3163,0.104818195104599
31700,3164,0.10370495170354843
31710,3165,0.12149118632078171
31720,3166,0.1748645305633545
31730,3167,0.11927412450313568
31740,3168,0.05819113925099373
31750,3169,0.08338011056184769
31760,3170,0.22355447709560394
31770,3171,0.10420241206884384
31780,3172,0.08635459840297699
31790,3173,0.030364681035280228
31800,3174,0.07656208425760269
31810,3175,0.050758253782987595
31820,3176,0.10874065011739731
31830,3177,0.14005820453166962
31840,3178,0.04975920543074608
31850,3179,0.026036297902464867
31860,3180,0.06769312918186188
31870,3181,0.14220140874385834
31880,3182,0.00715594133362174
31890,3183,0.08136710524559021
31900,3184,0.21751205623149872
31910,3185,0.0639982745051384
31920,3186,0.10161681473255157
31930,3187,0.12397585809230804
31940,3188,0.07029426097869873
31950,3189,0.05746793746948242
31960,3190,0.12343206256628036
31970,3191,0.09232458472251892
31980,3192,0.18597111105918884
31990,3193,0.10751499980688095
32000,3194,0.012929605320096016
32010,3195,0.19203515350818634
32020,3196,0.0756673514842987
32030,3197,0.00477181700989604
32040,3198,0.004036317113786936
32050,3199,0.07220584899187088
32060,3200,0.05093131214380264
32070,3201,0.05560637265443802
32080,3202,0.0482926145195961
32090,3203,0.06942209601402283
32100,3204,0.010736356489360332
32110,3205,0.09408596158027649
32120,3206,0.03306533023715019
32130,3207,0.27688634395599365
32140,3208,0.1532980501651764
32150,3209,0.04310688376426697
32160,3210,0.12233974039554596
32170,3211,0.012007296085357666
32180,3212,0.19650737941265106
32190,3213,0.18039032816886902
32200,3214,0.02160959132015705
32210,3215,0.004827017895877361
32220,3216,0.09711490571498871
32230,3217,0.12211409211158752
32240,3218,0.1640329658985138
32250,3219,0.013950377702713013
32260,3220,0.07045787572860718
32270,3221,0.1436912566423416
32280,3222,0.008911415934562683
32290,3223,0.2141842544078827
32300,3224,0.0474078543484211
32310,3225,0.01107893418520689
32320,3226,0.08468732237815857
32330,3227,0.02356526628136635
32340,3228,0.013459739275276661
32350,3229,0.028944211080670357
32360,3230,0.0782456174492836
32370,3231,0.015162769705057144
32380,3232,0.000476776622235775
32390,3233,0.24146832525730133
32400,3234,0.015529792755842209
32410,3235,0.001154341152869165
32420,3236,0.16171349585056305
32430,3237,0.031207837164402008
32440,3238,0.04071302339434624
32450,3239,0.1667988896369934
32460,3240,0.13509666919708252
32470,3241,0.038953058421611786
32480,3242,0.047635748982429504
32490,3243,0.03141944855451584
32500,3244,0.026000479236245155
32510,3245,0.17008954286575317
32520,3246,0.1721947193145752
32530,3247,0.11450117081403732
32540,3248,0.1588245928287506
32550,3249,0.04094037413597107
32560,3250,0.06283179670572281
32570,3251,0.043512649834156036
32580,3252,0.19162896275520325
32590,3253,0.08861970156431198
32600,3254,0.02039301209151745
32610,3255,0.1195812076330185
32620,3256,0.08158077299594879
32630,3257,0.09406666457653046
32640,3258,0.021964501589536667
32650,3259,0.17139725387096405
32660,3260,0.04416361078619957
32670,3261,0.042615968734025955
32680,3262,0.09439016878604889
32690,3263,0.03773603215813637
32700,3264,0.2522822320461273
32710,3265,0.058575067669153214
32720,3266,0.10563306510448456
32730,3267,0.10166095197200775
32740,3268,0.07362013310194016
32750,3269,0.07895679771900177
32760,3270,0.12830084562301636
32770,3271,0.1423189640045166
32780,3272,0.08632616698741913
32790,3273,0.03683427721261978
32800,3274,0.03655709698796272
32810,3275,0.02620227262377739
32820,3276,0.07475492358207703
32830,3277,0.08778592944145203
32840,3278,0.008634427562355995
32850,3279,0.15932491421699524
32860,3280,0.12276414781808853
32870,3281,0.08423244208097458
32880,3282,0.021801747381687164
32890,3283,0.042419515550136566
32900,3284,0.0515216626226902
32910,3285,0.053830068558454514
32920,3286,0.03846066817641258
32930,3287,0.044944796711206436
32940,3288,0.09611152857542038
32950,3289,0.13567908108234406
32960,3290,0.1443326324224472
32970,3291,0.10478552430868149
32980,3292,0.05483878031373024
32990,3293,0.0051694572903215885
33000,3294,0.09426012635231018
33010,3295,0.07443666458129883
33020,3296,0.10923948138952255
33030,3297,0.01836182363331318
33040,3298,0.23444533348083496
33050,3299,0.08739157021045685
33060,3300,0.013303607702255249
33070,3301,0.11986439675092697
33080,3302,0.08876163512468338
33090,3303,0.08695892244577408
33100,3304,0.0791303738951683
33110,3305,0.06577246636152267
33120,3306,0.04227054491639137
33130,3307,0.015536133199930191
33140,3308,0.05696283280849457
33150,3309,0.003220668528228998
33160,3310,0.03557392582297325
33170,3311,0.08568824082612991
33180,3312,0.07021050900220871
33190,3313,0.03713377192616463
33200,3314,0.07279504835605621
33210,3315,0.14717037975788116
33220,3316,0.051535967737436295
33230,3317,0.10137522220611572
33240,3318,0.05575520172715187
33250,3319,0.04973148554563522
33260,3320,0.03326662257313728
33270,3321,0.017593853175640106
33280,3322,0.16394945979118347
33290,3323,0.06499019265174866
33300,3324,0.06362564861774445
33310,3325,0.1255863606929779
33320,3326,0.09375433623790741
33330,3327,0.18255236744880676
33340,3328,0.17683929204940796
33350,3329,0.0768701583147049
33360,3330,0.0795942023396492
33370,3331,0.06095809489488602
33380,3332,0.0573585219681263
33390,3333,0.03236261382699013
33400,3334,0.00855778157711029
33410,3335,0.25046229362487793
33420,3336,0.07013501226902008
33430,3337,0.1773184835910797
33440,3338,0.13615211844444275
33450,3339,0.1113380491733551
33460,3340,0.02863975428044796
33470,3341,0.021743502467870712
33480,3342,0.06993158161640167
33490,3343,0.11796016246080399
33500,3344,0.0521194152534008
33510,3345,0.16261841356754303
33520,3346,0.018212532624602318
33530,3347,0.04578011482954025
33540,3348,0.1108296662569046
33550,3349,0.19751480221748352
33560,3350,0.052536413073539734
33570,3351,0.23871931433677673
33580,3352,0.15261994302272797
33590,3353,0.04040422663092613
33600,3354,0.196610689163208
33610,3355,0.033505070954561234
33620,3356,2.1863640995434253e-06
33630,3357,0.08352068066596985
33640,3358,0.12552542984485626
33650,3359,0.061252135783433914
33660,3360,0.09905968606472015
33670,3361,0.03174452483654022
33680,3362,0.057539019733667374
33690,3363,0.06272388249635696
33700,3364,0.03571084141731262
33710,3365,0.05668548867106438
33720,3366,0.1645909547805786
33730,3367,0.023686468601226807
33740,3368,0.1780167818069458
33750,3369,0.09601190686225891
33760,3370,0.02956557646393776
33770,3371,0.07269060611724854
33780,3372,0.06660167127847672
33790,3373,0.17102017998695374
33800,3374,0.07636379450559616
33810,3375,0.018845299258828163
33820,3376,0.2835689187049866
33830,3377,0.027679482474923134
33840,3378,0.04984381049871445
33850,3379,0.12438756972551346
33860,3380,0.09975837171077728
33870,3381,0.011133244261145592
33880,3382,0.14182013273239136
33890,3383,0.03887294977903366
33900,3384,0.08676989376544952
33910,3385,0.2881930470466614
33920,3386,0.026443874463438988
33930,3387,0.19946171343326569
33940,3388,0.10077238827943802
33950,3389,0.04165961593389511
33960,3390,0.18908601999282837
33970,3391,0.07492178678512573
33980,3392,0.03572486713528633
33990,3393,0.09382186830043793
34000,3394,0.16259954869747162
34010,3395,0.03523407503962517
34020,3396,0.0929207056760788
34030,3397,0.11689640581607819
34040,3398,0.016282744705677032
34050,3399,0.2802089750766754
34060,3400,0.09442311525344849
34070,3401,0.09544355422258377
34080,3402,0.02893698215484619
34090,3403,0.0621010959148407
34100,3404,0.05862598866224289
34110,3405,0.08355254679918289
34120,3406,0.07445845007896423
34130,3407,0.05211891233921051
34140,3408,0.13364684581756592
34150,3409,0.0365532822906971
34160,3410,0.20803996920585632
34170,3411,0.15931664407253265
34180,3412,0.02429499849677086
34190,3413,0.14031188189983368
34200,3414,0.07211769372224808
34210,3415,0.01720363274216652
34220,3416,0.10618308186531067
34230,3417,0.05852951481938362
34240,3418,0.03137373551726341
34250,3419,0.09951038658618927
34260,3420,0.043020062148571014
34270,3421,0.008997054770588875
34280,3422,0.03453418239951134
34290,3423,0.0691022127866745
34300,3424,0.06635802984237671
34310,3425,0.035999398678541183
34320,3426,0.019089829176664352
34330,3427,0.09601189941167831
34340,3428,0.1786603331565857
34350,3429,0.1750723123550415
34360,3430,0.06359586864709854
34370,3431,0.13699519634246826
34380,3432,0.09357572346925735
34390,3433,0.08738131076097488
34400,3434,0.12065806239843369
34410,3435,0.035882171243429184
34420,3436,0.12203560769557953
34430,3437,0.002450360916554928
34440,3438,0.035002924501895905
34450,3439,0.23859281837940216
34460,3440,0.15784719586372375
34470,3441,0.13565710186958313
34480,3442,0.03220874071121216
34490,3443,0.1718798279762268
34500,3444,0.1969326287508011
34510,3445,0.11112449318170547
34520,3446,0.20649655163288116
34530,3447,0.2872380018234253
34540,3448,0.05765287205576897
34550,3449,0.10243598371744156
34560,3450,0.06359882652759552
34570,3451,0.09009432047605515
34580,3452,0.10383456945419312
34590,3453,0.0752638727426529
34600,3454,0.0005143701564520597
34610,3455,0.06834962964057922
34620,3456,0.03751138597726822
34630,3457,0.03198486566543579
34640,3458,0.03786013647913933
34650,3459,0.0698690414428711
34660,3460,0.1315671056509018
34670,3461,0.04920751973986626
34680,3462,0.0717785656452179
34690,3463,0.07172966748476028
34700,3464,0.09504958987236023
34710,3465,0.027150142937898636
34720,3466,0.07903784513473511
34730,3467,0.08361302316188812
34740,3468,0.07241620123386383
34750,3469,0.030491778627038002
34760,3470,0.1895892173051834
34770,3471,0.005681096576154232
34780,3472,0.05454211309552193
34790,3473,0.06793975085020065
34800,3474,0.1421072632074356
34810,3475,0.14532209932804108
34820,3476,0.03174282982945442
34830,3477,0.11657705157995224
34840,3478,0.01560527179390192
34850,3479,0.014473136514425278
34860,3480,0.0702173113822937
34870,3481,0.08473038673400879
34880,3482,0.06263090670108795
34890,3483,0.0069297971203923225
34900,3484,0.11526560038328171
34910,3485,0.0077269370667636395
34920,3486,0.055439043790102005
34930,3487,0.02329615317285061
34940,3488,0.023941099643707275
34950,3489,0.05460744351148605
34960,3490,0.16705098748207092
34970,3491,0.11770173162221909
34980,3492,0.11067839711904526
34990,3493,0.04366321489214897
35000,3494,0.08693177253007889
35010,3495,0.0951147973537445
35020,3496,0.19112493097782135
35030,3497,0.2378217726945877
35040,3498,0.030482562258839607
35050,3499,0.032644037157297134
35060,3500,0.09320606291294098
35070,3501,0.035793010145425797
35080,3502,0.18985289335250854
35090,3503,0.15030544996261597
35100,3504,0.011991972103714943
35110,3505,0.04145383834838867
35120,3506,0.08941356837749481
35130,3507,0.1775539517402649
35140,3508,0.0610104501247406
35150,3509,0.06994783878326416
35160,3510,0.1077437698841095
35170,3511,0.0007681539282202721
35180,3512,0.3606683313846588
35190,3513,0.10170428454875946
35200,3514,0.06866810470819473
35210,3515,0.09659730643033981
35220,3516,0.10311252623796463
35230,3517,0.029112907126545906
35240,3518,0.024331199005246162
35250,3519,0.053471192717552185
35260,3520,0.008754748851060867
35270,3521,0.029450736939907074
35280,3522,0.10407885164022446
35290,3523,0.1320483535528183
35300,3524,0.07754486054182053
35310,3525,0.14679880440235138
35320,3526,0.09436039626598358
35330,3527,0.1641354113817215
35340,3528,0.18331041932106018
35350,3529,0.11783365160226822
35360,3530,0.015102234669029713
35370,3531,0.025206096470355988
35380,3532,0.00312802498228848
35390,3533,0.026622962206602097
35400,3534,0.10262788087129593
35410,3535,0.2931708097457886
35420,3536,0.10307039320468903
35430,3537,0.0429677814245224
35440,3538,0.19105613231658936
35450,3539,0.010692480020225048
35460,3540,0.045646436512470245
35470,3541,0.11410564184188843
35480,3542,0.13103622198104858
35490,3543,0.03902033716440201
35500,3544,0.07713733613491058
35510,3545,0.15664906799793243
35520,3546,0.1409883052110672
35530,3547,0.005026174243539572
35540,3548,0.07801704108715057
35550,3549,0.09236778318881989
35560,3550,0.021633213385939598
35570,3551,0.2745184600353241
35580,3552,0.0685143992304802
35590,3553,0.18405377864837646
35600,3554,0.08912043273448944
35610,3555,0.1365818977355957
35620,3556,0.10787411034107208
35630,3557,0.019120415672659874
35640,3558,0.04500623047351837
35650,3559,0.10094936192035675
35660,3560,0.07478539645671844
35670,3561,0.1886540949344635
35680,3562,0.06484510749578476
35690,3563,0.03642062842845917
35700,3564,0.03401453420519829
35710,3565,0.033659618347883224
35720,3566,0.022210702300071716
35730,3567,0.08406448364257812
35740,3568,0.011994835920631886
35750,3569,0.07650735974311829
35760,3570,0.13855330646038055
35770,3571,0.027222396805882454
35780,3572,0.08080732077360153
35790,3573,0.09387223422527313
35800,3574,0.09842076897621155
35810,3575,0.0012911803787574172
35820,3576,0.02488224394619465
35830,3577,0.09130649268627167
35840,3578,0.06540828943252563
35850,3579,0.05813123285770416
35860,3580,0.13275711238384247
35870,3581,0.1459750384092331
35880,3582,0.10461331903934479
35890,3583,0.052644211798906326
35900,3584,0.0165341105312109
35910,3585,0.10086938738822937
35920,3586,0.08815590292215347
35930,3587,0.016664618626236916
35940,3588,0.048182468861341476
35950,3589,0.15838228166103363
35960,3590,0.05957592651247978
35970,3591,0.06815791875123978
35980,3592,0.028197331354022026
35990,3593,0.0685795322060585
36000,3594,0.11647205799818039
36010,3595,0.06167563050985336
36020,3596,0.0728456974029541
36030,3597,0.008461211808025837
36040,3598,0.08260409533977509
36050,3599,0.10807909071445465
36060,3600,0.06711731851100922
36070,3601,0.020282531157135963
36080,3602,0.045174531638622284
36090,3603,0.11876873672008514
36100,3604,0.05545638129115105
36110,3605,0.21842575073242188
36120,3606,0.07130146771669388
36130,3607,0.00569662032648921
36140,3608,0.04760546609759331
36150,3609,0.083040252327919
36160,3610,0.02110639587044716
36170,3611,0.04066989943385124
36180,3612,0.09021739661693573
36190,3613,0.014122621156275272
36200,3614,0.06889311224222183
36210,3615,0.018565570935606956
36220,3616,0.026658665388822556
36230,3617,0.1508452296257019
36240,3618,0.08489110320806503
36250,3619,0.11197564750909805
36260,3620,0.1795167624950409
36270,3621,0.03513113409280777
36280,3622,7.542090770584764e-06
36290,3623,0.2826921045780182
36300,3624,0.05796835571527481
36310,3625,0.022247839719057083
36320,3626,0.021612826734781265
36330,3627,0.13814187049865723
36340,3628,0.15229663252830505
36350,3629,0.04079804942011833
36360,3630,0.04942525178194046
36370,3631,0.1615334153175354
36380,3632,0.05414857715368271
36390,3633,0.02971523068845272
36400,3634,0.08040857315063477
36410,3635,0.11057925969362259
36420,3636,0.11977843195199966
36430,3637,0.12691321969032288
36440,3638,0.009146951138973236
36450,3639,0.2923097014427185
36460,3640,0.10530064254999161
36470,3641,0.029252048581838608
36480,3642,0.06958986073732376
36490,3643,0.024836810305714607
36500,3644,0.0054536606185138226
36510,3645,0.0586053729057312
36520,3646,0.023617370054125786
36530,3647,0.0332573764026165
36540,3648,0.033220771700143814
36550,3649,0.023402538150548935
36560,3650,0.02365824580192566
36570,3651,0.12899431586265564
36580,3652,0.1522836536169052
36590,3653,0.01793164387345314
36600,3654,0.09048478305339813
36610,3655,0.03536737710237503
36620,3656,0.2657594382762909
36630,3657,0.14762161672115326
36640,3658,0.007818176411092281
36650,3659,0.06754912436008453
36660,3660,0.14347435534000397
36670,3661,0.03948165848851204
36680,3662,0.033171478658914566
36690,3663,0.13189615309238434
36700,3664,0.01715610735118389
36710,3665,0.0618886798620224
36720,3666,0.16277311742305756
36730,3667,0.10664627701044083
36740,3668,0.11777924001216888
36750,3669,0.08515381813049316
36760,3670,0.1536325365304947
36770,3671,0.15097017586231232
36780,3672,0.021731799468398094
36790,3673,0.07091455906629562
36800,3674,0.01282596867531538
36810,3675,0.03572603315114975
36820,3676,0.017106037586927414
36830,3677,0.03760282322764397
36840,3678,0.2240045964717865
36850,3679,0.07050695270299911
36860,3680,0.10726315528154373
36870,3681,0.08236667513847351
36880,3682,0.10069804638624191
36890,3683,0.09478920698165894
36900,3684,0.07341769337654114
36910,3685,0.03576195240020752
36920,3686,0.07106002420186996
36930,3687,0.10232271999120712
36940,3688,0.17003001272678375
36950,3689,0.06985881924629211
36960,3690,0.11405003070831299
36970,3691,0.1697172075510025
36980,3692,0.10752396285533905
36990,3693,0.013003218919038773
37000,3694,0.018258025869727135
37010,3695,0.14561262726783752
37020,3696,0.08909865468740463
37030,3697,0.03817116469144821
37040,3698,0.1877894550561905
37050,3699,0.16430625319480896
37060,3700,0.1493632048368454
37070,3701,0.0199787225574255
37080,3702,0.10330438613891602
37090,3703,0.033736616373062134
37100,3704,0.03105027973651886
37110,3705,0.06286631524562836
37120,3706,0.11576542258262634
37130,3707,0.026967115700244904
37140,3708,0.14012782275676727
37150,3709,0.10815059393644333
37160,3710,0.08932451903820038
37170,3711,0.026076694950461388
37180,3712,0.03878845274448395
37190,3713,0.03756294399499893
37200,3714,0.025527218356728554
37210,3715,0.15924182534217834
37220,3716,0.003751151030883193
37230,3717,0.0777478739619255
37240,3718,0.1045469120144844
37250,3719,0.027288448065519333
37260,3720,0.09325365722179413
37270,3721,0.28425225615501404
37280,3722,0.03603343665599823
37290,3723,0.016230888664722443
37300,3724,0.2952088415622711
37310,3725,0.017554042860865593
37320,3726,0.05687692016363144
37330,3727,0.05636153370141983
37340,3728,0.27773192524909973
37350,3729,0.22706837952136993
37360,3730,0.07860475033521652
37370,3731,0.12742504477500916
37380,3732,0.05475155636668205
37390,3733,0.139617919921875
37400,3734,0.0472860112786293
37410,3735,0.09081366658210754
37420,3736,0.2300119251012802
37430,3737,0.15545368194580078
37440,3738,0.04912314563989639
37450,3739,0.06981310993432999
37460,3740,0.06828760355710983
37470,3741,0.1022285521030426
37480,3742,0.13639113306999207
37490,3743,0.11048651486635208
37500,3744,0.023671071976423264
37510,3745,0.0034268158487975597
37520,3746,0.10512281209230423
37530,3747,0.17400521039962769
37540,3748,0.1487072855234146
37550,3749,0.14813241362571716
37560,3750,0.06384027749300003
37570,3751,0.05343396216630936
37580,3752,0.011377699673175812
37590,3753,0.008282319642603397
37600,3754,0.11343810707330704
37610,3755,0.04331270977854729
37620,3756,0.09721003472805023
37630,3757,0.06631656736135483
37640,3758,0.20033405721187592
37650,3759,0.04096848890185356
37660,3760,0.04732836037874222
37670,3761,0.03761701658368111
37680,3762,0.11046574264764786
37690,3763,0.06146838143467903
37700,3764,0.08753729611635208
37710,3765,0.23018598556518555
37720,3766,0.114607073366642
37730,3767,0.00644287746399641
37740,3768,0.08779610693454742
37750,3769,0.18276576697826385
37760,3770,0.021165737882256508
37770,3771,0.033348698168992996
37780,3772,0.0262797512114048
37790,3773,0.14405839145183563
37800,3774,0.014782234095036983
37810,3775,0.13537736237049103
37820,3776,0.0183622594922781
37830,3777,0.11529263108968735
37840,3778,0.04735887795686722
37850,3779,0.12198637425899506
37860,3780,0.10808651149272919
37870,3781,0.05241541191935539
37880,3782,0.05986230820417404
37890,3783,0.11882876604795456
37900,3784,0.0004757552524097264
37910,3785,0.010764534585177898
37920,3786,0.0662437155842781
37930,3787,0.12598541378974915
37940,3788,0.046060241758823395
37950,3789,0.10908596962690353
37960,3790,0.03973289579153061
37970,3791,0.039168596267700195
37980,3792,0.03282253071665764
37990,3793,0.06458435952663422
38000,3794,0.03399938344955444
38010,3795,0.10519587248563766
38020,3796,0.26677268743515015
38030,3797,0.06421180814504623
38040,3798,0.10871969163417816
38050,3799,0.08461917191743851
38060,3800,0.167557030916214
38070,3801,0.029113292694091797
38080,3802,0.07491303980350494
38090,3803,0.060428865253925323
38100,3804,0.12537047266960144
38110,3805,0.16854718327522278
38120,3806,0.027080170810222626
38130,3807,0.12314867973327637
38140,3808,0.18614307045936584
38150,3809,0.06053473427891731
38160,3810,0.04083016887307167
38170,3811,0.0105978948995471
38180,3812,0.089566171169281
38190,3813,0.025311030447483063
38200,3814,0.06981931626796722
38210,3815,0.012269495986402035
38220,3816,0.10807151347398758
38230,3817,0.13637635111808777
38240,3818,0.05035288259387016
38250,3819,0.2134692668914795
38260,3820,0.040597058832645416
38270,3821,0.022837720811367035
38280,3822,0.03300293907523155
38290,3823,0.02527676708996296
38300,3824,0.07986269891262054
38310,3825,0.11483587324619293
38320,3826,0.06974364817142487
38330,3827,0.07035771757364273
38340,3828,0.06337574124336243
38350,3829,0.05553717911243439
38360,3830,0.10612525790929794
38370,3831,0.15036053955554962
38380,3832,0.09323851019144058
38390,3833,0.12149249017238617
38400,3834,0.22715261578559875
38410,3835,0.1785193681716919
38420,3836,0.1329547017812729
38430,3837,0.2488899827003479
38440,3838,0.02887745387852192
38450,3839,0.19544795155525208
38460,3840,0.011525641195476055
38470,3841,0.12111593782901764
38480,3842,0.17426490783691406
38490,3843,0.06429467350244522
38500,3844,0.1327407956123352
38510,3845,0.05754389613866806
38520,3846,0.1599617302417755
38530,3847,0.059440262615680695
38540,3848,0.11688633263111115
38550,3849,0.020536258816719055
38560,3850,0.02739286981523037
38570,3851,0.20863786339759827
38580,3852,0.0880119800567627
38590,3853,0.14593519270420074
38600,3854,0.002897326834499836
38610,3855,0.08824551105499268
38620,3856,0.04164373502135277
38630,3857,0.15659105777740479
38640,3858,0.08448476344347
38650,3859,0.14448381960391998
38660,3860,0.0533318854868412
38670,3861,0.001509808236733079
38680,3862,0.15968462824821472
38690,3863,0.10314252227544785
38700,3864,0.14033788442611694
38710,3865,0.05773516744375229
38720,3866,0.0278354249894619
38730,3867,0.0795123502612114
38740,3868,0.06992539018392563
38750,3869,0.05943278968334198
38760,3870,0.0456823967397213
38770,3871,0.08946885913610458
38780,3872,0.07795679569244385
38790,3873,0.05840090662240982
38800,3874,0.10235230624675751
38810,3875,0.11249952763319016
38820,3876,0.23259541392326355
38830,3877,0.07618533819913864
38840,3878,0.04902710020542145
38850,3879,0.05573176592588425
38860,3880,0.127141073346138
38870,3881,0.0861385390162468
38880,3882,0.13220277428627014
38890,3883,0.05995675548911095
38900,3884,0.24247536063194275
38910,3885,0.019488388672471046
38920,3886,0.09753045439720154
38930,3887,0.06427853554487228
38940,3888,0.03634529188275337
38950,3889,0.0005014147609472275
38960,3890,0.08091813325881958
38970,3891,0.13034874200820923
38980,3892,0.2262624353170395
38990,3893,0.05424204468727112
39000,3894,0.12487486004829407
39010,3895,0.20125488936901093
39020,3896,0.06196043640375137
39030,3897,0.016079319640994072
39040,3898,0.09823164343833923
39050,3899,0.10971024632453918
39060,3900,0.12177090346813202
39070,3901,0.12880836427211761
39080,3902,0.06840470433235168
39090,3903,0.060772791504859924
39100,3904,0.10400839149951935
39110,3905,0.135941743850708
39120,3906,0.031169051304459572
39130,3907,0.0990414023399353
39140,3908,0.09104783833026886
39150,3909,0.02264758199453354
39160,3910,0.09947549551725388
39170,3911,0.043917056173086166
39180,3912,0.009307323023676872
39190,3913,0.055432360619306564
39200,3914,0.011106334626674652
39210,3915,0.035936109721660614
39220,3916,0.06034254655241966
39230,3917,0.18037790060043335
39240,3918,0.04308903217315674
39250,3919,0.06926409900188446
39260,3920,0.1899658888578415
39270,3921,0.09284988790750504
39280,3922,0.07450950145721436
39290,3923,0.20597445964813232
39300,3924,0.0388912707567215
39310,3925,0.060466017574071884
39320,3926,0.056833695620298386
39330,3927,0.04091687873005867
39340,3928,0.12303341180086136
39350,3929,0.14831088483333588
39360,3930,0.0011850170558318496
39370,3931,0.20036251842975616
39380,3932,0.11343542486429214
39390,3933,0.04941924661397934
39400,3934,0.1592603325843811
39410,3935,0.0736432895064354
39420,3936,0.1491691917181015
39430,3937,0.08156359940767288
39440,3938,0.02195018343627453
39450,3939,0.06030246987938881
39460,3940,0.04530557617545128
39470,3941,0.05029093846678734
39480,3942,0.08959420025348663
39490,3943,0.01253487542271614
39500,3944,0.023734424263238907
39510,3945,0.25289466977119446
39520,3946,0.12438372522592545
39530,3947,0.0969180315732956
39540,3948,0.04587318375706673
39550,3949,0.23880699276924133
39560,3950,0.12073657661676407
39570,3951,0.00480319419875741
39580,3952,0.06091795861721039
39590,3953,0.08627861738204956
39600,3954,0.08650247752666473
39610,3955,0.01969243213534355
39620,3956,0.041379429399967194
39630,3957,0.00614643981680274
39640,3958,0.09383124858140945
39650,3959,0.21588407456874847
39660,3960,0.2122221738100052
39670,3961,0.16986867785453796
39680,3962,0.1208038181066513
39690,3963,0.07852574437856674
39700,3964,0.17230579257011414
39710,3965,0.02695581130683422
39720,3966,0.028236454352736473
39730,3967,0.006085122469812632
39740,3968,0.06224330887198448
39750,3969,0.01798814907670021
39760,3970,0.06668517738580704
39770,3971,0.006012080702930689
39780,3972,0.07327085733413696
39790,3973,0.01963246427476406
39800,3974,0.06304868310689926
39810,3975,0.03001425229012966
39820,3976,0.08756257593631744
39830,3977,0.03762952238321304
39840,3978,0.09848440438508987
39850,3979,0.12539586424827576
39860,3980,0.05806780606508255
39870,3981,0.05129953846335411
39880,3982,0.10802483558654785
39890,3983,0.07547938078641891
39900,3984,0.1796826422214508
39910,3985,0.08830913156270981
39920,3986,0.03091190941631794
39930,3987,0.02254841849207878
39940,3988,0.05241420865058899
39950,3989,0.12434031069278717
39960,3990,0.0413224995136261
39970,3991,0.09228360652923584
39980,3992,0.004777464084327221
39990,3993,0.058296751230955124
40000,3994,0.02893773280084133
40010,3995,0.016069551929831505
40020,3996,0.07482856512069702
40030,3997,0.08292686939239502
40040,3998,0.06066183000802994
40050,3999,0.10800635069608688
40060,4000,0.062185581773519516
40070,4001,0.15794359147548676
40080,4002,0.10749722272157669
40090,4003,0.06360533088445663
40100,4004,0.08806795626878738
40110,4005,0.03771728277206421
40120,4006,0.05431991070508957
40130,4007,0.10196185111999512
40140,4008,0.06574633717536926
40150,4009,0.0040319073013961315
40160,4010,0.09910216182470322
40170,4011,0.10899536311626434
40180,4012,0.0767582431435585
40190,4013,0.03922811895608902
40200,4014,0.10988534986972809
40210,4015,0.054185956716537476
40220,4016,0.26635825634002686
40230,4017,0.0947095975279808
40240,4018,0.03153076022863388
40250,4019,0.07259699702262878
40260,4020,0.08212286978960037
40270,4021,0.0903605967760086
40280,4022,0.06606262177228928
40290,4023,0.13127657771110535
40300,4024,0.1336720734834671
40310,4025,0.1310894787311554
40320,4026,0.07028529793024063
40330,4027,0.08761947602033615
40340,4028,0.07654350996017456
40350,4029,0.16637291014194489
40360,4030,0.2092927247285843
40370,4031,0.09017962962388992
40380,4032,0.20236991345882416
40390,4033,0.08297477662563324
40400,4034,0.11842849850654602
40410,4035,0.10538394749164581
40420,4036,0.1298743486404419
40430,4037,0.1696924865245819
40440,4038,0.04508432000875473
40450,4039,0.0911935418844223
40460,4040,0.15046855807304382
40470,4041,0.18834398686885834
40480,4042,0.09011141210794449
40490,4043,0.05112771317362785
40500,4044,0.07301584631204605
40510,4045,0.06425970792770386
40520,4046,0.02237776853144169
40530,4047,0.05089335888624191
40540,4048,0.07547415792942047
40550,4049,0.09843504428863525
40560,4050,0.009431261569261551
40570,4051,0.08092185109853745
40580,4052,0.05749589949846268
40590,4053,0.019899751991033554
40600,4054,0.07912544906139374
40610,4055,0.07659612596035004
40620,4056,0.12381432950496674
40630,4057,0.058253370225429535
40640,4058,0.0682055726647377
40650,4059,0.005189912393689156
40660,4060,0.008696155622601509
40670,4061,0.02677585370838642
40680,4062,0.12295646965503693
40690,4063,0.07129479944705963
40700,4064,0.019429748877882957
40710,4065,0.11734798550605774
40720,4066,0.1091027781367302
40730,4067,0.05620232969522476
40740,4068,0.0008565419702790678
40750,4069,0.11116832494735718
40760,4070,0.09552369266748428
40770,4071,0.09655536711215973
40780,4072,0.05869369953870773
40790,4073,0.06274125725030899
40800,4074,0.020344756543636322
40810,4075,0.04686916247010231
40820,4076,0.019583050161600113
40830,4077,0.04636387526988983
40840,4078,0.08627046644687653
40850,4079,0.2378665655851364
40860,4080,0.1192597895860672
40870,4081,0.22743098437786102
40880,4082,0.04333820194005966
40890,4083,0.06467168033123016
40900,4084,0.0735982358455658
40910,4085,0.11389363557100296
40920,4086,0.1636061668395996
40930,4087,0.040851157158613205
40940,4088,0.1583118736743927
40950,4089,0.017591943964362144
40960,4090,0.011996479704976082
40970,4091,0.02698853239417076
40980,4092,0.06435597687959671
40990,4093,0.09765541553497314
41000,4094,0.08368711173534393
41010,4095,0.09313061088323593
41020,4096,0.10942152142524719
41030,4097,0.024661235511302948
41040,4098,0.11350086331367493
41050,4099,0.05962293595075607
41060,4100,0.114925816655159
41070,4101,0.03845582157373428
41080,4102,0.02189013734459877
41090,4103,0.066377192735672
41100,4104,5.160080036148429e-05
41110,4105,0.11056703329086304
41120,4106,0.024435145780444145
41130,4107,0.049068234860897064
41140,4108,0.055892229080200195
41150,4109,0.055802296847105026
41160,4110,0.12286988645792007
41170,4111,0.058070000261068344
41180,4112,0.1399257928133011
41190,4113,0.006495514884591103
41200,4114,0.13689497113227844
41210,4115,0.06104832887649536
41220,4116,0.04745057225227356
41230,4117,0.15891310572624207
41240,4118,0.03674738109111786
41250,4119,0.09897477179765701
41260,4120,0.008032696321606636
41270,4121,0.03828864172101021
41280,4122,0.05405767261981964
41290,4123,0.08747796714305878
41300,4124,0.1181994155049324
41310,4125,0.06106147542595863
41320,4126,0.07450219243764877
41330,4127,0.0668363943696022
41340,4128,0.047040827572345734
41350,4129,4.776549758389592e-05
41360,4130,0.03406843543052673
41370,4131,0.012988132424652576
41380,4132,0.0696958526968956
41390,4133,0.06759478151798248
41400,4134,0.08465136587619781
41410,4135,0.062322113662958145
41420,4136,0.020670469850301743
41430,4137,0.11611645668745041
41440,4138,0.12470260262489319
41450,4139,0.07174926996231079
41460,4140,0.055568162351846695
41470,4141,0.030874330550432205
41480,4142,0.02209416590631008
41490,4143,0.10903718322515488
41500,4144,0.06292256712913513
41510,4145,0.054546792060136795
41520,4146,0.07680189609527588
41530,4147,0.06216404587030411
41540,4148,0.027468033134937286
41550,4149,0.07826387882232666
41560,4150,0.0028801278676837683
41570,4151,0.05450693517923355
41580,4152,0.11268237978219986
41590,4153,0.22818635404109955
41600,4154,0.13036248087882996
41610,4155,0.07341329008340836
41620,4156,0.07366921007633209
41630,4157,0.051330093294382095
41640,4158,0.024843711405992508
41650,4159,0.018732480704784393
41660,4160,0.04190971329808235
41670,4161,0.061768073588609695
41680,4162,0.13919398188591003
41690,4163,0.0337996706366539
41700,4164,0.07874060422182083
41710,4165,0.0560048446059227
41720,4166,0.07046415656805038
41730,4167,0.10215343534946442
41740,4168,0.13090594112873077
41750,4169,0.013076051138341427
41760,4170,0.015384719707071781
41770,4171,0.16452042758464813
41780,4172,0.08973930031061172
41790,4173,0.0002975553215947002
41800,4174,0.03640327602624893
41810,4175,0.08625029027462006
41820,4176,0.05875638872385025
41830,4177,0.018092868849635124
41840,4178,0.06148885190486908
41850,4179,0.0360875278711319
41860,4180,0.0007358530419878662
41870,4181,0.04079233855009079
41880,4182,0.10173624753952026
41890,4183,0.10886716097593307
41900,4184,0.03758077323436737
41910,4185,0.02881372906267643
41920,4186,0.11595075577497482
41930,4187,0.10937505215406418
41940,4188,0.11625490337610245
41950,4189,0.09411359578371048
41960,4190,2.7003185095964e-05
41970,4191,0.13693654537200928
41980,4192,0.13658742606639862
41990,4193,0.0446220338344574
42000,4194,0.02790800668299198
42010,4195,0.010875925421714783
42020,4196,0.06925647705793381
42030,4197,0.0034170495346188545
42040,4198,0.0469350665807724
42050,4199,0.0646204724907875
42060,4200,0.02003602311015129
42070,4201,0.0767468586564064
42080,4202,0.04272904247045517
42090,4203,0.041215259581804276
42100,4204,0.03727598115801811
42110,4205,0.010808982886373997
42120,4206,0.05339165776968002
42130,4207,0.019029172137379646
42140,4208,0.13610859215259552
42150,4209,0.06602432578802109
42160,4210,0.07280568778514862
42170,4211,0.1998245269060135
42180,4212,0.012821805663406849
42190,4213,0.11427636444568634
42200,4214,0.09262311458587646
42210,4215,0.14580461382865906
42220,4216,0.08844788372516632
42230,4217,0.05554121732711792
42240,4218,0.051308877766132355
42250,4219,0.04039247706532478
42260,4220,0.031137477606534958
42270,4221,0.0741177499294281
42280,4222,0.12885865569114685
42290,4223,0.01892269030213356
42300,4224,0.0005006279097869992
42310,4225,0.1392829418182373
42320,4226,0.07234188169240952
42330,4227,0.02579484134912491
42340,4228,0.03416258469223976
42350,4229,0.04068876430392265
42360,4230,0.015810327604413033
42370,4231,0.08335006237030029
42380,4232,0.02899203449487686
42390,4233,0.04517113417387009
42400,4234,0.01469263806939125
42410,4235,0.005278976634144783
42420,4236,0.04931838437914848
42430,4237,0.048197586089372635
42440,4238,0.009810877032577991
42450,4239,0.2255011647939682
42460,4240,0.04572589322924614
42470,4241,0.015446806326508522
42480,4242,0.1104329377412796
42490,4243,0.07891540229320526
42500,4244,0.12238752841949463
42510,4245,0.05583897978067398
42520,4246,0.016110360622406006
42530,4247,0.1352849006652832
42540,4248,0.06736337393522263
42550,4249,0.1524965614080429
42560,4250,0.15421162545681
42570,4251,0.047399915754795074
42580,4252,0.09979405254125595
42590,4253,0.043268293142318726
42600,4254,0.04890484735369682
42610,4255,0.031897444278001785
42620,4256,0.19379256665706635
42630,4257,0.08997663855552673
42640,4258,0.053059931844472885
42650,4259,0.0005251840921118855
42660,4260,0.04030436649918556
42670,4261,0.012353858910501003
42680,4262,0.04253556951880455
42690,4263,0.055132996290922165
42700,4264,0.090443916618824
42710,4265,0.011355284601449966
42720,4266,0.018480395898222923
42730,4267,0.06930458545684814
42740,4268,0.004673789720982313
42750,4269,0.07809977233409882
42760,4270,0.08093835413455963
42770,4271,0.009243860840797424
42780,4272,0.0532238744199276
42790,4273,0.04775446653366089
42800,4274,0.09328989684581757
42810,4275,0.07961607724428177
42820,4276,0.010171664878726006
42830,4277,0.043849267065525055
42840,4278,0.039053305983543396
42850,4279,0.02411116473376751
42860,4280,0.18308311700820923
42870,4281,0.10508370399475098
42880,4282,0.34443342685699463
42890,4283,0.04556939750909805
42900,4284,0.008731164038181305
42910,4285,0.010643583722412586
42920,4286,0.01128944382071495
42930,4287,0.03852581977844238
42940,4288,0.04360625147819519
42950,4289,0.08346942812204361
42960,4290,0.14835871756076813
42970,4291,0.041988786309957504
42980,4292,0.003880138276144862
42990,4293,0.10655645281076431
43000,4294,0.02774694561958313
43010,4295,0.013866026885807514
43020,4296,0.1176338940858841
43030,4297,0.13613584637641907
43040,4298,0.07259245961904526
43050,4299,0.03683389350771904
43060,4300,0.05831491947174072
43070,4301,0.07592721283435822
43080,4302,0.05600304529070854
43090,4303,0.07611199468374252
43100,4304,0.17408926784992218
43110,4305,0.06327389925718307
43120,4306,0.014938690699636936
43130,4307,0.16198067367076874
43140,4308,0.1618138700723648
43150,4309,0.01589190401136875
43160,4310,0.03418993204832077
43170,4311,0.15882015228271484
43180,4312,0.040664393454790115
43190,4313,0.17313407361507416
43200,4314,0.11809579282999039
43210,4315,0.1973433792591095
43220,4316,0.012698536738753319
43230,4317,0.07007697224617004
43240,4318,0.07872797548770905
43250,4319,0.0784132331609726
43260,4320,0.05478735640645027
43270,4321,0.12549421191215515
43280,4322,0.007208000402897596
43290,4323,0.08927977830171585
43300,4324,0.006146807689219713
43310,4325,0.18051931262016296
43320,4326,0.0947389304637909
43330,4327,0.079716756939888
43340,4328,0.12669970095157623
43350,4329,0.016640067100524902
43360,4330,0.023562701418995857
43370,4331,0.2529822885990143
43380,4332,0.01890631951391697
43390,4333,0.039634279906749725
43400,4334,0.23746225237846375
43410,4335,0.05843266844749451
43420,4336,0.004945854656398296
43430,4337,0.08490531146526337
43440,4338,0.08356781303882599
43450,4339,0.1428166776895523
43460,4340,0.07345463335514069
43470,4341,0.03051880933344364
43480,4342,0.01400687638670206
43490,4343,0.08111413568258286
43500,4344,0.09431633353233337
43510,4345,0.19411952793598175
43520,4346,0.2000720351934433
43530,4347,0.09262852370738983
43540,4348,0.144575297832489
43550,4349,0.12929102778434753
43560,4350,0.0540972538292408
43570,4351,0.0211885254830122
43580,4352,0.1632654070854187
43590,4353,0.15824739634990692
43600,4354,0.1028604581952095
43610,4355,0.30704304575920105
43620,4356,0.03059367835521698
43630,4357,0.0482669472694397
43640,4358,0.09016958624124527
43650,4359,0.05129409581422806
43660,4360,0.012533029541373253
43670,4361,0.2410062998533249
43680,4362,0.08477155864238739
43690,4363,0.07612059265375137
43700,4364,0.07241803407669067
43710,4365,0.07007143646478653
43720,4366,0.028857260942459106
43730,4367,0.024044523015618324
43740,4368,0.13181482255458832
43750,4369,0.06828740984201431
43760,4370,0.08582799136638641
43770,4371,0.0971577987074852
43780,4372,0.14873746037483215
43790,4373,0.06102878972887993
43800,4374,0.16716817021369934
43810,4375,0.048919204622507095
43820,4376,1.3800674423691817e-05
43830,4377,0.10305596143007278
43840,4378,0.09462369978427887
43850,4379,0.040332064032554626
43860,4380,0.01131733600050211
43870,4381,0.016838420182466507
43880,4382,0.07317858189344406
43890,4383,0.06278450042009354
43900,4384,0.20478446781635284
43910,4385,0.06301425397396088
43920,4386,0.06814038753509521
43930,4387,0.005821015685796738
43940,4388,0.17022240161895752
43950,4389,0.11371578276157379
43960,4390,0.06213713437318802
43970,4391,0.12619192898273468
43980,4392,0.03263108804821968
43990,4393,0.17386937141418457
44000,4394,0.1527480185031891
44010,4395,0.08145952969789505
44020,4396,0.017711976543068886
44030,4397,0.011268978007137775
44040,4398,0.10971193760633469
44050,4399,0.11111751198768616
44060,4400,0.014943107031285763
44070,4401,0.018000410869717598
44080,4402,0.018458565697073936
44090,4403,0.029668748378753662
44100,4404,0.028529521077871323
44110,4405,0.10804721713066101
44120,4406,0.04674847051501274
44130,4407,0.053535833954811096
44140,4408,0.036159858107566833
44150,4409,0.026395229622721672
44160,4410,0.032875288277864456
44170,4411,0.14641305804252625
44180,4412,0.03870868682861328
44190,4413,0.03182024508714676
44200,4414,0.1262132227420807
44210,4415,0.2028130739927292
44220,4416,0.0823708027601242
44230,4417,0.10779451578855515
44240,4418,0.3220658600330353
44250,4419,0.054242078214883804
44260,4420,0.052481189370155334
44270,4421,0.08690066635608673
44280,4422,0.006532170809805393
44290,4423,0.03297526389360428
44300,4424,0.1787116825580597
44310,4425,0.023784656077623367
44320,4426,0.0728926956653595
44330,4427,0.06165139004588127
44340,4428,0.19265122711658478
44350,4429,0.07053966075181961
44360,4430,0.003019036026671529
44370,4431,0.029168304055929184
44380,4432,0.0824761763215065
44390,4433,0.03568144142627716
44400,4434,0.05682238191366196
44410,4435,0.09839020669460297
44420,4436,0.1606641411781311
44430,4437,0.08071389049291611
44440,4438,0.011447248980402946
44450,4439,0.015020579099655151
44460,4440,0.14619417488574982
44470,4441,0.15969973802566528
44480,4442,0.12833450734615326
44490,4443,0.23800761997699738
44500,4444,0.19161908328533173
44510,4445,0.15028458833694458
44520,4446,0.230099618434906
44530,4447,0.0483216792345047
44540,4448,0.18557241559028625
44550,4449,0.09627356380224228
44560,4450,0.1284893900156021
44570,4451,0.005242334213107824
44580,4452,0.1856243908405304
44590,4453,0.3142782747745514
44600,4454,0.06009567528963089
44610,4455,0.050916388630867004
44620,4456,0.2184736430644989
44630,4457,0.035700250416994095
44640,4458,0.028452634811401367
44650,4459,0.040962204337120056
44660,4460,0.08031059801578522
44670,4461,0.07329700887203217
44680,4462,0.07909099012613297
44690,4463,0.10728803277015686
44700,4464,0.04870555177330971
44710,4465,0.08846510946750641
44720,4466,0.22677507996559143
44730,4467,0.13332344591617584
44740,4468,0.02090170793235302
44750,4469,0.049224358052015305
44760,4470,0.16185051202774048
44770,4471,0.18226909637451172
44780,4472,0.07598425447940826
44790,4473,0.041306935250759125
44800,4474,0.02403225377202034
44810,4475,0.10738451033830643
44820,4476,0.06552796065807343
44830,4477,0.22383815050125122
44840,4478,0.10176020115613937
44850,4479,0.01847405917942524
44860,4480,0.14027264714241028
44870,4481,0.21017223596572876
44880,4482,0.03656371682882309
44890,4483,0.04564014822244644
44900,4484,0.10983875393867493
44910,4485,0.0510752908885479
44920,4486,0.10910767316818237
44930,4487,0.25788792967796326
44940,4488,0.042863503098487854
44950,4489,0.08281067758798599
44960,4490,0.027082087472081184
44970,4491,0.11059503257274628
44980,4492,0.1676653027534485
44990,4493,0.15303760766983032
45000,4494,0.024754798039793968
45010,4495,0.13841694593429565
45020,4496,0.1056298166513443
45030,4497,0.07092978060245514
45040,4498,0.016012046486139297
45050,4499,0.07988861203193665
45060,4500,0.07051434367895126
45070,4501,0.13443540036678314
45080,4502,0.00493418937548995
45090,4503,0.08647327125072479
45100,4504,0.05237771198153496
45110,4505,0.13536709547042847
45120,4506,0.04725874960422516
45130,4507,0.15688325464725494
45140,4508,0.10416977852582932
45150,4509,0.1469517946243286
45160,4510,0.16309459507465363
45170,4511,0.029076483100652695
45180,4512,0.10860458016395569
45190,4513,0.2305733561515808
45200,4514,0.11941921710968018
45210,4515,0.17010058462619781
45220,4516,0.027159366756677628
45230,4517,0.15610401332378387
45240,4518,0.21093642711639404
45250,4519,0.00696449913084507
45260,4520,0.1954917460680008
45270,4521,0.04642346873879433
45280,4522,0.06952037662267685
45290,4523,0.05125300586223602
45300,4524,0.10850847512483597
45310,4525,0.26545268297195435
45320,4526,0.24411237239837646
45330,4527,0.08062820881605148
45340,4528,0.12772539258003235
45350,4529,0.17859601974487305
45360,4530,0.11887888610363007
45370,4531,0.1354629099369049
45380,4532,0.09269226342439651
45390,4533,0.11249421536922455
45400,4534,0.12596945464611053
45410,4535,0.02245515212416649
45420,4536,0.16471070051193237
45430,4537,0.12401179224252701
45440,4538,0.0635576844215393
45450,4539,0.14864619076251984
45460,4540,0.1799747794866562
45470,4541,0.1646551489830017
45480,4542,0.13147544860839844
45490,4543,0.06077141314744949
45500,4544,0.1716165691614151
45510,4545,0.2788034677505493
45520,4546,0.1312272846698761
45530,4547,0.06682717055082321
45540,4548,0.16360430419445038
45550,4549,0.06521554291248322
45560,4550,0.19470933079719543
45570,4551,0.06574030220508575
45580,4552,0.16602416336536407
45590,4553,0.10268551856279373
45600,4554,0.15310083329677582
45610,4555,0.12255040556192398
45620,4556,0.07182937115430832
45630,4557,0.19010308384895325
45640,4558,0.04298434033989906
45650,4559,0.12899090349674225
45660,4560,0.1527891606092453
45670,4561,0.08532284200191498
45680,4562,0.015130719169974327
45690,4563,0.06981627643108368
45700,4564,0.12653452157974243
45710,4565,0.13790974020957947
45720,4566,0.023679256439208984
45730,4567,0.1751982420682907
45740,4568,0.15327733755111694
45750,4569,0.1224718764424324
45760,4570,0.12095098942518234
45770,4571,0.3118230104446411
45780,4572,0.10839659720659256
45790,4573,0.07222846150398254
45800,4574,0.1236938089132309
45810,4575,0.11992786824703217
45820,4576,0.16483527421951294
45830,4577,0.05382843688130379
45840,4578,0.08664045482873917
45850,4579,0.04014779254794121
45860,4580,0.13820141553878784
45870,4581,0.11192796379327774
45880,4582,0.09935089200735092
45890,4583,0.10111561417579651
45900,4584,0.11038629710674286
45910,4585,0.18386375904083252
45920,4586,0.03974447771906853
45930,4587,0.016711482778191566
45940,4588,0.21508711576461792
45950,4589,0.1354205161333084
45960,4590,0.2590298652648926
45970,4591,0.07103883475065231
45980,4592,0.06365849077701569
45990,4593,0.037228114902973175
46000,4594,0.014371715486049652
46010,4595,0.07998155057430267
46020,4596,0.11638529598712921
46030,4597,0.13942886888980865
46040,4598,0.03806618973612785
46050,4599,0.05411839485168457
46060,4600,0.10849146544933319
46070,4601,0.13296417891979218
46080,4602,0.03607885167002678
46090,4603,0.060900576412677765
46100,4604,0.13075299561023712
46110,4605,0.07745423913002014
46120,4606,0.10131446272134781
46130,4607,0.18752221763134003
46140,4608,0.06867586076259613
46150,4609,0.052255455404520035
46160,4610,0.14376379549503326
46170,4611,0.05507022887468338
46180,4612,0.1314433515071869
46190,4613,0.00320131191983819
46200,4614,0.26764363050460815
46210,4615,0.09893595427274704
46220,4616,0.16413192451000214
46230,4617,0.08970385789871216
46240,4618,0.12280865758657455
46250,4619,0.11152704060077667
46260,4620,0.15821796655654907
46270,4621,0.09469319134950638
46280,4622,0.22233565151691437
46290,4623,0.2648492455482483
46300,4624,0.09827812016010284
46310,4625,0.09407345950603485
46320,4626,0.07711949199438095
46330,4627,0.06138143315911293
46340,4628,0.07305819541215897
46350,4629,0.2057410180568695
46360,4630,0.10526806861162186
46370,4631,0.04393761605024338
46380,4632,0.1754211038351059
46390,4633,0.2023390233516693
46400,4634,0.2256711721420288
46410,4635,0.09162651002407074
46420,4636,0.08372979611158371
46430,4637,0.18481796979904175
46440,4638,0.1194484531879425
46450,4639,0.013621795922517776
46460,4640,0.2567320168018341
46470,4641,0.0728905200958252
46480,4642,0.09859149158000946
46490,4643,0.10742844641208649
46500,4644,0.14518000185489655
46510,4645,0.13840343058109283
46520,4646,0.04727354645729065
46530,4647,0.09109926223754883
46540,4648,0.12390648573637009
46550,4649,0.27543118596076965
46560,4650,0.24542509019374847
46570,4651,0.126723974943161
46580,4652,0.3858294188976288
46590,4653,0.15064606070518494
46600,4654,0.07271658629179001
46610,4655,0.15616948902606964
46620,4656,0.0854683443903923
46630,4657,0.056338340044021606
46640,4658,0.06835076212882996
46650,4659,0.04453343152999878
46660,4660,0.12260240316390991
46670,4661,0.12966100871562958
46680,4662,0.10927394032478333
46690,4663,0.22899556159973145
46700,4664,0.07104630768299103
46710,4665,0.10979823768138885
46720,4666,0.12584005296230316
46730,4667,0.04048112407326698
46740,4668,0.05149627849459648
46750,4669,0.028510745614767075
46760,4670,0.28171485662460327
46770,4671,0.13330873847007751
46780,4672,0.2104395031929016
46790,4673,0.1558714210987091
46800,4674,0.10951105505228043
46810,4675,0.12293505668640137
46820,4676,0.10059265792369843
46830,4677,0.03177981078624725
46840,4678,0.07811491936445236
46850,4679,0.16762925684452057
46860,4680,0.04192984476685524
46870,4681,0.32170167565345764
46880,4682,0.37065762281417847
46890,4683,0.026064954698085785
46900,4684,0.05894264578819275
46910,4685,0.1285848468542099
46920,4686,0.1668286770582199
46930,4687,0.06894445419311523
46940,4688,0.17639373242855072
46950,4689,0.18945010006427765
46960,4690,0.2525330185890198
46970,4691,0.13395346701145172
46980,4692,0.28944140672683716
46990,4693,0.21312488615512848
47000,4694,0.21331387758255005
47010,4695,0.21904945373535156
47020,4696,0.022409360855817795
47030,4697,0.09800753742456436
47040,4698,0.14410997927188873
47050,4699,0.24269437789916992
47060,4700,0.20548750460147858
47070,4701,0.14186345040798187
47080,4702,0.028060240671038628
47090,4703,0.2041734755039215
47100,4704,0.30055975914001465
47110,4705,0.19342546164989471
47120,4706,0.17041301727294922
47130,4707,0.20459416508674622
47140,4708,0.10521461069583893
47150,4709,0.28423577547073364
47160,4710,0.0901825875043869
47170,4711,0.19624830782413483
47180,4712,0.0928620919585228
47190,4713,0.07831943780183792
47200,4714,0.17419151961803436
47210,4715,0.024044644087553024
47220,4716,0.12957191467285156
47230,4717,0.07136489450931549
47240,4718,0.07775601744651794
47250,4719,0.14916837215423584
47260,4720,0.22894427180290222
47270,4721,0.15210722386837006
47280,4722,0.06870149075984955
47290,4723,0.3613942861557007
47300,4724,0.21275660395622253
47310,4725,0.11823770403862
47320,4726,0.18067008256912231
47330,4727,0.16168275475502014
47340,4728,0.03863898664712906
47350,4729,0.1783401519060135
47360,4730,0.2604787051677704
47370,4731,0.09239066392183304
47380,4732,0.19225439429283142
47390,4733,0.2695693373680115
47400,4734,0.0994778573513031
47410,4735,0.34834617376327515
47420,4736,0.07297009974718094
47430,4737,0.12997208535671234
47440,4738,0.14433731138706207
47450,4739,0.07518889009952545
47460,4740,0.09674400836229324
47470,4741,0.2631149888038635
47480,4742,0.2210851013660431
47490,4743,0.0795050859451294
47500,4744,0.0259697362780571
47510,4745,0.12810634076595306
47520,4746,0.15859314799308777
47530,4747,0.2688654363155365
47540,4748,0.0881635919213295
47550,4749,0.0681261345744133
47560,4750,0.05353643372654915
47570,4751,0.2108885645866394
47580,4752,0.1148466169834137
47590,4753,0.09423251450061798
47600,4754,0.1416318565607071
47610,4755,0.11982142925262451
47620,4756,0.05932436138391495
47630,4757,0.053677208721637726
47640,4758,0.15539714694023132
47650,4759,0.09556065499782562
47660,4760,0.11968192458152771
47670,4761,0.03900769352912903
47680,4762,0.16450554132461548
47690,4763,0.10444343835115433
47700,4764,0.31523397564888
47710,4765,0.11851997673511505
47720,4766,0.061110515147447586
47730,4767,0.21974702179431915
47740,4768,0.12342291325330734
47750,4769,0.23314517736434937
47760,4770,0.1038881167769432
47770,4771,0.06158824265003204
47780,4772,0.4103742241859436
47790,4773,0.1369905024766922
47800,4774,0.04619554057717323
47810,4775,0.21339629590511322
47820,4776,0.2495201677083969
47830,4777,0.3286488652229309
47840,4778,0.11575549840927124
47850,4779,0.23787972331047058
47860,4780,0.2797684967517853
47870,4781,0.035988952964544296
47880,4782,0.1196732372045517
47890,4783,0.13148249685764313
47900,4784,0.07585173100233078
47910,4785,0.20309951901435852
47920,4786,0.11313103884458542
47930,4787,0.24165940284729004
47940,4788,0.10871576517820358
47950,4789,0.03312050178647041
47960,4790,0.05323511362075806
47970,4791,0.25635647773742676
47980,4792,0.19938363134860992
47990,4793,0.10485383868217468
48000,4794,0.3419046998023987
48010,4795,0.12153401225805283
48020,4796,0.0859108567237854
48030,4797,0.11330532282590866
48040,4798,0.2714512050151825
48050,4799,0.1759013533592224
48060,4800,0.07840007543563843
48070,4801,0.20938700437545776
48080,4802,0.01743793860077858
48090,4803,0.41307955980300903
48100,4804,0.1432705670595169
48110,4805,0.15453313291072845
48120,4806,0.11961708217859268
48130,4807,0.1945502907037735
48140,4808,0.03766809403896332
48150,4809,0.17375151813030243
48160,4810,0.12007513642311096
48170,4811,0.1802201271057129
48180,4812,0.15680627524852753
48190,4813,0.09354463219642639
48200,4814,0.22256307303905487
48210,4815,0.21296246349811554
48220,4816,0.20732790231704712
48230,4817,0.2742058038711548
48240,4818,0.14403825998306274
48250,4819,0.12883758544921875
48260,4820,0.18747259676456451
48270,4821,0.029213357716798782
48280,4822,0.1440567821264267
48290,4823,0.30064132809638977
48300,4824,0.09754595905542374
48310,4825,0.08030121773481369
48320,4826,0.40619128942489624
48330,4827,0.09951714426279068
48340,4828,0.16998234391212463
48350,4829,0.16050347685813904
48360,4830,0.1353306919336319
48370,4831,0.14107228815555573
48380,4832,0.17238570749759674
48390,4833,0.05305657535791397
48400,4834,0.08260918408632278
48410,4835,0.21145442128181458
48420,4836,0.12993267178535461
48430,4837,0.29550835490226746
48440,4838,0.1496042162179947
48450,4839,0.34363508224487305
48460,4840,0.23381778597831726
48470,4841,0.09367695450782776
48480,4842,0.08770250529050827
48490,4843,0.19270744919776917
48500,4844,0.19049625098705292
48510,4845,0.16543427109718323
48520,4846,0.16698835790157318
48530,4847,0.22440436482429504
48540,4848,0.16198697686195374
48550,4849,0.19321535527706146
48560,4850,0.0660342127084732
48570,4851,0.13318051397800446
48580,4852,0.25505614280700684
48590,4853,0.13070949912071228
48600,4854,0.22019872069358826
48610,4855,0.2871168553829193
48620,4856,0.27198171615600586
48630,4857,0.26070311665534973
48640,4858,0.15929168462753296
48650,4859,0.1478358805179596
48660,4860,0.05954650789499283
48670,4861,0.22934213280677795
48680,4862,0.23606204986572266
48690,4863,0.11733973771333694
48700,4864,0.1272304356098175
48710,4865,0.11032245308160782
48720,4866,0.059940043836832047
48730,4867,0.26683497428894043
48740,4868,0.14936183393001556
48750,4869,0.1261107176542282
48760,4870,0.2117326557636261
48770,4871,0.13274456560611725
48780,4872,0.3140665292739868
48790,4873,0.14887890219688416
48800,4874,0.09142184257507324
48810,4875,0.16966046392917633
48820,4876,0.08816801756620407
48830,4877,0.22936922311782837
48840,4878,0.09074277430772781
48850,4879,0.19512802362442017
48860,4880,0.2494930773973465
48870,4881,0.13622769713401794
48880,4882,0.16187894344329834
48890,4883,0.019636239856481552
48900,4884,0.09782437980175018
48910,4885,0.09565842151641846
48920,4886,0.10101202875375748
48930,4887,0.23202168941497803
48940,4888,0.1590803563594818
48950,4889,0.08732770383358002
48960,4890,0.2760738730430603
48970,4891,0.1036648079752922
48980,4892,0.16379138827323914
48990,4893,0.18715807795524597
49000,4894,0.20682476460933685
49010,4895,0.18132370710372925
49020,4896,0.052991800010204315
49030,4897,0.1604476273059845
49040,4898,0.10634096711874008
49050,4899,0.11182060092687607
49060,4900,0.13332881033420563
49070,4901,0.032114144414663315
49080,4902,0.33291321992874146
49090,4903,0.23315678536891937
49100,4904,0.12867115437984467
49110,4905,0.08947104960680008
49120,4906,0.19047802686691284
49130,4907,0.3783295452594757
49140,4908,0.19243793189525604
49150,4909,0.14357082545757294
49160,4910,0.1327458769083023
49170,4911,0.19407689571380615
49180,4912,0.2480074167251587
49190,4913,0.22726431488990784
49200,4914,0.12346777319908142
49210,4915,0.19971993565559387
49220,4916,0.2017448991537094
49230,4917,0.228464275598526
49240,4918,0.06901334226131439
49250,4919,0.11755714565515518
49260,4920,0.18470430374145508
49270,4921,0.14891014993190765
49280,4922,0.04613209515810013
49290,4923,0.2822693884372711
49300,4924,0.2596915066242218
49310,4925,0.24388517439365387
49320,4926,0.21615813672542572
49330,4927,0.09281494468450546
49340,4928,0.1667921245098114
49350,4929,0.10269077867269516
49360,4930,0.279918909072876
49370,4931,0.12652021646499634
49380,4932,0.14768745005130768
49390,4933,0.19483116269111633
49400,4934,0.06805596500635147
49410,4935,0.19245024025440216
49420,4936,0.22973573207855225
49430,4937,0.3421715199947357
49440,4938,0.11112182587385178
49450,4939,0.07045357674360275
49460,4940,0.21971555054187775
49470,4941,0.2122732400894165
49480,4942,0.05655999854207039
49490,4943,0.20194821059703827
49500,4944,0.1191641241312027
49510,4945,0.18399806320667267
49520,4946,0.17435286939144135
49530,4947,0.1497955024242401
49540,4948,0.10863413661718369
49550,4949,0.1653170883655548
49560,4950,0.2891956567764282
49570,4951,0.12090785056352615
49580,4952,0.3156757652759552
49590,4953,0.09923111647367477
49600,4954,0.11648057401180267
49610,4955,0.16367486119270325
49620,4956,0.185214102268219
49630,4957,0.1175384521484375
49640,4958,0.13013747334480286
49650,4959,0.10240597277879715
49660,4960,0.25321394205093384
49670,4961,0.25967907905578613
49680,4962,0.21827197074890137
49690,4963,0.11508096754550934
49700,4964,0.31094157695770264
49710,4965,0.15439724922180176
49720,4966,0.08303996920585632
49730,4967,0.22241179645061493
49740,4968,0.16349294781684875
49750,4969,0.2165544331073761
49760,4970,0.15972799062728882
49770,4971,0.20284241437911987
49780,4972,0.12713146209716797
49790,4973,0.09709599614143372
49800,4974,0.17270280420780182
49810,4975,0.14146018028259277
49820,4976,0.38713333010673523
49830,4977,0.11103649437427521
49840,4978,0.14146903157234192
49850,4979,0.11815658956766129
49860,4980,0.10180266201496124
49870,4981,0.15905660390853882
49880,4982,0.10868442803621292
49890,4983,0.17091120779514313
49900,4984,0.16317349672317505
49910,4985,0.25476616621017456
49920,4986,0.10880870372056961
49930,4987,0.18143171072006226
49940,4988,0.26373475790023804
49950,4989,0.23730060458183289
49960,4990,0.24703094363212585
49970,4991,0.22092297673225403
49980,4992,0.29897162318229675
49990,4993,0.2895759344100952
50000,4994,0.22261837124824524
