environment_step,learning_update,td_loss
1000,1,1.0203921794891357
1010,2,0.937459409236908
1020,3,0.8429450392723083
1030,4,0.7557055354118347
1040,5,0.6906107664108276
1050,6,0.5924755334854126
1060,7,0.5486618280410767
1070,8,0.4672262966632843
1080,9,0.41999390721321106
1090,10,0.380934476852417
1100,11,0.3112623393535614
1110,12,0.22491943836212158
1120,13,0.20030337572097778
1130,14,0.18564552068710327
1140,15,0.1265610307455063
1150,16,0.10307951271533966
1160,17,0.09453940391540527
1170,18,0.07354573905467987
1180,19,0.05439281836152077
1190,20,0.07813744992017746
1200,21,0.08148383349180222
1210,22,0.04528362676501274
1220,23,0.06740114092826843
1230,24,0.08707357197999954
1240,25,0.058839015662670135
1250,26,0.07670031487941742
1260,27,0.11107364296913147
1270,28,0.05495407059788704
1280,29,0.11307921260595322
1290,30,0.07934962213039398
1300,31,0.02694314531981945
1310,32,0.03350783884525299
1320,33,0.03280934318900108
1330,34,0.015300316736102104
1340,35,0.018201205879449844
1350,36,0.016517914831638336
1360,37,0.016715720295906067
1370,38,0.024258369579911232
1380,39,0.016354281455278397
1390,40,0.03115656040608883
1400,41,0.02119111455976963
1410,42,0.018851857632398605
1420,43,0.020732255652546883
1430,44,0.021296197548508644
1440,45,0.020682357251644135
1450,46,0.014336783438920975
1460,47,0.011218319647014141
1470,48,0.010884981602430344
1480,49,0.011119561269879341
1490,50,0.008730738423764706
1500,51,0.005764954257756472
1510,52,0.006777097471058369
1520,53,0.005194644909352064
1530,54,0.0032650954090058804
1540,55,0.006986598484218121
1550,56,0.0037141127977520227
1560,57,0.0017438842914998531
1570,58,0.0025565840769559145
1580,59,0.003401604015380144
1590,60,0.0016143250977620482
1600,61,0.0024924585595726967
1610,62,0.00181567610707134
1620,63,0.005180588457733393
1630,64,0.0023754374124109745
1640,65,0.0029296106658875942
1650,66,0.0017765357624739408
1660,67,0.0011888602748513222
1670,68,0.0014401170192286372
1680,69,0.0008240147726610303
1690,70,0.0006321036489680409
1700,71,0.0008217018330469728
1710,72,0.0013410637620836496
1720,73,0.001485452987253666
1730,74,0.0013921509962528944
1740,75,0.001518662553280592
1750,76,0.0012986927758902311
1760,77,0.001465219771489501
1770,78,0.0012757733929902315
1780,79,0.0009499592124484479
1790,80,0.0008963898289948702
1800,81,0.00107607152312994
1810,82,0.0006015716935507953
1820,83,0.0005274940631352365
1830,84,0.0006155705777928233
1840,85,0.0007964549586176872
1850,86,0.0005651884712278843
1860,87,0.0010503183584660292
1870,88,0.0008489254978485405
1880,89,0.0006758836680091918
1890,90,0.0007377009023912251
1900,91,0.000574528647121042
1910,92,0.0006692844326607883
1920,93,0.0009330793982371688
1930,94,0.00045697204768657684
1940,95,0.0004721508303191513
1950,96,0.0007789367227815092
1960,97,0.0006460444419644773
1970,98,0.0003661256923805922
1980,99,0.0009692269377410412
1990,100,0.0004990005400031805
2000,101,0.0009084425400942564
2010,102,0.9379245042800903
2020,103,0.8537529110908508
2030,104,0.7576483488082886
2040,105,0.6151125431060791
2050,106,0.45976167917251587
2060,107,0.3436238765716553
2070,108,0.2435218244791031
2080,109,0.18655112385749817
2090,110,0.06208415701985359
2100,111,0.09743930399417877
2110,112,0.14995664358139038
2120,113,0.20393472909927368
2130,114,0.3462490141391754
2140,115,0.15814214944839478
2150,116,0.20485004782676697
2160,117,0.2522154748439789
2170,118,0.17250743508338928
2180,119,0.15848027169704437
2190,120,0.13270220160484314
2200,121,0.04841257631778717
2210,122,0.07930628955364227
2220,123,0.10440835356712341
2230,124,0.031893592327833176
2240,125,0.135030597448349
2250,126,0.08208621293306351
2260,127,0.10854902118444443
2270,128,0.09351933002471924
2280,129,0.10882396996021271
2290,130,0.12464883923530579
2300,131,0.06739962100982666
2310,132,0.08539792150259018
2320,133,0.07826359570026398
2330,134,0.07736305147409439
2340,135,0.07316000759601593
2350,136,0.05651374161243439
2360,137,0.04464637488126755
2370,138,0.053681932389736176
2380,139,0.06951873749494553
2390,140,0.06617040932178497
2400,141,0.02677091583609581
2410,142,0.04846426844596863
2420,143,0.06540009379386902
2430,144,0.061526261270046234
2440,145,0.053726181387901306
2450,146,0.052994102239608765
2460,147,0.04085070639848709
2470,148,0.0213539469987154
2480,149,0.01929258368909359
2490,150,0.01659829169511795
2500,151,0.02233552560210228
2510,152,0.02297922410070896
2520,153,0.05689818784594536
2530,154,0.02731483057141304
2540,155,0.05997217446565628
2550,156,0.03747030720114708
2560,157,0.03251248598098755
2570,158,0.04148075357079506
2580,159,0.07404666393995285
2590,160,0.026167860254645348
2600,161,0.03892326354980469
2610,162,0.015492656268179417
2620,163,0.006952743977308273
2630,164,0.03163059055805206
2640,165,0.05061616376042366
2650,166,0.01565488986670971
2660,167,0.05093987286090851
2670,168,0.06289247423410416
2680,169,0.05437184125185013
2690,170,0.055987924337387085
2700,171,0.005647809710353613
2710,172,0.07169224321842194
2720,173,0.04534466564655304
2730,174,0.035911642014980316
2740,175,0.06593959033489227
2750,176,0.027079230174422264
2760,177,0.06425152719020844
2770,178,0.026776187121868134
2780,179,0.05012092739343643
2790,180,0.05597004294395447
2800,181,0.03055080957710743
2810,182,0.046135082840919495
2820,183,0.03130735456943512
2830,184,0.04367079958319664
2840,185,0.021034546196460724
2850,186,0.023830542340874672
2860,187,0.07742064446210861
2870,188,0.03658801317214966
2880,189,0.048298437148332596
2890,190,0.03173840418457985
2900,191,0.04751826822757721
2910,192,0.044923290610313416
2920,193,0.025017350912094116
2930,194,0.03823393955826759
2940,195,0.052943773567676544
2950,196,0.07364266365766525
2960,197,0.034564558416604996
2970,198,0.05009422451257706
2980,199,0.020208364352583885
2990,200,0.035569705069065094
3000,201,0.038248397409915924
3010,202,0.9064598679542542
3020,203,0.8240129351615906
3030,204,0.6457528471946716
3040,205,0.5260009765625
3050,206,0.32891950011253357
3060,207,0.3247697055339813
3070,208,0.22016702592372894
3080,209,0.12590394914150238
3090,210,0.3349161148071289
3100,211,0.30625978112220764
3110,212,0.4339030683040619
3120,213,0.34519290924072266
3130,214,0.3446834683418274
3140,215,0.30730903148651123
3150,216,0.11369648575782776
3160,217,0.1534680277109146
3170,218,0.2370333969593048
3180,219,0.264759361743927
3190,220,0.16269800066947937
3200,221,0.13607031106948853
3210,222,0.19574959576129913
3220,223,0.22761474549770355
3230,224,0.23569640517234802
3240,225,0.2574480473995209
3250,226,0.24633833765983582
3260,227,0.09918919205665588
3270,228,0.18841654062271118
3280,229,0.13641314208507538
3290,230,0.24061305820941925
3300,231,0.0996769517660141
3310,232,0.07369191944599152
3320,233,0.09961245954036713
3330,234,0.1258082538843155
3340,235,0.22854791581630707
3350,236,0.0840216800570488
3360,237,0.22202852368354797
3370,238,0.14053013920783997
3380,239,0.12755407392978668
3390,240,0.23629538714885712
3400,241,0.13196104764938354
3410,242,0.06005129963159561
3420,243,0.08276339620351791
3430,244,0.11655956506729126
3440,245,0.2290048450231552
3450,246,0.19163215160369873
3460,247,0.13648714125156403
3470,248,0.1048731803894043
3480,249,0.1581289917230606
3490,250,0.058802053332328796
3500,251,0.1591937243938446
3510,252,0.12999962270259857
3520,253,0.14957557618618011
3530,254,0.13603413105010986
3540,255,0.15534332394599915
3550,256,0.12464156001806259
3560,257,0.14762231707572937
3570,258,0.18036240339279175
3580,259,0.1752951443195343
3590,260,0.15383875370025635
3600,261,0.07312868535518646
3610,262,0.07859810441732407
3620,263,0.13284137845039368
3630,264,0.2350907027721405
3640,265,0.08323842287063599
3650,266,0.05764923617243767
3660,267,0.07778415828943253
3670,268,0.11323422938585281
3680,269,0.08593662083148956
3690,270,0.05740104615688324
3700,271,0.16284653544425964
3710,272,0.20476627349853516
3720,273,0.08028744161128998
3730,274,0.10682498663663864
3740,275,0.022847851738333702
3750,276,0.13499945402145386
3760,277,0.1068115234375
3770,278,0.17196552455425262
3780,279,0.07753755897283554
3790,280,0.0739031657576561
3800,281,0.07127751410007477
3810,282,0.10367514193058014
3820,283,0.07447146624326706
3830,284,0.09108136594295502
3840,285,0.12172838300466537
3850,286,0.18245096504688263
3860,287,0.09818800538778305
3870,288,0.10682421922683716
3880,289,0.09924916177988052
3890,290,0.1739155650138855
3900,291,0.057382963597774506
3910,292,0.13214124739170074
3920,293,0.1491297483444214
3930,294,0.15003779530525208
3940,295,0.19414061307907104
3950,296,0.08316327631473541
3960,297,0.09182319790124893
3970,298,0.09793637692928314
3980,299,0.11304400861263275
3990,300,0.09586738049983978
4000,301,0.03209536150097847
4010,302,0.8558574318885803
4020,303,0.7893167734146118
4030,304,0.6775025725364685
4040,305,0.4878535270690918
4050,306,0.22843387722969055
4060,307,0.47533097863197327
4070,308,0.48391538858413696
4080,309,0.3830336332321167
4090,310,0.33128121495246887
4100,311,0.5706609487533569
4110,312,0.7794211506843567
4120,313,0.3457421660423279
4130,314,0.33832868933677673
4140,315,0.2822691798210144
4150,316,0.21371957659721375
4160,317,0.06059739738702774
4170,318,0.14077064394950867
4180,319,0.19372916221618652
4190,320,0.2661994695663452
4200,321,0.3211977183818817
4210,322,0.3197954297065735
4220,323,0.2596743404865265
4230,324,0.3875656723976135
4240,325,0.3540728688240051
4250,326,0.15199367702007294
4260,327,0.06557638198137283
4270,328,0.12793639302253723
4280,329,0.21827423572540283
4290,330,0.1570759415626526
4300,331,0.3163122534751892
4310,332,0.13528409600257874
4320,333,0.41550230979919434
4330,334,0.23932747542858124
4340,335,0.38012823462486267
4350,336,0.13593225181102753
4360,337,0.23445327579975128
4370,338,0.27662816643714905
4380,339,0.3416005074977875
4390,340,0.48176366090774536
4400,341,0.17165492475032806
4410,342,0.3752637207508087
4420,343,0.22217656672000885
4430,344,0.0846061185002327
4440,345,0.2882668673992157
4450,346,0.22039169073104858
4460,347,0.10475176572799683
4470,348,0.33356451988220215
4480,349,0.4286024570465088
4490,350,0.10381098091602325
4500,351,0.20170177519321442
4510,352,0.17710164189338684
4520,353,0.28919345140457153
4530,354,0.07282403111457825
4540,355,0.3101755678653717
4550,356,0.34416863322257996
4560,357,0.22634883224964142
4570,358,0.18340301513671875
4580,359,0.10826077312231064
4590,360,0.11916837096214294
4600,361,0.22979451715946198
4610,362,0.42343205213546753
4620,363,0.1538199782371521
4630,364,0.17357967793941498
4640,365,0.1772114634513855
4650,366,0.2626355290412903
4660,367,0.21706219017505646
4670,368,0.15710534155368805
4680,369,0.12687993049621582
4690,370,0.6441181898117065
4700,371,0.3504220247268677
4710,372,0.2131737321615219
4720,373,0.21513958275318146
4730,374,0.3294335603713989
4740,375,0.20948320627212524
4750,376,0.2690432667732239
4760,377,0.1479361206293106
4770,378,0.2329351007938385
4780,379,0.13006088137626648
4790,380,0.15067702531814575
4800,381,0.20543739199638367
4810,382,0.27334609627723694
4820,383,0.07433870434761047
4830,384,0.19188417494297028
4840,385,0.4369032680988312
4850,386,0.17177604138851166
4860,387,0.44200438261032104
4870,388,0.0873914435505867
4880,389,0.2692711651325226
4890,390,0.10482050478458405
4900,391,0.3066341280937195
4910,392,0.1786964237689972
4920,393,0.2612416744232178
4930,394,0.13340985774993896
4940,395,0.21728092432022095
4950,396,0.340941458940506
4960,397,0.09399689733982086
4970,398,0.06847076117992401
4980,399,0.1529751718044281
4990,400,0.14786304533481598
5000,401,0.34100502729415894
5010,402,1.0025131702423096
5020,403,0.815405011177063
5030,404,0.6825427412986755
5040,405,0.56982421875
5050,406,0.4988427758216858
5060,407,0.5030542016029358
5070,408,0.3287142515182495
5080,409,0.44651055335998535
5090,410,0.734786331653595
5100,411,0.650634765625
5110,412,0.13607679307460785
5120,413,0.5140789151191711
5130,414,0.385395348072052
5140,415,0.21010959148406982
5150,416,0.3978578448295593
5160,417,0.2212795615196228
5170,418,0.4354138672351837
5180,419,0.3820209503173828
5190,420,0.29663118720054626
5200,421,0.5406123995780945
5210,422,0.14926038682460785
5220,423,0.3354923725128174
5230,424,0.3612681031227112
5240,425,0.2977791428565979
5250,426,0.47731953859329224
5260,427,0.33834928274154663
5270,428,0.11068788170814514
5280,429,0.049712106585502625
5290,430,0.17210227251052856
5300,431,0.49731412529945374
5310,432,0.06293929368257523
5320,433,0.47176027297973633
5330,434,0.3571443259716034
5340,435,0.26469114422798157
5350,436,0.6359782218933105
5360,437,0.4263092577457428
5370,438,0.508228063583374
5380,439,0.292671263217926
5390,440,0.3853045403957367
5400,441,0.22700539231300354
5410,442,0.1547556221485138
5420,443,0.3106080889701843
5430,444,0.24541500210762024
5440,445,0.08203081041574478
5450,446,0.40929943323135376
5460,447,0.42979875206947327
5470,448,0.03245048597455025
5480,449,0.15009385347366333
5490,450,0.3840596675872803
5500,451,0.20363172888755798
5510,452,0.3672913610935211
5520,453,0.06569616496562958
5530,454,0.35869133472442627
5540,455,0.40254026651382446
5550,456,0.09224364161491394
5560,457,0.19912029802799225
5570,458,0.19802580773830414
5580,459,0.4795413017272949
5590,460,0.07606203854084015
5600,461,0.40029165148735046
5610,462,0.30823415517807007
5620,463,0.2976548671722412
5630,464,0.697450578212738
5640,465,0.23743538558483124
5650,466,0.30082714557647705
5660,467,0.18696974217891693
5670,468,0.18864081799983978
5680,469,0.2789842188358307
5690,470,0.2444494366645813
5700,471,0.39215829968452454
5710,472,0.2392946481704712
5720,473,0.21119895577430725
5730,474,0.3808797001838684
5740,475,0.2774944305419922
5750,476,0.31244316697120667
5760,477,0.12082473188638687
5770,478,0.37481531500816345
5780,479,0.20001836121082306
5790,480,0.4559095501899719
5800,481,0.056925807148218155
5810,482,0.4993802011013031
5820,483,0.2117730677127838
5830,484,0.3869618773460388
5840,485,0.367654025554657
5850,486,0.40240633487701416
5860,487,0.515238881111145
5870,488,0.0717708170413971
5880,489,0.27622663974761963
5890,490,0.18139240145683289
5900,491,0.06288391351699829
5910,492,0.2921513617038727
5920,493,0.03748280555009842
5930,494,0.33616209030151367
5940,495,0.12077967822551727
5950,496,0.43996039032936096
5960,497,0.22338604927062988
5970,498,0.49099037051200867
5980,499,0.2788020074367523
5990,500,0.1781623363494873
6000,501,0.0807189792394638
6010,502,1.036024808883667
6020,503,0.8536855578422546
6030,504,0.6197285056114197
6040,505,0.2750166654586792
6050,506,0.49075624346733093
6060,507,0.07373768836259842
6070,508,0.8261469006538391
6080,509,0.47647911310195923
6090,510,0.3924633264541626
6100,511,0.9263452887535095
6110,512,0.18425998091697693
6120,513,0.3630877137184143
6130,514,0.2217792421579361
6140,515,0.39023011922836304
6150,516,0.3861578404903412
6160,517,0.21938055753707886
6170,518,0.5950095057487488
6180,519,0.4932979941368103
6190,520,0.43722984194755554
6200,521,0.5698426365852356
6210,522,0.11533378809690475
6220,523,0.20952622592449188
6230,524,0.463472455739975
6240,525,0.6703090667724609
6250,526,0.7242134213447571
6260,527,0.4948910176753998
6270,528,0.13339686393737793
6280,529,0.9378864765167236
6290,530,0.28060731291770935
6300,531,0.1842637062072754
6310,532,0.34588944911956787
6320,533,0.08302182704210281
6330,534,0.40190446376800537
6340,535,0.1914437711238861
6350,536,0.38228505849838257
6360,537,0.33726322650909424
6370,538,0.10437989234924316
6380,539,0.03454882279038429
6390,540,0.3614327013492584
6400,541,0.04794570803642273
6410,542,0.23093724250793457
6420,543,0.418491393327713
6430,544,0.17300230264663696
6440,545,0.09427563846111298
6450,546,0.18961411714553833
6460,547,0.12463603913784027
6470,548,0.3155865967273712
6480,549,0.3970079720020294
6490,550,0.17501124739646912
6500,551,0.19314366579055786
6510,552,0.06602808833122253
6520,553,0.07429632544517517
6530,554,0.19252920150756836
6540,555,0.2649169862270355
6550,556,0.08096520602703094
6560,557,0.47587335109710693
6570,558,0.12147881090641022
6580,559,0.3436710834503174
6590,560,0.09955896437168121
6600,561,0.253690630197525
6610,562,0.061541035771369934
6620,563,0.42695996165275574
6630,564,0.14984148740768433
6640,565,0.06263955682516098
6650,566,0.3395259380340576
6660,567,0.49816393852233887
6670,568,0.41414135694503784
6680,569,0.253522664308548
6690,570,0.3553105592727661
6700,571,0.09661680459976196
6710,572,0.047552209347486496
6720,573,0.6295492053031921
6730,574,0.5608508586883545
6740,575,0.05602649971842766
6750,576,0.32966479659080505
6760,577,0.053389646112918854
6770,578,0.11750677227973938
6780,579,0.04371420666575432
6790,580,0.20138810575008392
6800,581,0.0823834240436554
6810,582,0.45253807306289673
6820,583,0.04661018028855324
6830,584,0.18672586977481842
6840,585,0.27775368094444275
6850,586,0.573218822479248
6860,587,0.601259708404541
6870,588,0.4052736759185791
6880,589,0.07489345967769623
6890,590,0.1831260621547699
6900,591,0.2544994354248047
6910,592,0.24062535166740417
6920,593,0.2524430453777313
6930,594,0.262862890958786
6940,595,0.16526424884796143
6950,596,0.34305304288864136
6960,597,0.2537524700164795
6970,598,0.24157734215259552
6980,599,0.24361515045166016
6990,600,0.3757476210594177
7000,601,0.2238941341638565
7010,602,0.9043703675270081
7020,603,0.8771127462387085
7030,604,0.6536529660224915
7040,605,0.7356309294700623
7050,606,0.21195483207702637
7060,607,0.8172743320465088
7070,608,0.16109821200370789
7080,609,0.7418289184570312
7090,610,1.0572493076324463
7100,611,0.7308019399642944
7110,612,0.4136868715286255
7120,613,0.20252877473831177
7130,614,0.3706720471382141
7140,615,0.24652323126792908
7150,616,0.601778507232666
7160,617,0.23139920830726624
7170,618,0.3333197236061096
7180,619,0.1299658566713333
7190,620,0.3096315562725067
7200,621,0.3409808278083801
7210,622,0.3667140007019043
7220,623,0.3031787872314453
7230,624,0.20130495727062225
7240,625,0.15213704109191895
7250,626,0.09522950649261475
7260,627,0.6445002555847168
7270,628,0.36058101058006287
7280,629,0.4345901608467102
7290,630,0.3098781108856201
7300,631,0.5044959187507629
7310,632,0.3174293339252472
7320,633,0.11542583256959915
7330,634,0.4853871762752533
7340,635,0.3566333055496216
7350,636,0.27128785848617554
7360,637,0.11754348129034042
7370,638,0.36897173523902893
7380,639,0.06938644498586655
7390,640,0.4009522497653961
7400,641,0.08719838410615921
7410,642,0.46824580430984497
7420,643,0.18718044459819794
7430,644,0.09217305481433868
7440,645,0.18233413994312286
7450,646,0.026677124202251434
7460,647,0.12107095122337341
7470,648,0.290317177772522
7480,649,0.11374019086360931
7490,650,0.07409372925758362
7500,651,0.15304608643054962
7510,652,0.5615050792694092
7520,653,0.09084444493055344
7530,654,0.49345749616622925
7540,655,0.8889448046684265
7550,656,0.6957747936248779
7560,657,0.049307145178318024
7570,658,0.2730758786201477
7580,659,0.0635380893945694
7590,660,0.19937995076179504
7600,661,0.16240651905536652
7610,662,0.5084866881370544
7620,663,0.264354407787323
7630,664,0.22954538464546204
7640,665,0.294748455286026
7650,666,0.14838221669197083
7660,667,0.3802613317966461
7670,668,0.030016804113984108
7680,669,0.06222312152385712
7690,670,0.34447938203811646
7700,671,0.4939413368701935
7710,672,0.06929432600736618
7720,673,0.1268957555294037
7730,674,0.19665269553661346
7740,675,0.12150591611862183
7750,676,0.05498689040541649
7760,677,0.5689849257469177
7770,678,0.418628066778183
7780,679,0.25309398770332336
7790,680,0.35391250252723694
7800,681,0.1972169578075409
7810,682,0.09604771435260773
7820,683,0.3449355363845825
7830,684,0.02500116638839245
7840,685,0.057548362761735916
7850,686,0.07666133344173431
7860,687,0.3474670946598053
7870,688,0.35189884901046753
7880,689,0.1770094931125641
7890,690,0.42618608474731445
7900,691,0.11696232855319977
7910,692,0.15110798180103302
7920,693,0.034521158784627914
7930,694,0.306050181388855
7940,695,0.5289053916931152
7950,696,0.2859320044517517
7960,697,0.3762950599193573
7970,698,0.20143789052963257
7980,699,0.1038278192281723
7990,700,0.03942655399441719
8000,701,0.12717866897583008
8010,702,0.920856773853302
8020,703,0.851799726486206
8030,704,1.0552184581756592
8040,705,0.19014428555965424
8050,706,0.2545553147792816
8060,707,0.701930046081543
8070,708,1.0378692150115967
8080,709,1.0323768854141235
8090,710,0.6095181703567505
8100,711,0.09407830983400345
8110,712,0.34903737902641296
8120,713,0.5577715635299683
8130,714,0.3257192373275757
8140,715,0.42699941992759705
8150,716,0.8212193846702576
8160,717,0.2929072678089142
8170,718,0.7927975654602051
8180,719,1.138190507888794
8190,720,0.16868695616722107
8200,721,0.9058356285095215
8210,722,0.8430752158164978
8220,723,0.14559802412986755
8230,724,0.4959166944026947
8240,725,0.27995985746383667
8250,726,0.11269878596067429
8260,727,0.34691622853279114
8270,728,0.2624964118003845
8280,729,0.46094346046447754
8290,730,0.1359999030828476
8300,731,0.164649099111557
8310,732,0.48590317368507385
8320,733,0.6840872764587402
8330,734,0.13131241500377655
8340,735,0.3682326376438141
8350,736,0.38156259059906006
8360,737,0.08325181156396866
8370,738,0.5836424827575684
8380,739,0.3518587648868561
8390,740,0.19126473367214203
8400,741,0.0848303735256195
8410,742,0.35242581367492676
8420,743,0.3019615411758423
8430,744,0.4159008860588074
8440,745,0.3539075255393982
8450,746,0.28072255849838257
8460,747,0.13427267968654633
8470,748,0.3136982023715973
8480,749,0.8851858377456665
8490,750,0.36442115902900696
8500,751,0.353010356426239
8510,752,0.22687335312366486
8520,753,0.12363149225711823
8530,754,0.36055392026901245
8540,755,0.33205655217170715
8550,756,0.06450750678777695
8560,757,0.13542604446411133
8570,758,0.07655502110719681
8580,759,0.1108420342206955
8590,760,0.4591764211654663
8600,761,0.06931789219379425
8610,762,0.2543356120586395
8620,763,0.6710432171821594
8630,764,0.030548445880413055
8640,765,0.27743634581565857
8650,766,0.9700882434844971
8660,767,0.2517790198326111
8670,768,0.08032935857772827
8680,769,1.0645301342010498
8690,770,0.07622502744197845
8700,771,1.1514935493469238
8710,772,0.41513270139694214
8720,773,0.42411959171295166
8730,774,0.5299290418624878
8740,775,0.12162987142801285
8750,776,0.31542718410491943
8760,777,0.17721588909626007
8770,778,0.13477106392383575
8780,779,0.7189280986785889
8790,780,0.10568137466907501
8800,781,0.46906474232673645
8810,782,0.2330908179283142
8820,783,0.39612337946891785
8830,784,0.6442585587501526
8840,785,0.22825372219085693
8850,786,0.4696608781814575
8860,787,0.4365594983100891
8870,788,0.3474557399749756
8880,789,0.3638248145580292
8890,790,0.09357216209173203
8900,791,0.47544795274734497
8910,792,0.24719756841659546
8920,793,0.4879685044288635
8930,794,0.2674851417541504
8940,795,0.3323231041431427
8950,796,0.21303895115852356
8960,797,0.07320448756217957
8970,798,0.5190243721008301
8980,799,0.4459081292152405
8990,800,0.15483427047729492
9000,801,0.3853457570075989
9010,802,1.0709456205368042
9020,803,0.6785266995429993
9030,804,0.8637487888336182
9040,805,0.4565425515174866
9050,806,0.10253488272428513
9060,807,0.24524880945682526
9070,808,0.9245151281356812
9080,809,0.8875395059585571
9090,810,0.301701158285141
9100,811,1.1781654357910156
9110,812,0.34813329577445984
9120,813,0.978844165802002
9130,814,0.6436812281608582
9140,815,0.4170747399330139
9150,816,0.8409720063209534
9160,817,0.6954506635665894
9170,818,0.5227266550064087
9180,819,0.41055184602737427
9190,820,0.21665172278881073
9200,821,0.15346799790859222
9210,822,0.29255568981170654
9220,823,0.2196938544511795
9230,824,0.5246261954307556
9240,825,0.531964123249054
9250,826,0.1931467056274414
9260,827,0.1919844001531601
9270,828,0.3742712140083313
9280,829,0.28594887256622314
9290,830,0.4191109240055084
9300,831,0.21630029380321503
9310,832,0.23296302556991577
9320,833,0.6141831874847412
9330,834,0.34589046239852905
9340,835,0.21372705698013306
9350,836,1.1747944355010986
9360,837,0.8636103868484497
9370,838,0.40245336294174194
9380,839,0.07118934392929077
9390,840,0.9299120306968689
9400,841,0.14759989082813263
9410,842,0.09014678001403809
9420,843,0.24585404992103577
9430,844,0.07757622748613358
9440,845,0.06405770778656006
9450,846,0.1334974467754364
9460,847,0.07603083550930023
9470,848,0.2024565041065216
9480,849,0.09465084969997406
9490,850,0.5217466950416565
9500,851,1.3417983055114746
9510,852,0.09438519924879074
9520,853,0.07954435795545578
9530,854,0.19161272048950195
9540,855,0.5716686844825745
9550,856,0.8820058107376099
9560,857,0.09122662246227264
9570,858,0.1594679355621338
9580,859,0.09268823266029358
9590,860,1.0045496225357056
9600,861,0.5382874608039856
9610,862,0.5818765163421631
9620,863,0.1424601823091507
9630,864,0.09494559466838837
9640,865,0.06892050802707672
9650,866,0.6076579093933105
9660,867,0.35962945222854614
9670,868,0.2768653631210327
9680,869,0.6726363301277161
9690,870,0.29911932349205017
9700,871,0.37649863958358765
9710,872,0.05949539318680763
9720,873,0.2631082832813263
9730,874,0.09561607986688614
9740,875,0.41877472400665283
9750,876,0.30494117736816406
9760,877,0.4197666049003601
9770,878,0.47402167320251465
9780,879,0.23437710106372833
9790,880,0.27455946803092957
9800,881,0.6183761358261108
9810,882,0.2296024113893509
9820,883,0.3200163245201111
9830,884,0.18612146377563477
9840,885,0.12336576730012894
9850,886,0.0726928785443306
9860,887,0.542085587978363
9870,888,0.1914430856704712
9880,889,0.5088402628898621
9890,890,0.13863512873649597
9900,891,0.8278849124908447
9910,892,0.6341977715492249
9920,893,0.12167976051568985
9930,894,0.33641040325164795
9940,895,0.1443025916814804
9950,896,0.16694284975528717
9960,897,0.048857856541872025
9970,898,0.37506648898124695
9980,899,0.2581297755241394
9990,900,0.08771964907646179
10000,901,0.4571038484573364
10010,902,1.360456943511963
10020,903,0.7830819487571716
10030,904,0.5911903977394104
10040,905,0.2662959694862366
10050,906,1.2350386381149292
10060,907,0.6596150398254395
10070,908,0.7777281403541565
10080,909,1.7969253063201904
10090,910,1.0581847429275513
10100,911,0.2984638810157776
10110,912,0.09752172976732254
10120,913,0.26168906688690186
10130,914,0.2883268892765045
10140,915,0.5209425091743469
10150,916,0.5884151458740234
10160,917,0.277343213558197
10170,918,0.5850057005882263
10180,919,0.20600803196430206
10190,920,0.17333881556987762
10200,921,0.15757949650287628
10210,922,0.693706750869751
10220,923,0.13187485933303833
10230,924,0.16715772449970245
10240,925,0.19555246829986572
10250,926,0.8608368635177612
10260,927,0.5063872337341309
10270,928,0.5806558728218079
10280,929,0.2240700125694275
10290,930,0.4315342605113983
10300,931,0.20009049773216248
10310,932,0.4313603639602661
10320,933,1.0473772287368774
10330,934,0.11492235958576202
10340,935,0.23959161341190338
10350,936,0.2675459384918213
10360,937,0.09815684705972672
10370,938,0.5895752310752869
10380,939,0.08744340389966965
10390,940,0.335185170173645
10400,941,0.18523254990577698
10410,942,0.6944867372512817
10420,943,0.1345617026090622
10430,944,0.33187058568000793
10440,945,0.3093688488006592
10450,946,0.35426241159439087
10460,947,0.7265779376029968
10470,948,1.0527595281600952
10480,949,0.08704971522092819
10490,950,0.29159867763519287
10500,951,0.41013211011886597
10510,952,0.19239649176597595
10520,953,0.3063053488731384
10530,954,0.15784282982349396
10540,955,0.08890033513307571
10550,956,0.7013748288154602
10560,957,0.5949438810348511
10570,958,0.153034046292305
10580,959,0.08073954284191132
10590,960,0.2994229793548584
10600,961,0.3478130102157593
10610,962,0.11928050220012665
10620,963,0.1275751292705536
10630,964,0.4570561647415161
10640,965,0.2331913411617279
10650,966,0.24597838521003723
10660,967,0.64783775806427
10670,968,0.07675950229167938
10680,969,0.3944426476955414
10690,970,0.3439217805862427
10700,971,0.08737465739250183
10710,972,0.0891018807888031
10720,973,0.4688626825809479
10730,974,0.285730242729187
10740,975,0.4979243576526642
10750,976,0.09660754352807999
10760,977,1.4597084522247314
10770,978,0.49346333742141724
10780,979,0.3996952176094055
10790,980,1.1826295852661133
10800,981,0.16469447314739227
10810,982,0.962196409702301
10820,983,0.23739475011825562
10830,984,0.08377012610435486
10840,985,0.3970085084438324
10850,986,0.07096792012453079
10860,987,0.1033191978931427
10870,988,0.9802018404006958
10880,989,0.083535335958004
10890,990,1.5401090383529663
10900,991,0.9208396077156067
10910,992,0.6183755397796631
10920,993,0.8174846172332764
10930,994,0.7710869908332825
10940,995,0.33129289746284485
10950,996,0.26470571756362915
10960,997,0.16350357234477997
10970,998,1.465074896812439
10980,999,0.058543119579553604
10990,1000,1.775992751121521
11000,1001,0.32857397198677063
11010,1002,1.3054158687591553
11020,1003,1.1578091382980347
11030,1004,0.8967584371566772
11040,1005,0.35473373532295227
11050,1006,0.16677427291870117
11060,1007,1.102192997932434
11070,1008,0.4323120713233948
11080,1009,0.3893100917339325
11090,1010,0.5365074872970581
11100,1011,1.8864072561264038
11110,1012,0.45875030755996704
11120,1013,0.7781665325164795
11130,1014,0.6843205094337463
11140,1015,1.0286365747451782
11150,1016,0.8934061527252197
11160,1017,0.9038324952125549
11170,1018,0.31385546922683716
11180,1019,0.5889620184898376
11190,1020,0.23805725574493408
11200,1021,0.15792058408260345
11210,1022,0.23323218524456024
11220,1023,0.431071013212204
11230,1024,0.7447355389595032
11240,1025,0.1624518632888794
11250,1026,1.0033882856369019
11260,1027,1.1572562456130981
11270,1028,0.5546255707740784
11280,1029,0.2415863573551178
11290,1030,0.3654000163078308
11300,1031,0.9556193947792053
11310,1032,0.3233317732810974
11320,1033,0.4653472900390625
11330,1034,0.167341411113739
11340,1035,1.2965598106384277
11350,1036,0.9980984330177307
11360,1037,0.8561483025550842
11370,1038,0.20248135924339294
11380,1039,1.2409907579421997
11390,1040,0.2418784201145172
11400,1041,0.37329328060150146
11410,1042,0.7737256288528442
11420,1043,0.3432573676109314
11430,1044,0.26253408193588257
11440,1045,0.5997996926307678
11450,1046,0.5636529326438904
11460,1047,0.2172955721616745
11470,1048,0.28561943769454956
11480,1049,0.23292149603366852
11490,1050,0.1716432422399521
11500,1051,0.20778536796569824
11510,1052,0.2830241620540619
11520,1053,0.13918913900852203
11530,1054,1.2506572008132935
11540,1055,0.24663954973220825
11550,1056,0.11636413633823395
11560,1057,0.2646574079990387
11570,1058,0.3512056767940521
11580,1059,0.11924807727336884
11590,1060,1.0628246068954468
11600,1061,0.14300160109996796
11610,1062,0.18027636408805847
11620,1063,0.13209731876850128
11630,1064,1.6977087259292603
11640,1065,0.17732544243335724
11650,1066,0.11387693881988525
11660,1067,0.9398212432861328
11670,1068,0.39404579997062683
11680,1069,0.9043728709220886
11690,1070,0.12029919028282166
11700,1071,2.42240571975708
11710,1072,0.21966293454170227
11720,1073,0.34722021222114563
11730,1074,0.6740251779556274
11740,1075,2.208940267562866
11750,1076,0.15062396228313446
11760,1077,0.2973519563674927
11770,1078,0.18356765806674957
11780,1079,0.1617826670408249
11790,1080,0.13992229104042053
11800,1081,0.12301711738109589
11810,1082,0.31626883149147034
11820,1083,1.0139025449752808
11830,1084,0.8627476692199707
11840,1085,0.7959581017494202
11850,1086,0.9397150278091431
11860,1087,0.31191202998161316
11870,1088,0.2408733367919922
11880,1089,0.19335097074508667
11890,1090,0.31322789192199707
11900,1091,0.10713325440883636
11910,1092,0.43351879715919495
11920,1093,0.19713757932186127
11930,1094,0.3985293507575989
11940,1095,0.10178167372941971
11950,1096,0.219970703125
11960,1097,0.5606164336204529
11970,1098,0.12034289538860321
11980,1099,0.12119682133197784
11990,1100,0.41273173689842224
12000,1101,0.247410386800766
12010,1102,1.383608102798462
12020,1103,1.6469837427139282
12030,1104,0.47110575437545776
12040,1105,0.23546479642391205
12050,1106,0.2878069579601288
12060,1107,0.8707489967346191
12070,1108,0.6332927942276001
12080,1109,2.4643802642822266
12090,1110,1.29619300365448
12100,1111,0.18930160999298096
12110,1112,0.6517961025238037
12120,1113,1.5818238258361816
12130,1114,0.6869277358055115
12140,1115,0.8760964870452881
12150,1116,1.1896110773086548
12160,1117,0.4292847216129303
12170,1118,0.9431629180908203
12180,1119,0.5838102102279663
12190,1120,0.3346381187438965
12200,1121,0.4532615542411804
12210,1122,1.1787797212600708
12220,1123,0.2346474826335907
12230,1124,0.18001246452331543
12240,1125,0.2902894914150238
12250,1126,0.17172981798648834
12260,1127,1.1105554103851318
12270,1128,0.40538346767425537
12280,1129,0.2674729526042938
12290,1130,0.3427637815475464
12300,1131,0.3419635593891144
12310,1132,0.27445584535598755
12320,1133,1.0785326957702637
12330,1134,0.17448003590106964
12340,1135,0.14678294956684113
12350,1136,1.340882658958435
12360,1137,1.9825348854064941
12370,1138,0.5668634176254272
12380,1139,0.10748603194952011
12390,1140,0.1638454645872116
12400,1141,0.3235308825969696
12410,1142,0.6267181038856506
12420,1143,0.19443009793758392
12430,1144,0.2006811797618866
12440,1145,0.18764811754226685
12450,1146,0.3820975720882416
12460,1147,0.941461980342865
12470,1148,0.10019157081842422
12480,1149,0.12643739581108093
12490,1150,0.192183256149292
12500,1151,0.16281214356422424
12510,1152,0.09433647245168686
12520,1153,1.3062506914138794
12530,1154,0.27774155139923096
12540,1155,0.5632588863372803
12550,1156,1.094998836517334
12560,1157,0.20078130066394806
12570,1158,0.33639347553253174
12580,1159,0.6405651569366455
12590,1160,0.08800439536571503
12600,1161,0.2777424156665802
12610,1162,0.11310947686433792
12620,1163,0.16418591141700745
12630,1164,0.8994293212890625
12640,1165,1.3053056001663208
12650,1166,0.4174579977989197
12660,1167,0.10823097825050354
12670,1168,0.3003692626953125
12680,1169,0.34002262353897095
12690,1170,0.13660265505313873
12700,1171,0.6877667903900146
12710,1172,0.15611249208450317
12720,1173,0.20471228659152985
12730,1174,0.39620617032051086
12740,1175,0.6670125722885132
12750,1176,0.11883619427680969
12760,1177,0.16964159905910492
12770,1178,0.8363442420959473
12780,1179,0.8068540692329407
12790,1180,2.115997791290283
12800,1181,2.2861318588256836
12810,1182,0.15476275980472565
12820,1183,0.21388129889965057
12830,1184,0.16372396051883698
12840,1185,0.0904492437839508
12850,1186,0.22228600084781647
12860,1187,1.0027426481246948
12870,1188,0.7049403190612793
12880,1189,0.697196364402771
12890,1190,0.05138785392045975
12900,1191,1.433583378791809
12910,1192,0.7253388166427612
12920,1193,0.7187875509262085
12930,1194,0.1777622252702713
12940,1195,0.3485407531261444
12950,1196,0.5235499739646912
12960,1197,0.28375208377838135
12970,1198,0.12589430809020996
12980,1199,0.13162867724895477
12990,1200,0.12816797196865082
13000,1201,0.14759807288646698
13010,1202,1.6460779905319214
13020,1203,0.9761441946029663
13030,1204,0.9254376888275146
13040,1205,0.4747139513492584
13050,1206,0.958619236946106
13060,1207,2.179812431335449
13070,1208,0.33876219391822815
13080,1209,1.8822873830795288
13090,1210,1.3834140300750732
13100,1211,0.33145609498023987
13110,1212,0.933438777923584
13120,1213,0.39090418815612793
13130,1214,0.5174186825752258
13140,1215,1.1625937223434448
13150,1216,1.0710179805755615
13160,1217,0.4295822083950043
13170,1218,1.0438251495361328
13180,1219,1.7641791105270386
13190,1220,0.318260133266449
13200,1221,0.30346018075942993
13210,1222,0.3645187020301819
13220,1223,0.29569992423057556
13230,1224,0.3943706154823303
13240,1225,0.6046274900436401
13250,1226,0.6580804586410522
13260,1227,0.1934521496295929
13270,1228,0.22353200614452362
13280,1229,0.25074857473373413
13290,1230,0.5903671979904175
13300,1231,0.7830221056938171
13310,1232,0.5410953760147095
13320,1233,0.19189216196537018
13330,1234,0.2580429017543793
13340,1235,0.3885396420955658
13350,1236,0.9257040023803711
13360,1237,0.08968695253133774
13370,1238,3.9920780658721924
13380,1239,0.2288251370191574
13390,1240,0.1957630068063736
13400,1241,0.8288264274597168
13410,1242,0.26225459575653076
13420,1243,0.6899477243423462
13430,1244,0.11123540252447128
13440,1245,1.4294946193695068
13450,1246,0.12900051474571228
13460,1247,0.11038690060377121
13470,1248,0.09929908066987991
13480,1249,0.1114131510257721
13490,1250,0.12613974511623383
13500,1251,0.6124966144561768
13510,1252,1.214363694190979
13520,1253,0.1807972937822342
13530,1254,1.474398136138916
13540,1255,1.0811059474945068
13550,1256,0.5529676675796509
13560,1257,0.2903282642364502
13570,1258,0.3633854389190674
13580,1259,0.1814812570810318
13590,1260,0.833523154258728
13600,1261,0.38814884424209595
13610,1262,1.9073542356491089
13620,1263,0.6379055976867676
13630,1264,0.15054169297218323
13640,1265,0.10012073814868927
13650,1266,0.42812579870224
13660,1267,0.11069685220718384
13670,1268,0.11904527992010117
13680,1269,0.11354881525039673
13690,1270,0.11601528525352478
13700,1271,0.9678916335105896
13710,1272,0.12499498575925827
13720,1273,0.11759520322084427
13730,1274,0.19696642458438873
13740,1275,0.7697708010673523
13750,1276,0.08033933490514755
13760,1277,1.3162657022476196
13770,1278,0.7281447649002075
13780,1279,0.17101842164993286
13790,1280,0.13160008192062378
13800,1281,1.7460334300994873
13810,1282,0.10406574606895447
13820,1283,0.7144767045974731
13830,1284,0.11992823332548141
13840,1285,0.09485045075416565
13850,1286,1.8121442794799805
13860,1287,1.0827410221099854
13870,1288,0.2399621605873108
13880,1289,0.5901561975479126
13890,1290,0.20757880806922913
13900,1291,0.3892877995967865
13910,1292,0.11905928701162338
13920,1293,0.37504446506500244
13930,1294,2.1552557945251465
13940,1295,0.4139886796474457
13950,1296,0.08190525323152542
13960,1297,0.06744089722633362
13970,1298,0.21917521953582764
13980,1299,0.1666356921195984
13990,1300,0.14867433905601501
14000,1301,1.083722710609436
14010,1302,1.621215581893921
14020,1303,2.8240232467651367
14030,1304,1.8334139585494995
14040,1305,0.7017907500267029
14050,1306,1.7291548252105713
14060,1307,0.2986209988594055
14070,1308,0.3528812825679779
14080,1309,1.7735953330993652
14090,1310,1.2833905220031738
14100,1311,1.151750922203064
14110,1312,0.13958163559436798
14120,1313,0.24798434972763062
14130,1314,1.1513513326644897
14140,1315,1.5563936233520508
14150,1316,0.9719370603561401
14160,1317,0.5412923693656921
14170,1318,0.3600468039512634
14180,1319,0.9320861101150513
14190,1320,0.34146031737327576
14200,1321,0.20136328041553497
14210,1322,2.80930233001709
14220,1323,1.1667577028274536
14230,1324,0.5484054684638977
14240,1325,0.1641172468662262
14250,1326,0.1483721137046814
14260,1327,0.35148826241493225
14270,1328,0.8789587020874023
14280,1329,0.2401096075773239
14290,1330,0.4879293143749237
14300,1331,0.6239922642707825
14310,1332,0.11724984645843506
14320,1333,0.9854475855827332
14330,1334,0.28713446855545044
14340,1335,0.09741909056901932
14350,1336,0.12971074879169464
14360,1337,0.12036774307489395
14370,1338,1.9860180616378784
14380,1339,1.737061858177185
14390,1340,0.8353837132453918
14400,1341,2.2868330478668213
14410,1342,1.3418958187103271
14420,1343,1.079843521118164
14430,1344,0.26428747177124023
14440,1345,0.7133440971374512
14450,1346,0.12926024198532104
14460,1347,0.1889066994190216
14470,1348,0.17642387747764587
14480,1349,2.4766769409179688
14490,1350,0.26695385575294495
14500,1351,0.17597562074661255
14510,1352,0.30560556054115295
14520,1353,0.49409496784210205
14530,1354,0.0993988886475563
14540,1355,1.9804755449295044
14550,1356,2.2098500728607178
14560,1357,0.21548311412334442
14570,1358,0.2517108917236328
14580,1359,0.508455216884613
14590,1360,0.20086681842803955
14600,1361,0.23143918812274933
14610,1362,3.1943516731262207
14620,1363,0.2668316960334778
14630,1364,0.6580532789230347
14640,1365,0.6597884893417358
14650,1366,0.10881949216127396
14660,1367,1.6455403566360474
14670,1368,0.18482011556625366
14680,1369,1.2681113481521606
14690,1370,0.20083573460578918
14700,1371,0.19437497854232788
14710,1372,0.4102126657962799
14720,1373,0.1412605196237564
14730,1374,0.7077943086624146
14740,1375,1.7318907976150513
14750,1376,0.27059662342071533
14760,1377,0.1829785406589508
14770,1378,0.13282667100429535
14780,1379,1.3916453123092651
14790,1380,0.16846254467964172
14800,1381,0.32948264479637146
14810,1382,0.2704681158065796
14820,1383,0.183959499001503
14830,1384,0.11022444814443588
14840,1385,0.2072945088148117
14850,1386,0.15010330080986023
14860,1387,0.13579684495925903
14870,1388,0.23995807766914368
14880,1389,0.15428423881530762
14890,1390,0.13672597706317902
14900,1391,0.6933969855308533
14910,1392,0.1285417526960373
14920,1393,0.5926639437675476
14930,1394,0.9876576662063599
14940,1395,0.7514803409576416
14950,1396,0.23283636569976807
14960,1397,0.27446672320365906
14970,1398,0.11011791974306107
14980,1399,0.08534783124923706
14990,1400,0.19590310752391815
15000,1401,0.6558578610420227
15010,1402,2.29207706451416
15020,1403,0.665062665939331
15030,1404,0.2757991850376129
15040,1405,0.6768849492073059
15050,1406,3.6689867973327637
15060,1407,1.2844548225402832
15070,1408,0.4053059220314026
15080,1409,1.726463794708252
15090,1410,1.232533574104309
15100,1411,0.16597317159175873
15110,1412,0.28694385290145874
15120,1413,1.027106523513794
15130,1414,0.3429754972457886
15140,1415,0.7833588719367981
15150,1416,1.2244269847869873
15160,1417,1.814429521560669
15170,1418,0.25815117359161377
15180,1419,4.109310626983643
15190,1420,0.33184248208999634
15200,1421,0.18671688437461853
15210,1422,0.1881789118051529
15220,1423,0.22600211203098297
15230,1424,0.4639720916748047
15240,1425,0.45261350274086
15250,1426,0.6576792001724243
15260,1427,0.9625411033630371
15270,1428,0.1993485540151596
15280,1429,1.6751257181167603
15290,1430,0.40003928542137146
15300,1431,0.9482924938201904
15310,1432,0.7450689673423767
15320,1433,0.5427059531211853
15330,1434,1.6728299856185913
15340,1435,0.3556150794029236
15350,1436,1.4895421266555786
15360,1437,0.25119754672050476
15370,1438,0.36076128482818604
15380,1439,4.200192451477051
15390,1440,1.1283022165298462
15400,1441,0.9415034651756287
15410,1442,4.018128395080566
15420,1443,0.605597972869873
15430,1444,0.49712392687797546
15440,1445,0.5556702613830566
15450,1446,1.3753783702850342
15460,1447,1.1861686706542969
15470,1448,0.5535884499549866
15480,1449,0.24159741401672363
15490,1450,0.24251015484333038
15500,1451,1.5791460275650024
15510,1452,1.5696890354156494
15520,1453,1.821117877960205
15530,1454,0.2415870726108551
15540,1455,0.2135242223739624
15550,1456,0.3648409843444824
15560,1457,0.15576764941215515
15570,1458,2.0393149852752686
15580,1459,1.750282645225525
15590,1460,0.15538457036018372
15600,1461,0.14449983835220337
15610,1462,0.13235464692115784
15620,1463,0.16956430673599243
15630,1464,0.20945213735103607
15640,1465,1.4483832120895386
15650,1466,0.10164706408977509
15660,1467,0.45827218890190125
15670,1468,0.2913395166397095
15680,1469,0.1498795747756958
15690,1470,0.19572624564170837
15700,1471,0.43407315015792847
15710,1472,1.1838921308517456
15720,1473,0.19867420196533203
15730,1474,1.297453761100769
15740,1475,1.5090802907943726
15750,1476,0.8130720853805542
15760,1477,0.2535720765590668
15770,1478,0.25338321924209595
15780,1479,0.7894839644432068
15790,1480,0.2771099805831909
15800,1481,2.7563388347625732
15810,1482,0.13697169721126556
15820,1483,0.1351485550403595
15830,1484,0.2907761335372925
15840,1485,0.0822661966085434
15850,1486,0.5489380955696106
15860,1487,0.2868525981903076
15870,1488,0.15286211669445038
15880,1489,0.433716744184494
15890,1490,0.2656971514225006
15900,1491,1.2028977870941162
15910,1492,0.7739956974983215
15920,1493,0.08630470186471939
15930,1494,0.20594635605812073
15940,1495,6.426704406738281
15950,1496,2.1135916709899902
15960,1497,0.8675630688667297
15970,1498,1.4970989227294922
15980,1499,1.7450246810913086
15990,1500,1.5970213413238525
16000,1501,0.3659473955631256
16010,1502,0.7299681305885315
16020,1503,0.5529894232749939
16030,1504,0.7614617347717285
16040,1505,0.28514498472213745
16050,1506,0.7132341265678406
16060,1507,2.631991386413574
16070,1508,0.43842849135398865
16080,1509,1.5296779870986938
16090,1510,1.6877670288085938
16100,1511,3.156698703765869
16110,1512,0.4524914026260376
16120,1513,0.8115553855895996
16130,1514,0.6930921077728271
16140,1515,1.026353359222412
16150,1516,0.5504032373428345
16160,1517,0.8260024189949036
16170,1518,5.197169780731201
16180,1519,0.21752044558525085
16190,1520,0.8383958339691162
16200,1521,0.5314227342605591
16210,1522,0.23722822964191437
16220,1523,3.098984718322754
16230,1524,1.1051541566848755
16240,1525,1.405240535736084
16250,1526,0.49023109674453735
16260,1527,0.46186918020248413
16270,1528,0.5700712203979492
16280,1529,0.7051497101783752
16290,1530,0.4056946039199829
16300,1531,0.43415623903274536
16310,1532,1.3871046304702759
16320,1533,1.6348927021026611
16330,1534,0.4594108462333679
16340,1535,0.6145960688591003
16350,1536,0.2803722023963928
16360,1537,1.5708619356155396
16370,1538,1.5571348667144775
16380,1539,0.36650070548057556
16390,1540,0.5042739510536194
16400,1541,1.430983066558838
16410,1542,2.271735429763794
16420,1543,0.6723797917366028
16430,1544,1.7104355096817017
16440,1545,0.6785629391670227
16450,1546,0.3393993675708771
16460,1547,0.27468106150627136
16470,1548,0.3537183701992035
16480,1549,0.23302970826625824
16490,1550,0.3266698718070984
16500,1551,0.37397676706314087
16510,1552,0.2313399463891983
16520,1553,0.9005772471427917
16530,1554,0.23471194505691528
16540,1555,1.5665674209594727
16550,1556,0.23253050446510315
16560,1557,2.5159659385681152
16570,1558,2.047006607055664
16580,1559,1.13286554813385
16590,1560,0.21008387207984924
16600,1561,1.6551947593688965
16610,1562,0.45646771788597107
16620,1563,0.156601220369339
16630,1564,0.5868838429450989
16640,1565,1.7129703760147095
16650,1566,1.0276532173156738
16660,1567,0.36022642254829407
16670,1568,1.4330880641937256
16680,1569,1.204144835472107
16690,1570,1.917104959487915
16700,1571,0.2737016975879669
16710,1572,0.3093128204345703
16720,1573,0.20256595313549042
16730,1574,0.3511212468147278
16740,1575,1.0359052419662476
16750,1576,1.5688198804855347
16760,1577,1.5709185600280762
16770,1578,0.14685387909412384
16780,1579,0.3450038731098175
16790,1580,1.8514381647109985
16800,1581,4.962128639221191
16810,1582,2.0982701778411865
16820,1583,0.5057103633880615
16830,1584,1.507230520248413
16840,1585,0.2261885404586792
16850,1586,0.1532069891691208
16860,1587,0.1602991223335266
16870,1588,0.2026463896036148
16880,1589,0.20125535130500793
16890,1590,0.23752763867378235
16900,1591,0.36478739976882935
16910,1592,0.6311778426170349
16920,1593,2.7095391750335693
16930,1594,1.1473947763442993
16940,1595,2.099445104598999
16950,1596,2.252427339553833
16960,1597,0.4503706097602844
16970,1598,0.5772399306297302
16980,1599,1.3802602291107178
16990,1600,0.7136123776435852
17000,1601,4.301792144775391
17010,1602,0.971633791923523
17020,1603,1.1007957458496094
17030,1604,2.7956080436706543
17040,1605,0.22146247327327728
17050,1606,0.5890443921089172
17060,1607,4.3541154861450195
17070,1608,0.4843600392341614
17080,1609,0.22716949880123138
17090,1610,0.13209623098373413
17100,1611,0.134765625
17110,1612,1.769593596458435
17120,1613,0.2803749740123749
17130,1614,2.818925142288208
17140,1615,1.4727593660354614
17150,1616,2.497258424758911
17160,1617,0.6839209198951721
17170,1618,3.2283520698547363
17180,1619,0.38850048184394836
17190,1620,1.88685941696167
17200,1621,0.3490520417690277
17210,1622,0.39558303356170654
17220,1623,0.3680954575538635
17230,1624,3.0703182220458984
17240,1625,0.39864933490753174
17250,1626,0.302478551864624
17260,1627,0.3494207262992859
17270,1628,0.46929752826690674
17280,1629,1.0649476051330566
17290,1630,0.2651841342449188
17300,1631,0.2467254400253296
17310,1632,1.5621579885482788
17320,1633,2.8015780448913574
17330,1634,0.18325895071029663
17340,1635,1.7212719917297363
17350,1636,1.3290780782699585
17360,1637,1.1457953453063965
17370,1638,1.6060022115707397
17380,1639,0.3758448362350464
17390,1640,1.3688325881958008
17400,1641,1.1698408126831055
17410,1642,0.45319417119026184
17420,1643,0.6558443307876587
17430,1644,0.3520236909389496
17440,1645,2.100508213043213
17450,1646,1.8047840595245361
17460,1647,2.034475803375244
17470,1648,0.2563346326351166
17480,1649,1.3303816318511963
17490,1650,0.30962073802948
17500,1651,0.8163426518440247
17510,1652,0.31444796919822693
17520,1653,1.4064708948135376
17530,1654,0.36715710163116455
17540,1655,0.7269834280014038
17550,1656,0.17172499001026154
17560,1657,0.21264928579330444
17570,1658,1.425822138786316
17580,1659,0.22514930367469788
17590,1660,0.21810266375541687
17600,1661,1.1088920831680298
17610,1662,1.1285306215286255
17620,1663,0.41492944955825806
17630,1664,0.18308334052562714
17640,1665,0.5027984380722046
17650,1666,0.3854139447212219
17660,1667,1.477339506149292
17670,1668,0.27697235345840454
17680,1669,0.8635315895080566
17690,1670,0.15382952988147736
17700,1671,0.23771913349628448
17710,1672,0.14168670773506165
17720,1673,2.297168493270874
17730,1674,0.5462533831596375
17740,1675,0.17251165211200714
17750,1676,0.11051534116268158
17760,1677,0.5580046772956848
17770,1678,1.0312796831130981
17780,1679,1.988269329071045
17790,1680,0.4171227812767029
17800,1681,0.40330952405929565
17810,1682,0.10135137289762497
17820,1683,2.0665459632873535
17830,1684,2.039236545562744
17840,1685,2.109442710876465
17850,1686,0.09710223227739334
17860,1687,0.1395317018032074
17870,1688,0.19987718760967255
17880,1689,0.1693718433380127
17890,1690,1.3976099491119385
17900,1691,0.0985541120171547
17910,1692,0.22951897978782654
17920,1693,0.27625030279159546
17930,1694,1.1943024396896362
17940,1695,0.24019622802734375
17950,1696,0.163563072681427
17960,1697,0.1498902291059494
17970,1698,1.1750929355621338
17980,1699,0.308823823928833
17990,1700,0.19182950258255005
18000,1701,0.323900431394577
18010,1702,1.2064478397369385
18020,1703,1.7095853090286255
18030,1704,2.0563771724700928
18040,1705,0.42208993434906006
18050,1706,0.8033031225204468
18060,1707,0.3300957679748535
18070,1708,0.3374803066253662
18080,1709,1.4984726905822754
18090,1710,0.54364413022995
18100,1711,2.0725648403167725
18110,1712,0.20260292291641235
18120,1713,0.28262054920196533
18130,1714,0.3320367932319641
18140,1715,0.39105224609375
18150,1716,0.276062935590744
18160,1717,0.33905306458473206
18170,1718,1.3027948141098022
18180,1719,0.2222548872232437
18190,1720,0.5361946821212769
18200,1721,0.37045708298683167
18210,1722,1.212282419204712
18220,1723,0.8227576613426208
18230,1724,0.8208528161048889
18240,1725,1.462355375289917
18250,1726,0.9643000960350037
18260,1727,0.17631259560585022
18270,1728,0.3415223956108093
18280,1729,1.1722795963287354
18290,1730,1.3604661226272583
18300,1731,0.18365447223186493
18310,1732,0.8319796919822693
18320,1733,0.2631632387638092
18330,1734,0.2488626390695572
18340,1735,0.2882632613182068
18350,1736,0.2639223635196686
18360,1737,3.9076199531555176
18370,1738,0.6293607950210571
18380,1739,1.1182862520217896
18390,1740,0.13694170117378235
18400,1741,0.24796615540981293
18410,1742,0.4003942310810089
18420,1743,1.0774394273757935
18430,1744,0.4476356506347656
18440,1745,0.20265360176563263
18450,1746,1.9139841794967651
18460,1747,1.543783187866211
18470,1748,0.19738206267356873
18480,1749,1.641466736793518
18490,1750,6.9942731857299805
18500,1751,0.9786878228187561
18510,1752,1.0423784255981445
18520,1753,1.0929858684539795
18530,1754,0.5706503391265869
18540,1755,0.9556769132614136
18550,1756,0.44261032342910767
18560,1757,1.4406490325927734
18570,1758,0.22779276967048645
18580,1759,1.5562543869018555
18590,1760,0.26637494564056396
18600,1761,2.8331830501556396
18610,1762,0.2074211984872818
18620,1763,1.485548496246338
18630,1764,0.15409833192825317
18640,1765,0.5961426496505737
18650,1766,0.6917428374290466
18660,1767,1.7182608842849731
18670,1768,1.0206515789031982
18680,1769,0.9985624551773071
18690,1770,0.6142497062683105
18700,1771,0.3355481028556824
18710,1772,0.2648444175720215
18720,1773,0.350180447101593
18730,1774,6.52109956741333
18740,1775,0.9196365475654602
18750,1776,0.4925348460674286
18760,1777,0.19813376665115356
18770,1778,1.1111698150634766
18780,1779,2.3424081802368164
18790,1780,0.26321542263031006
18800,1781,0.8090528845787048
18810,1782,0.25332170724868774
18820,1783,0.3069181442260742
18830,1784,0.3682103157043457
18840,1785,0.4398166835308075
18850,1786,0.4927876889705658
18860,1787,0.263832688331604
18870,1788,1.652724027633667
18880,1789,0.1669521927833557
18890,1790,0.40159058570861816
18900,1791,0.18281979858875275
18910,1792,1.6556529998779297
18920,1793,0.3942929804325104
18930,1794,0.37598881125450134
18940,1795,0.46450039744377136
18950,1796,0.23963984847068787
18960,1797,0.18029117584228516
18970,1798,0.13429521024227142
18980,1799,1.6382296085357666
18990,1800,0.7605111598968506
19000,1801,1.2057089805603027
19010,1802,3.4739773273468018
19020,1803,2.329045057296753
19030,1804,0.3921382427215576
19040,1805,0.42873409390449524
19050,1806,0.6625897884368896
19060,1807,1.318557858467102
19070,1808,0.9660146236419678
19080,1809,0.5931982398033142
19090,1810,2.227350950241089
19100,1811,0.2972758114337921
19110,1812,4.176428318023682
19120,1813,0.4098973870277405
19130,1814,0.41618651151657104
19140,1815,0.5875455141067505
19150,1816,0.6829196810722351
19160,1817,0.37365981936454773
19170,1818,2.6731271743774414
19180,1819,1.2906471490859985
19190,1820,0.45327264070510864
19200,1821,0.3900222182273865
19210,1822,5.33173942565918
19220,1823,0.3699801564216614
19230,1824,0.28154486417770386
19240,1825,0.36605924367904663
19250,1826,0.7946268916130066
19260,1827,1.1964982748031616
19270,1828,1.522351622581482
19280,1829,1.408898949623108
19290,1830,0.3519861400127411
19300,1831,1.860471248626709
19310,1832,3.616164207458496
19320,1833,1.5776872634887695
19330,1834,0.8220285773277283
19340,1835,1.9544123411178589
19350,1836,0.6917218565940857
19360,1837,1.6515167951583862
19370,1838,2.877903461456299
19380,1839,1.5031033754348755
19390,1840,1.8040498495101929
19400,1841,0.41743844747543335
19410,1842,3.7247447967529297
19420,1843,0.5524587631225586
19430,1844,0.20342017710208893
19440,1845,0.15785446763038635
19450,1846,2.0551817417144775
19460,1847,3.1398239135742188
19470,1848,3.1802725791931152
19480,1849,1.848262906074524
19490,1850,0.39275622367858887
19500,1851,0.6333337426185608
19510,1852,0.24658513069152832
19520,1853,0.3218792676925659
19530,1854,0.25013232231140137
19540,1855,0.39676252007484436
19550,1856,1.4840071201324463
19560,1857,0.2665868103504181
19570,1858,0.40625837445259094
19580,1859,2.837918996810913
19590,1860,0.26681071519851685
19600,1861,1.5406875610351562
19610,1862,0.399605393409729
19620,1863,1.018434762954712
19630,1864,1.0718704462051392
19640,1865,4.072081089019775
19650,1866,0.6021016836166382
19660,1867,0.3370308578014374
19670,1868,1.3833270072937012
19680,1869,0.19701994955539703
19690,1870,1.5271492004394531
19700,1871,1.7237448692321777
19710,1872,0.368134081363678
19720,1873,0.7319586277008057
19730,1874,0.32248368859291077
19740,1875,3.3407649993896484
19750,1876,0.47304314374923706
19760,1877,0.47170597314834595
19770,1878,0.8547135591506958
19780,1879,0.2920997440814972
19790,1880,0.15909190475940704
19800,1881,1.5876519680023193
19810,1882,1.3626883029937744
19820,1883,1.5424160957336426
19830,1884,2.819936752319336
19840,1885,1.7799040079116821
19850,1886,0.4016167223453522
19860,1887,1.7451015710830688
19870,1888,1.44793701171875
19880,1889,0.25531959533691406
19890,1890,1.36669921875
19900,1891,0.216360941529274
19910,1892,0.3073312044143677
19920,1893,1.8736368417739868
19930,1894,0.2878286838531494
19940,1895,1.3625372648239136
19950,1896,0.513176441192627
19960,1897,1.3063364028930664
19970,1898,0.8512338995933533
19980,1899,0.5878341794013977
19990,1900,0.3973170220851898
20000,1901,1.8493372201919556
20010,1902,2.6699612140655518
20020,1903,1.172684907913208
20030,1904,0.7522921562194824
20040,1905,0.8612185120582581
20050,1906,1.0659277439117432
20060,1907,4.890231132507324
20070,1908,0.9207378029823303
20080,1909,0.47998523712158203
20090,1910,0.3206428587436676
20100,1911,1.011284351348877
20110,1912,0.6694138050079346
20120,1913,0.7077727317810059
20130,1914,0.8997653722763062
20140,1915,4.581756114959717
20150,1916,4.035133361816406
20160,1917,0.8120966553688049
20170,1918,0.3202938437461853
20180,1919,0.23016642034053802
20190,1920,0.5643564462661743
20200,1921,0.5383464694023132
20210,1922,0.329259991645813
20220,1923,0.45784467458724976
20230,1924,0.5247666239738464
20240,1925,0.36788246035575867
20250,1926,0.4003535509109497
20260,1927,0.8820276260375977
20270,1928,0.5060638189315796
20280,1929,0.7705200910568237
20290,1930,0.3211100995540619
20300,1931,0.1979735791683197
20310,1932,2.8165228366851807
20320,1933,0.4700021743774414
20330,1934,0.3085362911224365
20340,1935,0.30243879556655884
20350,1936,0.2539963126182556
20360,1937,1.5707485675811768
20370,1938,0.15819141268730164
20380,1939,1.2812473773956299
20390,1940,0.3574140965938568
20400,1941,1.6966047286987305
20410,1942,0.40319347381591797
20420,1943,0.2958776652812958
20430,1944,1.1101086139678955
20440,1945,3.63037109375
20450,1946,0.7926640510559082
20460,1947,0.6534769535064697
20470,1948,1.2528077363967896
20480,1949,0.8416413068771362
20490,1950,0.8915561437606812
20500,1951,0.5225229263305664
20510,1952,0.8447126746177673
20520,1953,1.2045189142227173
20530,1954,0.27389955520629883
20540,1955,0.38758790493011475
20550,1956,0.3141794800758362
20560,1957,3.7127997875213623
20570,1958,1.500057578086853
20580,1959,1.638658881187439
20590,1960,0.275232195854187
20600,1961,0.42877092957496643
20610,1962,1.9203791618347168
20620,1963,0.353678435087204
20630,1964,0.5068517327308655
20640,1965,0.35605522990226746
20650,1966,0.29256588220596313
20660,1967,0.3739703297615051
20670,1968,0.7275948524475098
20680,1969,1.2117595672607422
20690,1970,0.4120163321495056
20700,1971,0.2690182626247406
20710,1972,1.1564247608184814
20720,1973,0.28302013874053955
20730,1974,0.20514707267284393
20740,1975,1.7129408121109009
20750,1976,0.43462270498275757
20760,1977,0.2882018983364105
20770,1978,1.6982353925704956
20780,1979,0.3266313076019287
20790,1980,1.4453043937683105
20800,1981,3.5086112022399902
20810,1982,0.18247316777706146
20820,1983,1.0759575366973877
20830,1984,0.2602265775203705
20840,1985,0.5989032983779907
20850,1986,0.7236899733543396
20860,1987,2.020989179611206
20870,1988,0.5695146322250366
20880,1989,1.552902340888977
20890,1990,0.342056006193161
20900,1991,4.726684093475342
20910,1992,0.33171647787094116
20920,1993,1.9057098627090454
20930,1994,0.42091137170791626
20940,1995,2.590289354324341
20950,1996,0.4925443232059479
20960,1997,1.1252076625823975
20970,1998,0.43723371624946594
20980,1999,0.304596483707428
20990,2000,0.39237773418426514
21000,2001,2.761056661605835
21010,2002,1.8125810623168945
21020,2003,0.6544713973999023
21030,2004,0.48283886909484863
21040,2005,0.9908495545387268
21050,2006,0.5483231544494629
21060,2007,0.47859060764312744
21070,2008,2.1435775756835938
21080,2009,0.7591444253921509
21090,2010,0.46117252111434937
21100,2011,0.6121269464492798
21110,2012,1.3739242553710938
21120,2013,0.78579181432724
21130,2014,0.6916013360023499
21140,2015,0.3119462728500366
21150,2016,0.3159106969833374
21160,2017,0.44384199380874634
21170,2018,0.22311052680015564
21180,2019,0.6561198830604553
21190,2020,0.3898274004459381
21200,2021,0.32354798913002014
21210,2022,0.2502312660217285
21220,2023,0.4195193350315094
21230,2024,1.7794908285140991
21240,2025,0.23475754261016846
21250,2026,0.3298438489437103
21260,2027,0.3071429133415222
21270,2028,0.44184261560440063
21280,2029,3.619814395904541
21290,2030,2.9903526306152344
21300,2031,0.12008708715438843
21310,2032,0.4549349844455719
21320,2033,0.27282580733299255
21330,2034,0.5219345688819885
21340,2035,3.151829481124878
21350,2036,1.737491250038147
21360,2037,3.520167112350464
21370,2038,3.2203609943389893
21380,2039,4.287971019744873
21390,2040,0.42639029026031494
21400,2041,5.813539028167725
21410,2042,0.4363159239292145
21420,2043,0.19679483771324158
21430,2044,1.2976495027542114
21440,2045,0.7900132536888123
21450,2046,0.39409396052360535
21460,2047,1.05024254322052
21470,2048,2.9328055381774902
21480,2049,0.8287994861602783
21490,2050,0.25862711668014526
21500,2051,2.85910701751709
21510,2052,0.7396153807640076
21520,2053,1.7558186054229736
21530,2054,0.6790099740028381
21540,2055,0.5746620297431946
21550,2056,0.7650654911994934
21560,2057,1.853798747062683
21570,2058,2.2038381099700928
21580,2059,0.45576712489128113
21590,2060,0.26008546352386475
21600,2061,0.5352619886398315
21610,2062,0.5398105978965759
21620,2063,0.2781432867050171
21630,2064,1.2799246311187744
21640,2065,1.4231863021850586
21650,2066,1.9624627828598022
21660,2067,0.22132256627082825
21670,2068,0.6171422004699707
21680,2069,0.9187564849853516
21690,2070,0.2105734646320343
21700,2071,3.1084983348846436
21710,2072,0.31803080439567566
21720,2073,4.834907531738281
21730,2074,0.17881524562835693
21740,2075,0.23940588533878326
21750,2076,6.244663238525391
21760,2077,0.7723643183708191
21770,2078,0.8524270057678223
21780,2079,0.39878320693969727
21790,2080,4.048046588897705
21800,2081,0.5596323609352112
21810,2082,1.4290742874145508
21820,2083,0.3266986310482025
21830,2084,0.4325234889984131
21840,2085,0.3382268249988556
21850,2086,0.38402891159057617
21860,2087,2.6934590339660645
21870,2088,0.891740620136261
21880,2089,1.3148671388626099
21890,2090,0.40816110372543335
21900,2091,1.7800085544586182
21910,2092,1.0580605268478394
21920,2093,1.266687035560608
21930,2094,1.2285393476486206
21940,2095,6.47898006439209
21950,2096,2.1748530864715576
21960,2097,0.5795139074325562
21970,2098,1.1567113399505615
21980,2099,0.7007012963294983
21990,2100,0.969881534576416
22000,2101,0.27328431606292725
22010,2102,1.430741310119629
22020,2103,0.600762665271759
22030,2104,0.32926636934280396
22040,2105,1.371960163116455
22050,2106,0.5004426836967468
22060,2107,0.9265695810317993
22070,2108,0.5484124422073364
22080,2109,0.6003508567810059
22090,2110,0.25867822766304016
22100,2111,0.38263368606567383
22110,2112,1.2470612525939941
22120,2113,2.2021265029907227
22130,2114,0.4176144301891327
22140,2115,0.7455824017524719
22150,2116,0.3161817491054535
22160,2117,0.3090645968914032
22170,2118,0.3392679989337921
22180,2119,1.6992952823638916
22190,2120,3.4436163902282715
22200,2121,1.8290328979492188
22210,2122,0.26678767800331116
22220,2123,0.6132925748825073
22230,2124,0.6893126964569092
22240,2125,0.32811614871025085
22250,2126,2.296564817428589
22260,2127,2.1539342403411865
22270,2128,0.37650352716445923
22280,2129,0.27069297432899475
22290,2130,0.215224951505661
22300,2131,7.126054763793945
22310,2132,0.23141148686408997
22320,2133,2.2813897132873535
22330,2134,1.145625352859497
22340,2135,0.3709690570831299
22350,2136,0.5709719657897949
22360,2137,0.4184171259403229
22370,2138,0.336264431476593
22380,2139,0.20171257853507996
22390,2140,3.246596574783325
22400,2141,4.001968860626221
22410,2142,0.33974578976631165
22420,2143,0.12248466163873672
22430,2144,0.5321043729782104
22440,2145,0.14736944437026978
22450,2146,1.5724459886550903
22460,2147,3.411032199859619
22470,2148,1.0222448110580444
22480,2149,0.30235254764556885
22490,2150,0.3988219201564789
22500,2151,0.4824735224246979
22510,2152,0.372469425201416
22520,2153,0.3654094338417053
22530,2154,0.6012377738952637
22540,2155,0.20069946348667145
22550,2156,1.5746476650238037
22560,2157,0.29680773615837097
22570,2158,0.22248390316963196
22580,2159,0.9345571398735046
22590,2160,2.6005399227142334
22600,2161,0.5809784531593323
22610,2162,0.6121485829353333
22620,2163,3.269624948501587
22630,2164,2.7558279037475586
22640,2165,0.4287044405937195
22650,2166,6.902133941650391
22660,2167,0.8575121760368347
22670,2168,0.23092816770076752
22680,2169,0.28040650486946106
22690,2170,0.19987045228481293
22700,2171,1.1290557384490967
22710,2172,1.281635046005249
22720,2173,0.45496678352355957
22730,2174,1.4453117847442627
22740,2175,0.2499845027923584
22750,2176,0.4302469491958618
22760,2177,0.4320182800292969
22770,2178,0.43545767664909363
22780,2179,1.9809362888336182
22790,2180,0.31505438685417175
22800,2181,0.28634095191955566
22810,2182,1.8024073839187622
22820,2183,2.9112040996551514
22830,2184,0.3144319951534271
22840,2185,0.9792088270187378
22850,2186,0.17454664409160614
22860,2187,1.7181318998336792
22870,2188,0.6958329677581787
22880,2189,0.4355621337890625
22890,2190,1.2727060317993164
22900,2191,0.21388563513755798
22910,2192,0.3900151252746582
22920,2193,0.46730470657348633
22930,2194,0.37602880597114563
22940,2195,0.31509706377983093
22950,2196,0.41403728723526
22960,2197,0.17896054685115814
22970,2198,0.33194559812545776
22980,2199,0.24265775084495544
22990,2200,0.21789778769016266
23000,2201,0.12560637295246124
23010,2202,1.2881178855895996
23020,2203,0.7319268584251404
23030,2204,3.1372933387756348
23040,2205,3.110037088394165
23050,2206,0.42157888412475586
23060,2207,0.5185825228691101
23070,2208,0.7422008514404297
23080,2209,8.336695671081543
23090,2210,0.3971230387687683
23100,2211,0.4592752456665039
23110,2212,1.002368688583374
23120,2213,0.4395393133163452
23130,2214,0.9109306335449219
23140,2215,0.6764962673187256
23150,2216,8.046903610229492
23160,2217,1.2399269342422485
23170,2218,0.33118709921836853
23180,2219,0.4481809437274933
23190,2220,0.22402043640613556
23200,2221,1.9503120183944702
23210,2222,0.3868638873100281
23220,2223,0.4480777978897095
23230,2224,1.8440064191818237
23240,2225,0.41197535395622253
23250,2226,0.43106603622436523
23260,2227,0.446048766374588
23270,2228,0.3506277799606323
23280,2229,0.4721657633781433
23290,2230,1.1225471496582031
23300,2231,0.5935156345367432
23310,2232,1.447893500328064
23320,2233,0.2471509426832199
23330,2234,0.6673177480697632
23340,2235,0.20534707605838776
23350,2236,0.3479568362236023
23360,2237,0.20205658674240112
23370,2238,0.20427091419696808
23380,2239,0.20009784400463104
23390,2240,0.337764173746109
23400,2241,1.905747413635254
23410,2242,0.2220790684223175
23420,2243,6.108854293823242
23430,2244,8.181087493896484
23440,2245,0.7253013849258423
23450,2246,0.10060185939073563
23460,2247,1.1410001516342163
23470,2248,0.5203877091407776
23480,2249,0.3015691637992859
23490,2250,0.23763810098171234
23500,2251,1.7432501316070557
23510,2252,0.24595268070697784
23520,2253,1.1154600381851196
23530,2254,0.5421791076660156
23540,2255,0.9294211864471436
23550,2256,1.3123666048049927
23560,2257,0.3876211941242218
23570,2258,0.7835288643836975
23580,2259,0.45249783992767334
23590,2260,0.2860138416290283
23600,2261,0.20577667653560638
23610,2262,0.1626376062631607
23620,2263,0.4763493835926056
23630,2264,0.5020114183425903
23640,2265,0.37325116991996765
23650,2266,0.38841670751571655
23660,2267,1.4267739057540894
23670,2268,0.3436626195907593
23680,2269,0.215479776263237
23690,2270,1.472773790359497
23700,2271,0.16288769245147705
23710,2272,0.4725755453109741
23720,2273,0.29752495884895325
23730,2274,0.5093459486961365
23740,2275,0.20933318138122559
23750,2276,0.31207790970802307
23760,2277,0.280500590801239
23770,2278,0.7072969675064087
23780,2279,13.82889175415039
23790,2280,0.10974566638469696
23800,2281,0.2339508980512619
23810,2282,1.213523268699646
23820,2283,0.41085487604141235
23830,2284,0.39416787028312683
23840,2285,0.2966640591621399
23850,2286,0.29171115159988403
23860,2287,0.34831756353378296
23870,2288,0.278131902217865
23880,2289,0.30943599343299866
23890,2290,1.3718461990356445
23900,2291,0.32565838098526
23910,2292,2.7539913654327393
23920,2293,0.32414525747299194
23930,2294,0.4523511230945587
23940,2295,0.8817596435546875
23950,2296,0.32620567083358765
23960,2297,0.865192174911499
23970,2298,0.3661835789680481
23980,2299,0.9051700234413147
23990,2300,2.700345277786255
24000,2301,0.3963603377342224
24010,2302,1.3020501136779785
24020,2303,1.1358158588409424
24030,2304,1.1394485235214233
24040,2305,0.6421790719032288
24050,2306,0.751075267791748
24060,2307,1.8409873247146606
24070,2308,0.9359496235847473
24080,2309,9.070350646972656
24090,2310,0.2085725963115692
24100,2311,2.3772013187408447
24110,2312,1.270552158355713
24120,2313,0.8169631958007812
24130,2314,1.4289807081222534
24140,2315,0.4247223734855652
24150,2316,7.029354572296143
24160,2317,0.7275373935699463
24170,2318,0.44590234756469727
24180,2319,0.4607458710670471
24190,2320,1.2066175937652588
24200,2321,0.1968533992767334
24210,2322,0.17466264963150024
24220,2323,1.359588861465454
24230,2324,1.0267884731292725
24240,2325,1.6809980869293213
24250,2326,0.9360198378562927
24260,2327,0.5331432819366455
24270,2328,0.3832992911338806
24280,2329,0.4322222173213959
24290,2330,1.523541808128357
24300,2331,1.3675330877304077
24310,2332,0.49733975529670715
24320,2333,1.2023054361343384
24330,2334,0.640438973903656
24340,2335,0.3361104130744934
24350,2336,4.161186695098877
24360,2337,1.3890022039413452
24370,2338,0.39819544553756714
24380,2339,0.17727243900299072
24390,2340,0.9446271061897278
24400,2341,6.870421886444092
24410,2342,0.19232356548309326
24420,2343,0.2395891696214676
24430,2344,2.2560226917266846
24440,2345,4.604467391967773
24450,2346,0.25850701332092285
24460,2347,1.1396839618682861
24470,2348,0.5358737707138062
24480,2349,0.32487523555755615
24490,2350,0.27868008613586426
24500,2351,0.7940391302108765
24510,2352,0.42672407627105713
24520,2353,0.23978982865810394
24530,2354,0.3144824802875519
24540,2355,0.33723413944244385
24550,2356,0.34838977456092834
24560,2357,0.22288982570171356
24570,2358,0.28403547406196594
24580,2359,0.3377715051174164
24590,2360,0.12950386106967926
24600,2361,0.2086677849292755
24610,2362,3.806493043899536
24620,2363,0.25662630796432495
24630,2364,0.108563631772995
24640,2365,3.5621163845062256
24650,2366,0.20918753743171692
24660,2367,0.10470876842737198
24670,2368,0.18328049778938293
24680,2369,0.3102312684059143
24690,2370,1.3434284925460815
24700,2371,0.2041359543800354
24710,2372,6.117074966430664
24720,2373,0.5723682641983032
24730,2374,0.15699820220470428
24740,2375,0.9220886826515198
24750,2376,0.6099072694778442
24760,2377,3.757066249847412
24770,2378,18.905363082885742
24780,2379,1.188908338546753
24790,2380,0.3147963285446167
24800,2381,3.4464011192321777
24810,2382,0.4668302834033966
24820,2383,0.3474140167236328
24830,2384,1.1137186288833618
24840,2385,2.097428798675537
24850,2386,0.7943120002746582
24860,2387,0.37400946021080017
24870,2388,0.5470359325408936
24880,2389,0.9721488952636719
24890,2390,0.8859274387359619
24900,2391,1.2028987407684326
24910,2392,0.3469417691230774
24920,2393,0.718092143535614
24930,2394,0.5242224931716919
24940,2395,0.4520922899246216
24950,2396,0.8095203638076782
24960,2397,0.3907672166824341
24970,2398,0.5958107709884644
24980,2399,0.9327123761177063
24990,2400,0.46775513887405396
25000,2401,0.16886554658412933
25010,2402,2.0795998573303223
25020,2403,1.0183157920837402
25030,2404,0.5099966526031494
25040,2405,0.7802756428718567
25050,2406,0.5375480651855469
25060,2407,0.6350253820419312
25070,2408,7.12921667098999
25080,2409,0.5438928008079529
25090,2410,0.325482040643692
25100,2411,1.452164649963379
25110,2412,0.4275728464126587
25120,2413,0.7559249997138977
25130,2414,0.5274823307991028
25140,2415,0.4908317029476166
25150,2416,0.26148658990859985
25160,2417,0.6557295322418213
25170,2418,0.5082962512969971
25180,2419,1.5078444480895996
25190,2420,0.7165189981460571
25200,2421,0.36565420031547546
25210,2422,1.0003721714019775
25220,2423,0.4294429421424866
25230,2424,0.26233237981796265
25240,2425,0.5064725875854492
25250,2426,0.27302390336990356
25260,2427,0.21853305399417877
25270,2428,7.593975067138672
25280,2429,0.4107198119163513
25290,2430,0.4468671679496765
25300,2431,1.1183061599731445
25310,2432,0.41049954295158386
25320,2433,1.3300793170928955
25330,2434,0.27675825357437134
25340,2435,0.2517922520637512
25350,2436,0.40784627199172974
25360,2437,0.3843196630477905
25370,2438,0.37918761372566223
25380,2439,0.5099810361862183
25390,2440,0.4111384153366089
25400,2441,0.5397647619247437
25410,2442,0.3760983943939209
25420,2443,0.7105258107185364
25430,2444,1.1407421827316284
25440,2445,0.26767441630363464
25450,2446,0.19966627657413483
25460,2447,0.7993131875991821
25470,2448,0.8338490128517151
25480,2449,5.802152633666992
25490,2450,0.6809736490249634
25500,2451,0.26868557929992676
25510,2452,0.4243141710758209
25520,2453,0.2666718065738678
25530,2454,1.44228994846344
25540,2455,0.30659905076026917
25550,2456,1.2679424285888672
25560,2457,0.5671408772468567
25570,2458,0.5651115775108337
25580,2459,0.2671017050743103
25590,2460,0.7741086483001709
25600,2461,0.31747186183929443
25610,2462,0.38555413484573364
25620,2463,0.7646661996841431
25630,2464,0.925369143486023
25640,2465,0.1246962919831276
25650,2466,3.534802198410034
25660,2467,0.19053518772125244
25670,2468,0.4123331308364868
25680,2469,1.5412278175354004
25690,2470,0.18416297435760498
25700,2471,0.1764616221189499
25710,2472,0.16755317151546478
25720,2473,0.09869484603404999
25730,2474,0.15821516513824463
25740,2475,0.8837612271308899
25750,2476,0.269887775182724
25760,2477,1.3835753202438354
25770,2478,0.22950991988182068
25780,2479,0.20953720808029175
25790,2480,0.31862393021583557
25800,2481,0.1447509229183197
25810,2482,0.20595023036003113
25820,2483,0.3998444080352783
25830,2484,0.44867420196533203
25840,2485,0.12265180051326752
25850,2486,0.26644793152809143
25860,2487,0.21692347526550293
25870,2488,1.9107768535614014
25880,2489,0.21948012709617615
25890,2490,0.9493219256401062
25900,2491,0.8329995274543762
25910,2492,0.3453120291233063
25920,2493,1.0710893869400024
25930,2494,0.4126242995262146
25940,2495,0.5437827706336975
25950,2496,0.34799543023109436
25960,2497,0.1787528693675995
25970,2498,0.36263781785964966
25980,2499,0.17806868255138397
25990,2500,0.29858720302581787
26000,2501,0.12094271183013916
26010,2502,1.4020586013793945
26020,2503,19.380083084106445
26030,2504,0.9109931588172913
26040,2505,0.4787721633911133
26050,2506,0.5183605551719666
26060,2507,2.155217170715332
26070,2508,0.7175945043563843
26080,2509,0.4188591539859772
26090,2510,1.5310038328170776
26100,2511,0.33406272530555725
26110,2512,2.7941808700561523
26120,2513,0.5708451867103577
26130,2514,1.1552884578704834
26140,2515,1.0129244327545166
26150,2516,0.6727182865142822
26160,2517,0.3972795903682709
26170,2518,1.9678095579147339
26180,2519,2.253678798675537
26190,2520,34.000709533691406
26200,2521,0.2885931730270386
26210,2522,0.3027605414390564
26220,2523,0.9605622887611389
26230,2524,0.2847048342227936
26240,2525,0.589265763759613
26250,2526,1.320168137550354
26260,2527,1.2821457386016846
26270,2528,0.3120366632938385
26280,2529,1.8480439186096191
26290,2530,0.9459217190742493
26300,2531,0.3875718414783478
26310,2532,0.30417388677597046
26320,2533,0.9224711060523987
26330,2534,0.5671879053115845
26340,2535,0.9436447620391846
26350,2536,0.6562637090682983
26360,2537,1.3869210481643677
26370,2538,0.5365824699401855
26380,2539,0.739165186882019
26390,2540,0.3284911513328552
26400,2541,0.7203746438026428
26410,2542,0.3851071298122406
26420,2543,0.21637855470180511
26430,2544,0.2785823345184326
26440,2545,0.14086860418319702
26450,2546,0.2815701961517334
26460,2547,0.10852470993995667
26470,2548,0.9934940934181213
26480,2549,0.312492311000824
26490,2550,0.8049315214157104
26500,2551,0.17982538044452667
26510,2552,0.12461058795452118
26520,2553,0.4288746416568756
26530,2554,0.20497681200504303
26540,2555,0.7897431254386902
26550,2556,0.12118102610111237
26560,2557,9.809452056884766
26570,2558,0.14250655472278595
26580,2559,0.8086051344871521
26590,2560,0.18113398551940918
26600,2561,0.2804231345653534
26610,2562,0.4747586250305176
26620,2563,0.12418395280838013
26630,2564,0.337410569190979
26640,2565,0.5220094323158264
26650,2566,0.183449387550354
26660,2567,1.6973285675048828
26670,2568,0.27815666794776917
26680,2569,2.495804786682129
26690,2570,0.2113872617483139
26700,2571,0.4296325743198395
26710,2572,0.6434694528579712
26720,2573,0.4339115619659424
26730,2574,0.3619017004966736
26740,2575,0.2376534640789032
26750,2576,1.877001166343689
26760,2577,0.3505597412586212
26770,2578,0.24757646024227142
26780,2579,0.16169387102127075
26790,2580,0.111480712890625
26800,2581,0.7397345900535583
26810,2582,0.20541836321353912
26820,2583,0.21729117631912231
26830,2584,0.23221127688884735
26840,2585,0.9569674730300903
26850,2586,0.18244130909442902
26860,2587,0.11112990975379944
26870,2588,1.0948649644851685
26880,2589,0.2392549067735672
26890,2590,0.7484632134437561
26900,2591,0.1724736988544464
26910,2592,0.16724462807178497
26920,2593,0.61781907081604
26930,2594,0.09868393838405609
26940,2595,0.16411778330802917
26950,2596,0.13710704445838928
26960,2597,0.6454741954803467
26970,2598,0.22651827335357666
26980,2599,1.1893537044525146
26990,2600,0.19948884844779968
27000,2601,0.19033420085906982
27010,2602,0.9233648777008057
27020,2603,0.7848092913627625
27030,2604,25.371097564697266
27040,2605,0.1339934766292572
27050,2606,1.3352165222167969
27060,2607,0.33485928177833557
27070,2608,0.44927698373794556
27080,2609,0.3962787687778473
27090,2610,0.31920352578163147
27100,2611,0.2607969641685486
27110,2612,0.3755333423614502
27120,2613,0.7039132118225098
27130,2614,7.61218786239624
27140,2615,0.6330122947692871
27150,2616,0.5220379829406738
27160,2617,1.0904529094696045
27170,2618,0.5038474798202515
27180,2619,0.5822821855545044
27190,2620,0.2531392574310303
27200,2621,2.7125439643859863
27210,2622,0.30186039209365845
27220,2623,0.22765791416168213
27230,2624,0.709147036075592
27240,2625,0.545738935470581
27250,2626,0.5541846752166748
27260,2627,0.27129819989204407
27270,2628,0.43720701336860657
27280,2629,0.7840942144393921
27290,2630,0.15189336240291595
27300,2631,0.21815252304077148
27310,2632,0.1397920846939087
27320,2633,0.2632211744785309
27330,2634,0.34537097811698914
27340,2635,0.18705826997756958
27350,2636,0.1586187481880188
27360,2637,0.18603664636611938
27370,2638,0.1362723708152771
27380,2639,0.8175404667854309
27390,2640,0.8536584973335266
27400,2641,1.2734649181365967
27410,2642,0.16060835123062134
27420,2643,0.2058277130126953
27430,2644,0.25234806537628174
27440,2645,0.8487933874130249
27450,2646,1.6818037033081055
27460,2647,0.17119458317756653
27470,2648,0.22015860676765442
27480,2649,0.21911759674549103
27490,2650,0.18457724153995514
27500,2651,0.15904569625854492
27510,2652,0.1666373759508133
27520,2653,0.17352640628814697
27530,2654,0.13779450953006744
27540,2655,0.6552396416664124
27550,2656,0.15940332412719727
27560,2657,0.10371491312980652
27570,2658,0.16715052723884583
27580,2659,0.1509903520345688
27590,2660,0.152114138007164
27600,2661,0.13865232467651367
27610,2662,0.10734293609857559
27620,2663,0.17541128396987915
27630,2664,0.20922179520130157
27640,2665,0.22211256623268127
27650,2666,0.5681464076042175
27660,2667,0.1479358673095703
27670,2668,0.6499661803245544
27680,2669,0.1501803994178772
27690,2670,0.1358122080564499
27700,2671,0.6845076680183411
27710,2672,0.15541788935661316
27720,2673,0.3230859041213989
27730,2674,0.28604254126548767
27740,2675,3.28875470161438
27750,2676,0.15778671205043793
27760,2677,0.07374940812587738
27770,2678,0.18825341761112213
27780,2679,0.1170017272233963
27790,2680,0.12796369194984436
27800,2681,0.7553911805152893
27810,2682,0.08817588537931442
27820,2683,0.09203773736953735
27830,2684,0.6065597534179688
27840,2685,0.12540949881076813
27850,2686,0.6307388544082642
27860,2687,0.11904384195804596
27870,2688,0.15677538514137268
27880,2689,0.3368924558162689
27890,2690,0.6894460916519165
27900,2691,0.12668249011039734
27910,2692,0.2041529268026352
27920,2693,0.11956118047237396
27930,2694,0.13855843245983124
27940,2695,0.13594414293766022
27950,2696,0.07946063578128815
27960,2697,0.4558125436306
27970,2698,0.5655502676963806
27980,2699,0.1268056184053421
27990,2700,0.1259000152349472
28000,2701,0.19141726195812225
28010,2702,0.6682226657867432
28020,2703,0.48892658948898315
28030,2704,0.11751346290111542
28040,2705,0.9242506623268127
28050,2706,0.19294442236423492
28060,2707,0.37167227268218994
28070,2708,0.29223787784576416
28080,2709,1.188990831375122
28090,2710,0.14022794365882874
28100,2711,0.6479173898696899
28110,2712,0.28979215025901794
28120,2713,0.46227410435676575
28130,2714,0.33618709444999695
28140,2715,0.11794084310531616
28150,2716,0.09835772961378098
28160,2717,0.15673236548900604
28170,2718,0.194336399435997
28180,2719,0.3237813711166382
28190,2720,1.1567392349243164
28200,2721,0.11018737405538559
28210,2722,0.6766054034233093
28220,2723,0.19419705867767334
28230,2724,0.684040367603302
28240,2725,0.1737704575061798
28250,2726,0.5768227577209473
28260,2727,0.1319555640220642
28270,2728,0.1737920492887497
28280,2729,0.10195089131593704
28290,2730,0.2184406965970993
28300,2731,0.24350681900978088
28310,2732,0.6507800221443176
28320,2733,0.16304558515548706
28330,2734,0.09457366913557053
28340,2735,0.1405518800020218
28350,2736,0.1860131323337555
28360,2737,0.129765123128891
28370,2738,0.09392520785331726
28380,2739,0.06449413299560547
28390,2740,0.6291734576225281
28400,2741,0.11635006219148636
28410,2742,0.06538020819425583
28420,2743,0.8062747716903687
28430,2744,0.07618203014135361
28440,2745,0.4482818841934204
28450,2746,0.05504628270864487
28460,2747,0.375644326210022
28470,2748,0.09591666609048843
28480,2749,0.09268145263195038
28490,2750,0.07361949980258942
28500,2751,0.08770756423473358
28510,2752,0.13522127270698547
28520,2753,0.11870977282524109
28530,2754,0.1311194896697998
28540,2755,0.1230292022228241
28550,2756,0.09142547845840454
28560,2757,0.8035999536514282
28570,2758,0.09783652424812317
28580,2759,0.09084207564592361
28590,2760,0.12152351438999176
28600,2761,0.42738279700279236
28610,2762,0.07854398339986801
28620,2763,0.06560025364160538
28630,2764,0.0574163943529129
28640,2765,0.09000573307275772
28650,2766,0.5238687992095947
28660,2767,0.05716406926512718
28670,2768,0.11256581544876099
28680,2769,0.0995665192604065
28690,2770,0.09073688834905624
28700,2771,0.04237554594874382
28710,2772,1.038954257965088
28720,2773,0.06603465229272842
28730,2774,0.4012887179851532
28740,2775,0.06844071298837662
28750,2776,0.11502125859260559
28760,2777,0.11563854664564133
28770,2778,0.04974168911576271
28780,2779,0.5301382541656494
28790,2780,0.10105521231889725
28800,2781,0.06405619531869888
28810,2782,0.8994819521903992
28820,2783,0.12098757922649384
28830,2784,0.08043371140956879
28840,2785,0.08099411427974701
28850,2786,0.11496631801128387
28860,2787,0.07616108655929565
28870,2788,0.13942819833755493
28880,2789,0.7424426078796387
28890,2790,0.06415969133377075
28900,2791,0.28437283635139465
28910,2792,0.04908321052789688
28920,2793,0.05070023611187935
28930,2794,0.1405777633190155
28940,2795,0.383340984582901
28950,2796,0.04640326276421547
28960,2797,1.4168574810028076
28970,2798,0.07881106436252594
28980,2799,0.17807097733020782
28990,2800,0.19312793016433716
29000,2801,0.1506437063217163
29010,2802,0.9665204286575317
29020,2803,0.2516019344329834
29030,2804,0.8728238940238953
29040,2805,0.13696923851966858
29050,2806,0.3204856812953949
29060,2807,0.2036629468202591
29070,2808,0.17402383685112
29080,2809,0.110244520008564
29090,2810,0.2408851683139801
29100,2811,0.38489606976509094
29110,2812,0.24282491207122803
29120,2813,0.3009020686149597
29130,2814,0.238002747297287
29140,2815,0.07777184247970581
29150,2816,0.06585726141929626
29160,2817,0.09118519723415375
29170,2818,0.10399423539638519
29180,2819,0.13196760416030884
29190,2820,0.09955139458179474
29200,2821,0.1557062715291977
29210,2822,0.1379920393228531
29220,2823,0.17641618847846985
29230,2824,0.7249220013618469
29240,2825,0.14959576725959778
29250,2826,0.1737978756427765
29260,2827,0.05882630869746208
29270,2828,0.0646928995847702
29280,2829,0.804978609085083
29290,2830,0.4836013615131378
29300,2831,0.15237657725811005
29310,2832,0.3162713348865509
29320,2833,0.1924050748348236
29330,2834,0.12666867673397064
29340,2835,0.12463308870792389
29350,2836,0.07840081304311752
29360,2837,0.07497059553861618
29370,2838,0.05669534206390381
29380,2839,0.5615965723991394
29390,2840,0.25057485699653625
29400,2841,0.059426866471767426
29410,2842,0.07435032725334167
29420,2843,0.07399682700634003
29430,2844,0.05797579512000084
29440,2845,0.05370885506272316
29450,2846,0.44160422682762146
29460,2847,0.04685050994157791
29470,2848,0.21874520182609558
29480,2849,0.04956168681383133
29490,2850,0.030594108626246452
29500,2851,0.08712500333786011
29510,2852,0.08959406614303589
29520,2853,0.1051952987909317
29530,2854,0.47334152460098267
29540,2855,0.04073433578014374
29550,2856,0.061208222061395645
29560,2857,0.05647502467036247
29570,2858,0.10044296085834503
29580,2859,0.04704822972416878
29590,2860,0.07855404168367386
29600,2861,0.04432055354118347
29610,2862,0.053109150379896164
29620,2863,0.04874425381422043
29630,2864,0.9629970192909241
29640,2865,0.07363568991422653
29650,2866,0.12091436982154846
29660,2867,0.43098440766334534
29670,2868,0.046844981610774994
29680,2869,0.07836977392435074
29690,2870,0.0988539606332779
29700,2871,0.08502531051635742
29710,2872,0.25878918170928955
29720,2873,0.07808514684438705
29730,2874,0.08388423919677734
29740,2875,0.06286069005727768
29750,2876,0.05923357233405113
29760,2877,0.41562291979789734
29770,2878,0.049056366086006165
29780,2879,0.3882502019405365
29790,2880,0.09563858807086945
29800,2881,0.07677094638347626
29810,2882,0.4363115429878235
29820,2883,0.07232809066772461
29830,2884,0.05175907537341118
29840,2885,0.04174752160906792
29850,2886,0.05123058333992958
29860,2887,0.4487840533256531
29870,2888,0.04776572436094284
29880,2889,0.0284857377409935
29890,2890,0.08787521719932556
29900,2891,0.04842880740761757
29910,2892,0.07690539956092834
29920,2893,0.08186846971511841
29930,2894,0.5603376030921936
29940,2895,0.06691132485866547
29950,2896,0.07960742712020874
29960,2897,0.06245650351047516
29970,2898,0.40066832304000854
29980,2899,0.11771679669618607
29990,2900,0.3525860905647278
30000,2901,0.08058635145425797
30010,2902,0.689044177532196
30020,2903,0.3920828104019165
30030,2904,0.11544562876224518
30040,2905,0.06983116269111633
30050,2906,0.15805351734161377
30060,2907,0.33285829424858093
30070,2908,0.36165446043014526
30080,2909,0.18472418189048767
30090,2910,0.15571075677871704
30100,2911,0.12443564087152481
30110,2912,0.17053920030593872
30120,2913,0.17527805268764496
30130,2914,0.31550896167755127
30140,2915,0.16482333838939667
30150,2916,0.055320821702480316
30160,2917,0.501205563545227
30170,2918,0.3825976848602295
30180,2919,0.6913180351257324
30190,2920,0.38891640305519104
30200,2921,0.07720660418272018
30210,2922,0.18829816579818726
30220,2923,0.47367048263549805
30230,2924,0.16916154325008392
30240,2925,0.1500912606716156
30250,2926,0.09209484606981277
30260,2927,0.3788256049156189
30270,2928,0.08755122125148773
30280,2929,0.32695239782333374
30290,2930,0.04769739508628845
30300,2931,26.44099235534668
30310,2932,0.11759711056947708
30320,2933,0.49133938550949097
30330,2934,0.2215748131275177
30340,2935,0.25970056653022766
30350,2936,0.40861332416534424
30360,2937,0.13938963413238525
30370,2938,0.28801506757736206
30380,2939,0.21168264746665955
30390,2940,0.18697771430015564
30400,2941,0.3872202932834625
30410,2942,0.3090370297431946
30420,2943,0.04860524460673332
30430,2944,0.17498987913131714
30440,2945,0.141988143324852
30450,2946,0.5445983409881592
30460,2947,0.1898384392261505
30470,2948,0.16618558764457703
30480,2949,0.3589199185371399
30490,2950,0.7451187372207642
30500,2951,0.17288291454315186
30510,2952,0.0912616178393364
30520,2953,0.05873969942331314
30530,2954,0.05250388756394386
30540,2955,0.1062762439250946
30550,2956,0.30956020951271057
30560,2957,0.03672394901514053
30570,2958,0.09299609065055847
30580,2959,0.348641037940979
30590,2960,0.0780014768242836
30600,2961,0.7508363723754883
30610,2962,0.11870808899402618
30620,2963,0.11430403590202332
30630,2964,0.26484477519989014
30640,2965,0.05834204703569412
30650,2966,0.09279411286115646
30660,2967,0.13898128271102905
30670,2968,0.26874956488609314
30680,2969,0.2776661515235901
30690,2970,0.09306453168392181
30700,2971,0.3673711121082306
30710,2972,0.12230531126260757
30720,2973,0.0790533721446991
30730,2974,0.2940921485424042
30740,2975,0.08118019253015518
30750,2976,0.08734124153852463
30760,2977,0.3156582713127136
30770,2978,0.07539540529251099
30780,2979,0.19126355648040771
30790,2980,0.24481813609600067
30800,2981,0.06859022378921509
30810,2982,0.10673769563436508
30820,2983,0.08389732241630554
30830,2984,0.14843957126140594
30840,2985,0.073963463306427
30850,2986,0.11560793966054916
30860,2987,0.5541518330574036
30870,2988,0.11917026340961456
30880,2989,0.6117051243782043
30890,2990,0.11977523565292358
30900,2991,0.2202710062265396
30910,2992,0.11592055857181549
30920,2993,0.8328762054443359
30930,2994,0.1797194629907608
30940,2995,0.5629115104675293
30950,2996,0.2805687487125397
30960,2997,0.056623365730047226
30970,2998,0.09365692734718323
30980,2999,0.3054478168487549
30990,3000,0.24990519881248474
31000,3001,0.1246582418680191
31010,3002,0.6319372653961182
31020,3003,0.38743025064468384
31030,3004,0.08069895207881927
31040,3005,26.258026123046875
31050,3006,0.3337768614292145
31060,3007,0.2672165334224701
31070,3008,0.640643835067749
31080,3009,0.12319362163543701
31090,3010,0.14715656638145447
31100,3011,0.5198402404785156
31110,3012,0.5143177509307861
31120,3013,0.18507874011993408
31130,3014,0.724500298500061
31140,3015,0.5671665668487549
31150,3016,0.5025986433029175
31160,3017,0.2930282950401306
31170,3018,1.1390960216522217
31180,3019,0.42417770624160767
31190,3020,0.6634541749954224
31200,3021,20.542898178100586
31210,3022,0.4634970724582672
31220,3023,0.7646552324295044
31230,3024,0.31785181164741516
31240,3025,1.301763892173767
31250,3026,0.6943445205688477
31260,3027,0.3046037554740906
31270,3028,1.3609486818313599
31280,3029,1.0824707746505737
31290,3030,1.105561375617981
31300,3031,0.5126245617866516
31310,3032,0.23170702159404755
31320,3033,0.2114577740430832
31330,3034,0.18392643332481384
31340,3035,0.5505208373069763
31350,3036,0.10849618911743164
31360,3037,0.20221227407455444
31370,3038,0.3403823971748352
31380,3039,0.0938454419374466
31390,3040,0.14766262471675873
31400,3041,0.06835229694843292
31410,3042,0.06621790677309036
31420,3043,0.07196750491857529
31430,3044,0.06077130138874054
31440,3045,0.0658542588353157
31450,3046,0.09402305632829666
31460,3047,0.1356133669614792
31470,3048,0.11230352520942688
31480,3049,0.14810968935489655
31490,3050,0.377475768327713
31500,3051,0.16565585136413574
31510,3052,0.07941874116659164
31520,3053,0.30897238850593567
31530,3054,0.10995267331600189
31540,3055,0.4824638068675995
31550,3056,0.318138062953949
31560,3057,0.1990220546722412
31570,3058,0.11894933134317398
31580,3059,0.1040315330028534
31590,3060,0.15131933987140656
31600,3061,0.09209173172712326
31610,3062,0.18080757558345795
31620,3063,0.05493884161114693
31630,3064,0.06463600695133209
31640,3065,0.0874716192483902
31650,3066,0.048902325332164764
31660,3067,0.06900214403867722
31670,3068,0.0910775288939476
31680,3069,0.055242009460926056
31690,3070,0.09872151911258698
31700,3071,0.11605052649974823
31710,3072,0.06857986003160477
31720,3073,0.04354193061590195
31730,3074,0.08686867356300354
31740,3075,0.5915780067443848
31750,3076,0.06735409051179886
31760,3077,0.3092842996120453
31770,3078,0.18167516589164734
31780,3079,0.18980033695697784
31790,3080,0.16538870334625244
31800,3081,0.05307278037071228
31810,3082,0.11087197065353394
31820,3083,0.07401207834482193
31830,3084,0.056527040898799896
31840,3085,0.05481346696615219
31850,3086,0.06835043430328369
31860,3087,0.03736251965165138
31870,3088,0.08476118743419647
31880,3089,0.23637263476848602
31890,3090,0.07175362855195999
31900,3091,0.0632929652929306
31910,3092,0.060530610382556915
31920,3093,0.47578197717666626
31930,3094,0.057174764573574066
31940,3095,0.03586413711309433
31950,3096,0.05123111605644226
31960,3097,0.041927676647901535
31970,3098,0.07198026031255722
31980,3099,0.04869307950139046
31990,3100,0.052244238555431366
32000,3101,0.2656387686729431
32010,3102,0.6088755130767822
32020,3103,0.39792558550834656
32030,3104,0.2180357277393341
32040,3105,0.06872110813856125
32050,3106,0.18457789719104767
32060,3107,1.331040859222412
32070,3108,0.21133308112621307
32080,3109,0.12418342381715775
32090,3110,0.6279650330543518
32100,3111,0.34918442368507385
32110,3112,0.2626250386238098
32120,3113,0.370312362909317
32130,3114,0.1242879182100296
32140,3115,0.13389036059379578
32150,3116,0.18144866824150085
32160,3117,0.11910448968410492
32170,3118,0.2222738116979599
32180,3119,0.23232924938201904
32190,3120,0.1429923176765442
32200,3121,0.06904321908950806
32210,3122,0.1003948450088501
32220,3123,0.16263727843761444
32230,3124,0.34399670362472534
32240,3125,0.08420973271131516
32250,3126,0.09099400043487549
32260,3127,0.0810961127281189
32270,3128,0.08533333241939545
32280,3129,0.12488621473312378
32290,3130,0.1364174485206604
32300,3131,0.06985141336917877
32310,3132,0.04970276728272438
32320,3133,0.08714519441127777
32330,3134,0.06310301274061203
32340,3135,0.08379574865102768
32350,3136,0.13547872006893158
32360,3137,0.054808299988508224
32370,3138,0.06888282299041748
32380,3139,0.4752819836139679
32390,3140,0.028773752972483635
32400,3141,0.04920089989900589
32410,3142,0.22210541367530823
32420,3143,0.03517724573612213
32430,3144,0.040066108107566833
32440,3145,0.09955411404371262
32450,3146,0.04809199273586273
32460,3147,0.05217888951301575
32470,3148,0.029619310051202774
32480,3149,0.0634613037109375
32490,3150,0.0586954690515995
32500,3151,0.05109802633523941
32510,3152,0.043088339269161224
32520,3153,0.20857763290405273
32530,3154,0.06798982620239258
32540,3155,0.3752498924732208
32550,3156,0.24444757401943207
32560,3157,0.10391946136951447
32570,3158,0.12321393191814423
32580,3159,0.42722630500793457
32590,3160,0.05568651482462883
32600,3161,0.06673876941204071
32610,3162,0.4255625605583191
32620,3163,0.03659534826874733
32630,3164,0.1290716826915741
32640,3165,0.049449022859334946
32650,3166,0.03933738172054291
32660,3167,0.07784954458475113
32670,3168,0.05953993275761604
32680,3169,0.07527047395706177
32690,3170,0.07285931706428528
32700,3171,0.07047754526138306
32710,3172,0.046107131987810135
32720,3173,23.762243270874023
32730,3174,0.11394525319337845
32740,3175,0.2264074832201004
32750,3176,0.23568716645240784
32760,3177,0.5253831744194031
32770,3178,0.43080848455429077
32780,3179,0.4133895933628082
32790,3180,0.08348952978849411
32800,3181,0.423088014125824
32810,3182,0.21026083827018738
32820,3183,0.2940616309642792
32830,3184,0.207403302192688
32840,3185,0.2552698254585266
32850,3186,0.4297640919685364
32860,3187,0.3698379695415497
32870,3188,0.2972499132156372
32880,3189,0.08298172056674957
32890,3190,0.06678932905197144
32900,3191,0.045530401170253754
32910,3192,0.333672434091568
32920,3193,0.384294718503952
32930,3194,0.36187976598739624
32940,3195,0.10423237830400467
32950,3196,0.6236358284950256
32960,3197,0.03972608596086502
32970,3198,0.06062424182891846
32980,3199,0.15255595743656158
32990,3200,0.061225950717926025
33000,3201,0.15899164974689484
33010,3202,0.4353594183921814
33020,3203,0.6891040802001953
33030,3204,0.5241091251373291
33040,3205,0.0739484429359436
33050,3206,0.08604805916547775
33060,3207,0.16405032575130463
33070,3208,0.19777946174144745
33080,3209,0.4509948492050171
33090,3210,0.15207549929618835
33100,3211,0.24652011692523956
33110,3212,0.15979696810245514
33120,3213,0.38489440083503723
33130,3214,0.19228702783584595
33140,3215,0.1860702931880951
33150,3216,0.04575221985578537
33160,3217,0.04983916133642197
33170,3218,0.07835395634174347
33180,3219,0.3122481405735016
33190,3220,0.06913648545742035
33200,3221,0.06403569132089615
33210,3222,0.057726774364709854
33220,3223,0.04628831148147583
33230,3224,0.06610267609357834
33240,3225,0.03562484681606293
33250,3226,0.03577046096324921
33260,3227,0.08377203345298767
33270,3228,0.0632115826010704
33280,3229,0.21304601430892944
33290,3230,0.05218428745865822
33300,3231,0.06667692959308624
33310,3232,0.05348919704556465
33320,3233,0.07660476118326187
33330,3234,0.03604612499475479
33340,3235,0.04199369624257088
33350,3236,27.397741317749023
33360,3237,0.1614033579826355
33370,3238,0.4110768735408783
33380,3239,0.26571276783943176
33390,3240,0.43660420179367065
33400,3241,0.31052058935165405
33410,3242,0.38808733224868774
33420,3243,0.1498827338218689
33430,3244,0.11766153573989868
33440,3245,0.23443225026130676
33450,3246,0.45143255591392517
33460,3247,0.26612305641174316
33470,3248,0.3199082016944885
33480,3249,0.35285305976867676
33490,3250,0.3107764422893524
33500,3251,0.5684797763824463
33510,3252,0.18175727128982544
33520,3253,0.7378957271575928
33530,3254,0.91020268201828
33540,3255,0.19656121730804443
33550,3256,0.16399596631526947
33560,3257,0.09609872847795486
33570,3258,0.09337388724088669
33580,3259,0.4901529550552368
33590,3260,0.03797244653105736
33600,3261,0.11776435375213623
33610,3262,0.16404509544372559
33620,3263,0.1524585485458374
33630,3264,0.19939574599266052
33640,3265,0.23945234715938568
33650,3266,0.10542174428701401
33660,3267,0.10132811963558197
33670,3268,0.30006763339042664
33680,3269,0.39741256833076477
33690,3270,0.08242972940206528
33700,3271,0.08328390121459961
33710,3272,0.11539877951145172
33720,3273,0.1429799348115921
33730,3274,0.09300866723060608
33740,3275,0.06697767972946167
33750,3276,0.06024165824055672
33760,3277,0.07169532775878906
33770,3278,0.12094321846961975
33780,3279,0.09887446463108063
33790,3280,0.04934050515294075
33800,3281,0.03654880076646805
33810,3282,0.049787942320108414
33820,3283,0.09462146461009979
33830,3284,0.11170981079339981
33840,3285,0.03676869720220566
33850,3286,0.10978856682777405
33860,3287,0.05825930833816528
33870,3288,0.06445188820362091
33880,3289,0.06753864884376526
33890,3290,0.04504980519413948
33900,3291,0.06425382941961288
33910,3292,0.05979551002383232
33920,3293,0.0994298979640007
33930,3294,0.09339401125907898
33940,3295,0.30841079354286194
33950,3296,0.1473778784275055
33960,3297,0.11441730707883835
33970,3298,0.031701937317848206
33980,3299,0.04487336426973343
33990,3300,0.06279215216636658
34000,3301,0.035856932401657104
34010,3302,0.7506445646286011
34020,3303,0.3645118772983551
34030,3304,0.1586245745420456
34040,3305,0.3615555763244629
34050,3306,0.1536005586385727
34060,3307,0.18835411965847015
34070,3308,0.1603507697582245
34080,3309,0.169450044631958
34090,3310,0.11150304228067398
34100,3311,0.15645411610603333
34110,3312,0.2590464651584625
34120,3313,0.16147106885910034
34130,3314,0.1109590083360672
34140,3315,0.08395197242498398
34150,3316,0.04191320389509201
34160,3317,0.08968605846166611
34170,3318,0.1036292240023613
34180,3319,0.04471719637513161
34190,3320,0.3883189558982849
34200,3321,0.062493957579135895
34210,3322,0.21361307799816132
34220,3323,0.13353779911994934
34230,3324,0.17511895298957825
34240,3325,0.14374998211860657
34250,3326,0.14107921719551086
34260,3327,0.05682293325662613
34270,3328,0.06078465282917023
34280,3329,0.07571110874414444
34290,3330,0.06512341648340225
34300,3331,0.1274396926164627
34310,3332,0.06086711958050728
34320,3333,0.06732579320669174
34330,3334,0.13568449020385742
34340,3335,0.1130509227514267
34350,3336,0.06344921141862869
34360,3337,0.055957622826099396
34370,3338,0.03645908460021019
34380,3339,0.04965219274163246
34390,3340,0.047148361802101135
34400,3341,0.05424758791923523
34410,3342,0.04774142801761627
34420,3343,0.062230128794908524
34430,3344,0.023292403668165207
34440,3345,0.05055689066648483
34450,3346,0.03916102647781372
34460,3347,0.03563759848475456
34470,3348,0.03887974098324776
34480,3349,0.040773406624794006
34490,3350,0.019226236268877983
34500,3351,0.26048991084098816
34510,3352,0.08915393799543381
34520,3353,0.03499050810933113
34530,3354,0.14484186470508575
34540,3355,0.07189801335334778
34550,3356,0.04437745362520218
34560,3357,0.04490095004439354
34570,3358,0.03394788131117821
34580,3359,0.036678023636341095
34590,3360,0.0718771442770958
34600,3361,0.03333579748868942
34610,3362,0.03723492473363876
34620,3363,0.025857163593173027
34630,3364,0.03364269807934761
34640,3365,0.045811694115400314
34650,3366,0.04611179977655411
34660,3367,0.19892022013664246
34670,3368,0.29346007108688354
34680,3369,0.03933531045913696
34690,3370,0.06465346366167068
34700,3371,0.03547351807355881
34710,3372,0.041434261947870255
34720,3373,0.06015036255121231
34730,3374,0.03526979684829712
34740,3375,0.04392208904027939
34750,3376,0.03336051106452942
34760,3377,0.03563251718878746
34770,3378,0.04055112227797508
34780,3379,0.03845962509512901
34790,3380,0.05115506798028946
34800,3381,0.031945738941431046
34810,3382,0.03576473891735077
34820,3383,0.05236102640628815
34830,3384,0.035052232444286346
34840,3385,0.027800731360912323
34850,3386,0.026587005704641342
34860,3387,0.039225950837135315
34870,3388,0.3097110390663147
34880,3389,0.035074904561042786
34890,3390,0.06103360652923584
34900,3391,0.05341830849647522
34910,3392,0.04641158506274223
34920,3393,0.04036417603492737
34930,3394,0.07555214315652847
34940,3395,26.858280181884766
34950,3396,0.05828554928302765
34960,3397,0.20220574736595154
34970,3398,0.21835467219352722
34980,3399,0.20971669256687164
34990,3400,0.393937349319458
35000,3401,0.2369963377714157
35010,3402,0.44097989797592163
35020,3403,0.21310211718082428
35030,3404,0.3192511796951294
35040,3405,0.1876983493566513
35050,3406,0.40430110692977905
35060,3407,0.4238421320915222
35070,3408,0.2661970257759094
35080,3409,0.29119420051574707
35090,3410,0.15994372963905334
35100,3411,0.3780907094478607
35110,3412,0.39811208844184875
35120,3413,0.20020851492881775
35130,3414,0.1347062587738037
35140,3415,0.4360806345939636
35150,3416,0.32548055052757263
35160,3417,0.20224343240261078
35170,3418,0.4351525902748108
35180,3419,0.07449381798505783
35190,3420,0.03857272118330002
35200,3421,0.09837256371974945
35210,3422,0.13635976612567902
35220,3423,0.13088394701480865
35230,3424,0.33389538526535034
35240,3425,0.20289163291454315
35250,3426,0.3131457269191742
35260,3427,0.09307777136564255
35270,3428,0.17824088037014008
35280,3429,16.757244110107422
35290,3430,0.07481512427330017
35300,3431,0.18236570060253143
35310,3432,0.19955316185951233
35320,3433,0.25359153747558594
35330,3434,0.5068649053573608
35340,3435,0.07955294847488403
35350,3436,0.109394870698452
35360,3437,0.10770977288484573
35370,3438,0.6391215920448303
35380,3439,0.0915333479642868
35390,3440,0.15157178044319153
35400,3441,0.7863486409187317
35410,3442,0.10948757082223892
35420,3443,0.17437905073165894
35430,3444,0.13568127155303955
35440,3445,0.1688934713602066
35450,3446,0.16335941851139069
35460,3447,0.21420693397521973
35470,3448,0.15877917408943176
35480,3449,0.21362319588661194
35490,3450,0.0992419421672821
35500,3451,0.09936510771512985
35510,3452,0.2130335569381714
35520,3453,0.15828867256641388
35530,3454,0.1637665182352066
35540,3455,0.39669355750083923
35550,3456,0.07000944018363953
35560,3457,0.07877500355243683
35570,3458,0.05994299799203873
35580,3459,0.5485771298408508
35590,3460,0.07400796562433243
35600,3461,0.11623778939247131
35610,3462,0.2591165006160736
35620,3463,0.3874063789844513
35630,3464,0.11102554947137833
35640,3465,0.09118890017271042
35650,3466,0.09437695890665054
35660,3467,0.08908817172050476
35670,3468,0.0750182494521141
35680,3469,0.048728104680776596
35690,3470,0.30491283535957336
35700,3471,0.30537983775138855
35710,3472,0.09135699272155762
35720,3473,0.08621381223201752
35730,3474,0.27568888664245605
35740,3475,0.6839423179626465
35750,3476,0.2491317093372345
35760,3477,0.064664825797081
35770,3478,0.08252640813589096
35780,3479,0.1420482099056244
35790,3480,0.295428991317749
35800,3481,0.3503565788269043
35810,3482,0.18287165462970734
35820,3483,0.12681081891059875
35830,3484,0.13634371757507324
35840,3485,0.07671664655208588
35850,3486,0.06335438787937164
35860,3487,0.05983404070138931
35870,3488,0.08937311172485352
35880,3489,0.08247638493776321
35890,3490,0.08982054889202118
35900,3491,0.07439772039651871
35910,3492,0.3908384442329407
35920,3493,0.2723991274833679
35930,3494,0.26090824604034424
35940,3495,0.07698603719472885
35950,3496,0.07090362161397934
35960,3497,0.1498153954744339
35970,3498,0.15893951058387756
35980,3499,0.09730885177850723
35990,3500,0.1857054978609085
36000,3501,0.05740931257605553
36010,3502,0.5713710188865662
36020,3503,0.5295128226280212
36030,3504,0.7249096632003784
36040,3505,1.1890923976898193
36050,3506,0.1798449009656906
36060,3507,0.3331814408302307
36070,3508,0.1205960363149643
36080,3509,0.3380710482597351
36090,3510,0.3202512562274933
36100,3511,0.2018396556377411
36110,3512,0.40907832980155945
36120,3513,0.28309425711631775
36130,3514,0.08250382542610168
36140,3515,0.10667965561151505
36150,3516,0.09522265940904617
36160,3517,0.3948705196380615
36170,3518,0.11747154593467712
36180,3519,0.4655766487121582
36190,3520,0.07469090074300766
36200,3521,0.1230238825082779
36210,3522,0.12067544460296631
36220,3523,0.34371668100357056
36230,3524,0.2003099024295807
36240,3525,0.047653865069150925
36250,3526,0.06184191629290581
36260,3527,0.2811867594718933
36270,3528,0.19374080002307892
36280,3529,0.25050488114356995
36290,3530,0.06011252850294113
36300,3531,0.12844744324684143
36310,3532,0.09404250979423523
36320,3533,0.06335745006799698
36330,3534,0.1795870065689087
36340,3535,0.158924400806427
36350,3536,0.08148819208145142
36360,3537,0.036438845098018646
36370,3538,0.05901436135172844
36380,3539,0.030284836888313293
36390,3540,0.06148441880941391
36400,3541,0.03963467478752136
36410,3542,0.04592841491103172
36420,3543,0.09937462955713272
36430,3544,0.07599202543497086
36440,3545,0.18007594347000122
36450,3546,0.0584929920732975
36460,3547,0.05864077806472778
36470,3548,0.15148136019706726
36480,3549,0.030470101162791252
36490,3550,0.15804579854011536
36500,3551,0.07183536887168884
36510,3552,0.14261388778686523
36520,3553,0.05216433107852936
36530,3554,0.05359576269984245
36540,3555,0.07509876787662506
36550,3556,0.36082497239112854
36560,3557,0.14586959779262543
36570,3558,0.06214610114693642
36580,3559,0.09150433540344238
36590,3560,0.06744750589132309
36600,3561,0.11501747369766235
36610,3562,0.05963712930679321
36620,3563,0.04047323763370514
36630,3564,16.781217575073242
36640,3565,0.08116715401411057
36650,3566,0.14633984863758087
36660,3567,0.17898735404014587
36670,3568,0.5591697096824646
36680,3569,0.12994040548801422
36690,3570,0.3289318382740021
36700,3571,0.3496740162372589
36710,3572,0.14849808812141418
36720,3573,0.09924540668725967
36730,3574,0.11945883184671402
36740,3575,0.11331448704004288
36750,3576,0.1061890572309494
36760,3577,0.460445374250412
36770,3578,0.1049124151468277
36780,3579,0.2591990828514099
36790,3580,0.22386756539344788
36800,3581,0.3469926714897156
36810,3582,0.26610860228538513
36820,3583,0.15601950883865356
36830,3584,21.645557403564453
36840,3585,0.10782992839813232
36850,3586,0.08373618125915527
36860,3587,0.40259575843811035
36870,3588,0.5771573781967163
36880,3589,0.6299941539764404
36890,3590,0.4482191205024719
36900,3591,0.2412291169166565
36910,3592,0.31951847672462463
36920,3593,0.06733818352222443
36930,3594,0.12469563633203506
36940,3595,0.37281158566474915
36950,3596,0.1890489161014557
36960,3597,0.3410787880420685
36970,3598,0.5811187028884888
36980,3599,0.3036265969276428
36990,3600,0.13942086696624756
37000,3601,0.06713303923606873
37010,3602,0.5197346806526184
37020,3603,0.37605494260787964
37030,3604,0.27757683396339417
37040,3605,0.15296627581119537
37050,3606,0.812917947769165
37060,3607,0.1849963665008545
37070,3608,0.06507997959852219
37080,3609,0.14530938863754272
37090,3610,0.148395374417305
37100,3611,0.4018048942089081
37110,3612,0.19742538034915924
37120,3613,0.20718030631542206
37130,3614,0.29176777601242065
37140,3615,0.3660638928413391
37150,3616,0.09127214550971985
37160,3617,0.1724667251110077
37170,3618,0.20926885306835175
37180,3619,0.25186291337013245
37190,3620,0.13269701600074768
37200,3621,0.11930974572896957
37210,3622,0.0637616366147995
37220,3623,0.049845218658447266
37230,3624,0.049984220415353775
37240,3625,0.08833318948745728
37250,3626,0.10086506605148315
37260,3627,0.10304438322782516
37270,3628,0.07192745804786682
37280,3629,0.06258554756641388
37290,3630,0.09627893567085266
37300,3631,0.09077981859445572
37310,3632,0.08564557135105133
37320,3633,0.10694201290607452
37330,3634,0.09217426180839539
37340,3635,0.05756523832678795
37350,3636,0.07898176461458206
37360,3637,0.11539529263973236
37370,3638,0.060148920863866806
37380,3639,0.03969821333885193
37390,3640,0.05682765692472458
37400,3641,0.07148680835962296
37410,3642,0.05960474908351898
37420,3643,0.046279601752758026
37430,3644,0.05173395574092865
37440,3645,0.06558562815189362
37450,3646,0.05011332035064697
37460,3647,0.047744687646627426
37470,3648,0.06557194143533707
37480,3649,0.1219109445810318
37490,3650,0.041881248354911804
37500,3651,0.041170790791511536
37510,3652,0.082573302090168
37520,3653,0.051815424114465714
37530,3654,0.0517314113676548
37540,3655,0.05889086425304413
37550,3656,0.06537479907274246
37560,3657,0.06150823086500168
37570,3658,0.05555910989642143
37580,3659,0.03904090076684952
37590,3660,0.06381518393754959
37600,3661,0.07511894404888153
37610,3662,0.05039715766906738
37620,3663,0.048034653067588806
37630,3664,0.055845655500888824
37640,3665,0.03752025589346886
37650,3666,0.06043349206447601
37660,3667,0.055829256772994995
37670,3668,0.03222464770078659
37680,3669,0.22098514437675476
37690,3670,0.055141374468803406
37700,3671,0.03591449558734894
37710,3672,0.04618928208947182
37720,3673,0.04317749664187431
37730,3674,0.037782344967126846
37740,3675,0.024084709584712982
37750,3676,0.053911805152893066
37760,3677,0.031540680676698685
37770,3678,0.03261369466781616
37780,3679,0.04618144780397415
37790,3680,0.04702534154057503
37800,3681,0.06456543505191803
37810,3682,0.11519666761159897
37820,3683,0.059929657727479935
37830,3684,0.046251751482486725
37840,3685,0.046809665858745575
37850,3686,15.624879837036133
37860,3687,0.08722355216741562
37870,3688,0.0939474105834961
37880,3689,0.30370792746543884
37890,3690,0.12451697885990143
37900,3691,0.363584041595459
37910,3692,0.48245230317115784
37920,3693,0.3947727084159851
37930,3694,0.13199932873249054
37940,3695,0.29971009492874146
37950,3696,0.17333698272705078
37960,3697,0.14580366015434265
37970,3698,0.2369467318058014
37980,3699,11.539437294006348
37990,3700,0.12633973360061646
38000,3701,0.08292435109615326
38010,3702,0.5880861282348633
38020,3703,0.44399964809417725
38030,3704,0.2454642355442047
38040,3705,0.3311593234539032
38050,3706,0.2511370778083801
38060,3707,0.2786239683628082
38070,3708,0.20746126770973206
38080,3709,0.1616586446762085
38090,3710,0.1901366412639618
38100,3711,0.3800017833709717
38110,3712,0.44897404313087463
38120,3713,0.1735258847475052
38130,3714,0.17140425741672516
38140,3715,0.10639265924692154
38150,3716,0.15986368060112
38160,3717,0.15237390995025635
38170,3718,0.39242634177207947
38180,3719,0.15367025136947632
38190,3720,0.1542433649301529
38200,3721,0.14593800902366638
38210,3722,0.18738234043121338
38220,3723,0.12948352098464966
38230,3724,0.09603722393512726
38240,3725,0.05560799315571785
38250,3726,0.10215485095977783
38260,3727,0.09545968472957611
38270,3728,0.06006501987576485
38280,3729,0.06970836967229843
38290,3730,0.06424976885318756
38300,3731,0.049538396298885345
38310,3732,0.17591330409049988
38320,3733,0.06687995791435242
38330,3734,0.047572482377290726
38340,3735,0.07608960568904877
38350,3736,0.06790861487388611
38360,3737,0.04065397381782532
38370,3738,0.04900228977203369
38380,3739,0.045814841985702515
38390,3740,0.04986398294568062
38400,3741,0.08432231098413467
38410,3742,0.09182318300008774
38420,3743,0.13933733105659485
38430,3744,0.05506505072116852
38440,3745,0.05393682047724724
38450,3746,0.06237531453371048
38460,3747,0.0654391497373581
38470,3748,0.1277530938386917
38480,3749,0.04015418887138367
38490,3750,0.054407235234975815
38500,3751,0.12429487705230713
38510,3752,0.062051355838775635
38520,3753,0.045794710516929626
38530,3754,0.0708760991692543
38540,3755,0.045266322791576385
38550,3756,0.08859662711620331
38560,3757,0.08606208115816116
38570,3758,0.04393691569566727
38580,3759,0.060313671827316284
38590,3760,0.05577285215258598
38600,3761,0.05638258904218674
38610,3762,0.07009873539209366
38620,3763,0.05092783272266388
38630,3764,0.039242010563611984
38640,3765,0.055438775569200516
38650,3766,0.04887408763170242
38660,3767,0.04376818612217903
38670,3768,0.058851391077041626
38680,3769,0.053450021892786026
38690,3770,0.061934538185596466
38700,3771,0.028269454836845398
38710,3772,0.04413720220327377
38720,3773,0.03706491366028786
38730,3774,0.06365439295768738
38740,3775,0.0461188405752182
38750,3776,0.052458684891462326
38760,3777,0.07723967730998993
38770,3778,0.05567605420947075
38780,3779,0.059222154319286346
38790,3780,0.04152320697903633
38800,3781,0.07170695066452026
38810,3782,0.05761229246854782
38820,3783,0.1195710077881813
38830,3784,0.06109496206045151
38840,3785,0.06061650812625885
38850,3786,0.06484047323465347
38860,3787,0.031421128660440445
38870,3788,0.07745006680488586
38880,3789,0.03533234819769859
38890,3790,0.03409498184919357
38900,3791,0.04124193266034126
38910,3792,0.061497412621974945
38920,3793,0.055091071873903275
38930,3794,0.033768586814403534
38940,3795,0.07811859250068665
38950,3796,0.09177248924970627
38960,3797,0.0319758802652359
38970,3798,0.04145549610257149
38980,3799,0.049168288707733154
38990,3800,0.1303301602602005
39000,3801,0.07011757791042328
39010,3802,0.5442084670066833
39020,3803,0.22363673150539398
39030,3804,0.11366938054561615
39040,3805,0.1549050509929657
39050,3806,0.15931041538715363
39060,3807,0.2690059244632721
39070,3808,0.1241498738527298
39080,3809,0.09369106590747833
39090,3810,0.24484719336032867
39100,3811,10.728273391723633
39110,3812,0.1377326250076294
39120,3813,0.1905258297920227
39130,3814,0.06208633631467819
39140,3815,0.5649116635322571
39150,3816,0.2966609001159668
39160,3817,0.22076746821403503
39170,3818,0.25658464431762695
39180,3819,0.4289793372154236
39190,3820,0.04829477146267891
39200,3821,0.10436268150806427
39210,3822,0.15348826348781586
39220,3823,0.15939122438430786
39230,3824,0.07008552551269531
39240,3825,0.04568115994334221
39250,3826,0.05481278896331787
39260,3827,0.08831502497196198
39270,3828,0.05248737335205078
39280,3829,0.04949823394417763
39290,3830,0.03116708993911743
39300,3831,0.052211031317710876
39310,3832,0.07676845788955688
39320,3833,0.08124449104070663
39330,3834,0.08762185275554657
39340,3835,0.03307952359318733
39350,3836,0.04128037393093109
39360,3837,0.052890777587890625
39370,3838,0.04075010120868683
39380,3839,0.03293565660715103
39390,3840,0.08068539947271347
39400,3841,0.048119377344846725
39410,3842,0.07813425362110138
39420,3843,0.06643412262201309
39430,3844,0.046809691935777664
39440,3845,0.061569370329380035
39450,3846,0.04086722061038017
39460,3847,0.06688639521598816
39470,3848,0.045045964419841766
39480,3849,0.08995930850505829
39490,3850,0.050045326352119446
39500,3851,0.04408889263868332
39510,3852,0.05811284855008125
39520,3853,0.019123747944831848
39530,3854,0.0793686956167221
39540,3855,0.04327123984694481
39550,3856,0.042266156524419785
39560,3857,0.021564513444900513
39570,3858,0.07891332358121872
39580,3859,0.03550978749990463
39590,3860,0.035617195069789886
39600,3861,0.02901308424770832
39610,3862,0.033764924854040146
39620,3863,0.03740417957305908
39630,3864,0.02257446199655533
39640,3865,0.02118077501654625
39650,3866,0.038794320076704025
39660,3867,0.02340972237288952
39670,3868,0.023776061832904816
39680,3869,0.026090728119015694
39690,3870,0.034204937517642975
39700,3871,0.03307477384805679
39710,3872,0.08669646084308624
39720,3873,0.020057735964655876
39730,3874,0.02351449988782406
39740,3875,0.03565056994557381
39750,3876,0.040114469826221466
39760,3877,0.030574981123209
39770,3878,0.06389030814170837
39780,3879,0.023599985986948013
39790,3880,0.03565094992518425
39800,3881,0.08978728950023651
39810,3882,0.028884410858154297
39820,3883,0.056534379720687866
39830,3884,0.02694941684603691
39840,3885,0.023125384002923965
39850,3886,0.015004863031208515
39860,3887,0.03582020103931427
39870,3888,0.021520597860217094
39880,3889,0.14323800802230835
39890,3890,0.04675610736012459
39900,3891,0.0916207879781723
39910,3892,0.029301609843969345
39920,3893,0.0762685090303421
39930,3894,0.04019247367978096
39940,3895,0.04745258390903473
39950,3896,0.07068149000406265
39960,3897,0.03710068389773369
39970,3898,0.04094095528125763
39980,3899,0.05863245576620102
39990,3900,0.020952533930540085
40000,3901,0.022331636399030685
40010,3902,0.552950918674469
40020,3903,0.309354692697525
40030,3904,0.12203818559646606
40040,3905,0.20661620795726776
40050,3906,0.14817602932453156
40060,3907,0.21042917668819427
40070,3908,0.14604173600673676
40080,3909,0.08568979799747467
40090,3910,0.13300694525241852
40100,3911,0.22979013621807098
40110,3912,0.4684903025627136
40120,3913,0.1980568915605545
40130,3914,0.06723235547542572
40140,3915,0.09723428636789322
40150,3916,0.21230900287628174
40160,3917,0.1501701921224594
40170,3918,0.18957221508026123
40180,3919,0.14940336346626282
40190,3920,0.16352303326129913
40200,3921,0.1682589054107666
40210,3922,0.12464305758476257
40220,3923,0.05974036455154419
40230,3924,0.035539571195840836
40240,3925,0.05815942585468292
40250,3926,0.10286210477352142
40260,3927,0.10083907842636108
40270,3928,0.12558609247207642
40280,3929,0.0874117761850357
40290,3930,0.04279325157403946
40300,3931,0.0863373801112175
40310,3932,0.049018315970897675
40320,3933,0.15401361882686615
40330,3934,0.048328325152397156
40340,3935,0.05163960158824921
40350,3936,0.04690806195139885
40360,3937,0.06683680415153503
40370,3938,0.06253731995820999
40380,3939,0.06339617073535919
40390,3940,0.028514616191387177
40400,3941,0.04374366253614426
40410,3942,0.04340490698814392
40420,3943,0.05537550151348114
40430,3944,0.10767021775245667
40440,3945,0.033658672124147415
40450,3946,0.0325046144425869
40460,3947,0.03536279872059822
40470,3948,0.03927735611796379
40480,3949,0.06776156276464462
40490,3950,11.147247314453125
40500,3951,0.025078583508729935
40510,3952,0.08274911344051361
40520,3953,0.17371472716331482
40530,3954,0.1429843306541443
40540,3955,0.19046650826931
40550,3956,0.35146182775497437
40560,3957,0.2529846429824829
40570,3958,0.051111750304698944
40580,3959,0.058665931224823
40590,3960,0.36017906665802
40600,3961,0.09409226477146149
40610,3962,0.10055430978536606
40620,3963,0.09587565064430237
40630,3964,0.056706398725509644
40640,3965,0.2320481836795807
40650,3966,0.09655307233333588
40660,3967,0.04074119031429291
40670,3968,0.12984807789325714
40680,3969,0.10846459865570068
40690,3970,0.0587301179766655
40700,3971,0.1330542415380478
40710,3972,0.05313790589570999
40720,3973,0.05357206612825394
40730,3974,0.03776403144001961
40740,3975,0.07127762585878372
40750,3976,0.031165681779384613
40760,3977,0.06327667832374573
40770,3978,0.02959596738219261
40780,3979,0.034869030117988586
40790,3980,0.0660737007856369
40800,3981,0.059409961104393005
40810,3982,0.03427587077021599
40820,3983,0.03619733080267906
40830,3984,0.04921513795852661
40840,3985,0.28624990582466125
40850,3986,0.07908687740564346
40860,3987,0.02154248207807541
40870,3988,10.99996566772461
40880,3989,0.15161097049713135
40890,3990,0.10378692299127579
40900,3991,0.0829329565167427
40910,3992,0.09569072723388672
40920,3993,0.2616885006427765
40930,3994,0.1334424912929535
40940,3995,0.2331133335828781
40950,3996,0.19244830310344696
40960,3997,0.1333393007516861
40970,3998,0.03866955637931824
40980,3999,0.12951529026031494
40990,4000,0.10921889543533325
41000,4001,0.18655814230442047
41010,4002,0.5102731585502625
41020,4003,0.28301918506622314
41030,4004,0.113014817237854
41040,4005,0.09371621906757355
41050,4006,0.238459050655365
41060,4007,0.38268446922302246
41070,4008,0.21545571088790894
41080,4009,0.05985317751765251
41090,4010,0.2053234577178955
41100,4011,0.21576660871505737
41110,4012,0.29237064719200134
41120,4013,18.694868087768555
41130,4014,0.04561128839850426
41140,4015,0.12716606259346008
41150,4016,0.16719010472297668
41160,4017,0.17339137196540833
41170,4018,0.19861102104187012
41180,4019,0.30741772055625916
41190,4020,0.38736480474472046
41200,4021,0.11424090713262558
41210,4022,0.6653675436973572
41220,4023,0.9383144378662109
41230,4024,0.4106002449989319
41240,4025,0.21991924941539764
41250,4026,0.255308598279953
41260,4027,0.3558889627456665
41270,4028,0.1961759477853775
41280,4029,0.3208562731742859
41290,4030,0.10271439701318741
41300,4031,0.1288972645998001
41310,4032,0.0751202329993248
41320,4033,0.08369267731904984
41330,4034,0.06933937221765518
41340,4035,0.08060333132743835
41350,4036,0.20746850967407227
41360,4037,0.055839069187641144
41370,4038,0.07131215184926987
41380,4039,0.14916875958442688
41390,4040,0.06780607253313065
41400,4041,0.05566732585430145
41410,4042,0.05121155455708504
41420,4043,0.05142824351787567
41430,4044,0.10661967098712921
41440,4045,0.18299810588359833
41450,4046,0.05858365446329117
41460,4047,0.05931822210550308
41470,4048,0.05735975503921509
41480,4049,0.04651588946580887
41490,4050,0.058067478239536285
41500,4051,0.09170268476009369
41510,4052,0.08070987462997437
41520,4053,0.02675892598927021
41530,4054,0.03263015300035477
41540,4055,0.17214128375053406
41550,4056,0.10960540920495987
41560,4057,0.05097818374633789
41570,4058,0.03360457345843315
41580,4059,0.041050735861063004
41590,4060,0.05767729878425598
41600,4061,0.04309219494462013
41610,4062,0.11520157009363174
41620,4063,0.034882113337516785
41630,4064,0.03682137653231621
41640,4065,8.467832565307617
41650,4066,0.041695449501276016
41660,4067,0.06579677760601044
41670,4068,0.7070131301879883
41680,4069,0.08260270208120346
41690,4070,0.07378949224948883
41700,4071,0.06441684067249298
41710,4072,0.09312059730291367
41720,4073,0.04643162339925766
41730,4074,0.11241370439529419
41740,4075,0.16309818625450134
41750,4076,0.08862524479627609
41760,4077,0.0751238763332367
41770,4078,0.08610141277313232
41780,4079,0.075863316655159
41790,4080,0.059002622961997986
41800,4081,0.06653473526239395
41810,4082,0.5170176029205322
41820,4083,0.036311984062194824
41830,4084,0.13737842440605164
41840,4085,6.206705093383789
41850,4086,0.144497349858284
41860,4087,0.8938738107681274
41870,4088,0.107552170753479
41880,4089,0.19623389840126038
41890,4090,0.08023142069578171
41900,4091,0.4105914235115051
41910,4092,0.4990139305591583
41920,4093,0.07959682494401932
41930,4094,0.0802418664097786
41940,4095,0.11893059313297272
41950,4096,0.2624744176864624
41960,4097,0.07684825360774994
41970,4098,0.055644940584897995
41980,4099,0.1197562962770462
41990,4100,0.16424855589866638
42000,4101,0.05873851850628853
42010,4102,0.3969305753707886
42020,4103,0.37548667192459106
42030,4104,0.15820738673210144
42040,4105,0.2059689462184906
42050,4106,0.34262341260910034
42060,4107,0.3023934066295624
42070,4108,20.02887535095215
42080,4109,0.07238098978996277
42090,4110,0.3734773099422455
42100,4111,0.29412180185317993
42110,4112,0.48398107290267944
42120,4113,0.189501091837883
42130,4114,0.2549191117286682
42140,4115,0.26620975136756897
42150,4116,0.25251084566116333
42160,4117,0.454228937625885
42170,4118,0.05252205580472946
42180,4119,0.15686342120170593
42190,4120,0.3050009608268738
42200,4121,0.20881444215774536
42210,4122,0.5169968008995056
42220,4123,0.06090293824672699
42230,4124,0.08869539201259613
42240,4125,0.12807048857212067
42250,4126,0.11470937728881836
42260,4127,0.07042540609836578
42270,4128,0.07028954476118088
42280,4129,0.05106005445122719
42290,4130,0.32884731888771057
42300,4131,0.13424403965473175
42310,4132,0.04181250184774399
42320,4133,0.5015466809272766
42330,4134,0.06475166231393814
42340,4135,0.06551111489534378
42350,4136,0.0796738937497139
42360,4137,0.03462439030408859
42370,4138,0.08473028987646103
42380,4139,0.06594570726156235
42390,4140,0.10246820747852325
42400,4141,0.07833392173051834
42410,4142,0.042895443737506866
42420,4143,9.265019416809082
42430,4144,0.29816415905952454
42440,4145,0.047715164721012115
42450,4146,0.2600870132446289
42460,4147,0.4636414349079132
42470,4148,0.0318671278655529
42480,4149,0.0417976938188076
42490,4150,0.28283628821372986
42500,4151,0.279623806476593
42510,4152,0.08497422933578491
42520,4153,0.08467414230108261
42530,4154,0.05904332920908928
42540,4155,0.07328841835260391
42550,4156,0.09556330740451813
42560,4157,0.07034816592931747
42570,4158,0.057506829500198364
42580,4159,0.1769789755344391
42590,4160,0.07692988216876984
42600,4161,0.07187983393669128
42610,4162,0.06178440526127815
42620,4163,0.05550556629896164
42630,4164,0.08109030872583389
42640,4165,0.0374651737511158
42650,4166,0.05145151913166046
42660,4167,0.05942877382040024
42670,4168,0.051196761429309845
42680,4169,0.04034423828125
42690,4170,0.04449240863323212
42700,4171,0.07925249636173248
42710,4172,0.03325308859348297
42720,4173,0.0345931351184845
42730,4174,0.044519610702991486
42740,4175,0.03332486003637314
42750,4176,0.039158571511507034
42760,4177,0.04503202810883522
42770,4178,0.04818189516663551
42780,4179,0.03199068456888199
42790,4180,0.05014096572995186
42800,4181,0.050632722675800323
42810,4182,0.029733825474977493
42820,4183,0.060099005699157715
42830,4184,0.0585268959403038
42840,4185,0.03905969485640526
42850,4186,0.05386701971292496
42860,4187,0.06563660502433777
42870,4188,0.045033734291791916
42880,4189,0.059930115938186646
42890,4190,0.07578033953905106
42900,4191,0.0806562677025795
42910,4192,0.042487408965826035
42920,4193,0.05777672305703163
42930,4194,0.03246461600065231
42940,4195,0.047992318868637085
42950,4196,0.02507421001791954
42960,4197,0.056872278451919556
42970,4198,0.08274658024311066
42980,4199,0.027318758890032768
42990,4200,0.03775336965918541
43000,4201,0.02925548516213894
43010,4202,0.34780845046043396
43020,4203,0.160745307803154
43030,4204,0.07044924050569534
43040,4205,0.10359439253807068
43050,4206,0.24311137199401855
43060,4207,0.1976829320192337
43070,4208,0.0998697578907013
43080,4209,0.11297429352998734
43090,4210,0.3040432333946228
43100,4211,0.27516090869903564
43110,4212,0.06293537467718124
43120,4213,0.0464567095041275
43130,4214,0.10737476497888565
43140,4215,0.15182308852672577
43150,4216,0.17267663776874542
43160,4217,0.07836361974477768
43170,4218,0.10294714570045471
43180,4219,0.11651431024074554
43190,4220,0.09178727865219116
43200,4221,0.056531574577093124
43210,4222,0.03955767676234245
43220,4223,0.04402913525700569
43230,4224,0.057435013353824615
43240,4225,0.08014082908630371
43250,4226,0.06725259125232697
43260,4227,0.03280745446681976
43270,4228,0.047326862812042236
43280,4229,0.04425083473324776
43290,4230,0.046306684613227844
43300,4231,0.08134278655052185
43310,4232,0.024038683623075485
43320,4233,0.047097478061914444
43330,4234,0.03646907955408096
43340,4235,0.026570510119199753
43350,4236,0.02559894137084484
43360,4237,0.021584581583738327
43370,4238,0.037551674991846085
43380,4239,0.03428293764591217
43390,4240,0.030734004452824593
43400,4241,0.02739495225250721
43410,4242,0.0216168574988842
43420,4243,0.02676684409379959
43430,4244,0.030931381508708
43440,4245,0.02071833238005638
43450,4246,0.023077622056007385
43460,4247,0.0224091075360775
43470,4248,0.038312651216983795
43480,4249,0.03141975402832031
43490,4250,0.02256184257566929
43500,4251,0.026319777593016624
43510,4252,0.01705373451113701
43520,4253,0.03313906863331795
43530,4254,0.044506270438432693
43540,4255,0.020926471799612045
43550,4256,0.02788207307457924
43560,4257,0.018098730593919754
43570,4258,0.029738469049334526
43580,4259,0.050765302032232285
43590,4260,0.024195902049541473
43600,4261,0.027267199009656906
43610,4262,0.022949423640966415
43620,4263,0.020892107859253883
43630,4264,0.029894046485424042
43640,4265,0.020720072090625763
43650,4266,0.017718907445669174
43660,4267,0.022209977731108665
43670,4268,0.02932358905673027
43680,4269,0.028083479031920433
43690,4270,0.013942794874310493
43700,4271,0.048130571842193604
43710,4272,0.020776895806193352
43720,4273,0.04122388735413551
43730,4274,0.024524619802832603
43740,4275,0.03210051730275154
43750,4276,0.04091581329703331
43760,4277,0.0157962404191494
43770,4278,0.02355889417231083
43780,4279,0.050407081842422485
43790,4280,0.033741310238838196
43800,4281,0.028809644281864166
43810,4282,0.03544998914003372
43820,4283,0.026270383968949318
43830,4284,0.020523743703961372
43840,4285,0.022288506850600243
43850,4286,0.01755831204354763
43860,4287,0.021570850163698196
43870,4288,0.07889476418495178
43880,4289,0.02116246335208416
43890,4290,0.0359112024307251
43900,4291,0.020009417086839676
43910,4292,0.020673543214797974
43920,4293,0.03486306220293045
43930,4294,0.03981787711381912
43940,4295,0.01481333002448082
43950,4296,0.015650460496544838
43960,4297,0.05768418684601784
43970,4298,0.02465488202869892
43980,4299,0.03458419442176819
43990,4300,0.016732312738895416
44000,4301,0.018962521106004715
44010,4302,0.3900182247161865
44020,4303,0.26499295234680176
44030,4304,0.06627804040908813
44040,4305,0.1482546478509903
44050,4306,0.18389685451984406
44060,4307,0.16436970233917236
44070,4308,0.09038600325584412
44080,4309,0.05523022264242172
44090,4310,0.24448388814926147
44100,4311,0.2822275757789612
44110,4312,0.13299787044525146
44120,4313,0.03497522324323654
44130,4314,0.06171557679772377
44140,4315,0.09065130352973938
44150,4316,0.08932797610759735
44160,4317,0.07304786145687103
44170,4318,0.08182808011770248
44180,4319,0.06561258435249329
44190,4320,0.0883629322052002
44200,4321,0.07044123113155365
44210,4322,0.01620834693312645
44220,4323,0.04135119169950485
44230,4324,0.04838346317410469
44240,4325,0.052171386778354645
44250,4326,0.05231255665421486
44260,4327,0.030977487564086914
44270,4328,0.027676977217197418
44280,4329,0.03688743710517883
44290,4330,0.03767800331115723
44300,4331,0.030921049416065216
44310,4332,0.01908978447318077
44320,4333,0.03572744131088257
44330,4334,0.03567669168114662
44340,4335,0.04202603921294212
44350,4336,0.023716671392321587
44360,4337,0.016217820346355438
44370,4338,0.031619422137737274
44380,4339,0.0356154702603817
44390,4340,0.02062581479549408
44400,4341,0.015452006831765175
44410,4342,0.017266718670725822
44420,4343,0.026016315445303917
44430,4344,0.015332143753767014
44440,4345,0.02070460096001625
44450,4346,0.026201920583844185
44460,4347,0.02081039734184742
44470,4348,0.03713724762201309
44480,4349,0.022904764860868454
44490,4350,0.0227058008313179
44500,4351,0.03369894623756409
44510,4352,0.02040916681289673
44520,4353,0.01664416491985321
44530,4354,0.020251745358109474
44540,4355,0.01912602223455906
44550,4356,0.018648279830813408
44560,4357,0.016988996416330338
44570,4358,0.018512889742851257
44580,4359,0.020788922905921936
44590,4360,0.018272656947374344
44600,4361,0.014177176170051098
44610,4362,0.020800940692424774
44620,4363,0.022498132660984993
44630,4364,0.03945401683449745
44640,4365,0.040128495544195175
44650,4366,13.062700271606445
44660,4367,0.029568476602435112
44670,4368,0.07652952522039413
44680,4369,0.08908794820308685
44690,4370,0.09536290913820267
44700,4371,0.1424231231212616
44710,4372,0.03810739144682884
44720,4373,0.04657599329948425
44730,4374,0.09628519415855408
44740,4375,0.7233278155326843
44750,4376,0.29396870732307434
44760,4377,0.09269972890615463
44770,4378,0.14865589141845703
44780,4379,0.12112502753734589
44790,4380,0.1722019463777542
44800,4381,0.08785628527402878
44810,4382,0.07458299398422241
44820,4383,0.057147685438394547
44830,4384,0.10873211920261383
44840,4385,0.031422313302755356
44850,4386,0.11446802318096161
44860,4387,0.06883504986763
44870,4388,0.06360342353582382
44880,4389,0.06662652641534805
44890,4390,0.13871005177497864
44900,4391,0.10299019515514374
44910,4392,0.0944303646683693
44920,4393,0.0505005307495594
44930,4394,0.06148957461118698
44940,4395,0.084574393928051
44950,4396,0.07002433389425278
44960,4397,0.0534423366189003
44970,4398,0.06030631437897682
44980,4399,0.06024547666311264
44990,4400,0.18382945656776428
45000,4401,0.11974351853132248
45010,4402,0.35648804903030396
45020,4403,0.1700248420238495
45030,4404,0.10981787741184235
45040,4405,0.1495015025138855
45050,4406,0.2442532479763031
45060,4407,0.11880895495414734
45070,4408,0.1336316168308258
45080,4409,0.16160498559474945
45090,4410,0.21479269862174988
45100,4411,0.17750275135040283
45110,4412,0.060154128819704056
45120,4413,0.035515476018190384
45130,4414,0.16334344446659088
45140,4415,0.07923037558794022
45150,4416,0.09440963715314865
45160,4417,0.07647451013326645
45170,4418,0.09884635359048843
45180,4419,0.14332592487335205
45190,4420,0.08120275288820267
45200,4421,0.057845648378133774
45210,4422,0.028079932555556297
45220,4423,0.03640901297330856
45230,4424,0.09557133913040161
45240,4425,0.07039358466863632
45250,4426,0.0713982805609703
45260,4427,0.06197009235620499
45270,4428,0.055709775537252426
45280,4429,0.05267191678285599
45290,4430,0.04247228801250458
45300,4431,0.028141431510448456
45310,4432,0.03332524746656418
45320,4433,0.04441156983375549
45330,4434,0.12717895209789276
45340,4435,0.03043663501739502
45350,4436,0.04666747897863388
45360,4437,0.03998458385467529
45370,4438,0.03338203579187393
45380,4439,0.031087668612599373
45390,4440,0.10315199941396713
45400,4441,0.032338738441467285
45410,4442,0.04453829675912857
45420,4443,0.04702556133270264
45430,4444,0.031064340844750404
45440,4445,0.0360361710190773
45450,4446,0.026906264945864677
45460,4447,0.03788256645202637
45470,4448,0.023869898170232773
45480,4449,0.025982653722167015
45490,4450,0.03052864596247673
45500,4451,0.019358335062861443
45510,4452,0.03306146338582039
45520,4453,0.04337587207555771
45530,4454,0.0702376514673233
45540,4455,0.02722330018877983
45550,4456,0.025654973462224007
45560,4457,0.028476882725954056
45570,4458,0.0448751375079155
45580,4459,0.02376876398921013
45590,4460,0.0290374755859375
45600,4461,0.015608834102749825
45610,4462,0.013180657289922237
45620,4463,0.030589791014790535
45630,4464,0.04113629460334778
45640,4465,0.03246643766760826
45650,4466,0.07029788196086884
45660,4467,0.020156918093562126
45670,4468,0.05304846540093422
45680,4469,0.016640853136777878
45690,4470,0.020001154392957687
45700,4471,0.020618347451090813
45710,4472,0.02591054141521454
45720,4473,0.01648232340812683
45730,4474,0.040045011788606644
45740,4475,0.04822695255279541
45750,4476,0.01385354995727539
45760,4477,0.030684558674693108
45770,4478,0.03029511868953705
45780,4479,0.049216512590646744
45790,4480,0.038733117282390594
45800,4481,0.028399920091032982
45810,4482,0.025759747251868248
45820,4483,0.01981525868177414
45830,4484,0.01565745659172535
45840,4485,0.016384679824113846
45850,4486,0.036290086805820465
45860,4487,0.03852035850286484
45870,4488,0.029415521770715714
45880,4489,0.013789365068078041
45890,4490,0.02667808160185814
45900,4491,0.026984702795743942
45910,4492,0.032606154680252075
45920,4493,0.03702252358198166
45930,4494,0.052161768078804016
45940,4495,0.02340458333492279
45950,4496,0.016129417344927788
45960,4497,0.03132259473204613
45970,4498,0.024865025654435158
45980,4499,0.0757061094045639
45990,4500,0.016307832673192024
46000,4501,0.027790017426013947
46010,4502,0.28749099373817444
46020,4503,0.15460586547851562
46030,4504,0.06292590498924255
46040,4505,0.07348880171775818
46050,4506,0.15015773475170135
46060,4507,0.10627306997776031
46070,4508,0.09664948284626007
46080,4509,0.0895116776227951
46090,4510,0.1136319637298584
46100,4511,0.1417127549648285
46110,4512,0.04112963750958443
46120,4513,0.03558056429028511
46130,4514,0.06585434079170227
46140,4515,0.05074280500411987
46150,4516,0.054160527884960175
46160,4517,0.03392760455608368
46170,4518,0.03942403942346573
46180,4519,0.046720124781131744
46190,4520,0.03299770504236221
46200,4521,0.016168422996997833
46210,4522,0.016669634729623795
46220,4523,0.03534639999270439
46230,4524,0.050994373857975006
46240,4525,0.019317762926220894
46250,4526,0.024414660409092903
46260,4527,0.019857067614793777
46270,4528,0.036283720284700394
46280,4529,0.030866555869579315
46290,4530,0.0165957473218441
46300,4531,0.03848994895815849
46310,4532,0.04581056907773018
46320,4533,0.016417214646935463
46330,4534,0.02457936480641365
46340,4535,0.019352111965417862
46350,4536,0.04260621219873428
46360,4537,0.016766443848609924
46370,4538,0.009447022341191769
46380,4539,0.01560007594525814
46390,4540,0.011979024857282639
46400,4541,0.015767749398946762
46410,4542,0.020300166681408882
46420,4543,0.014314419589936733
46430,4544,0.02395748719573021
46440,4545,0.021208446472883224
46450,4546,0.015262773260474205
46460,4547,0.011602727696299553
46470,4548,0.02050749585032463
46480,4549,0.028379283845424652
46490,4550,0.033406294882297516
46500,4551,0.03308102488517761
46510,4552,0.035999804735183716
46520,4553,0.024646321311593056
46530,4554,0.027517879381775856
46540,4555,0.02947678044438362
46550,4556,0.038271963596343994
46560,4557,0.031863294541835785
46570,4558,0.023812923580408096
46580,4559,0.025104191154241562
46590,4560,0.024161674082279205
46600,4561,0.014883522875607014
46610,4562,0.020022403448820114
46620,4563,0.039364129304885864
46630,4564,0.04310856759548187
46640,4565,0.01508671697229147
46650,4566,0.012216574512422085
46660,4567,0.027485128492116928
46670,4568,0.017001235857605934
46680,4569,0.02935408055782318
46690,4570,0.026846598833799362
46700,4571,0.03401228412985802
46710,4572,0.019261155277490616
46720,4573,0.02603728510439396
46730,4574,0.034033749252557755
46740,4575,0.02277091145515442
46750,4576,0.013738725334405899
46760,4577,0.0416739284992218
46770,4578,0.014369543641805649
46780,4579,0.030451450496912003
46790,4580,0.04106657952070236
46800,4581,0.02240508794784546
46810,4582,0.025780752301216125
46820,4583,0.02056543156504631
46830,4584,0.049194250255823135
46840,4585,0.010278240777552128
46850,4586,0.04098093509674072
46860,4587,0.015647003427147865
46870,4588,0.012012531980872154
46880,4589,0.03253729268908501
46890,4590,0.014445910230278969
46900,4591,0.01870749704539776
46910,4592,0.013050350360572338
46920,4593,0.02134101092815399
46930,4594,0.04659481719136238
46940,4595,0.013567141257226467
46950,4596,0.021490897983312607
46960,4597,0.009043126367032528
46970,4598,0.011571129783987999
46980,4599,0.030128227546811104
46990,4600,0.03498050570487976
47000,4601,0.02669474668800831
47010,4602,0.37543216347694397
47020,4603,0.1647314578294754
47030,4604,0.064979687333107
47040,4605,0.08046802133321762
47050,4606,0.123142771422863
47060,4607,0.08799996227025986
47070,4608,0.10914931446313858
47080,4609,0.06441011279821396
47090,4610,0.09661893546581268
47100,4611,0.1961745321750641
47110,4612,0.03696540743112564
47120,4613,0.049194131046533585
47130,4614,0.04453835263848305
47140,4615,0.10171832889318466
47150,4616,0.07452832907438278
47160,4617,0.04709819704294205
47170,4618,0.06874390691518784
47180,4619,0.11319027841091156
47190,4620,0.03956198692321777
47200,4621,0.013527564704418182
47210,4622,0.018548693507909775
47220,4623,0.03936143219470978
47230,4624,0.06305623054504395
47240,4625,0.02717006951570511
47250,4626,0.016396882012486458
47260,4627,0.06279759854078293
47270,4628,0.02536538615822792
47280,4629,0.01803276687860489
47290,4630,0.021957507357001305
47300,4631,0.03609682619571686
47310,4632,0.03758210688829422
47320,4633,0.019373303279280663
47330,4634,0.02039186842739582
47340,4635,0.013379230163991451
47350,4636,0.035855576395988464
47360,4637,0.017021536827087402
47370,4638,0.01839302107691765
47380,4639,0.07616860419511795
47390,4640,0.03293675556778908
47400,4641,0.019354168325662613
47410,4642,0.02217552438378334
47420,4643,0.037805572152137756
47430,4644,0.01976054348051548
47440,4645,0.014443994499742985
47450,4646,0.03190968185663223
47460,4647,0.014081999659538269
47470,4648,0.03316081315279007
47480,4649,0.028353098779916763
47490,4650,0.026701398193836212
47500,4651,0.016727332025766373
47510,4652,0.03367816284298897
47520,4653,0.01937747560441494
47530,4654,0.01770402304828167
47540,4655,0.030076730996370316
47550,4656,0.025201985612511635
47560,4657,0.03620125353336334
47570,4658,0.015164964832365513
47580,4659,0.014413886703550816
47590,4660,0.030068501830101013
47600,4661,0.023160550743341446
47610,4662,0.02104255184531212
47620,4663,0.015232354402542114
47630,4664,0.0229763463139534
47640,4665,0.03825251758098602
47650,4666,0.015410171821713448
47660,4667,0.01958538219332695
47670,4668,0.02392144501209259
47680,4669,0.02369527518749237
47690,4670,0.02707907184958458
47700,4671,0.012967300601303577
47710,4672,0.02450050786137581
47720,4673,0.011203990317881107
47730,4674,0.017909642308950424
47740,4675,0.02944624423980713
47750,4676,0.010954239405691624
47760,4677,0.012409964576363564
47770,4678,0.019248053431510925
47780,4679,0.01717202179133892
47790,4680,0.017611131072044373
47800,4681,0.025542816147208214
47810,4682,0.02271798439323902
47820,4683,0.0186846274882555
47830,4684,0.02316131256520748
47840,4685,0.012497599236667156
47850,4686,0.047481194138526917
47860,4687,0.01588086411356926
47870,4688,0.014406629838049412
47880,4689,0.05091223493218422
47890,4690,0.028448054566979408
47900,4691,0.021168837323784828
47910,4692,0.022455377504229546
47920,4693,0.022184915840625763
47930,4694,0.01640946790575981
47940,4695,0.018691543489694595
47950,4696,0.01857168599963188
47960,4697,0.015934139490127563
47970,4698,0.048753052949905396
47980,4699,0.009145055897533894
47990,4700,0.01288363616913557
48000,4701,0.017015520483255386
48010,4702,0.2810899615287781
48020,4703,0.1381845772266388
48030,4704,0.07497751712799072
48040,4705,0.09563004970550537
48050,4706,0.09204892069101334
48060,4707,0.0898621678352356
48070,4708,0.10366672277450562
48080,4709,0.13912729918956757
48090,4710,0.08599349856376648
48100,4711,0.07170534133911133
48110,4712,0.04772341996431351
48120,4713,0.037371136248111725
48130,4714,0.04416430741548538
48140,4715,0.043776173144578934
48150,4716,0.03605680912733078
48160,4717,0.04754331707954407
48170,4718,0.036048512905836105
48180,4719,0.04970288276672363
48190,4720,0.03267471864819527
48200,4721,0.020829971879720688
48210,4722,0.02216789685189724
48220,4723,0.03697781637310982
48230,4724,0.033641666173934937
48240,4725,0.029563430696725845
48250,4726,0.03304658085107803
48260,4727,0.05184822157025337
48270,4728,0.02759992517530918
48280,4729,0.03819423168897629
48290,4730,0.01476662140339613
48300,4731,0.04309815540909767
48310,4732,0.027713153511285782
48320,4733,0.02451372891664505
48330,4734,0.031122619286179543
48340,4735,0.029818272218108177
48350,4736,0.02766130119562149
48360,4737,0.026514964178204536
48370,4738,0.02818383276462555
48380,4739,0.04128050431609154
48390,4740,0.07294812798500061
48400,4741,0.02313196286559105
48410,4742,0.03583107888698578
48420,4743,0.025302652269601822
48430,4744,0.02682206593453884
48440,4745,0.029949592426419258
48450,4746,0.023472338914871216
48460,4747,0.023965056985616684
48470,4748,0.0221828855574131
48480,4749,0.017206400632858276
48490,4750,0.02488650754094124
48500,4751,0.026847951114177704
48510,4752,0.04158107191324234
48520,4753,0.021487081423401833
48530,4754,0.02483356185257435
48540,4755,0.018155427649617195
48550,4756,0.019015181809663773
48560,4757,0.01907517947256565
48570,4758,0.021960079669952393
48580,4759,0.01637720689177513
48590,4760,0.019869118928909302
48600,4761,0.023684855550527573
48610,4762,0.023250212892889977
48620,4763,0.017389796674251556
48630,4764,0.012538028880953789
48640,4765,0.02694898098707199
48650,4766,0.02466760203242302
48660,4767,0.02089202031493187
48670,4768,0.02342398464679718
48680,4769,0.019507374614477158
48690,4770,0.022189773619174957
48700,4771,0.02858349122107029
48710,4772,0.021332528442144394
48720,4773,0.01962682604789734
48730,4774,0.025524040684103966
48740,4775,0.02291935868561268
48750,4776,0.01701980084180832
48760,4777,0.029985714703798294
48770,4778,0.035478197038173676
48780,4779,0.016613002866506577
48790,4780,0.014439285732805729
48800,4781,0.05930405110120773
48810,4782,0.033277399837970734
48820,4783,0.019012533128261566
48830,4784,0.03252185508608818
48840,4785,0.03183922916650772
48850,4786,0.01402256079018116
48860,4787,0.01431357953697443
48870,4788,0.028718626126646996
48880,4789,0.02182520553469658
48890,4790,0.017899855971336365
48900,4791,0.019098808988928795
48910,4792,0.014803742989897728
48920,4793,0.023743784055113792
48930,4794,0.011449992656707764
48940,4795,0.028222620487213135
48950,4796,0.03997021168470383
48960,4797,0.01751452311873436
48970,4798,0.01406787522137165
48980,4799,0.022057194262742996
48990,4800,0.025702182203531265
49000,4801,0.01558651402592659
49010,4802,0.35962995886802673
49020,4803,0.18634946644306183
49030,4804,0.08131598681211472
49040,4805,0.13207216560840607
49050,4806,0.18121236562728882
49060,4807,0.08221244812011719
49070,4808,0.048403412103652954
49080,4809,0.1328657865524292
49090,4810,0.13855266571044922
49100,4811,0.09797151386737823
49110,4812,0.02760174497961998
49120,4813,0.05610329657793045
49130,4814,0.08366215974092484
49140,4815,0.062049899250268936
49150,4816,0.04630613327026367
49160,4817,0.06398001313209534
49170,4818,0.06245068460702896
49180,4819,0.026342153549194336
49190,4820,0.0227079875767231
49200,4821,0.022173479199409485
49210,4822,0.053763195872306824
49220,4823,0.04760674387216568
49230,4824,0.03439926728606224
49240,4825,0.026784397661685944
49250,4826,0.017324991524219513
49260,4827,0.034591976553201675
49270,4828,0.026560895144939423
49280,4829,0.019294315949082375
49290,4830,0.030320078134536743
49300,4831,0.03333882987499237
49310,4832,0.03166516125202179
49320,4833,0.012820186093449593
49330,4834,0.027147522196173668
49340,4835,0.016370702534914017
49350,4836,0.023651940748095512
49360,4837,0.022662214934825897
49370,4838,0.016579745337367058
49380,4839,0.028722839429974556
49390,4840,0.020415032282471657
49400,4841,0.01418471522629261
49410,4842,0.03022085130214691
49420,4843,0.05104773864150047
49430,4844,0.033848363906145096
49440,4845,0.023541392758488655
49450,4846,0.03642301633954048
49460,4847,0.01834087073802948
49470,4848,0.028510896489024162
49480,4849,0.029864616692066193
49490,4850,0.018687712028622627
49500,4851,0.02083483338356018
49510,4852,0.018454555422067642
49520,4853,0.01591557078063488
49530,4854,0.021356193348765373
49540,4855,0.01709664799273014
49550,4856,0.027198845520615578
49560,4857,0.014919592067599297
49570,4858,0.029780695214867592
49580,4859,0.03163531422615051
49590,4860,0.022734178230166435
49600,4861,0.022201215848326683
49610,4862,0.014715696685016155
49620,4863,0.02061176300048828
49630,4864,0.026263847947120667
49640,4865,0.025884579867124557
49650,4866,0.009549509733915329
49660,4867,0.026311766356229782
49670,4868,0.031079130247235298
49680,4869,0.015783468261361122
49690,4870,0.01649581454694271
49700,4871,0.01300421915948391
49710,4872,0.012093347497284412
49720,4873,0.015607822686433792
49730,4874,0.04992911219596863
49740,4875,0.018827956169843674
49750,4876,0.01810719072818756
49760,4877,0.02804742380976677
49770,4878,0.018863655626773834
49780,4879,0.013668784871697426
49790,4880,0.014140048064291477
49800,4881,0.018813956528902054
49810,4882,0.051211465150117874
49820,4883,0.028842270374298096
49830,4884,0.017612652853131294
49840,4885,0.03599562868475914
49850,4886,0.02321361005306244
49860,4887,0.04118447005748749
49870,4888,0.015033396892249584
49880,4889,0.03063356876373291
49890,4890,0.014714060351252556
49900,4891,0.028732547536492348
49910,4892,0.02794453874230385
49920,4893,0.021298665553331375
49930,4894,0.04630204662680626
49940,4895,0.02016701176762581
49950,4896,0.010327831842005253
49960,4897,0.033311616629362106
49970,4898,0.01602047309279442
49980,4899,0.01825380139052868
49990,4900,0.013994339853525162
50000,4901,0.029337327927350998
