environment_step,learning_update,td_loss
70,1,0.0852547362446785
80,2,0.0650019496679306
90,3,0.047372352331876755
100,4,0.11998332291841507
110,5,0.34116804599761963
120,6,0.15035557746887207
130,7,0.24616704881191254
140,8,0.1768643707036972
150,9,0.25225502252578735
160,10,0.11271701753139496
170,11,0.3416284918785095
180,12,0.26932090520858765
190,13,0.11709194630384445
200,14,0.21766546368598938
210,15,0.17937907576560974
220,16,0.2047334909439087
230,17,0.2116372287273407
240,18,0.27644747495651245
250,19,0.2380840927362442
260,20,0.22349001467227936
270,21,0.2191341668367386
280,22,0.19019711017608643
290,23,0.18049679696559906
300,24,0.3623731732368469
310,25,0.24004465341567993
320,26,0.4776115417480469
330,27,0.3147144317626953
340,28,0.1826525181531906
350,29,0.43630778789520264
360,30,0.34710124135017395
370,31,0.5498965382575989
380,32,0.30137866735458374
390,33,0.2905365824699402
400,34,0.3422653079032898
410,35,0.3038272261619568
420,36,0.4224644601345062
430,37,0.29496923089027405
440,38,0.4267053008079529
450,39,0.5046513080596924
460,40,0.17387428879737854
470,41,0.3923552334308624
480,42,0.4490911066532135
490,43,0.20842406153678894
500,44,0.5864049792289734
510,45,0.4231928884983063
520,46,0.45897912979125977
530,47,0.6012563109397888
540,48,0.32425937056541443
550,49,0.13284040987491608
560,50,0.18974632024765015
570,51,0.225791335105896
580,52,0.3585231304168701
590,53,0.4223133325576782
600,54,0.2977386713027954
610,55,0.3450414538383484
620,56,0.2768797278404236
630,57,0.3993760049343109
640,58,0.2550654113292694
650,59,0.23768097162246704
660,60,0.29767441749572754
670,61,0.28152573108673096
680,62,0.21765448153018951
690,63,0.35320520401000977
700,64,0.3743465542793274
710,65,0.25219082832336426
720,66,0.3835340142250061
730,67,0.5159431099891663
740,68,0.48851823806762695
750,69,0.3028305768966675
760,70,0.33987903594970703
770,71,0.37876784801483154
780,72,0.2731900215148926
790,73,0.36535781621932983
800,74,0.20246556401252747
810,75,0.4305882155895233
820,76,0.652229368686676
830,77,0.420671671628952
840,78,0.26958000659942627
850,79,0.4053182303905487
860,80,0.3844642639160156
870,81,0.35856327414512634
880,82,0.2625117003917694
890,83,0.2855162024497986
900,84,0.37073418498039246
910,85,0.5857729315757751
920,86,0.34991979598999023
930,87,0.3852933347225189
940,88,0.29238593578338623
950,89,0.40424644947052
960,90,0.35611963272094727
970,91,0.38150620460510254
980,92,0.5905194282531738
990,93,0.2590714395046234
1000,94,0.41957780718803406
1010,95,0.36616382002830505
1020,96,0.31710028648376465
1030,97,0.3994441032409668
1040,98,0.4237765073776245
1050,99,0.2677537798881531
1060,100,0.39597102999687195
1070,101,0.18916457891464233
1080,102,0.48580458760261536
1090,103,0.23044200241565704
1100,104,0.4688061475753784
1110,105,0.30966898798942566
1120,106,0.12793418765068054
1130,107,0.35100603103637695
1140,108,0.5679022073745728
1150,109,0.3577987253665924
1160,110,0.346021831035614
1170,111,0.16207613050937653
1180,112,0.32240957021713257
1190,113,0.30164921283721924
1200,114,0.38591867685317993
1210,115,0.523841917514801
1220,116,0.3827678859233856
1230,117,0.5425502061843872
1240,118,0.5728815197944641
1250,119,0.5182666182518005
1260,120,0.47166305780410767
1270,121,0.39391854405403137
1280,122,0.38429582118988037
1290,123,0.21776273846626282
1300,124,0.2976706922054291
1310,125,0.28775301575660706
1320,126,0.29284992814064026
1330,127,0.42271655797958374
1340,128,0.4554055333137512
1350,129,0.5580160021781921
1360,130,0.34203583002090454
1370,131,0.48907750844955444
1380,132,0.3299826383590698
1390,133,0.4675355851650238
1400,134,0.22950692474842072
1410,135,0.48049530386924744
1420,136,0.3158033788204193
1430,137,0.533005952835083
1440,138,0.45678141713142395
1450,139,0.37522369623184204
1460,140,0.36384347081184387
1470,141,0.49851083755493164
1480,142,0.5783352255821228
1490,143,0.7562140226364136
1500,144,0.5107125043869019
1510,145,0.2705093026161194
1520,146,0.38617169857025146
1530,147,0.33914464712142944
1540,148,0.8041483163833618
1550,149,0.5481957793235779
1560,150,0.37193140387535095
1570,151,0.6042605638504028
1580,152,0.46407103538513184
1590,153,0.5979678630828857
1600,154,0.43338924646377563
1610,155,0.46113649010658264
1620,156,0.7036222219467163
1630,157,0.6256514191627502
1640,158,0.36410263180732727
1650,159,0.4703862965106964
1660,160,0.300910085439682
1670,161,0.7495458722114563
1680,162,0.6703901886940002
1690,163,0.5429823994636536
1700,164,0.43038511276245117
1710,165,0.580106794834137
1720,166,0.27526065707206726
1730,167,0.23651447892189026
1740,168,0.39387550950050354
1750,169,0.4215693175792694
1760,170,0.39932501316070557
1770,171,0.5933112502098083
1780,172,0.5553382635116577
1790,173,0.6874228119850159
1800,174,0.35110795497894287
1810,175,0.49966996908187866
1820,176,0.5037336349487305
1830,177,0.4810490608215332
1840,178,0.3529907464981079
1850,179,0.39116358757019043
1860,180,0.3631073832511902
1870,181,0.8954058885574341
1880,182,0.3218092918395996
1890,183,0.47691360116004944
1900,184,0.3232714533805847
1910,185,0.5053406357765198
1920,186,0.31575533747673035
1930,187,0.23900607228279114
1940,188,0.3155584931373596
1950,189,0.40691307187080383
1960,190,0.47274327278137207
1970,191,0.6351929306983948
1980,192,0.3791504502296448
1990,193,0.40206992626190186
2000,194,0.566946268081665
2010,195,0.3689911365509033
2020,196,0.5724741220474243
2030,197,0.3122042119503021
2040,198,0.3874542713165283
2050,199,0.33635783195495605
2060,200,0.47399619221687317
2070,201,0.6577485799789429
2080,202,0.4890699088573456
2090,203,0.4029158055782318
2100,204,0.31118470430374146
2110,205,0.46893957257270813
2120,206,0.2593691945075989
2130,207,0.38741597533226013
2140,208,0.36554908752441406
2150,209,0.5026412010192871
2160,210,0.49374496936798096
2170,211,0.37608057260513306
2180,212,0.4079432487487793
2190,213,0.3685392439365387
2200,214,0.4792550206184387
2210,215,0.4269440770149231
2220,216,0.292446106672287
2230,217,0.3392937481403351
2240,218,0.5437166690826416
2250,219,0.5700470805168152
2260,220,0.3597906529903412
2270,221,0.6603943109512329
2280,222,0.4535638689994812
2290,223,0.3739216923713684
2300,224,0.349740207195282
2310,225,0.5351995825767517
2320,226,0.467067688703537
2330,227,0.4544200301170349
2340,228,0.3475540280342102
2350,229,0.3451007008552551
2360,230,0.46647411584854126
2370,231,0.43945640325546265
2380,232,0.32071200013160706
2390,233,0.26570507884025574
2400,234,0.3929302990436554
2410,235,0.551480770111084
2420,236,0.4519192576408386
2430,237,0.5152252316474915
2440,238,0.3228073716163635
2450,239,0.3933643698692322
2460,240,0.5194031596183777
2470,241,0.36908596754074097
2480,242,0.271719753742218
2490,243,0.49716711044311523
2500,244,0.7558579444885254
2510,245,0.3538286089897156
2520,246,0.40421175956726074
2530,247,0.4909435212612152
2540,248,0.6426507234573364
2550,249,0.24315860867500305
2560,250,0.3236066699028015
2570,251,0.61235111951828
2580,252,0.40659305453300476
2590,253,0.2119157910346985
2600,254,0.398546427488327
2610,255,0.5209524035453796
2620,256,0.3204460144042969
2630,257,0.610977292060852
2640,258,0.8651260137557983
2650,259,0.6816895604133606
2660,260,0.4048333168029785
2670,261,0.5358380675315857
2680,262,0.36696335673332214
2690,263,0.5749672651290894
2700,264,0.27158039808273315
2710,265,0.4722875654697418
2720,266,0.21900078654289246
2730,267,0.3751581311225891
2740,268,0.44131365418434143
2750,269,0.5248452425003052
2760,270,0.3551214337348938
2770,271,0.4117705225944519
2780,272,0.4178623557090759
2790,273,0.36040711402893066
2800,274,0.6336648464202881
2810,275,0.4016101360321045
2820,276,0.6002328991889954
2830,277,0.5466733574867249
2840,278,0.938591480255127
2850,279,0.41682153940200806
2860,280,0.3974708318710327
2870,281,0.5751643776893616
2880,282,0.39612409472465515
2890,283,0.4121807813644409
2900,284,0.650081992149353
2910,285,0.43293267488479614
2920,286,0.3057015836238861
2930,287,0.4134605824947357
2940,288,0.4022621512413025
2950,289,0.7365785837173462
2960,290,0.659379243850708
2970,291,0.5990498661994934
2980,292,0.402170866727829
2990,293,0.5164463520050049
3000,294,0.5279517769813538
3010,295,0.47584518790245056
3020,296,0.4075279235839844
3030,297,0.6088377833366394
3040,298,0.6379344463348389
3050,299,0.48058754205703735
3060,300,0.5186918377876282
3070,301,0.5829295516014099
3080,302,0.6733179092407227
3090,303,0.5032551884651184
3100,304,0.2989424169063568
3110,305,0.4943896532058716
3120,306,0.3735696077346802
3130,307,0.5840277671813965
3140,308,0.6857280135154724
3150,309,0.3322327733039856
3160,310,0.4337419271469116
3170,311,0.6117230653762817
3180,312,0.28086167573928833
3190,313,0.2545284330844879
3200,314,0.4121363162994385
3210,315,0.5783218741416931
3220,316,0.38116759061813354
3230,317,0.5678883790969849
3240,318,0.4199693202972412
3250,319,0.3140263259410858
3260,320,0.18259303271770477
3270,321,0.6769732236862183
3280,322,0.45514237880706787
3290,323,0.44485563039779663
3300,324,0.4547826051712036
3310,325,0.6771541237831116
3320,326,0.6066718101501465
3330,327,0.46924546360969543
3340,328,0.5475541949272156
3350,329,0.5643801689147949
3360,330,0.4556433856487274
3370,331,0.43058744072914124
3380,332,0.2797242999076843
3390,333,0.40312957763671875
3400,334,0.33356767892837524
3410,335,0.5357539653778076
3420,336,0.3812662363052368
3430,337,0.5365622639656067
3440,338,0.5992687344551086
3450,339,0.5102842450141907
3460,340,0.4625476598739624
3470,341,0.8971236944198608
3480,342,0.5101668834686279
3490,343,0.4440279006958008
3500,344,0.6658604145050049
3510,345,0.5630629062652588
3520,346,0.4958995580673218
3530,347,0.4801214337348938
3540,348,0.3529418706893921
3550,349,0.42409858107566833
3560,350,0.47856026887893677
3570,351,0.3584457039833069
3580,352,0.5054714679718018
3590,353,0.5432896018028259
3600,354,0.609871506690979
3610,355,0.4848789572715759
3620,356,0.30702996253967285
3630,357,0.7683603167533875
3640,358,0.494238018989563
3650,359,0.43441832065582275
3660,360,0.34497857093811035
3670,361,0.689956545829773
3680,362,0.4705684185028076
3690,363,0.32372185587882996
3700,364,0.47503209114074707
3710,365,0.4493452310562134
3720,366,0.6683693528175354
3730,367,0.3784502148628235
3740,368,0.3227187395095825
3750,369,0.4864078760147095
3760,370,0.35194650292396545
3770,371,0.69890296459198
3780,372,0.5677992105484009
3790,373,0.3664973974227905
3800,374,0.335725873708725
3810,375,0.5920664072036743
3820,376,0.5572119951248169
3830,377,0.5813883543014526
3840,378,0.4229185879230499
3850,379,0.6225489974021912
3860,380,0.43174365162849426
3870,381,0.37253984808921814
3880,382,0.5094446539878845
3890,383,0.37483617663383484
3900,384,0.48027175664901733
3910,385,0.5085296630859375
3920,386,0.5206412672996521
3930,387,0.466386079788208
3940,388,0.4958520531654358
3950,389,0.5064818859100342
3960,390,0.32232826948165894
3970,391,0.7791704535484314
3980,392,0.20184868574142456
3990,393,0.550929069519043
4000,394,0.45581039786338806
4010,395,0.44048139452934265
4020,396,0.4426036775112152
4030,397,0.6000525951385498
4040,398,0.6698259711265564
4050,399,0.5907649993896484
4060,400,0.48172709345817566
4070,401,0.34119415283203125
4080,402,0.32566046714782715
4090,403,0.5948927998542786
4100,404,0.4087773561477661
4110,405,0.3185616135597229
4120,406,0.57623690366745
4130,407,0.33873069286346436
4140,408,0.3683011531829834
4150,409,0.44703418016433716
4160,410,0.9527137279510498
4170,411,1.0255005359649658
4180,412,0.21707746386528015
4190,413,0.38835692405700684
4200,414,0.6153711080551147
4210,415,0.3260982632637024
4220,416,0.5480207800865173
4230,417,0.4762647747993469
4240,418,0.2798750698566437
4250,419,0.3424986004829407
4260,420,0.46735119819641113
4270,421,0.6723417043685913
4280,422,0.4107104539871216
4290,423,0.30064162611961365
4300,424,0.365127295255661
4310,425,0.415002703666687
4320,426,0.476081520318985
4330,427,0.5691146850585938
4340,428,0.2900877296924591
4350,429,0.4547494947910309
4360,430,0.43630966544151306
4370,431,0.4419243037700653
4380,432,0.6525847315788269
4390,433,0.4867943227291107
4400,434,0.3839762806892395
4410,435,0.3712382912635803
4420,436,0.7263973355293274
4430,437,0.754515528678894
4440,438,0.3372402787208557
4450,439,0.4331815838813782
4460,440,0.6116631031036377
4470,441,0.2823590636253357
4480,442,0.5297927856445312
4490,443,0.27374938130378723
4500,444,0.3833329379558563
4510,445,0.4252990484237671
4520,446,0.4825863540172577
4530,447,0.45562511682510376
4540,448,0.3531423807144165
4550,449,0.4576530158519745
4560,450,0.3406774699687958
4570,451,0.30789193511009216
4580,452,0.37357932329177856
4590,453,0.6409602165222168
4600,454,0.19620783627033234
4610,455,0.4847596287727356
4620,456,0.5323793888092041
4630,457,0.4440351724624634
4640,458,0.3674376606941223
4650,459,0.5366807579994202
4660,460,0.3221888542175293
4670,461,0.4827359616756439
4680,462,0.5882450938224792
4690,463,0.7629731297492981
4700,464,0.7061733603477478
4710,465,0.5969898700714111
4720,466,0.540036141872406
4730,467,0.7237778306007385
4740,468,0.28688421845436096
4750,469,0.4425135552883148
4760,470,0.29350072145462036
4770,471,0.4414953291416168
4780,472,0.5117818713188171
4790,473,0.5975752472877502
4800,474,0.5119713544845581
4810,475,0.7478805184364319
4820,476,0.4005105495452881
4830,477,0.3705601692199707
4840,478,0.3272606134414673
4850,479,0.19632744789123535
4860,480,0.6022313833236694
4870,481,0.4673224985599518
4880,482,0.29369303584098816
4890,483,0.5351719856262207
4900,484,0.4163479208946228
4910,485,0.5079575777053833
4920,486,0.536421000957489
4930,487,0.5215615034103394
4940,488,0.3755658268928528
4950,489,0.6086063981056213
4960,490,0.5197223424911499
4970,491,0.4640951454639435
4980,492,0.4289593994617462
4990,493,0.29447057843208313
5000,494,0.40601634979248047
5010,495,0.2685018479824066
5020,496,0.606209397315979
5030,497,0.33826667070388794
5040,498,0.4541093409061432
5050,499,0.5004100203514099
5060,500,0.5391555428504944
5070,501,0.4149831533432007
5080,502,0.46367281675338745
5090,503,0.5640067458152771
5100,504,0.4888147711753845
5110,505,0.49854859709739685
5120,506,0.36821696162223816
5130,507,0.2777143716812134
5140,508,0.38019290566444397
5150,509,0.44672849774360657
5160,510,0.4700830578804016
5170,511,0.6428882479667664
5180,512,0.36711934208869934
5190,513,0.31194043159484863
5200,514,0.4153011441230774
5210,515,0.43909507989883423
5220,516,0.37562739849090576
5230,517,0.26863476634025574
5240,518,0.18139758706092834
5250,519,0.6938567161560059
5260,520,0.6229700446128845
5270,521,0.26297426223754883
5280,522,0.35847076773643494
5290,523,0.2794545590877533
5300,524,0.24383990466594696
5310,525,0.47979140281677246
5320,526,0.4923759698867798
5330,527,0.6815308332443237
5340,528,0.6819251179695129
5350,529,0.2882128953933716
5360,530,0.5510958433151245
5370,531,0.45108821988105774
5380,532,0.5856072902679443
5390,533,0.6802548170089722
5400,534,0.6885520219802856
5410,535,0.7322889566421509
5420,536,0.3324774503707886
5430,537,0.6742788553237915
5440,538,0.49113911390304565
5450,539,0.4182156026363373
5460,540,0.49305129051208496
5470,541,0.6115120649337769
5480,542,0.3324275612831116
5490,543,0.4867028295993805
5500,544,0.33533918857574463
5510,545,0.7005811333656311
5520,546,0.2293228954076767
5530,547,0.5303171277046204
5540,548,0.4053645431995392
5550,549,0.4963003396987915
5560,550,0.3578682839870453
5570,551,0.6823593378067017
5580,552,0.4944271445274353
5590,553,0.3195376396179199
5600,554,0.33312106132507324
5610,555,0.29728493094444275
5620,556,0.38988998532295227
5630,557,0.605964720249176
5640,558,0.6124337911605835
5650,559,0.39605146646499634
5660,560,0.34710755944252014
5670,561,0.3194064497947693
5680,562,0.4728682041168213
5690,563,0.3042517304420471
5700,564,0.2540105879306793
5710,565,0.32550036907196045
5720,566,0.49753111600875854
5730,567,0.3229132294654846
5740,568,0.46920663118362427
5750,569,0.27938586473464966
5760,570,0.31621208786964417
5770,571,0.4590833783149719
5780,572,0.4334395229816437
5790,573,0.379506915807724
5800,574,0.4217529296875
5810,575,0.42923665046691895
5820,576,0.40914586186408997
5830,577,0.46230649948120117
5840,578,0.45852503180503845
5850,579,0.4896158277988434
5860,580,0.5321300625801086
5870,581,0.45890599489212036
5880,582,0.39146286249160767
5890,583,0.6116299033164978
5900,584,0.3914950489997864
5910,585,0.6873184442520142
5920,586,0.4724866449832916
5930,587,0.296251118183136
5940,588,0.2539582848548889
5950,589,0.37400996685028076
5960,590,0.28717878460884094
5970,591,0.4295302629470825
5980,592,0.23645196855068207
5990,593,0.4794343113899231
6000,594,0.45997855067253113
6010,595,0.5241690874099731
6020,596,0.42580646276474
6030,597,0.4658987522125244
6040,598,0.4370644688606262
6050,599,0.4050629734992981
6060,600,0.5350624322891235
6070,601,0.22156953811645508
6080,602,0.47494325041770935
6090,603,0.35871490836143494
6100,604,0.47907575964927673
6110,605,0.6165501475334167
6120,606,0.3023190200328827
6130,607,0.30101487040519714
6140,608,0.5614064931869507
6150,609,0.23234310746192932
6160,610,0.45825904607772827
6170,611,0.4491364657878876
6180,612,0.3385719954967499
6190,613,0.5242823362350464
6200,614,0.7320117354393005
6210,615,0.40517595410346985
6220,616,0.3511470854282379
6230,617,0.6180079579353333
6240,618,0.14970503747463226
6250,619,0.5365073680877686
6260,620,0.5749126672744751
6270,621,0.34072327613830566
6280,622,0.28561100363731384
6290,623,0.4316718578338623
6300,624,0.579285204410553
6310,625,0.4721912741661072
6320,626,0.44748663902282715
6330,627,0.3792181611061096
6340,628,0.24996404349803925
6350,629,0.5690000653266907
6360,630,0.41497132182121277
6370,631,0.38459908962249756
6380,632,0.47764384746551514
6390,633,0.4567558169364929
6400,634,0.25225743651390076
6410,635,0.378367155790329
6420,636,0.32039397954940796
6430,637,0.4715597629547119
6440,638,0.6457616090774536
6450,639,0.6495956778526306
6460,640,0.4714919924736023
6470,641,0.5906733870506287
6480,642,0.800614058971405
6490,643,0.6163331270217896
6500,644,0.557563304901123
6510,645,0.4721393585205078
6520,646,0.5168424248695374
6530,647,0.5897960662841797
6540,648,0.27362334728240967
6550,649,0.512646496295929
6560,650,0.4906488060951233
6570,651,0.4747183322906494
6580,652,0.4257403016090393
6590,653,0.4242241680622101
6600,654,0.4828294813632965
6610,655,0.3896873891353607
6620,656,0.5175859928131104
6630,657,0.5289676189422607
6640,658,0.4117680490016937
6650,659,0.5675323605537415
6660,660,0.4288270175457001
6670,661,0.3127494752407074
6680,662,0.3369818329811096
6690,663,0.37313100695610046
6700,664,0.8721908330917358
6710,665,0.34316766262054443
6720,666,0.48564979434013367
6730,667,0.31545063853263855
6740,668,0.4400355815887451
6750,669,0.5253754258155823
6760,670,0.47219139337539673
6770,671,0.4797901511192322
6780,672,0.5633715987205505
6790,673,0.3474988043308258
6800,674,0.18333448469638824
6810,675,0.26293426752090454
6820,676,0.33053091168403625
6830,677,0.3406810760498047
6840,678,0.14512065052986145
6850,679,0.3694259226322174
6860,680,0.5535284280776978
6870,681,0.30506432056427
6880,682,0.6111311316490173
6890,683,0.31288787722587585
6900,684,0.4062427878379822
6910,685,0.6106128692626953
6920,686,0.46961092948913574
6930,687,0.5273311138153076
6940,688,0.3117579221725464
6950,689,0.5332874655723572
6960,690,0.4824967384338379
6970,691,0.5699345469474792
6980,692,0.6621496677398682
6990,693,0.5045331716537476
7000,694,0.34831807017326355
7010,695,0.44109734892845154
7020,696,0.6464235186576843
7030,697,0.965710461139679
7040,698,0.2532159984111786
7050,699,0.3660230040550232
7060,700,0.6877053380012512
7070,701,0.17532800137996674
7080,702,0.554234504699707
7090,703,0.2716773450374603
7100,704,0.618340790271759
7110,705,0.3560459613800049
7120,706,0.2817496955394745
7130,707,0.37872546911239624
7140,708,0.4817313551902771
7150,709,0.2924623191356659
7160,710,0.30587196350097656
7170,711,0.7547744512557983
7180,712,0.250897616147995
7190,713,0.40543612837791443
7200,714,0.5041425824165344
7210,715,0.4079814851284027
7220,716,0.47499677538871765
7230,717,0.45777231454849243
7240,718,0.48948630690574646
7250,719,0.4243701696395874
7260,720,0.5527158975601196
7270,721,0.3645969331264496
7280,722,0.48909035325050354
7290,723,0.3273138403892517
7300,724,0.3063320815563202
7310,725,0.5506420731544495
7320,726,0.550825834274292
7330,727,0.3857422471046448
7340,728,0.23193316161632538
7350,729,0.22204741835594177
7360,730,0.4958053231239319
7370,731,0.4027460813522339
7380,732,0.44214290380477905
7390,733,0.3414924144744873
7400,734,0.3805837035179138
7410,735,0.6211792826652527
7420,736,0.2936283349990845
7430,737,0.5338854789733887
7440,738,0.48590192198753357
7450,739,0.5769020318984985
7460,740,0.46500164270401
7470,741,0.46728312969207764
7480,742,0.567902684211731
7490,743,0.44352203607559204
7500,744,0.7774938941001892
7510,745,0.5880044102668762
7520,746,0.2591198682785034
7530,747,0.623958170413971
7540,748,0.2424008697271347
7550,749,0.49072265625
7560,750,0.32735565304756165
7570,751,0.3658093810081482
7580,752,0.5521531701087952
7590,753,0.28854021430015564
7600,754,0.4805872142314911
7610,755,0.38832801580429077
7620,756,0.44380947947502136
7630,757,0.19669358432292938
7640,758,0.5925127863883972
7650,759,0.5916287899017334
7660,760,0.486455500125885
7670,761,0.35870203375816345
7680,762,0.5618358850479126
7690,763,0.6369840502738953
7700,764,0.5433233976364136
7710,765,0.24318836629390717
7720,766,0.4074634611606598
7730,767,0.38644132018089294
7740,768,0.5675972700119019
7750,769,0.49500203132629395
7760,770,0.29269304871559143
7770,771,0.6143268346786499
7780,772,0.305952250957489
7790,773,0.6002554297447205
7800,774,0.3114922046661377
7810,775,0.42464229464530945
7820,776,0.43947505950927734
7830,777,0.6257079839706421
7840,778,0.41527238488197327
7850,779,0.6062828898429871
7860,780,0.39277002215385437
7870,781,0.5973199009895325
7880,782,0.35898998379707336
7890,783,0.4684975743293762
7900,784,0.48345547914505005
7910,785,0.49180132150650024
7920,786,0.6203330159187317
7930,787,0.4903789460659027
7940,788,0.4566444754600525
7950,789,0.2756923735141754
7960,790,0.391018807888031
7970,791,0.26993921399116516
7980,792,0.32844746112823486
7990,793,0.39955422282218933
8000,794,0.7523779273033142
8010,795,0.47236526012420654
8020,796,0.3476178050041199
8030,797,0.30622899532318115
8040,798,0.34124675393104553
8050,799,0.3161352276802063
8060,800,0.5028801560401917
8070,801,0.46062010526657104
8080,802,0.592864453792572
8090,803,0.31454992294311523
8100,804,0.492715448141098
8110,805,0.5427982211112976
8120,806,0.355618417263031
8130,807,0.5715780854225159
8140,808,0.48754775524139404
8150,809,0.5733399987220764
8160,810,0.5808653831481934
8170,811,0.797086775302887
8180,812,0.3593129813671112
8190,813,0.6709201335906982
8200,814,0.6000815033912659
8210,815,0.3045586347579956
8220,816,0.4447671175003052
8230,817,0.8452147245407104
8240,818,0.8202991485595703
8250,819,0.49584633111953735
8260,820,0.6181220412254333
8270,821,0.3150005638599396
8280,822,0.39341485500335693
8290,823,0.5856172442436218
8300,824,0.13884316384792328
8310,825,0.4327826499938965
8320,826,0.2688058912754059
8330,827,0.39577576518058777
8340,828,0.4679083824157715
8350,829,0.5939366221427917
8360,830,0.37471967935562134
8370,831,0.5921720266342163
8380,832,0.4004911184310913
8390,833,0.26126769185066223
8400,834,0.4464761018753052
8410,835,0.3477201759815216
8420,836,0.4642072916030884
8430,837,0.3949148952960968
8440,838,0.3995060920715332
8450,839,0.39310675859451294
8460,840,0.5798617005348206
8470,841,0.4432901442050934
8480,842,0.4507841169834137
8490,843,0.38782548904418945
8500,844,0.19772912561893463
8510,845,0.6574642658233643
8520,846,0.3882963955402374
8530,847,0.697192370891571
8540,848,0.4832691550254822
8550,849,0.37382179498672485
8560,850,0.45686179399490356
8570,851,0.5319432616233826
8580,852,0.2472042441368103
8590,853,0.7679646015167236
8600,854,0.8740113973617554
8610,855,0.5877890586853027
8620,856,0.35766884684562683
8630,857,0.63740473985672
8640,858,0.5039966106414795
8650,859,0.39640235900878906
8660,860,0.47590237855911255
8670,861,0.38735827803611755
8680,862,0.6179717183113098
8690,863,0.5937279462814331
8700,864,0.4261918365955353
8710,865,0.3382384777069092
8720,866,0.32901373505592346
8730,867,0.3402341604232788
8740,868,0.8223245739936829
8750,869,0.5059514045715332
8760,870,0.5738774538040161
8770,871,0.4762052297592163
8780,872,0.30407992005348206
8790,873,0.32082563638687134
8800,874,0.5297094583511353
8810,875,0.2592044472694397
8820,876,0.7882437109947205
8830,877,0.3905401825904846
8840,878,0.34665873646736145
8850,879,0.38747596740722656
8860,880,0.7867993712425232
8870,881,0.7360833883285522
8880,882,0.6073887348175049
8890,883,0.596833348274231
8900,884,0.49911174178123474
8910,885,0.4779413044452667
8920,886,0.48713576793670654
8930,887,0.3883972465991974
8940,888,0.529484212398529
8950,889,0.4934609532356262
8960,890,0.37891653180122375
8970,891,0.4566817283630371
8980,892,0.32641077041625977
8990,893,0.6661015748977661
9000,894,0.41894030570983887
9010,895,0.6371039152145386
9020,896,0.5290209650993347
9030,897,0.45484697818756104
9040,898,0.4250619113445282
9050,899,0.8114848136901855
9060,900,0.43889668583869934
9070,901,0.2731946110725403
9080,902,0.4271312952041626
9090,903,0.27714961767196655
9100,904,0.39871853590011597
9110,905,0.666605532169342
9120,906,0.4342074394226074
9130,907,0.22615975141525269
9140,908,0.3832191526889801
9150,909,0.6098480224609375
9160,910,0.35320281982421875
9170,911,0.25078240036964417
9180,912,0.3698323667049408
9190,913,0.6877679228782654
9200,914,0.3731350600719452
9210,915,0.4855789542198181
9220,916,0.6218764781951904
9230,917,0.17246302962303162
9240,918,0.4295330345630646
9250,919,0.3711685538291931
9260,920,0.6071615219116211
9270,921,0.5029617547988892
9280,922,0.8276137113571167
9290,923,0.30913645029067993
9300,924,0.4476683735847473
9310,925,0.33348774909973145
9320,926,0.4089210033416748
9330,927,0.6022118926048279
9340,928,0.29668474197387695
9350,929,0.5157588124275208
9360,930,0.5693293809890747
9370,931,0.571959376335144
9380,932,0.4996558427810669
9390,933,0.3511973023414612
9400,934,0.446919322013855
9410,935,0.4382812976837158
9420,936,0.6355865597724915
9430,937,0.4622535705566406
9440,938,0.21791866421699524
9450,939,0.6328037977218628
9460,940,0.509198009967804
9470,941,0.6933070421218872
9480,942,0.35658130049705505
9490,943,0.37629640102386475
9500,944,0.493612676858902
9510,945,0.3051306903362274
9520,946,0.34078121185302734
9530,947,0.3545365333557129
9540,948,0.38548845052719116
9550,949,0.23132869601249695
9560,950,0.40441906452178955
9570,951,0.41400688886642456
9580,952,0.3463055491447449
9590,953,0.6153485774993896
9600,954,0.41747942566871643
9610,955,0.4804146885871887
9620,956,0.4107367694377899
9630,957,0.3750212788581848
9640,958,0.5295233726501465
9650,959,0.609245240688324
9660,960,0.5070559978485107
9670,961,0.45858675241470337
9680,962,0.5840609073638916
9690,963,0.3890632688999176
9700,964,0.5619807243347168
9710,965,0.3049883544445038
9720,966,0.5686529278755188
9730,967,0.41310468316078186
9740,968,0.2889988422393799
9750,969,0.30969393253326416
9760,970,0.6131577491760254
9770,971,0.3137030601501465
9780,972,0.40446674823760986
9790,973,0.30682173371315
9800,974,0.42760568857192993
9810,975,0.8186879754066467
9820,976,0.7150489091873169
9830,977,0.3932996392250061
9840,978,0.48045268654823303
9850,979,0.3968614935874939
9860,980,0.42798709869384766
9870,981,0.5027174949645996
9880,982,0.37298303842544556
9890,983,0.506727397441864
9900,984,0.514378547668457
9910,985,0.48332518339157104
9920,986,0.45699167251586914
9930,987,0.7305330038070679
9940,988,0.30046015977859497
9950,989,0.29548877477645874
9960,990,0.2740389406681061
9970,991,0.31925666332244873
9980,992,0.38089436292648315
9990,993,0.34952476620674133
10000,994,0.39952969551086426
10010,995,0.35550057888031006
10020,996,0.3024541437625885
10030,997,0.21490323543548584
10040,998,0.45128434896469116
10050,999,0.6086248755455017
10060,1000,0.38967370986938477
10070,1001,0.30270954966545105
10080,1002,0.42095017433166504
10090,1003,0.42216867208480835
10100,1004,0.36290478706359863
10110,1005,0.540497362613678
10120,1006,0.2899104356765747
10130,1007,0.45261287689208984
10140,1008,0.4112265110015869
10150,1009,0.3130675256252289
10160,1010,0.4273524284362793
10170,1011,0.18139863014221191
10180,1012,0.37502744793891907
10190,1013,0.46447837352752686
10200,1014,0.5654217004776001
10210,1015,0.5661008954048157
10220,1016,0.2611704468727112
10230,1017,0.4374644160270691
10240,1018,0.8939564228057861
10250,1019,0.2578679323196411
10260,1020,0.38963544368743896
10270,1021,0.19487982988357544
10280,1022,0.29387861490249634
10290,1023,0.3194948434829712
10300,1024,0.5830451250076294
10310,1025,0.4938106834888458
10320,1026,0.4177696704864502
10330,1027,0.5560922026634216
10340,1028,0.371622771024704
10350,1029,0.4086078405380249
10360,1030,0.3575713634490967
10370,1031,0.7406861186027527
10380,1032,0.29807376861572266
10390,1033,0.48830103874206543
10400,1034,0.760643720626831
10410,1035,0.5110893249511719
10420,1036,0.3669259250164032
10430,1037,0.5905451774597168
10440,1038,0.4929250478744507
10450,1039,0.5104974508285522
10460,1040,0.3152344226837158
10470,1041,0.6447187662124634
10480,1042,0.3635908365249634
10490,1043,0.49069908261299133
10500,1044,0.6830598711967468
10510,1045,0.6479249000549316
10520,1046,0.7556833028793335
10530,1047,0.5701512098312378
10540,1048,0.4374745190143585
10550,1049,0.3732110857963562
10560,1050,0.5412726402282715
10570,1051,0.37642213702201843
10580,1052,0.5947920680046082
10590,1053,0.4003762900829315
10600,1054,0.6280893087387085
10610,1055,0.26383471488952637
10620,1056,0.3271632492542267
10630,1057,0.4021058678627014
10640,1058,0.42143476009368896
10650,1059,0.5615177750587463
10660,1060,0.40074026584625244
10670,1061,0.4549535810947418
10680,1062,0.35573652386665344
10690,1063,0.47774970531463623
10700,1064,0.42798060178756714
10710,1065,0.4648798108100891
10720,1066,0.6907550096511841
10730,1067,0.48235073685646057
10740,1068,0.17255710065364838
10750,1069,0.41264471411705017
10760,1070,0.3021772503852844
10770,1071,0.7366753816604614
10780,1072,0.32914993166923523
10790,1073,0.6113671064376831
10800,1074,0.5607813596725464
10810,1075,0.1853516697883606
10820,1076,0.4684663414955139
10830,1077,0.3096539378166199
10840,1078,0.648553192615509
10850,1079,0.30617329478263855
10860,1080,0.46962669491767883
10870,1081,0.517970860004425
10880,1082,0.4215523600578308
10890,1083,0.4561976492404938
10900,1084,0.38130706548690796
10910,1085,0.2565598487854004
10920,1086,0.5508672595024109
10930,1087,0.5622267723083496
10940,1088,0.39885997772216797
10950,1089,0.47592049837112427
10960,1090,0.22683696448802948
10970,1091,0.20398445427417755
10980,1092,0.4646378755569458
10990,1093,0.27913427352905273
11000,1094,0.37529438734054565
11010,1095,0.2250705510377884
11020,1096,0.24046318233013153
11030,1097,0.21507474780082703
11040,1098,0.3144124448299408
11050,1099,0.38341984152793884
11060,1100,0.36227118968963623
11070,1101,0.6702978014945984
11080,1102,0.6163169741630554
11090,1103,0.4878169298171997
11100,1104,0.39609014987945557
11110,1105,0.4234689474105835
11120,1106,0.5405164957046509
11130,1107,0.5427238345146179
11140,1108,0.4331936240196228
11150,1109,0.2948451638221741
11160,1110,0.27753713726997375
11170,1111,0.23424668610095978
11180,1112,0.47422316670417786
11190,1113,0.3928188681602478
11200,1114,0.42556214332580566
11210,1115,0.5502564907073975
11220,1116,0.46948927640914917
11230,1117,0.28669723868370056
11240,1118,0.5004962086677551
11250,1119,0.3078996241092682
11260,1120,0.4295833110809326
11270,1121,0.5243438482284546
11280,1122,0.42996829748153687
11290,1123,0.4361864924430847
11300,1124,0.4863312840461731
11310,1125,0.39993950724601746
11320,1126,0.5576542615890503
11330,1127,0.5844769477844238
11340,1128,0.3510158061981201
11350,1129,0.501072108745575
11360,1130,0.29144957661628723
11370,1131,0.29309165477752686
11380,1132,0.3623242974281311
11390,1133,0.32399290800094604
11400,1134,0.33560362458229065
11410,1135,0.47747841477394104
11420,1136,0.4338552951812744
11430,1137,0.3112339973449707
11440,1138,0.3151499032974243
11450,1139,0.11531183123588562
11460,1140,0.30321261286735535
11470,1141,0.5852564573287964
11480,1142,0.4227217435836792
11490,1143,0.3689952790737152
11500,1144,0.23885098099708557
11510,1145,0.3246888220310211
11520,1146,0.4903826117515564
11530,1147,0.2482074499130249
11540,1148,0.276010662317276
11550,1149,0.21685251593589783
11560,1150,0.31310606002807617
11570,1151,0.2955215871334076
11580,1152,0.3408043086528778
11590,1153,0.46206262707710266
11600,1154,0.48729628324508667
11610,1155,0.45578140020370483
11620,1156,0.23331023752689362
11630,1157,0.44424736499786377
11640,1158,0.2964526116847992
11650,1159,0.1593530774116516
11660,1160,0.6103795170783997
11670,1161,0.5751625895500183
11680,1162,0.35874414443969727
11690,1163,0.455456018447876
11700,1164,0.5357185006141663
11710,1165,0.304426908493042
11720,1166,0.4729316830635071
11730,1167,0.40891990065574646
11740,1168,0.28283682465553284
11750,1169,0.3617388606071472
11760,1170,0.6336259245872498
11770,1171,0.363872230052948
11780,1172,0.2742297649383545
11790,1173,0.5737270712852478
11800,1174,0.38214775919914246
11810,1175,0.6756508946418762
11820,1176,0.1985676884651184
11830,1177,0.45706960558891296
11840,1178,0.4655153155326843
11850,1179,0.32809776067733765
11860,1180,0.257173627614975
11870,1181,0.3970690965652466
11880,1182,0.2574336528778076
11890,1183,0.4137865900993347
11900,1184,0.2891027629375458
11910,1185,0.4466608762741089
11920,1186,0.5616126656532288
11930,1187,0.5064272880554199
11940,1188,0.302937388420105
11950,1189,0.8155511617660522
11960,1190,0.3849543333053589
11970,1191,0.5072649121284485
11980,1192,0.5401646494865417
11990,1193,0.2774946987628937
12000,1194,0.12590205669403076
12010,1195,0.2746601402759552
12020,1196,0.4131512939929962
12030,1197,0.31752365827560425
12040,1198,0.3384702801704407
12050,1199,0.46583983302116394
12060,1200,0.17612983286380768
12070,1201,0.3368211090564728
12080,1202,0.48215460777282715
12090,1203,0.3153068721294403
12100,1204,0.39572808146476746
12110,1205,0.5350117683410645
12120,1206,0.2123377025127411
12130,1207,0.3632165193557739
12140,1208,0.31277862191200256
12150,1209,0.31008750200271606
12160,1210,0.39459875226020813
12170,1211,0.28601619601249695
12180,1212,0.2985679805278778
12190,1213,0.6026841402053833
12200,1214,0.2002064734697342
12210,1215,0.44006112217903137
12220,1216,0.43932271003723145
12230,1217,0.3429356515407562
12240,1218,0.38586416840553284
12250,1219,0.4728866517543793
12260,1220,0.36392611265182495
12270,1221,0.4368014335632324
12280,1222,0.26910439133644104
12290,1223,0.25086748600006104
12300,1224,0.38441014289855957
12310,1225,0.5859377384185791
12320,1226,0.19219696521759033
12330,1227,0.43554550409317017
12340,1228,0.5828409790992737
12350,1229,0.26827770471572876
12360,1230,0.30960479378700256
12370,1231,0.4054168164730072
12380,1232,0.33937233686447144
12390,1233,0.36699771881103516
12400,1234,0.3947065472602844
12410,1235,0.1525420993566513
12420,1236,0.6639541983604431
12430,1237,0.43233662843704224
12440,1238,0.3847651481628418
12450,1239,0.33184507489204407
12460,1240,0.14875659346580505
12470,1241,0.4728683829307556
12480,1242,0.41093146800994873
12490,1243,0.34437277913093567
12500,1244,0.31324052810668945
12510,1245,0.45068877935409546
12520,1246,0.3645017445087433
12530,1247,0.31565144658088684
12540,1248,0.6100630164146423
12550,1249,0.4322134256362915
12560,1250,0.39061227440834045
12570,1251,0.4229017198085785
12580,1252,0.39337456226348877
12590,1253,0.40800583362579346
12600,1254,0.45967772603034973
12610,1255,0.23537173867225647
12620,1256,0.5032222270965576
12630,1257,0.29382598400115967
12640,1258,0.4856512248516083
12650,1259,0.4564706087112427
12660,1260,0.2013312727212906
12670,1261,0.41526713967323303
12680,1262,0.452305406332016
12690,1263,0.31519031524658203
12700,1264,0.252314031124115
12710,1265,0.30706778168678284
12720,1266,0.37917906045913696
12730,1267,0.40873754024505615
12740,1268,0.48315998911857605
12750,1269,0.4050579071044922
12760,1270,0.22827096283435822
12770,1271,0.4149121046066284
12780,1272,0.3395938277244568
12790,1273,0.4079013764858246
12800,1274,0.5451474189758301
12810,1275,0.38817286491394043
12820,1276,0.3613491654396057
12830,1277,0.5208376049995422
12840,1278,0.23176154494285583
12850,1279,0.5281885862350464
12860,1280,0.051646120846271515
12870,1281,0.2720673978328705
12880,1282,0.23343761265277863
12890,1283,0.3081236183643341
12900,1284,0.3392784893512726
12910,1285,0.23229709267616272
12920,1286,0.4549342691898346
12930,1287,0.4877398908138275
12940,1288,0.3480033278465271
12950,1289,0.25557392835617065
12960,1290,0.33285415172576904
12970,1291,0.27061927318573
12980,1292,0.4429474174976349
12990,1293,0.5200323462486267
13000,1294,0.41534337401390076
13010,1295,0.4762597382068634
13020,1296,0.36927443742752075
13030,1297,0.4488210678100586
13040,1298,0.41867175698280334
13050,1299,0.5768325328826904
13060,1300,0.179444819688797
13070,1301,0.45436593890190125
13080,1302,0.4477168321609497
13090,1303,0.3783212900161743
13100,1304,0.2504587769508362
13110,1305,0.6611847877502441
13120,1306,0.2532585859298706
13130,1307,0.21979966759681702
13140,1308,0.2463511824607849
13150,1309,0.23992909491062164
13160,1310,0.21037819981575012
13170,1311,0.3743845522403717
13180,1312,0.38838574290275574
13190,1313,0.4720340371131897
13200,1314,0.17739565670490265
13210,1315,0.33972060680389404
13220,1316,0.46427175402641296
13230,1317,0.16130302846431732
13240,1318,0.5748891830444336
13250,1319,0.3222265839576721
13260,1320,0.5070779323577881
13270,1321,0.2836324870586395
13280,1322,0.2706127166748047
13290,1323,0.41165223717689514
13300,1324,0.4544299244880676
13310,1325,0.33010900020599365
13320,1326,0.25761470198631287
13330,1327,0.3379807770252228
13340,1328,0.3991301655769348
13350,1329,0.6007762551307678
13360,1330,0.4062850773334503
13370,1331,0.1509775072336197
13380,1332,0.3823968470096588
13390,1333,0.2724539339542389
13400,1334,0.3358287513256073
13410,1335,0.21935667097568512
13420,1336,0.4933328628540039
13430,1337,0.4047161638736725
13440,1338,0.5311830043792725
13450,1339,0.37030258774757385
13460,1340,0.36926519870758057
13470,1341,0.3157765567302704
13480,1342,0.25380846858024597
13490,1343,0.5268194079399109
13500,1344,0.3811783790588379
13510,1345,0.3766147792339325
13520,1346,0.562218189239502
13530,1347,0.3286575973033905
13540,1348,0.45766305923461914
13550,1349,0.3121480941772461
13560,1350,0.36137455701828003
13570,1351,0.5341030359268188
13580,1352,0.12813211977481842
13590,1353,0.4881945252418518
13600,1354,0.5590344667434692
13610,1355,0.18793947994709015
13620,1356,0.3001939654350281
13630,1357,0.33280032873153687
13640,1358,0.3349751830101013
13650,1359,0.3938605785369873
13660,1360,0.4491339921951294
13670,1361,0.18298453092575073
13680,1362,0.33201196789741516
13690,1363,0.2154465615749359
13700,1364,0.47861772775650024
13710,1365,0.31267857551574707
13720,1366,0.3923114836215973
13730,1367,0.4568694233894348
13740,1368,0.5372735857963562
13750,1369,0.3715672492980957
13760,1370,0.2488671988248825
13770,1371,0.5546225309371948
13780,1372,0.4366559684276581
13790,1373,0.5654260516166687
13800,1374,0.44593703746795654
13810,1375,0.594450056552887
13820,1376,0.44564229249954224
13830,1377,0.5151560306549072
13840,1378,0.6480469107627869
13850,1379,0.56144118309021
13860,1380,0.5468649864196777
13870,1381,0.20745712518692017
13880,1382,0.274177610874176
13890,1383,0.5946921110153198
13900,1384,0.41450318694114685
13910,1385,0.5775944590568542
13920,1386,0.22519218921661377
13930,1387,0.36963531374931335
13940,1388,0.47499406337738037
13950,1389,0.4735898971557617
13960,1390,0.5354976058006287
13970,1391,0.2730529010295868
13980,1392,0.40921348333358765
13990,1393,0.2747573256492615
14000,1394,0.4217813014984131
14010,1395,0.37997525930404663
14020,1396,0.3243974447250366
14030,1397,0.26959818601608276
14040,1398,0.3937169909477234
14050,1399,0.3949553966522217
14060,1400,0.3930373191833496
14070,1401,0.30465683341026306
14080,1402,0.1255529522895813
14090,1403,0.30967679619789124
14100,1404,0.3142572045326233
14110,1405,0.4523957669734955
14120,1406,0.5959474444389343
14130,1407,0.3633299469947815
14140,1408,0.3040127754211426
14150,1409,0.13497138023376465
14160,1410,0.29395437240600586
14170,1411,0.24471835792064667
14180,1412,0.38409650325775146
14190,1413,0.5555880665779114
14200,1414,0.5988432168960571
14210,1415,0.2912338078022003
14220,1416,0.22495204210281372
14230,1417,0.36263307929039
14240,1418,0.3280661702156067
14250,1419,0.6128231883049011
14260,1420,0.33300110697746277
14270,1421,0.42365509271621704
14280,1422,0.15954087674617767
14290,1423,0.24437855184078217
14300,1424,0.5064970254898071
14310,1425,0.4751179814338684
14320,1426,0.5826858878135681
14330,1427,0.30385497212409973
14340,1428,0.48155447840690613
14350,1429,0.37020424008369446
14360,1430,0.45872166752815247
14370,1431,0.24078722298145294
14380,1432,0.4218228757381439
14390,1433,0.5415585041046143
14400,1434,0.3340781033039093
14410,1435,0.44467777013778687
14420,1436,0.49153828620910645
14430,1437,0.2961181402206421
14440,1438,0.23445621132850647
14450,1439,0.38742056488990784
14460,1440,0.4529690742492676
14470,1441,0.21505123376846313
14480,1442,0.2341170310974121
14490,1443,0.3246634602546692
14500,1444,0.1246432289481163
14510,1445,0.37770572304725647
14520,1446,0.4710245728492737
14530,1447,0.2339748591184616
14540,1448,0.4046892821788788
14550,1449,0.24337802827358246
14560,1450,0.37179887294769287
14570,1451,0.44549325108528137
14580,1452,0.4104454517364502
14590,1453,0.2910977303981781
14600,1454,0.18795566260814667
14610,1455,0.3259701132774353
14620,1456,0.36104947328567505
14630,1457,0.18829508125782013
14640,1458,0.5443980097770691
14650,1459,0.4902005195617676
14660,1460,0.28696027398109436
14670,1461,0.23232406377792358
14680,1462,0.3020443320274353
14690,1463,0.1553855538368225
14700,1464,0.4880155324935913
14710,1465,0.21051739156246185
14720,1466,0.614908754825592
14730,1467,0.5338104963302612
14740,1468,0.5241531729698181
14750,1469,0.11576242744922638
14760,1470,0.40517961978912354
14770,1471,0.3546554446220398
14780,1472,0.34442493319511414
14790,1473,0.3479478359222412
14800,1474,0.6671885251998901
14810,1475,0.29362809658050537
14820,1476,0.5077964067459106
14830,1477,0.3657418191432953
14840,1478,0.2654874324798584
14850,1479,0.25131919980049133
14860,1480,0.46101513504981995
14870,1481,0.41491806507110596
14880,1482,0.18973231315612793
14890,1483,0.7783277034759521
14900,1484,0.6256766319274902
14910,1485,0.17200660705566406
14920,1486,0.43425437808036804
14930,1487,0.5682592391967773
14940,1488,0.318434476852417
14950,1489,0.4345173239707947
14960,1490,0.38571637868881226
14970,1491,0.3495970666408539
14980,1492,0.49568331241607666
14990,1493,0.263207346200943
15000,1494,0.5551716089248657
15010,1495,0.2650185227394104
15020,1496,0.31402283906936646
15030,1497,0.3958478271961212
15040,1498,0.48875752091407776
15050,1499,0.30815574526786804
15060,1500,0.5235313773155212
15070,1501,0.38430196046829224
15080,1502,0.622502326965332
15090,1503,0.19213071465492249
15100,1504,0.36032605171203613
15110,1505,0.2898730933666229
15120,1506,0.2361413538455963
15130,1507,0.28850430250167847
15140,1508,0.4397215247154236
15150,1509,0.35474321246147156
15160,1510,0.3898431658744812
15170,1511,0.495296448469162
15180,1512,0.3087296187877655
15190,1513,0.27608349919319153
15200,1514,0.17363488674163818
15210,1515,0.33814114332199097
15220,1516,0.23482856154441833
15230,1517,0.2900846004486084
15240,1518,0.2678260803222656
15250,1519,0.43226489424705505
15260,1520,0.3669023811817169
15270,1521,0.2250741720199585
15280,1522,0.5142956376075745
15290,1523,0.2870052456855774
15300,1524,0.36314642429351807
15310,1525,0.21706977486610413
15320,1526,0.24709242582321167
15330,1527,0.5805332064628601
15340,1528,0.2249380350112915
15350,1529,0.31362074613571167
15360,1530,0.2775607109069824
15370,1531,0.3386337459087372
15380,1532,0.3081526756286621
15390,1533,0.15307506918907166
15400,1534,0.3248515725135803
15410,1535,0.3637830913066864
15420,1536,0.12557551264762878
15430,1537,0.34978511929512024
15440,1538,0.319158136844635
15450,1539,0.4032825529575348
15460,1540,0.45563632249832153
15470,1541,0.15661200881004333
15480,1542,0.33527952432632446
15490,1543,0.5043177008628845
15500,1544,0.41176795959472656
15510,1545,0.2351321578025818
15520,1546,0.2232082635164261
15530,1547,0.31705617904663086
15540,1548,0.3598891496658325
15550,1549,0.40036916732788086
15560,1550,0.4326131343841553
15570,1551,0.16623587906360626
15580,1552,0.4053897261619568
15590,1553,0.18112939596176147
15600,1554,0.2843157649040222
15610,1555,0.37052690982818604
15620,1556,0.26137566566467285
15630,1557,0.18412108719348907
15640,1558,0.3210148811340332
15650,1559,0.3514065742492676
15660,1560,0.43190205097198486
15670,1561,0.2608780264854431
15680,1562,0.3467428386211395
15690,1563,0.20621271431446075
15700,1564,0.1975666582584381
15710,1565,0.19468434154987335
15720,1566,0.46331602334976196
15730,1567,0.32387909293174744
15740,1568,0.3583988845348358
15750,1569,0.44582122564315796
15760,1570,0.2689352333545685
15770,1571,0.19550839066505432
15780,1572,0.3870469033718109
15790,1573,0.5204697847366333
15800,1574,0.3294309377670288
15810,1575,0.1723383218050003
15820,1576,0.26173150539398193
15830,1577,0.45713406801223755
15840,1578,0.26582199335098267
15850,1579,0.3085670471191406
15860,1580,0.5125499963760376
15870,1581,0.19876128435134888
15880,1582,0.2753680944442749
15890,1583,0.14719852805137634
15900,1584,0.19532614946365356
15910,1585,0.3494454622268677
15920,1586,0.2641444802284241
15930,1587,0.27027082443237305
15940,1588,0.3784065544605255
15950,1589,0.31590867042541504
15960,1590,0.34708371758461
15970,1591,0.40086108446121216
15980,1592,0.3390090763568878
15990,1593,0.29237061738967896
16000,1594,0.19941316545009613
16010,1595,0.29531481862068176
16020,1596,0.48553571105003357
16030,1597,0.4035463035106659
16040,1598,0.41695526242256165
16050,1599,0.3710789680480957
16060,1600,0.2886798679828644
16070,1601,0.31206464767456055
16080,1602,0.2863882780075073
16090,1603,0.18682050704956055
16100,1604,0.3412588834762573
16110,1605,0.2731662690639496
16120,1606,0.6047282814979553
16130,1607,0.4457284212112427
16140,1608,0.32695963978767395
16150,1609,0.3024020195007324
16160,1610,0.18067754805088043
16170,1611,0.40328529477119446
16180,1612,0.22793111205101013
16190,1613,0.12658999860286713
16200,1614,0.1829288750886917
16210,1615,0.29168936610221863
16220,1616,0.5306639671325684
16230,1617,0.25680243968963623
16240,1618,0.3074042499065399
16250,1619,0.39490771293640137
16260,1620,0.5247446298599243
16270,1621,0.3104690909385681
16280,1622,0.24256771802902222
16290,1623,0.25271424651145935
16300,1624,0.3223021626472473
16310,1625,0.4104733467102051
16320,1626,0.21882012486457825
16330,1627,0.2296696901321411
16340,1628,0.2812303602695465
16350,1629,0.35279595851898193
16360,1630,0.09443889558315277
16370,1631,0.3816518187522888
16380,1632,0.33196738362312317
16390,1633,0.36774349212646484
16400,1634,0.26320284605026245
16410,1635,0.1827811300754547
16420,1636,0.4398788511753082
16430,1637,0.5382287502288818
16440,1638,0.35718443989753723
16450,1639,0.401646226644516
16460,1640,0.11714409291744232
16470,1641,0.315623015165329
16480,1642,0.23678430914878845
16490,1643,0.11067208647727966
16500,1644,0.1760706752538681
16510,1645,0.19693684577941895
16520,1646,0.2717047929763794
16530,1647,0.16414980590343475
16540,1648,0.6120797395706177
16550,1649,0.3954090178012848
16560,1650,0.3217868208885193
16570,1651,0.2874019742012024
16580,1652,0.42085424065589905
16590,1653,0.1575595885515213
16600,1654,0.5533720254898071
16610,1655,0.23214685916900635
16620,1656,0.22986666858196259
16630,1657,0.4591849446296692
16640,1658,0.2419765442609787
16650,1659,0.2985207438468933
16660,1660,0.4837360978126526
16670,1661,0.47483497858047485
16680,1662,0.4129587411880493
16690,1663,0.3078366219997406
16700,1664,0.13291694223880768
16710,1665,0.3572501242160797
16720,1666,0.5890871286392212
16730,1667,0.1657753884792328
16740,1668,0.2355617880821228
16750,1669,0.25701475143432617
16760,1670,0.2811742126941681
16770,1671,0.4298036992549896
16780,1672,0.40780508518218994
16790,1673,0.23915666341781616
16800,1674,0.18414489924907684
16810,1675,0.17754940688610077
16820,1676,0.23863962292671204
16830,1677,0.5035223364830017
16840,1678,0.08840993046760559
16850,1679,0.2497246414422989
16860,1680,0.3388100862503052
16870,1681,0.27646538615226746
16880,1682,0.40742358565330505
16890,1683,0.4497160315513611
16900,1684,0.21914200484752655
16910,1685,0.4264983534812927
16920,1686,0.15977859497070312
16930,1687,0.41398102045059204
16940,1688,0.19124551117420197
16950,1689,0.19587638974189758
16960,1690,0.24015074968338013
16970,1691,0.2187710702419281
16980,1692,0.24707861244678497
16990,1693,0.37022665143013
17000,1694,0.29573753476142883
17010,1695,0.42441967129707336
17020,1696,0.4580985903739929
17030,1697,0.4245661497116089
17040,1698,0.4169117510318756
17050,1699,0.4614759385585785
17060,1700,0.2684737741947174
17070,1701,0.3290357291698456
17080,1702,0.19453711807727814
17090,1703,0.3141694664955139
17100,1704,0.1354387253522873
17110,1705,0.18137769401073456
17120,1706,0.4610467255115509
17130,1707,0.3415696322917938
17140,1708,0.38418519496917725
17150,1709,0.245823934674263
17160,1710,0.13312502205371857
17170,1711,0.2334425449371338
17180,1712,0.43528759479522705
17190,1713,0.42080217599868774
17200,1714,0.3549683690071106
17210,1715,0.44121822714805603
17220,1716,0.2543628215789795
17230,1717,0.49696728587150574
17240,1718,0.15461276471614838
17250,1719,0.2860161066055298
17260,1720,0.43258053064346313
17270,1721,0.3072975277900696
17280,1722,0.5275608897209167
17290,1723,0.18903811275959015
17300,1724,0.2815406918525696
17310,1725,0.3610830307006836
17320,1726,0.22222758829593658
17330,1727,0.5387136340141296
17340,1728,0.226960688829422
17350,1729,0.2550331950187683
17360,1730,0.3153144419193268
17370,1731,0.21235749125480652
17380,1732,0.2316756248474121
17390,1733,0.37694451212882996
17400,1734,0.37690994143486023
17410,1735,0.3722536265850067
17420,1736,0.21796733140945435
17430,1737,0.14542126655578613
17440,1738,0.2874097526073456
17450,1739,0.22683148086071014
17460,1740,0.32953131198883057
17470,1741,0.2483656108379364
17480,1742,0.3254278600215912
17490,1743,0.2958061397075653
17500,1744,0.425112783908844
17510,1745,0.3874332308769226
17520,1746,0.19534176588058472
17530,1747,0.25992056727409363
17540,1748,0.4574583172798157
17550,1749,0.24735380709171295
17560,1750,0.09743226319551468
17570,1751,0.393809050321579
17580,1752,0.17856253683567047
17590,1753,0.14490993320941925
17600,1754,0.5118569135665894
17610,1755,0.4645279049873352
17620,1756,0.17772731184959412
17630,1757,0.3616325855255127
17640,1758,0.3332456648349762
17650,1759,0.23411019146442413
17660,1760,0.27254512906074524
17670,1761,0.21753212809562683
17680,1762,0.3438120186328888
17690,1763,0.27270057797431946
17700,1764,0.23990701138973236
17710,1765,0.4410654604434967
17720,1766,0.2614343464374542
17730,1767,0.06557674705982208
17740,1768,0.13733333349227905
17750,1769,0.33763742446899414
17760,1770,0.3578350841999054
17770,1771,0.1777195930480957
17780,1772,0.21403160691261292
17790,1773,0.32825976610183716
17800,1774,0.274542897939682
17810,1775,0.4449969232082367
17820,1776,0.2913969159126282
17830,1777,0.4486987590789795
17840,1778,0.19733119010925293
17850,1779,0.33291566371917725
17860,1780,0.28710997104644775
17870,1781,0.5330871343612671
17880,1782,0.14494934678077698
17890,1783,0.2039898931980133
17900,1784,0.17264589667320251
17910,1785,0.41996830701828003
17920,1786,0.2989923059940338
17930,1787,0.18847903609275818
17940,1788,0.1801806539297104
17950,1789,0.38518816232681274
17960,1790,0.31332629919052124
17970,1791,0.2789807617664337
17980,1792,0.19210883975028992
17990,1793,0.3059405982494354
18000,1794,0.2908582091331482
18010,1795,0.27972882986068726
18020,1796,0.5502039790153503
18030,1797,0.37003833055496216
18040,1798,0.20925089716911316
18050,1799,0.21170252561569214
18060,1800,0.1606304943561554
18070,1801,0.2539956569671631
18080,1802,0.4192347824573517
18090,1803,0.3669109642505646
18100,1804,0.2122766375541687
18110,1805,0.4723965525627136
18120,1806,0.28633323311805725
18130,1807,0.2715643346309662
18140,1808,0.2942596673965454
18150,1809,0.3976837694644928
18160,1810,0.1151898205280304
18170,1811,0.25711339712142944
18180,1812,0.36335062980651855
18190,1813,0.46525099873542786
18200,1814,0.36068880558013916
18210,1815,0.32691776752471924
18220,1816,0.16908393800258636
18230,1817,0.5665020942687988
18240,1818,0.2184344381093979
18250,1819,0.3226250112056732
18260,1820,0.21433402597904205
18270,1821,0.4138590097427368
18280,1822,0.15186506509780884
18290,1823,0.43255507946014404
18300,1824,0.4740159809589386
18310,1825,0.2779777944087982
18320,1826,0.3321147859096527
18330,1827,0.2273041158914566
18340,1828,0.5879731774330139
18350,1829,0.35646212100982666
18360,1830,0.2410815954208374
18370,1831,0.3668311834335327
18380,1832,0.37529945373535156
18390,1833,0.3246561884880066
18400,1834,0.22818030416965485
18410,1835,0.20539234578609467
18420,1836,0.27112215757369995
18430,1837,0.22385865449905396
18440,1838,0.3895011246204376
18450,1839,0.19565410912036896
18460,1840,0.14865489304065704
18470,1841,0.22666612267494202
18480,1842,0.19967643916606903
18490,1843,0.4771256446838379
18500,1844,0.4033224582672119
18510,1845,0.3521662950515747
18520,1846,0.4399048089981079
18530,1847,0.27061206102371216
18540,1848,0.27937960624694824
18550,1849,0.36200016736984253
18560,1850,0.4995081424713135
18570,1851,0.4453427195549011
18580,1852,0.07985255122184753
18590,1853,0.34394729137420654
18600,1854,0.21147024631500244
18610,1855,0.1937585026025772
18620,1856,0.3777127265930176
18630,1857,0.19273269176483154
18640,1858,0.26610925793647766
18650,1859,0.3096775710582733
18660,1860,0.38111820816993713
18670,1861,0.2258172482252121
18680,1862,0.39744555950164795
18690,1863,0.18661507964134216
18700,1864,0.36772415041923523
18710,1865,0.23074743151664734
18720,1866,0.2632007598876953
18730,1867,0.14089636504650116
18740,1868,0.40987271070480347
18750,1869,0.36347970366477966
18760,1870,0.39096155762672424
18770,1871,0.3085322380065918
18780,1872,0.23361167311668396
18790,1873,0.32866302132606506
18800,1874,0.3672736883163452
18810,1875,0.31222185492515564
18820,1876,0.1702105849981308
18830,1877,0.3755357265472412
18840,1878,0.22233815491199493
18850,1879,0.2570628523826599
18860,1880,0.33923035860061646
18870,1881,0.32884320616722107
18880,1882,0.28347155451774597
18890,1883,0.2111702263355255
18900,1884,0.11901147663593292
18910,1885,0.3395377993583679
18920,1886,0.36452728509902954
18930,1887,0.25827592611312866
18940,1888,0.2786722779273987
18950,1889,0.18387168645858765
18960,1890,0.4942120909690857
18970,1891,0.2478889375925064
18980,1892,0.26941147446632385
18990,1893,0.22312763333320618
19000,1894,0.2786235213279724
19010,1895,0.2640690207481384
19020,1896,0.34275349974632263
19030,1897,0.37543320655822754
19040,1898,0.3176470100879669
19050,1899,0.18058311939239502
19060,1900,0.08802658319473267
19070,1901,0.39283934235572815
19080,1902,0.18764492869377136
19090,1903,0.3959667682647705
19100,1904,0.2946299612522125
19110,1905,0.4136960804462433
19120,1906,0.36005550622940063
19130,1907,0.1817396730184555
19140,1908,0.16481174528598785
19150,1909,0.1021924689412117
19160,1910,0.2370694875717163
19170,1911,0.6605894565582275
19180,1912,0.21445263922214508
19190,1913,0.334894597530365
19200,1914,0.47770828008651733
19210,1915,0.5230286121368408
19220,1916,0.30494898557662964
19230,1917,0.20560529828071594
19240,1918,0.22397644817829132
19250,1919,0.2700130343437195
19260,1920,0.21514450013637543
19270,1921,0.24204063415527344
19280,1922,0.22789829969406128
19290,1923,0.4796029031276703
19300,1924,0.24970656633377075
19310,1925,0.2518763244152069
19320,1926,0.4913164973258972
19330,1927,0.31539231538772583
19340,1928,0.3436022996902466
19350,1929,0.3372097611427307
19360,1930,0.3176679313182831
19370,1931,0.21729913353919983
19380,1932,0.1800064742565155
19390,1933,0.2088480442762375
19400,1934,0.22082366049289703
19410,1935,0.18577030301094055
19420,1936,0.2779562771320343
19430,1937,0.11697066575288773
19440,1938,0.21480408310890198
19450,1939,0.26217594742774963
19460,1940,0.20038451254367828
19470,1941,0.2522997558116913
19480,1942,0.5114325881004333
19490,1943,0.32949554920196533
19500,1944,0.08378753066062927
19510,1945,0.25869220495224
19520,1946,0.17638719081878662
19530,1947,0.24010513722896576
19540,1948,0.37745165824890137
19550,1949,0.3686729073524475
19560,1950,0.46863412857055664
19570,1951,0.44145306944847107
19580,1952,0.2896023094654083
19590,1953,0.3258553147315979
19600,1954,0.2435426115989685
19610,1955,0.44299763441085815
19620,1956,0.29718711972236633
19630,1957,0.29851141571998596
19640,1958,0.2423611730337143
19650,1959,0.31206774711608887
19660,1960,0.3061067461967468
19670,1961,0.20574280619621277
19680,1962,0.23060278594493866
19690,1963,0.2757432460784912
19700,1964,0.2310430407524109
19710,1965,0.36557623744010925
19720,1966,0.4096338450908661
19730,1967,0.18563760817050934
19740,1968,0.2758272886276245
19750,1969,0.1795034557580948
19760,1970,0.2298043966293335
19770,1971,0.20489439368247986
19780,1972,0.14433689415454865
19790,1973,0.28449568152427673
19800,1974,0.23624157905578613
19810,1975,0.22701862454414368
19820,1976,0.3770139515399933
19830,1977,0.18624956905841827
19840,1978,0.19242584705352783
19850,1979,0.18036100268363953
19860,1980,0.2230544090270996
19870,1981,0.1666436344385147
19880,1982,0.0660824403166771
19890,1983,0.2880360186100006
19900,1984,0.19782531261444092
19910,1985,0.37950849533081055
19920,1986,0.3645246624946594
19930,1987,0.4732534885406494
19940,1988,0.6713433265686035
19950,1989,0.2043413519859314
19960,1990,0.1973915547132492
19970,1991,0.26336920261383057
19980,1992,0.2421530932188034
19990,1993,0.27591803669929504
20000,1994,0.2919347882270813
20010,1995,0.24356654286384583
20020,1996,0.2940621078014374
20030,1997,0.3919016122817993
20040,1998,0.39884287118911743
20050,1999,0.2775278687477112
20060,2000,0.509273111820221
20070,2001,0.2530801296234131
20080,2002,0.332940012216568
20090,2003,0.17167392373085022
20100,2004,0.27494725584983826
20110,2005,0.4293549656867981
20120,2006,0.1353897899389267
20130,2007,0.3405391275882721
20140,2008,0.19888389110565186
20150,2009,0.19337856769561768
20160,2010,0.5131921768188477
20170,2011,0.4198310971260071
20180,2012,0.16936030983924866
20190,2013,0.03140280768275261
20200,2014,0.19700579345226288
20210,2015,0.33781787753105164
20220,2016,0.15862226486206055
20230,2017,0.5995110869407654
20240,2018,0.4075489640235901
20250,2019,0.1928683966398239
20260,2020,0.3378123939037323
20270,2021,0.13060373067855835
20280,2022,0.31300726532936096
20290,2023,0.3363853096961975
20300,2024,0.4215364158153534
20310,2025,0.15886841714382172
20320,2026,0.21467365324497223
20330,2027,0.22772595286369324
20340,2028,0.2959073483943939
20350,2029,1.0326592922210693
20360,2030,0.08094725757837296
20370,2031,0.2376922369003296
20380,2032,0.22940737009048462
20390,2033,0.30223751068115234
20400,2034,0.31703343987464905
20410,2035,0.38120564818382263
20420,2036,0.3209651708602905
20430,2037,0.2741313576698303
20440,2038,0.28249460458755493
20450,2039,0.4257407784461975
20460,2040,0.5037238597869873
20470,2041,0.31271666288375854
20480,2042,0.15788930654525757
20490,2043,0.4200630486011505
20500,2044,0.07854501903057098
20510,2045,0.1794281154870987
20520,2046,0.3123694658279419
20530,2047,0.17704319953918457
20540,2048,0.305136501789093
20550,2049,0.14210188388824463
20560,2050,0.31760722398757935
20570,2051,0.2331830859184265
20580,2052,0.328816294670105
20590,2053,0.2616438567638397
20600,2054,0.3546867072582245
20610,2055,0.15351147949695587
20620,2056,0.2725556790828705
20630,2057,0.4977453351020813
20640,2058,0.3215203285217285
20650,2059,0.32754889130592346
20660,2060,0.15778695046901703
20670,2061,0.22655199468135834
20680,2062,0.1552537977695465
20690,2063,0.3722270429134369
20700,2064,0.3285340666770935
20710,2065,0.19586986303329468
20720,2066,0.26108723878860474
20730,2067,0.2695649564266205
20740,2068,0.34094125032424927
20750,2069,0.298492431640625
20760,2070,0.14929550886154175
20770,2071,0.2297316938638687
20780,2072,0.1333666443824768
20790,2073,0.17267797887325287
20800,2074,0.12364132702350616
20810,2075,0.2016770839691162
20820,2076,0.13416415452957153
20830,2077,0.3474126160144806
20840,2078,0.5045421719551086
20850,2079,0.22889140248298645
20860,2080,0.1568170189857483
20870,2081,0.33944037556648254
20880,2082,0.10490314662456512
20890,2083,0.3126979470252991
20900,2084,0.23018218576908112
20910,2085,0.21741652488708496
20920,2086,0.24933435022830963
20930,2087,0.10607630759477615
20940,2088,0.21476155519485474
20950,2089,0.2017696052789688
20960,2090,0.316800057888031
20970,2091,0.25841042399406433
20980,2092,0.322072833776474
20990,2093,0.3720477819442749
21000,2094,0.2945156693458557
21010,2095,0.18506357073783875
21020,2096,0.3146689534187317
21030,2097,0.3219001293182373
21040,2098,0.35427364706993103
21050,2099,0.24298204481601715
21060,2100,0.2579894959926605
21070,2101,0.21166940033435822
21080,2102,0.31878817081451416
21090,2103,0.10596723109483719
21100,2104,0.15773846209049225
21110,2105,0.32704487442970276
21120,2106,0.09047497063875198
21130,2107,0.6386858820915222
21140,2108,0.23422053456306458
21150,2109,0.3005014955997467
21160,2110,0.2506863474845886
21170,2111,0.18612489104270935
21180,2112,0.31428590416908264
21190,2113,0.17315003275871277
21200,2114,0.23015376925468445
21210,2115,0.3110501170158386
21220,2116,0.21717151999473572
21230,2117,0.3522403836250305
21240,2118,0.27137142419815063
21250,2119,0.2254561483860016
21260,2120,0.22841571271419525
21270,2121,0.16117829084396362
21280,2122,0.2888111472129822
21290,2123,0.25900521874427795
21300,2124,0.10596625506877899
21310,2125,0.2382810115814209
21320,2126,0.2156551033258438
21330,2127,0.22751815617084503
21340,2128,0.4281477928161621
21350,2129,0.17617836594581604
21360,2130,0.29352179169654846
21370,2131,0.09342483431100845
21380,2132,0.26174429059028625
21390,2133,0.3614145815372467
21400,2134,0.24807585775852203
21410,2135,0.16348503530025482
21420,2136,0.2917388081550598
21430,2137,0.20346421003341675
21440,2138,0.13691537082195282
21450,2139,0.17478886246681213
21460,2140,0.22934859991073608
21470,2141,0.27778610587120056
21480,2142,0.14905314147472382
21490,2143,0.3771779537200928
21500,2144,0.07733611762523651
21510,2145,0.13047471642494202
21520,2146,0.25221097469329834
21530,2147,0.1480814814567566
21540,2148,0.10316479951143265
21550,2149,0.2823779881000519
21560,2150,0.2653561532497406
21570,2151,0.15199843049049377
21580,2152,0.14026713371276855
21590,2153,0.15703903138637543
21600,2154,0.4327819049358368
21610,2155,0.14111414551734924
21620,2156,0.3950810432434082
21630,2157,0.04107678681612015
21640,2158,0.3879108428955078
21650,2159,0.35298991203308105
21660,2160,0.23754078149795532
21670,2161,0.23344579339027405
21680,2162,0.17385455965995789
21690,2163,0.3880073130130768
21700,2164,0.1342669427394867
21710,2165,0.42615076899528503
21720,2166,0.3799859881401062
21730,2167,0.46147921681404114
21740,2168,0.3451249897480011
21750,2169,0.3559827208518982
21760,2170,0.16265851259231567
21770,2171,0.2635243237018585
21780,2172,0.13513433933258057
21790,2173,0.28044670820236206
21800,2174,0.23345544934272766
21810,2175,0.4058406949043274
21820,2176,0.3055192232131958
21830,2177,0.13135163486003876
21840,2178,0.23748406767845154
21850,2179,0.2818421721458435
21860,2180,0.32852116227149963
21870,2181,0.2954620122909546
21880,2182,0.4060433804988861
21890,2183,0.3213297724723816
21900,2184,0.21180269122123718
21910,2185,0.13671153783798218
21920,2186,0.24377553164958954
21930,2187,0.16274213790893555
21940,2188,0.23323720693588257
21950,2189,0.2701778709888458
21960,2190,0.3771728277206421
21970,2191,0.18933099508285522
21980,2192,0.060784220695495605
21990,2193,0.14163659512996674
22000,2194,0.08650565892457962
22010,2195,0.08614729344844818
22020,2196,0.19015054404735565
22030,2197,0.11037880182266235
22040,2198,0.16170212626457214
22050,2199,0.42939239740371704
22060,2200,0.3027117848396301
22070,2201,0.43854326009750366
22080,2202,0.1532590091228485
22090,2203,0.1663985550403595
22100,2204,0.17203736305236816
22110,2205,0.1349211186170578
22120,2206,0.15094061195850372
22130,2207,0.39851686358451843
22140,2208,0.32875919342041016
22150,2209,0.1860097497701645
22160,2210,0.32548171281814575
22170,2211,0.2590559124946594
22180,2212,0.2979568839073181
22190,2213,0.4282376766204834
22200,2214,0.23676076531410217
22210,2215,0.41121867299079895
22220,2216,0.09888501465320587
22230,2217,0.3875955045223236
22240,2218,0.21513256430625916
22250,2219,0.2155090719461441
22260,2220,0.14196224510669708
22270,2221,0.21925070881843567
22280,2222,0.17689090967178345
22290,2223,0.31063327193260193
22300,2224,0.15833783149719238
22310,2225,0.16874445974826813
22320,2226,0.1040472537279129
22330,2227,0.15990912914276123
22340,2228,0.14870844781398773
22350,2229,0.32490167021751404
22360,2230,0.12201385945081711
22370,2231,0.17155775427818298
22380,2232,0.265742689371109
22390,2233,0.15472623705863953
22400,2234,0.2924564778804779
22410,2235,0.1746208816766739
22420,2236,0.24450844526290894
22430,2237,0.2626662850379944
22440,2238,0.29468557238578796
22450,2239,0.3208331763744354
22460,2240,0.2697291672229767
22470,2241,0.17315927147865295
22480,2242,0.1832934319972992
22490,2243,0.31072649359703064
22500,2244,0.2764984965324402
22510,2245,0.1141715794801712
22520,2246,0.15836365520954132
22530,2247,0.08288191258907318
22540,2248,0.4716961979866028
22550,2249,0.23582723736763
22560,2250,0.5187192559242249
22570,2251,0.16035057604312897
22580,2252,0.21429245173931122
22590,2253,0.05354965850710869
22600,2254,0.3561710715293884
22610,2255,0.17404548823833466
22620,2256,0.20044180750846863
22630,2257,0.15181277692317963
22640,2258,0.49687713384628296
22650,2259,0.10839225351810455
22660,2260,0.2781115472316742
22670,2261,0.2764902710914612
22680,2262,0.21828675270080566
22690,2263,0.20389653742313385
22700,2264,0.19819605350494385
22710,2265,0.2210342437028885
22720,2266,0.34785979986190796
22730,2267,0.22770100831985474
22740,2268,0.30036303400993347
22750,2269,0.08671855926513672
22760,2270,0.12355192005634308
22770,2271,0.1056293398141861
22780,2272,0.2838689684867859
22790,2273,0.19887103140354156
22800,2274,0.18741475045681
22810,2275,0.15626086294651031
22820,2276,0.4542957544326782
22830,2277,0.16721998155117035
22840,2278,0.07782179862260818
22850,2279,0.30634191632270813
22860,2280,0.08479353785514832
22870,2281,0.1531314104795456
22880,2282,0.3778466582298279
22890,2283,0.16668152809143066
22900,2284,0.236421599984169
22910,2285,0.28702718019485474
22920,2286,0.26343998312950134
22930,2287,0.1602073609828949
22940,2288,0.3460625410079956
22950,2289,0.24480964243412018
22960,2290,0.33644363284111023
22970,2291,0.19997945427894592
22980,2292,0.22960209846496582
22990,2293,0.44156554341316223
23000,2294,0.18498669564723969
23010,2295,0.35672083497047424
23020,2296,0.10646390914916992
23030,2297,0.11348661035299301
23040,2298,0.063847117125988
23050,2299,0.21272149682044983
23060,2300,0.2761392593383789
23070,2301,0.16351176798343658
23080,2302,0.10768295079469681
23090,2303,0.13137532770633698
23100,2304,0.18794755637645721
23110,2305,0.19446562230587006
23120,2306,0.37721356749534607
23130,2307,0.16039547324180603
23140,2308,0.3111143410205841
23150,2309,0.3107345402240753
23160,2310,0.08073253929615021
23170,2311,0.34305477142333984
23180,2312,0.09884524345397949
23190,2313,0.15518945455551147
23200,2314,0.24615542590618134
23210,2315,0.266278475522995
23220,2316,0.18344169855117798
23230,2317,0.3206070363521576
23240,2318,0.23884814977645874
23250,2319,0.1278197169303894
23260,2320,0.23475395143032074
23270,2321,0.05282483249902725
23280,2322,0.4231325685977936
23290,2323,0.22234272956848145
23300,2324,0.3535902798175812
23310,2325,0.1895873248577118
23320,2326,0.030735770240426064
23330,2327,0.16119839251041412
23340,2328,0.2174055427312851
23350,2329,0.27608272433280945
23360,2330,0.2382839471101761
23370,2331,0.3528706729412079
23380,2332,0.2914375364780426
23390,2333,0.49379849433898926
23400,2334,0.1414843201637268
23410,2335,0.18376001715660095
23420,2336,0.16299223899841309
23430,2337,0.247980996966362
23440,2338,0.07858646661043167
23450,2339,0.19133245944976807
23460,2340,0.11868332326412201
23470,2341,0.1793862283229828
23480,2342,0.2718307375907898
23490,2343,0.1504741758108139
23500,2344,0.36851292848587036
23510,2345,0.23818257451057434
23520,2346,0.5921518206596375
23530,2347,0.30082666873931885
23540,2348,0.20100924372673035
23550,2349,0.30144426226615906
23560,2350,0.10795692354440689
23570,2351,0.2858862280845642
23580,2352,0.20836524665355682
23590,2353,0.1829911470413208
23600,2354,0.3164622187614441
23610,2355,0.3897444009780884
23620,2356,0.15011444687843323
23630,2357,0.38471952080726624
23640,2358,0.1647777110338211
23650,2359,0.2251836061477661
23660,2360,0.2996687591075897
23670,2361,0.1703168749809265
23680,2362,0.1740856170654297
23690,2363,0.18511149287223816
23700,2364,0.17816057801246643
23710,2365,0.25762292742729187
23720,2366,0.1978503316640854
23730,2367,0.19747473299503326
23740,2368,0.16342060267925262
23750,2369,0.08457037061452866
23760,2370,0.3820261061191559
23770,2371,0.11641878634691238
23780,2372,0.11695284396409988
23790,2373,0.276014506816864
23800,2374,0.25851768255233765
23810,2375,0.26342809200286865
23820,2376,0.16667740046977997
23830,2377,0.24534372985363007
23840,2378,0.16632001101970673
23850,2379,0.13992148637771606
23860,2380,0.14263160526752472
23870,2381,0.3476071357727051
23880,2382,0.2653995752334595
23890,2383,0.16213135421276093
23900,2384,0.1638316661119461
23910,2385,0.14251497387886047
23920,2386,0.15940234065055847
23930,2387,0.1269819736480713
23940,2388,0.14850851893424988
23950,2389,0.11376624554395676
23960,2390,0.17651592195034027
23970,2391,0.058411046862602234
23980,2392,0.28384363651275635
23990,2393,0.05828581377863884
24000,2394,0.28922057151794434
24010,2395,0.07800396531820297
24020,2396,0.10940048843622208
24030,2397,0.398825079202652
24040,2398,0.1632879376411438
24050,2399,0.29849547147750854
24060,2400,0.14192433655261993
24070,2401,0.29010218381881714
24080,2402,0.22360524535179138
24090,2403,0.3039710521697998
24100,2404,0.18160447478294373
24110,2405,0.27789032459259033
24120,2406,0.11255821585655212
24130,2407,0.05339353531599045
24140,2408,0.2525019943714142
24150,2409,0.0648578628897667
24160,2410,0.23917606472969055
24170,2411,0.1753462702035904
24180,2412,0.235410675406456
24190,2413,0.305192768573761
24200,2414,0.2090829461812973
24210,2415,0.31029292941093445
24220,2416,0.12377680838108063
24230,2417,0.1457502543926239
24240,2418,0.26694759726524353
24250,2419,0.18075460195541382
24260,2420,0.17860639095306396
24270,2421,0.32077375054359436
24280,2422,0.07595429569482803
24290,2423,0.14118073880672455
24300,2424,0.19602389633655548
24310,2425,0.35258522629737854
24320,2426,0.08812349289655685
24330,2427,0.3917887210845947
24340,2428,0.1329186111688614
24350,2429,0.1053750142455101
24360,2430,0.04961497709155083
24370,2431,0.1574268937110901
24380,2432,0.08776047825813293
24390,2433,0.36890241503715515
24400,2434,0.09540238976478577
24410,2435,0.12041215598583221
24420,2436,0.14170771837234497
24430,2437,0.13303640484809875
24440,2438,0.19387835264205933
24450,2439,0.0785108283162117
24460,2440,0.06943720579147339
24470,2441,0.17798534035682678
24480,2442,0.19711849093437195
24490,2443,0.06222447752952576
24500,2444,0.24886295199394226
24510,2445,0.02974371612071991
24520,2446,0.1954464465379715
24530,2447,0.4168258309364319
24540,2448,0.21401450037956238
24550,2449,0.3592616617679596
24560,2450,0.12577137351036072
24570,2451,0.23091383278369904
24580,2452,0.15449604392051697
24590,2453,0.19440285861492157
24600,2454,0.07068569958209991
24610,2455,0.053108081221580505
24620,2456,0.12009918689727783
24630,2457,0.2815602123737335
24640,2458,0.41689589619636536
24650,2459,0.12634682655334473
24660,2460,0.18754997849464417
24670,2461,0.225381538271904
24680,2462,0.07407228648662567
24690,2463,0.16831202805042267
24700,2464,0.123703233897686
24710,2465,0.25236162543296814
24720,2466,0.07372725009918213
24730,2467,0.04885907471179962
24740,2468,0.3187843859195709
24750,2469,0.15119099617004395
24760,2470,0.5750254988670349
24770,2471,0.1036076545715332
24780,2472,0.06785835325717926
24790,2473,0.14530086517333984
24800,2474,0.21294407546520233
24810,2475,0.22620058059692383
24820,2476,0.26029589772224426
24830,2477,0.18042591214179993
24840,2478,0.1346358060836792
24850,2479,0.08386924117803574
24860,2480,0.14404135942459106
24870,2481,0.12445303052663803
24880,2482,0.12235112488269806
24890,2483,0.02369585819542408
24900,2484,0.08782646805047989
24910,2485,0.2242278903722763
24920,2486,0.09029988944530487
24930,2487,0.09147191792726517
24940,2488,0.21272525191307068
24950,2489,0.1510675549507141
24960,2490,0.09343557804822922
24970,2491,0.26294416189193726
24980,2492,0.14613962173461914
24990,2493,0.12511250376701355
25000,2494,0.2220042496919632
25010,2495,0.13034948706626892
25020,2496,0.08597281575202942
25030,2497,0.14860810339450836
25040,2498,0.23611174523830414
25050,2499,0.1849282830953598
25060,2500,0.22576496005058289
25070,2501,0.06554439663887024
25080,2502,0.19550283253192902
25090,2503,0.19934257864952087
25100,2504,0.23108795285224915
25110,2505,0.10413707047700882
25120,2506,0.13287372887134552
25130,2507,0.1511382907629013
25140,2508,0.1295989453792572
25150,2509,0.10632224380970001
25160,2510,0.3678903877735138
25170,2511,0.12851455807685852
25180,2512,0.13174468278884888
25190,2513,0.16328108310699463
25200,2514,0.18823182582855225
25210,2515,0.3347667157649994
25220,2516,0.06933534145355225
25230,2517,0.09900737553834915
25240,2518,0.1537093073129654
25250,2519,0.43125298619270325
25260,2520,0.2828352749347687
25270,2521,0.27232223749160767
25280,2522,0.1997024565935135
25290,2523,0.16633319854736328
25300,2524,0.1377149224281311
25310,2525,0.06485395133495331
25320,2526,0.141200989484787
25330,2527,0.09884698688983917
25340,2528,0.19104161858558655
25350,2529,0.06304963678121567
25360,2530,0.17677907645702362
25370,2531,0.15223385393619537
25380,2532,0.2312508374452591
25390,2533,0.02724660001695156
25400,2534,0.17324969172477722
25410,2535,0.13672508299350739
25420,2536,0.1633792221546173
25430,2537,0.11185897886753082
25440,2538,0.11818473041057587
25450,2539,0.13663306832313538
25460,2540,0.03511315956711769
25470,2541,0.012063121423125267
25480,2542,0.36793801188468933
25490,2543,0.14861641824245453
25500,2544,0.1403716802597046
25510,2545,0.3077160120010376
25520,2546,0.2786014676094055
25530,2547,0.10310254245996475
25540,2548,0.08619416505098343
25550,2549,0.09049427509307861
25560,2550,0.24182556569576263
25570,2551,0.15967486798763275
25580,2552,0.17287154495716095
25590,2553,0.09970259666442871
25600,2554,0.07648643851280212
25610,2555,0.14238223433494568
25620,2556,0.09062856435775757
25630,2557,0.041998911648988724
25640,2558,0.08319012820720673
25650,2559,0.07787884771823883
25660,2560,0.11670579761266708
25670,2561,0.07575612515211105
25680,2562,0.07273544371128082
25690,2563,0.29014796018600464
25700,2564,0.27000248432159424
25710,2565,0.14453746378421783
25720,2566,0.24579019844532013
25730,2567,0.12097111344337463
25740,2568,0.0381799191236496
25750,2569,0.2044859081506729
25760,2570,0.039062436670064926
25770,2571,0.2707850933074951
25780,2572,0.21487575769424438
25790,2573,0.180903822183609
25800,2574,0.2082584649324417
25810,2575,0.19091543555259705
25820,2576,0.027978327125310898
25830,2577,0.14515124261379242
25840,2578,0.19512294232845306
25850,2579,0.1458844244480133
25860,2580,0.24055738747119904
25870,2581,0.20146189630031586
25880,2582,0.10938698798418045
25890,2583,0.3099396824836731
25900,2584,0.09001359343528748
25910,2585,0.028082001954317093
25920,2586,0.09576180577278137
25930,2587,0.23146691918373108
25940,2588,0.20783880352973938
25950,2589,0.0859454870223999
25960,2590,0.19140863418579102
25970,2591,0.24116240441799164
25980,2592,0.30507370829582214
25990,2593,0.2403724044561386
26000,2594,0.41349121928215027
26010,2595,0.043892115354537964
26020,2596,0.15622317790985107
26030,2597,0.0690285712480545
26040,2598,0.21017561852931976
26050,2599,0.07342763245105743
26060,2600,0.16676267981529236
26070,2601,0.1523534208536148
26080,2602,0.06195536628365517
26090,2603,0.3493843972682953
26100,2604,0.33656081557273865
26110,2605,0.17268116772174835
26120,2606,0.33272525668144226
26130,2607,0.07882289588451385
26140,2608,0.03332887589931488
26150,2609,0.2496270090341568
26160,2610,0.21534737944602966
26170,2611,0.07095085084438324
26180,2612,0.18576468527317047
26190,2613,0.12180294096469879
26200,2614,0.0754445418715477
26210,2615,0.33657440543174744
26220,2616,0.03694983571767807
26230,2617,0.12545685470104218
26240,2618,0.10299675166606903
26250,2619,0.11577782779932022
26260,2620,0.3006726801395416
26270,2621,0.1985873132944107
26280,2622,0.024893030524253845
26290,2623,0.19445571303367615
26300,2624,0.15774516761302948
26310,2625,0.09925104677677155
26320,2626,0.10033123195171356
26330,2627,0.048536885529756546
26340,2628,0.10888113081455231
26350,2629,0.13155856728553772
26360,2630,0.04342714697122574
26370,2631,0.07658442854881287
26380,2632,0.09065673500299454
26390,2633,0.14124423265457153
26400,2634,0.26901721954345703
26410,2635,0.14239419996738434
26420,2636,0.018415754660964012
26430,2637,0.12673841416835785
26440,2638,0.11911074072122574
26450,2639,0.1029566079378128
26460,2640,0.10854288190603256
26470,2641,0.1575818657875061
26480,2642,0.14058759808540344
26490,2643,0.19123122096061707
26500,2644,0.08669555187225342
26510,2645,0.13346990942955017
26520,2646,0.05957001447677612
26530,2647,0.28507736325263977
26540,2648,0.21412117779254913
26550,2649,0.14929406344890594
26560,2650,0.06745515763759613
26570,2651,0.11771847307682037
26580,2652,0.2272709608078003
26590,2653,0.09867927432060242
26600,2654,0.3894622325897217
26610,2655,0.08565890789031982
26620,2656,0.03657624498009682
26630,2657,0.24755248427391052
26640,2658,0.24558673799037933
26650,2659,0.08199156075716019
26660,2660,0.2059044986963272
26670,2661,0.2853925824165344
26680,2662,0.3265238404273987
26690,2663,0.04337840899825096
26700,2664,0.10498350113630295
26710,2665,0.08941610902547836
26720,2666,0.1037113144993782
26730,2667,0.2299528867006302
26740,2668,0.026199020445346832
26750,2669,0.14213770627975464
26760,2670,0.009444602765142918
26770,2671,0.16206103563308716
26780,2672,0.0990610346198082
26790,2673,0.14248724281787872
26800,2674,0.18148434162139893
26810,2675,0.21349556744098663
26820,2676,0.16589735448360443
26830,2677,0.08279211819171906
26840,2678,0.25678935647010803
26850,2679,0.09459521621465683
26860,2680,0.1605187952518463
26870,2681,0.15373094379901886
26880,2682,0.11397357285022736
26890,2683,0.197567880153656
26900,2684,0.06617171317338943
26910,2685,0.15840190649032593
26920,2686,0.24898549914360046
26930,2687,0.15745694935321808
26940,2688,0.28162622451782227
26950,2689,0.07882871478796005
26960,2690,0.11602921783924103
26970,2691,0.07369652390480042
26980,2692,0.25175008177757263
26990,2693,0.16899113357067108
27000,2694,0.12305321544408798
27010,2695,0.07012034952640533
27020,2696,0.18134213984012604
27030,2697,0.09212115406990051
27040,2698,0.25888022780418396
27050,2699,0.09606945514678955
27060,2700,0.19969452917575836
27070,2701,0.20535703003406525
27080,2702,0.048930950462818146
27090,2703,0.17733481526374817
27100,2704,0.21697045862674713
27110,2705,0.29924315214157104
27120,2706,0.11224829405546188
27130,2707,0.3199300169944763
27140,2708,0.010884268209338188
27150,2709,0.12828506529331207
27160,2710,0.06617165356874466
27170,2711,0.2690601348876953
27180,2712,0.18196436762809753
27190,2713,0.03263957053422928
27200,2714,0.2349122315645218
27210,2715,0.0695870891213417
27220,2716,0.21597835421562195
27230,2717,0.06923527270555496
27240,2718,0.052551768720149994
27250,2719,0.288426011800766
27260,2720,0.2741076350212097
27270,2721,0.09886349737644196
27280,2722,0.2107313573360443
27290,2723,0.22563624382019043
27300,2724,0.20770984888076782
27310,2725,0.08601982891559601
27320,2726,0.30960768461227417
27330,2727,0.10662063956260681
27340,2728,0.14107435941696167
27350,2729,0.14523820579051971
27360,2730,0.008131989277899265
27370,2731,0.19100473821163177
27380,2732,0.09118080139160156
27390,2733,0.36602017283439636
27400,2734,0.19640696048736572
27410,2735,0.08042073249816895
27420,2736,0.1292339563369751
27430,2737,0.08794834464788437
27440,2738,0.1722709983587265
27450,2739,0.22040919959545135
27460,2740,0.18844673037528992
27470,2741,0.17121848464012146
27480,2742,0.07862268388271332
27490,2743,0.08439271152019501
27500,2744,0.1115473210811615
27510,2745,0.2100074589252472
27520,2746,0.13317075371742249
27530,2747,0.2789172828197479
27540,2748,0.1436990350484848
27550,2749,0.10074112564325333
27560,2750,0.10065820068120956
27570,2751,0.17328061163425446
27580,2752,0.1318821907043457
27590,2753,0.1343661993741989
27600,2754,0.06530746072530746
27610,2755,0.18737006187438965
27620,2756,0.22406794130802155
27630,2757,0.1229127049446106
27640,2758,0.16870056092739105
27650,2759,0.018364718183875084
27660,2760,0.03478722646832466
27670,2761,0.10612906515598297
27680,2762,0.1559572070837021
27690,2763,0.06958132237195969
27700,2764,0.1282847374677658
27710,2765,0.021807195618748665
27720,2766,0.02216866984963417
27730,2767,0.1547490507364273
27740,2768,0.11853387206792831
27750,2769,0.1313832551240921
27760,2770,0.08412724733352661
27770,2771,0.13383151590824127
27780,2772,0.14254188537597656
27790,2773,0.13090293109416962
27800,2774,0.02927730791270733
27810,2775,0.11249017715454102
27820,2776,0.06897944957017899
27830,2777,0.19535906612873077
27840,2778,0.10991387069225311
27850,2779,0.19456534087657928
27860,2780,0.09658491611480713
27870,2781,0.018293872475624084
27880,2782,0.03568996489048004
27890,2783,0.23075851798057556
27900,2784,0.14188764989376068
27910,2785,0.0736883282661438
27920,2786,0.07701119780540466
27930,2787,0.09041869640350342
27940,2788,0.10350695252418518
27950,2789,0.2709805369377136
27960,2790,0.20163024961948395
27970,2791,0.14241614937782288
27980,2792,0.17626146972179413
27990,2793,0.07109224051237106
28000,2794,0.06867530941963196
28010,2795,0.23362350463867188
28020,2796,0.0419047474861145
28030,2797,0.016753941774368286
28040,2798,0.03868192806839943
28050,2799,0.0285051092505455
28060,2800,0.2877105474472046
28070,2801,0.11208457499742508
28080,2802,0.15101785957813263
28090,2803,0.08427409082651138
28100,2804,0.041125454008579254
28110,2805,0.16345788538455963
28120,2806,0.08601836115121841
28130,2807,0.2258787900209427
28140,2808,0.11048807948827744
28150,2809,0.11159342527389526
28160,2810,0.03846096247434616
28170,2811,0.14842715859413147
28180,2812,0.22529414296150208
28190,2813,0.11143845319747925
28200,2814,0.13156111538410187
28210,2815,0.12927159667015076
28220,2816,0.08961209654808044
28230,2817,0.06966757774353027
28240,2818,0.010418802499771118
28250,2819,0.06801614165306091
28260,2820,0.1592937558889389
28270,2821,0.10706602782011032
28280,2822,0.1863597333431244
28290,2823,0.16797834634780884
28300,2824,0.11005089432001114
28310,2825,0.06792519986629486
28320,2826,0.12847480177879333
28330,2827,0.03793017193675041
28340,2828,0.0855269581079483
28350,2829,0.04665505513548851
28360,2830,0.07710795849561691
28370,2831,0.2662299871444702
28380,2832,0.059519652277231216
28390,2833,0.08196254819631577
28400,2834,0.17514364421367645
28410,2835,0.09496278315782547
28420,2836,0.14251300692558289
28430,2837,0.13075076043605804
28440,2838,0.12877705693244934
28450,2839,0.0784573033452034
28460,2840,0.13748061656951904
28470,2841,0.041124455630779266
28480,2842,0.01837930642068386
28490,2843,0.0611225962638855
28500,2844,0.10180691629648209
28510,2845,0.010183805599808693
28520,2846,0.02639039233326912
28530,2847,0.11039343476295471
28540,2848,0.02327331341803074
28550,2849,0.10725278407335281
28560,2850,0.12967844307422638
28570,2851,0.058641958981752396
28580,2852,0.15272256731987
28590,2853,0.01489492692053318
28600,2854,0.15860162675380707
28610,2855,0.06321548670530319
28620,2856,0.049747534096241
28630,2857,0.11326134949922562
28640,2858,0.04226601496338844
28650,2859,0.10930632054805756
28660,2860,0.2109535038471222
28670,2861,0.06164148822426796
28680,2862,0.021220842376351357
28690,2863,0.20802268385887146
28700,2864,0.08469907194375992
28710,2865,0.10549276322126389
28720,2866,0.1550661027431488
28730,2867,0.17623209953308105
28740,2868,0.2231728583574295
28750,2869,0.17247425019741058
28760,2870,0.05959949269890785
28770,2871,0.0708066076040268
28780,2872,0.07540836185216904
28790,2873,0.09122944623231888
28800,2874,0.0302750151604414
28810,2875,0.21225807070732117
28820,2876,0.0469016432762146
28830,2877,0.04400584101676941
28840,2878,0.009125676937401295
28850,2879,0.028277039527893066
28860,2880,0.06419424712657928
28870,2881,0.1636168658733368
28880,2882,0.023319866508245468
28890,2883,0.10329975187778473
28900,2884,0.027510108426213264
28910,2885,0.10409139841794968
28920,2886,0.08310942351818085
28930,2887,0.24573606252670288
28940,2888,0.09235233068466187
28950,2889,0.09853198379278183
28960,2890,0.1386086642742157
28970,2891,0.0005761666689068079
28980,2892,0.24465656280517578
28990,2893,0.14991551637649536
29000,2894,0.18404623866081238
29010,2895,0.1667690873146057
29020,2896,0.09990297257900238
29030,2897,0.03359878435730934
29040,2898,0.041140325367450714
29050,2899,0.02683165855705738
29060,2900,0.12490453571081161
29070,2901,0.08580592274665833
29080,2902,0.031263433396816254
29090,2903,0.0903310775756836
29100,2904,0.059998124837875366
29110,2905,0.07201547175645828
29120,2906,0.12806999683380127
29130,2907,0.13373582065105438
29140,2908,0.05280550569295883
29150,2909,0.15119729936122894
29160,2910,0.02286611497402191
29170,2911,0.03880194202065468
29180,2912,0.06452938169240952
29190,2913,0.06849586218595505
29200,2914,0.06753849238157272
29210,2915,0.08474742621183395
29220,2916,0.009707284159958363
29230,2917,0.023071307688951492
29240,2918,0.36897170543670654
29250,2919,0.24386119842529297
29260,2920,0.04764861613512039
29270,2921,0.027371060103178024
29280,2922,0.05519220978021622
29290,2923,0.0262889601290226
29300,2924,0.11419834941625595
29310,2925,0.13580714166164398
29320,2926,0.08809458464384079
29330,2927,0.08062395453453064
29340,2928,0.13746094703674316
29350,2929,0.11927750706672668
29360,2930,0.1606684923171997
29370,2931,0.14626890420913696
29380,2932,0.12080226093530655
29390,2933,0.13632641732692719
29400,2934,0.008338057436048985
29410,2935,0.09831552952528
29420,2936,0.17640776932239532
29430,2937,0.027536559849977493
29440,2938,0.13899488747119904
29450,2939,0.08572213351726532
29460,2940,0.14662277698516846
29470,2941,0.07465757429599762
29480,2942,0.2043171226978302
29490,2943,0.13642315566539764
29500,2944,0.21858885884284973
29510,2945,0.04717233031988144
29520,2946,0.21781492233276367
29530,2947,0.17231282591819763
29540,2948,0.0382213220000267
29550,2949,0.1495780497789383
29560,2950,0.03054116480052471
29570,2951,0.017049016430974007
29580,2952,0.05515815690159798
29590,2953,0.10401782393455505
29600,2954,0.20562569797039032
29610,2955,0.028299376368522644
29620,2956,0.10490567237138748
29630,2957,0.11561401933431625
29640,2958,0.06824152171611786
29650,2959,0.03593674302101135
29660,2960,0.15786100924015045
29670,2961,0.114243283867836
29680,2962,0.14220044016838074
29690,2963,0.08411072194576263
29700,2964,0.1858779639005661
29710,2965,0.12674665451049805
29720,2966,0.029554827138781548
29730,2967,0.22464054822921753
29740,2968,0.052011843770742416
29750,2969,0.061663396656513214
29760,2970,0.003440398257225752
29770,2971,0.044098976999521255
29780,2972,0.011502044275403023
29790,2973,0.05698727071285248
29800,2974,0.0698879137635231
29810,2975,0.12529657781124115
29820,2976,0.2263786792755127
29830,2977,0.26123136281967163
29840,2978,0.034479785710573196
29850,2979,0.07286537438631058
29860,2980,0.13356395065784454
29870,2981,0.19498100876808167
29880,2982,0.08671019226312637
29890,2983,0.1785699427127838
29900,2984,0.021345537155866623
29910,2985,0.13375771045684814
29920,2986,0.19614656269550323
29930,2987,0.23547759652137756
29940,2988,0.09747368842363358
29950,2989,0.05256346985697746
29960,2990,0.07950462400913239
29970,2991,0.17754636704921722
29980,2992,0.021796438843011856
29990,2993,0.18810749053955078
30000,2994,0.2374308556318283
30010,2995,0.26787376403808594
30020,2996,0.01132885366678238
30030,2997,0.13307303190231323
30040,2998,0.035856448113918304
30050,2999,0.0878092348575592
30060,3000,0.12683139741420746
30070,3001,0.034364428371191025
30080,3002,0.10983666777610779
30090,3003,0.09401874989271164
30100,3004,0.21743258833885193
30110,3005,0.12026571482419968
30120,3006,0.15061168372631073
30130,3007,0.06758223474025726
30140,3008,0.10957708954811096
30150,3009,0.11762618273496628
30160,3010,0.08861173689365387
30170,3011,0.1641460359096527
30180,3012,0.14407312870025635
30190,3013,0.019416559487581253
30200,3014,0.11419453471899033
30210,3015,0.018356505781412125
30220,3016,0.08181875944137573
30230,3017,0.39111560583114624
30240,3018,0.06127636134624481
30250,3019,0.16718758642673492
30260,3020,0.21639472246170044
30270,3021,0.23219145834445953
30280,3022,0.07500585168600082
30290,3023,0.02373977191746235
30300,3024,0.20836728811264038
30310,3025,0.18633365631103516
30320,3026,0.1552894413471222
30330,3027,0.12034602463245392
30340,3028,0.010496234521269798
30350,3029,0.16293326020240784
30360,3030,0.146073579788208
30370,3031,0.08811372518539429
30380,3032,0.18800921738147736
30390,3033,0.06981232017278671
30400,3034,0.07500515878200531
30410,3035,0.028627539053559303
30420,3036,0.20539526641368866
30430,3037,0.03995269164443016
30440,3038,0.23437000811100006
30450,3039,0.06526166945695877
30460,3040,0.12057138979434967
30470,3041,0.11089788377285004
30480,3042,0.048126328736543655
30490,3043,0.15526923537254333
30500,3044,0.09626036882400513
30510,3045,0.16794633865356445
30520,3046,0.10685812681913376
30530,3047,0.2640656530857086
30540,3048,0.15126287937164307
30550,3049,0.23483139276504517
30560,3050,0.11978863179683685
30570,3051,0.10883983969688416
30580,3052,0.1858421117067337
30590,3053,0.03705038130283356
30600,3054,0.09573299437761307
30610,3055,0.10751461237668991
30620,3056,0.16805869340896606
30630,3057,0.08380705118179321
30640,3058,0.12391054630279541
30650,3059,0.13516832888126373
30660,3060,0.15753401815891266
30670,3061,0.15232253074645996
30680,3062,0.09627854079008102
30690,3063,0.14583246409893036
30700,3064,0.07483178377151489
30710,3065,0.16822496056556702
30720,3066,0.06853504478931427
30730,3067,0.07537700235843658
30740,3068,0.11408484727144241
30750,3069,0.09576618671417236
30760,3070,0.10494882613420486
30770,3071,0.12358225136995316
30780,3072,0.15626174211502075
30790,3073,0.10054007917642593
30800,3074,0.03341025486588478
30810,3075,0.048009488731622696
30820,3076,0.08741220831871033
30830,3077,0.09431535750627518
30840,3078,0.0186641663312912
30850,3079,0.1508384644985199
30860,3080,0.06750823557376862
30870,3081,0.14010894298553467
30880,3082,0.05169973894953728
30890,3083,0.14376690983772278
30900,3084,0.22728468477725983
30910,3085,0.062449924647808075
30920,3086,0.21495436131954193
30930,3087,0.07281447947025299
30940,3088,0.06021176278591156
30950,3089,0.35889485478401184
30960,3090,0.09662866592407227
30970,3091,0.17042028903961182
30980,3092,0.07298928499221802
30990,3093,0.15459951758384705
31000,3094,0.16395151615142822
31010,3095,0.09112340211868286
31020,3096,0.14096644520759583
31030,3097,0.1134486123919487
31040,3098,0.10604219883680344
31050,3099,0.06531152874231339
31060,3100,0.10624285787343979
31070,3101,0.13405153155326843
31080,3102,0.06653748452663422
31090,3103,0.055143874138593674
31100,3104,0.19252194464206696
31110,3105,0.13289956748485565
31120,3106,0.12723195552825928
31130,3107,0.2007957398891449
31140,3108,0.10468469560146332
31150,3109,0.28951898217201233
31160,3110,0.1128746047616005
31170,3111,0.08786893635988235
31180,3112,0.11271802335977554
31190,3113,0.0940190851688385
31200,3114,0.09750204533338547
31210,3115,0.13567623496055603
31220,3116,0.05153237283229828
31230,3117,0.11098331212997437
31240,3118,0.08590082824230194
31250,3119,0.05777981877326965
31260,3120,0.01788773387670517
31270,3121,0.03937167301774025
31280,3122,0.060724664479494095
31290,3123,0.2178076207637787
31300,3124,0.056644607335329056
31310,3125,0.18186616897583008
31320,3126,0.02816133014857769
31330,3127,0.1136685237288475
31340,3128,0.15313637256622314
31350,3129,0.1766820102930069
31360,3130,0.1292634904384613
31370,3131,0.07286006957292557
31380,3132,0.06862159818410873
31390,3133,0.1721307337284088
31400,3134,0.23056304454803467
31410,3135,0.304149329662323
31420,3136,0.17199556529521942
31430,3137,0.24553821980953217
31440,3138,0.29982760548591614
31450,3139,0.1607886552810669
31460,3140,0.07954929023981094
31470,3141,0.17595240473747253
31480,3142,0.10039019584655762
31490,3143,0.23659393191337585
31500,3144,0.15785686671733856
31510,3145,0.17788442969322205
31520,3146,2.85265605270979e-06
31530,3147,0.07003475725650787
31540,3148,0.1639251410961151
31550,3149,0.20449946820735931
31560,3150,0.17917412519454956
31570,3151,0.039659008383750916
31580,3152,0.14001184701919556
31590,3153,0.048361070454120636
31600,3154,0.07233067601919174
31610,3155,0.41440796852111816
31620,3156,0.11949190497398376
31630,3157,0.1907167285680771
31640,3158,0.1650831252336502
31650,3159,0.16892112791538239
31660,3160,0.2662767171859741
31670,3161,0.23186273872852325
31680,3162,0.3110467195510864
31690,3163,0.11128076165914536
31700,3164,0.06545678526163101
31710,3165,0.10856109857559204
31720,3166,0.19216205179691315
31730,3167,0.17448748648166656
31740,3168,0.1117260754108429
31750,3169,0.1633625030517578
31760,3170,0.28070157766342163
31770,3171,0.14860405027866364
31780,3172,0.13666947185993195
31790,3173,0.2582807242870331
31800,3174,0.10963857918977737
31810,3175,0.03911195695400238
31820,3176,0.04736711084842682
31830,3177,0.0407293438911438
31840,3178,0.20744791626930237
31850,3179,0.06459444761276245
31860,3180,0.2760097086429596
31870,3181,0.21157222986221313
31880,3182,0.19846127927303314
31890,3183,0.09975264966487885
31900,3184,0.13518126308918
31910,3185,0.0919075459241867
31920,3186,0.07866306602954865
31930,3187,0.20115816593170166
31940,3188,0.10611104965209961
31950,3189,0.06404014676809311
31960,3190,0.17118464410305023
31970,3191,0.1267995685338974
31980,3192,0.18481726944446564
31990,3193,0.2601736783981323
32000,3194,0.1556253284215927
32010,3195,0.17432068288326263
32020,3196,0.17546901106834412
32030,3197,0.17557549476623535
32040,3198,0.07302188128232956
32050,3199,0.17368857562541962
32060,3200,0.007483425550162792
32070,3201,0.06884738802909851
32080,3202,0.1483650654554367
32090,3203,0.26727232336997986
32100,3204,0.04715760797262192
32110,3205,0.26586952805519104
32120,3206,0.08313053846359253
32130,3207,0.19957038760185242
32140,3208,0.09183946251869202
32150,3209,0.08608216047286987
32160,3210,0.13672059774398804
32170,3211,0.11653603613376617
32180,3212,0.1387980878353119
32190,3213,0.12015917152166367
32200,3214,0.06265666335821152
32210,3215,0.469813734292984
32220,3216,0.08871082961559296
32230,3217,0.24923551082611084
32240,3218,0.1413220763206482
32250,3219,0.22627225518226624
32260,3220,0.053988128900527954
32270,3221,0.057080190628767014
32280,3222,0.08080609142780304
32290,3223,0.08268987387418747
32300,3224,0.04475955665111542
32310,3225,0.3395947515964508
32320,3226,0.3331054747104645
32330,3227,0.18596526980400085
32340,3228,0.042970314621925354
32350,3229,0.07899289578199387
32360,3230,0.03717891126871109
32370,3231,0.14151208102703094
32380,3232,0.04422115534543991
32390,3233,0.10291232913732529
32400,3234,0.10097332298755646
32410,3235,0.08577997982501984
32420,3236,0.16685746610164642
32430,3237,0.17363139986991882
32440,3238,0.20934049785137177
32450,3239,0.0602976493537426
32460,3240,0.1494167447090149
32470,3241,0.11846832185983658
32480,3242,0.10958120971918106
32490,3243,0.16080980002880096
32500,3244,0.1329963058233261
32510,3245,0.08534267544746399
32520,3246,0.30762630701065063
32530,3247,0.259339839220047
32540,3248,0.06222612410783768
32550,3249,0.1496148407459259
32560,3250,0.10034908354282379
32570,3251,0.1682923138141632
32580,3252,0.12780101597309113
32590,3253,0.12602339684963226
32600,3254,0.08431636542081833
32610,3255,0.025110535323619843
32620,3256,0.10986833274364471
32630,3257,0.1983063519001007
32640,3258,0.056895382702350616
32650,3259,0.18177589774131775
32660,3260,0.13263696432113647
32670,3261,0.0747365728020668
32680,3262,0.2511683702468872
32690,3263,0.029773250222206116
32700,3264,0.10373888909816742
32710,3265,0.20811821520328522
32720,3266,0.16532054543495178
32730,3267,0.1567046046257019
32740,3268,0.25565147399902344
32750,3269,0.05858367681503296
32760,3270,0.08080679178237915
32770,3271,0.09948466718196869
32780,3272,0.22110338509082794
32790,3273,0.19736316800117493
32800,3274,0.13403667509555817
32810,3275,0.27520978450775146
32820,3276,0.12500891089439392
32830,3277,0.16915422677993774
32840,3278,0.26655372977256775
32850,3279,0.2929936647415161
32860,3280,0.11472248286008835
32870,3281,0.2340850681066513
32880,3282,0.09074612706899643
32890,3283,0.2551622986793518
32900,3284,0.1295458823442459
32910,3285,0.15663903951644897
32920,3286,0.3266986310482025
32930,3287,0.026279369369149208
32940,3288,0.0838046446442604
32950,3289,0.24855615198612213
32960,3290,0.11450374126434326
32970,3291,0.14714062213897705
32980,3292,0.07729241251945496
32990,3293,0.11560862511396408
33000,3294,0.09260326623916626
33010,3295,0.12915872037410736
33020,3296,0.12615197896957397
33030,3297,0.2944665551185608
33040,3298,0.116664357483387
33050,3299,0.10798069834709167
33060,3300,0.1878146529197693
33070,3301,0.06617560237646103
33080,3302,0.1425900161266327
33090,3303,0.08201639354228973
33100,3304,0.11695321649312973
33110,3305,0.29269468784332275
33120,3306,0.044856470078229904
33130,3307,0.1258058100938797
33140,3308,0.06779460608959198
33150,3309,0.06236793473362923
33160,3310,0.1803981512784958
33170,3311,0.135883629322052
33180,3312,0.10542765259742737
33190,3313,0.105545774102211
33200,3314,0.10562430322170258
33210,3315,0.20297375321388245
33220,3316,0.23507137596607208
33230,3317,0.08155054599046707
33240,3318,0.10795412212610245
33250,3319,0.3096944987773895
33260,3320,0.06590207666158676
33270,3321,0.25132739543914795
33280,3322,0.26005059480667114
33290,3323,0.07055625319480896
33300,3324,0.15569335222244263
33310,3325,0.18638832867145538
33320,3326,0.3333095610141754
33330,3327,0.16100788116455078
33340,3328,0.18036407232284546
33350,3329,0.1413099765777588
33360,3330,0.14174014329910278
33370,3331,0.12378247082233429
33380,3332,0.11095131188631058
33390,3333,0.06441095471382141
33400,3334,0.09927897155284882
33410,3335,0.12290580570697784
33420,3336,0.14634555578231812
33430,3337,0.05955401062965393
33440,3338,0.13983774185180664
33450,3339,0.07179606705904007
33460,3340,0.027465812861919403
33470,3341,0.15546660125255585
33480,3342,0.12181809544563293
33490,3343,0.24088017642498016
33500,3344,0.14215458929538727
33510,3345,0.14515550434589386
33520,3346,0.1875036656856537
33530,3347,0.2158692181110382
33540,3348,0.12054422497749329
33550,3349,0.1731680929660797
33560,3350,0.11092337965965271
33570,3351,0.13277755677700043
33580,3352,0.015814844518899918
33590,3353,0.10322096943855286
33600,3354,0.09545372426509857
33610,3355,0.0633326843380928
33620,3356,0.08727142959833145
33630,3357,0.436223566532135
33640,3358,0.09453076124191284
33650,3359,0.17120225727558136
33660,3360,0.20084629952907562
33670,3361,0.06462033092975616
33680,3362,0.05649702250957489
33690,3363,0.16149665415287018
33700,3364,0.16676092147827148
33710,3365,0.28022661805152893
33720,3366,0.04390517622232437
33730,3367,0.17327526211738586
33740,3368,0.2521396279335022
33750,3369,0.09624095261096954
33760,3370,0.14074568450450897
33770,3371,0.14688539505004883
33780,3372,0.09797316044569016
33790,3373,0.09854553639888763
33800,3374,0.1692085713148117
33810,3375,0.1039818599820137
33820,3376,0.013734094798564911
33830,3377,0.14599548280239105
33840,3378,0.19518280029296875
33850,3379,0.1567119061946869
33860,3380,0.09550224989652634
33870,3381,0.2790479063987732
33880,3382,0.118843674659729
33890,3383,0.06669854372739792
33900,3384,0.20266814529895782
33910,3385,0.05122791975736618
33920,3386,0.40291827917099
33930,3387,0.11270545423030853
33940,3388,0.04299633577466011
33950,3389,0.09405039250850677
33960,3390,0.12663671374320984
33970,3391,0.2786221504211426
33980,3392,0.1724603921175003
33990,3393,0.10751887410879135
34000,3394,0.3334592878818512
34010,3395,0.05059584230184555
34020,3396,0.1912563294172287
34030,3397,0.26052260398864746
34040,3398,0.14631912112236023
34050,3399,0.11523832380771637
34060,3400,0.24607840180397034
34070,3401,0.15971487760543823
34080,3402,0.3533937335014343
34090,3403,0.020141564309597015
34100,3404,0.07420430332422256
34110,3405,0.16538920998573303
34120,3406,0.11291995644569397
34130,3407,0.05186115577816963
34140,3408,0.07497768104076385
34150,3409,0.0626223161816597
34160,3410,0.15004423260688782
34170,3411,0.25706762075424194
34180,3412,0.17725344002246857
34190,3413,0.11782870441675186
34200,3414,0.22617191076278687
34210,3415,0.1002640500664711
34220,3416,0.15509209036827087
34230,3417,0.1277223378419876
34240,3418,0.18913677334785461
34250,3419,0.12719771265983582
34260,3420,0.01933184079825878
34270,3421,0.07092194259166718
34280,3422,0.17882704734802246
34290,3423,0.2512279748916626
34300,3424,0.1710711270570755
34310,3425,0.04277636483311653
34320,3426,0.048682376742362976
34330,3427,0.27133676409721375
34340,3428,0.09346522390842438
34350,3429,0.1240975558757782
34360,3430,0.3482227921485901
34370,3431,0.12103985249996185
34380,3432,0.19725777208805084
34390,3433,0.24109090864658356
34400,3434,0.18047435581684113
34410,3435,0.19718125462532043
34420,3436,0.06946871429681778
34430,3437,0.18312731385231018
34440,3438,0.0889543667435646
34450,3439,0.2596832513809204
34460,3440,0.19128911197185516
34470,3441,0.08660885691642761
34480,3442,0.15205621719360352
34490,3443,0.14360034465789795
34500,3444,0.10431204736232758
34510,3445,0.06217695027589798
34520,3446,0.13033254444599152
34530,3447,0.14811433851718903
34540,3448,0.08951627463102341
34550,3449,0.13018043339252472
34560,3450,0.1553998738527298
34570,3451,0.29671382904052734
34580,3452,0.1768215000629425
34590,3453,0.20899882912635803
34600,3454,0.3806258738040924
34610,3455,0.05387211591005325
34620,3456,0.1901884377002716
34630,3457,0.2039979249238968
34640,3458,0.13643306493759155
34650,3459,0.1538994163274765
34660,3460,0.2529436945915222
34670,3461,0.17085236310958862
34680,3462,0.05021120607852936
34690,3463,0.1950470209121704
34700,3464,0.1458519995212555
34710,3465,0.20765502750873566
34720,3466,0.15714071691036224
34730,3467,0.17877578735351562
34740,3468,0.05944493040442467
34750,3469,0.18472953140735626
34760,3470,0.12710322439670563
34770,3471,0.1285731941461563
34780,3472,0.05700860545039177
34790,3473,0.06453680247068405
34800,3474,0.03402583301067352
34810,3475,0.03282351419329643
34820,3476,0.06378982216119766
34830,3477,0.11603210121393204
34840,3478,0.18443676829338074
34850,3479,0.022990137338638306
34860,3480,0.09231845289468765
34870,3481,0.24267910420894623
34880,3482,0.14972785115242004
34890,3483,0.3178119659423828
34900,3484,0.034463733434677124
34910,3485,0.22236445546150208
34920,3486,0.06896137446165085
34930,3487,0.15773534774780273
34940,3488,0.21332144737243652
34950,3489,0.23642277717590332
34960,3490,0.31615686416625977
34970,3491,0.0815863236784935
34980,3492,0.26815107464790344
34990,3493,0.092962346971035
35000,3494,0.12901954352855682
35010,3495,0.17797106504440308
35020,3496,0.14404791593551636
35030,3497,0.06823819875717163
35040,3498,0.2586182951927185
35050,3499,0.07280020415782928
35060,3500,0.07885152101516724
35070,3501,0.07063237577676773
35080,3502,0.13440781831741333
35090,3503,0.028475608676671982
35100,3504,0.25560319423675537
35110,3505,0.31509754061698914
35120,3506,0.14260490238666534
35130,3507,0.2159656286239624
35140,3508,0.14351098239421844
35150,3509,0.20606471598148346
35160,3510,0.3569495677947998
35170,3511,0.3407791554927826
35180,3512,0.12204408645629883
35190,3513,0.14791911840438843
35200,3514,0.4731622338294983
35210,3515,0.10946846008300781
35220,3516,0.17163389921188354
35230,3517,0.09826084971427917
35240,3518,0.16272729635238647
35250,3519,0.11938715726137161
35260,3520,0.14178034663200378
35270,3521,0.1929660141468048
35280,3522,0.10531313717365265
35290,3523,0.05811386555433273
35300,3524,0.13545861840248108
35310,3525,0.13343101739883423
35320,3526,0.2177223414182663
35330,3527,0.08743733912706375
35340,3528,0.11971330642700195
35350,3529,0.2131364494562149
35360,3530,0.07684708386659622
35370,3531,0.28365203738212585
35380,3532,0.05214811488986015
35390,3533,0.10806920379400253
35400,3534,0.20438098907470703
35410,3535,0.1711985170841217
35420,3536,0.060389358550310135
35430,3537,0.10325783491134644
35440,3538,0.08164754509925842
35450,3539,0.1159505769610405
35460,3540,0.15877698361873627
35470,3541,0.08654051274061203
35480,3542,0.15002116560935974
35490,3543,0.20233294367790222
35500,3544,0.32446613907814026
35510,3545,0.23790572583675385
35520,3546,0.06968989968299866
35530,3547,0.1446055918931961
35540,3548,0.1686120182275772
35550,3549,0.0996382087469101
35560,3550,0.10859079658985138
35570,3551,0.3149232864379883
35580,3552,0.08690714091062546
35590,3553,0.10487191379070282
35600,3554,0.19165045022964478
35610,3555,0.040983475744724274
35620,3556,0.11370675265789032
35630,3557,0.004769938997924328
35640,3558,0.28941404819488525
35650,3559,0.17375534772872925
35660,3560,0.16570891439914703
35670,3561,0.20621223747730255
35680,3562,0.2901833951473236
35690,3563,0.23373177647590637
35700,3564,0.029864976182579994
35710,3565,0.08573099225759506
35720,3566,0.18334902822971344
35730,3567,0.15169739723205566
35740,3568,0.0986313745379448
35750,3569,0.16682815551757812
35760,3570,0.19747912883758545
35770,3571,0.02527208812534809
35780,3572,0.2495684176683426
35790,3573,0.058657415211200714
35800,3574,0.18873971700668335
35810,3575,0.13750657439231873
35820,3576,0.12966607511043549
35830,3577,0.16171389818191528
35840,3578,0.07663581520318985
35850,3579,0.188229039311409
35860,3580,0.1976751834154129
35870,3581,0.07953908294439316
35880,3582,0.0965965986251831
35890,3583,0.3749637305736542
35900,3584,0.035853754729032516
35910,3585,0.2875082492828369
35920,3586,0.09791667014360428
35930,3587,0.089020736515522
35940,3588,0.26577889919281006
35950,3589,0.13406921923160553
35960,3590,0.022022446617484093
35970,3591,0.12256313115358353
35980,3592,0.10878004878759384
35990,3593,0.13940562307834625
36000,3594,0.07703988999128342
36010,3595,0.14571955800056458
36020,3596,0.2117527723312378
36030,3597,0.15408553183078766
36040,3598,0.3024615943431854
36050,3599,0.11412379890680313
36060,3600,0.0761023610830307
36070,3601,0.07100533694028854
36080,3602,0.0871056467294693
36090,3603,0.29482367634773254
36100,3604,0.14518582820892334
36110,3605,0.18083329498767853
36120,3606,0.12243533134460449
36130,3607,0.08680514246225357
36140,3608,0.23255141079425812
36150,3609,0.15350055694580078
36160,3610,0.18789219856262207
36170,3611,0.10885939002037048
36180,3612,0.31413841247558594
36190,3613,0.031105563044548035
36200,3614,0.08812522143125534
36210,3615,0.07421562075614929
36220,3616,0.008400091901421547
36230,3617,0.14596295356750488
36240,3618,0.28402072191238403
36250,3619,0.06571511179208755
36260,3620,0.03909078240394592
36270,3621,0.30541351437568665
36280,3622,0.037032242864370346
36290,3623,0.1001494824886322
36300,3624,0.26092788577079773
36310,3625,0.1370234489440918
36320,3626,0.037572115659713745
36330,3627,0.19261619448661804
36340,3628,0.02542954310774803
36350,3629,0.08812011033296585
36360,3630,0.2979496419429779
36370,3631,0.1534886360168457
36380,3632,0.2124725580215454
36390,3633,0.1457488238811493
36400,3634,0.08376149088144302
36410,3635,0.17257171869277954
36420,3636,0.14838740229606628
36430,3637,0.18013113737106323
36440,3638,0.2100014090538025
36450,3639,0.14005036652088165
36460,3640,0.166678324341774
36470,3641,0.3043683171272278
36480,3642,0.3731834292411804
36490,3643,0.02952621504664421
36500,3644,0.18469107151031494
36510,3645,0.3412868082523346
36520,3646,0.10402628034353256
36530,3647,0.12221787869930267
36540,3648,0.15912190079689026
36550,3649,0.44203847646713257
36560,3650,0.16777817904949188
36570,3651,0.029986144974827766
36580,3652,0.08114217966794968
36590,3653,0.200080007314682
36600,3654,0.38596272468566895
36610,3655,0.2049660086631775
36620,3656,0.14662861824035645
36630,3657,0.12696605920791626
36640,3658,0.0314759835600853
36650,3659,0.044306185096502304
36660,3660,0.23666056990623474
36670,3661,0.12909337878227234
36680,3662,0.019525926560163498
36690,3663,0.08072412014007568
36700,3664,0.2714737057685852
36710,3665,0.06479299068450928
36720,3666,0.1497659534215927
36730,3667,0.14301232993602753
36740,3668,0.16593629121780396
36750,3669,0.4030548930168152
36760,3670,0.04265541583299637
36770,3671,0.1141957938671112
36780,3672,0.3005901873111725
36790,3673,0.11530950665473938
36800,3674,0.10185642540454865
36810,3675,0.15348999202251434
36820,3676,0.1944541037082672
36830,3677,0.14017578959465027
36840,3678,0.3453487455844879
36850,3679,0.07501761615276337
36860,3680,0.08007964491844177
36870,3681,0.1526426076889038
36880,3682,0.07759901881217957
36890,3683,0.08018486946821213
36900,3684,0.16805902123451233
36910,3685,0.01396489143371582
36920,3686,0.11277490109205246
36930,3687,0.11190541088581085
36940,3688,0.08232085406780243
36950,3689,0.13062553107738495
36960,3690,0.28173118829727173
36970,3691,0.12673084437847137
36980,3692,0.1901942789554596
36990,3693,0.2106766402721405
37000,3694,0.1321672946214676
37010,3695,0.039888251572847366
37020,3696,0.11141036450862885
37030,3697,0.22038231790065765
37040,3698,0.11609233915805817
37050,3699,0.06201630458235741
37060,3700,0.1522139459848404
37070,3701,0.1310492604970932
37080,3702,0.11011135578155518
37090,3703,0.10674808919429779
37100,3704,0.1139514148235321
37110,3705,0.21024705469608307
37120,3706,0.10939712077379227
37130,3707,0.1861967146396637
37140,3708,0.051528312265872955
37150,3709,0.0710001289844513
37160,3710,0.1340034306049347
37170,3711,0.20964954793453217
37180,3712,0.16513316333293915
37190,3713,0.1851685494184494
37200,3714,0.05764545872807503
37210,3715,0.12095001339912415
37220,3716,0.16895782947540283
37230,3717,0.07595902681350708
37240,3718,0.09521108120679855
37250,3719,0.10664176940917969
37260,3720,0.058011602610349655
37270,3721,0.0732029527425766
37280,3722,0.13438169658184052
37290,3723,0.13824719190597534
37300,3724,0.06996096670627594
37310,3725,0.26215916872024536
37320,3726,0.054954998195171356
37330,3727,0.013817084021866322
37340,3728,0.15500037372112274
37350,3729,0.17991775274276733
37360,3730,0.14582104980945587
37370,3731,0.21219731867313385
37380,3732,0.17542405426502228
37390,3733,0.06935983896255493
37400,3734,0.08163493126630783
37410,3735,0.01571936532855034
37420,3736,0.035766106098890305
37430,3737,0.1846388578414917
37440,3738,0.16307662427425385
37450,3739,0.04261583834886551
37460,3740,0.2720658779144287
37470,3741,0.06554815173149109
37480,3742,0.012521843425929546
37490,3743,0.03308555856347084
37500,3744,0.2468511015176773
37510,3745,0.12683987617492676
37520,3746,0.11100322008132935
37530,3747,0.08013182878494263
37540,3748,0.2657580077648163
37550,3749,0.1399482935667038
37560,3750,0.030577274039387703
37570,3751,0.05721934884786606
37580,3752,0.051831383258104324
37590,3753,0.21688996255397797
37600,3754,0.10240186750888824
37610,3755,0.20549376308918
37620,3756,0.19150078296661377
37630,3757,0.08494359254837036
37640,3758,0.12829791009426117
37650,3759,0.0784405916929245
37660,3760,0.05259201303124428
37670,3761,0.26364368200302124
37680,3762,0.08778305351734161
37690,3763,0.01632857136428356
37700,3764,0.19633987545967102
37710,3765,0.1522255837917328
37720,3766,0.12824015319347382
37730,3767,0.1533059924840927
37740,3768,0.16411085426807404
37750,3769,0.2385997325181961
37760,3770,0.035181209444999695
37770,3771,0.060485970228910446
37780,3772,0.11190801858901978
37790,3773,0.09502308815717697
37800,3774,0.14908410608768463
37810,3775,0.11543907225131989
37820,3776,0.29528433084487915
37830,3777,0.14511246979236603
37840,3778,0.061728332191705704
37850,3779,0.19045227766036987
37860,3780,0.05636002495884895
37870,3781,0.03386007621884346
37880,3782,0.20590868592262268
37890,3783,0.09378097206354141
37900,3784,0.18603496253490448
37910,3785,0.0817628875374794
37920,3786,0.08795158565044403
37930,3787,0.20123660564422607
37940,3788,0.18684208393096924
37950,3789,0.1621266007423401
37960,3790,0.15393710136413574
37970,3791,0.11885413527488708
37980,3792,0.30293869972229004
37990,3793,0.09771868586540222
38000,3794,0.09114689379930496
38010,3795,0.047445863485336304
38020,3796,0.09341666102409363
38030,3797,0.08546805381774902
38040,3798,0.26744282245635986
38050,3799,0.05629049614071846
38060,3800,0.11429637670516968
38070,3801,0.06823737919330597
38080,3802,0.21602147817611694
38090,3803,0.05869525671005249
38100,3804,0.16036541759967804
38110,3805,0.22913694381713867
38120,3806,0.041952915489673615
38130,3807,0.18441638350486755
38140,3808,0.16825684905052185
38150,3809,0.09415078908205032
38160,3810,0.2540692090988159
38170,3811,0.1446615606546402
38180,3812,0.17696693539619446
38190,3813,0.10240522027015686
38200,3814,0.10403576493263245
38210,3815,0.0562574602663517
38220,3816,0.07221771776676178
38230,3817,0.2236836850643158
38240,3818,0.018610212951898575
38250,3819,0.11677238345146179
38260,3820,0.05295771732926369
38270,3821,0.031643345952034
38280,3822,0.2916874289512634
38290,3823,0.1126570925116539
38300,3824,0.024580752477049828
38310,3825,0.07200001925230026
38320,3826,0.04180195555090904
38330,3827,0.02630157768726349
38340,3828,0.09784410893917084
38350,3829,0.1585601419210434
38360,3830,0.1507045477628708
38370,3831,0.16368333995342255
38380,3832,0.17097799479961395
38390,3833,0.09874439239501953
38400,3834,0.10720178484916687
38410,3835,0.0349104069173336
38420,3836,0.28874295949935913
38430,3837,0.3305726647377014
38440,3838,0.09068508446216583
38450,3839,0.08987343311309814
38460,3840,0.15096965432167053
38470,3841,0.2398388534784317
38480,3842,0.17877782881259918
38490,3843,0.10842136293649673
38500,3844,0.08487194776535034
38510,3845,0.13492640852928162
38520,3846,0.16767552495002747
38530,3847,0.22772511839866638
38540,3848,0.14203032851219177
38550,3849,0.1527206301689148
38560,3850,0.06478053331375122
38570,3851,0.11211088299751282
38580,3852,0.15056899189949036
38590,3853,0.1780608892440796
38600,3854,0.20224875211715698
38610,3855,0.15711742639541626
38620,3856,0.29203513264656067
38630,3857,0.10274552553892136
38640,3858,0.07415106147527695
38650,3859,0.13928888738155365
38660,3860,0.22157526016235352
38670,3861,0.29539239406585693
38680,3862,0.34636804461479187
38690,3863,0.16138005256652832
38700,3864,0.08351560682058334
38710,3865,0.08068029582500458
38720,3866,0.07056348025798798
38730,3867,0.24183368682861328
38740,3868,0.3362885117530823
38750,3869,0.04128345847129822
38760,3870,0.05135928466916084
38770,3871,0.13154032826423645
38780,3872,0.03050559014081955
38790,3873,0.08893755078315735
38800,3874,0.3134012222290039
38810,3875,0.31848499178886414
38820,3876,0.20561908185482025
38830,3877,0.1477358043193817
38840,3878,0.0470847450196743
38850,3879,0.1262742131948471
38860,3880,0.1333189308643341
38870,3881,0.1277991384267807
38880,3882,0.166024312376976
38890,3883,0.24332374334335327
38900,3884,0.21406471729278564
38910,3885,0.313088059425354
38920,3886,0.17125016450881958
38930,3887,0.20233842730522156
38940,3888,0.142426535487175
38950,3889,0.36168715357780457
38960,3890,0.2289028912782669
38970,3891,0.09294541925191879
38980,3892,0.05561825633049011
38990,3893,0.08973686397075653
39000,3894,0.31277820467948914
39010,3895,0.08659897744655609
39020,3896,0.2420845776796341
39030,3897,0.08607857674360275
39040,3898,0.18549928069114685
39050,3899,0.4158816933631897
39060,3900,0.12437449395656586
39070,3901,0.13582471013069153
39080,3902,0.2081252783536911
39090,3903,0.22634993493556976
39100,3904,0.05824848264455795
39110,3905,0.10807942599058151
39120,3906,0.08962709456682205
39130,3907,0.32922932505607605
39140,3908,0.08565094321966171
39150,3909,0.09310019016265869
39160,3910,0.44891905784606934
39170,3911,0.17170874774456024
39180,3912,0.18722432851791382
39190,3913,0.1893429160118103
39200,3914,0.11819428205490112
39210,3915,0.1162882000207901
39220,3916,0.1059747189283371
39230,3917,0.08933191746473312
39240,3918,0.06309276074171066
39250,3919,0.25266095995903015
39260,3920,0.23691891133785248
39270,3921,0.20156756043434143
39280,3922,0.11871042847633362
39290,3923,0.07153169065713882
39300,3924,0.2260558158159256
39310,3925,0.20366913080215454
39320,3926,0.341308057308197
39330,3927,0.06308137625455856
39340,3928,0.08376926928758621
39350,3929,0.23024111986160278
39360,3930,0.17212887108325958
39370,3931,0.07473926991224289
39380,3932,0.07676762342453003
39390,3933,0.03962395712733269
39400,3934,0.18465754389762878
39410,3935,0.17783020436763763
39420,3936,0.09956510365009308
39430,3937,0.11620253324508667
39440,3938,0.16791842877864838
39450,3939,0.10491439700126648
39460,3940,0.03553260117769241
39470,3941,0.2222444713115692
39480,3942,0.16203376650810242
39490,3943,0.07444769889116287
39500,3944,0.009538808837532997
39510,3945,0.09904254227876663
39520,3946,0.038703519850969315
39530,3947,0.3929482698440552
39540,3948,0.21045014262199402
39550,3949,0.13826356828212738
39560,3950,0.15265870094299316
39570,3951,0.10575836151838303
39580,3952,0.13350898027420044
39590,3953,0.20034348964691162
39600,3954,0.08147340267896652
39610,3955,0.07126525789499283
39620,3956,0.12849217653274536
39630,3957,0.10487721115350723
39640,3958,0.40165579319000244
39650,3959,0.19664473831653595
39660,3960,0.021312566474080086
39670,3961,0.012906652875244617
39680,3962,0.1923740655183792
39690,3963,0.11159906536340714
39700,3964,0.12475041300058365
39710,3965,0.176100492477417
39720,3966,0.08808181434869766
39730,3967,0.12493166327476501
39740,3968,0.13630826771259308
39750,3969,0.12559443712234497
39760,3970,0.08453933149576187
39770,3971,0.037673044949769974
39780,3972,0.38226938247680664
39790,3973,0.15566374361515045
39800,3974,0.14390240609645844
39810,3975,0.27848654985427856
39820,3976,0.08269824087619781
39830,3977,0.15045903623104095
39840,3978,0.13481633365154266
39850,3979,0.08186740428209305
39860,3980,0.14037029445171356
39870,3981,0.05187886580824852
39880,3982,0.07961151003837585
39890,3983,0.036845844238996506
39900,3984,0.09389007091522217
39910,3985,0.0966360792517662
39920,3986,0.17080502212047577
39930,3987,0.15070100128650665
39940,3988,0.291422039270401
39950,3989,0.11696062237024307
39960,3990,0.0960632711648941
39970,3991,0.16755646467208862
39980,3992,0.053981244564056396
39990,3993,0.276350736618042
40000,3994,0.20695646107196808
40010,3995,0.06533826142549515
40020,3996,0.146704763174057
40030,3997,0.11941218376159668
40040,3998,0.09901341050863266
40050,3999,0.24570409953594208
40060,4000,0.1379082351922989
40070,4001,0.10845854133367538
40080,4002,0.28542613983154297
40090,4003,0.06558995693922043
40100,4004,0.10679987818002701
40110,4005,0.09930340945720673
40120,4006,0.38125357031822205
40130,4007,0.2732637822628021
40140,4008,0.09346842765808105
40150,4009,0.1687307506799698
40160,4010,0.09359663724899292
40170,4011,0.276006281375885
40180,4012,0.2666811943054199
40190,4013,0.08515304327011108
40200,4014,0.10001681745052338
40210,4015,0.12149765342473984
40220,4016,0.14266647398471832
40230,4017,0.37687021493911743
40240,4018,0.052408963441848755
40250,4019,0.1987932175397873
40260,4020,0.10182229429483414
40270,4021,0.1513097584247589
40280,4022,0.042518388479948044
40290,4023,0.16085952520370483
40300,4024,0.16281214356422424
40310,4025,0.17367367446422577
40320,4026,0.14832335710525513
40330,4027,0.27779167890548706
40340,4028,0.17530159652233124
40350,4029,0.11240372806787491
40360,4030,0.13057777285575867
40370,4031,0.08857190608978271
40380,4032,0.12168896198272705
40390,4033,0.09640306234359741
40400,4034,0.08532103151082993
40410,4035,0.07251837104558945
40420,4036,0.14185576140880585
40430,4037,0.23750169575214386
40440,4038,0.20686210691928864
40450,4039,0.26042425632476807
40460,4040,0.10963387042284012
40470,4041,0.19283238053321838
40480,4042,0.21699385344982147
40490,4043,0.1851276308298111
40500,4044,0.08714667707681656
40510,4045,0.19401268661022186
40520,4046,0.1311759650707245
40530,4047,0.17617188394069672
40540,4048,0.2230653613805771
40550,4049,0.12960903346538544
40560,4050,0.13176342844963074
40570,4051,0.06902530789375305
40580,4052,0.02181357890367508
40590,4053,0.093361996114254
40600,4054,0.3632543087005615
40610,4055,0.14936737716197968
40620,4056,0.11060205847024918
40630,4057,0.025329621508717537
40640,4058,0.17757384479045868
40650,4059,0.06925003975629807
40660,4060,0.12976744771003723
40670,4061,0.18765610456466675
40680,4062,0.10520598292350769
40690,4063,0.1335507333278656
40700,4064,0.14056122303009033
40710,4065,0.2803966701030731
40720,4066,0.2443491816520691
40730,4067,0.1632191687822342
40740,4068,0.12634418904781342
40750,4069,0.39504915475845337
40760,4070,0.19261540472507477
40770,4071,0.17681628465652466
40780,4072,0.08810348808765411
40790,4073,0.10080894827842712
40800,4074,0.21211591362953186
40810,4075,0.20602543652057648
40820,4076,0.04009800776839256
40830,4077,0.04230709373950958
40840,4078,0.05861987918615341
40850,4079,0.21924157440662384
40860,4080,0.09472688287496567
40870,4081,0.08541416376829147
40880,4082,0.16373282670974731
40890,4083,0.23814262449741364
40900,4084,0.07343166321516037
40910,4085,0.11289719492197037
40920,4086,0.08301974833011627
40930,4087,0.14405280351638794
40940,4088,0.18694813549518585
40950,4089,0.0879027396440506
40960,4090,0.07479476928710938
40970,4091,0.23835569620132446
40980,4092,0.12480241060256958
40990,4093,0.09518983215093613
41000,4094,0.11209206283092499
41010,4095,0.15456974506378174
41020,4096,0.1714140772819519
41030,4097,0.24508485198020935
41040,4098,0.31917399168014526
41050,4099,0.09559275209903717
41060,4100,0.18318821489810944
41070,4101,0.1971588283777237
41080,4102,0.2739182412624359
41090,4103,0.20277656614780426
41100,4104,0.03609456121921539
41110,4105,0.07768286764621735
41120,4106,0.108681820333004
41130,4107,0.14198274910449982
41140,4108,0.09231012314558029
41150,4109,0.16271601617336273
41160,4110,0.17607153952121735
41170,4111,0.1925431340932846
41180,4112,0.17789404094219208
41190,4113,0.3448365032672882
41200,4114,0.10245555639266968
41210,4115,0.24818815290927887
41220,4116,0.10310142487287521
41230,4117,0.29557767510414124
41240,4118,0.06705089658498764
41250,4119,0.26669374108314514
41260,4120,0.14952461421489716
41270,4121,0.12129352986812592
41280,4122,0.03558061644434929
41290,4123,0.014819374307990074
41300,4124,0.14419227838516235
41310,4125,0.34064093232154846
41320,4126,0.057379815727472305
41330,4127,0.1311284601688385
41340,4128,0.1429956704378128
41350,4129,0.1454790085554123
41360,4130,0.22139889001846313
41370,4131,0.07293321192264557
41380,4132,0.13988414406776428
41390,4133,0.13794340193271637
41400,4134,0.1897229552268982
41410,4135,0.117632657289505
41420,4136,0.13002842664718628
41430,4137,0.09816014766693115
41440,4138,0.24048632383346558
41450,4139,0.08619685471057892
41460,4140,0.16418081521987915
41470,4141,0.05640576407313347
41480,4142,0.23753505945205688
41490,4143,0.057252027094364166
41500,4144,0.04473269730806351
41510,4145,0.09928072988986969
41520,4146,0.054026808589696884
41530,4147,0.1354295015335083
41540,4148,0.12788215279579163
41550,4149,0.1730206310749054
41560,4150,0.1203189343214035
41570,4151,0.14646144211292267
41580,4152,0.08020106703042984
41590,4153,0.268604040145874
41600,4154,0.04014855995774269
41610,4155,0.15174688398838043
41620,4156,0.03909730911254883
41630,4157,0.3080735504627228
41640,4158,0.10222195088863373
41650,4159,0.2387697696685791
41660,4160,0.164263516664505
41670,4161,0.23286405205726624
41680,4162,0.18027979135513306
41690,4163,0.20840640366077423
41700,4164,0.11754501610994339
41710,4165,0.04712735861539841
41720,4166,0.20235297083854675
41730,4167,0.13770052790641785
41740,4168,0.13858114182949066
41750,4169,0.23694023489952087
41760,4170,0.06319798529148102
41770,4171,0.13487796485424042
41780,4172,0.1432831585407257
41790,4173,0.14953041076660156
41800,4174,0.13957473635673523
41810,4175,0.2145911306142807
41820,4176,0.16646136343479156
41830,4177,0.04591778293251991
41840,4178,0.13404834270477295
41850,4179,0.1160801500082016
41860,4180,0.2358645647764206
41870,4181,0.011790776625275612
41880,4182,0.14906176924705505
41890,4183,0.05414826422929764
41900,4184,0.09869018197059631
41910,4185,0.26897844672203064
41920,4186,0.34205275774002075
41930,4187,0.27387434244155884
41940,4188,0.1165279746055603
41950,4189,0.10564767569303513
41960,4190,0.24187622964382172
41970,4191,0.11578693985939026
41980,4192,0.09381282329559326
41990,4193,0.19553494453430176
42000,4194,0.30125534534454346
42010,4195,0.1729297935962677
42020,4196,0.11693648993968964
42030,4197,0.25224775075912476
42040,4198,0.05002487078309059
42050,4199,0.03542524203658104
42060,4200,0.20409563183784485
42070,4201,0.3586440086364746
42080,4202,0.1552092730998993
42090,4203,0.2570421099662781
42100,4204,0.1063397228717804
42110,4205,0.26023146510124207
42120,4206,0.1625477522611618
42130,4207,0.05761003494262695
42140,4208,0.056513696908950806
42150,4209,0.09165593981742859
42160,4210,0.11316457390785217
42170,4211,0.03526560589671135
42180,4212,0.08584501594305038
42190,4213,0.06720199435949326
42200,4214,0.2538071572780609
42210,4215,0.18388041853904724
42220,4216,0.14980348944664001
42230,4217,0.14448638260364532
42240,4218,0.1531376987695694
42250,4219,0.17469538748264313
42260,4220,0.12069228291511536
42270,4221,0.13275958597660065
42280,4222,0.12150461226701736
42290,4223,0.15126365423202515
42300,4224,0.13537688553333282
42310,4225,0.14276337623596191
42320,4226,0.1739969551563263
42330,4227,0.2079242467880249
42340,4228,0.07618109881877899
42350,4229,0.10804727673530579
42360,4230,0.15699279308319092
42370,4231,0.14888040721416473
42380,4232,0.2007964700460434
42390,4233,0.10797333717346191
42400,4234,0.11497347056865692
42410,4235,0.281015008687973
42420,4236,0.11352980136871338
42430,4237,0.33134791254997253
42440,4238,0.17644186317920685
42450,4239,0.2193753719329834
42460,4240,0.22387847304344177
42470,4241,0.15349727869033813
42480,4242,0.2862415313720703
42490,4243,0.05872538685798645
42500,4244,0.15932485461235046
42510,4245,0.19546805322170258
42520,4246,0.21949785947799683
42530,4247,0.21773366630077362
42540,4248,0.20737570524215698
42550,4249,0.09198462218046188
42560,4250,0.22278781235218048
42570,4251,0.23121808469295502
42580,4252,0.16821102797985077
42590,4253,0.049852292984724045
42600,4254,0.15467579662799835
42610,4255,0.10441028326749802
42620,4256,0.19556480646133423
42630,4257,0.19530539214611053
42640,4258,0.1327538937330246
42650,4259,0.057003796100616455
42660,4260,0.1440889537334442
42670,4261,0.09423448890447617
42680,4262,0.19806954264640808
42690,4263,0.2331317812204361
42700,4264,0.05536705255508423
42710,4265,0.049431685358285904
42720,4266,0.24968747794628143
42730,4267,0.04233454167842865
42740,4268,0.1626981496810913
42750,4269,0.21698307991027832
42760,4270,0.02070591039955616
42770,4271,0.09911244362592697
42780,4272,0.048616185784339905
42790,4273,0.17611759901046753
42800,4274,0.058667734265327454
42810,4275,0.1836194097995758
42820,4276,0.11298485845327377
42830,4277,0.21140268445014954
42840,4278,0.15560965240001678
42850,4279,0.14966896176338196
42860,4280,0.05779462680220604
42870,4281,0.09478826075792313
42880,4282,0.1430770605802536
42890,4283,0.10490533709526062
42900,4284,0.12883684039115906
42910,4285,0.0910368338227272
42920,4286,0.11184494197368622
42930,4287,0.3035297989845276
42940,4288,0.14052271842956543
42950,4289,0.1841316819190979
42960,4290,0.06466583162546158
42970,4291,0.2647245526313782
42980,4292,0.20818310976028442
42990,4293,0.14171475172042847
43000,4294,0.3118186891078949
43010,4295,0.17957338690757751
43020,4296,0.17147375643253326
43030,4297,0.16876965761184692
43040,4298,0.0903690829873085
43050,4299,0.2357536405324936
43060,4300,0.3749803602695465
43070,4301,0.17127349972724915
43080,4302,0.09519617259502411
43090,4303,0.12512144446372986
43100,4304,0.1943451315164566
43110,4305,0.07055091857910156
43120,4306,0.15747956931591034
43130,4307,0.13226473331451416
43140,4308,0.19961906969547272
43150,4309,0.05874957889318466
43160,4310,0.07334833592176437
43170,4311,0.09516379237174988
43180,4312,0.02800714410841465
43190,4313,0.12593860924243927
43200,4314,0.05913640186190605
43210,4315,0.20323236286640167
43220,4316,0.08634483069181442
43230,4317,0.12868621945381165
43240,4318,0.04169173911213875
43250,4319,0.1792500913143158
43260,4320,0.2197074294090271
43270,4321,0.10801932215690613
43280,4322,0.06489580869674683
43290,4323,0.12446114420890808
43300,4324,0.1210726797580719
43310,4325,0.14517967402935028
43320,4326,0.23769263923168182
43330,4327,0.08483816683292389
43340,4328,0.16048648953437805
43350,4329,0.1160370260477066
43360,4330,0.1285804957151413
43370,4331,0.2243136465549469
43380,4332,0.055444151163101196
43390,4333,0.16256709396839142
43400,4334,0.11230787634849548
43410,4335,0.23002564907073975
43420,4336,0.13213546574115753
43430,4337,0.20925401151180267
43440,4338,0.22325247526168823
43450,4339,0.11229924857616425
43460,4340,0.1931876689195633
43470,4341,0.16682715713977814
43480,4342,0.04719134420156479
43490,4343,0.23221053183078766
43500,4344,0.11083024740219116
43510,4345,0.16282521188259125
43520,4346,0.18026377260684967
43530,4347,0.06557843089103699
43540,4348,0.22359687089920044
43550,4349,0.02278074622154236
43560,4350,0.16159051656723022
43570,4351,0.07979025691747665
43580,4352,0.32789817452430725
43590,4353,0.21707838773727417
43600,4354,0.04101892188191414
43610,4355,0.055660173296928406
43620,4356,0.1289576143026352
43630,4357,0.13927029073238373
43640,4358,0.08502795547246933
43650,4359,0.14053279161453247
43660,4360,0.06230694055557251
43670,4361,0.018852626904845238
43680,4362,0.12975813448429108
43690,4363,0.05701239034533501
43700,4364,0.1403740495443344
43710,4365,0.10570332407951355
43720,4366,0.17420990765094757
43730,4367,0.16391514241695404
43740,4368,0.3159034550189972
43750,4369,0.11218860745429993
43760,4370,0.12577292323112488
43770,4371,0.0855787917971611
43780,4372,0.05996090546250343
43790,4373,0.07677862793207169
43800,4374,0.18202054500579834
43810,4375,0.10683548450469971
43820,4376,0.105219766497612
43830,4377,0.09185881912708282
43840,4378,0.12669222056865692
43850,4379,0.18898208439350128
43860,4380,0.04731995612382889
43870,4381,0.3152742385864258
43880,4382,0.10713812708854675
43890,4383,0.1944991648197174
43900,4384,0.13353757560253143
43910,4385,0.12057920545339584
43920,4386,0.04242638126015663
43930,4387,0.13136208057403564
43940,4388,0.09558974206447601
43950,4389,0.13172806799411774
43960,4390,0.24289141595363617
43970,4391,0.17945075035095215
43980,4392,0.0927811861038208
43990,4393,0.1572316735982895
44000,4394,0.06065480038523674
44010,4395,0.09246651828289032
44020,4396,0.046037327498197556
44030,4397,0.021790985018014908
44040,4398,0.15311145782470703
44050,4399,0.23478788137435913
44060,4400,0.08581560850143433
44070,4401,0.08849451690912247
44080,4402,0.10275108367204666
44090,4403,0.166922926902771
44100,4404,0.14611130952835083
44110,4405,0.05464552715420723
44120,4406,0.1085878536105156
44130,4407,0.14408250153064728
44140,4408,0.09792562574148178
44150,4409,0.21725305914878845
44160,4410,0.021980002522468567
44170,4411,0.10910153388977051
44180,4412,0.25132495164871216
44190,4413,0.11101340502500534
44200,4414,0.1662398874759674
44210,4415,0.4123827815055847
44220,4416,0.17712265253067017
44230,4417,0.06179260089993477
44240,4418,0.04876064881682396
44250,4419,0.22811366617679596
44260,4420,0.04444412887096405
44270,4421,0.1506737321615219
44280,4422,0.08081530034542084
44290,4423,0.15032431483268738
44300,4424,0.05378956347703934
44310,4425,0.19144214689731598
44320,4426,0.10068275034427643
44330,4427,0.12115421891212463
44340,4428,0.2149033099412918
44350,4429,0.22363486886024475
44360,4430,0.1246575191617012
44370,4431,0.07716520130634308
44380,4432,0.08123370260000229
44390,4433,0.09597151726484299
44400,4434,0.06043540686368942
44410,4435,0.23594234883785248
44420,4436,0.07517184317111969
44430,4437,0.04910828173160553
44440,4438,0.12504953145980835
44450,4439,0.28630802035331726
44460,4440,0.14393463730812073
44470,4441,0.09978633373975754
44480,4442,0.17793117463588715
44490,4443,0.09981614351272583
44500,4444,0.08286352455615997
44510,4445,0.06711495667695999
44520,4446,0.19673921167850494
44530,4447,0.3243596851825714
44540,4448,0.17878392338752747
44550,4449,0.24678561091423035
44560,4450,0.22750961780548096
44570,4451,0.07401832193136215
44580,4452,0.13377244770526886
44590,4453,0.2578294277191162
44600,4454,0.0820784643292427
44610,4455,0.12129172682762146
44620,4456,0.16150331497192383
44630,4457,0.12764862179756165
44640,4458,0.1268375962972641
44650,4459,0.2643597722053528
44660,4460,0.3214614689350128
44670,4461,0.18226969242095947
44680,4462,0.14105656743049622
44690,4463,0.17659911513328552
44700,4464,0.14173375070095062
44710,4465,0.1828124076128006
44720,4466,0.14685367047786713
44730,4467,0.15668371319770813
44740,4468,0.13476240634918213
44750,4469,0.14963115751743317
44760,4470,0.3993043303489685
44770,4471,0.13211683928966522
44780,4472,0.19075503945350647
44790,4473,0.11985105276107788
44800,4474,0.22006365656852722
44810,4475,0.15355229377746582
44820,4476,0.1671888679265976
44830,4477,0.18618980050086975
44840,4478,0.1445779800415039
44850,4479,0.04503931105136871
44860,4480,0.14297780394554138
44870,4481,0.21617388725280762
44880,4482,0.1613423079252243
44890,4483,0.10123025625944138
44900,4484,0.17805109918117523
44910,4485,0.16250281035900116
44920,4486,0.1758200228214264
44930,4487,0.08595775812864304
44940,4488,0.32692429423332214
44950,4489,0.07202266156673431
44960,4490,0.11214528232812881
44970,4491,0.26452821493148804
44980,4492,0.2589645981788635
44990,4493,0.17292243242263794
45000,4494,0.15147601068019867
45010,4495,0.09975314885377884
45020,4496,0.09538688510656357
45030,4497,0.05835733190178871
45040,4498,0.07439745962619781
45050,4499,0.17299121618270874
45060,4500,0.08672891557216644
45070,4501,0.17362765967845917
45080,4502,0.2440907210111618
45090,4503,0.04664858803153038
45100,4504,0.1745365560054779
45110,4505,0.40028753876686096
45120,4506,0.07669277489185333
45130,4507,0.13338413834571838
45140,4508,0.25939199328422546
45150,4509,0.063593789935112
45160,4510,0.08010754734277725
45170,4511,0.038529373705387115
45180,4512,0.23564566671848297
45190,4513,0.06430722773075104
45200,4514,0.040732838213443756
45210,4515,0.07413193583488464
45220,4516,0.047321073710918427
45230,4517,0.13403622806072235
45240,4518,0.3013307452201843
45250,4519,0.09092041105031967
45260,4520,0.08949235081672668
45270,4521,0.27468594908714294
45280,4522,0.01265784166753292
45290,4523,0.24939210712909698
45300,4524,0.07013123482465744
45310,4525,0.08504657447338104
45320,4526,0.18097253143787384
45330,4527,0.20625890791416168
45340,4528,0.3101464509963989
45350,4529,0.29784339666366577
45360,4530,0.1785796731710434
45370,4531,0.05115371569991112
45380,4532,0.13670353591442108
45390,4533,0.08246151357889175
45400,4534,0.0459974966943264
45410,4535,0.2287137508392334
45420,4536,0.28659775853157043
45430,4537,0.17055641114711761
45440,4538,0.18955954909324646
45450,4539,0.3535833954811096
45460,4540,0.22682304680347443
45470,4541,0.07861874252557755
45480,4542,0.24792537093162537
45490,4543,0.36822301149368286
45500,4544,0.14847582578659058
45510,4545,0.27164778113365173
45520,4546,0.19397027790546417
45530,4547,0.0888603925704956
45540,4548,0.20002423226833344
45550,4549,0.13617780804634094
45560,4550,0.1947803646326065
45570,4551,0.08172096312046051
45580,4552,0.1413598358631134
45590,4553,0.3762519359588623
45600,4554,0.24148614704608917
45610,4555,0.2741088271141052
45620,4556,0.20059233903884888
45630,4557,0.2628456652164459
45640,4558,0.25997012853622437
45650,4559,0.24489548802375793
45660,4560,0.05845698341727257
45670,4561,0.1185176894068718
45680,4562,0.061917081475257874
45690,4563,0.2318185418844223
45700,4564,0.10518001019954681
45710,4565,0.08891300112009048
45720,4566,0.018640808761119843
45730,4567,0.2809358239173889
45740,4568,0.06043722480535507
45750,4569,0.27465930581092834
45760,4570,0.03543354570865631
45770,4571,0.07270693778991699
45780,4572,0.17376379668712616
45790,4573,0.2506422996520996
45800,4574,0.19740216434001923
45810,4575,0.10987912863492966
45820,4576,0.21612054109573364
45830,4577,0.15810160338878632
45840,4578,0.16013884544372559
45850,4579,0.13833563029766083
45860,4580,0.15450945496559143
45870,4581,0.34208327531814575
45880,4582,0.20533733069896698
45890,4583,0.23975969851016998
45900,4584,0.25488778948783875
45910,4585,0.18575099110603333
45920,4586,0.20947648584842682
45930,4587,0.04633631557226181
45940,4588,0.32882657647132874
45950,4589,0.09807678312063217
45960,4590,0.11956959962844849
45970,4591,0.18872731924057007
45980,4592,0.3074994385242462
45990,4593,0.07313840091228485
46000,4594,0.1406976580619812
46010,4595,0.24863937497138977
46020,4596,0.047316230833530426
46030,4597,0.19041183590888977
46040,4598,0.16635088622570038
46050,4599,0.11614581942558289
46060,4600,0.05759955570101738
46070,4601,0.1359746754169464
46080,4602,0.17874467372894287
46090,4603,0.29430192708969116
46100,4604,0.31015336513519287
46110,4605,0.3220207095146179
46120,4606,0.22945532202720642
46130,4607,0.19230765104293823
46140,4608,0.12833881378173828
46150,4609,0.1700383424758911
46160,4610,0.13350525498390198
46170,4611,0.04911074787378311
46180,4612,0.3067571222782135
46190,4613,0.12520864605903625
46200,4614,0.11327453702688217
46210,4615,0.06571027636528015
46220,4616,0.05839000642299652
46230,4617,0.16064924001693726
46240,4618,0.3623737394809723
46250,4619,0.21677178144454956
46260,4620,0.1614995002746582
46270,4621,0.14101505279541016
46280,4622,0.07298856973648071
46290,4623,0.32454073429107666
46300,4624,0.1655716598033905
46310,4625,0.03367101773619652
46320,4626,0.12519264221191406
46330,4627,0.5314290523529053
46340,4628,0.1797618716955185
46350,4629,0.10522042959928513
46360,4630,0.22962266206741333
46370,4631,0.18382377922534943
46380,4632,0.20875801146030426
46390,4633,0.12568946182727814
46400,4634,0.07800754904747009
46410,4635,0.10027079284191132
46420,4636,0.3207642436027527
46430,4637,0.13574671745300293
46440,4638,0.18427123129367828
46450,4639,0.26718682050704956
46460,4640,0.1272161900997162
46470,4641,0.2602746784687042
46480,4642,0.2727586328983307
46490,4643,0.05163028836250305
46500,4644,0.18801334500312805
46510,4645,0.28487008810043335
46520,4646,0.12567377090454102
46530,4647,0.24280498921871185
46540,4648,0.23312127590179443
46550,4649,0.19242268800735474
46560,4650,0.262506902217865
46570,4651,0.06414684653282166
46580,4652,0.15814658999443054
46590,4653,0.2602342665195465
46600,4654,0.07953521609306335
46610,4655,0.21157747507095337
46620,4656,0.3241352438926697
46630,4657,0.07524906098842621
46640,4658,0.17076222598552704
46650,4659,0.09108912199735641
46660,4660,0.0665745958685875
46670,4661,0.2571708858013153
46680,4662,0.1266535520553589
46690,4663,0.12590470910072327
46700,4664,0.15867942571640015
46710,4665,0.04852883517742157
46720,4666,0.17849226295948029
46730,4667,0.399105966091156
46740,4668,0.139479860663414
46750,4669,0.12085802853107452
46760,4670,0.07376851886510849
46770,4671,0.4460483491420746
46780,4672,0.21072128415107727
46790,4673,0.14994345605373383
46800,4674,0.17651641368865967
46810,4675,0.0564570315182209
46820,4676,0.10184131562709808
46830,4677,0.09569507837295532
46840,4678,0.22859106957912445
46850,4679,0.1912911981344223
46860,4680,0.11049308627843857
46870,4681,0.14787963032722473
46880,4682,0.2727215886116028
46890,4683,0.14968037605285645
46900,4684,0.16145554184913635
46910,4685,0.1309448480606079
46920,4686,0.3227870762348175
46930,4687,0.23492702841758728
46940,4688,0.1510460525751114
46950,4689,0.12219665199518204
46960,4690,0.23172204196453094
46970,4691,0.24267256259918213
46980,4692,0.05827943608164787
46990,4693,0.24804037809371948
47000,4694,0.18180418014526367
47010,4695,0.22213703393936157
47020,4696,0.327660471200943
47030,4697,0.35510963201522827
47040,4698,0.31978341937065125
47050,4699,0.11640594899654388
47060,4700,0.319610059261322
47070,4701,0.2225898802280426
47080,4702,0.07515254616737366
47090,4703,0.2037060558795929
47100,4704,0.23911038041114807
47110,4705,0.2790384590625763
47120,4706,0.2042924016714096
47130,4707,0.2051307111978531
47140,4708,0.18391203880310059
47150,4709,0.2024446576833725
47160,4710,0.04707109183073044
47170,4711,0.321371853351593
47180,4712,0.12165758013725281
47190,4713,0.092100590467453
47200,4714,0.14514948427677155
47210,4715,0.1565370410680771
47220,4716,0.12868037819862366
47230,4717,0.21908676624298096
47240,4718,0.32593196630477905
47250,4719,0.36908721923828125
47260,4720,0.20886391401290894
47270,4721,0.18873392045497894
47280,4722,0.2142908275127411
47290,4723,0.25814494490623474
47300,4724,0.19158561527729034
47310,4725,0.24255163967609406
47320,4726,0.19670040905475616
47330,4727,0.12786594033241272
47340,4728,0.13681386411190033
47350,4729,0.13985726237297058
47360,4730,0.12494760006666183
47370,4731,0.2044859081506729
47380,4732,0.2495848834514618
47390,4733,0.11911862343549728
47400,4734,0.16034413874149323
47410,4735,0.07463186979293823
47420,4736,0.09738601744174957
47430,4737,0.2971936762332916
47440,4738,0.07379525154829025
47450,4739,0.28195446729660034
47460,4740,0.22699037194252014
47470,4741,0.18109092116355896
47480,4742,0.317074716091156
47490,4743,0.2581179141998291
47500,4744,0.41764310002326965
47510,4745,0.27495065331459045
47520,4746,0.15261995792388916
47530,4747,0.16131417453289032
47540,4748,0.15273603796958923
47550,4749,0.3939574658870697
47560,4750,0.12103544920682907
47570,4751,0.28123801946640015
47580,4752,0.04401499778032303
47590,4753,0.24893878400325775
47600,4754,0.07448829710483551
47610,4755,0.11038728803396225
47620,4756,0.18758733570575714
47630,4757,0.08693525940179825
47640,4758,0.21437694132328033
47650,4759,0.20356254279613495
47660,4760,0.15227635204792023
47670,4761,0.13945353031158447
47680,4762,0.3675813376903534
47690,4763,0.03244291990995407
47700,4764,0.08399619162082672
47710,4765,0.1778385490179062
47720,4766,0.2406158298254013
47730,4767,0.16969183087348938
47740,4768,0.366277813911438
47750,4769,0.09670449048280716
47760,4770,0.15749207139015198
47770,4771,0.19725476205348969
47780,4772,0.22652298212051392
47790,4773,0.19398239254951477
47800,4774,0.2066941261291504
47810,4775,0.15923269093036652
47820,4776,0.09619004279375076
47830,4777,0.25771069526672363
47840,4778,0.1884130835533142
47850,4779,0.3727242052555084
47860,4780,0.18015249073505402
47870,4781,0.06733855605125427
47880,4782,0.17776788771152496
47890,4783,0.13108696043491364
47900,4784,0.18764877319335938
47910,4785,0.3176741302013397
47920,4786,0.16774329543113708
47930,4787,0.24193252623081207
47940,4788,0.17242376506328583
47950,4789,0.15123307704925537
47960,4790,0.21482159197330475
47970,4791,0.06972642987966537
47980,4792,0.2617702782154083
47990,4793,0.12579376995563507
48000,4794,0.12259166687726974
48010,4795,0.16352160274982452
48020,4796,0.13733378052711487
48030,4797,0.10402260720729828
48040,4798,0.17559164762496948
48050,4799,0.11046025156974792
48060,4800,0.1994660198688507
48070,4801,0.21515445411205292
48080,4802,0.1753726601600647
48090,4803,0.11189159750938416
48100,4804,0.23307529091835022
48110,4805,0.24423012137413025
48120,4806,0.3138030767440796
48130,4807,0.3521246910095215
48140,4808,0.33213698863983154
48150,4809,0.10596640408039093
48160,4810,0.13414625823497772
48170,4811,0.08560767769813538
48180,4812,0.2618061900138855
48190,4813,0.30426034331321716
48200,4814,0.1899966448545456
48210,4815,0.2316078245639801
48220,4816,0.18414311110973358
48230,4817,0.12647077441215515
48240,4818,0.1523853838443756
48250,4819,0.16139455139636993
48260,4820,0.40425509214401245
48270,4821,0.24029767513275146
48280,4822,0.17427359521389008
48290,4823,0.3058846890926361
48300,4824,0.1802476942539215
48310,4825,0.25383102893829346
48320,4826,0.20949378609657288
48330,4827,0.12426596134901047
48340,4828,0.1786743551492691
48350,4829,0.2413710057735443
48360,4830,0.4519754648208618
48370,4831,0.03967314586043358
48380,4832,0.3216429352760315
48390,4833,0.16013304889202118
48400,4834,0.24149323999881744
48410,4835,0.1027265191078186
48420,4836,0.16362741589546204
48430,4837,0.2588176429271698
48440,4838,0.12491753697395325
48450,4839,0.17562368512153625
48460,4840,0.06755144149065018
48470,4841,0.18228304386138916
48480,4842,0.2826738953590393
48490,4843,0.06926214694976807
48500,4844,0.23254315555095673
48510,4845,0.17891241610050201
48520,4846,0.27776461839675903
48530,4847,0.13760186731815338
48540,4848,0.15738864243030548
48550,4849,0.4056263864040375
48560,4850,0.41556257009506226
48570,4851,0.1537325382232666
48580,4852,0.2708509862422943
48590,4853,0.12971070408821106
48600,4854,0.07088463008403778
48610,4855,0.16715118288993835
48620,4856,0.2304391711950302
48630,4857,0.0572429895401001
48640,4858,0.23957593739032745
48650,4859,0.3167349696159363
48660,4860,0.2514312267303467
48670,4861,0.233504056930542
48680,4862,0.08237788826227188
48690,4863,0.2818436622619629
48700,4864,0.1292346566915512
48710,4865,0.15882162749767303
48720,4866,0.24775972962379456
48730,4867,0.22254273295402527
48740,4868,0.09882800281047821
48750,4869,0.3571000099182129
48760,4870,0.33367788791656494
48770,4871,0.09416026622056961
48780,4872,0.1439962089061737
48790,4873,0.2149616777896881
48800,4874,0.3586753010749817
48810,4875,0.14970576763153076
48820,4876,0.24009226262569427
48830,4877,0.15147916972637177
48840,4878,0.21774855256080627
48850,4879,0.30455607175827026
48860,4880,0.1380605846643448
48870,4881,0.10092083364725113
48880,4882,0.17468127608299255
48890,4883,0.24425506591796875
48900,4884,0.11442430317401886
48910,4885,0.12645043432712555
48920,4886,0.30298376083374023
48930,4887,0.13601276278495789
48940,4888,0.1576281189918518
48950,4889,0.2948346734046936
48960,4890,0.13944824039936066
48970,4891,0.35606902837753296
48980,4892,0.29536324739456177
48990,4893,0.1625361144542694
49000,4894,0.30515316128730774
49010,4895,0.18353216350078583
49020,4896,0.30311641097068787
49030,4897,0.12946820259094238
49040,4898,0.2021554857492447
49050,4899,0.20656348764896393
49060,4900,0.254611074924469
49070,4901,0.05050263553857803
49080,4902,0.3687315881252289
49090,4903,0.22386209666728973
49100,4904,0.4061932861804962
49110,4905,0.1625394970178604
49120,4906,0.48691803216934204
49130,4907,0.22375674545764923
49140,4908,0.3859632611274719
49150,4909,0.32461169362068176
49160,4910,0.20693092048168182
49170,4911,0.22209805250167847
49180,4912,0.14572499692440033
49190,4913,0.2578788995742798
49200,4914,0.33923447132110596
49210,4915,0.2152700573205948
49220,4916,0.19950352609157562
49230,4917,0.27696308493614197
49240,4918,0.17611956596374512
49250,4919,0.18518945574760437
49260,4920,0.06028797850012779
49270,4921,0.07937313616275787
49280,4922,0.1749947965145111
49290,4923,0.12087246030569077
49300,4924,0.22504381835460663
49310,4925,0.2488902509212494
49320,4926,0.15232110023498535
49330,4927,0.21894598007202148
49340,4928,0.2195114642381668
49350,4929,0.24966028332710266
49360,4930,0.19092011451721191
49370,4931,0.17081142961978912
49380,4932,0.07029970735311508
49390,4933,0.2114291936159134
49400,4934,0.016157718375325203
49410,4935,0.13481749594211578
49420,4936,0.20306043326854706
49430,4937,0.11860473453998566
49440,4938,0.20657339692115784
49450,4939,0.19363458454608917
49460,4940,0.3633824288845062
49470,4941,0.20363430678844452
49480,4942,0.2663975954055786
49490,4943,0.33381184935569763
49500,4944,0.14199331402778625
49510,4945,0.28077688813209534
49520,4946,0.12151101231575012
49530,4947,0.2215099334716797
49540,4948,0.17610162496566772
49550,4949,0.30842846632003784
49560,4950,0.24646301567554474
49570,4951,0.221605122089386
49580,4952,0.217569500207901
49590,4953,0.34241336584091187
49600,4954,0.22488319873809814
49610,4955,0.1560680866241455
49620,4956,0.17184233665466309
49630,4957,0.19071216881275177
49640,4958,0.3461253345012665
49650,4959,0.21540305018424988
49660,4960,0.22664545476436615
49670,4961,0.36244985461235046
49680,4962,0.04872787743806839
49690,4963,0.14515146613121033
49700,4964,0.186371311545372
49710,4965,0.10234172642230988
49720,4966,0.10429662466049194
49730,4967,0.14294330775737762
49740,4968,0.15564090013504028
49750,4969,0.09365534037351608
49760,4970,0.2615540623664856
49770,4971,0.20254912972450256
49780,4972,0.11069709807634354
49790,4973,0.027540545910596848
49800,4974,0.3414424657821655
49810,4975,0.12872827053070068
49820,4976,0.1191868931055069
49830,4977,0.3776822090148926
49840,4978,0.40744829177856445
49850,4979,0.18758825957775116
49860,4980,0.30281469225883484
49870,4981,0.3479430377483368
49880,4982,0.18551301956176758
49890,4983,0.3386687636375427
49900,4984,0.2702777087688446
49910,4985,0.08958333730697632
49920,4986,0.31696760654449463
49930,4987,0.052422307431697845
49940,4988,0.13190582394599915
49950,4989,0.2134944498538971
49960,4990,0.2522931396961212
49970,4991,0.17898845672607422
49980,4992,0.24172788858413696
49990,4993,0.13187086582183838
50000,4994,0.14747686684131622
