environment_step,learning_update,td_loss
70,1,0.04430843144655228
80,2,0.013338638469576836
90,3,0.011697258800268173
100,4,0.12269042432308197
110,5,0.1783808171749115
120,6,0.28517183661460876
130,7,0.15888413786888123
140,8,0.2372473031282425
150,9,0.22841940820217133
160,10,0.20018596947193146
170,11,0.19684171676635742
180,12,0.16665518283843994
190,13,0.1089196428656578
200,14,0.13542598485946655
210,15,0.1684010773897171
220,16,0.1886177957057953
230,17,0.156294584274292
240,18,0.05345943942666054
250,19,0.11702311784029007
260,20,0.10973167419433594
270,21,0.061191923916339874
280,22,0.12420498579740524
290,23,0.062188390642404556
300,24,0.1283346265554428
310,25,0.125901460647583
320,26,0.17528295516967773
330,27,0.09568637609481812
340,28,0.14897024631500244
350,29,0.2392905056476593
360,30,0.10521981120109558
370,31,0.0957999899983406
380,32,0.09708251059055328
390,33,0.024584151804447174
400,34,0.0673518106341362
410,35,0.13501277565956116
420,36,0.1730070561170578
430,37,0.20740315318107605
440,38,0.22486069798469543
450,39,0.2715449035167694
460,40,0.29220274090766907
470,41,0.27642038464546204
480,42,0.056920863687992096
490,43,0.16502171754837036
500,44,0.1538408398628235
510,45,0.16224715113639832
520,46,0.13602975010871887
530,47,0.3127812445163727
540,48,0.3216952681541443
550,49,0.23615051805973053
560,50,0.26630669832229614
570,51,0.18691040575504303
580,52,0.20409879088401794
590,53,0.25462043285369873
600,54,0.08350394666194916
610,55,0.0971592366695404
620,56,0.21867413818836212
630,57,0.19003763794898987
640,58,0.15643024444580078
650,59,0.14358392357826233
660,60,0.3293663561344147
670,61,0.09747857600450516
680,62,0.21862755715847015
690,63,0.3301233947277069
700,64,0.22920666635036469
710,65,0.2552078366279602
720,66,0.18929751217365265
730,67,0.12263451516628265
740,68,0.14845751225948334
750,69,0.40560561418533325
760,70,0.1833273470401764
770,71,0.204591765999794
780,72,0.34848445653915405
790,73,0.2662722170352936
800,74,0.3102337718009949
810,75,0.2036159783601761
820,76,0.29104968905448914
830,77,0.2185167819261551
840,78,0.19719325006008148
850,79,0.3223753869533539
860,80,0.33495134115219116
870,81,0.08151287585496902
880,82,0.15453729033470154
890,83,0.21660172939300537
900,84,0.2528776228427887
910,85,0.16666516661643982
920,86,0.15216661989688873
930,87,0.13548755645751953
940,88,0.16362310945987701
950,89,0.20562398433685303
960,90,0.16049852967262268
970,91,0.3336428105831146
980,92,0.3050312101840973
990,93,0.14659887552261353
1000,94,0.21433228254318237
1010,95,0.31139153242111206
1020,96,0.42617034912109375
1030,97,0.3314899206161499
1040,98,0.16081680357456207
1050,99,0.1878771036863327
1060,100,0.20931954681873322
1070,101,0.1581248641014099
1080,102,0.17690640687942505
1090,103,0.2680594027042389
1100,104,0.2796296775341034
1110,105,0.425900936126709
1120,106,0.33147281408309937
1130,107,0.2306155562400818
1140,108,0.269094854593277
1150,109,0.12824736535549164
1160,110,0.25527629256248474
1170,111,0.3983268141746521
1180,112,0.14777371287345886
1190,113,0.6602221131324768
1200,114,0.3174658417701721
1210,115,0.3712446987628937
1220,116,0.2223614603281021
1230,117,0.3292042016983032
1240,118,0.12947964668273926
1250,119,0.18654809892177582
1260,120,0.22599220275878906
1270,121,0.30883553624153137
1280,122,0.5290603041648865
1290,123,0.4387674331665039
1300,124,0.14156970381736755
1310,125,0.28574565052986145
1320,126,0.20766377449035645
1330,127,0.45237961411476135
1340,128,0.2628062665462494
1350,129,0.35397785902023315
1360,130,0.3642645478248596
1370,131,0.27515125274658203
1380,132,0.23771442472934723
1390,133,0.42478466033935547
1400,134,0.23421545326709747
1410,135,0.2610013484954834
1420,136,0.16761496663093567
1430,137,0.15365581214427948
1440,138,0.10816513001918793
1450,139,0.3743448853492737
1460,140,0.45338791608810425
1470,141,0.2046973556280136
1480,142,0.2119271606206894
1490,143,0.27719646692276
1500,144,0.22510644793510437
1510,145,0.3554525375366211
1520,146,0.303119033575058
1530,147,0.2601797878742218
1540,148,0.33934149146080017
1550,149,0.12356041371822357
1560,150,0.36363327503204346
1570,151,0.337793231010437
1580,152,0.18288296461105347
1590,153,0.2075437754392624
1600,154,0.28049734234809875
1610,155,0.09204767644405365
1620,156,0.4178859293460846
1630,157,0.23054319620132446
1640,158,0.09933752566576004
1650,159,0.24935072660446167
1660,160,0.42632219195365906
1670,161,0.2287384569644928
1680,162,0.17832504212856293
1690,163,0.2802696228027344
1700,164,0.3267950713634491
1710,165,0.3193216323852539
1720,166,0.20015282928943634
1730,167,0.2826384902000427
1740,168,0.5728296637535095
1750,169,0.16639608144760132
1760,170,0.15277592837810516
1770,171,0.4834413528442383
1780,172,0.38473063707351685
1790,173,0.2786737382411957
1800,174,0.3213333785533905
1810,175,0.2238478660583496
1820,176,0.02929968386888504
1830,177,0.41616860032081604
1840,178,0.32450470328330994
1850,179,0.394961416721344
1860,180,0.15156297385692596
1870,181,0.5396778583526611
1880,182,0.3195376992225647
1890,183,0.31609630584716797
1900,184,0.17896859347820282
1910,185,0.21548619866371155
1920,186,0.36436164379119873
1930,187,0.3606463372707367
1940,188,0.3022299110889435
1950,189,0.3845692574977875
1960,190,0.21146610379219055
1970,191,0.3462367057800293
1980,192,0.1283206343650818
1990,193,0.1186569333076477
2000,194,0.17735068500041962
2010,195,0.10251205414533615
2020,196,0.38651037216186523
2030,197,0.20010854303836823
2040,198,0.35889679193496704
2050,199,0.20882144570350647
2060,200,0.27494731545448303
2070,201,0.1546090990304947
2080,202,0.25841110944747925
2090,203,0.1728188693523407
2100,204,0.14743909239768982
2110,205,0.10535275936126709
2120,206,0.3871048092842102
2130,207,0.2874077260494232
2140,208,0.18844908475875854
2150,209,0.2282530963420868
2160,210,0.24011749029159546
2170,211,0.2576181888580322
2180,212,0.36989933252334595
2190,213,0.14388728141784668
2200,214,0.2928452491760254
2210,215,0.2680903375148773
2220,216,0.23264481127262115
2230,217,0.2603880763053894
2240,218,0.29109513759613037
2250,219,0.4248887896537781
2260,220,0.2281993329524994
2270,221,0.09042546898126602
2280,222,0.4902791380882263
2290,223,0.13767185807228088
2300,224,0.35937565565109253
2310,225,0.04032740741968155
2320,226,0.25309404730796814
2330,227,0.13387484848499298
2340,228,0.11300903558731079
2350,229,0.25423139333724976
2360,230,0.16759374737739563
2370,231,0.1146126464009285
2380,232,0.4241771996021271
2390,233,0.3541263937950134
2400,234,0.18045230209827423
2410,235,0.15385207533836365
2420,236,0.4665798544883728
2430,237,0.20866557955741882
2440,238,0.2663864195346832
2450,239,0.1769879162311554
2460,240,0.20717255771160126
2470,241,0.1474214494228363
2480,242,0.21627134084701538
2490,243,0.15203161537647247
2500,244,0.24971193075180054
2510,245,0.3532959222793579
2520,246,0.33208706974983215
2530,247,0.1302744448184967
2540,248,0.22482594847679138
2550,249,0.3655873239040375
2560,250,0.20188039541244507
2570,251,0.022645385935902596
2580,252,0.2102336883544922
2590,253,0.12882868945598602
2600,254,0.08723019063472748
2610,255,0.34368976950645447
2620,256,0.7233143448829651
2630,257,0.18470075726509094
2640,258,0.15968221426010132
2650,259,0.31263139843940735
2660,260,0.25666603446006775
2670,261,0.36241891980171204
2680,262,0.15393027663230896
2690,263,0.2197902798652649
2700,264,0.21474498510360718
2710,265,0.11503441631793976
2720,266,0.16199496388435364
2730,267,0.38389021158218384
2740,268,0.27514228224754333
2750,269,0.185929536819458
2760,270,0.3294685482978821
2770,271,0.43210864067077637
2780,272,0.24504755437374115
2790,273,0.5412569046020508
2800,274,0.15599894523620605
2810,275,0.149028018116951
2820,276,0.15669812262058258
2830,277,0.26939383149147034
2840,278,0.1601973921060562
2850,279,0.11467738449573517
2860,280,0.08698847889900208
2870,281,0.17269395291805267
2880,282,0.18635252118110657
2890,283,0.25665798783302307
2900,284,0.16600526869297028
2910,285,0.20133599638938904
2920,286,0.14005106687545776
2930,287,0.11864092946052551
2940,288,0.17250695824623108
2950,289,0.1812915802001953
2960,290,0.1706584393978119
2970,291,0.28959447145462036
2980,292,0.14725624024868011
2990,293,0.2572129964828491
3000,294,0.3442181348800659
3010,295,0.20858316123485565
3020,296,0.22135670483112335
3030,297,0.13447505235671997
3040,298,0.2567097544670105
3050,299,0.42149993777275085
3060,300,0.2340107411146164
3070,301,0.29321178793907166
3080,302,0.16782189905643463
3090,303,0.5170663595199585
3100,304,0.21275824308395386
3110,305,0.13674326241016388
3120,306,0.33658215403556824
3130,307,0.21712347865104675
3140,308,0.07774487137794495
3150,309,0.09111789613962173
3160,310,0.055346012115478516
3170,311,0.3649156987667084
3180,312,0.20565013587474823
3190,313,0.07819018512964249
3200,314,0.13532407581806183
3210,315,0.1638815850019455
3220,316,0.21489816904067993
3230,317,0.09848758578300476
3240,318,0.35658472776412964
3250,319,0.1368599236011505
3260,320,0.13257421553134918
3270,321,0.23920410871505737
3280,322,0.22072751820087433
3290,323,0.19368620216846466
3300,324,0.12419039756059647
3310,325,0.22438021004199982
3320,326,0.1918499767780304
3330,327,0.17560705542564392
3340,328,0.10414997488260269
3350,329,0.2208927571773529
3360,330,0.05349914729595184
3370,331,0.34461385011672974
3380,332,0.2069312036037445
3390,333,0.09428374469280243
3400,334,0.3100265562534332
3410,335,0.1756015121936798
3420,336,0.2620331645011902
3430,337,0.27626317739486694
3440,338,0.10588379949331284
3450,339,0.11495144665241241
3460,340,0.2072463184595108
3470,341,0.22513078153133392
3480,342,0.2248358428478241
3490,343,0.1433451920747757
3500,344,0.23358239233493805
3510,345,0.1791924089193344
3520,346,0.12075506895780563
3530,347,0.24225088953971863
3540,348,0.16302618384361267
3550,349,0.12022135406732559
3560,350,0.24351072311401367
3570,351,0.11226155608892441
3580,352,0.19305475056171417
3590,353,0.6573292016983032
3600,354,0.19740770757198334
3610,355,0.15693959593772888
3620,356,0.3153435289859772
3630,357,0.23302456736564636
3640,358,0.1887250542640686
3650,359,0.27172690629959106
3660,360,0.22411702573299408
3670,361,0.09896275401115417
3680,362,0.2042638212442398
3690,363,0.2993742525577545
3700,364,0.3175326883792877
3710,365,0.19924166798591614
3720,366,0.3041091561317444
3730,367,0.34233906865119934
3740,368,0.2715327739715576
3750,369,0.13488902151584625
3760,370,0.05336710810661316
3770,371,0.24516350030899048
3780,372,0.14921559393405914
3790,373,0.18209624290466309
3800,374,0.21673168241977692
3810,375,0.5082354545593262
3820,376,0.07864533364772797
3830,377,0.11498837172985077
3840,378,0.28440776467323303
3850,379,0.23512299358844757
3860,380,0.03786666691303253
3870,381,0.1321992576122284
3880,382,0.29541224241256714
3890,383,0.09315016120672226
3900,384,0.24185726046562195
3910,385,0.2410493940114975
3920,386,0.09131130576133728
3930,387,0.15606720745563507
3940,388,0.19401226937770844
3950,389,0.20161524415016174
3960,390,0.24247780442237854
3970,391,0.24739830195903778
3980,392,0.34807467460632324
3990,393,0.5409737825393677
4000,394,0.2639428675174713
4010,395,0.22329163551330566
4020,396,0.1570790857076645
4030,397,0.3704622983932495
4040,398,0.40123289823532104
4050,399,0.2339135706424713
4060,400,0.12566180527210236
4070,401,0.38897040486335754
4080,402,0.07841340452432632
4090,403,0.19327959418296814
4100,404,0.22634154558181763
4110,405,0.11135567724704742
4120,406,0.12756720185279846
4130,407,0.169052392244339
4140,408,0.2705061733722687
4150,409,0.2676566243171692
4160,410,0.2672596871852875
4170,411,0.08028402924537659
4180,412,0.34849750995635986
4190,413,0.08262639492750168
4200,414,0.26593947410583496
4210,415,0.1456303745508194
4220,416,0.05181645601987839
4230,417,0.12705755233764648
4240,418,0.08125625550746918
4250,419,0.18873947858810425
4260,420,0.30937206745147705
4270,421,0.34313860535621643
4280,422,0.17347151041030884
4290,423,0.047292642295360565
4300,424,0.19140788912773132
4310,425,0.3397722840309143
4320,426,0.22648529708385468
4330,427,0.3286028802394867
4340,428,0.1955738365650177
4350,429,0.17949911952018738
4360,430,0.2600337266921997
4370,431,0.42221730947494507
4380,432,0.15789316594600677
4390,433,0.15311609208583832
4400,434,0.1338651031255722
4410,435,0.16648602485656738
4420,436,0.13668598234653473
4430,437,0.25770437717437744
4440,438,0.15596233308315277
4450,439,0.17610739171504974
4460,440,0.24783730506896973
4470,441,0.20471858978271484
4480,442,0.10144028812646866
4490,443,0.19568489491939545
4500,444,0.15568706393241882
4510,445,0.06857888400554657
4520,446,0.06012226641178131
4530,447,0.2575424313545227
4540,448,0.1561949998140335
4550,449,0.033546674996614456
4560,450,0.3813854157924652
4570,451,0.38313525915145874
4580,452,0.16795095801353455
4590,453,0.2694065272808075
4600,454,0.29964932799339294
4610,455,0.13173405826091766
4620,456,0.10236954689025879
4630,457,0.13048982620239258
4640,458,0.16194552183151245
4650,459,0.3236657977104187
4660,460,0.13943533599376678
4670,461,0.1893296241760254
4680,462,0.061218373477458954
4690,463,0.17884531617164612
4700,464,0.09111246466636658
4710,465,0.18606716394424438
4720,466,0.2501179873943329
4730,467,0.2574158310890198
4740,468,0.06442849338054657
4750,469,0.29027464985847473
4760,470,0.13097941875457764
4770,471,0.13932573795318604
4780,472,0.1201028972864151
4790,473,0.22658377885818481
4800,474,0.11064688116312027
4810,475,0.15280622243881226
4820,476,0.24300166964530945
4830,477,0.3499760627746582
4840,478,0.15115122497081757
4850,479,0.21885499358177185
4860,480,0.2353886216878891
4870,481,0.2561349868774414
4880,482,0.18419066071510315
4890,483,0.20746222138404846
4900,484,0.14462685585021973
4910,485,0.06145889312028885
4920,486,0.07659731060266495
4930,487,0.19768638908863068
4940,488,0.09337000548839569
4950,489,0.23047302663326263
4960,490,0.09532235562801361
4970,491,0.06273160129785538
4980,492,0.10188725590705872
4990,493,0.16324672102928162
5000,494,0.16358894109725952
5010,495,0.14930106699466705
5020,496,0.26833462715148926
5030,497,0.1029430478811264
5040,498,0.49798521399497986
5050,499,0.12961465120315552
5060,500,0.16909444332122803
5070,501,0.06990727037191391
5080,502,0.20314739644527435
5090,503,0.21793757379055023
5100,504,0.1483963280916214
5110,505,0.1222887933254242
5120,506,0.3753354549407959
5130,507,0.2313600778579712
5140,508,0.29607468843460083
5150,509,0.072279192507267
5160,510,0.3486742079257965
5170,511,0.5311933755874634
5180,512,0.12841472029685974
5190,513,0.20304560661315918
5200,514,0.3353932499885559
5210,515,0.2617475986480713
5220,516,0.14904239773750305
5230,517,0.3813575804233551
5240,518,0.1926315426826477
5250,519,0.08441083133220673
5260,520,0.2076253741979599
5270,521,0.31720495223999023
5280,522,0.22976695001125336
5290,523,0.23305456340312958
5300,524,0.17888450622558594
5310,525,0.012548685073852539
5320,526,0.06969378888607025
5330,527,0.08258181810379028
5340,528,0.2054492086172104
5350,529,0.05258697271347046
5360,530,0.2212022840976715
5370,531,0.1545569747686386
5380,532,0.08608435094356537
5390,533,0.1043165773153305
5400,534,0.2364434450864792
5410,535,0.23594899475574493
5420,536,0.17901617288589478
5430,537,0.07210370153188705
5440,538,0.1216721162199974
5450,539,0.2854911684989929
5460,540,0.14634454250335693
5470,541,0.14227432012557983
5480,542,0.140643909573555
5490,543,0.1736917644739151
5500,544,0.09763066470623016
5510,545,0.11164908111095428
5520,546,0.14994032680988312
5530,547,0.23236943781375885
5540,548,0.21808652579784393
5550,549,0.06963653117418289
5560,550,0.11347062140703201
5570,551,0.2870989143848419
5580,552,0.20014148950576782
5590,553,0.19976896047592163
5600,554,0.17719076573848724
5610,555,0.10041164606809616
5620,556,0.18599867820739746
5630,557,0.14711448550224304
5640,558,0.2452441304922104
5650,559,0.07704297453165054
5660,560,0.14423100650310516
5670,561,0.058254096657037735
5680,562,0.1802741289138794
5690,563,0.22542820870876312
5700,564,0.072661854326725
5710,565,0.1034911721944809
5720,566,0.21676534414291382
5730,567,0.1968279778957367
5740,568,0.10822761058807373
5750,569,0.19340096414089203
5760,570,0.09574582427740097
5770,571,0.28892967104911804
5780,572,0.11948147416114807
5790,573,0.16298291087150574
5800,574,0.16694188117980957
5810,575,0.12986844778060913
5820,576,0.16958802938461304
5830,577,0.10739728808403015
5840,578,0.18797586858272552
5850,579,0.15735571086406708
5860,580,0.10771215707063675
5870,581,0.15419602394104004
5880,582,0.06488971412181854
5890,583,0.12150560319423676
5900,584,0.16660375893115997
5910,585,0.1861257255077362
5920,586,0.15490777790546417
5930,587,0.2775844931602478
5940,588,0.14046481251716614
5950,589,0.2406185418367386
5960,590,0.07068950682878494
5970,591,0.3022669851779938
5980,592,0.10437384992837906
5990,593,0.13633908331394196
6000,594,0.21712949872016907
6010,595,0.31410297751426697
6020,596,0.1600998044013977
6030,597,0.195063054561615
6040,598,0.1555873453617096
6050,599,0.2583862841129303
6060,600,0.32296445965766907
6070,601,0.13960608839988708
6080,602,0.16047468781471252
6090,603,0.19664855301380157
6100,604,0.1893518567085266
6110,605,0.09510073065757751
6120,606,0.2603352665901184
6130,607,0.1312040090560913
6140,608,0.24574315547943115
6150,609,0.30717766284942627
6160,610,0.25352439284324646
6170,611,0.2563095688819885
6180,612,0.1640654355287552
6190,613,0.2212710678577423
6200,614,0.04781170189380646
6210,615,0.16422197222709656
6220,616,0.3078416883945465
6230,617,0.06634099036455154
6240,618,0.22189100086688995
6250,619,0.09532978385686874
6260,620,0.3695901334285736
6270,621,0.20286521315574646
6280,622,0.1948237419128418
6290,623,0.04645037278532982
6300,624,0.1393180638551712
6310,625,0.12785719335079193
6320,626,0.18566912412643433
6330,627,0.3130326271057129
6340,628,0.2442474365234375
6350,629,0.4330061078071594
6360,630,0.21374407410621643
6370,631,0.11670498549938202
6380,632,0.29725831747055054
6390,633,0.1072937473654747
6400,634,0.13355129957199097
6410,635,0.1152605339884758
6420,636,0.0779092013835907
6430,637,0.3329637050628662
6440,638,0.11429281532764435
6450,639,0.17594124376773834
6460,640,0.1479223221540451
6470,641,0.14963237941265106
6480,642,0.28302913904190063
6490,643,0.05350813642144203
6500,644,0.4121464192867279
6510,645,0.16431084275245667
6520,646,0.23347720503807068
6530,647,0.3001226484775543
6540,648,0.17627716064453125
6550,649,0.20743517577648163
6560,650,0.2850092351436615
6570,651,0.16737310588359833
6580,652,0.14685265719890594
6590,653,0.20399436354637146
6600,654,0.09184044599533081
6610,655,0.06491772085428238
6620,656,0.12241794168949127
6630,657,0.13004733622074127
6640,658,0.1524771749973297
6650,659,0.23787865042686462
6660,660,0.25114184617996216
6670,661,0.2933371067047119
6680,662,0.12491605430841446
6690,663,0.1695975959300995
6700,664,0.12962283194065094
6710,665,0.07216810435056686
6720,666,0.0559590719640255
6730,667,0.20223164558410645
6740,668,0.08809471130371094
6750,669,0.045783355832099915
6760,670,0.11680516600608826
6770,671,0.08040164411067963
6780,672,0.16502466797828674
6790,673,0.31142544746398926
6800,674,0.10961145907640457
6810,675,0.1249987930059433
6820,676,0.22021472454071045
6830,677,0.23412057757377625
6840,678,0.0460616834461689
6850,679,0.15684200823307037
6860,680,0.22015562653541565
6870,681,0.13087217509746552
6880,682,0.1514197736978531
6890,683,0.13482160866260529
6900,684,0.22535453736782074
6910,685,0.11801613122224808
6920,686,0.0439121350646019
6930,687,0.20984826982021332
6940,688,0.09249424934387207
6950,689,0.08838077634572983
6960,690,0.07069853693246841
6970,691,0.086674265563488
6980,692,0.08137551695108414
6990,693,0.08680956065654755
7000,694,0.1359972208738327
7010,695,0.1903398633003235
7020,696,0.2952544689178467
7030,697,0.0665750503540039
7040,698,0.14120009541511536
7050,699,0.5134671330451965
7060,700,0.1199236735701561
7070,701,0.28245946764945984
7080,702,0.15186046063899994
7090,703,0.2271338403224945
7100,704,0.14759378135204315
7110,705,0.15319687128067017
7120,706,0.12455089390277863
7130,707,0.08399350941181183
7140,708,0.05613769218325615
7150,709,0.24479365348815918
7160,710,0.08388646692037582
7170,711,0.2855791747570038
7180,712,0.08645543456077576
7190,713,0.20335990190505981
7200,714,0.1629924774169922
7210,715,0.10812008380889893
7220,716,0.16686289012432098
7230,717,0.16089409589767456
7240,718,0.08344464749097824
7250,719,0.10016406327486038
7260,720,0.11707638204097748
7270,721,0.15823055803775787
7280,722,0.049195099622011185
7290,723,0.11924570798873901
7300,724,0.10639028251171112
7310,725,0.27528437972068787
7320,726,0.11211585253477097
7330,727,0.045012786984443665
7340,728,0.21216797828674316
7350,729,0.18967777490615845
7360,730,0.19062185287475586
7370,731,0.30192917585372925
7380,732,0.16451668739318848
7390,733,0.082074835896492
7400,734,0.3758073151111603
7410,735,0.20385104417800903
7420,736,0.034285761415958405
7430,737,0.12639044225215912
7440,738,0.19519932568073273
7450,739,0.2599921226501465
7460,740,0.20843032002449036
7470,741,0.22037535905838013
7480,742,0.184693843126297
7490,743,0.26910579204559326
7500,744,0.06780795753002167
7510,745,0.11942034959793091
7520,746,0.22606584429740906
7530,747,0.21289967000484467
7540,748,0.18388573825359344
7550,749,0.3599138855934143
7560,750,0.12269043922424316
7570,751,0.15850374102592468
7580,752,0.017992660403251648
7590,753,0.1366504430770874
7600,754,0.10747230798006058
7610,755,0.129454106092453
7620,756,0.1947881430387497
7630,757,0.09540019184350967
7640,758,0.20378845930099487
7650,759,0.1685856282711029
7660,760,0.06667650490999222
7670,761,0.22542940080165863
7680,762,0.27610522508621216
7690,763,0.3071138560771942
7700,764,0.19888925552368164
7710,765,0.11408291012048721
7720,766,0.06279047578573227
7730,767,0.21830220520496368
7740,768,0.21780529618263245
7750,769,0.22595886886119843
7760,770,0.1149296835064888
7770,771,0.12357953190803528
7780,772,0.1319931000471115
7790,773,0.29006344079971313
7800,774,0.05212920904159546
7810,775,0.32026761770248413
7820,776,0.18947724997997284
7830,777,0.19822849333286285
7840,778,0.23316678404808044
7850,779,0.038535960018634796
7860,780,0.11614108830690384
7870,781,0.1770259290933609
7880,782,0.10615886747837067
7890,783,0.17267829179763794
7900,784,0.13878372311592102
7910,785,0.23010605573654175
7920,786,0.13791455328464508
7930,787,0.23232360184192657
7940,788,0.13523712754249573
7950,789,0.25093793869018555
7960,790,0.29790180921554565
7970,791,0.20579473674297333
7980,792,0.0796099454164505
7990,793,0.1731792539358139
8000,794,0.1657504141330719
8010,795,0.3155699372291565
8020,796,0.3155457377433777
8030,797,0.11844603717327118
8040,798,0.08599265664815903
8050,799,0.11898167431354523
8060,800,0.09756478667259216
8070,801,0.07159268856048584
8080,802,0.10336015373468399
8090,803,0.15829065442085266
8100,804,0.07598847895860672
8110,805,0.09952875226736069
8120,806,0.20788788795471191
8130,807,0.1487664133310318
8140,808,0.09896992146968842
8150,809,0.11288438737392426
8160,810,0.0760810449719429
8170,811,0.2815236449241638
8180,812,0.17570282518863678
8190,813,0.15811491012573242
8200,814,0.33218687772750854
8210,815,0.14755888283252716
8220,816,0.08603231608867645
8230,817,0.10287532210350037
8240,818,0.0824422836303711
8250,819,0.02255524881184101
8260,820,0.09015647321939468
8270,821,0.08619806170463562
8280,822,0.13020707666873932
8290,823,0.15433458983898163
8300,824,0.07854216545820236
8310,825,0.09346871078014374
8320,826,0.13658306002616882
8330,827,0.17002852261066437
8340,828,0.14288754761219025
8350,829,0.2746061682701111
8360,830,0.1381014585494995
8370,831,0.14484953880310059
8380,832,0.05164358764886856
8390,833,0.07991822063922882
8400,834,0.16906124353408813
8410,835,0.1366705298423767
8420,836,0.2971106767654419
8430,837,0.08778570592403412
8440,838,0.27290070056915283
8450,839,0.15897873044013977
8460,840,0.1466914266347885
8470,841,0.1821814626455307
8480,842,0.028522759675979614
8490,843,0.028276611119508743
8500,844,0.04127749055624008
8510,845,0.14368285238742828
8520,846,0.2627321481704712
8530,847,0.09755143523216248
8540,848,0.26613956689834595
8550,849,0.25278326869010925
8560,850,0.02337355725467205
8570,851,0.058494530618190765
8580,852,0.1278967559337616
8590,853,0.053119957447052
8600,854,0.25794535875320435
8610,855,0.15511608123779297
8620,856,0.15312179923057556
8630,857,0.1819659322500229
8640,858,0.1443876475095749
8650,859,0.10656089335680008
8660,860,0.1497722566127777
8670,861,0.026796532794833183
8680,862,0.13736462593078613
8690,863,0.10337721556425095
8700,864,0.13784469664096832
8710,865,0.18912413716316223
8720,866,0.10549237579107285
8730,867,0.05801812559366226
8740,868,0.06128574162721634
8750,869,0.07440626621246338
8760,870,0.09415694326162338
8770,871,0.05486978963017464
8780,872,0.11135231703519821
8790,873,0.23070192337036133
8800,874,0.08122707903385162
8810,875,0.064695343375206
8820,876,0.17226019501686096
8830,877,0.40210551023483276
8840,878,0.07097628712654114
8850,879,0.17904254794120789
8860,880,0.27717822790145874
8870,881,0.2977059483528137
8880,882,0.1448550522327423
8890,883,0.048846833407878876
8900,884,0.14824749529361725
8910,885,0.18598157167434692
8920,886,0.31621766090393066
8930,887,0.12324711680412292
8940,888,0.01749523915350437
8950,889,0.12849758565425873
8960,890,0.4196479916572571
8970,891,0.14670030772686005
8980,892,0.25877514481544495
8990,893,0.07191150635480881
9000,894,0.10010603815317154
9010,895,0.5055577158927917
9020,896,0.21349208056926727
9030,897,0.16684283316135406
9040,898,0.20799174904823303
9050,899,0.08690374344587326
9060,900,0.13200479745864868
9070,901,0.12840670347213745
9080,902,0.11539149284362793
9090,903,0.06997539103031158
9100,904,0.24561460316181183
9110,905,0.14022061228752136
9120,906,0.1462748497724533
9130,907,0.14896103739738464
9140,908,0.3505626916885376
9150,909,0.12406614422798157
9160,910,0.04922790452837944
9170,911,0.05594534054398537
9180,912,0.36551594734191895
9190,913,0.18260900676250458
9200,914,0.1721133440732956
9210,915,0.17869019508361816
9220,916,0.022630784660577774
9230,917,0.1461457461118698
9240,918,0.07180958986282349
9250,919,0.1445046365261078
9260,920,0.40023157000541687
9270,921,0.1770724505186081
9280,922,0.09878958016633987
9290,923,0.22315143048763275
9300,924,0.18423137068748474
9310,925,0.08932457864284515
9320,926,0.12094046920537949
9330,927,0.23894193768501282
9340,928,0.11647232621908188
9350,929,0.08822761476039886
9360,930,0.16032426059246063
9370,931,0.08791754394769669
9380,932,0.3765963315963745
9390,933,0.07129555195569992
9400,934,0.27962031960487366
9410,935,0.08737100660800934
9420,936,0.1700776219367981
9430,937,0.11636735498905182
9440,938,0.13652744889259338
9450,939,0.16016846895217896
9460,940,0.17671552300453186
9470,941,0.16576579213142395
9480,942,0.220760315656662
9490,943,0.12967340648174286
9500,944,0.16484053432941437
9510,945,0.13532695174217224
9520,946,0.13038457930088043
9530,947,0.15973681211471558
9540,948,0.28294116258621216
9550,949,0.09454953670501709
9560,950,0.17159099876880646
9570,951,0.26159629225730896
9580,952,0.15618698298931122
9590,953,0.0785117968916893
9600,954,0.4118775427341461
9610,955,0.19259484112262726
9620,956,0.11204969137907028
9630,957,0.24197152256965637
9640,958,0.27753087878227234
9650,959,0.1905784010887146
9660,960,0.13333803415298462
9670,961,0.13986770808696747
9680,962,0.14186975359916687
9690,963,0.03991226851940155
9700,964,0.13451352715492249
9710,965,0.16963431239128113
9720,966,0.17248523235321045
9730,967,0.06193913519382477
9740,968,0.0880027636885643
9750,969,0.05385713279247284
9760,970,0.20344898104667664
9770,971,0.07571066915988922
9780,972,0.15668579936027527
9790,973,0.1319783478975296
9800,974,0.11317264288663864
9810,975,0.08412698656320572
9820,976,0.08310851454734802
9830,977,0.15952593088150024
9840,978,0.17031645774841309
9850,979,0.1872667372226715
9860,980,0.1381290853023529
9870,981,0.13468782603740692
9880,982,0.28432247042655945
9890,983,0.07095036655664444
9900,984,0.28831079602241516
9910,985,0.21655647456645966
9920,986,0.09516309946775436
9930,987,0.05012088268995285
9940,988,0.21293091773986816
9950,989,0.048317182809114456
9960,990,0.08153291791677475
9970,991,0.13119029998779297
9980,992,0.18267306685447693
9990,993,0.011715354397892952
10000,994,0.13228310644626617
10010,995,0.33183035254478455
10020,996,0.2409803867340088
10030,997,0.060754913836717606
10040,998,0.17244914174079895
10050,999,0.03737039491534233
10060,1000,0.05955236032605171
10070,1001,0.17201724648475647
10080,1002,0.13547737896442413
10090,1003,0.14112727344036102
10100,1004,0.17037710547447205
10110,1005,0.10082056373357773
10120,1006,0.09123513847589493
10130,1007,0.10939276963472366
10140,1008,0.1040586531162262
10150,1009,0.12176879495382309
10160,1010,0.1612681746482849
10170,1011,0.17819014191627502
10180,1012,0.20057803392410278
10190,1013,0.20819103717803955
10200,1014,0.19873031973838806
10210,1015,0.1568383276462555
10220,1016,0.2780611515045166
10230,1017,0.061463601887226105
10240,1018,0.1804961860179901
10250,1019,0.13351278007030487
10260,1020,0.068804070353508
10270,1021,0.0655415803194046
10280,1022,0.05986037105321884
10290,1023,0.12860214710235596
10300,1024,0.0438370406627655
10310,1025,0.24992457032203674
10320,1026,0.20602774620056152
10330,1027,0.18185460567474365
10340,1028,0.2346687912940979
10350,1029,0.10842934250831604
10360,1030,0.26196160912513733
10370,1031,0.07349788397550583
10380,1032,0.11718270182609558
10390,1033,0.237501323223114
10400,1034,0.14514616131782532
10410,1035,0.12769365310668945
10420,1036,0.10789566487073898
10430,1037,0.09285784512758255
10440,1038,0.14796152710914612
10450,1039,0.09697315096855164
10460,1040,0.3425942063331604
10470,1041,0.042950890958309174
10480,1042,0.050805144011974335
10490,1043,0.3678688108921051
10500,1044,0.15618407726287842
10510,1045,0.10831370204687119
10520,1046,0.04361409321427345
10530,1047,0.16685518622398376
10540,1048,0.08379414677619934
10550,1049,0.13312305510044098
10560,1050,0.09827452898025513
10570,1051,0.17838682234287262
10580,1052,0.0792326033115387
10590,1053,0.2148200124502182
10600,1054,0.14886623620986938
10610,1055,0.15663497149944305
10620,1056,0.14772188663482666
10630,1057,0.08337145298719406
10640,1058,0.15870600938796997
10650,1059,0.08787990361452103
10660,1060,0.19830551743507385
10670,1061,0.06760302931070328
10680,1062,0.16411054134368896
10690,1063,0.2106809914112091
10700,1064,0.0842946320772171
10710,1065,0.12240590900182724
10720,1066,0.13314484059810638
10730,1067,0.05454017221927643
10740,1068,0.09601317346096039
10750,1069,0.04144180938601494
10760,1070,0.19647836685180664
10770,1071,0.12496490031480789
10780,1072,0.21054615080356598
10790,1073,0.09113717079162598
10800,1074,0.02227969840168953
10810,1075,0.16908255219459534
10820,1076,0.10001234710216522
10830,1077,0.0780555009841919
10840,1078,0.19041867554187775
10850,1079,0.12727415561676025
10860,1080,0.18350493907928467
10870,1081,0.056222859770059586
10880,1082,0.2159157246351242
10890,1083,0.09277068823575974
10900,1084,0.1258266568183899
10910,1085,0.07144028693437576
10920,1086,0.14385539293289185
10930,1087,0.061265457421541214
10940,1088,0.2867010831832886
10950,1089,0.2706473767757416
10960,1090,0.2184675633907318
10970,1091,0.11367325484752655
10980,1092,0.10927610844373703
10990,1093,0.226854607462883
11000,1094,0.030620554462075233
11010,1095,0.23885397613048553
11020,1096,0.02127726376056671
11030,1097,0.2926090359687805
11040,1098,0.10744577646255493
11050,1099,0.16733883321285248
11060,1100,0.07204890251159668
11070,1101,0.04967474192380905
11080,1102,0.1498243808746338
11090,1103,0.16623909771442413
11100,1104,0.14457456767559052
11110,1105,0.04015066847205162
11120,1106,0.14905014634132385
11130,1107,0.14081871509552002
11140,1108,0.09350050985813141
11150,1109,0.22905690968036652
11160,1110,0.06722136586904526
11170,1111,0.12168056517839432
11180,1112,0.041537947952747345
11190,1113,0.1273421049118042
11200,1114,0.17251735925674438
11210,1115,0.37044718861579895
11220,1116,0.14824143052101135
11230,1117,0.23157967627048492
11240,1118,0.08822163939476013
11250,1119,0.28627461194992065
11260,1120,0.18723991513252258
11270,1121,0.10795097053050995
11280,1122,0.02104215882718563
11290,1123,0.06392450630664825
11300,1124,0.07416984438896179
11310,1125,0.08098845183849335
11320,1126,0.03997839614748955
11330,1127,0.11626138538122177
11340,1128,0.017679918557405472
11350,1129,0.28107815980911255
11360,1130,0.174111008644104
11370,1131,0.017080852761864662
11380,1132,0.15575483441352844
11390,1133,0.10053642839193344
11400,1134,0.12846685945987701
11410,1135,0.1321951299905777
11420,1136,0.16061924397945404
11430,1137,0.24389244616031647
11440,1138,0.10000354796648026
11450,1139,0.04893258959054947
11460,1140,0.26471295952796936
11470,1141,0.16125667095184326
11480,1142,0.13660891354084015
11490,1143,0.1535167694091797
11500,1144,0.14311881363391876
11510,1145,0.07837512344121933
11520,1146,0.3630230724811554
11530,1147,0.1264490932226181
11540,1148,0.06540324538946152
11550,1149,0.31828320026397705
11560,1150,0.06617189198732376
11570,1151,0.1268135905265808
11580,1152,0.135796919465065
11590,1153,0.1352354735136032
11600,1154,0.08190856873989105
11610,1155,0.10458087921142578
11620,1156,0.04974424093961716
11630,1157,0.14868691563606262
11640,1158,0.11244775354862213
11650,1159,0.32440975308418274
11660,1160,0.0962212085723877
11670,1161,0.10148651897907257
11680,1162,0.1134117841720581
11690,1163,0.3177792429924011
11700,1164,0.13070745766162872
11710,1165,0.03765235096216202
11720,1166,0.054297275841236115
11730,1167,0.1101454421877861
11740,1168,0.2049034982919693
11750,1169,0.12534944713115692
11760,1170,0.2034764140844345
11770,1171,0.1763981282711029
11780,1172,0.1793324053287506
11790,1173,0.20469747483730316
11800,1174,0.13233476877212524
11810,1175,0.13221333920955658
11820,1176,0.09812793880701065
11830,1177,0.07480401545763016
11840,1178,0.2740834653377533
11850,1179,0.24643570184707642
11860,1180,0.2118813395500183
11870,1181,0.07429884374141693
11880,1182,0.17813391983509064
11890,1183,0.061252228915691376
11900,1184,0.11519594490528107
11910,1185,0.08051667362451553
11920,1186,0.09756192564964294
11930,1187,0.08693213015794754
11940,1188,0.32236817479133606
11950,1189,0.0835454985499382
11960,1190,0.3372828960418701
11970,1191,0.16195322573184967
11980,1192,0.1180153340101242
11990,1193,0.056064672768116
12000,1194,0.13513711094856262
12010,1195,0.0515875518321991
12020,1196,0.22801746428012848
12030,1197,0.13280540704727173
12040,1198,0.08396166563034058
12050,1199,0.17175129055976868
12060,1200,0.11648517847061157
12070,1201,0.018134241923689842
12080,1202,0.08182370662689209
12090,1203,0.12263184040784836
12100,1204,0.10770676285028458
12110,1205,0.13034428656101227
12120,1206,0.0984487310051918
12130,1207,0.36216187477111816
12140,1208,0.13563808798789978
12150,1209,0.1446492075920105
12160,1210,0.08581484854221344
12170,1211,0.1610414981842041
12180,1212,0.061730191111564636
12190,1213,0.11148466169834137
12200,1214,0.008628676645457745
12210,1215,0.06698443740606308
12220,1216,0.11045988649129868
12230,1217,0.285311222076416
12240,1218,0.20508787035942078
12250,1219,0.04109463840723038
12260,1220,0.16950969398021698
12270,1221,0.022581784054636955
12280,1222,0.23410427570343018
12290,1223,0.15474377572536469
12300,1224,0.016500983387231827
12310,1225,0.06824696063995361
12320,1226,0.2319241315126419
12330,1227,0.1236792653799057
12340,1228,0.08847557753324509
12350,1229,0.21414382755756378
12360,1230,0.0331595279276371
12370,1231,0.040482260286808014
12380,1232,0.07290112972259521
12390,1233,0.1864107847213745
12400,1234,0.1680198311805725
12410,1235,0.11607345193624496
12420,1236,0.16907799243927002
12430,1237,0.03906144201755524
12440,1238,0.28446164727211
12450,1239,0.25447359681129456
12460,1240,0.13177087903022766
12470,1241,0.09005045145750046
12480,1242,0.12519094347953796
12490,1243,0.0907122865319252
12500,1244,0.16880248486995697
12510,1245,0.21874657273292542
12520,1246,0.36425769329071045
12530,1247,0.08527399599552155
12540,1248,0.2548825144767761
12550,1249,0.10505364090204239
12560,1250,0.10371189564466476
12570,1251,0.054084356874227524
12580,1252,0.03518430143594742
12590,1253,0.16518938541412354
12600,1254,0.13730749487876892
12610,1255,0.1906660795211792
12620,1256,0.17507511377334595
12630,1257,0.2653794288635254
12640,1258,0.23014284670352936
12650,1259,0.07711772620677948
12660,1260,0.1586141139268875
12670,1261,0.0886070728302002
12680,1262,0.15943577885627747
12690,1263,0.16887623071670532
12700,1264,0.0798964872956276
12710,1265,0.14286744594573975
12720,1266,0.14502960443496704
12730,1267,0.2959892153739929
12740,1268,0.19003064930438995
12750,1269,0.11640600115060806
12760,1270,0.12051425874233246
12770,1271,0.09569086879491806
12780,1272,0.085541270673275
12790,1273,0.16573549807071686
12800,1274,0.16040374338626862
12810,1275,0.1748172491788864
12820,1276,0.09317170083522797
12830,1277,0.2473079115152359
12840,1278,0.17014944553375244
12850,1279,0.2099604308605194
12860,1280,0.14984683692455292
12870,1281,0.09855693578720093
12880,1282,0.0535881482064724
12890,1283,0.08303896337747574
12900,1284,0.16113999485969543
12910,1285,0.17160148918628693
12920,1286,0.09796902537345886
12930,1287,0.1418248862028122
12940,1288,0.10071294754743576
12950,1289,0.15222208201885223
12960,1290,0.2792742848396301
12970,1291,0.10697387158870697
12980,1292,0.10951222479343414
12990,1293,0.13099375367164612
13000,1294,0.03919988498091698
13010,1295,0.18841616809368134
13020,1296,0.16863851249217987
13030,1297,0.09234640747308731
13040,1298,0.12327800691127777
13050,1299,0.12659434974193573
13060,1300,0.06670816242694855
13070,1301,0.0884774923324585
13080,1302,0.12580671906471252
13090,1303,0.08804256469011307
13100,1304,0.06026432663202286
13110,1305,0.16673138737678528
13120,1306,0.12117596715688705
13130,1307,0.1773083508014679
13140,1308,0.050402987748384476
13150,1309,0.1806647777557373
13160,1310,0.0805877149105072
13170,1311,0.05962464585900307
13180,1312,0.14659655094146729
13190,1313,0.0747537687420845
13200,1314,0.1577261984348297
13210,1315,0.020232366397976875
13220,1316,0.052517589181661606
13230,1317,0.12329816818237305
13240,1318,0.18234333395957947
13250,1319,0.44770610332489014
13260,1320,0.17185340821743011
13270,1321,0.01905760169029236
13280,1322,0.11778538674116135
13290,1323,0.09326746314764023
13300,1324,0.038333453238010406
13310,1325,0.11093561351299286
13320,1326,0.04388011619448662
13330,1327,0.18034331500530243
13340,1328,0.15848618745803833
13350,1329,0.2978542149066925
13360,1330,0.11598671227693558
13370,1331,0.21686241030693054
13380,1332,0.18534532189369202
13390,1333,0.19595050811767578
13400,1334,0.12718024849891663
13410,1335,0.09167055040597916
13420,1336,0.07125430554151535
13430,1337,0.1671857237815857
13440,1338,0.18184316158294678
13450,1339,0.10528169572353363
13460,1340,0.056088559329509735
13470,1341,0.0814884603023529
13480,1342,0.06906341016292572
13490,1343,0.03586612641811371
13500,1344,0.09438949823379517
13510,1345,0.219398632645607
13520,1346,0.11760100722312927
13530,1347,0.06312748044729233
13540,1348,0.055023033171892166
13550,1349,0.19059474766254425
13560,1350,0.18334688246250153
13570,1351,0.22948455810546875
13580,1352,0.1796473264694214
13590,1353,0.2835703492164612
13600,1354,0.18783853948116302
13610,1355,0.19049547612667084
13620,1356,0.11200562864542007
13630,1357,0.13265691697597504
13640,1358,0.25387001037597656
13650,1359,0.01622193492949009
13660,1360,0.2120313197374344
13670,1361,0.10882863402366638
13680,1362,0.0861125960946083
13690,1363,0.2331831455230713
13700,1364,0.0896865576505661
13710,1365,0.017031501978635788
13720,1366,0.26938068866729736
13730,1367,0.06199698895215988
13740,1368,0.07027094066143036
13750,1369,0.07387327402830124
13760,1370,0.33286887407302856
13770,1371,0.07041610032320023
13780,1372,0.2757244110107422
13790,1373,0.10632860660552979
13800,1374,0.12437194585800171
13810,1375,0.07910270988941193
13820,1376,0.031974561512470245
13830,1377,0.05501432344317436
13840,1378,0.025371430441737175
13850,1379,0.038665782660245895
13860,1380,0.24038974940776825
13870,1381,0.1131250187754631
13880,1382,0.1479611098766327
13890,1383,0.17435862123966217
13900,1384,0.2860890030860901
13910,1385,0.15773193538188934
13920,1386,0.13460272550582886
13930,1387,0.1581394076347351
13940,1388,0.13067010045051575
13950,1389,0.09752686321735382
13960,1390,0.20884157717227936
13970,1391,0.18603332340717316
13980,1392,0.20775540173053741
13990,1393,0.1266515552997589
14000,1394,0.14595481753349304
14010,1395,0.20846641063690186
14020,1396,0.1985754370689392
14030,1397,0.2194618433713913
14040,1398,0.2789579927921295
14050,1399,0.1930561661720276
14060,1400,0.13099229335784912
14070,1401,0.04951584339141846
14080,1402,0.18020480871200562
14090,1403,0.0363224558532238
14100,1404,0.17405018210411072
14110,1405,0.16144712269306183
14120,1406,0.08758875727653503
14130,1407,0.14448454976081848
14140,1408,0.2934821546077728
14150,1409,0.04144396632909775
14160,1410,0.1876947432756424
14170,1411,0.009755803272128105
14180,1412,0.00859457440674305
14190,1413,0.15228141844272614
14200,1414,0.12996596097946167
14210,1415,0.41412627696990967
14220,1416,0.158844456076622
14230,1417,0.16220751404762268
14240,1418,0.1831248700618744
14250,1419,0.15098732709884644
14260,1420,0.06167532503604889
14270,1421,0.07813818007707596
14280,1422,0.07917904108762741
14290,1423,0.06279990077018738
14300,1424,0.11329235136508942
14310,1425,0.15634071826934814
14320,1426,0.11736650764942169
14330,1427,0.20669256150722504
14340,1428,0.188726007938385
14350,1429,0.01329888217151165
14360,1430,0.09187686443328857
14370,1431,0.1314925253391266
14380,1432,0.13484802842140198
14390,1433,0.14231756329536438
14400,1434,0.04069980978965759
14410,1435,0.14275148510932922
14420,1436,0.16260303556919098
14430,1437,0.0972033366560936
14440,1438,0.027477294206619263
14450,1439,0.11243481189012527
14460,1440,0.04687012359499931
14470,1441,0.02578853629529476
14480,1442,0.2486167550086975
14490,1443,0.04659227654337883
14500,1444,0.10873445868492126
14510,1445,0.06825175136327744
14520,1446,0.05695591866970062
14530,1447,0.09993594884872437
14540,1448,0.08956882357597351
14550,1449,0.11799628287553787
14560,1450,0.13371914625167847
14570,1451,0.12733155488967896
14580,1452,0.3432731330394745
14590,1453,0.07717516273260117
14600,1454,0.17527472972869873
14610,1455,0.1195278987288475
14620,1456,0.0922720730304718
14630,1457,0.099055714905262
14640,1458,0.10362476855516434
14650,1459,0.05141753703355789
14660,1460,0.10280020534992218
14670,1461,0.25073230266571045
14680,1462,0.09876778721809387
14690,1463,0.047160662710666656
14700,1464,0.13408450782299042
14710,1465,0.046166084706783295
14720,1466,0.12401025742292404
14730,1467,0.22422902286052704
14740,1468,0.3183322846889496
14750,1469,0.10779400169849396
14760,1470,0.09638001024723053
14770,1471,0.15970565378665924
14780,1472,0.06941217184066772
14790,1473,0.14096513390541077
14800,1474,0.19188840687274933
14810,1475,0.0659995898604393
14820,1476,0.11418485641479492
14830,1477,0.051113780587911606
14840,1478,0.11108081787824631
14850,1479,0.10640446841716766
14860,1480,0.17565248906612396
14870,1481,0.06979512423276901
14880,1482,0.12430925667285919
14890,1483,0.2558319568634033
14900,1484,0.12413826584815979
14910,1485,0.06392642110586166
14920,1486,0.014775863848626614
14930,1487,0.1677626371383667
14940,1488,0.10062361508607864
14950,1489,0.06358453631401062
14960,1490,0.09403154999017715
14970,1491,0.08113844692707062
14980,1492,0.1283220499753952
14990,1493,0.0783500149846077
15000,1494,0.07925926893949509
15010,1495,0.08171822875738144
15020,1496,0.0758061334490776
15030,1497,0.2072138488292694
15040,1498,0.10003137588500977
15050,1499,0.0779218077659607
15060,1500,0.12460635602474213
15070,1501,0.2069099098443985
15080,1502,0.2690201997756958
15090,1503,0.18990734219551086
15100,1504,0.27159473299980164
15110,1505,0.3168026804924011
15120,1506,0.1969737857580185
15130,1507,0.02707591839134693
15140,1508,0.09515528380870819
15150,1509,0.16985748708248138
15160,1510,0.1660567671060562
15170,1511,0.0988953560590744
15180,1512,0.06765417009592056
15190,1513,0.06511738896369934
15200,1514,0.11892198771238327
15210,1515,0.20421132445335388
15220,1516,0.14214317500591278
15230,1517,0.1132311224937439
15240,1518,0.1237604022026062
15250,1519,0.1341930478811264
15260,1520,0.20294611155986786
15270,1521,0.04335132613778114
15280,1522,0.05484161153435707
15290,1523,0.083067387342453
15300,1524,0.053944796323776245
15310,1525,0.23033839464187622
15320,1526,0.09927978366613388
15330,1527,0.12545940279960632
15340,1528,0.12004635483026505
15350,1529,0.22780320048332214
15360,1530,0.15005619823932648
15370,1531,0.10356724262237549
15380,1532,0.08789705485105515
15390,1533,0.05574744939804077
15400,1534,0.14900369942188263
15410,1535,0.05533934384584427
15420,1536,0.044857170432806015
15430,1537,0.09476114064455032
15440,1538,0.12986275553703308
15450,1539,0.31364336609840393
15460,1540,0.05751661956310272
15470,1541,0.13714715838432312
15480,1542,0.1255393922328949
15490,1543,0.14811870455741882
15500,1544,0.34910744428634644
15510,1545,0.10256673395633698
15520,1546,0.0689040794968605
15530,1547,0.0518871434032917
15540,1548,0.1948758214712143
15550,1549,0.16508226096630096
15560,1550,0.01900533400475979
15570,1551,0.055438440293073654
15580,1552,0.1511847972869873
15590,1553,0.014206217601895332
15600,1554,0.22189515829086304
15610,1555,0.1531471610069275
15620,1556,0.13767121732234955
15630,1557,0.13687817752361298
15640,1558,0.03974909707903862
15650,1559,0.09461650252342224
15660,1560,0.028151392936706543
15670,1561,0.07521136850118637
15680,1562,0.0842856913805008
15690,1563,0.058150436729192734
15700,1564,0.07406575232744217
15710,1565,0.12628507614135742
15720,1566,0.10493604093790054
15730,1567,0.146922305226326
15740,1568,0.08971184492111206
15750,1569,0.1157798320055008
15760,1570,0.04784242808818817
15770,1571,0.26764950156211853
15780,1572,0.1254282295703888
15790,1573,0.07063458114862442
15800,1574,0.08598484843969345
15810,1575,0.07476330548524857
15820,1576,0.07567552477121353
15830,1577,0.06140080466866493
15840,1578,0.09343454241752625
15850,1579,0.19091960787773132
15860,1580,0.24846920371055603
15870,1581,0.05813826993107796
15880,1582,0.2560878396034241
15890,1583,0.06056758761405945
15900,1584,0.24493472278118134
15910,1585,0.11716198921203613
15920,1586,0.027638738974928856
15930,1587,0.09485290944576263
15940,1588,0.18464897572994232
15950,1589,0.0863056480884552
15960,1590,0.272592693567276
15970,1591,0.17036327719688416
15980,1592,0.18092072010040283
15990,1593,0.09476188570261002
16000,1594,0.25227463245391846
16010,1595,0.14166823029518127
16020,1596,0.07082796096801758
16030,1597,0.20105451345443726
16040,1598,0.06720796227455139
16050,1599,0.22858937084674835
16060,1600,0.19326068460941315
16070,1601,0.2457771897315979
16080,1602,0.1282673329114914
16090,1603,0.10006468743085861
16100,1604,0.2218782752752304
16110,1605,0.04553089290857315
16120,1606,0.15818651020526886
16130,1607,0.05994841083884239
16140,1608,0.0689745545387268
16150,1609,0.021781617775559425
16160,1610,0.20170006155967712
16170,1611,0.06286388635635376
16180,1612,0.20446434617042542
16190,1613,0.14208170771598816
16200,1614,0.17605024576187134
16210,1615,0.06471429020166397
16220,1616,0.18032748997211456
16230,1617,0.07299830764532089
16240,1618,0.22723962366580963
16250,1619,0.10738331079483032
16260,1620,0.05409281700849533
16270,1621,0.0979054868221283
16280,1622,0.1415194571018219
16290,1623,0.09409353137016296
16300,1624,0.0786106288433075
16310,1625,0.26670968532562256
16320,1626,0.15850962698459625
16330,1627,0.25124871730804443
16340,1628,0.02562265656888485
16350,1629,0.5042046308517456
16360,1630,0.15388819575309753
16370,1631,0.18796555697917938
16380,1632,0.08788800239562988
16390,1633,0.24060499668121338
16400,1634,0.12883754074573517
16410,1635,0.1327635496854782
16420,1636,0.12659737467765808
16430,1637,0.17121157050132751
16440,1638,0.055635251104831696
16450,1639,0.1377321183681488
16460,1640,0.07760048657655716
16470,1641,0.0519866868853569
16480,1642,0.13768833875656128
16490,1643,0.15993529558181763
16500,1644,0.20726504921913147
16510,1645,0.19927769899368286
16520,1646,0.02694549784064293
16530,1647,0.03186916559934616
16540,1648,0.06045667827129364
16550,1649,0.07955099642276764
16560,1650,0.13881316781044006
16570,1651,0.05276184156537056
16580,1652,0.018617399036884308
16590,1653,0.1814926415681839
16600,1654,0.14687275886535645
16610,1655,0.22166161239147186
16620,1656,0.14413852989673615
16630,1657,0.14176815748214722
16640,1658,0.0916418582201004
16650,1659,0.1750940978527069
16660,1660,0.02036544494330883
16670,1661,0.09835675358772278
16680,1662,0.13509459793567657
16690,1663,0.1304875612258911
16700,1664,0.10779263079166412
16710,1665,0.16540499031543732
16720,1666,0.06768129765987396
16730,1667,0.277816504240036
16740,1668,0.055460162460803986
16750,1669,0.13016462326049805
16760,1670,0.07222801446914673
16770,1671,0.26651531457901
16780,1672,0.02382791042327881
16790,1673,0.29261526465415955
16800,1674,0.13180695474147797
16810,1675,0.09683506190776825
16820,1676,0.08298438787460327
16830,1677,0.06595683097839355
16840,1678,0.19803695380687714
16850,1679,0.22859342396259308
16860,1680,0.17780493199825287
16870,1681,0.08643034845590591
16880,1682,0.056728992611169815
16890,1683,0.15572337806224823
16900,1684,0.03580322116613388
16910,1685,0.08759910613298416
16920,1686,0.1229768618941307
16930,1687,0.29797232151031494
16940,1688,0.056430891156196594
16950,1689,0.13798116147518158
16960,1690,0.1430501639842987
16970,1691,0.08531451970338821
16980,1692,0.03650975972414017
16990,1693,0.10228773206472397
17000,1694,0.0365188866853714
17010,1695,0.022368263453245163
17020,1696,0.5296245813369751
17030,1697,0.06639541685581207
17040,1698,0.04395735263824463
17050,1699,0.17302142083644867
17060,1700,0.10249048471450806
17070,1701,0.1552020013332367
17080,1702,0.24580803513526917
17090,1703,0.12208709865808487
17100,1704,0.07057468593120575
17110,1705,0.18016354739665985
17120,1706,0.22239860892295837
17130,1707,0.09854568541049957
17140,1708,0.1904149353504181
17150,1709,0.14575988054275513
17160,1710,0.13235870003700256
17170,1711,0.3511617183685303
17180,1712,0.19222043454647064
17190,1713,0.14571979641914368
17200,1714,0.06516166031360626
17210,1715,0.10373853147029877
17220,1716,0.08807241916656494
17230,1717,0.07908809185028076
17240,1718,0.10222028195858002
17250,1719,0.10603305697441101
17260,1720,0.14796996116638184
17270,1721,0.1201683059334755
17280,1722,0.14276179671287537
17290,1723,0.264267235994339
17300,1724,0.19240938127040863
17310,1725,0.19338659942150116
17320,1726,0.12470932304859161
17330,1727,0.06995758414268494
17340,1728,0.23770920932292938
17350,1729,0.0919928252696991
17360,1730,0.4191461503505707
17370,1731,0.20289799571037292
17380,1732,0.09899716079235077
17390,1733,0.14488740265369415
17400,1734,0.3254657983779907
17410,1735,0.014043182134628296
17420,1736,0.03977346420288086
17430,1737,0.05182918533682823
17440,1738,0.22202636301517487
17450,1739,0.137108713388443
17460,1740,0.03993517905473709
17470,1741,0.13555900752544403
17480,1742,0.07972283661365509
17490,1743,0.08679623901844025
17500,1744,0.061408720910549164
17510,1745,0.10622197389602661
17520,1746,0.3606276214122772
17530,1747,0.0673626959323883
17540,1748,0.10482168942689896
17550,1749,0.049372944980859756
17560,1750,0.10290490090847015
17570,1751,0.21263545751571655
17580,1752,0.13323771953582764
17590,1753,0.08280123770236969
17600,1754,0.0741034746170044
17610,1755,0.1539677530527115
17620,1756,0.17067435383796692
17630,1757,0.0286855548620224
17640,1758,0.07478690147399902
17650,1759,0.1830800175666809
17660,1760,0.08619323372840881
17670,1761,0.124651700258255
17680,1762,0.09788720309734344
17690,1763,0.0285046249628067
17700,1764,0.10397898405790329
17710,1765,0.06330273300409317
17720,1766,0.16959848999977112
17730,1767,0.0862044095993042
17740,1768,0.14154615998268127
17750,1769,0.1532955914735794
17760,1770,0.09547408670186996
17770,1771,0.05776272714138031
17780,1772,0.11951999366283417
17790,1773,0.1818295121192932
17800,1774,0.10835284739732742
17810,1775,0.24361145496368408
17820,1776,0.1271466612815857
17830,1777,0.09489399194717407
17840,1778,0.1684311032295227
17850,1779,0.07342535257339478
17860,1780,0.05222528055310249
17870,1781,0.050771456211805344
17880,1782,0.11989283561706543
17890,1783,0.08682993054389954
17900,1784,0.055180761963129044
17910,1785,0.04408109933137894
17920,1786,0.27611130475997925
17930,1787,0.04797998070716858
17940,1788,0.012064860202372074
17950,1789,0.15729261934757233
17960,1790,0.10457368940114975
17970,1791,0.22741484642028809
17980,1792,0.08366306126117706
17990,1793,0.09583097696304321
18000,1794,0.3020285367965698
18010,1795,0.08270630985498428
18020,1796,0.17017967998981476
18030,1797,0.04670121148228645
18040,1798,0.08043134212493896
18050,1799,0.02889489009976387
18060,1800,0.2767201364040375
18070,1801,0.045675382018089294
18080,1802,0.13950330018997192
18090,1803,0.07014746963977814
18100,1804,0.07240206748247147
18110,1805,0.15684503316879272
18120,1806,0.09791712462902069
18130,1807,0.08983489871025085
18140,1808,0.0675530731678009
18150,1809,0.029862379655241966
18160,1810,0.2159440815448761
18170,1811,0.07915247231721878
18180,1812,0.05701986700296402
18190,1813,0.11025577783584595
18200,1814,0.10783137381076813
18210,1815,0.1759158819913864
18220,1816,0.11094807088375092
18230,1817,0.042484965175390244
18240,1818,0.08814582228660583
18250,1819,0.028745198622345924
18260,1820,0.09433455020189285
18270,1821,0.15150710940361023
18280,1822,0.10308650881052017
18290,1823,0.08700079470872879
18300,1824,0.1083296462893486
18310,1825,0.20318913459777832
18320,1826,0.15743815898895264
18330,1827,0.08606521785259247
18340,1828,0.12700407207012177
18350,1829,0.11454863846302032
18360,1830,0.32136964797973633
18370,1831,0.026448354125022888
18380,1832,0.23462723195552826
18390,1833,0.047743961215019226
18400,1834,0.21240222454071045
18410,1835,0.13812407851219177
18420,1836,0.036534812301397324
18430,1837,0.23673021793365479
18440,1838,0.08998677134513855
18450,1839,0.24199596047401428
18460,1840,0.24762310087680817
18470,1841,0.010989830829203129
18480,1842,0.010625998489558697
18490,1843,0.18516972661018372
18500,1844,0.21968695521354675
18510,1845,0.09568019211292267
18520,1846,0.08038810640573502
18530,1847,0.0029561156406998634
18540,1848,0.17442572116851807
18550,1849,0.04848708212375641
18560,1850,0.0784226730465889
18570,1851,0.09784189611673355
18580,1852,0.1881256252527237
18590,1853,0.12487821280956268
18600,1854,0.04012131690979004
18610,1855,0.16871243715286255
18620,1856,0.011394822970032692
18630,1857,0.056023143231868744
18640,1858,0.1981343924999237
18650,1859,0.23177805542945862
18660,1860,0.08086390048265457
18670,1861,0.1029953807592392
18680,1862,0.09132394194602966
18690,1863,0.048142410814762115
18700,1864,0.19668936729431152
18710,1865,0.14003220200538635
18720,1866,0.0034600284416228533
18730,1867,0.08166832476854324
18740,1868,0.08499698340892792
18750,1869,0.11375664174556732
18760,1870,0.1090518981218338
18770,1871,0.02512117102742195
18780,1872,0.05596890673041344
18790,1873,0.09492386877536774
18800,1874,0.039598364382982254
18810,1875,0.0994706079363823
18820,1876,0.06526844948530197
18830,1877,0.040426820516586304
18840,1878,0.19058308005332947
18850,1879,0.28316912055015564
18860,1880,0.025438489392399788
18870,1881,0.22062505781650543
18880,1882,0.1908256709575653
18890,1883,0.0899110957980156
18900,1884,0.020445864647626877
18910,1885,0.12631210684776306
18920,1886,0.13163989782333374
18930,1887,0.18485473096370697
18940,1888,0.23598870635032654
18950,1889,0.07859710603952408
18960,1890,0.13434389233589172
18970,1891,0.11912703514099121
18980,1892,0.1196489930152893
18990,1893,0.0527188666164875
19000,1894,0.08714920282363892
19010,1895,0.16991759836673737
19020,1896,0.03455589339137077
19030,1897,0.19335830211639404
19040,1898,0.09475763142108917
19050,1899,0.20042940974235535
19060,1900,0.09364813566207886
19070,1901,0.12152370810508728
19080,1902,0.05260089039802551
19090,1903,0.10906016081571579
19100,1904,0.1277090460062027
19110,1905,0.13234743475914001
19120,1906,0.0997740775346756
19130,1907,0.22321152687072754
19140,1908,0.1987132579088211
19150,1909,0.13395503163337708
19160,1910,0.12002094089984894
19170,1911,0.07850021123886108
19180,1912,0.1531093418598175
19190,1913,0.21770207583904266
19200,1914,0.06648191064596176
19210,1915,0.05564207583665848
19220,1916,0.15334291756153107
19230,1917,0.13665571808815002
19240,1918,0.10527462512254715
19250,1919,0.11300183832645416
19260,1920,0.08752467483282089
19270,1921,0.08754418790340424
19280,1922,0.04043496400117874
19290,1923,0.17131781578063965
19300,1924,0.11879213899374008
19310,1925,0.08581031858921051
19320,1926,0.1074167937040329
19330,1927,0.2629602551460266
19340,1928,0.10445994138717651
19350,1929,0.15459734201431274
19360,1930,0.05582617223262787
19370,1931,0.1589813083410263
19380,1932,0.17601090669631958
19390,1933,0.050320979207754135
19400,1934,0.04010720178484917
19410,1935,0.06810709089040756
19420,1936,0.2166753113269806
19430,1937,0.036553893238306046
19440,1938,0.20755594968795776
19450,1939,0.06583863496780396
19460,1940,0.1272638887166977
19470,1941,0.04815767705440521
19480,1942,0.11144602298736572
19490,1943,0.13046644628047943
19500,1944,0.182808518409729
19510,1945,0.08493970334529877
19520,1946,0.21040795743465424
19530,1947,0.11667812615633011
19540,1948,0.22678834199905396
19550,1949,0.18430039286613464
19560,1950,0.15602697432041168
19570,1951,0.08130409568548203
19580,1952,0.045346129685640335
19590,1953,0.09911700338125229
19600,1954,0.029410887509584427
19610,1955,0.17556683719158173
19620,1956,0.18311920762062073
19630,1957,0.10357984155416489
19640,1958,0.2798549234867096
19650,1959,0.020770428702235222
19660,1960,0.06303687393665314
19670,1961,0.07545342296361923
19680,1962,0.15264713764190674
19690,1963,0.17215752601623535
19700,1964,0.052575744688510895
19710,1965,0.14260433614253998
19720,1966,0.13309529423713684
19730,1967,0.11793085187673569
19740,1968,0.14037644863128662
19750,1969,0.124832384288311
19760,1970,0.09780634939670563
19770,1971,0.08679317682981491
19780,1972,0.045697059482336044
19790,1973,0.04372384399175644
19800,1974,0.08617648482322693
19810,1975,0.38329678773880005
19820,1976,0.06401069462299347
19830,1977,0.08891966938972473
19840,1978,0.07351453602313995
19850,1979,0.06233034282922745
19860,1980,0.019946422427892685
19870,1981,0.07329537719488144
19880,1982,0.34408020973205566
19890,1983,0.015977898612618446
19900,1984,0.18475422263145447
19910,1985,0.05089571326971054
19920,1986,0.0099777327850461
19930,1987,0.10862170159816742
19940,1988,0.18361017107963562
19950,1989,0.09029287099838257
19960,1990,0.16705983877182007
19970,1991,0.3799419403076172
19980,1992,0.11136197298765182
19990,1993,0.19528502225875854
20000,1994,0.08578084409236908
20010,1995,0.0667172223329544
20020,1996,0.09223275631666183
20030,1997,0.10433411598205566
20040,1998,0.13815730810165405
20050,1999,0.0166548490524292
20060,2000,0.17251038551330566
20070,2001,0.07535124570131302
20080,2002,0.0941343754529953
20090,2003,0.17105861008167267
20100,2004,0.0657060295343399
20110,2005,0.1184975653886795
20120,2006,0.12602506577968597
20130,2007,0.04761048033833504
20140,2008,0.1757424771785736
20150,2009,0.12608876824378967
20160,2010,0.05897999554872513
20170,2011,0.18257881700992584
20180,2012,0.1368100792169571
20190,2013,0.08535541594028473
20200,2014,0.2217031866312027
20210,2015,0.16779328882694244
20220,2016,0.11535444855690002
20230,2017,0.1503896713256836
20240,2018,0.34067481756210327
20250,2019,0.09467083215713501
20260,2020,0.09388118237257004
20270,2021,0.10207411646842957
20280,2022,0.11187584698200226
20290,2023,0.1465425342321396
20300,2024,0.07106740772724152
20310,2025,0.07483536005020142
20320,2026,0.10138610005378723
20330,2027,0.20890431106090546
20340,2028,0.09843575209379196
20350,2029,0.015931641682982445
20360,2030,0.10046043246984482
20370,2031,0.13203565776348114
20380,2032,0.0917138159275055
20390,2033,0.11442425847053528
20400,2034,0.12182033061981201
20410,2035,0.11378635466098785
20420,2036,0.11952260881662369
20430,2037,0.12137013673782349
20440,2038,0.08857930451631546
20450,2039,0.03157813847064972
20460,2040,0.07222273200750351
20470,2041,0.19742625951766968
20480,2042,0.04679066315293312
20490,2043,0.08338013291358948
20500,2044,0.037593379616737366
20510,2045,0.19773951172828674
20520,2046,0.11389289796352386
20530,2047,0.19058603048324585
20540,2048,0.1402345448732376
20550,2049,0.03965458646416664
20560,2050,0.08985187113285065
20570,2051,0.21068325638771057
20580,2052,0.14927922189235687
20590,2053,0.028493516147136688
20600,2054,0.29712557792663574
20610,2055,0.1446426659822464
20620,2056,0.1652694195508957
20630,2057,0.3165305554866791
20640,2058,0.023805849254131317
20650,2059,0.0371265709400177
20660,2060,0.04863939434289932
20670,2061,0.07894063740968704
20680,2062,0.1378195583820343
20690,2063,0.08803987503051758
20700,2064,0.1879069060087204
20710,2065,0.022814149037003517
20720,2066,0.017441654577851295
20730,2067,0.11825240403413773
20740,2068,0.16127590835094452
20750,2069,0.17346352338790894
20760,2070,0.13426204025745392
20770,2071,0.1131211370229721
20780,2072,0.03249523416161537
20790,2073,0.08255273103713989
20800,2074,0.07851195335388184
20810,2075,0.07625230401754379
20820,2076,0.033162035048007965
20830,2077,0.10755729675292969
20840,2078,0.04049772024154663
20850,2079,0.1454390585422516
20860,2080,0.09388181567192078
20870,2081,0.14351096749305725
20880,2082,0.02566639892756939
20890,2083,0.21122780442237854
20900,2084,0.08696965873241425
20910,2085,0.08712983876466751
20920,2086,0.09350287914276123
20930,2087,0.0399864986538887
20940,2088,0.09935986995697021
20950,2089,0.143929585814476
20960,2090,0.06913020461797714
20970,2091,0.018716799095273018
20980,2092,0.11337938904762268
20990,2093,0.20087924599647522
21000,2094,0.04740363731980324
21010,2095,0.24640138447284698
21020,2096,0.08250816911458969
21030,2097,0.15416215360164642
21040,2098,0.1591154783964157
21050,2099,0.06915710866451263
21060,2100,0.14683818817138672
21070,2101,0.11983023583889008
21080,2102,0.0753619372844696
21090,2103,0.043397802859544754
21100,2104,0.1745212972164154
21110,2105,0.23289598524570465
21120,2106,0.16964344680309296
21130,2107,0.10089446604251862
21140,2108,0.08800546079874039
21150,2109,0.11976352334022522
21160,2110,0.05951942875981331
21170,2111,0.13805197179317474
21180,2112,0.1661270558834076
21190,2113,0.14506393671035767
21200,2114,0.04702756181359291
21210,2115,0.4403930902481079
21220,2116,0.02554839290678501
21230,2117,0.012270238250494003
21240,2118,0.061835914850234985
21250,2119,0.011921830475330353
21260,2120,0.16303136944770813
21270,2121,0.17080776393413544
21280,2122,0.06604571640491486
21290,2123,0.06840983778238297
21300,2124,0.03800174966454506
21310,2125,0.06348387897014618
21320,2126,0.08062107861042023
21330,2127,0.035845208913087845
21340,2128,0.12058904767036438
21350,2129,0.07029147446155548
21360,2130,0.0024384986609220505
21370,2131,0.0976857990026474
21380,2132,0.12798644602298737
21390,2133,0.02818315289914608
21400,2134,0.12536339461803436
21410,2135,0.14252379536628723
21420,2136,0.048735298216342926
21430,2137,0.1466130018234253
21440,2138,0.027136866003274918
21450,2139,0.00816230196505785
21460,2140,0.13105060160160065
21470,2141,0.07142331451177597
21480,2142,0.11837297677993774
21490,2143,0.22631102800369263
21500,2144,0.03789352625608444
21510,2145,0.19290319085121155
21520,2146,0.1641107201576233
21530,2147,0.1408335566520691
21540,2148,0.11666269600391388
21550,2149,0.1308278739452362
21560,2150,0.08559351414442062
21570,2151,0.09298393875360489
21580,2152,0.12638217210769653
21590,2153,0.0982765182852745
21600,2154,0.18050023913383484
21610,2155,0.00622944999486208
21620,2156,0.12773005664348602
21630,2157,0.07922985404729843
21640,2158,0.05560597777366638
21650,2159,0.1348671168088913
21660,2160,0.10291479527950287
21670,2161,0.13938525319099426
21680,2162,0.06213217228651047
21690,2163,0.11603111773729324
21700,2164,0.029093552380800247
21710,2165,0.13001763820648193
21720,2166,0.03497009724378586
21730,2167,0.20298346877098083
21740,2168,0.08565974235534668
21750,2169,0.05907367542386055
21760,2170,0.09972783178091049
21770,2171,0.06276397407054901
21780,2172,0.02426542155444622
21790,2173,0.03338351100683212
21800,2174,0.1626918613910675
21810,2175,0.17164109647274017
21820,2176,0.10818830877542496
21830,2177,0.06166553124785423
21840,2178,0.08168885856866837
21850,2179,0.03296325355768204
21860,2180,0.19980579614639282
21870,2181,0.06039830297231674
21880,2182,0.007653417531400919
21890,2183,0.20604832470417023
21900,2184,0.0919366180896759
21910,2185,0.03849833831191063
21920,2186,0.08159799128770828
21930,2187,0.06483511626720428
21940,2188,0.1102963238954544
21950,2189,0.04960288479924202
21960,2190,0.05283859372138977
21970,2191,0.058438338339328766
21980,2192,0.02454051934182644
21990,2193,0.010297589935362339
22000,2194,0.00672619603574276
22010,2195,0.09349136054515839
22020,2196,0.0900590717792511
22030,2197,0.025976495817303658
22040,2198,0.1297881305217743
22050,2199,0.2218845784664154
22060,2200,0.05085913464426994
22070,2201,0.1264468878507614
22080,2202,0.14823991060256958
22090,2203,0.10430930554866791
22100,2204,0.0780181884765625
22110,2205,0.08883795142173767
22120,2206,0.0745961144566536
22130,2207,0.06541185081005096
22140,2208,0.11883042007684708
22150,2209,0.14492018520832062
22160,2210,0.0667923167347908
22170,2211,0.3068169057369232
22180,2212,0.11866980046033859
22190,2213,0.16164420545101166
22200,2214,0.03819796442985535
22210,2215,0.07597142457962036
22220,2216,0.10062180459499359
22230,2217,0.09412844479084015
22240,2218,0.1871345192193985
22250,2219,0.007185307331383228
22260,2220,0.17089886963367462
22270,2221,0.09527880698442459
22280,2222,0.0991642028093338
22290,2223,0.07795591652393341
22300,2224,0.009386639110744
22310,2225,0.08835574239492416
22320,2226,0.009073730558156967
22330,2227,0.06076972931623459
22340,2228,0.05493054538965225
22350,2229,0.12452924251556396
22360,2230,0.18585433065891266
22370,2231,0.039105165749788284
22380,2232,0.20583777129650116
22390,2233,0.04820728674530983
22400,2234,0.0024869260378181934
22410,2235,0.060892801731824875
22420,2236,0.09376641362905502
22430,2237,0.14885224401950836
22440,2238,0.18416936695575714
22450,2239,0.15179607272148132
22460,2240,0.05662348121404648
22470,2241,0.07105085253715515
22480,2242,0.05774133652448654
22490,2243,0.05548226833343506
22500,2244,0.1278875470161438
22510,2245,0.09331481903791428
22520,2246,0.15276886522769928
22530,2247,0.008018694818019867
22540,2248,0.1689002513885498
22550,2249,0.25686776638031006
22560,2250,0.07454968243837357
22570,2251,0.07354981452226639
22580,2252,0.1971774697303772
22590,2253,0.26506829261779785
22600,2254,0.08870470523834229
22610,2255,0.09799517691135406
22620,2256,0.04878232628107071
22630,2257,0.19183677434921265
22640,2258,0.03449370339512825
22650,2259,0.1372806876897812
22660,2260,0.20480839908123016
22670,2261,0.07325048744678497
22680,2262,0.16650979220867157
22690,2263,0.27350717782974243
22700,2264,0.2445562481880188
22710,2265,0.09530150890350342
22720,2266,0.20835267007350922
22730,2267,0.18808555603027344
22740,2268,0.11107694357633591
22750,2269,0.24669967591762543
22760,2270,0.02972622960805893
22770,2271,0.10134002566337585
22780,2272,0.013081550598144531
22790,2273,0.08250932395458221
22800,2274,0.06747975945472717
22810,2275,0.10022701323032379
22820,2276,0.07851266115903854
22830,2277,0.12014016509056091
22840,2278,0.0969163030385971
22850,2279,0.1947934627532959
22860,2280,0.01646268367767334
22870,2281,0.07305892556905746
22880,2282,0.08019477128982544
22890,2283,0.08802369982004166
22900,2284,0.08366509526968002
22910,2285,0.15382955968379974
22920,2286,0.2731286287307739
22930,2287,0.17173223197460175
22940,2288,0.20053358376026154
22950,2289,0.11841564625501633
22960,2290,0.05540742352604866
22970,2291,0.09890638291835785
22980,2292,0.08804229646921158
22990,2293,0.07804299145936966
23000,2294,0.07232725620269775
23010,2295,0.1786324828863144
23020,2296,0.16803419589996338
23030,2297,0.13918396830558777
23040,2298,0.07560952752828598
23050,2299,0.027058938518166542
23060,2300,0.11894043534994125
23070,2301,0.05553301051259041
23080,2302,0.01488009374588728
23090,2303,0.04179106652736664
23100,2304,0.14165282249450684
23110,2305,0.04547717422246933
23120,2306,0.10543297976255417
23130,2307,0.11176283657550812
23140,2308,0.13803553581237793
23150,2309,0.07950341701507568
23160,2310,0.11430855840444565
23170,2311,0.09028666466474533
23180,2312,0.004792706109583378
23190,2313,0.05717134475708008
23200,2314,0.05131334811449051
23210,2315,0.11838899552822113
23220,2316,0.19655002653598785
23230,2317,0.23182670772075653
23240,2318,0.09535674005746841
23250,2319,0.13294674456119537
23260,2320,0.043955348432064056
23270,2321,0.10279460996389389
23280,2322,0.037592265754938126
23290,2323,0.11569605767726898
23300,2324,0.10743430256843567
23310,2325,0.18336685001850128
23320,2326,0.19816678762435913
23330,2327,0.2257123738527298
23340,2328,0.09750191867351532
23350,2329,0.07164669781923294
23360,2330,0.15563860535621643
23370,2331,0.13875696063041687
23380,2332,0.07058453559875488
23390,2333,0.07920454442501068
23400,2334,0.09682071208953857
23410,2335,0.1634363979101181
23420,2336,0.05928798019886017
23430,2337,0.07055745273828506
23440,2338,0.05285319685935974
23450,2339,0.041683197021484375
23460,2340,0.2960362732410431
23470,2341,0.07035055011510849
23480,2342,0.08808547258377075
23490,2343,0.08213610202074051
23500,2344,0.17720183730125427
23510,2345,0.04367586597800255
23520,2346,0.1756274253129959
23530,2347,0.20244798064231873
23540,2348,0.17428387701511383
23550,2349,0.06312276422977448
23560,2350,0.05343669652938843
23570,2351,0.1601078063249588
23580,2352,0.02251576818525791
23590,2353,0.07236788421869278
23600,2354,0.1636631190776825
23610,2355,0.0777481347322464
23620,2356,0.03131931275129318
23630,2357,0.15306320786476135
23640,2358,0.08376677334308624
23650,2359,0.12352097034454346
23660,2360,0.11565881222486496
23670,2361,0.25250962376594543
23680,2362,0.07506652921438217
23690,2363,0.10244907438755035
23700,2364,0.07071167230606079
23710,2365,0.015372059307992458
23720,2366,0.003338875249028206
23730,2367,0.09287482500076294
23740,2368,0.12754102051258087
23750,2369,0.03368309512734413
23760,2370,0.2126002460718155
23770,2371,0.2675028443336487
23780,2372,0.04430944100022316
23790,2373,0.12316888570785522
23800,2374,0.09722842276096344
23810,2375,0.07517117261886597
23820,2376,0.1273062378168106
23830,2377,0.06251012533903122
23840,2378,0.10308399051427841
23850,2379,0.08866787701845169
23860,2380,0.04087359830737114
23870,2381,0.14354269206523895
23880,2382,0.12081798166036606
23890,2383,0.09119901061058044
23900,2384,0.10276447981595993
23910,2385,0.0759502723813057
23920,2386,0.020702620968222618
23930,2387,0.024635927751660347
23940,2388,0.01995190419256687
23950,2389,0.09330238401889801
23960,2390,0.028066357597708702
23970,2391,0.03575689345598221
23980,2392,0.0825289636850357
23990,2393,0.05427522584795952
24000,2394,0.2552744150161743
24010,2395,0.056827135384082794
24020,2396,0.12444759905338287
24030,2397,0.01996925100684166
24040,2398,0.0657237321138382
24050,2399,0.07472533732652664
24060,2400,0.03531060367822647
24070,2401,0.12820222973823547
24080,2402,0.00089370331261307
24090,2403,0.16421979665756226
24100,2404,0.11515069752931595
24110,2405,0.028485029935836792
24120,2406,0.03401143103837967
24130,2407,0.07145015150308609
24140,2408,0.04154156893491745
24150,2409,0.08014041930437088
24160,2410,0.1032516285777092
24170,2411,0.015020649880170822
24180,2412,0.0924217700958252
24190,2413,0.15356874465942383
24200,2414,0.09516691416501999
24210,2415,0.058550648391246796
24220,2416,0.06125979498028755
24230,2417,0.10582791268825531
24240,2418,0.016887366771697998
24250,2419,0.08581491559743881
24260,2420,0.14232854545116425
24270,2421,0.10155051946640015
24280,2422,0.13378337025642395
24290,2423,0.04685983806848526
24300,2424,0.0844610258936882
24310,2425,0.17464806139469147
24320,2426,0.039089690893888474
24330,2427,0.10147899389266968
24340,2428,0.08987592160701752
24350,2429,0.05787968635559082
24360,2430,0.13295789062976837
24370,2431,0.06019984185695648
24380,2432,0.023412134498357773
24390,2433,0.08675545454025269
24400,2434,0.243434876203537
24410,2435,0.06593839824199677
24420,2436,0.03342670574784279
24430,2437,0.028490349650382996
24440,2438,0.1112404391169548
24450,2439,0.02317088283598423
24460,2440,0.03970761597156525
24470,2441,0.09558475017547607
24480,2442,0.06616274267435074
24490,2443,0.01615203358232975
24500,2444,0.19961880147457123
24510,2445,0.039761681109666824
24520,2446,0.35988882184028625
24530,2447,0.14584562182426453
24540,2448,0.1935800313949585
24550,2449,0.09650106728076935
24560,2450,0.10036057978868484
24570,2451,0.03935292363166809
24580,2452,0.19686256349086761
24590,2453,0.053430553525686264
24600,2454,0.03890056535601616
24610,2455,0.03856130689382553
24620,2456,0.0842144563794136
24630,2457,0.21888554096221924
24640,2458,0.04936216026544571
24650,2459,0.054244838654994965
24660,2460,0.41450247168540955
24670,2461,0.032146845012903214
24680,2462,0.03446899726986885
24690,2463,0.06943640857934952
24700,2464,0.031252674758434296
24710,2465,0.11125767230987549
24720,2466,0.03974577784538269
24730,2467,0.06163226068019867
24740,2468,0.08930999040603638
24750,2469,0.08095191419124603
24760,2470,0.2031022012233734
24770,2471,0.1526600867509842
24780,2472,0.09041722118854523
24790,2473,0.13148421049118042
24800,2474,0.02665424533188343
24810,2475,0.09567195922136307
24820,2476,0.04302152991294861
24830,2477,0.046955034136772156
24840,2478,0.050978727638721466
24850,2479,0.036543119698762894
24860,2480,0.1469728648662567
24870,2481,0.12650366127490997
24880,2482,0.021887730807065964
24890,2483,0.1442541480064392
24900,2484,0.02120838314294815
24910,2485,0.019256114959716797
24920,2486,0.08621615171432495
24930,2487,0.0754312053322792
24940,2488,0.08771200478076935
24950,2489,0.035442594438791275
24960,2490,0.28916144371032715
24970,2491,0.13081493973731995
24980,2492,0.13256420195102692
24990,2493,0.09679340571165085
25000,2494,0.1817438006401062
25010,2495,0.14393138885498047
25020,2496,0.10685409605503082
25030,2497,0.15288245677947998
25040,2498,0.06988812983036041
25050,2499,0.10328525304794312
25060,2500,0.11661779880523682
25070,2501,0.10520327091217041
25080,2502,0.038880832493305206
25090,2503,0.061305779963731766
25100,2504,0.12066693603992462
25110,2505,0.08055085688829422
25120,2506,0.07702558487653732
25130,2507,0.05462973564863205
25140,2508,0.14370284974575043
25150,2509,0.011276853270828724
25160,2510,0.07978913933038712
25170,2511,0.02861180528998375
25180,2512,0.046021588146686554
25190,2513,0.07868625223636627
25200,2514,0.1185634434223175
25210,2515,0.028996029868721962
25220,2516,0.15824145078659058
25230,2517,0.012676611542701721
25240,2518,0.0416642501950264
25250,2519,0.07903207838535309
25260,2520,0.10912489145994186
25270,2521,0.11849452555179596
25280,2522,0.011959623545408249
25290,2523,0.24919432401657104
25300,2524,0.0716976448893547
25310,2525,0.012632003985345364
25320,2526,0.054333023726940155
25330,2527,0.2014463245868683
25340,2528,0.06580012291669846
25350,2529,0.11448671668767929
25360,2530,0.24441197514533997
25370,2531,0.10924124717712402
25380,2532,0.24993498623371124
25390,2533,0.11393368989229202
25400,2534,0.1711181402206421
25410,2535,0.00027661409694701433
25420,2536,0.03838762640953064
25430,2537,0.09605321288108826
25440,2538,0.06896135210990906
25450,2539,0.09155897051095963
25460,2540,0.07619919627904892
25470,2541,0.1531120389699936
25480,2542,0.1625671088695526
25490,2543,0.0027973931282758713
25500,2544,0.02022327296435833
25510,2545,0.13547053933143616
25520,2546,0.22925230860710144
25530,2547,0.13529743254184723
25540,2548,0.11504913866519928
25550,2549,0.17452841997146606
25560,2550,0.14383237063884735
25570,2551,0.23093858361244202
25580,2552,0.04465160518884659
25590,2553,0.08868789672851562
25600,2554,0.05637996643781662
25610,2555,0.012186038307845592
25620,2556,0.07601238787174225
25630,2557,0.14683480560779572
25640,2558,0.0738794207572937
25650,2559,0.08332058042287827
25660,2560,0.11655433475971222
25670,2561,0.09417275339365005
25680,2562,0.05546694993972778
25690,2563,0.0021912455558776855
25700,2564,0.03397982567548752
25710,2565,0.12534646689891815
25720,2566,0.04477505758404732
25730,2567,0.0028948658145964146
25740,2568,0.10012679547071457
25750,2569,0.16256515681743622
25760,2570,0.005784454755485058
25770,2571,0.11739727854728699
25780,2572,0.0667843297123909
25790,2573,0.15667903423309326
25800,2574,0.13026145100593567
25810,2575,0.03309299796819687
25820,2576,0.08956001698970795
25830,2577,0.029269035905599594
25840,2578,0.12610436975955963
25850,2579,0.0981782078742981
25860,2580,0.041541937738657
25870,2581,0.03719464689493179
25880,2582,0.12999196350574493
25890,2583,0.06923762708902359
25900,2584,0.04421287029981613
25910,2585,0.28468573093414307
25920,2586,0.09297988563776016
25930,2587,0.025753287598490715
25940,2588,0.13768751919269562
25950,2589,0.1518315076828003
25960,2590,0.18832337856292725
25970,2591,0.047916073352098465
25980,2592,0.06115380674600601
25990,2593,0.062456659972667694
26000,2594,0.0938563421368599
26010,2595,0.08889762312173843
26020,2596,6.720871169818565e-06
26030,2597,0.18419943749904633
26040,2598,0.02707691863179207
26050,2599,0.025164134800434113
26060,2600,0.1480513960123062
26070,2601,0.33281397819519043
26080,2602,0.15285342931747437
26090,2603,0.013077612034976482
26100,2604,0.14802558720111847
26110,2605,0.17774507403373718
26120,2606,0.032360292971134186
26130,2607,0.22258953750133514
26140,2608,0.06417441368103027
26150,2609,0.0799320787191391
26160,2610,0.02297886647284031
26170,2611,0.028823984786868095
26180,2612,0.08291280269622803
26190,2613,0.09582468867301941
26200,2614,0.026498369872570038
26210,2615,0.0028483690693974495
26220,2616,0.0653483122587204
26230,2617,0.28302520513534546
26240,2618,0.16681426763534546
26250,2619,0.006718884222209454
26260,2620,0.19107986986637115
26270,2621,0.06797677278518677
26280,2622,0.17633670568466187
26290,2623,0.0795181468129158
26300,2624,0.08830468356609344
26310,2625,0.06045643985271454
26320,2626,0.02245468832552433
26330,2627,0.0014153384836390615
26340,2628,0.13446484506130219
26350,2629,0.14963647723197937
26360,2630,0.06005030497908592
26370,2631,0.05752962827682495
26380,2632,0.02885083295404911
26390,2633,0.20824947953224182
26400,2634,0.047653067857027054
26410,2635,0.1902221143245697
26420,2636,0.014684288762509823
26430,2637,0.05457834526896477
26440,2638,0.04560534656047821
26450,2639,0.11869244277477264
26460,2640,0.08937109261751175
26470,2641,0.02410014159977436
26480,2642,0.05576159060001373
26490,2643,0.01098133809864521
26500,2644,0.00045437365770339966
26510,2645,0.03443147614598274
26520,2646,0.04025360569357872
26530,2647,0.07713387161493301
26540,2648,0.07497069239616394
26550,2649,0.0987648069858551
26560,2650,0.12117835879325867
26570,2651,0.018148580566048622
26580,2652,0.06435038894414902
26590,2653,0.09359916299581528
26600,2654,0.10875417292118073
26610,2655,0.11847198009490967
26620,2656,0.13162922859191895
26630,2657,0.13750138878822327
26640,2658,0.11667294800281525
26650,2659,0.1503828912973404
26660,2660,0.0366293340921402
26670,2661,0.042770955711603165
26680,2662,0.13311074674129486
26690,2663,0.13396289944648743
26700,2664,0.07494678348302841
26710,2665,0.17124012112617493
26720,2666,0.04742724820971489
26730,2667,0.038776978850364685
26740,2668,0.07812334597110748
26750,2669,0.0631081759929657
26760,2670,0.030817940831184387
26770,2671,0.06507373601198196
26780,2672,0.2582583427429199
26790,2673,0.1270512193441391
26800,2674,0.05181688070297241
26810,2675,0.11227187514305115
26820,2676,0.12540307641029358
26830,2677,0.15609458088874817
26840,2678,0.08962377905845642
26850,2679,0.1124507486820221
26860,2680,0.0915842205286026
26870,2681,0.02198350429534912
26880,2682,0.028836317360401154
26890,2683,0.11226978152990341
26900,2684,0.06598517298698425
26910,2685,0.09737171232700348
26920,2686,0.10272034257650375
26930,2687,0.059536878019571304
26940,2688,0.03780021518468857
26950,2689,0.2175709307193756
26960,2690,0.03200322389602661
26970,2691,0.07314737886190414
26980,2692,0.011876845732331276
26990,2693,0.12425673007965088
27000,2694,0.21003973484039307
27010,2695,0.15286964178085327
27020,2696,0.009939266368746758
27030,2697,0.04379405826330185
27040,2698,0.026037421077489853
27050,2699,0.04035908728837967
27060,2700,0.02061113342642784
27070,2701,0.1002265140414238
27080,2702,0.05413856357336044
27090,2703,0.03246474638581276
27100,2704,0.014039053581655025
27110,2705,0.0512932613492012
27120,2706,0.09910785406827927
27130,2707,0.050178442150354385
27140,2708,0.04228746518492699
27150,2709,0.11093052476644516
27160,2710,0.12050949782133102
27170,2711,0.09913785010576248
27180,2712,0.02752859517931938
27190,2713,0.13405324518680573
27200,2714,0.0264431219547987
27210,2715,0.0021078044082969427
27220,2716,0.17502418160438538
27230,2717,0.05157717317342758
27240,2718,0.03217021003365517
27250,2719,0.080490343272686
27260,2720,0.029934022575616837
27270,2721,0.011902053840458393
27280,2722,0.05271631479263306
27290,2723,0.022620320320129395
27300,2724,0.022594353184103966
27310,2725,0.1066531389951706
27320,2726,0.13112103939056396
27330,2727,0.025276225060224533
27340,2728,0.20190638303756714
27350,2729,0.09112196415662766
27360,2730,0.01770688407123089
27370,2731,0.1454966962337494
27380,2732,0.06686844676733017
27390,2733,0.010369421914219856
27400,2734,0.04748336225748062
27410,2735,0.043381545692682266
27420,2736,0.15048600733280182
27430,2737,0.13077643513679504
27440,2738,0.09966736286878586
27450,2739,0.014491088688373566
27460,2740,0.07682741433382034
27470,2741,0.20964355766773224
27480,2742,0.062370069324970245
27490,2743,0.020394936203956604
27500,2744,0.12128856033086777
27510,2745,0.1152508482336998
27520,2746,0.03672332316637039
27530,2747,0.09417599439620972
27540,2748,0.14987283945083618
27550,2749,0.07843978703022003
27560,2750,0.14856304228305817
27570,2751,0.22222119569778442
27580,2752,0.018217263743281364
27590,2753,0.05295516178011894
27600,2754,0.11990407854318619
27610,2755,0.04910174757242203
27620,2756,0.17070895433425903
27630,2757,0.16881301999092102
27640,2758,0.014143843203783035
27650,2759,0.15055561065673828
27660,2760,0.002023033332079649
27670,2761,0.15315744280815125
27680,2762,0.06333746761083603
27690,2763,0.15196292102336884
27700,2764,0.07427708059549332
27710,2765,0.13853275775909424
27720,2766,0.11277654767036438
27730,2767,0.07185626029968262
27740,2768,0.09066396206617355
27750,2769,0.05930027738213539
27760,2770,0.0763988345861435
27770,2771,0.0008919191895984113
27780,2772,0.06691516935825348
27790,2773,0.056331560015678406
27800,2774,0.22661679983139038
27810,2775,0.08522261679172516
27820,2776,0.041168324649333954
27830,2777,0.12643134593963623
27840,2778,0.05599290877580643
27850,2779,0.19662517309188843
27860,2780,0.1308697760105133
27870,2781,0.01987883448600769
27880,2782,0.041740335524082184
27890,2783,0.05614238232374191
27900,2784,0.02321716584265232
27910,2785,0.09491264820098877
27920,2786,0.012000284157693386
27930,2787,0.03894675150513649
27940,2788,0.03392079845070839
27950,2789,0.15003010630607605
27960,2790,0.29093044996261597
27970,2791,0.07450496405363083
27980,2792,0.11453312635421753
27990,2793,0.005072444211691618
28000,2794,0.05478271469473839
28010,2795,0.02881326898932457
28020,2796,0.1646353155374527
28030,2797,0.11760392785072327
28040,2798,0.12196710705757141
28050,2799,0.2265036702156067
28060,2800,0.06424121558666229
28070,2801,0.1156347393989563
28080,2802,0.039400920271873474
28090,2803,0.05502111837267876
28100,2804,0.19940592348575592
28110,2805,0.08103816956281662
28120,2806,0.03475077450275421
28130,2807,0.08312822133302689
28140,2808,0.1428319811820984
28150,2809,0.01165313832461834
28160,2810,0.11733715981245041
28170,2811,0.09042882919311523
28180,2812,0.0033452315255999565
28190,2813,0.16547515988349915
28200,2814,0.0066957296803593636
28210,2815,0.06503999978303909
28220,2816,0.032915037125349045
28230,2817,0.11137893795967102
28240,2818,0.14002065360546112
28250,2819,0.13613605499267578
28260,2820,0.07894740998744965
28270,2821,0.09372925758361816
28280,2822,0.002077772282063961
28290,2823,0.10208171606063843
28300,2824,0.10748264193534851
28310,2825,0.1217232197523117
28320,2826,0.0205357875674963
28330,2827,0.06383217871189117
28340,2828,0.030732765793800354
28350,2829,0.19853796064853668
28360,2830,0.010166803374886513
28370,2831,0.15469452738761902
28380,2832,0.02140941470861435
28390,2833,0.12005645036697388
28400,2834,0.01842155121266842
28410,2835,0.04592946171760559
28420,2836,0.07628341019153595
28430,2837,0.0964166671037674
28440,2838,0.013749657198786736
28450,2839,0.06217564642429352
28460,2840,0.10168327391147614
28470,2841,0.02457464300096035
28480,2842,0.06280512362718582
28490,2843,0.0059199947863817215
28500,2844,0.005640174262225628
28510,2845,0.10094067454338074
28520,2846,0.16192349791526794
28530,2847,0.03913695365190506
28540,2848,0.015490922145545483
28550,2849,0.07299554347991943
28560,2850,0.002437313785776496
28570,2851,0.07866836339235306
28580,2852,0.046329859644174576
28590,2853,0.14669664204120636
28600,2854,0.04826267436146736
28610,2855,0.1244681179523468
28620,2856,0.02539445273578167
28630,2857,0.044180769473314285
28640,2858,0.10894923657178879
28650,2859,0.015474113635718822
28660,2860,0.028399677947163582
28670,2861,0.08305330574512482
28680,2862,0.07586762309074402
28690,2863,0.07212693989276886
28700,2864,0.16275174915790558
28710,2865,0.18723388016223907
28720,2866,0.032977230846881866
28730,2867,0.11471090465784073
28740,2868,0.13203416764736176
28750,2869,0.1520373374223709
28760,2870,0.11958783864974976
28770,2871,0.03813282027840614
28780,2872,0.003777978243306279
28790,2873,0.09085185080766678
28800,2874,0.21533271670341492
28810,2875,0.0024192044511437416
28820,2876,0.12249331176280975
28830,2877,0.061893280595541
28840,2878,0.08737550675868988
28850,2879,0.11102570593357086
28860,2880,0.11317460238933563
28870,2881,0.20411857962608337
28880,2882,0.041823890060186386
28890,2883,0.10266100615262985
28900,2884,0.0892028957605362
28910,2885,0.1117553561925888
28920,2886,0.17044930160045624
28930,2887,0.06507355719804764
28940,2888,0.11274690181016922
28950,2889,0.09434276819229126
28960,2890,0.13548558950424194
28970,2891,0.04811745509505272
28980,2892,0.10243406891822815
28990,2893,0.04153606295585632
29000,2894,0.04999171197414398
29010,2895,0.06790217012166977
29020,2896,0.08212026208639145
29030,2897,0.2043721079826355
29040,2898,0.05030396580696106
29050,2899,0.03822372108697891
29060,2900,0.006897713057696819
29070,2901,0.07377254962921143
29080,2902,0.14514745771884918
29090,2903,0.1710924655199051
29100,2904,0.11753123998641968
29110,2905,0.09785693138837814
29120,2906,0.08546581119298935
29130,2907,0.07898453623056412
29140,2908,0.17590101063251495
29150,2909,0.13039585947990417
29160,2910,0.14667916297912598
29170,2911,0.08420397341251373
29180,2912,0.08729923516511917
29190,2913,0.07013273239135742
29200,2914,0.04586217924952507
29210,2915,0.19296114146709442
29220,2916,0.17273128032684326
29230,2917,0.0999893769621849
29240,2918,0.187755286693573
29250,2919,0.027335718274116516
29260,2920,0.06836570799350739
29270,2921,0.0060981339775025845
29280,2922,0.009852810762822628
29290,2923,0.043835170567035675
29300,2924,0.09009062498807907
29310,2925,0.07737951725721359
29320,2926,0.06841747462749481
29330,2927,0.013801440596580505
29340,2928,0.1547897309064865
29350,2929,0.1967640370130539
29360,2930,0.14118623733520508
29370,2931,0.07388391345739365
29380,2932,0.07296335697174072
29390,2933,0.08555430173873901
29400,2934,0.05859542638063431
29410,2935,0.12215021252632141
29420,2936,0.06902099400758743
29430,2937,0.15153415501117706
29440,2938,0.05959540605545044
29450,2939,0.06555885076522827
29460,2940,0.14504127204418182
29470,2941,0.0023344720248132944
29480,2942,0.07836452126502991
29490,2943,0.16885793209075928
29500,2944,0.20053735375404358
29510,2945,0.08086145669221878
29520,2946,0.11393484473228455
29530,2947,0.01132555864751339
29540,2948,0.07778306305408478
29550,2949,0.13441194593906403
29560,2950,0.16882666945457458
29570,2951,0.12789468467235565
29580,2952,0.16301392018795013
29590,2953,0.07057592272758484
29600,2954,0.07353359460830688
29610,2955,0.07100765407085419
29620,2956,0.06306812167167664
29630,2957,0.1286163479089737
29640,2958,0.15835338830947876
29650,2959,0.05298067256808281
29660,2960,0.04938168078660965
29670,2961,0.07825019210577011
29680,2962,0.07243159413337708
29690,2963,0.08599357306957245
29700,2964,0.14411985874176025
29710,2965,0.17603446543216705
29720,2966,0.17994911968708038
29730,2967,0.020172322168946266
29740,2968,0.024527033790946007
29750,2969,0.025223251432180405
29760,2970,0.13820217549800873
29770,2971,0.08804355561733246
29780,2972,0.12168101966381073
29790,2973,0.05871319770812988
29800,2974,0.15217606723308563
29810,2975,0.04122288525104523
29820,2976,0.13463756442070007
29830,2977,0.10904870927333832
29840,2978,0.0980629175901413
29850,2979,0.10190653800964355
29860,2980,0.10002206265926361
29870,2981,0.03188825398683548
29880,2982,0.0031654054764658213
29890,2983,0.06135715916752815
29900,2984,0.04521118476986885
29910,2985,0.09446491301059723
29920,2986,0.019868899136781693
29930,2987,0.11968719214200974
29940,2988,0.020519433543086052
29950,2989,0.06690835952758789
29960,2990,0.01965527981519699
29970,2991,0.06157957762479782
29980,2992,0.10034150630235672
29990,2993,0.06301924586296082
30000,2994,0.04547758772969246
30010,2995,0.010982407256960869
30020,2996,0.05740613490343094
30030,2997,0.09927630424499512
30040,2998,0.04236294701695442
30050,2999,0.08581795543432236
30060,3000,0.07411304116249084
30070,3001,0.011850353330373764
30080,3002,0.19762390851974487
30090,3003,0.0939645990729332
30100,3004,0.10197313129901886
30110,3005,0.10995083302259445
30120,3006,0.2121746838092804
30130,3007,0.01676671765744686
30140,3008,0.09043467044830322
30150,3009,0.049083027988672256
30160,3010,0.25428229570388794
30170,3011,0.1285889893770218
30180,3012,0.022483984008431435
30190,3013,0.030564062297344208
30200,3014,0.04768004268407822
30210,3015,0.03126595914363861
30220,3016,0.233745276927948
30230,3017,0.07153581082820892
30240,3018,0.13807569444179535
30250,3019,0.04637151584029198
30260,3020,0.05658416077494621
30270,3021,0.1137007474899292
30280,3022,0.02606574445962906
30290,3023,0.12482769787311554
30300,3024,0.08435843139886856
30310,3025,0.0599043145775795
30320,3026,0.015487530268728733
30330,3027,0.13115239143371582
30340,3028,0.039467934519052505
30350,3029,0.0632658377289772
30360,3030,0.179862841963768
30370,3031,0.04952383041381836
30380,3032,0.06358776986598969
30390,3033,0.10058914124965668
30400,3034,0.012389274314045906
30410,3035,0.09838904440402985
30420,3036,0.02280314452946186
30430,3037,0.06978105008602142
30440,3038,0.15513360500335693
30450,3039,0.07688787579536438
30460,3040,0.09517870843410492
30470,3041,0.04042952135205269
30480,3042,0.12605266273021698
30490,3043,0.09795089066028595
30500,3044,0.0004119447839912027
30510,3045,0.15412591397762299
30520,3046,0.17198343575000763
30530,3047,0.07976219803094864
30540,3048,0.03240939974784851
30550,3049,0.0744030699133873
30560,3050,0.02868570201098919
30570,3051,0.14905540645122528
30580,3052,0.13124702870845795
30590,3053,0.026057086884975433
30600,3054,0.06085168942809105
30610,3055,0.19223743677139282
30620,3056,0.07061776518821716
30630,3057,0.0643397718667984
30640,3058,0.0656147226691246
30650,3059,0.1800377517938614
30660,3060,0.09649493545293808
30670,3061,0.2774627208709717
30680,3062,0.27123749256134033
30690,3063,0.15106768906116486
30700,3064,0.13421061635017395
30710,3065,0.03164881467819214
30720,3066,0.2015119343996048
30730,3067,0.008240015245974064
30740,3068,0.05030056834220886
30750,3069,0.08486411720514297
30760,3070,0.13595813512802124
30770,3071,0.11037665605545044
30780,3072,0.06472374498844147
30790,3073,0.09744749963283539
30800,3074,0.059935323894023895
30810,3075,0.16124752163887024
30820,3076,0.12814490497112274
30830,3077,0.0512784980237484
30840,3078,0.11106958985328674
30850,3079,0.02701069600880146
30860,3080,0.2288283407688141
30870,3081,0.09844452887773514
30880,3082,0.148346945643425
30890,3083,0.1339714378118515
30900,3084,0.00852228607982397
30910,3085,0.032962311059236526
30920,3086,0.04594109207391739
30930,3087,0.05426450073719025
30940,3088,0.04592101275920868
30950,3089,0.061122629791498184
30960,3090,0.13104426860809326
30970,3091,0.1559758335351944
30980,3092,0.09562648087739944
30990,3093,0.0699554979801178
31000,3094,0.046002745628356934
31010,3095,0.10539702326059341
31020,3096,0.06955380737781525
31030,3097,0.04809793084859848
31040,3098,0.045305825769901276
31050,3099,0.08044330030679703
31060,3100,0.07984364032745361
31070,3101,0.006737811956554651
31080,3102,0.035385847091674805
31090,3103,0.02854921668767929
31100,3104,0.024290086701512337
31110,3105,0.058658648282289505
31120,3106,0.12595096230506897
31130,3107,0.20732110738754272
31140,3108,0.09332042187452316
31150,3109,0.20528210699558258
31160,3110,0.0770648792386055
31170,3111,0.12290488183498383
31180,3112,0.04308342561125755
31190,3113,0.14795167744159698
31200,3114,0.09632085263729095
31210,3115,0.11418187618255615
31220,3116,0.14926645159721375
31230,3117,0.11612481623888016
31240,3118,0.1477358639240265
31250,3119,0.009885062463581562
31260,3120,0.020831024274230003
31270,3121,0.140763521194458
31280,3122,0.08301204442977905
31290,3123,0.1612257957458496
31300,3124,0.1599157452583313
31310,3125,0.15647123754024506
31320,3126,0.09352969378232956
31330,3127,0.06533239036798477
31340,3128,0.0700879916548729
31350,3129,0.1411544233560562
31360,3130,0.09667286276817322
31370,3131,0.012698478996753693
31380,3132,0.12508492171764374
31390,3133,0.1216154620051384
31400,3134,0.06504499167203903
31410,3135,0.11409727483987808
31420,3136,0.048130471259355545
31430,3137,0.07643487304449081
31440,3138,0.03231413662433624
31450,3139,0.2644120752811432
31460,3140,0.1060241237282753
31470,3141,3.7892491491220426e-06
31480,3142,0.10371168702840805
31490,3143,0.12494554370641708
31500,3144,0.22344721853733063
31510,3145,0.296663761138916
31520,3146,0.13832610845565796
31530,3147,0.18411420285701752
31540,3148,0.18815672397613525
31550,3149,0.03193025663495064
31560,3150,0.018240777775645256
31570,3151,0.027478832751512527
31580,3152,0.12231004238128662
31590,3153,0.04921325296163559
31600,3154,0.0814042016863823
31610,3155,0.03825193643569946
31620,3156,0.022484835237264633
31630,3157,0.151949942111969
31640,3158,0.19185304641723633
31650,3159,0.28946438431739807
31660,3160,0.008329324424266815
31670,3161,0.03474801033735275
31680,3162,0.03835921362042427
31690,3163,0.05317053198814392
31700,3164,0.04409153759479523
31710,3165,0.10534978657960892
31720,3166,0.11337119340896606
31730,3167,0.188631072640419
31740,3168,0.12754611670970917
31750,3169,0.10045409202575684
31760,3170,0.1946752965450287
31770,3171,0.23237843811511993
31780,3172,0.10701446235179901
31790,3173,0.028055766597390175
31800,3174,0.04894941672682762
31810,3175,0.1128399670124054
31820,3176,0.0441364049911499
31830,3177,0.0884028896689415
31840,3178,0.042227670550346375
31850,3179,0.1179559975862503
31860,3180,0.06469756364822388
31870,3181,0.13920801877975464
31880,3182,0.006260609719902277
31890,3183,0.16944119334220886
31900,3184,0.20986135303974152
31910,3185,0.10445746034383774
31920,3186,0.05616191029548645
31930,3187,0.20006316900253296
31940,3188,0.3072813153266907
31950,3189,0.08963067829608917
31960,3190,0.07812793552875519
31970,3191,0.08332601934671402
31980,3192,0.025120580568909645
31990,3193,0.13641518354415894
32000,3194,0.016680072993040085
32010,3195,0.06260807067155838
32020,3196,0.25190532207489014
32030,3197,2.443528046569554e-06
32040,3198,0.010249719023704529
32050,3199,0.05053479224443436
32060,3200,0.1256217360496521
32070,3201,0.07887371629476547
32080,3202,0.06533526629209518
32090,3203,0.15557721257209778
32100,3204,0.14812254905700684
32110,3205,0.1161355972290039
32120,3206,0.08877816796302795
32130,3207,0.180802121758461
32140,3208,0.2407502681016922
32150,3209,0.09104451537132263
32160,3210,0.05135847628116608
32170,3211,0.11811093240976334
32180,3212,0.1153373196721077
32190,3213,0.1458512544631958
32200,3214,0.19066238403320312
32210,3215,0.00258490233682096
32220,3216,0.16756999492645264
32230,3217,0.032668545842170715
32240,3218,0.021053042262792587
32250,3219,0.005448265932500362
32260,3220,0.055964428931474686
32270,3221,0.08489533513784409
32280,3222,0.15623842179775238
32290,3223,0.06316758692264557
32300,3224,0.17411655187606812
32310,3225,0.1711660772562027
32320,3226,0.05733750760555267
32330,3227,0.10786480456590652
32340,3228,0.093278668820858
32350,3229,0.052463896572589874
32360,3230,0.09240905940532684
32370,3231,0.017825258895754814
32380,3232,0.10452854633331299
32390,3233,0.02795189432799816
32400,3234,0.17293870449066162
32410,3235,0.017475156113505363
32420,3236,0.13137805461883545
32430,3237,0.21560731530189514
32440,3238,0.10567616671323776
32450,3239,0.06870865076780319
32460,3240,0.1679077446460724
32470,3241,0.16339249908924103
32480,3242,0.10988477617502213
32490,3243,0.009314127266407013
32500,3244,0.07178481668233871
32510,3245,0.04719090089201927
32520,3246,0.13211336731910706
32530,3247,0.117008738219738
32540,3248,0.06514555960893631
32550,3249,0.02593272551894188
32560,3250,0.029531311243772507
32570,3251,0.08562268316745758
32580,3252,0.038651641458272934
32590,3253,0.18993450701236725
32600,3254,0.0012349984608590603
32610,3255,0.0794413685798645
32620,3256,0.02451067790389061
32630,3257,0.052452802658081055
32640,3258,0.12577830255031586
32650,3259,0.19477032124996185
32660,3260,0.024432241916656494
32670,3261,0.041026465594768524
32680,3262,0.11880268156528473
32690,3263,0.08462931960821152
32700,3264,0.03686412423849106
32710,3265,0.03783562406897545
32720,3266,0.09151120483875275
32730,3267,0.04297700151801109
32740,3268,0.04469841718673706
32750,3269,0.17630106210708618
32760,3270,0.015876751393079758
32770,3271,0.09816589206457138
32780,3272,0.02695944905281067
32790,3273,0.11039984226226807
32800,3274,0.08695295453071594
32810,3275,0.02882281318306923
32820,3276,0.04995746165513992
32830,3277,0.03199770301580429
32840,3278,0.05092722550034523
32850,3279,0.10292036831378937
32860,3280,0.10141263902187347
32870,3281,0.07717261463403702
32880,3282,0.04901990294456482
32890,3283,0.07890782505273819
32900,3284,0.02443278580904007
32910,3285,0.07758605480194092
32920,3286,0.0278937965631485
32930,3287,0.05945580452680588
32940,3288,0.10193444788455963
32950,3289,0.06508967280387878
32960,3290,0.10174930840730667
32970,3291,0.18056023120880127
32980,3292,0.13750289380550385
32990,3293,0.012426531873643398
33000,3294,0.03315869718790054
33010,3295,0.05894394963979721
33020,3296,0.018437910825014114
33030,3297,0.1123642772436142
33040,3298,0.12360958009958267
33050,3299,0.01645871065557003
33060,3300,0.00925610214471817
33070,3301,0.12388916313648224
33080,3302,0.11365444213151932
33090,3303,0.028186656534671783
33100,3304,0.24141910672187805
33110,3305,0.024886729195713997
33120,3306,0.08063337951898575
33130,3307,0.11810246109962463
33140,3308,0.08012444525957108
33150,3309,0.04225223511457443
33160,3310,0.07096642255783081
33170,3311,0.18104414641857147
33180,3312,0.06046823412179947
33190,3313,0.13386698067188263
33200,3314,0.18723462522029877
33210,3315,0.0981927290558815
33220,3316,0.11618100106716156
33230,3317,0.04790719971060753
33240,3318,0.11968425661325455
33250,3319,0.0855683982372284
33260,3320,0.2537555396556854
33270,3321,0.1366521567106247
33280,3322,0.2928943336009979
33290,3323,0.013286009430885315
33300,3324,0.001959312940016389
33310,3325,0.14415346086025238
33320,3326,0.023697687312960625
33330,3327,0.11298421770334244
33340,3328,0.2598797678947449
33350,3329,0.06910041719675064
33360,3330,0.10873065143823624
33370,3331,0.048923641443252563
33380,3332,0.1668696105480194
33390,3333,0.045047610998153687
33400,3334,0.028447933495044708
33410,3335,0.06377696990966797
33420,3336,0.06523974239826202
33430,3337,0.08867131173610687
33440,3338,0.044848766177892685
33450,3339,0.03634197637438774
33460,3340,0.03264367952942848
33470,3341,0.019102077931165695
33480,3342,0.09816855937242508
33490,3343,0.08912777900695801
33500,3344,0.0619264654815197
33510,3345,0.20741112530231476
33520,3346,0.05023758113384247
33530,3347,0.02899867296218872
33540,3348,0.3378256559371948
33550,3349,0.1108020469546318
33560,3350,0.08620133996009827
33570,3351,0.22923824191093445
33580,3352,0.13934326171875
33590,3353,0.04994549974799156
33600,3354,0.13168306648731232
33610,3355,0.009776823222637177
33620,3356,0.04207555949687958
33630,3357,0.10619201511144638
33640,3358,0.014151432551443577
33650,3359,0.06025385484099388
33660,3360,0.04052836820483208
33670,3361,0.08016729354858398
33680,3362,0.028505811467766762
33690,3363,0.032132431864738464
33700,3364,0.07895202189683914
33710,3365,0.02165387198328972
33720,3366,0.1361348032951355
33730,3367,0.144607275724411
33740,3368,0.02884344756603241
33750,3369,0.19666071236133575
33760,3370,0.06727645546197891
33770,3371,0.05160678178071976
33780,3372,0.13061964511871338
33790,3373,0.060575589537620544
33800,3374,0.07069578766822815
33810,3375,0.03977353498339653
33820,3376,0.019561097025871277
33830,3377,0.1605345457792282
33840,3378,0.10768941044807434
33850,3379,0.1488068848848343
33860,3380,0.03591356799006462
33870,3381,0.030715782195329666
33880,3382,0.07694291323423386
33890,3383,0.12720659375190735
33900,3384,0.0329720601439476
33910,3385,0.20611713826656342
33920,3386,0.057808101177215576
33930,3387,0.07615145295858383
33940,3388,0.09014536440372467
33950,3389,0.11570151150226593
33960,3390,0.07135158777236938
33970,3391,0.006118117831647396
33980,3392,0.1114538311958313
33990,3393,0.05904319882392883
34000,3394,0.14333270490169525
34010,3395,0.11185064911842346
34020,3396,0.08071006834506989
34030,3397,0.07389923930168152
34040,3398,0.04278184846043587
34050,3399,0.2111305296421051
34060,3400,0.06280471384525299
34070,3401,0.09960679709911346
34080,3402,0.08540686219930649
34090,3403,0.144731804728508
34100,3404,0.1881135106086731
34110,3405,0.06270381808280945
34120,3406,0.10688336193561554
34130,3407,0.21807478368282318
34140,3408,0.009763163514435291
34150,3409,0.028400832787156105
34160,3410,0.10029833763837814
34170,3411,0.04156404733657837
34180,3412,0.09598362445831299
34190,3413,0.1866234987974167
34200,3414,0.05475013703107834
34210,3415,0.1272840052843094
34220,3416,0.031031494960188866
34230,3417,0.04161722958087921
34240,3418,0.01747535541653633
34250,3419,0.013382362201809883
34260,3420,0.11720755696296692
34270,3421,0.1164005771279335
34280,3422,0.1877266764640808
34290,3423,0.05169886350631714
34300,3424,0.05326482281088829
34310,3425,0.004817433189600706
34320,3426,0.10826163738965988
34330,3427,0.07833407819271088
34340,3428,0.09683029353618622
34350,3429,0.18936282396316528
34360,3430,0.04897188022732735
34370,3431,0.1678660660982132
34380,3432,0.07970874011516571
34390,3433,0.11255574226379395
34400,3434,0.06323067843914032
34410,3435,0.15140342712402344
34420,3436,0.03388097137212753
34430,3437,0.1065339744091034
34440,3438,0.04612093046307564
34450,3439,0.10038822889328003
34460,3440,0.025865191593766212
34470,3441,0.03818248584866524
34480,3442,0.045289989560842514
34490,3443,0.16224436461925507
34500,3444,0.0737718716263771
34510,3445,0.21398159861564636
34520,3446,0.07544831931591034
34530,3447,0.12130115181207657
34540,3448,0.0022785544861108065
34550,3449,0.22178864479064941
34560,3450,0.049007415771484375
34570,3451,0.10156384855508804
34580,3452,0.045921690762043
34590,3453,0.03997446224093437
34600,3454,0.03906373679637909
34610,3455,0.05715503916144371
34620,3456,0.04643649980425835
34630,3457,0.041517920792102814
34640,3458,0.15323005616664886
34650,3459,0.06899943947792053
34660,3460,0.10712171345949173
34670,3461,0.12075498700141907
34680,3462,0.017953068017959595
34690,3463,0.18106798827648163
34700,3464,0.05216371640563011
34710,3465,0.32710662484169006
34720,3466,0.04430363327264786
34730,3467,0.1003679633140564
34740,3468,0.04501321166753769
34750,3469,0.06045379489660263
34760,3470,0.005517581943422556
34770,3471,0.024716772139072418
34780,3472,0.12599565088748932
34790,3473,0.016576098278164864
34800,3474,0.14029279351234436
34810,3475,0.0012914006365463138
34820,3476,0.15061837434768677
34830,3477,0.08411812782287598
34840,3478,0.14633990824222565
34850,3479,0.06014234572649002
34860,3480,0.10596142709255219
34870,3481,0.06491756439208984
34880,3482,0.09513512998819351
34890,3483,0.1394691914319992
34900,3484,0.01682787388563156
34910,3485,0.014645099639892578
34920,3486,0.14192715287208557
34930,3487,0.09670951962471008
34940,3488,0.1775292456150055
34950,3489,0.0695682018995285
34960,3490,0.1283462792634964
34970,3491,0.2921243906021118
34980,3492,0.19326896965503693
34990,3493,0.06791143864393234
35000,3494,0.02838943339884281
35010,3495,0.03333307430148125
35020,3496,0.05148189142346382
35030,3497,0.08144136518239975
35040,3498,0.021737487986683846
35050,3499,0.12832067906856537
35060,3500,0.07208575308322906
35070,3501,0.1453130692243576
35080,3502,0.08381431549787521
35090,3503,0.13718058168888092
35100,3504,0.036311075091362
35110,3505,0.08051617443561554
35120,3506,0.07034359127283096
35130,3507,0.11351700872182846
35140,3508,0.10887537151575089
35150,3509,0.25371673703193665
35160,3510,0.08300960063934326
35170,3511,0.17894461750984192
35180,3512,0.021943293511867523
35190,3513,0.02669004537165165
35200,3514,0.09028677642345428
35210,3515,0.19935327768325806
35220,3516,0.06827165931463242
35230,3517,0.12367446720600128
35240,3518,0.01927540823817253
35250,3519,0.026843499392271042
35260,3520,0.021444950252771378
35270,3521,0.06692711263895035
35280,3522,0.08967021107673645
35290,3523,0.06079283356666565
35300,3524,0.010468553751707077
35310,3525,0.05512218922376633
35320,3526,0.05096236616373062
35330,3527,0.032459791749715805
35340,3528,0.11891655623912811
35350,3529,0.1419549286365509
35360,3530,0.006264349911361933
35370,3531,0.008408100344240665
35380,3532,0.003393821883946657
35390,3533,0.06880272179841995
35400,3534,0.07806926220655441
35410,3535,0.10272075980901718
35420,3536,0.03227600082755089
35430,3537,0.0036652146372944117
35440,3538,0.0016808407381176949
35450,3539,0.013783438131213188
35460,3540,0.037035755813121796
35470,3541,0.13730937242507935
35480,3542,0.15994392335414886
35490,3543,0.02115042135119438
35500,3544,0.07099486887454987
35510,3545,0.03175625577569008
35520,3546,0.026752613484859467
35530,3547,0.07958129048347473
35540,3548,0.07760439068078995
35550,3549,0.13091222941875458
35560,3550,0.010753481648862362
35570,3551,0.10311420261859894
35580,3552,0.042285334318876266
35590,3553,0.08742954581975937
35600,3554,0.0828201025724411
35610,3555,0.1265992969274521
35620,3556,0.09098178893327713
35630,3557,0.11703135818243027
35640,3558,0.06028185412287712
35650,3559,0.025913095101714134
35660,3560,0.17677566409111023
35670,3561,0.08512519299983978
35680,3562,0.09948111325502396
35690,3563,0.13166145980358124
35700,3564,0.06769892573356628
35710,3565,0.042497359216213226
35720,3566,0.01665041409432888
35730,3567,0.04752669855952263
35740,3568,0.09101004898548126
35750,3569,0.0821881964802742
35760,3570,0.16905315220355988
35770,3571,0.10514449328184128
35780,3572,0.06455643475055695
35790,3573,0.045714784413576126
35800,3574,0.06906754523515701
35810,3575,0.03892568498849869
35820,3576,0.054771631956100464
35830,3577,0.00510516669601202
35840,3578,0.007560598198324442
35850,3579,0.09048614650964737
35860,3580,0.09239346534013748
35870,3581,0.03357355296611786
35880,3582,0.04825253039598465
35890,3583,0.1416788548231125
35900,3584,0.05169098079204559
35910,3585,0.07010430097579956
35920,3586,0.1298592984676361
35930,3587,0.04323301464319229
35940,3588,0.05094853788614273
35950,3589,0.1475883573293686
35960,3590,0.015687698498368263
35970,3591,0.07680424302816391
35980,3592,0.011338885873556137
35990,3593,0.05314172804355621
36000,3594,0.05912816524505615
36010,3595,0.08234766125679016
36020,3596,0.09287694096565247
36030,3597,0.03901410847902298
36040,3598,0.0717628076672554
36050,3599,0.08088823407888412
36060,3600,0.03250028192996979
36070,3601,0.017666688188910484
36080,3602,0.17174473404884338
36090,3603,0.0033574244007468224
36100,3604,0.0749075785279274
36110,3605,0.030201507732272148
36120,3606,0.09440326690673828
36130,3607,0.04577908664941788
36140,3608,0.05800829827785492
36150,3609,0.18129968643188477
36160,3610,0.07435422390699387
36170,3611,0.12617188692092896
36180,3612,0.03763549029827118
36190,3613,0.09369811415672302
36200,3614,0.11807822436094284
36210,3615,0.020271996036171913
36220,3616,0.15878304839134216
36230,3617,0.05768899247050285
36240,3618,0.07017024606466293
36250,3619,0.09900196641683578
36260,3620,0.15177473425865173
36270,3621,0.03198139742016792
36280,3622,0.0007009261753410101
36290,3623,0.15893560647964478
36300,3624,0.03752550482749939
36310,3625,0.06881728768348694
36320,3626,0.023380165919661522
36330,3627,0.16842009127140045
36340,3628,0.10567448288202286
36350,3629,0.048097897320985794
36360,3630,0.09349897503852844
36370,3631,0.03916323557496071
36380,3632,0.09029416739940643
36390,3633,0.06827320158481598
36400,3634,0.09226461499929428
36410,3635,0.02966180257499218
36420,3636,0.008892630226910114
36430,3637,0.03474229946732521
36440,3638,0.03926660865545273
36450,3639,0.005754663608968258
36460,3640,0.16867418587207794
36470,3641,0.15894849598407745
36480,3642,0.0998450219631195
36490,3643,0.06474310904741287
36500,3644,0.07038655132055283
36510,3645,0.007585452403873205
36520,3646,0.10010332614183426
36530,3647,0.13071247935295105
36540,3648,0.06469659507274628
36550,3649,0.09129909425973892
36560,3650,0.033794499933719635
36570,3651,0.2202766090631485
36580,3652,0.15732529759407043
36590,3653,0.08327486366033554
36600,3654,0.018536671996116638
36610,3655,0.007924987003207207
36620,3656,0.10647252947092056
36630,3657,0.18900492787361145
36640,3658,0.04182078316807747
36650,3659,0.09548608213663101
36660,3660,0.019458940252661705
36670,3661,0.013042219914495945
36680,3662,0.06654413044452667
36690,3663,0.047147925943136215
36700,3664,0.09324664622545242
36710,3665,0.11270584166049957
36720,3666,0.08216237276792526
36730,3667,0.0054550012573599815
36740,3668,0.15386517345905304
36750,3669,0.1421918272972107
36760,3670,0.19781838357448578
36770,3671,0.10528121888637543
36780,3672,0.13094279170036316
36790,3673,0.1585598737001419
36800,3674,0.003890624502673745
36810,3675,0.032667871564626694
36820,3676,0.24714167416095734
36830,3677,0.08005660027265549
36840,3678,0.13984070718288422
36850,3679,0.020754890516400337
36860,3680,0.06484905630350113
36870,3681,0.08792024850845337
36880,3682,0.15270701050758362
36890,3683,0.24297259747982025
36900,3684,0.20953649282455444
36910,3685,0.04775528237223625
36920,3686,0.034639108926057816
36930,3687,0.07275094836950302
36940,3688,0.11832975596189499
36950,3689,0.08192210644483566
36960,3690,0.09419086575508118
36970,3691,0.14910072088241577
36980,3692,0.05974472314119339
36990,3693,0.0002842972753569484
37000,3694,0.023647399619221687
37010,3695,0.11828412115573883
37020,3696,0.09537342190742493
37030,3697,0.05207201838493347
37040,3698,0.05052434280514717
37050,3699,0.0741632953286171
37060,3700,0.08837982267141342
37070,3701,0.12724533677101135
37080,3702,0.15199415385723114
37090,3703,0.039595626294612885
37100,3704,0.024378584697842598
37110,3705,0.1901305913925171
37120,3706,0.045716602355241776
37130,3707,0.08055467903614044
37140,3708,0.18261359632015228
37150,3709,0.10017990320920944
37160,3710,0.07037992775440216
37170,3711,0.22770920395851135
37180,3712,0.12028046697378159
37190,3713,0.05744827538728714
37200,3714,0.11012957245111465
37210,3715,0.08690256625413895
37220,3716,0.03686972334980965
37230,3717,0.06698109209537506
37240,3718,0.012750843539834023
37250,3719,0.04246603697538376
37260,3720,0.06946369260549545
37270,3721,0.08246608823537827
37280,3722,0.030150575563311577
37290,3723,0.053189314901828766
37300,3724,0.19647619128227234
37310,3725,0.05892603099346161
37320,3726,0.1223951131105423
37330,3727,0.021141642704606056
37340,3728,0.0621836856007576
37350,3729,0.13083355128765106
37360,3730,0.14203128218650818
37370,3731,0.09585218131542206
37380,3732,0.12624701857566833
37390,3733,0.017726154997944832
37400,3734,0.014384040609002113
37410,3735,0.19489087164402008
37420,3736,0.2031489610671997
37430,3737,0.03465989604592323
37440,3738,0.014768151566386223
37450,3739,0.06421556323766708
37460,3740,0.04580412060022354
37470,3741,0.08191317319869995
37480,3742,0.043631818145513535
37490,3743,0.080770343542099
37500,3744,0.08675368130207062
37510,3745,0.010343626141548157
37520,3746,0.051721226423978806
37530,3747,0.03535337746143341
37540,3748,0.05801444873213768
37550,3749,0.21401897072792053
37560,3750,0.02659768983721733
37570,3751,0.03891582787036896
37580,3752,0.014428604394197464
37590,3753,0.07954855263233185
37600,3754,0.21493645012378693
37610,3755,0.04543702304363251
37620,3756,0.13919371366500854
37630,3757,0.1174706518650055
37640,3758,0.055224016308784485
37650,3759,0.1387866735458374
37660,3760,0.0803670808672905
37670,3761,0.09154641628265381
37680,3762,0.17658524215221405
37690,3763,0.04134707525372505
37700,3764,0.1481313705444336
37710,3765,0.008202406577765942
37720,3766,0.012301337905228138
37730,3767,0.06566613167524338
37740,3768,0.11294043064117432
37750,3769,0.0645894929766655
37760,3770,0.08275312930345535
37770,3771,0.10029470920562744
37780,3772,0.08228059113025665
37790,3773,0.23486706614494324
37800,3774,0.07346075773239136
37810,3775,0.09503365308046341
37820,3776,0.036137886345386505
37830,3777,0.11769493669271469
37840,3778,0.06465329974889755
37850,3779,0.0911407545208931
37860,3780,0.08472214639186859
37870,3781,0.06028012931346893
37880,3782,0.020146695896983147
37890,3783,0.16768842935562134
37900,3784,0.0008404376567341387
37910,3785,0.009616460651159286
37920,3786,0.03491339460015297
37930,3787,0.19055454432964325
37940,3788,0.08534068614244461
37950,3789,0.11865846812725067
37960,3790,0.09526936709880829
37970,3791,0.11419124156236649
37980,3792,0.034518204629421234
37990,3793,0.11542534828186035
38000,3794,0.09501972794532776
38010,3795,0.15108923614025116
38020,3796,0.06517854332923889
38030,3797,0.12799285352230072
38040,3798,0.05664344131946564
38050,3799,0.014123947359621525
38060,3800,0.18700149655342102
38070,3801,0.04214118793606758
38080,3802,0.1567760705947876
38090,3803,0.04925702512264252
38100,3804,0.08287342637777328
38110,3805,0.12210503965616226
38120,3806,0.022112436592578888
38130,3807,0.1002931147813797
38140,3808,0.112279511988163
38150,3809,0.06205470860004425
38160,3810,0.18581974506378174
38170,3811,0.05614268407225609
38180,3812,0.015125967562198639
38190,3813,0.05723775178194046
38200,3814,0.03100692108273506
38210,3815,0.08413529396057129
38220,3816,0.09277672320604324
38230,3817,0.1544157862663269
38240,3818,0.23381869494915009
38250,3819,0.09079807251691818
38260,3820,0.0624174140393734
38270,3821,0.04612378403544426
38280,3822,0.0480392724275589
38290,3823,0.1138063296675682
38300,3824,0.05028711259365082
38310,3825,0.026675747707486153
38320,3826,0.14575813710689545
38330,3827,0.10884774476289749
38340,3828,0.1023542732000351
38350,3829,0.012753364630043507
38360,3830,0.09693078696727753
38370,3831,0.13911595940589905
38380,3832,0.06314796954393387
38390,3833,0.15802544355392456
38400,3834,0.04771128669381142
38410,3835,0.07791348546743393
38420,3836,0.12403151392936707
38430,3837,0.1775168627500534
38440,3838,0.09373178333044052
38450,3839,0.1333741992712021
38460,3840,0.07931944727897644
38470,3841,0.06126852333545685
38480,3842,0.14266230165958405
38490,3843,0.07274732738733292
38500,3844,0.12162190675735474
38510,3845,0.07699304074048996
38520,3846,0.1364537477493286
38530,3847,0.13446328043937683
38540,3848,0.031338419765233994
38550,3849,0.0340995118021965
38560,3850,0.17488934099674225
38570,3851,0.10806655138731003
38580,3852,0.14508529007434845
38590,3853,0.10016412287950516
38600,3854,0.08480686694383621
38610,3855,0.1541857123374939
38620,3856,0.14075124263763428
38630,3857,0.20366856455802917
38640,3858,0.018115246668457985
38650,3859,0.04004695639014244
38660,3860,0.10322439670562744
38670,3861,0.09592976421117783
38680,3862,0.10193537920713425
38690,3863,0.010059555061161518
38700,3864,0.05564634129405022
38710,3865,0.19100512564182281
38720,3866,0.007471803575754166
38730,3867,0.1539904624223709
38740,3868,0.08148916065692902
38750,3869,0.05547935515642166
38760,3870,0.2532948851585388
38770,3871,0.04960940405726433
38780,3872,0.09854275733232498
38790,3873,0.05843355506658554
38800,3874,0.22167593240737915
38810,3875,0.10558801889419556
38820,3876,0.229568213224411
38830,3877,0.13743500411510468
38840,3878,0.3106694519519806
38850,3879,0.031543612480163574
38860,3880,0.15525582432746887
38870,3881,0.13083797693252563
38880,3882,0.09884126484394073
38890,3883,0.07590986788272858
38900,3884,0.07654669880867004
38910,3885,0.08031895756721497
38920,3886,0.19506239891052246
38930,3887,0.0469861775636673
38940,3888,0.02624773420393467
38950,3889,0.17188970744609833
38960,3890,0.026889463886618614
38970,3891,0.07729420065879822
38980,3892,0.1467786431312561
38990,3893,0.1959281861782074
39000,3894,0.10961347073316574
39010,3895,0.32103094458580017
39020,3896,0.15869808197021484
39030,3897,0.12817075848579407
39040,3898,0.05134636536240578
39050,3899,0.09626270085573196
39060,3900,0.09778465330600739
39070,3901,0.11572445929050446
39080,3902,0.06459140032529831
39090,3903,0.2306264489889145
39100,3904,0.11332180351018906
39110,3905,0.04718226194381714
39120,3906,0.0410209558904171
39130,3907,0.014265826903283596
39140,3908,0.08459661155939102
39150,3909,0.1420964002609253
39160,3910,0.046968139708042145
39170,3911,0.12624454498291016
39180,3912,0.08150201290845871
39190,3913,0.02236541546881199
39200,3914,0.07929668575525284
39210,3915,0.0002703523787204176
39220,3916,0.09519180655479431
39230,3917,0.06803721189498901
39240,3918,0.18091030418872833
39250,3919,0.17815767228603363
39260,3920,0.1377359926700592
39270,3921,0.09230046719312668
39280,3922,0.07906787842512131
39290,3923,0.09472008049488068
39300,3924,0.18637707829475403
39310,3925,0.03946072608232498
39320,3926,0.09001854807138443
39330,3927,0.0611436702311039
39340,3928,0.037539929151535034
39350,3929,0.23398536443710327
39360,3930,0.08166182041168213
39370,3931,0.11322285234928131
39380,3932,0.2316826730966568
39390,3933,0.19072207808494568
39400,3934,0.06525130569934845
39410,3935,0.08222835510969162
39420,3936,0.23078125715255737
39430,3937,0.02644006907939911
39440,3938,0.03136627748608589
39450,3939,0.24371306598186493
39460,3940,0.1474839448928833
39470,3941,0.08188731968402863
39480,3942,0.019942782819271088
39490,3943,0.10719233006238937
39500,3944,0.15062767267227173
39510,3945,0.09583790600299835
39520,3946,4.4045653339708224e-05
39530,3947,0.1215747743844986
39540,3948,0.1239018514752388
39550,3949,0.09258972108364105
39560,3950,0.028621582314372063
39570,3951,0.1369239091873169
39580,3952,0.09749165922403336
39590,3953,0.10383065044879913
39600,3954,0.11963705718517303
39610,3955,0.07746918499469757
39620,3956,0.09648685157299042
39630,3957,0.1571791172027588
39640,3958,0.022800276055932045
39650,3959,0.13351590931415558
39660,3960,0.09691526740789413
39670,3961,0.04014464095234871
39680,3962,0.11367909610271454
39690,3963,0.11048741638660431
39700,3964,0.12308984249830246
39710,3965,0.062269315123558044
39720,3966,0.17903944849967957
39730,3967,0.05557101592421532
39740,3968,0.05351755768060684
39750,3969,0.043967410922050476
39760,3970,0.05989605933427811
39770,3971,0.2250024676322937
39780,3972,0.14137426018714905
39790,3973,0.0070203752256929874
39800,3974,0.30609047412872314
39810,3975,0.07378794997930527
39820,3976,0.12109586596488953
39830,3977,0.1412057876586914
39840,3978,0.15549977123737335
39850,3979,0.08676962554454803
39860,3980,0.15566086769104004
39870,3981,0.052094705402851105
39880,3982,0.06642026454210281
39890,3983,0.11018238216638565
39900,3984,0.12735415995121002
39910,3985,0.066974937915802
39920,3986,0.19063782691955566
39930,3987,0.039229318499565125
39940,3988,0.0786382332444191
39950,3989,0.1399793028831482
39960,3990,0.025893662124872208
39970,3991,0.031173454597592354
39980,3992,0.15617027878761292
39990,3993,0.15834955871105194
40000,3994,0.13430990278720856
40010,3995,0.12308045476675034
40020,3996,0.18143890798091888
40030,3997,0.09854470193386078
40040,3998,0.029066260904073715
40050,3999,0.058501437306404114
40060,4000,0.11973315477371216
40070,4001,0.241674542427063
40080,4002,0.09936365485191345
40090,4003,0.13124510645866394
40100,4004,0.017694532871246338
40110,4005,0.06587953120470047
40120,4006,0.004407364409416914
40130,4007,0.17049334943294525
40140,4008,0.11299842596054077
40150,4009,0.0260382741689682
40160,4010,0.13163909316062927
40170,4011,0.08577270805835724
40180,4012,0.14160266518592834
40190,4013,0.20907878875732422
40200,4014,0.22710660099983215
40210,4015,0.13939204812049866
40220,4016,0.0905558317899704
40230,4017,0.053782179951667786
40240,4018,0.10969682037830353
40250,4019,0.3031424283981323
40260,4020,0.14089840650558472
40270,4021,0.14064502716064453
40280,4022,0.0759696364402771
40290,4023,0.10703372955322266
40300,4024,0.05647451430559158
40310,4025,0.0879083052277565
40320,4026,0.10120833665132523
40330,4027,0.10201703757047653
40340,4028,0.15477102994918823
40350,4029,0.05696045234799385
40360,4030,0.2256915420293808
40370,4031,0.1293463110923767
40380,4032,0.015600988641381264
40390,4033,0.05979004129767418
40400,4034,0.17919699847698212
40410,4035,0.056118179112672806
40420,4036,0.12997329235076904
40430,4037,0.10590259730815887
40440,4038,0.19393965601921082
40450,4039,0.08849536627531052
40460,4040,0.11469966173171997
40470,4041,0.0188235305249691
40480,4042,0.03236674889922142
40490,4043,0.18267260491847992
40500,4044,0.09332584589719772
40510,4045,0.030388500541448593
40520,4046,0.04108581319451332
40530,4047,0.18023978173732758
40540,4048,0.1287180632352829
40550,4049,0.09621617943048477
40560,4050,0.08952706307172775
40570,4051,0.06442300230264664
40580,4052,0.12708690762519836
40590,4053,0.05775982141494751
40600,4054,0.025629138574004173
40610,4055,0.04534020647406578
40620,4056,0.19029074907302856
40630,4057,0.004123038146644831
40640,4058,0.016049303114414215
40650,4059,0.07931164652109146
40660,4060,0.08504460752010345
40670,4061,0.1228247657418251
40680,4062,0.07535558193922043
40690,4063,0.13297039270401
40700,4064,0.09518233686685562
40710,4065,0.17634275555610657
40720,4066,0.08506502956151962
40730,4067,0.33821746706962585
40740,4068,0.06714462488889694
40750,4069,0.0490044504404068
40760,4070,0.07268349081277847
40770,4071,0.03421711549162865
40780,4072,0.024993598461151123
40790,4073,0.04908577352762222
40800,4074,0.05983776971697807
40810,4075,0.08518288284540176
40820,4076,0.03422326222062111
40830,4077,0.06822431087493896
40840,4078,0.014018448069691658
40850,4079,0.13760361075401306
40860,4080,0.19783517718315125
40870,4081,0.2238231897354126
40880,4082,0.14681755006313324
40890,4083,0.08013363927602768
40900,4084,0.06513261795043945
40910,4085,0.12592430412769318
40920,4086,0.15123091638088226
40930,4087,0.08187716454267502
40940,4088,0.11467300355434418
40950,4089,0.02895578183233738
40960,4090,0.02999107725918293
40970,4091,0.05253215506672859
40980,4092,0.0537726953625679
40990,4093,0.04196276515722275
41000,4094,0.07483137398958206
41010,4095,0.15769848227500916
41020,4096,0.22468501329421997
41030,4097,0.034738898277282715
41040,4098,0.2028285413980484
41050,4099,0.032675426453351974
41060,4100,0.19701744616031647
41070,4101,0.16638346016407013
41080,4102,0.07456016540527344
41090,4103,0.09078903496265411
41100,4104,0.07366844266653061
41110,4105,0.07791000604629517
41120,4106,0.10342351347208023
41130,4107,0.2461669147014618
41140,4108,0.11194397509098053
41150,4109,0.12809200584888458
41160,4110,0.04930064082145691
41170,4111,0.026423923671245575
41180,4112,0.175965815782547
41190,4113,0.09464948624372482
41200,4114,0.18131697177886963
41210,4115,0.04800170287489891
41220,4116,0.10727281868457794
41230,4117,0.1929830014705658
41240,4118,0.04098058119416237
41250,4119,0.04073597490787506
41260,4120,0.09437616169452667
41270,4121,0.037928566336631775
41280,4122,0.15505892038345337
41290,4123,0.16211150586605072
41300,4124,0.18252453207969666
41310,4125,0.036607980728149414
41320,4126,0.11306343227624893
41330,4127,0.0966581329703331
41340,4128,0.04476882889866829
41350,4129,0.08343365043401718
41360,4130,0.11447227001190186
41370,4131,0.05141504853963852
41380,4132,0.10879404097795486
41390,4133,0.054305728524923325
41400,4134,0.11329501867294312
41410,4135,0.01747145876288414
41420,4136,0.04358731582760811
41430,4137,0.09503540396690369
41440,4138,0.19283081591129303
41450,4139,0.04041285440325737
41460,4140,0.0618659146130085
41470,4141,0.11391038447618484
41480,4142,0.09737854450941086
41490,4143,0.08146567642688751
41500,4144,0.03672165796160698
41510,4145,0.04988120496273041
41520,4146,0.1252191662788391
41530,4147,0.08124257624149323
41540,4148,0.14185509085655212
41550,4149,0.17977426946163177
41560,4150,0.05641769617795944
41570,4151,0.13208337128162384
41580,4152,0.19458690285682678
41590,4153,0.17351149022579193
41600,4154,0.17777913808822632
41610,4155,0.13563524186611176
41620,4156,0.048122942447662354
41630,4157,0.011693265289068222
41640,4158,0.05436389520764351
41650,4159,0.033492058515548706
41660,4160,0.24430707097053528
41670,4161,0.12634596228599548
41680,4162,0.13742505013942719
41690,4163,0.1405031383037567
41700,4164,0.06568663567304611
41710,4165,0.10897918790578842
41720,4166,0.10768503695726395
41730,4167,0.12010151147842407
41740,4168,0.06326012313365936
41750,4169,0.08448965847492218
41760,4170,0.18808560073375702
41770,4171,0.13531209528446198
41780,4172,0.05819273740053177
41790,4173,0.09461258351802826
41800,4174,0.1151171326637268
41810,4175,0.012774123810231686
41820,4176,0.07080114632844925
41830,4177,0.09104123711585999
41840,4178,0.1428815722465515
41850,4179,0.11141486465930939
41860,4180,0.024436844512820244
41870,4181,0.049937739968299866
41880,4182,0.0869150459766388
41890,4183,0.0549781359732151
41900,4184,0.2448141723871231
41910,4185,0.060434628278017044
41920,4186,0.15847603976726532
41930,4187,0.0736316591501236
41940,4188,0.2732661962509155
41950,4189,0.11267537623643875
41960,4190,0.1408800184726715
41970,4191,0.07314056158065796
41980,4192,0.1477120965719223
41990,4193,0.20135733485221863
42000,4194,0.05739471688866615
42010,4195,0.14918674528598785
42020,4196,0.05954534560441971
42030,4197,0.041971780359745026
42040,4198,0.13260304927825928
42050,4199,0.15341730415821075
42060,4200,0.19515736401081085
42070,4201,0.11579211801290512
42080,4202,0.1087070181965828
42090,4203,0.16402627527713776
42100,4204,0.09392897039651871
42110,4205,0.06293720006942749
42120,4206,0.07639432698488235
42130,4207,0.11215449869632721
42140,4208,0.07714485377073288
42150,4209,0.044552985578775406
42160,4210,0.08460680395364761
42170,4211,0.04536056891083717
42180,4212,0.06864158064126968
42190,4213,0.11383198946714401
42200,4214,0.06229427084326744
42210,4215,0.25556376576423645
42220,4216,0.16388127207756042
42230,4217,0.022298093885183334
42240,4218,0.12545892596244812
42250,4219,0.050673164427280426
42260,4220,0.08187522739171982
42270,4221,0.12171410024166107
42280,4222,0.09448051452636719
42290,4223,0.15813811123371124
42300,4224,0.14750823378562927
42310,4225,0.2678733468055725
42320,4226,0.1552552878856659
42330,4227,0.09648352861404419
42340,4228,0.04960929602384567
42350,4229,0.046175453811883926
42360,4230,0.11356090009212494
42370,4231,0.014051133766770363
42380,4232,0.2141151875257492
42390,4233,0.07273043692111969
42400,4234,0.068930983543396
42410,4235,0.06114431470632553
42420,4236,0.02786617912352085
42430,4237,0.1165163591504097
42440,4238,0.2853088080883026
42450,4239,0.027953162789344788
42460,4240,0.0891931802034378
42470,4241,0.01317019946873188
42480,4242,0.052871327847242355
42490,4243,0.09580455720424652
42500,4244,0.03546017035841942
42510,4245,0.14959223568439484
42520,4246,0.022649966180324554
42530,4247,0.17624995112419128
42540,4248,0.027127202600240707
42550,4249,0.05402897670865059
42560,4250,0.18454071879386902
42570,4251,0.03982636705040932
42580,4252,0.10306091606616974
42590,4253,0.09145720303058624
42600,4254,0.0672454759478569
42610,4255,0.10757922381162643
42620,4256,0.1393052637577057
42630,4257,0.16012784838676453
42640,4258,0.0918542742729187
42650,4259,0.044852353632450104
42660,4260,0.16941066086292267
42670,4261,0.0038547769654542208
42680,4262,0.137981116771698
42690,4263,0.14207106828689575
42700,4264,0.1443987637758255
42710,4265,0.10503546893596649
42720,4266,0.19962839782238007
42730,4267,0.034459102898836136
42740,4268,0.05516499653458595
42750,4269,0.2017970085144043
42760,4270,0.04201796278357506
42770,4271,0.04706764221191406
42780,4272,0.0425090417265892
42790,4273,0.04876580461859703
42800,4274,0.06896859407424927
42810,4275,0.010489986278116703
42820,4276,0.006255298852920532
42830,4277,0.030380796641111374
42840,4278,0.03373505920171738
42850,4279,0.13143572211265564
42860,4280,0.06573837250471115
42870,4281,0.16132967174053192
42880,4282,0.056111011654138565
42890,4283,0.105819471180439
42900,4284,0.11449766904115677
42910,4285,0.012706626206636429
42920,4286,0.04522614926099777
42930,4287,0.0890735313296318
42940,4288,0.16469542682170868
42950,4289,0.1073654368519783
42960,4290,0.11427805572748184
42970,4291,0.16793015599250793
42980,4292,0.08032064884901047
42990,4293,0.05242389440536499
43000,4294,0.096229188144207
43010,4295,0.1569577157497406
43020,4296,0.12627902626991272
43030,4297,0.16656804084777832
43040,4298,0.02709166705608368
43050,4299,0.038818828761577606
43060,4300,0.07746220380067825
43070,4301,0.11774729192256927
43080,4302,0.04416058585047722
43090,4303,0.10016150027513504
43100,4304,0.06322802603244781
43110,4305,0.08264899253845215
43120,4306,0.040979716926813126
43130,4307,0.08998044580221176
43140,4308,0.022103631868958473
43150,4309,0.023994650691747665
43160,4310,0.027867045253515244
43170,4311,0.0002549885830376297
43180,4312,0.09279537200927734
43190,4313,0.2093203365802765
43200,4314,0.23091548681259155
43210,4315,0.12967951595783234
43220,4316,0.12918932735919952
43230,4317,0.230007141828537
43240,4318,0.22961649298667908
43250,4319,0.037577979266643524
43260,4320,0.21886272728443146
43270,4321,0.2983934283256531
43280,4322,0.06357142329216003
43290,4323,0.12366143614053726
43300,4324,0.0949796512722969
43310,4325,0.05793837830424309
43320,4326,0.043393876403570175
43330,4327,0.03167935833334923
43340,4328,0.1421341449022293
43350,4329,0.07977958023548126
43360,4330,0.10846256464719772
43370,4331,0.03209676966071129
43380,4332,0.09534494578838348
43390,4333,0.08182263374328613
43400,4334,0.0879933089017868
43410,4335,0.049288611859083176
43420,4336,0.07742176204919815
43430,4337,0.1790008544921875
43440,4338,0.06784156709909439
43450,4339,0.09178630262613297
43460,4340,0.08501315116882324
43470,4341,0.12886330485343933
43480,4342,0.0725429505109787
43490,4343,0.09991912543773651
43500,4344,0.0517934113740921
43510,4345,0.01675114594399929
43520,4346,0.0541742742061615
43530,4347,0.07339412719011307
43540,4348,0.2652800381183624
43550,4349,0.04056445509195328
43560,4350,0.11718054115772247
43570,4351,0.036441776901483536
43580,4352,0.18873970210552216
43590,4353,0.12023773044347763
43600,4354,0.02957802824676037
43610,4355,0.2160053253173828
43620,4356,0.06619912385940552
43630,4357,0.050931572914123535
43640,4358,0.07208897918462753
43650,4359,0.1996142715215683
43660,4360,0.10702824592590332
43670,4361,0.16299943625926971
43680,4362,0.1116187646985054
43690,4363,0.15107575058937073
43700,4364,0.006765239872038364
43710,4365,0.05330919101834297
43720,4366,0.08321858942508698
43730,4367,0.15500915050506592
43740,4368,0.1269555389881134
43750,4369,0.06446313112974167
43760,4370,0.09631354361772537
43770,4371,0.06719207763671875
43780,4372,0.06502579152584076
43790,4373,0.19691988825798035
43800,4374,0.06629933416843414
43810,4375,0.09258140623569489
43820,4376,0.06948385387659073
43830,4377,0.07509032636880875
43840,4378,0.057653725147247314
43850,4379,0.02460602857172489
43860,4380,0.03376052901148796
43870,4381,0.05767683684825897
43880,4382,0.1043558269739151
43890,4383,0.0420554094016552
43900,4384,0.11434285342693329
43910,4385,0.13465243577957153
43920,4386,0.10704541951417923
43930,4387,0.04271959885954857
43940,4388,0.1201765313744545
43950,4389,0.12217829376459122
43960,4390,0.02512340620160103
43970,4391,0.12530477344989777
43980,4392,0.08533409982919693
43990,4393,0.061698976904153824
44000,4394,0.0551580935716629
44010,4395,0.12833285331726074
44020,4396,0.14910250902175903
44030,4397,0.07760404795408249
44040,4398,0.06716112047433853
44050,4399,0.06564952433109283
44060,4400,0.04532500356435776
44070,4401,0.05069655925035477
44080,4402,0.06828351318836212
44090,4403,0.045738641172647476
44100,4404,0.07598550617694855
44110,4405,0.04630228877067566
44120,4406,0.044412896037101746
44130,4407,0.053819719702005386
44140,4408,0.14543767273426056
44150,4409,0.1975255161523819
44160,4410,0.03451857343316078
44170,4411,0.03441943600773811
44180,4412,0.18901927769184113
44190,4413,0.09075699746608734
44200,4414,0.0926947295665741
44210,4415,0.025661155581474304
44220,4416,0.09891072660684586
44230,4417,0.0530613474547863
44240,4418,0.2589477300643921
44250,4419,0.046270813792943954
44260,4420,0.03983782231807709
44270,4421,0.18013142049312592
44280,4422,0.16161185503005981
44290,4423,0.04536999389529228
44300,4424,0.14511343836784363
44310,4425,0.0822220891714096
44320,4426,0.05509316176176071
44330,4427,0.06790455430746078
44340,4428,0.03748717159032822
44350,4429,0.13562972843647003
44360,4430,0.335976243019104
44370,4431,0.04694239795207977
44380,4432,0.2305951863527298
44390,4433,0.1222359761595726
44400,4434,0.20093898475170135
44410,4435,0.07432438433170319
44420,4436,0.14700108766555786
44430,4437,0.17532476782798767
44440,4438,0.09349620342254639
44450,4439,0.04150252789258957
44460,4440,0.0913596972823143
44470,4441,0.0960804671049118
44480,4442,0.09169663488864899
44490,4443,0.02704630047082901
44500,4444,0.07015655934810638
44510,4445,0.12793008983135223
44520,4446,0.0229265745729208
44530,4447,0.11631888151168823
44540,4448,0.03480854257941246
44550,4449,0.056492917239665985
44560,4450,0.11831064522266388
44570,4451,0.1079895868897438
44580,4452,0.020133908838033676
44590,4453,0.20234836637973785
44600,4454,0.07658017426729202
44610,4455,0.11393656581640244
44620,4456,0.08986520022153854
44630,4457,0.07583755254745483
44640,4458,0.055162303149700165
44650,4459,0.03171525523066521
44660,4460,0.018269402906298637
44670,4461,0.059064071625471115
44680,4462,0.07707559317350388
44690,4463,0.10321588069200516
44700,4464,0.036050863564014435
44710,4465,0.019881779327988625
44720,4466,0.06618919968605042
44730,4467,0.08294520527124405
44740,4468,0.06112281233072281
44750,4469,0.08093678951263428
44760,4470,0.08256372809410095
44770,4471,0.18089434504508972
44780,4472,0.072014719247818
44790,4473,0.030815336853265762
44800,4474,0.03132699057459831
44810,4475,0.03163756802678108
44820,4476,0.1610115021467209
44830,4477,0.003468015231192112
44840,4478,0.11361546069383621
44850,4479,0.09420380741357803
44860,4480,0.08477857708930969
44870,4481,0.1399126499891281
44880,4482,0.020895518362522125
44890,4483,0.023853588849306107
44900,4484,0.15495730936527252
44910,4485,0.02761860378086567
44920,4486,0.0021107071079313755
44930,4487,0.08266833424568176
44940,4488,0.3907011151313782
44950,4489,0.11121053248643875
44960,4490,0.129352867603302
44970,4491,0.17212103307247162
44980,4492,0.2003118395805359
44990,4493,0.03130755573511124
45000,4494,0.09036965668201447
45010,4495,0.008113542571663857
45020,4496,0.23771031200885773
45030,4497,0.07682105153799057
45040,4498,0.1527351289987564
45050,4499,0.06887826323509216
45060,4500,0.16827058792114258
45070,4501,0.05802608281373978
45080,4502,0.06654572486877441
45090,4503,0.05184539034962654
45100,4504,0.10850486159324646
45110,4505,0.1839378923177719
45120,4506,0.01647206023335457
45130,4507,0.11992324143648148
45140,4508,0.10613496601581573
45150,4509,0.10290506482124329
45160,4510,0.006613452918827534
45170,4511,0.07870079576969147
45180,4512,0.03163779154419899
45190,4513,0.1222875565290451
45200,4514,0.07651719450950623
45210,4515,0.12568356096744537
45220,4516,0.2453317940235138
45230,4517,0.12866690754890442
45240,4518,0.04753294587135315
45250,4519,0.06685338169336319
45260,4520,0.0771990492939949
45270,4521,0.0564999021589756
45280,4522,0.059015121310949326
45290,4523,0.11646057665348053
45300,4524,0.10772720724344254
45310,4525,0.042023058980703354
45320,4526,0.13851165771484375
45330,4527,0.0584476962685585
45340,4528,0.10671982169151306
45350,4529,0.09097053110599518
45360,4530,0.151216521859169
45370,4531,0.055223919451236725
45380,4532,0.05637284740805626
45390,4533,0.06023078039288521
45400,4534,0.04508176073431969
45410,4535,0.09206753969192505
45420,4536,0.12391801178455353
45430,4537,0.25345921516418457
45440,4538,0.16162697970867157
45450,4539,0.15860088169574738
45460,4540,0.02927202545106411
45470,4541,0.0830579325556755
45480,4542,0.18380795419216156
45490,4543,0.06659985333681107
45500,4544,0.09551212191581726
45510,4545,0.16488903760910034
45520,4546,0.07645155489444733
45530,4547,0.09012847393751144
45540,4548,0.13850374519824982
45550,4549,0.05500924959778786
45560,4550,0.041218072175979614
45570,4551,0.12485567480325699
45580,4552,0.07688195258378983
45590,4553,0.07062038034200668
45600,4554,0.11202578246593475
45610,4555,0.10824569314718246
45620,4556,0.01210082322359085
45630,4557,0.03817017748951912
45640,4558,0.1473831832408905
45650,4559,0.15296907722949982
45660,4560,0.09589206427335739
45670,4561,0.0050583649426698685
45680,4562,0.1702890545129776
45690,4563,0.019611654803156853
45700,4564,0.00503113167360425
45710,4565,0.2815227806568146
45720,4566,0.035308703780174255
45730,4567,0.18546976149082184
45740,4568,0.1101958230137825
45750,4569,0.1499297320842743
45760,4570,0.14585283398628235
45770,4571,0.11798535287380219
45780,4572,0.1058882474899292
45790,4573,0.10144217312335968
45800,4574,0.09947069734334946
45810,4575,0.23613615334033966
45820,4576,0.10605155676603317
45830,4577,0.16305309534072876
45840,4578,0.10023364424705505
45850,4579,0.11627056449651718
45860,4580,0.08531166613101959
45870,4581,0.08278201520442963
45880,4582,0.151062473654747
45890,4583,0.07122407853603363
45900,4584,0.08484211564064026
45910,4585,0.10531043261289597
45920,4586,0.0267979446798563
45930,4587,0.06303402036428452
45940,4588,0.07380560040473938
45950,4589,0.059724703431129456
45960,4590,0.11165127158164978
45970,4591,0.03295498713850975
45980,4592,0.1122155487537384
45990,4593,0.030438298359513283
46000,4594,0.08741821348667145
46010,4595,0.0358109325170517
46020,4596,0.14743933081626892
46030,4597,0.09106303006410599
46040,4598,0.07242545485496521
46050,4599,0.11106851696968079
46060,4600,0.10191498696804047
46070,4601,0.17116431891918182
46080,4602,0.03827749565243721
46090,4603,0.07695712149143219
46100,4604,0.104882150888443
46110,4605,0.0988645851612091
46120,4606,0.14065922796726227
46130,4607,0.1250094771385193
46140,4608,0.14655831456184387
46150,4609,0.04140324890613556
46160,4610,0.13349302113056183
46170,4611,0.03326748311519623
46180,4612,0.025073062628507614
46190,4613,0.02606136165559292
46200,4614,0.12644678354263306
46210,4615,0.04999140650033951
46220,4616,0.08079829812049866
46230,4617,0.020132793113589287
46240,4618,0.07303378731012344
46250,4619,0.15274618566036224
46260,4620,0.020344186574220657
46270,4621,0.018758784979581833
46280,4622,0.1461992859840393
46290,4623,0.06980662047863007
46300,4624,0.03853216767311096
46310,4625,0.06860139966011047
46320,4626,0.16311942040920258
46330,4627,0.15737919509410858
46340,4628,0.09732230007648468
46350,4629,0.0855155661702156
46360,4630,0.13722684979438782
46370,4631,0.05782010406255722
46380,4632,0.04565338417887688
46390,4633,0.043296992778778076
46400,4634,0.10367618501186371
46410,4635,0.11355520784854889
46420,4636,0.02876483090221882
46430,4637,0.046994198113679886
46440,4638,0.051906220614910126
46450,4639,0.14202278852462769
46460,4640,0.12862089276313782
46470,4641,0.06153801083564758
46480,4642,0.21802426874637604
46490,4643,0.07302182912826538
46500,4644,0.0694950670003891
46510,4645,0.10581116378307343
46520,4646,0.010399376042187214
46530,4647,0.07174138724803925
46540,4648,0.11752656102180481
46550,4649,0.16915932297706604
46560,4650,0.12641564011573792
46570,4651,0.045134395360946655
46580,4652,0.09731647372245789
46590,4653,0.07545521855354309
46600,4654,0.0916457250714302
46610,4655,0.16073402762413025
46620,4656,0.09575672447681427
46630,4657,0.03857250139117241
46640,4658,0.09174844622612
46650,4659,0.09040456265211105
46660,4660,0.06400293111801147
46670,4661,0.053186651319265366
46680,4662,0.25004109740257263
46690,4663,0.052817679941654205
46700,4664,0.08880489319562912
46710,4665,0.163413405418396
46720,4666,0.07998666912317276
46730,4667,0.0999339371919632
46740,4668,0.14220814406871796
46750,4669,0.08655896782875061
46760,4670,0.1372426599264145
46770,4671,0.1956007033586502
46780,4672,0.1517786979675293
46790,4673,0.21074704825878143
46800,4674,0.1422833502292633
46810,4675,0.08217160403728485
46820,4676,0.19600962102413177
46830,4677,0.12295250594615936
46840,4678,0.1927788108587265
46850,4679,0.09089624881744385
46860,4680,0.04990053176879883
46870,4681,0.13527703285217285
46880,4682,0.09246553480625153
46890,4683,0.09805126488208771
46900,4684,0.20762866735458374
46910,4685,0.1714727282524109
46920,4686,0.04576636478304863
46930,4687,0.13771986961364746
46940,4688,0.1148558109998703
46950,4689,0.15088465809822083
46960,4690,0.14362846314907074
46970,4691,0.057024698704481125
46980,4692,0.011668278835713863
46990,4693,0.027815839275717735
47000,4694,0.14533430337905884
47010,4695,0.02399432472884655
47020,4696,0.051393184810876846
47030,4697,0.1469220072031021
47040,4698,0.16677622497081757
47050,4699,0.035266272723674774
47060,4700,0.16694730520248413
47070,4701,0.02471480332314968
47080,4702,0.17636486887931824
47090,4703,0.07874691486358643
47100,4704,0.08272422105073929
47110,4705,0.054836004972457886
47120,4706,0.16053128242492676
47130,4707,0.1371457725763321
47140,4708,0.09918452054262161
47150,4709,0.01534910500049591
47160,4710,0.10894530266523361
47170,4711,0.1579989492893219
47180,4712,0.12752842903137207
47190,4713,0.17395420372486115
47200,4714,0.0536060705780983
47210,4715,0.06195937097072601
47220,4716,0.0907149389386177
47230,4717,0.10360970348119736
47240,4718,0.02661183848977089
47250,4719,0.06604669243097305
47260,4720,0.062312789261341095
47270,4721,0.13861356675624847
47280,4722,0.03364178165793419
47290,4723,0.10820600390434265
47300,4724,0.09084409475326538
47310,4725,0.0715545192360878
47320,4726,0.13705924153327942
47330,4727,0.44836995005607605
47340,4728,0.07015778124332428
47350,4729,0.11123593151569366
47360,4730,0.1801101267337799
47370,4731,0.07652600854635239
47380,4732,0.10063996911048889
47390,4733,0.1384717971086502
47400,4734,0.059888917952775955
47410,4735,0.026292264461517334
47420,4736,0.12098699808120728
47430,4737,0.1645922064781189
47440,4738,0.11049393564462662
47450,4739,0.09501663595438004
47460,4740,0.20567026734352112
47470,4741,0.086796835064888
47480,4742,0.06173291057348251
47490,4743,0.03338995575904846
47500,4744,0.15448588132858276
47510,4745,0.18370658159255981
47520,4746,0.12528260052204132
47530,4747,0.026267265900969505
47540,4748,0.1667627990245819
47550,4749,0.028786277398467064
47560,4750,0.11998716741800308
47570,4751,0.12718912959098816
47580,4752,0.019475748762488365
47590,4753,0.049555983394384384
47600,4754,0.05600445717573166
47610,4755,0.055719006806612015
47620,4756,0.05577261745929718
47630,4757,0.044301588088274
47640,4758,0.01742280274629593
47650,4759,0.034930747002363205
47660,4760,0.16126832365989685
47670,4761,0.12399058043956757
47680,4762,0.025418682023882866
47690,4763,0.0465170182287693
47700,4764,0.09351320564746857
47710,4765,0.04261526092886925
47720,4766,0.018428515642881393
47730,4767,0.026168586686253548
47740,4768,0.05561874061822891
47750,4769,0.10251659899950027
47760,4770,0.01996653713285923
47770,4771,0.002818512264639139
47780,4772,0.057737383991479874
47790,4773,0.0700930505990982
47800,4774,0.13054843246936798
47810,4775,0.07666723430156708
47820,4776,0.03933749720454216
47830,4777,0.0964033454656601
47840,4778,0.06956968456506729
47850,4779,0.07474462687969208
47860,4780,0.00835215114057064
47870,4781,0.02128477767109871
47880,4782,0.01648890972137451
47890,4783,0.0747891291975975
47900,4784,0.17264938354492188
47910,4785,0.20154570043087006
47920,4786,0.04640720784664154
47930,4787,0.046322550624608994
47940,4788,0.18889576196670532
47950,4789,0.027218783274292946
47960,4790,0.10078433901071548
47970,4791,0.016460802406072617
47980,4792,0.07382353395223618
47990,4793,0.01985062099993229
48000,4794,0.18985526263713837
48010,4795,0.06185740604996681
48020,4796,0.02526971511542797
48030,4797,0.0485655851662159
48040,4798,0.10371877253055573
48050,4799,0.017111852765083313
48060,4800,0.15049374103546143
48070,4801,0.12195077538490295
48080,4802,0.026647908613085747
48090,4803,0.07644491642713547
48100,4804,0.10504252463579178
48110,4805,0.16500967741012573
48120,4806,0.13771948218345642
48130,4807,0.06823704391717911
48140,4808,0.02699791081249714
48150,4809,0.0013373824767768383
48160,4810,0.019953299313783646
48170,4811,0.053880997002124786
48180,4812,0.12914368510246277
48190,4813,0.12211009114980698
48200,4814,0.07052517682313919
48210,4815,0.03591553121805191
48220,4816,0.050501953810453415
48230,4817,0.015876207500696182
48240,4818,0.060201868414878845
48250,4819,0.13829344511032104
48260,4820,0.024007000029087067
48270,4821,0.0352848544716835
48280,4822,0.056211598217487335
48290,4823,0.04363193362951279
48300,4824,0.07127697765827179
48310,4825,0.12925302982330322
48320,4826,0.10710251331329346
48330,4827,0.14794591069221497
48340,4828,0.03322381526231766
48350,4829,0.08854969590902328
48360,4830,0.047138314694166183
48370,4831,0.17616881430149078
48380,4832,0.033785998821258545
48390,4833,0.10082932561635971
48400,4834,0.10495660454034805
48410,4835,0.1282769739627838
48420,4836,0.04242604225873947
48430,4837,0.19556379318237305
48440,4838,0.12340067327022552
48450,4839,0.24467960000038147
48460,4840,0.029935648664832115
48470,4841,0.060441549867391586
48480,4842,0.016163701191544533
48490,4843,0.12458346784114838
48500,4844,0.11703423410654068
48510,4845,0.04164709523320198
48520,4846,0.08078435808420181
48530,4847,0.03982299193739891
48540,4848,0.06493007391691208
48550,4849,0.041122809052467346
48560,4850,0.2928469181060791
48570,4851,0.05334300920367241
48580,4852,0.06668923795223236
48590,4853,0.09991524368524551
48600,4854,0.12700901925563812
48610,4855,0.1440960019826889
48620,4856,0.053252775222063065
48630,4857,0.22969695925712585
48640,4858,0.04759937524795532
48650,4859,0.12054727971553802
48660,4860,0.03865387663245201
48670,4861,0.07821483165025711
48680,4862,0.06723098456859589
48690,4863,0.10029834508895874
48700,4864,0.041647572070360184
48710,4865,0.1106504499912262
48720,4866,0.055530596524477005
48730,4867,0.09012355655431747
48740,4868,0.020796697586774826
48750,4869,0.025661751627922058
48760,4870,0.05980360507965088
48770,4871,0.09832771122455597
48780,4872,0.03383144363760948
48790,4873,0.0077164932154119015
48800,4874,0.0005299907061271369
48810,4875,0.024332426488399506
48820,4876,0.11177554726600647
48830,4877,0.10268540680408478
48840,4878,0.028554894030094147
48850,4879,0.19522888958454132
48860,4880,0.1302758902311325
48870,4881,0.049415815621614456
48880,4882,0.05640774965286255
48890,4883,0.043614163994789124
48900,4884,0.02570234052836895
48910,4885,0.023212894797325134
48920,4886,0.05306108668446541
48930,4887,0.3373439311981201
48940,4888,0.13846644759178162
48950,4889,0.050983235239982605
48960,4890,0.1852932870388031
48970,4891,0.027165712788701057
48980,4892,0.04548957571387291
48990,4893,0.0714273601770401
49000,4894,0.050986990332603455
49010,4895,0.07942184805870056
49020,4896,0.11455527693033218
49030,4897,0.12640438973903656
49040,4898,0.07464699447154999
49050,4899,0.06435839086771011
49060,4900,0.26712167263031006
49070,4901,0.04991099238395691
49080,4902,0.14025864005088806
49090,4903,0.03938751295208931
49100,4904,0.09386861324310303
49110,4905,0.14283810555934906
49120,4906,0.081632599234581
49130,4907,0.040775783360004425
49140,4908,0.08882115036249161
49150,4909,0.11174215376377106
49160,4910,0.1014564037322998
49170,4911,0.13892598450183868
49180,4912,0.052531614899635315
49190,4913,0.11943019926548004
49200,4914,0.07027289271354675
49210,4915,0.10255822539329529
49220,4916,0.08081222325563431
49230,4917,0.03015992045402527
49240,4918,0.02124912291765213
49250,4919,0.08005839586257935
49260,4920,0.05493013560771942
49270,4921,0.008592121303081512
49280,4922,0.06762811541557312
49290,4923,0.15877343714237213
49300,4924,0.11578525602817535
49310,4925,0.07143840193748474
49320,4926,0.04858396202325821
49330,4927,0.1695217341184616
49340,4928,0.04961765930056572
49350,4929,0.09859119355678558
49360,4930,0.2678987383842468
49370,4931,0.017209086567163467
49380,4932,0.059994980692863464
49390,4933,0.06697321683168411
49400,4934,0.04922933131456375
49410,4935,0.09632020443677902
49420,4936,0.02510446310043335
49430,4937,0.01648736000061035
49440,4938,0.10500721633434296
49450,4939,0.24797312915325165
49460,4940,0.08528347313404083
49470,4941,0.2417445331811905
49480,4942,0.06438983976840973
49490,4943,0.140167698264122
49500,4944,0.24145293235778809
49510,4945,0.15478147566318512
49520,4946,0.09655481576919556
49530,4947,0.06684024631977081
49540,4948,0.11789599806070328
49550,4949,0.21096813678741455
49560,4950,0.08325368165969849
49570,4951,0.059790272265672684
49580,4952,0.06971890479326248
49590,4953,0.03802528604865074
49600,4954,0.17882931232452393
49610,4955,0.14883388578891754
49620,4956,0.08327750861644745
49630,4957,0.07565774023532867
49640,4958,0.2632814943790436
49650,4959,0.0038896736223250628
49660,4960,0.22754117846488953
49670,4961,0.10433836281299591
49680,4962,0.024257801473140717
49690,4963,0.27628034353256226
49700,4964,0.16085894405841827
49710,4965,0.13055694103240967
49720,4966,0.1531631052494049
49730,4967,0.10991906374692917
49740,4968,0.127102330327034
49750,4969,0.3112124800682068
49760,4970,0.13073763251304626
49770,4971,0.036482419818639755
49780,4972,0.0691540539264679
49790,4973,0.2323102504014969
49800,4974,0.21007785201072693
49810,4975,0.1849556416273117
49820,4976,0.15753614902496338
49830,4977,0.028008289635181427
49840,4978,0.08269564807415009
49850,4979,0.052374035120010376
49860,4980,0.09094396233558655
49870,4981,0.17018039524555206
49880,4982,0.046932924538850784
49890,4983,0.14740946888923645
49900,4984,0.06366803497076035
49910,4985,0.2792699635028839
49920,4986,0.12194035202264786
49930,4987,0.11487479507923126
49940,4988,0.18931260704994202
49950,4989,0.1144639253616333
49960,4990,0.09215480089187622
49970,4991,0.10194168984889984
49980,4992,0.1564885824918747
49990,4993,0.18459033966064453
50000,4994,0.06572830677032471
