environment_step,learning_update,td_loss
70,1,0.01127657014876604
80,2,0.009819366969168186
90,3,0.00024453687365166843
100,4,0.16964080929756165
110,5,0.14748159050941467
120,6,0.04641829803586006
130,7,0.330311119556427
140,8,0.2896639108657837
150,9,0.2784411311149597
160,10,0.3175344467163086
170,11,0.16486676037311554
180,12,0.3443707227706909
190,13,0.08786027133464813
200,14,0.44466632604599
210,15,0.3807133138179779
220,16,0.08731698244810104
230,17,0.17807045578956604
240,18,0.22757968306541443
250,19,0.15987512469291687
260,20,0.17931415140628815
270,21,0.1474820077419281
280,22,0.13319432735443115
290,23,0.21121543645858765
300,24,0.2506537139415741
310,25,0.04779656231403351
320,26,0.16396237909793854
330,27,0.16209611296653748
340,28,0.22345636785030365
350,29,0.03054759092628956
360,30,0.08912313729524612
370,31,0.06766777485609055
380,32,0.12493202835321426
390,33,0.15773433446884155
400,34,0.10992281883955002
410,35,0.19002285599708557
420,36,0.22266139090061188
430,37,0.21869100630283356
440,38,0.18809956312179565
450,39,0.06735676527023315
460,40,0.37049561738967896
470,41,0.1557587832212448
480,42,0.1208236888051033
490,43,0.2101125419139862
500,44,0.13797441124916077
510,45,0.3357224762439728
520,46,0.17216062545776367
530,47,0.17609724402427673
540,48,0.0812360867857933
550,49,0.1335013210773468
560,50,0.21709422767162323
570,51,0.054182227700948715
580,52,0.06033676862716675
590,53,0.12558983266353607
600,54,0.1798754632472992
610,55,0.1269659399986267
620,56,0.15777364373207092
630,57,0.0804375559091568
640,58,0.06556981801986694
650,59,0.043554361909627914
660,60,0.04437921568751335
670,61,0.1636960804462433
680,62,0.24731630086898804
690,63,0.082158662378788
700,64,0.23529988527297974
710,65,0.1265961229801178
720,66,0.15826429426670074
730,67,0.1882396638393402
740,68,0.14482469856739044
750,69,0.10738083720207214
760,70,0.34674200415611267
770,71,0.012454120442271233
780,72,0.045887481421232224
790,73,0.16067464649677277
800,74,0.24117296934127808
810,75,0.09641114622354507
820,76,0.2663441300392151
830,77,0.13096439838409424
840,78,0.35867825150489807
850,79,0.0903753787279129
860,80,0.15528224408626556
870,81,0.2656669318675995
880,82,0.14919711649417877
890,83,0.03746586665511131
900,84,0.28205353021621704
910,85,0.09086227416992188
920,86,0.09728844463825226
930,87,0.04993787780404091
940,88,0.14490297436714172
950,89,0.12110840529203415
960,90,0.09166113287210464
970,91,0.17457640171051025
980,92,0.2521487772464752
990,93,0.15540102124214172
1000,94,0.07165665179491043
1010,95,0.2848474681377411
1020,96,0.07595784217119217
1030,97,0.14259883761405945
1040,98,0.31540682911872864
1050,99,0.08492598682641983
1060,100,0.20986402034759521
1070,101,0.2999529540538788
1080,102,0.08121508359909058
1090,103,0.14994102716445923
1100,104,0.15565645694732666
1110,105,0.0927833840250969
1120,106,0.24542202055454254
1130,107,0.302119642496109
1140,108,0.2880275845527649
1150,109,0.1592501401901245
1160,110,0.2505730986595154
1170,111,0.2067241668701172
1180,112,0.20714181661605835
1190,113,0.15605248510837555
1200,114,0.11096592247486115
1210,115,0.1504248082637787
1220,116,0.14820580184459686
1230,117,0.2513168156147003
1240,118,0.15903092920780182
1250,119,0.11876882612705231
1260,120,0.16742832958698273
1270,121,0.4105840027332306
1280,122,0.10020250082015991
1290,123,0.11785006523132324
1300,124,0.2887953519821167
1310,125,0.17927666008472443
1320,126,0.25368043780326843
1330,127,0.15386079251766205
1340,128,0.18765981495380402
1350,129,0.14423908293247223
1360,130,0.0959853008389473
1370,131,0.2325076460838318
1380,132,0.19564321637153625
1390,133,0.2398996353149414
1400,134,0.16702356934547424
1410,135,0.17319653928279877
1420,136,0.1906324326992035
1430,137,0.2816319465637207
1440,138,0.16968533396720886
1450,139,0.26103654503822327
1460,140,0.21346357464790344
1470,141,0.0921236053109169
1480,142,0.23290786147117615
1490,143,0.06326844543218613
1500,144,0.20169997215270996
1510,145,0.16620981693267822
1520,146,0.2477221041917801
1530,147,0.14751757681369781
1540,148,0.052116017788648605
1550,149,0.09169237315654755
1560,150,0.3768261969089508
1570,151,0.18173560500144958
1580,152,0.17943789064884186
1590,153,0.05332133546471596
1600,154,0.15173298120498657
1610,155,0.13399477303028107
1620,156,0.12599505484104156
1630,157,0.11942897737026215
1640,158,0.15308545529842377
1650,159,0.13982565701007843
1660,160,0.14473968744277954
1670,161,0.02817060984671116
1680,162,0.07710135728120804
1690,163,0.08786498010158539
1700,164,0.1628199815750122
1710,165,0.13222002983093262
1720,166,0.13339997828006744
1730,167,0.10580267012119293
1740,168,0.1599070131778717
1750,169,0.25498390197753906
1760,170,0.200460284948349
1770,171,0.19389554858207703
1780,172,0.2573803961277008
1790,173,0.2783375084400177
1800,174,0.09114398062229156
1810,175,0.11912979185581207
1820,176,0.24882236123085022
1830,177,0.27784278988838196
1840,178,0.16727444529533386
1850,179,0.16372357308864594
1860,180,0.1537674069404602
1870,181,0.2141854465007782
1880,182,0.29152604937553406
1890,183,0.17020627856254578
1900,184,0.2762402892112732
1910,185,0.20943541824817657
1920,186,0.19585074484348297
1930,187,0.07324016094207764
1940,188,0.11100563406944275
1950,189,0.10566959530115128
1960,190,0.4047989249229431
1970,191,0.04868290200829506
1980,192,0.10752878338098526
1990,193,0.15596599876880646
2000,194,0.21308141946792603
2010,195,0.10641799867153168
2020,196,0.07118333131074905
2030,197,0.06388254463672638
2040,198,0.12020056694746017
2050,199,0.08294450491666794
2060,200,0.08445585519075394
2070,201,0.08118359744548798
2080,202,0.12255055457353592
2090,203,0.1914025843143463
2100,204,0.11123944818973541
2110,205,0.14943772554397583
2120,206,0.19706815481185913
2130,207,0.37591466307640076
2140,208,0.28647059202194214
2150,209,0.05304776877164841
2160,210,0.19678224623203278
2170,211,0.14086633920669556
2180,212,0.10745232552289963
2190,213,0.16315962374210358
2200,214,0.06198364123702049
2210,215,0.23837842047214508
2220,216,0.1954510509967804
2230,217,0.04943782463669777
2240,218,0.11870905011892319
2250,219,0.14526289701461792
2260,220,0.1215408518910408
2270,221,0.111061230301857
2280,222,0.21029169857501984
2290,223,0.10565154999494553
2300,224,0.11898162215948105
2310,225,0.17239096760749817
2320,226,0.10424244403839111
2330,227,0.2281239926815033
2340,228,0.10627555102109909
2350,229,0.26509082317352295
2360,230,0.21053531765937805
2370,231,0.1695799082517624
2380,232,0.14677375555038452
2390,233,0.10663533210754395
2400,234,0.06488081812858582
2410,235,0.16014662384986877
2420,236,0.0990692600607872
2430,237,0.4408082962036133
2440,238,0.19608202576637268
2450,239,0.055954623967409134
2460,240,0.20306538045406342
2470,241,0.2543691098690033
2480,242,0.058588698506355286
2490,243,0.12023080885410309
2500,244,0.09559763222932816
2510,245,0.07560236006975174
2520,246,0.19950924813747406
2530,247,0.10220474749803543
2540,248,0.057833749800920486
2550,249,0.20056232810020447
2560,250,0.18474411964416504
2570,251,0.15000322461128235
2580,252,0.09590867906808853
2590,253,0.2330981343984604
2600,254,0.20879821479320526
2610,255,0.1286087930202484
2620,256,0.033465415239334106
2630,257,0.15212973952293396
2640,258,0.11247748136520386
2650,259,0.08420893549919128
2660,260,0.24461935460567474
2670,261,0.29893994331359863
2680,262,0.22193589806556702
2690,263,0.17712800204753876
2700,264,0.19038531184196472
2710,265,0.13261926174163818
2720,266,0.2406000941991806
2730,267,0.11098070442676544
2740,268,0.19736826419830322
2750,269,0.10228250920772552
2760,270,0.05081135779619217
2770,271,0.16161128878593445
2780,272,0.133437842130661
2790,273,0.1568877249956131
2800,274,0.09465492516756058
2810,275,0.08620939403772354
2820,276,0.18350796401500702
2830,277,0.1379149854183197
2840,278,0.4351509213447571
2850,279,0.0951891839504242
2860,280,0.31700146198272705
2870,281,0.3035964369773865
2880,282,0.2777421176433563
2890,283,0.06420537829399109
2900,284,0.05081818997859955
2910,285,0.27627503871917725
2920,286,0.16468685865402222
2930,287,0.18128405511379242
2940,288,0.2237391471862793
2950,289,0.20674625039100647
2960,290,0.16057273745536804
2970,291,0.2380800098180771
2980,292,0.09075590968132019
2990,293,0.12878121435642242
3000,294,0.38988083600997925
3010,295,0.16283167898654938
3020,296,0.06841015070676804
3030,297,0.0758727565407753
3040,298,0.17251597344875336
3050,299,0.13678109645843506
3060,300,0.22550514340400696
3070,301,0.14905893802642822
3080,302,0.08377031981945038
3090,303,0.18503348529338837
3100,304,0.41953855752944946
3110,305,0.17338451743125916
3120,306,0.1057053729891777
3130,307,0.24274154007434845
3140,308,0.23468418419361115
3150,309,0.22885751724243164
3160,310,0.24711036682128906
3170,311,0.06645707786083221
3180,312,0.026331059634685516
3190,313,0.2682649791240692
3200,314,0.09145495295524597
3210,315,0.11180045455694199
3220,316,0.23599906265735626
3230,317,0.12869158387184143
3240,318,0.12074299156665802
3250,319,0.19677869975566864
3260,320,0.17750012874603271
3270,321,0.19261310994625092
3280,322,0.20492702722549438
3290,323,0.09817091375589371
3300,324,0.10871390998363495
3310,325,0.08447335660457611
3320,326,0.10820965468883514
3330,327,0.15020324289798737
3340,328,0.12227264791727066
3350,329,0.2963671088218689
3360,330,0.11199667304754257
3370,331,0.1575751155614853
3380,332,0.14428363740444183
3390,333,0.21854686737060547
3400,334,0.07574084401130676
3410,335,0.3734987676143646
3420,336,0.23868952691555023
3430,337,0.328815221786499
3440,338,0.22482916712760925
3450,339,0.08095498383045197
3460,340,0.16462816298007965
3470,341,0.08317851275205612
3480,342,0.2192913293838501
3490,343,0.08350515365600586
3500,344,0.20067784190177917
3510,345,0.2215501368045807
3520,346,0.18906480073928833
3530,347,0.1900584101676941
3540,348,0.2035234570503235
3550,349,0.21388882398605347
3560,350,0.17771127820014954
3570,351,0.10403886437416077
3580,352,0.3065618872642517
3590,353,0.1299077421426773
3600,354,0.24915143847465515
3610,355,0.23516206443309784
3620,356,0.21833525598049164
3630,357,0.20425106585025787
3640,358,0.03453468531370163
3650,359,0.16076025366783142
3660,360,0.23191586136817932
3670,361,0.1135345995426178
3680,362,0.17682687938213348
3690,363,0.26149165630340576
3700,364,0.1544753611087799
3710,365,0.08120641857385635
3720,366,0.30153003334999084
3730,367,0.1146702840924263
3740,368,0.08197662979364395
3750,369,0.284286767244339
3760,370,0.07752035558223724
3770,371,0.16126605868339539
3780,372,0.16838707029819489
3790,373,0.2628757357597351
3800,374,0.2655438780784607
3810,375,0.11118678748607635
3820,376,0.13519537448883057
3830,377,0.21851500868797302
3840,378,0.25404343008995056
3850,379,0.273095041513443
3860,380,0.15556900203227997
3870,381,0.2989600896835327
3880,382,0.1296941041946411
3890,383,0.15723077952861786
3900,384,0.3264158070087433
3910,385,0.25296661257743835
3920,386,0.10056429356336594
3930,387,0.047968462109565735
3940,388,0.21814145147800446
3950,389,0.20494848489761353
3960,390,0.20445014536380768
3970,391,0.21246680617332458
3980,392,0.043217942118644714
3990,393,0.2782059609889984
4000,394,0.14886341989040375
4010,395,0.21175618469715118
4020,396,0.2868368923664093
4030,397,0.2304690033197403
4040,398,0.2848774790763855
4050,399,0.16194872558116913
4060,400,0.08348716050386429
4070,401,0.13528551161289215
4080,402,0.23062510788440704
4090,403,0.2744401693344116
4100,404,0.15269701182842255
4110,405,0.31453847885131836
4120,406,0.2561037242412567
4130,407,0.1281534880399704
4140,408,0.13065709173679352
4150,409,0.11042565852403641
4160,410,0.1209089607000351
4170,411,0.20439913868904114
4180,412,0.15758401155471802
4190,413,0.19766998291015625
4200,414,0.1774282455444336
4210,415,0.16705092787742615
4220,416,0.10992375761270523
4230,417,0.20787878334522247
4240,418,0.21903091669082642
4250,419,0.0989324301481247
4260,420,0.24449077248573303
4270,421,0.20852509140968323
4280,422,0.047059785574674606
4290,423,0.3379049301147461
4300,424,0.10473908483982086
4310,425,0.15138037502765656
4320,426,0.11702755093574524
4330,427,0.11992232501506805
4340,428,0.21054628491401672
4350,429,0.19171926379203796
4360,430,0.1842867136001587
4370,431,0.08792313933372498
4380,432,0.06176450848579407
4390,433,0.1893933117389679
4400,434,0.053213443607091904
4410,435,0.21458420157432556
4420,436,0.17260462045669556
4430,437,0.1286851167678833
4440,438,0.13769902288913727
4450,439,0.12744766473770142
4460,440,0.31783077120780945
4470,441,0.13739430904388428
4480,442,0.2823611795902252
4490,443,0.06943120062351227
4500,444,0.1510753482580185
4510,445,0.2693602740764618
4520,446,0.21892771124839783
4530,447,0.10220686346292496
4540,448,0.2712542414665222
4550,449,0.0733126774430275
4560,450,0.058558519929647446
4570,451,0.16559036076068878
4580,452,0.18968072533607483
4590,453,0.1919592171907425
4600,454,0.05826620012521744
4610,455,0.15141421556472778
4620,456,0.09852152317762375
4630,457,0.2609083950519562
4640,458,0.0695248544216156
4650,459,0.17833612859249115
4660,460,0.1770048439502716
4670,461,0.11252492666244507
4680,462,0.05724938213825226
4690,463,0.1936492621898651
4700,464,0.286216676235199
4710,465,0.37724602222442627
4720,466,0.19064456224441528
4730,467,0.14023226499557495
4740,468,0.163985937833786
4750,469,0.26126575469970703
4760,470,0.23726871609687805
4770,471,0.12155511975288391
4780,472,0.05532019957900047
4790,473,0.0344877727329731
4800,474,0.11040709912776947
4810,475,0.18123508989810944
4820,476,0.15342949330806732
4830,477,0.1442459523677826
4840,478,0.43040114641189575
4850,479,0.0936380997300148
4860,480,0.21498042345046997
4870,481,0.16127252578735352
4880,482,0.1691947877407074
4890,483,0.04326524958014488
4900,484,0.1312842220067978
4910,485,0.28109627962112427
4920,486,0.15631960332393646
4930,487,0.06492448598146439
4940,488,0.09937197715044022
4950,489,0.1276262253522873
4960,490,0.06013663485646248
4970,491,0.26305872201919556
4980,492,0.11350879073143005
4990,493,0.21424901485443115
5000,494,0.15893782675266266
5010,495,0.21910417079925537
5020,496,0.04602031409740448
5030,497,0.23663535714149475
5040,498,0.1622527837753296
5050,499,0.1389523148536682
5060,500,0.1923934519290924
5070,501,0.14049501717090607
5080,502,0.046059172600507736
5090,503,0.21596907079219818
5100,504,0.2559853494167328
5110,505,0.16406996548175812
5120,506,0.17797963321208954
5130,507,0.14326122403144836
5140,508,0.11028314381837845
5150,509,0.22578901052474976
5160,510,0.07017145305871964
5170,511,0.07616937905550003
5180,512,0.0589209645986557
5190,513,0.2093692272901535
5200,514,0.02572857216000557
5210,515,0.2185356765985489
5220,516,0.09880167990922928
5230,517,0.20694157481193542
5240,518,0.11680778115987778
5250,519,0.36036378145217896
5260,520,0.1950744092464447
5270,521,0.31367748975753784
5280,522,0.33091771602630615
5290,523,0.20163960754871368
5300,524,0.19935813546180725
5310,525,0.17921744287014008
5320,526,0.15416128933429718
5330,527,0.182256817817688
5340,528,0.2525986433029175
5350,529,0.23693761229515076
5360,530,0.205739364027977
5370,531,0.08254518359899521
5380,532,0.022635936737060547
5390,533,0.15915516018867493
5400,534,0.1676935851573944
5410,535,0.1929326057434082
5420,536,0.10081861913204193
5430,537,0.1282622218132019
5440,538,0.16712816059589386
5450,539,0.16885314881801605
5460,540,0.05381493642926216
5470,541,0.07419119030237198
5480,542,0.10572043061256409
5490,543,0.1935344934463501
5500,544,0.21658438444137573
5510,545,0.19300416111946106
5520,546,0.31753620505332947
5530,547,0.1320541799068451
5540,548,0.1711854189634323
5550,549,0.09267409890890121
5560,550,0.1310151219367981
5570,551,0.09467983990907669
5580,552,0.1383901983499527
5590,553,0.3112759292125702
5600,554,0.09331107139587402
5610,555,0.1279604285955429
5620,556,0.134970024228096
5630,557,0.2153508961200714
5640,558,0.13905508816242218
5650,559,0.11711512506008148
5660,560,0.017666278406977654
5670,561,0.16480609774589539
5680,562,0.1594071239233017
5690,563,0.16714788973331451
5700,564,0.18691201508045197
5710,565,0.1265031099319458
5720,566,0.19266477227210999
5730,567,0.07320928573608398
5740,568,0.24948857724666595
5750,569,0.03466577082872391
5760,570,0.1698489785194397
5770,571,0.09082011878490448
5780,572,0.08144479990005493
5790,573,0.2041969746351242
5800,574,0.048678651452064514
5810,575,0.1143641322851181
5820,576,0.062243204563856125
5830,577,0.1919155865907669
5840,578,0.05992626026272774
5850,579,0.21259534358978271
5860,580,0.18102192878723145
5870,581,0.13115030527114868
5880,582,0.23604810237884521
5890,583,0.15845029056072235
5900,584,0.059959959238767624
5910,585,0.24452485144138336
5920,586,0.16860178112983704
5930,587,0.24519062042236328
5940,588,0.33979544043540955
5950,589,0.12846019864082336
5960,590,0.11795486509799957
5970,591,0.16292214393615723
5980,592,0.2293805330991745
5990,593,0.07387328892946243
6000,594,0.08292273432016373
6010,595,0.19818952679634094
6020,596,0.19976285099983215
6030,597,0.138047993183136
6040,598,0.12509337067604065
6050,599,0.09688093513250351
6060,600,0.2577408254146576
6070,601,0.1027604341506958
6080,602,0.07308933883905411
6090,603,0.21556538343429565
6100,604,0.16903752088546753
6110,605,0.2091938555240631
6120,606,0.1879153549671173
6130,607,0.33037227392196655
6140,608,0.2970443665981293
6150,609,0.2040628045797348
6160,610,0.1742830127477646
6170,611,0.28684404492378235
6180,612,0.03327205404639244
6190,613,0.06889881938695908
6200,614,0.20922718942165375
6210,615,0.06046256422996521
6220,616,0.14526797831058502
6230,617,0.13706018030643463
6240,618,0.07252079993486404
6250,619,0.11617885529994965
6260,620,0.15272250771522522
6270,621,0.13743856549263
6280,622,0.05662763863801956
6290,623,0.1523248851299286
6300,624,0.14766381680965424
6310,625,0.2789914906024933
6320,626,0.07220812886953354
6330,627,0.13694006204605103
6340,628,0.22094124555587769
6350,629,0.017762839794158936
6360,630,0.18519055843353271
6370,631,0.2463712990283966
6380,632,0.15327845513820648
6390,633,0.21033351123332977
6400,634,0.14414361119270325
6410,635,0.08479554206132889
6420,636,0.11358840018510818
6430,637,0.17217332124710083
6440,638,0.06426799297332764
6450,639,0.16305957734584808
6460,640,0.08364567905664444
6470,641,0.20731261372566223
6480,642,0.2424737811088562
6490,643,0.19565680623054504
6500,644,0.1273341029882431
6510,645,0.04267486184835434
6520,646,0.12272562831640244
6530,647,0.06479071825742722
6540,648,0.12519915401935577
6550,649,0.1682356595993042
6560,650,0.23059019446372986
6570,651,0.17950071394443512
6580,652,0.24102486670017242
6590,653,0.07710188627243042
6600,654,0.19455073773860931
6610,655,0.17842528223991394
6620,656,0.08680769056081772
6630,657,0.29991835355758667
6640,658,0.05813753604888916
6650,659,0.18144553899765015
6660,660,0.22386765480041504
6670,661,0.1654927283525467
6680,662,0.22736594080924988
6690,663,0.18068814277648926
6700,664,0.19075530767440796
6710,665,0.16098734736442566
6720,666,0.11177060008049011
6730,667,0.27739182114601135
6740,668,0.1809316873550415
6750,669,0.18908677995204926
6760,670,0.11809664964675903
6770,671,0.03513537719845772
6780,672,0.31379154324531555
6790,673,0.08695833384990692
6800,674,0.07606277614831924
6810,675,0.30778002738952637
6820,676,0.3014618456363678
6830,677,0.20684775710105896
6840,678,0.13478949666023254
6850,679,0.22239071130752563
6860,680,0.12539929151535034
6870,681,0.1715201884508133
6880,682,0.10240784287452698
6890,683,0.0973709225654602
6900,684,0.08584959805011749
6910,685,0.01814943552017212
6920,686,0.24464982748031616
6930,687,0.07653236389160156
6940,688,0.20068217813968658
6950,689,0.20124532282352448
6960,690,0.13384661078453064
6970,691,0.15171390771865845
6980,692,0.10116143524646759
6990,693,0.009647547267377377
7000,694,0.21665418148040771
7010,695,0.09431988000869751
7020,696,0.05999375134706497
7030,697,0.22891074419021606
7040,698,0.14294545352458954
7050,699,0.06704854220151901
7060,700,0.18039683997631073
7070,701,0.12403086572885513
7080,702,0.12666600942611694
7090,703,0.1762656420469284
7100,704,0.2704813480377197
7110,705,0.08477050065994263
7120,706,0.10193206369876862
7130,707,0.07328362762928009
7140,708,0.07056558132171631
7150,709,0.06791651993989944
7160,710,0.17359162867069244
7170,711,0.17091992497444153
7180,712,0.11558801680803299
7190,713,0.27273088693618774
7200,714,0.07548291236162186
7210,715,0.18027237057685852
7220,716,0.04565149173140526
7230,717,0.2845829129219055
7240,718,0.1865776777267456
7250,719,0.08268597722053528
7260,720,0.12117613852024078
7270,721,0.06388933956623077
7280,722,0.21415092051029205
7290,723,0.15715855360031128
7300,724,0.04686618596315384
7310,725,0.258506178855896
7320,726,0.09185869991779327
7330,727,0.06848383694887161
7340,728,0.0458039827644825
7350,729,0.06496745347976685
7360,730,0.27584603428840637
7370,731,0.21803949773311615
7380,732,0.08291491866111755
7390,733,0.26710665225982666
7400,734,0.016502218320965767
7410,735,0.18804094195365906
7420,736,0.055883217602968216
7430,737,0.32454854249954224
7440,738,0.06667295098304749
7450,739,0.14258863031864166
7460,740,0.14659374952316284
7470,741,0.24638760089874268
7480,742,0.1544620394706726
7490,743,0.2265184223651886
7500,744,0.12399806827306747
7510,745,0.11088936775922775
7520,746,0.15210331976413727
7530,747,0.13951319456100464
7540,748,0.032427169382572174
7550,749,0.1484830230474472
7560,750,0.04052145406603813
7570,751,0.1543351411819458
7580,752,0.14358055591583252
7590,753,0.17364001274108887
7600,754,0.10929836332798004
7610,755,0.19702473282814026
7620,756,0.147238090634346
7630,757,0.08762624114751816
7640,758,0.18773393332958221
7650,759,0.006586033850908279
7660,760,0.08542150259017944
7670,761,0.055992916226387024
7680,762,0.2001742273569107
7690,763,0.11812010407447815
7700,764,0.30367210507392883
7710,765,0.08368721604347229
7720,766,0.14527471363544464
7730,767,0.09483668953180313
7740,768,0.15783759951591492
7750,769,0.23614582419395447
7760,770,0.11167466640472412
7770,771,0.1394219696521759
7780,772,0.12852458655834198
7790,773,0.10024957358837128
7800,774,0.1817241609096527
7810,775,0.1593059003353119
7820,776,0.19217552244663239
7830,777,0.23462429642677307
7840,778,0.11939457803964615
7850,779,0.4442572593688965
7860,780,0.2009643018245697
7870,781,0.060944680124521255
7880,782,0.058280572295188904
7890,783,0.28514719009399414
7900,784,0.1271524280309677
7910,785,0.07188411802053452
7920,786,0.19369123876094818
7930,787,0.17078597843647003
7940,788,0.27299606800079346
7950,789,0.13778652250766754
7960,790,0.07222136110067368
7970,791,0.13037846982479095
7980,792,0.0659317821264267
7990,793,0.13413457572460175
8000,794,0.24054230749607086
8010,795,0.07262036204338074
8020,796,0.19982965290546417
8030,797,0.12648746371269226
8040,798,0.16342251002788544
8050,799,0.20428329706192017
8060,800,0.12194586545228958
8070,801,0.24032045900821686
8080,802,0.041325878351926804
8090,803,0.07830748707056046
8100,804,0.04458032175898552
8110,805,0.07108477503061295
8120,806,0.18376430869102478
8130,807,0.20401117205619812
8140,808,0.12619648873806
8150,809,0.1041257232427597
8160,810,0.21426238119602203
8170,811,0.18052497506141663
8180,812,0.044234976172447205
8190,813,0.18651659786701202
8200,814,0.14625373482704163
8210,815,0.25703537464141846
8220,816,0.21203620731830597
8230,817,0.11228453367948532
8240,818,0.11552102863788605
8250,819,0.021674685180187225
8260,820,0.02728639543056488
8270,821,0.16419854760169983
8280,822,0.2611236274242401
8290,823,0.1224517747759819
8300,824,0.09761025011539459
8310,825,0.26084837317466736
8320,826,0.13414135575294495
8330,827,0.27481985092163086
8340,828,0.02961476519703865
8350,829,0.1032518818974495
8360,830,0.14737257361412048
8370,831,0.05379577726125717
8380,832,0.21135711669921875
8390,833,0.05037609487771988
8400,834,0.28859958052635193
8410,835,0.12874095141887665
8420,836,0.12820154428482056
8430,837,0.13456597924232483
8440,838,0.06923386454582214
8450,839,0.30671530961990356
8460,840,0.07372138649225235
8470,841,0.1350274682044983
8480,842,0.09125317633152008
8490,843,0.08302772790193558
8500,844,0.16680967807769775
8510,845,0.10813862830400467
8520,846,0.08444099873304367
8530,847,0.13601145148277283
8540,848,0.06678932905197144
8550,849,0.09428565949201584
8560,850,0.10394538938999176
8570,851,0.1657179892063141
8580,852,0.16982117295265198
8590,853,0.1539784073829651
8600,854,0.15302038192749023
8610,855,0.044879455119371414
8620,856,0.23412302136421204
8630,857,0.11026707291603088
8640,858,0.24658715724945068
8650,859,0.10115712136030197
8660,860,0.11755228787660599
8670,861,0.23642466962337494
8680,862,0.16226617991924286
8690,863,0.09482362866401672
8700,864,0.0645306184887886
8710,865,0.08422932028770447
8720,866,0.05751955881714821
8730,867,0.1790044903755188
8740,868,0.145659402012825
8750,869,0.0915353074669838
8760,870,0.22536635398864746
8770,871,0.2713419198989868
8780,872,0.11245613545179367
8790,873,0.22106049954891205
8800,874,0.17243506014347076
8810,875,0.12289249897003174
8820,876,0.2612941861152649
8830,877,0.08461874723434448
8840,878,0.2583218812942505
8850,879,0.04644232243299484
8860,880,0.1590217500925064
8870,881,0.27025529742240906
8880,882,0.08006081730127335
8890,883,0.15780073404312134
8900,884,0.13464508950710297
8910,885,0.0876169204711914
8920,886,0.13355852663516998
8930,887,0.1826552301645279
8940,888,0.21591074764728546
8950,889,0.10735049098730087
8960,890,0.2637932300567627
8970,891,0.12167784571647644
8980,892,0.12010074406862259
8990,893,0.10060648620128632
9000,894,0.2607420086860657
9010,895,0.17967012524604797
9020,896,0.07985329627990723
9030,897,0.32563191652297974
9040,898,0.2155066430568695
9050,899,0.1333530843257904
9060,900,0.10094781219959259
9070,901,0.13111400604248047
9080,902,0.1225958839058876
9090,903,0.12454946339130402
9100,904,0.29661640524864197
9110,905,0.13476690649986267
9120,906,0.17122426629066467
9130,907,0.14481376111507416
9140,908,0.1311855912208557
9150,909,0.26018697023391724
9160,910,0.06849033385515213
9170,911,0.1287415325641632
9180,912,0.16275306046009064
9190,913,0.09743653982877731
9200,914,0.38247570395469666
9210,915,0.28615817427635193
9220,916,0.09663587808609009
9230,917,0.05927279591560364
9240,918,0.20630313456058502
9250,919,0.2270093411207199
9260,920,0.18564966320991516
9270,921,0.28108981251716614
9280,922,0.1293732076883316
9290,923,0.19869835674762726
9300,924,0.03093329444527626
9310,925,0.2538449764251709
9320,926,0.05110299587249756
9330,927,0.23630322515964508
9340,928,0.07241864502429962
9350,929,0.13014358282089233
9360,930,0.053071144968271255
9370,931,0.14338289201259613
9380,932,0.07962796092033386
9390,933,0.0172928087413311
9400,934,0.16238994896411896
9410,935,0.07593362033367157
9420,936,0.07051234692335129
9430,937,0.23259006440639496
9440,938,0.04927406087517738
9450,939,0.013124585151672363
9460,940,0.050909679383039474
9470,941,0.1768464297056198
9480,942,0.1015147939324379
9490,943,0.13232024013996124
9500,944,0.03620366379618645
9510,945,0.06101881340146065
9520,946,0.027651986107230186
9530,947,0.065350241959095
9540,948,0.09872033447027206
9550,949,0.10668976604938507
9560,950,0.15662771463394165
9570,951,0.08711379766464233
9580,952,0.17324835062026978
9590,953,0.08948051929473877
9600,954,0.11359070986509323
9610,955,0.22465404868125916
9620,956,0.17334860563278198
9630,957,0.23016740381717682
9640,958,0.0883684903383255
9650,959,0.16988693177700043
9660,960,0.3877282738685608
9670,961,0.30978238582611084
9680,962,0.07455916702747345
9690,963,0.0754360556602478
9700,964,0.3225787281990051
9710,965,0.17912814021110535
9720,966,0.21598684787750244
9730,967,0.055825188755989075
9740,968,0.11241218447685242
9750,969,0.04980866611003876
9760,970,0.19165624678134918
9770,971,0.07681367546319962
9780,972,0.043033942580223083
9790,973,0.06815822422504425
9800,974,0.1224050521850586
9810,975,0.036762308329343796
9820,976,0.08918624371290207
9830,977,0.05524430423974991
9840,978,0.04139667749404907
9850,979,0.14689753949642181
9860,980,0.19444192945957184
9870,981,0.2890544831752777
9880,982,0.22541432082653046
9890,983,0.17151124775409698
9900,984,0.03813057020306587
9910,985,0.09693589061498642
9920,986,0.05407658591866493
9930,987,0.18609513342380524
9940,988,0.13355490565299988
9950,989,0.15059475600719452
9960,990,0.15598338842391968
9970,991,0.08461283147335052
9980,992,0.1581556797027588
9990,993,0.0368092879652977
10000,994,0.07321418821811676
10010,995,0.2481844425201416
10020,996,0.2842410206794739
10030,997,0.1492825448513031
10040,998,0.039567090570926666
10050,999,0.047367118299007416
10060,1000,0.06210050359368324
10070,1001,0.09053144603967667
10080,1002,0.029186084866523743
10090,1003,0.15602651238441467
10100,1004,0.06227356195449829
10110,1005,0.09695947915315628
10120,1006,0.010148153640329838
10130,1007,0.10467761009931564
10140,1008,0.13193605840206146
10150,1009,0.10919394344091415
10160,1010,0.09203808754682541
10170,1011,0.253377228975296
10180,1012,0.10058856010437012
10190,1013,0.042324747890233994
10200,1014,0.12961342930793762
10210,1015,0.08411912620067596
10220,1016,0.263855904340744
10230,1017,0.08462677896022797
10240,1018,0.15022654831409454
10250,1019,0.4209199845790863
10260,1020,0.16471034288406372
10270,1021,0.09687396138906479
10280,1022,0.1344057023525238
10290,1023,0.058215219527482986
10300,1024,0.06734918057918549
10310,1025,0.17024582624435425
10320,1026,0.0650833249092102
10330,1027,0.24001477658748627
10340,1028,0.5621895790100098
10350,1029,0.07995215803384781
10360,1030,0.1220041960477829
10370,1031,0.1257440447807312
10380,1032,0.11459439247846603
10390,1033,0.15090562403202057
10400,1034,0.16486600041389465
10410,1035,0.0932484045624733
10420,1036,0.24055418372154236
10430,1037,0.15425485372543335
10440,1038,0.14003083109855652
10450,1039,0.12441050261259079
10460,1040,0.014991503208875656
10470,1041,0.11836966872215271
10480,1042,0.2081415355205536
10490,1043,0.03815490007400513
10500,1044,0.0631466805934906
10510,1045,0.08228079229593277
10520,1046,0.059799015522003174
10530,1047,0.021789472550153732
10540,1048,0.17320625483989716
10550,1049,0.17115698754787445
10560,1050,0.23174253106117249
10570,1051,0.18826638162136078
10580,1052,0.041519880294799805
10590,1053,0.05365893244743347
10600,1054,0.23464372754096985
10610,1055,0.13984444737434387
10620,1056,0.05673446133732796
10630,1057,0.05838374048471451
10640,1058,0.04524823650717735
10650,1059,0.18113036453723907
10660,1060,0.17577701807022095
10670,1061,0.10038968175649643
10680,1062,0.045368991792201996
10690,1063,0.022153189405798912
10700,1064,0.14918887615203857
10710,1065,0.057474832981824875
10720,1066,0.13260143995285034
10730,1067,0.07115846872329712
10740,1068,0.08553168177604675
10750,1069,0.3562639355659485
10760,1070,0.1590532809495926
10770,1071,0.09187759459018707
10780,1072,0.10812757909297943
10790,1073,0.10645562410354614
10800,1074,0.14983367919921875
10810,1075,0.09235501289367676
10820,1076,0.11163878440856934
10830,1077,0.05859793722629547
10840,1078,0.1678115427494049
10850,1079,0.11730994284152985
10860,1080,0.12151139229536057
10870,1081,0.11975471675395966
10880,1082,0.1590641587972641
10890,1083,0.13526777923107147
10900,1084,0.23536299169063568
10910,1085,0.16861529648303986
10920,1086,0.2077321708202362
10930,1087,0.12565192580223083
10940,1088,0.025904027745127678
10950,1089,0.06299550831317902
10960,1090,0.03917428478598595
10970,1091,0.11341412365436554
10980,1092,0.1346675455570221
10990,1093,0.03849823400378227
11000,1094,0.02578611858189106
11010,1095,0.14771892130374908
11020,1096,0.065337635576725
11030,1097,0.11148662120103836
11040,1098,0.08841250836849213
11050,1099,0.09581752121448517
11060,1100,0.021649805828928947
11070,1101,0.16044656932353973
11080,1102,0.1571507751941681
11090,1103,0.2344736009836197
11100,1104,0.08601745963096619
11110,1105,0.011836854740977287
11120,1106,0.057231299579143524
11130,1107,0.06123993545770645
11140,1108,0.1305478811264038
11150,1109,0.2545347213745117
11160,1110,0.11704044044017792
11170,1111,0.14851611852645874
11180,1112,0.11452536284923553
11190,1113,0.1803131103515625
11200,1114,0.12069345265626907
11210,1115,0.09775491058826447
11220,1116,0.19765284657478333
11230,1117,0.10646791756153107
11240,1118,0.09444903582334518
11250,1119,0.08774352818727493
11260,1120,0.046958547085523605
11270,1121,0.02647874876856804
11280,1122,0.15487875044345856
11290,1123,0.0890478640794754
11300,1124,0.13840381801128387
11310,1125,0.10940489917993546
11320,1126,0.11323659867048264
11330,1127,0.04803909733891487
11340,1128,0.11809519678354263
11350,1129,0.17017242312431335
11360,1130,0.03781736642122269
11370,1131,0.2250915914773941
11380,1132,0.07033255696296692
11390,1133,0.09337979555130005
11400,1134,0.09737064689397812
11410,1135,0.07878825068473816
11420,1136,0.11027882993221283
11430,1137,0.007832866162061691
11440,1138,0.13326583802700043
11450,1139,0.1006241887807846
11460,1140,0.09200572222471237
11470,1141,0.14792358875274658
11480,1142,0.07409792393445969
11490,1143,0.1346009075641632
11500,1144,0.12077007442712784
11510,1145,0.09032336622476578
11520,1146,0.1245305985212326
11530,1147,0.29731088876724243
11540,1148,0.10864149034023285
11550,1149,0.11490225791931152
11560,1150,0.061322860419750214
11570,1151,0.13010528683662415
11580,1152,0.2945317029953003
11590,1153,0.10095512866973877
11600,1154,0.365046888589859
11610,1155,0.08859558403491974
11620,1156,0.1322316825389862
11630,1157,0.04686911031603813
11640,1158,0.1938125491142273
11650,1159,0.17027616500854492
11660,1160,0.22569303214550018
11670,1161,0.007249381393194199
11680,1162,0.12334549427032471
11690,1163,0.26300373673439026
11700,1164,0.0855797827243805
11710,1165,0.18090981245040894
11720,1166,0.03277242183685303
11730,1167,0.06891529262065887
11740,1168,0.06474290788173676
11750,1169,0.15800641477108002
11760,1170,0.20742928981781006
11770,1171,0.10870568454265594
11780,1172,0.24310879409313202
11790,1173,0.06316415965557098
11800,1174,0.2737964689731598
11810,1175,0.13387851417064667
11820,1176,0.03360746055841446
11830,1177,0.2863839864730835
11840,1178,0.18761982023715973
11850,1179,0.1808931827545166
11860,1180,0.1668640822172165
11870,1181,0.077264703810215
11880,1182,0.0006280483212321997
11890,1183,0.147039994597435
11900,1184,0.1534971296787262
11910,1185,0.20753560960292816
11920,1186,0.13840673863887787
11930,1187,0.18068689107894897
11940,1188,0.04174613952636719
11950,1189,0.09597570449113846
11960,1190,0.1114882156252861
11970,1191,0.2553400695323944
11980,1192,0.130157932639122
11990,1193,0.11493876576423645
12000,1194,0.2721969485282898
12010,1195,0.014443776570260525
12020,1196,0.17309710383415222
12030,1197,0.09651133418083191
12040,1198,0.06116184964776039
12050,1199,0.11822376400232315
12060,1200,0.06880971789360046
12070,1201,0.1177239641547203
12080,1202,0.1808871030807495
12090,1203,0.09150679409503937
12100,1204,0.14876297116279602
12110,1205,0.09422219544649124
12120,1206,0.06459685415029526
12130,1207,0.2969813942909241
12140,1208,0.138527050614357
12150,1209,0.16878846287727356
12160,1210,0.02962728776037693
12170,1211,0.15406934916973114
12180,1212,0.10047302395105362
12190,1213,0.032811012119054794
12200,1214,0.034578610211610794
12210,1215,0.07556977868080139
12220,1216,0.067192442715168
12230,1217,0.1731080412864685
12240,1218,0.17842994630336761
12250,1219,0.11329715698957443
12260,1220,0.15288592875003815
12270,1221,0.036221202462911606
12280,1222,0.1578635424375534
12290,1223,0.23889370262622833
12300,1224,0.15773819386959076
12310,1225,0.07678936421871185
12320,1226,0.11085636913776398
12330,1227,0.19628633558750153
12340,1228,0.12964344024658203
12350,1229,0.07549770176410675
12360,1230,0.16199123859405518
12370,1231,0.09338033199310303
12380,1232,0.20520928502082825
12390,1233,0.04589967057108879
12400,1234,0.07473256438970566
12410,1235,0.04441770538687706
12420,1236,0.21926970779895782
12430,1237,0.20777112245559692
12440,1238,0.0212907362729311
12450,1239,0.11308486759662628
12460,1240,0.012420340441167355
12470,1241,0.10091850161552429
12480,1242,0.11498504132032394
12490,1243,0.07984499633312225
12500,1244,0.14000478386878967
12510,1245,0.052538108080625534
12520,1246,0.08639076352119446
12530,1247,0.09946504235267639
12540,1248,0.06287377327680588
12550,1249,0.052258044481277466
12560,1250,0.2578554153442383
12570,1251,0.22375747561454773
12580,1252,0.2783665060997009
12590,1253,0.11988425254821777
12600,1254,0.1357783079147339
12610,1255,0.23393745720386505
12620,1256,0.12145909667015076
12630,1257,0.12658315896987915
12640,1258,0.15027117729187012
12650,1259,0.023891635239124298
12660,1260,0.15072762966156006
12670,1261,0.03587082028388977
12680,1262,0.2686416506767273
12690,1263,0.06241287291049957
12700,1264,0.060801614075899124
12710,1265,0.05876375362277031
12720,1266,0.2032751441001892
12730,1267,0.1056024581193924
12740,1268,0.09962335973978043
12750,1269,0.1033526360988617
12760,1270,0.08493542671203613
12770,1271,0.05547047406435013
12780,1272,0.1962563693523407
12790,1273,0.09258410334587097
12800,1274,0.12678329646587372
12810,1275,0.16227050125598907
12820,1276,0.004617874976247549
12830,1277,0.11046275496482849
12840,1278,0.13481655716896057
12850,1279,0.13405393064022064
12860,1280,0.08788901567459106
12870,1281,0.11383835226297379
12880,1282,0.1607511341571808
12890,1283,0.26443976163864136
12900,1284,0.1474369466304779
12910,1285,0.22225341200828552
12920,1286,0.048196643590927124
12930,1287,0.2406635731458664
12940,1288,0.05832349509000778
12950,1289,0.1058204248547554
12960,1290,0.17742471396923065
12970,1291,0.08582891523838043
12980,1292,0.0741201862692833
12990,1293,0.2198692113161087
13000,1294,0.16965702176094055
13010,1295,0.11624017357826233
13020,1296,0.059107743203639984
13030,1297,0.022611966356635094
13040,1298,0.07200120389461517
13050,1299,0.04513098672032356
13060,1300,0.10537751764059067
13070,1301,0.08594824373722076
13080,1302,0.14119009673595428
13090,1303,0.06231165677309036
13100,1304,0.13600227236747742
13110,1305,0.08491018414497375
13120,1306,0.12785854935646057
13130,1307,0.07225839793682098
13140,1308,0.11696354299783707
13150,1309,0.024254998192191124
13160,1310,0.18383026123046875
13170,1311,0.13739389181137085
13180,1312,0.06654348224401474
13190,1313,0.11211031675338745
13200,1314,0.1608131229877472
13210,1315,0.05267542228102684
13220,1316,0.17144940793514252
13230,1317,0.12046698480844498
13240,1318,0.13826991617679596
13250,1319,0.13706590235233307
13260,1320,0.10883486270904541
13270,1321,0.1067247986793518
13280,1322,0.04663911461830139
13290,1323,0.08543922007083893
13300,1324,0.1058654859662056
13310,1325,0.1027422845363617
13320,1326,0.10595252364873886
13330,1327,0.1574830859899521
13340,1328,0.22348639369010925
13350,1329,0.1753612756729126
13360,1330,0.15157657861709595
13370,1331,0.0642029270529747
13380,1332,0.14497260749340057
13390,1333,0.1361430287361145
13400,1334,0.1528249830007553
13410,1335,0.08019933849573135
13420,1336,0.2344740927219391
13430,1337,0.10752469301223755
13440,1338,0.11351199448108673
13450,1339,0.07566124200820923
13460,1340,0.09470517933368683
13470,1341,0.0057253665290772915
13480,1342,0.13720090687274933
13490,1343,0.30996912717819214
13500,1344,0.10098962485790253
13510,1345,0.16243316233158112
13520,1346,0.20639842748641968
13530,1347,0.08062145859003067
13540,1348,0.0558890663087368
13550,1349,0.2126259207725525
13560,1350,0.008871401660144329
13570,1351,0.0932937040925026
13580,1352,0.13655364513397217
13590,1353,0.076578788459301
13600,1354,0.06335770338773727
13610,1355,0.21479648351669312
13620,1356,0.1096000000834465
13630,1357,0.2628720700740814
13640,1358,0.4577633738517761
13650,1359,0.07021090388298035
13660,1360,0.23678259551525116
13670,1361,0.08305414021015167
13680,1362,0.10051901638507843
13690,1363,0.1537558138370514
13700,1364,0.14832566678524017
13710,1365,0.1893075406551361
13720,1366,0.05942577123641968
13730,1367,0.20520812273025513
13740,1368,0.08305971324443817
13750,1369,0.04799189046025276
13760,1370,0.06397691369056702
13770,1371,0.05500473454594612
13780,1372,0.12940718233585358
13790,1373,0.06904186308383942
13800,1374,0.1358603537082672
13810,1375,0.15642954409122467
13820,1376,0.06144959107041359
13830,1377,0.07104408740997314
13840,1378,0.017893750220537186
13850,1379,0.19563648104667664
13860,1380,0.12299332022666931
13870,1381,0.14237169921398163
13880,1382,0.07078173756599426
13890,1383,0.11303331702947617
13900,1384,0.12996837496757507
13910,1385,0.07712887972593307
13920,1386,0.013143218122422695
13930,1387,0.06427988409996033
13940,1388,0.11885698139667511
13950,1389,0.02088506519794464
13960,1390,0.10724116116762161
13970,1391,0.21424946188926697
13980,1392,0.10924969613552094
13990,1393,0.04910266026854515
14000,1394,0.13350288569927216
14010,1395,0.036064568907022476
14020,1396,0.13319694995880127
14030,1397,0.06568356603384018
14040,1398,0.34383562207221985
14050,1399,0.11687198281288147
14060,1400,0.1584271639585495
14070,1401,0.0050864433869719505
14080,1402,0.24338111281394958
14090,1403,0.06751489639282227
14100,1404,0.20530381798744202
14110,1405,0.13571612536907196
14120,1406,0.08820752054452896
14130,1407,0.07406394928693771
14140,1408,0.10418404638767242
14150,1409,0.31541985273361206
14160,1410,0.03637717291712761
14170,1411,0.05595404654741287
14180,1412,0.2681308388710022
14190,1413,0.0013848562957718968
14200,1414,0.03723790496587753
14210,1415,0.09198928624391556
14220,1416,0.12619195878505707
14230,1417,0.17821857333183289
14240,1418,0.007859131321310997
14250,1419,0.236236572265625
14260,1420,0.09491300582885742
14270,1421,0.13281279802322388
14280,1422,0.2637651562690735
14290,1423,0.10961391776800156
14300,1424,0.29188674688339233
14310,1425,0.15851926803588867
14320,1426,0.04958384484052658
14330,1427,0.10135947167873383
14340,1428,0.21626681089401245
14350,1429,0.1266387701034546
14360,1430,0.06631913781166077
14370,1431,0.1354544460773468
14380,1432,0.08058163523674011
14390,1433,0.06866540759801865
14400,1434,0.19772203266620636
14410,1435,0.06055860593914986
14420,1436,0.1879553496837616
14430,1437,0.030195586383342743
14440,1438,0.14820751547813416
14450,1439,0.13121198117733002
14460,1440,0.0290592722594738
14470,1441,0.18776211142539978
14480,1442,0.17540118098258972
14490,1443,0.035969242453575134
14500,1444,0.19837430119514465
14510,1445,0.1860896199941635
14520,1446,0.16094622015953064
14530,1447,0.0650205984711647
14540,1448,0.22038471698760986
14550,1449,0.06511290371417999
14560,1450,0.0776912048459053
14570,1451,0.07089552283287048
14580,1452,0.23013430833816528
14590,1453,0.06426803767681122
14600,1454,0.28710925579071045
14610,1455,0.11882024258375168
14620,1456,0.1430550515651703
14630,1457,0.06693786382675171
14640,1458,0.14379258453845978
14650,1459,0.1686876118183136
14660,1460,0.09879721701145172
14670,1461,0.12852977216243744
14680,1462,0.12656939029693604
14690,1463,0.20049448311328888
14700,1464,0.2936347723007202
14710,1465,0.07517273724079132
14720,1466,0.17335930466651917
14730,1467,0.11498325318098068
14740,1468,0.07472080737352371
14750,1469,0.09469297528266907
14760,1470,0.07595209032297134
14770,1471,0.03184891119599342
14780,1472,0.07079385966062546
14790,1473,0.2478422224521637
14800,1474,0.06147458031773567
14810,1475,0.009731152094900608
14820,1476,0.06264340132474899
14830,1477,0.2177644520998001
14840,1478,0.37045761942863464
14850,1479,0.13908283412456512
14860,1480,0.20855911076068878
14870,1481,0.19542697072029114
14880,1482,0.20184940099716187
14890,1483,0.11022819578647614
14900,1484,0.11700163781642914
14910,1485,0.19256439805030823
14920,1486,0.160594642162323
14930,1487,0.136907696723938
14940,1488,0.09487873315811157
14950,1489,0.18199759721755981
14960,1490,0.15176118910312653
14970,1491,0.36672940850257874
14980,1492,0.11306264251470566
14990,1493,0.03931634873151779
15000,1494,0.13879814743995667
15010,1495,0.08550195395946503
15020,1496,0.15675178170204163
15030,1497,0.0956026166677475
15040,1498,0.10686972737312317
15050,1499,0.3202817440032959
15060,1500,0.09123474359512329
15070,1501,0.004489157814532518
15080,1502,0.1529780775308609
15090,1503,0.2987329065799713
15100,1504,0.13983936607837677
15110,1505,0.012527850456535816
15120,1506,0.014548132196068764
15130,1507,0.13374614715576172
15140,1508,0.017342569306492805
15150,1509,0.04844950884580612
15160,1510,0.047174278646707535
15170,1511,0.08779055625200272
15180,1512,0.02403380163013935
15190,1513,0.060859620571136475
15200,1514,0.03235405310988426
15210,1515,0.0580349825322628
15220,1516,0.08007115870714188
15230,1517,0.2526267170906067
15240,1518,0.06658673286437988
15250,1519,0.00034078670432791114
15260,1520,0.18438728153705597
15270,1521,0.06630662083625793
15280,1522,0.09919145703315735
15290,1523,0.11109092831611633
15300,1524,0.07608377188444138
15310,1525,0.14539092779159546
15320,1526,0.06002967804670334
15330,1527,0.05675226449966431
15340,1528,0.15962253510951996
15350,1529,0.3271794319152832
15360,1530,0.3875684142112732
15370,1531,0.20665380358695984
15380,1532,0.029366377741098404
15390,1533,0.14904965460300446
15400,1534,0.18249917030334473
15410,1535,0.17460618913173676
15420,1536,0.2504958510398865
15430,1537,0.11186593770980835
15440,1538,0.18391484022140503
15450,1539,0.0648251473903656
15460,1540,0.02908462844789028
15470,1541,0.06222836673259735
15480,1542,0.134759783744812
15490,1543,0.035988837480545044
15500,1544,0.08954428136348724
15510,1545,0.03792937099933624
15520,1546,0.043153341859579086
15530,1547,0.0747741088271141
15540,1548,0.07644018530845642
15550,1549,0.1280566304922104
15560,1550,0.09827309101819992
15570,1551,0.11979389935731888
15580,1552,0.327292263507843
15590,1553,0.06504618376493454
15600,1554,0.12222883105278015
15610,1555,0.006298729684203863
15620,1556,0.057700686156749725
15630,1557,0.24067384004592896
15640,1558,0.10316465049982071
15650,1559,0.04869956150650978
15660,1560,0.047297365963459015
15670,1561,0.08903707563877106
15680,1562,0.055386681109666824
15690,1563,0.11689697951078415
15700,1564,0.0262773334980011
15710,1565,0.24900685250759125
15720,1566,0.1520446091890335
15730,1567,0.0766320675611496
15740,1568,0.049464911222457886
15750,1569,0.006122988648712635
15760,1570,0.12768901884555817
15770,1571,0.20826323330402374
15780,1572,0.1592320054769516
15790,1573,0.18234162032604218
15800,1574,0.12804467976093292
15810,1575,0.10342483222484589
15820,1576,0.2579481303691864
15830,1577,0.08664051443338394
15840,1578,0.15570738911628723
15850,1579,0.11410447210073471
15860,1580,0.08990343660116196
15870,1581,0.02156878262758255
15880,1582,0.16628211736679077
15890,1583,0.15144862234592438
15900,1584,0.13579168915748596
15910,1585,0.07867246866226196
15920,1586,0.02524392679333687
15930,1587,0.19265639781951904
15940,1588,0.08962950110435486
15950,1589,0.14695432782173157
15960,1590,0.08158755302429199
15970,1591,0.029647231101989746
15980,1592,0.05548610910773277
15990,1593,0.19962039589881897
16000,1594,0.02692769281566143
16010,1595,0.1030445396900177
16020,1596,0.05924241244792938
16030,1597,0.1887781322002411
16040,1598,0.0018023441080003977
16050,1599,0.010179613716900349
16060,1600,0.14302758872509003
16070,1601,0.12824176251888275
16080,1602,0.048571448773145676
16090,1603,0.05036289989948273
16100,1604,0.20910315215587616
16110,1605,0.18308250606060028
16120,1606,0.0910291001200676
16130,1607,0.007373332977294922
16140,1608,0.09087677299976349
16150,1609,0.0414094515144825
16160,1610,0.12616412341594696
16170,1611,0.09577234089374542
16180,1612,0.1583968698978424
16190,1613,0.08394116163253784
16200,1614,0.11209066212177277
16210,1615,0.10561004281044006
16220,1616,0.06696079671382904
16230,1617,0.03255651146173477
16240,1618,0.11149949580430984
16250,1619,0.09403228759765625
16260,1620,0.24247363209724426
16270,1621,0.13766944408416748
16280,1622,0.1957661360502243
16290,1623,0.05090971291065216
16300,1624,0.046017132699489594
16310,1625,0.0966714397072792
16320,1626,0.2971265912055969
16330,1627,0.2408469021320343
16340,1628,0.023823188617825508
16350,1629,0.08112258464097977
16360,1630,0.11753524839878082
16370,1631,0.15975454449653625
16380,1632,0.26356714963912964
16390,1633,0.20030906796455383
16400,1634,0.12724696099758148
16410,1635,0.07803774625062943
16420,1636,0.164332315325737
16430,1637,0.16431531310081482
16440,1638,0.1478574573993683
16450,1639,0.24867016077041626
16460,1640,0.11252006888389587
16470,1641,0.12712430953979492
16480,1642,0.09610031545162201
16490,1643,0.06255991756916046
16500,1644,0.040192872285842896
16510,1645,0.13637392222881317
16520,1646,0.01173018105328083
16530,1647,0.05047944560647011
16540,1648,0.10185497254133224
16550,1649,0.08357366919517517
16560,1650,0.06700896471738815
16570,1651,0.0764428973197937
16580,1652,0.027117086574435234
16590,1653,0.16724276542663574
16600,1654,0.10393611341714859
16610,1655,0.04558366909623146
16620,1656,0.10563109070062637
16630,1657,0.10054661333560944
16640,1658,0.2309458702802658
16650,1659,0.2194768786430359
16660,1660,0.2603166699409485
16670,1661,0.03969357907772064
16680,1662,0.05056677758693695
16690,1663,0.03991013765335083
16700,1664,0.11441391706466675
16710,1665,0.09052078425884247
16720,1666,0.10979638248682022
16730,1667,0.055276185274124146
16740,1668,0.02923349104821682
16750,1669,0.1801716536283493
16760,1670,0.11664959043264389
16770,1671,0.044689908623695374
16780,1672,0.21332859992980957
16790,1673,0.27739500999450684
16800,1674,0.1195693239569664
16810,1675,0.08388175070285797
16820,1676,0.09151031821966171
16830,1677,0.2566375136375427
16840,1678,0.13339832425117493
16850,1679,0.15734072029590607
16860,1680,0.1946428418159485
16870,1681,0.20317989587783813
16880,1682,0.03211381286382675
16890,1683,0.14322102069854736
16900,1684,0.04363879933953285
16910,1685,0.07910695672035217
16920,1686,0.20203016698360443
16930,1687,0.14248165488243103
16940,1688,0.06269800662994385
16950,1689,0.1251663863658905
16960,1690,0.03610292077064514
16970,1691,0.20720942318439484
16980,1692,0.0628785490989685
16990,1693,0.14275509119033813
17000,1694,0.19093918800354004
17010,1695,0.08746018260717392
17020,1696,0.2097494900226593
17030,1697,0.11974792927503586
17040,1698,0.08153051137924194
17050,1699,0.08002679795026779
17060,1700,0.05974375456571579
17070,1701,0.21297401189804077
17080,1702,0.227375790476799
17090,1703,0.17022155225276947
17100,1704,0.18285588920116425
17110,1705,0.13054488599300385
17120,1706,0.12896405160427094
17130,1707,0.059445224702358246
17140,1708,0.37425944209098816
17150,1709,0.24454420804977417
17160,1710,0.04138427600264549
17170,1711,0.047839295119047165
17180,1712,0.06011052429676056
17190,1713,0.10270998626947403
17200,1714,0.3290388584136963
17210,1715,0.2767585813999176
17220,1716,0.12975916266441345
17230,1717,0.12310048192739487
17240,1718,0.014647934585809708
17250,1719,0.20418214797973633
17260,1720,0.10811088979244232
17270,1721,0.13503974676132202
17280,1722,0.12959685921669006
17290,1723,0.20468869805335999
17300,1724,0.04905455559492111
17310,1725,0.05508597940206528
17320,1726,0.14764834940433502
17330,1727,0.10396678745746613
17340,1728,0.056455131620168686
17350,1729,0.15889716148376465
17360,1730,0.05854984372854233
17370,1731,0.01665435917675495
17380,1732,0.04647499695420265
17390,1733,0.20412439107894897
17400,1734,0.2851823568344116
17410,1735,0.09302705526351929
17420,1736,0.12918983399868011
17430,1737,0.06322899460792542
17440,1738,0.027459746226668358
17450,1739,0.03807084262371063
17460,1740,0.07998305559158325
17470,1741,0.11416714638471603
17480,1742,0.1275332123041153
17490,1743,0.2274857759475708
17500,1744,0.17689651250839233
17510,1745,0.22333784401416779
17520,1746,0.08665613830089569
17530,1747,0.13005925714969635
17540,1748,0.05478475242853165
17550,1749,0.16420593857765198
17560,1750,0.08861026167869568
17570,1751,0.02575889229774475
17580,1752,0.08795013278722763
17590,1753,0.06113336235284805
17600,1754,0.08888019621372223
17610,1755,0.10414712876081467
17620,1756,0.14803482592105865
17630,1757,0.25370195508003235
17640,1758,0.09353850036859512
17650,1759,0.08768543601036072
17660,1760,0.117489755153656
17670,1761,0.06996849179267883
17680,1762,0.055508870631456375
17690,1763,0.16801846027374268
17700,1764,0.09993238747119904
17710,1765,0.12944473326206207
17720,1766,0.23946037888526917
17730,1767,0.08934337645769119
17740,1768,0.05199103802442551
17750,1769,0.1124236136674881
17760,1770,0.053208038210868835
17770,1771,0.16496595740318298
17780,1772,0.22000733017921448
17790,1773,0.21578776836395264
17800,1774,0.040007058531045914
17810,1775,0.0848298966884613
17820,1776,0.11292693763971329
17830,1777,0.30455511808395386
17840,1778,0.12682616710662842
17850,1779,0.14802731573581696
17860,1780,0.19400323927402496
17870,1781,0.09964348375797272
17880,1782,0.0785362496972084
17890,1783,0.23424755036830902
17900,1784,0.07364925742149353
17910,1785,0.2802017629146576
17920,1786,0.10951453447341919
17930,1787,0.13962829113006592
17940,1788,0.06592832505702972
17950,1789,0.025249077007174492
17960,1790,0.04068492725491524
17970,1791,0.09189561009407043
17980,1792,0.2645578682422638
17990,1793,0.15727172791957855
18000,1794,0.07887537777423859
18010,1795,0.061006732285022736
18020,1796,0.06708601117134094
18030,1797,0.15220651030540466
18040,1798,0.11364379525184631
18050,1799,0.3138275742530823
18060,1800,0.07932917028665543
18070,1801,0.14355173707008362
18080,1802,0.16900819540023804
18090,1803,0.13392716646194458
18100,1804,0.23841437697410583
18110,1805,0.10466182976961136
18120,1806,0.17959122359752655
18130,1807,0.23741021752357483
18140,1808,0.20424006879329681
18150,1809,0.1977567970752716
18160,1810,0.04566217213869095
18170,1811,0.020155809819698334
18180,1812,0.1790485680103302
18190,1813,0.06621446460485458
18200,1814,0.09407691657543182
18210,1815,0.20737618207931519
18220,1816,0.06727108359336853
18230,1817,0.11716561764478683
18240,1818,0.23842853307724
18250,1819,0.10961435735225677
18260,1820,0.024560239166021347
18270,1821,0.15874041616916656
18280,1822,0.002365889260545373
18290,1823,0.15960311889648438
18300,1824,0.09257519990205765
18310,1825,0.19237837195396423
18320,1826,0.05624346807599068
18330,1827,0.07435577362775803
18340,1828,0.12359113991260529
18350,1829,0.08987952768802643
18360,1830,0.18506692349910736
18370,1831,0.11561422049999237
18380,1832,0.11954519152641296
18390,1833,0.3485197126865387
18400,1834,0.024788111448287964
18410,1835,0.16924887895584106
18420,1836,0.18276743590831757
18430,1837,0.011756010353565216
18440,1838,0.16869771480560303
18450,1839,0.05957619100809097
18460,1840,0.1403225064277649
18470,1841,0.15248458087444305
18480,1842,0.027046002447605133
18490,1843,0.2547967731952667
18500,1844,0.04090624675154686
18510,1845,0.12256564944982529
18520,1846,0.2371005415916443
18530,1847,0.11289841681718826
18540,1848,0.14350064098834991
18550,1849,0.06112269312143326
18560,1850,0.08248493075370789
18570,1851,0.09038969874382019
18580,1852,0.07801644504070282
18590,1853,0.11341256648302078
18600,1854,0.16781064867973328
18610,1855,0.06815779209136963
18620,1856,0.23114584386348724
18630,1857,0.08384811878204346
18640,1858,0.09244101494550705
18650,1859,0.06321744620800018
18660,1860,0.051619771867990494
18670,1861,0.189204141497612
18680,1862,0.1742122620344162
18690,1863,0.04391210526227951
18700,1864,0.0787663608789444
18710,1865,0.13220800459384918
18720,1866,0.16157248616218567
18730,1867,0.2593238055706024
18740,1868,0.15963415801525116
18750,1869,0.03245013952255249
18760,1870,0.10549287497997284
18770,1871,0.1037958413362503
18780,1872,0.06726371496915817
18790,1873,0.1502135992050171
18800,1874,0.02515304833650589
18810,1875,0.14127719402313232
18820,1876,0.13076196610927582
18830,1877,0.12982945144176483
18840,1878,0.12134294211864471
18850,1879,0.2657490074634552
18860,1880,0.1087680533528328
18870,1881,0.14601120352745056
18880,1882,0.17023694515228271
18890,1883,0.18444612622261047
18900,1884,0.16565608978271484
18910,1885,0.07821358740329742
18920,1886,0.050120290368795395
18930,1887,0.0030144688207656145
18940,1888,0.1134369894862175
18950,1889,0.04209325462579727
18960,1890,0.21255123615264893
18970,1891,0.22828112542629242
18980,1892,0.28814443945884705
18990,1893,0.24406303465366364
19000,1894,0.09560324996709824
19010,1895,0.08808951079845428
19020,1896,0.12090396136045456
19030,1897,0.10175134986639023
19040,1898,0.15064309537410736
19050,1899,0.07995382696390152
19060,1900,0.03632688522338867
19070,1901,0.07672935724258423
19080,1902,0.053948577493429184
19090,1903,0.10209941864013672
19100,1904,0.04543355107307434
19110,1905,0.1469895839691162
19120,1906,0.02224603295326233
19130,1907,0.050309501588344574
19140,1908,0.08313488960266113
19150,1909,0.0729433223605156
19160,1910,0.07972689718008041
19170,1911,0.03978601470589638
19180,1912,0.08066852390766144
19190,1913,0.16805081069469452
19200,1914,0.12526583671569824
19210,1915,0.07630929350852966
19220,1916,0.12341096997261047
19230,1917,0.06561245769262314
19240,1918,0.09435372799634933
19250,1919,0.15873032808303833
19260,1920,0.26570090651512146
19270,1921,0.0810326561331749
19280,1922,0.16842001676559448
19290,1923,0.04205818474292755
19300,1924,0.16053864359855652
19310,1925,0.10946963727474213
19320,1926,0.08676081150770187
19330,1927,0.34910210967063904
19340,1928,0.23809246718883514
19350,1929,0.11616840958595276
19360,1930,0.047334522008895874
19370,1931,0.15219449996948242
19380,1932,0.23676544427871704
19390,1933,0.06266871094703674
19400,1934,0.13297927379608154
19410,1935,0.14745131134986877
19420,1936,0.1316794604063034
19430,1937,0.06734298169612885
19440,1938,0.03825949877500534
19450,1939,0.25580894947052
19460,1940,0.18051569163799286
19470,1941,0.1674584150314331
19480,1942,0.1382187157869339
19490,1943,0.15970078110694885
19500,1944,0.0809854045510292
19510,1945,0.039940644055604935
19520,1946,0.06561879068613052
19530,1947,0.07340997457504272
19540,1948,0.13845036923885345
19550,1949,0.38750743865966797
19560,1950,0.11957034468650818
19570,1951,0.21161006391048431
19580,1952,0.08858814835548401
19590,1953,0.16568872332572937
19600,1954,0.06560364365577698
19610,1955,0.07631409168243408
19620,1956,0.28784623742103577
19630,1957,0.3843437135219574
19640,1958,0.061190977692604065
19650,1959,0.34359514713287354
19660,1960,0.054026782512664795
19670,1961,0.23940981924533844
19680,1962,0.055674370378255844
19690,1963,0.134782075881958
19700,1964,0.04935716837644577
19710,1965,0.05119059607386589
19720,1966,0.10153200477361679
19730,1967,0.07480419427156448
19740,1968,0.37469980120658875
19750,1969,0.04630512744188309
19760,1970,0.159146249294281
19770,1971,0.1813383847475052
19780,1972,0.12458121031522751
19790,1973,0.041399743407964706
19800,1974,0.09973494708538055
19810,1975,0.03069929964840412
19820,1976,0.12995827198028564
19830,1977,0.2624998688697815
19840,1978,0.1565648317337036
19850,1979,0.03536394238471985
19860,1980,0.007493115961551666
19870,1981,0.10006608068943024
19880,1982,0.13729408383369446
19890,1983,0.12752585113048553
19900,1984,0.1102471798658371
19910,1985,0.05064276605844498
19920,1986,0.16247372329235077
19930,1987,0.05049561709165573
19940,1988,0.11109897494316101
19950,1989,0.0630430206656456
19960,1990,0.13303959369659424
19970,1991,0.09330913424491882
19980,1992,0.11341336369514465
19990,1993,0.13519707322120667
20000,1994,0.21013617515563965
20010,1995,0.21277931332588196
20020,1996,0.26442384719848633
20030,1997,0.0656847283244133
20040,1998,0.05425162985920906
20050,1999,0.18617494404315948
20060,2000,0.12468121200799942
20070,2001,0.09128286689519882
20080,2002,0.2270301729440689
20090,2003,0.018703848123550415
20100,2004,0.057322438806295395
20110,2005,0.13464947044849396
20120,2006,0.0037590868305414915
20130,2007,0.20539502799510956
20140,2008,0.185930997133255
20150,2009,0.1735934168100357
20160,2010,0.06997430324554443
20170,2011,0.11477457731962204
20180,2012,0.17264343798160553
20190,2013,0.010328443720936775
20200,2014,0.2123103141784668
20210,2015,0.1647561639547348
20220,2016,0.07246337831020355
20230,2017,0.046291008591651917
20240,2018,0.2172762155532837
20250,2019,0.036740921437740326
20260,2020,0.06395737826824188
20270,2021,0.08279436081647873
20280,2022,0.10724341869354248
20290,2023,0.05175166577100754
20300,2024,0.19797174632549286
20310,2025,0.07369183748960495
20320,2026,0.16409426927566528
20330,2027,0.11609230935573578
20340,2028,0.1371818333864212
20350,2029,0.09473156929016113
20360,2030,0.2219763845205307
20370,2031,0.016993260011076927
20380,2032,0.08364228159189224
20390,2033,0.1686667650938034
20400,2034,0.05757136642932892
20410,2035,0.17407996952533722
20420,2036,0.11485756933689117
20430,2037,0.028259234502911568
20440,2038,0.1277831643819809
20450,2039,0.0869809091091156
20460,2040,0.2570766806602478
20470,2041,0.1758306473493576
20480,2042,0.06834127008914948
20490,2043,0.22954851388931274
20500,2044,0.24856694042682648
20510,2045,0.06037066504359245
20520,2046,0.15381817519664764
20530,2047,0.09858682751655579
20540,2048,0.1716940701007843
20550,2049,0.04547172784805298
20560,2050,0.13813866674900055
20570,2051,0.22191449999809265
20580,2052,0.02742066979408264
20590,2053,0.10136746615171432
20600,2054,0.14427323639392853
20610,2055,0.17523221671581268
20620,2056,0.3210209608078003
20630,2057,0.5388467311859131
20640,2058,0.038655467331409454
20650,2059,0.07543197274208069
20660,2060,0.16377021372318268
20670,2061,0.042628396302461624
20680,2062,0.1821536272764206
20690,2063,0.05504680424928665
20700,2064,0.06710364669561386
20710,2065,0.08668126910924911
20720,2066,0.1640336960554123
20730,2067,0.10986223816871643
20740,2068,0.13660451769828796
20750,2069,0.1079581007361412
20760,2070,0.2494950294494629
20770,2071,0.20545966923236847
20780,2072,0.347431480884552
20790,2073,0.016488192602992058
20800,2074,0.2734375596046448
20810,2075,0.16353298723697662
20820,2076,0.05999738723039627
20830,2077,0.06025070697069168
20840,2078,0.2594066858291626
20850,2079,0.06126926466822624
20860,2080,0.10092563927173615
20870,2081,0.06080355495214462
20880,2082,0.14742660522460938
20890,2083,0.056932482868433
20900,2084,0.23799893260002136
20910,2085,0.22686949372291565
20920,2086,0.10979378968477249
20930,2087,0.14790108799934387
20940,2088,0.0502866692841053
20950,2089,0.11643342673778534
20960,2090,0.17669132351875305
20970,2091,0.0677323117852211
20980,2092,0.03891796991229057
20990,2093,0.31047630310058594
21000,2094,0.24266618490219116
21010,2095,0.11840245872735977
21020,2096,0.08923255652189255
21030,2097,0.023759812116622925
21040,2098,0.04103580862283707
21050,2099,0.44096502661705017
21060,2100,0.11003585159778595
21070,2101,0.07586067169904709
21080,2102,0.15969756245613098
21090,2103,0.06032908707857132
21100,2104,0.05276564508676529
21110,2105,0.07033029198646545
21120,2106,0.12758351862430573
21130,2107,0.1071191355586052
21140,2108,0.20887833833694458
21150,2109,0.040466245263814926
21160,2110,0.08451308310031891
21170,2111,0.023011989891529083
21180,2112,0.038623712956905365
21190,2113,0.10764611512422562
21200,2114,0.07935523986816406
21210,2115,0.1664491891860962
21220,2116,0.07155847549438477
21230,2117,0.05797453969717026
21240,2118,0.12742041051387787
21250,2119,0.00650098267942667
21260,2120,0.062462542206048965
21270,2121,0.09396816790103912
21280,2122,0.22557172179222107
21290,2123,0.06613042950630188
21300,2124,0.12525895237922668
21310,2125,0.044737398624420166
21320,2126,0.13827303051948547
21330,2127,0.03413145989179611
21340,2128,0.12689578533172607
21350,2129,0.36286717653274536
21360,2130,0.06636567413806915
21370,2131,0.19614793360233307
21380,2132,0.08400578051805496
21390,2133,0.17901894450187683
21400,2134,0.2073676586151123
21410,2135,0.10937950015068054
21420,2136,0.1557210087776184
21430,2137,0.041161518543958664
21440,2138,0.16093799471855164
21450,2139,0.09322372078895569
21460,2140,0.2487306147813797
21470,2141,0.020937277004122734
21480,2142,0.13492172956466675
21490,2143,0.06202847510576248
21500,2144,0.025175761431455612
21510,2145,0.17378109693527222
21520,2146,0.13039430975914001
21530,2147,0.10641925781965256
21540,2148,0.12232108414173126
21550,2149,0.02751324698328972
21560,2150,0.3804503083229065
21570,2151,0.04253778234124184
21580,2152,0.14321085810661316
21590,2153,0.09092508256435394
21600,2154,0.10103927552700043
21610,2155,0.1853141486644745
21620,2156,0.0506708025932312
21630,2157,0.03565402701497078
21640,2158,0.16154924035072327
21650,2159,0.15672990679740906
21660,2160,0.27744683623313904
21670,2161,0.10575076937675476
21680,2162,0.0848880186676979
21690,2163,0.02776564285159111
21700,2164,0.14843147993087769
21710,2165,0.1129680871963501
21720,2166,0.09547343850135803
21730,2167,0.2244354635477066
21740,2168,0.06748746335506439
21750,2169,0.1207396611571312
21760,2170,0.12573780119419098
21770,2171,0.08673814684152603
21780,2172,0.19926077127456665
21790,2173,0.22753970324993134
21800,2174,0.1556108444929123
21810,2175,0.0689183920621872
21820,2176,0.09900480508804321
21830,2177,0.1041053980588913
21840,2178,0.12626640498638153
21850,2179,0.0540592223405838
21860,2180,0.03591901808977127
21870,2181,0.3304014801979065
21880,2182,0.08207570016384125
21890,2183,0.2659752368927002
21900,2184,0.1093190461397171
21910,2185,0.1879197359085083
21920,2186,0.21116948127746582
21930,2187,0.16178523004055023
21940,2188,0.2004326730966568
21950,2189,0.09919721633195877
21960,2190,0.08649662137031555
21970,2191,0.07477713376283646
21980,2192,0.09675385057926178
21990,2193,0.26035237312316895
22000,2194,0.07727992534637451
22010,2195,0.193803071975708
22020,2196,0.08580731600522995
22030,2197,0.04552355408668518
22040,2198,0.14924409985542297
22050,2199,0.09706048667430878
22060,2200,0.12157338857650757
22070,2201,0.03644164651632309
22080,2202,0.13396236300468445
22090,2203,0.17614513635635376
22100,2204,0.13114464282989502
22110,2205,0.15703783929347992
22120,2206,0.027656173333525658
22130,2207,0.07699786871671677
22140,2208,0.033149365335702896
22150,2209,0.05709528177976608
22160,2210,0.05507246032357216
22170,2211,0.06448204815387726
22180,2212,0.05229286476969719
22190,2213,0.1065707579255104
22200,2214,0.029141057282686234
22210,2215,0.25996991991996765
22220,2216,0.1711152046918869
22230,2217,0.021058913320302963
22240,2218,0.11142261326313019
22250,2219,0.2609401047229767
22260,2220,0.04377203434705734
22270,2221,0.07039377093315125
22280,2222,0.14997002482414246
22290,2223,0.03932558000087738
22300,2224,0.055104032158851624
22310,2225,0.1798442006111145
22320,2226,0.08939626812934875
22330,2227,0.12290281057357788
22340,2228,0.09296493232250214
22350,2229,0.023944733664393425
22360,2230,0.04081142321228981
22370,2231,0.02346479892730713
22380,2232,0.09391098469495773
22390,2233,0.18187591433525085
22400,2234,0.19127210974693298
22410,2235,0.03713906183838844
22420,2236,0.08370769023895264
22430,2237,0.0844428539276123
22440,2238,0.010068562813103199
22450,2239,0.20146065950393677
22460,2240,0.19806402921676636
22470,2241,0.0996188297867775
22480,2242,0.19540902972221375
22490,2243,0.23987223207950592
22500,2244,0.10556365549564362
22510,2245,0.14926229417324066
22520,2246,0.0692700520157814
22530,2247,0.1229495257139206
22540,2248,0.03761354088783264
22550,2249,0.009488498792052269
22560,2250,0.27302122116088867
22570,2251,0.0679427981376648
22580,2252,0.11734669655561447
22590,2253,0.12326798588037491
22600,2254,0.03734053671360016
22610,2255,0.07223425060510635
22620,2256,0.11093899607658386
22630,2257,0.2458837777376175
22640,2258,0.09445703029632568
22650,2259,0.12780989706516266
22660,2260,0.11102037876844406
22670,2261,0.18802092969417572
22680,2262,0.26561233401298523
22690,2263,0.16371047496795654
22700,2264,0.15534374117851257
22710,2265,0.10545198619365692
22720,2266,0.06308579444885254
22730,2267,0.04784424230456352
22740,2268,0.07664444297552109
22750,2269,0.0691121518611908
22760,2270,0.26385733485221863
22770,2271,0.02583923749625683
22780,2272,0.2399216890335083
22790,2273,0.07252329587936401
22800,2274,0.13154786825180054
22810,2275,0.03653676435351372
22820,2276,0.14477357268333435
22830,2277,0.03221704065799713
22840,2278,0.052402593195438385
22850,2279,0.0980968326330185
22860,2280,0.17647451162338257
22870,2281,0.12978588044643402
22880,2282,0.06426673382520676
22890,2283,0.115960031747818
22900,2284,0.1667942851781845
22910,2285,0.050149593502283096
22920,2286,0.026688560843467712
22930,2287,0.3483453392982483
22940,2288,0.16399115324020386
22950,2289,0.1711043268442154
22960,2290,0.12384919822216034
22970,2291,0.07858214527368546
22980,2292,0.21550945937633514
22990,2293,0.29088208079338074
23000,2294,0.0852423906326294
23010,2295,0.1338222622871399
23020,2296,0.012225133366882801
23030,2297,0.05027281492948532
23040,2298,0.2041463851928711
23050,2299,0.01345472875982523
23060,2300,0.05451737716794014
23070,2301,0.2083437740802765
23080,2302,0.2372717708349228
23090,2303,0.1371867060661316
23100,2304,0.053216997534036636
23110,2305,0.03304420784115791
23120,2306,0.0042777457274496555
23130,2307,0.11480076611042023
23140,2308,0.061691541224718094
23150,2309,0.11613749712705612
23160,2310,0.17858201265335083
23170,2311,0.027104226872324944
23180,2312,0.08616387844085693
23190,2313,0.11651089042425156
23200,2314,0.12785445153713226
23210,2315,0.11191413551568985
23220,2316,0.009615515358746052
23230,2317,0.2025107741355896
23240,2318,0.11801119148731232
23250,2319,0.09072573482990265
23260,2320,0.027371846139431
23270,2321,0.024691591039299965
23280,2322,0.0039048169273883104
23290,2323,0.031080156564712524
23300,2324,0.0669359564781189
23310,2325,0.1058339849114418
23320,2326,0.08645085245370865
23330,2327,0.15889687836170197
23340,2328,0.04870258644223213
23350,2329,0.08841952681541443
23360,2330,0.131187304854393
23370,2331,0.027176912873983383
23380,2332,0.08995307236909866
23390,2333,0.085116446018219
23400,2334,0.050510771572589874
23410,2335,0.18871431052684784
23420,2336,0.031017223373055458
23430,2337,0.06668557971715927
23440,2338,0.2644963264465332
23450,2339,0.030995460227131844
23460,2340,0.06835101544857025
23470,2341,0.15072070062160492
23480,2342,0.014137012884020805
23490,2343,0.03784540668129921
23500,2344,0.2385759800672531
23510,2345,0.2126314640045166
23520,2346,0.10239902138710022
23530,2347,0.12892146408557892
23540,2348,0.10469920933246613
23550,2349,0.024841364473104477
23560,2350,0.18276627361774445
23570,2351,0.07277736812829971
23580,2352,0.16008420288562775
23590,2353,0.15707828104496002
23600,2354,0.09837497770786285
23610,2355,0.006604751572012901
23620,2356,0.07940723747015
23630,2357,0.1456739455461502
23640,2358,0.15630100667476654
23650,2359,0.1948210597038269
23660,2360,0.0781787633895874
23670,2361,0.1740661859512329
23680,2362,0.1584373265504837
23690,2363,0.15117935836315155
23700,2364,0.06901683658361435
23710,2365,0.05602262541651726
23720,2366,0.11239966005086899
23730,2367,0.22507265210151672
23740,2368,0.061381660401821136
23750,2369,0.09146100282669067
23760,2370,0.15555471181869507
23770,2371,0.0541079118847847
23780,2372,0.10045827925205231
23790,2373,0.08869826048612595
23800,2374,0.13222190737724304
23810,2375,0.14643214643001556
23820,2376,0.0412367507815361
23830,2377,0.10798482596874237
23840,2378,0.06626096367835999
23850,2379,0.04994402080774307
23860,2380,0.22460585832595825
23870,2381,0.10313502699136734
23880,2382,0.07440811395645142
23890,2383,0.15910542011260986
23900,2384,0.02004767581820488
23910,2385,0.005468995310366154
23920,2386,0.02071169763803482
23930,2387,0.0976390540599823
23940,2388,0.14261223375797272
23950,2389,0.09163101762533188
23960,2390,0.19312627613544464
23970,2391,0.15358614921569824
23980,2392,0.06440012902021408
23990,2393,0.2466745376586914
24000,2394,0.15829691290855408
24010,2395,0.04294480383396149
24020,2396,0.05689587444067001
24030,2397,0.14494717121124268
24040,2398,0.07048622518777847
24050,2399,0.15483538806438446
24060,2400,0.22612442076206207
24070,2401,0.08104123920202255
24080,2402,0.1004403829574585
24090,2403,0.19542551040649414
24100,2404,0.051529642194509506
24110,2405,0.030942454934120178
24120,2406,0.08571507036685944
24130,2407,0.013088862411677837
24140,2408,0.18390510976314545
24150,2409,0.1196284368634224
24160,2410,0.03981189429759979
24170,2411,0.12658128142356873
24180,2412,0.12751884758472443
24190,2413,0.03686783090233803
24200,2414,0.0496487095952034
24210,2415,0.027232764288783073
24220,2416,0.05727086961269379
24230,2417,0.09643663465976715
24240,2418,0.09062449634075165
24250,2419,0.1180744394659996
24260,2420,0.34000518918037415
24270,2421,0.14773720502853394
24280,2422,0.30620670318603516
24290,2423,0.12966488301753998
24300,2424,0.08511357754468918
24310,2425,0.09203614294528961
24320,2426,0.14485308527946472
24330,2427,0.08226581662893295
24340,2428,0.07894492894411087
24350,2429,0.2186782956123352
24360,2430,0.04847690090537071
24370,2431,0.12755422294139862
24380,2432,0.147200345993042
24390,2433,0.021322101354599
24400,2434,0.07610909640789032
24410,2435,0.09406591951847076
24420,2436,0.18743780255317688
24430,2437,0.050166286528110504
24440,2438,0.1883322149515152
24450,2439,0.04128532484173775
24460,2440,0.06499158591032028
24470,2441,0.03635534271597862
24480,2442,0.06759548932313919
24490,2443,0.08089268207550049
24500,2444,0.049322616308927536
24510,2445,0.1515408754348755
24520,2446,0.08724463731050491
24530,2447,0.16577808558940887
24540,2448,0.09851229190826416
24550,2449,0.03223918378353119
24560,2450,0.02346196584403515
24570,2451,0.13746808469295502
24580,2452,0.17467819154262543
24590,2453,0.10345567762851715
24600,2454,0.03955325856804848
24610,2455,0.008237287402153015
24620,2456,0.08468117564916611
24630,2457,0.03998006507754326
24640,2458,0.026036089286208153
24650,2459,0.1674211472272873
24660,2460,0.0335174985229969
24670,2461,0.18855038285255432
24680,2462,0.19822458922863007
24690,2463,0.13138864934444427
24700,2464,0.15752360224723816
24710,2465,0.08644436299800873
24720,2466,0.027255263179540634
24730,2467,0.11572527140378952
24740,2468,0.15979807078838348
24750,2469,0.0382283478975296
24760,2470,0.1145964190363884
24770,2471,0.01678161323070526
24780,2472,0.033438540995121
24790,2473,0.14544783532619476
24800,2474,0.16840988397598267
24810,2475,0.2212471067905426
24820,2476,0.059935081750154495
24830,2477,0.05245869979262352
24840,2478,0.0774737000465393
24850,2479,0.15415699779987335
24860,2480,0.07304927706718445
24870,2481,0.06359781324863434
24880,2482,0.09871331602334976
24890,2483,0.08179613202810287
24900,2484,0.17096126079559326
24910,2485,0.1786157190799713
24920,2486,0.09473150223493576
24930,2487,0.14772255718708038
24940,2488,0.14098750054836273
24950,2489,0.11237242817878723
24960,2490,0.14643560349941254
24970,2491,0.15388385951519012
24980,2492,0.05456395447254181
24990,2493,0.06144223362207413
25000,2494,0.07706332206726074
25010,2495,0.11508245766162872
25020,2496,0.22426560521125793
25030,2497,0.15413010120391846
25040,2498,0.11062581092119217
25050,2499,0.037550248205661774
25060,2500,0.18753251433372498
25070,2501,0.09630854427814484
25080,2502,0.11960440129041672
25090,2503,0.016322024166584015
25100,2504,0.06865125894546509
25110,2505,0.08064009994268417
25120,2506,0.10208689421415329
25130,2507,0.006886743009090424
25140,2508,0.04261431097984314
25150,2509,0.12333545833826065
25160,2510,0.11529308557510376
25170,2511,0.12407862395048141
25180,2512,0.1697670817375183
25190,2513,0.13697946071624756
25200,2514,0.15851344168186188
25210,2515,0.04226444661617279
25220,2516,0.06515678018331528
25230,2517,0.11102084815502167
25240,2518,0.06775395572185516
25250,2519,0.10103296488523483
25260,2520,0.12435103952884674
25270,2521,0.24565589427947998
25280,2522,0.20814865827560425
25290,2523,0.10696828365325928
25300,2524,0.12464331090450287
25310,2525,0.00615185359492898
25320,2526,0.07351614534854889
25330,2527,0.07620169967412949
25340,2528,0.10643454641103745
25350,2529,0.08216886222362518
25360,2530,0.03648637607693672
25370,2531,0.058828093111515045
25380,2532,0.11318734288215637
25390,2533,0.07614872604608536
25400,2534,0.1048627719283104
25410,2535,0.1895110011100769
25420,2536,0.14424045383930206
25430,2537,0.03430681303143501
25440,2538,0.12775355577468872
25450,2539,0.02628176100552082
25460,2540,0.04260434955358505
25470,2541,0.19186840951442719
25480,2542,0.19849225878715515
25490,2543,0.016664700582623482
25500,2544,0.17736731469631195
25510,2545,0.05857930704951286
25520,2546,0.08705361187458038
25530,2547,0.03851131349802017
25540,2548,0.05361533910036087
25550,2549,0.02828470803797245
25560,2550,0.013155674561858177
25570,2551,0.05786149203777313
25580,2552,0.42823800444602966
25590,2553,0.05340905115008354
25600,2554,0.03006100282073021
25610,2555,0.06586777418851852
25620,2556,0.10691745579242706
25630,2557,0.22428396344184875
25640,2558,0.06094707176089287
25650,2559,0.12285472452640533
25660,2560,0.16968919336795807
25670,2561,0.03304412588477135
25680,2562,0.03829484060406685
25690,2563,0.07929420471191406
25700,2564,0.024364689365029335
25710,2565,0.147576242685318
25720,2566,0.0990205630660057
25730,2567,0.016414735466241837
25740,2568,0.04596460610628128
25750,2569,0.02461358718574047
25760,2570,0.04591423273086548
25770,2571,0.10738784819841385
25780,2572,0.05567387491464615
25790,2573,0.06601294875144958
25800,2574,0.0793544203042984
25810,2575,0.34192603826522827
25820,2576,0.1467740833759308
25830,2577,0.05112570524215698
25840,2578,0.2277952879667282
25850,2579,0.030384529381990433
25860,2580,0.04920903965830803
25870,2581,0.14024117588996887
25880,2582,0.05293414741754532
25890,2583,0.16841448843479156
25900,2584,0.19118058681488037
25910,2585,0.05133172124624252
25920,2586,0.055419113487005234
25930,2587,0.0954316183924675
25940,2588,0.026066306978464127
25950,2589,0.056926023215055466
25960,2590,0.1329154372215271
25970,2591,0.04571133479475975
25980,2592,0.027886979281902313
25990,2593,0.1490451544523239
26000,2594,0.048758719116449356
26010,2595,0.058336593210697174
26020,2596,0.22604365646839142
26030,2597,0.14031173288822174
26040,2598,0.11228886991739273
26050,2599,0.11871638894081116
26060,2600,0.09658508747816086
26070,2601,0.1290760487318039
26080,2602,0.06784816086292267
26090,2603,0.06500689685344696
26100,2604,0.07286485284566879
26110,2605,0.2325875461101532
26120,2606,0.10475927591323853
26130,2607,0.13770852982997894
26140,2608,0.11152030527591705
26150,2609,0.12772347033023834
26160,2610,0.13978181779384613
26170,2611,0.10582344979047775
26180,2612,0.15574786067008972
26190,2613,0.13695251941680908
26200,2614,0.04518425464630127
26210,2615,0.05444254353642464
26220,2616,0.03138764202594757
26230,2617,0.08381886780261993
26240,2618,0.01930578611791134
26250,2619,0.049953144043684006
26260,2620,0.1366797834634781
26270,2621,0.0904422402381897
26280,2622,0.2385813593864441
26290,2623,0.18595066666603088
26300,2624,0.0416412428021431
26310,2625,0.0813685953617096
26320,2626,0.08694246411323547
26330,2627,0.12216007709503174
26340,2628,0.15753020346164703
26350,2629,0.04293273389339447
26360,2630,0.15052741765975952
26370,2631,0.04241668060421944
26380,2632,0.10045520961284637
26390,2633,0.06136927381157875
26400,2634,0.043314918875694275
26410,2635,0.052642323076725006
26420,2636,0.057202644646167755
26430,2637,0.031899094581604004
26440,2638,0.0021282669622451067
26450,2639,0.08305365592241287
26460,2640,0.23273718357086182
26470,2641,0.03953211009502411
26480,2642,0.05352257192134857
26490,2643,0.1921030580997467
26500,2644,0.040265247225761414
26510,2645,0.1298917680978775
26520,2646,0.05591287463903427
26530,2647,0.06927356123924255
26540,2648,0.191628098487854
26550,2649,0.03985137864947319
26560,2650,0.051192257553339005
26570,2651,0.019451072439551353
26580,2652,0.09768781810998917
26590,2653,0.04495471715927124
26600,2654,0.16299358010292053
26610,2655,0.07819326967000961
26620,2656,0.1365678310394287
26630,2657,0.04983210191130638
26640,2658,0.18159058690071106
26650,2659,0.06889955699443817
26660,2660,0.11012805253267288
26670,2661,0.23372963070869446
26680,2662,0.09644845873117447
26690,2663,0.03556770086288452
26700,2664,0.15460583567619324
26710,2665,0.062181126326322556
26720,2666,0.09132330119609833
26730,2667,0.12328202277421951
26740,2668,0.08744236081838608
26750,2669,0.0635862872004509
26760,2670,0.14623531699180603
26770,2671,0.15150433778762817
26780,2672,0.06985052675008774
26790,2673,0.006691860966384411
26800,2674,0.06951297074556351
26810,2675,0.11415419727563858
26820,2676,0.1960367113351822
26830,2677,0.07222050428390503
26840,2678,0.08970336616039276
26850,2679,0.019886182621121407
26860,2680,0.0939069539308548
26870,2681,0.2827759385108948
26880,2682,0.028452321887016296
26890,2683,0.3062378168106079
26900,2684,0.044548116624355316
26910,2685,0.11088293790817261
26920,2686,0.09018944948911667
26930,2687,0.13299217820167542
26940,2688,0.21743135154247284
26950,2689,0.1414887011051178
26960,2690,0.04484144598245621
26970,2691,0.10109558701515198
26980,2692,0.07655078917741776
26990,2693,0.31713443994522095
27000,2694,0.11407822370529175
27010,2695,0.20235951244831085
27020,2696,0.019299108535051346
27030,2697,0.03893562778830528
27040,2698,0.11624519526958466
27050,2699,0.03458278998732567
27060,2700,0.07381002604961395
27070,2701,0.11938435584306717
27080,2702,0.050920043140649796
27090,2703,0.21831443905830383
27100,2704,0.09021233022212982
27110,2705,0.09977294504642487
27120,2706,0.008163935504853725
27130,2707,0.12831231951713562
27140,2708,0.14962191879749298
27150,2709,0.08274733275175095
27160,2710,0.10095567256212234
27170,2711,0.04682164639234543
27180,2712,0.12908978760242462
27190,2713,0.09800257533788681
27200,2714,0.13787667453289032
27210,2715,0.15435636043548584
27220,2716,0.03940710052847862
27230,2717,0.26210689544677734
27240,2718,0.139372318983078
27250,2719,0.025066405534744263
27260,2720,0.0727027952671051
27270,2721,0.3447518050670624
27280,2722,0.09515103697776794
27290,2723,0.13369639217853546
27300,2724,0.1643816977739334
27310,2725,0.16049228608608246
27320,2726,0.04441578686237335
27330,2727,0.24470438063144684
27340,2728,0.0015797418309375644
27350,2729,0.1899641454219818
27360,2730,0.03748024255037308
27370,2731,0.06903732568025589
27380,2732,0.05961417406797409
27390,2733,0.41602063179016113
27400,2734,0.06364060193300247
27410,2735,0.13474349677562714
27420,2736,0.13741573691368103
27430,2737,0.001956135733053088
27440,2738,0.07208521664142609
27450,2739,0.09273421764373779
27460,2740,0.0378246046602726
27470,2741,0.07827197015285492
27480,2742,0.04172736033797264
27490,2743,0.08582426607608795
27500,2744,0.33097225427627563
27510,2745,0.17083653807640076
27520,2746,0.04750881716609001
27530,2747,0.22894836962223053
27540,2748,0.14606331288814545
27550,2749,0.12049663066864014
27560,2750,0.08567126095294952
27570,2751,0.15540552139282227
27580,2752,0.1865435540676117
27590,2753,0.1033446341753006
27600,2754,0.16799384355545044
27610,2755,0.11868298053741455
27620,2756,0.19170404970645905
27630,2757,0.0027711312286555767
27640,2758,0.08116742223501205
27650,2759,0.05229188874363899
27660,2760,0.1126725971698761
27670,2761,0.16849684715270996
27680,2762,0.05394900590181351
27690,2763,0.08886316418647766
27700,2764,0.0446435920894146
27710,2765,0.14129936695098877
27720,2766,0.13747987151145935
27730,2767,0.0900268629193306
27740,2768,0.06592428684234619
27750,2769,0.11049056798219681
27760,2770,0.1068437471985817
27770,2771,0.11730104684829712
27780,2772,0.2016211897134781
27790,2773,0.06473439186811447
27800,2774,0.12995652854442596
27810,2775,0.0244438536465168
27820,2776,0.06906719505786896
27830,2777,0.10601501166820526
27840,2778,0.0996854230761528
27850,2779,0.15156200528144836
27860,2780,0.0420406311750412
27870,2781,0.015112802386283875
27880,2782,0.09588900208473206
27890,2783,0.08311199396848679
27900,2784,0.0905497744679451
27910,2785,0.08760818094015121
27920,2786,0.00721169775351882
27930,2787,0.20019668340682983
27940,2788,0.12056125700473785
27950,2789,0.0905483141541481
27960,2790,0.16233029961585999
27970,2791,0.13422569632530212
27980,2792,0.0633169412612915
27990,2793,0.08583829551935196
28000,2794,0.0348096638917923
28010,2795,0.04591156542301178
28020,2796,0.06439825892448425
28030,2797,0.010294392704963684
28040,2798,0.1357296258211136
28050,2799,0.11445979028940201
28060,2800,0.06514907628297806
28070,2801,0.1096605435013771
28080,2802,0.19459903240203857
28090,2803,0.18736493587493896
28100,2804,0.1326928585767746
28110,2805,0.03691134601831436
28120,2806,0.16303612291812897
28130,2807,0.03307615593075752
28140,2808,0.11208570003509521
28150,2809,0.18707866966724396
28160,2810,0.11363746970891953
28170,2811,0.13082408905029297
28180,2812,0.19151872396469116
28190,2813,0.07127270847558975
28200,2814,0.20452836155891418
28210,2815,0.11021193116903305
28220,2816,0.11155006289482117
28230,2817,0.04020317643880844
28240,2818,0.1368032544851303
28250,2819,0.23541221022605896
28260,2820,0.057432014495134354
28270,2821,0.0743422657251358
28280,2822,0.0902073085308075
28290,2823,0.1454181969165802
28300,2824,0.0329505130648613
28310,2825,0.09001340717077255
28320,2826,0.11859048157930374
28330,2827,0.07249585539102554
28340,2828,0.16915738582611084
28350,2829,0.016756534576416016
28360,2830,0.10526467859745026
28370,2831,0.06131226196885109
28380,2832,0.24105589091777802
28390,2833,0.012319290079176426
28400,2834,0.09301918745040894
28410,2835,0.19069287180900574
28420,2836,0.16282591223716736
28430,2837,0.12033960968255997
28440,2838,0.1432030349969864
28450,2839,0.13920144736766815
28460,2840,0.14435036480426788
28470,2841,0.15330734848976135
28480,2842,0.0433303602039814
28490,2843,0.0447535514831543
28500,2844,0.0964745581150055
28510,2845,0.35849398374557495
28520,2846,0.08118463307619095
28530,2847,0.2919307351112366
28540,2848,0.12582385540008545
28550,2849,0.20132632553577423
28560,2850,0.052534062415361404
28570,2851,0.0472809374332428
28580,2852,0.22450682520866394
28590,2853,0.08655446767807007
28600,2854,0.03161096200346947
28610,2855,0.12210270017385483
28620,2856,0.20958876609802246
28630,2857,0.12199367582798004
28640,2858,0.026878708973526955
28650,2859,0.3026112914085388
28660,2860,0.03393582999706268
28670,2861,0.11110324412584305
28680,2862,0.05559976398944855
28690,2863,0.10065458714962006
28700,2864,0.04964659735560417
28710,2865,0.006202990189194679
28720,2866,0.10433012247085571
28730,2867,0.11699217557907104
28740,2868,0.21678930521011353
28750,2869,0.049651551991701126
28760,2870,0.007320791017264128
28770,2871,0.11672935634851456
28780,2872,0.05771147832274437
28790,2873,0.055774252861738205
28800,2874,0.28321823477745056
28810,2875,0.055459000170230865
28820,2876,0.05451764538884163
28830,2877,0.06859482824802399
28840,2878,0.16518718004226685
28850,2879,0.08930573612451553
28860,2880,0.15758396685123444
28870,2881,0.10406608879566193
28880,2882,0.04964948445558548
28890,2883,0.04837138578295708
28900,2884,0.12497299164533615
28910,2885,0.04128681868314743
28920,2886,0.062272969633340836
28930,2887,0.03156082704663277
28940,2888,0.04244476556777954
28950,2889,0.08210189640522003
28960,2890,0.06526564806699753
28970,2891,0.0871085450053215
28980,2892,0.14289195835590363
28990,2893,0.2851223349571228
29000,2894,0.11522327363491058
29010,2895,0.08835959434509277
29020,2896,0.06143365055322647
29030,2897,0.09316892921924591
29040,2898,0.05971087887883186
29050,2899,0.015995632857084274
29060,2900,0.1464918702840805
29070,2901,0.13379591703414917
29080,2902,0.056638140231370926
29090,2903,0.2736261188983917
29100,2904,0.06688211113214493
29110,2905,0.0936351865530014
29120,2906,0.12940740585327148
29130,2907,0.12331544607877731
29140,2908,0.10880985856056213
29150,2909,0.052704956382513046
29160,2910,0.06878110766410828
29170,2911,0.19138535857200623
29180,2912,0.06571367383003235
29190,2913,0.03614507615566254
29200,2914,0.0008180428412742913
29210,2915,0.035467665642499924
29220,2916,0.14624230563640594
29230,2917,0.05883420631289482
29240,2918,0.17753514647483826
29250,2919,0.08297093957662582
29260,2920,0.31233906745910645
29270,2921,0.10799061506986618
29280,2922,0.14187827706336975
29290,2923,0.32556217908859253
29300,2924,0.10326329618692398
29310,2925,0.03720047324895859
29320,2926,0.14393243193626404
29330,2927,0.11043757200241089
29340,2928,0.09168178588151932
29350,2929,0.14994600415229797
29360,2930,0.11803688108921051
29370,2931,0.04635397717356682
29380,2932,0.02287289686501026
29390,2933,0.13170772790908813
29400,2934,0.03897486999630928
29410,2935,0.09739022701978683
29420,2936,0.05164097994565964
29430,2937,0.11405956745147705
29440,2938,0.08203127235174179
29450,2939,0.16977167129516602
29460,2940,0.006079401820898056
29470,2941,0.05279398337006569
29480,2942,0.28179851174354553
29490,2943,0.04266548156738281
29500,2944,0.06583420932292938
29510,2945,0.16091951727867126
29520,2946,0.04607610031962395
29530,2947,0.18464207649230957
29540,2948,0.06645862013101578
29550,2949,0.026826582849025726
29560,2950,0.12012830376625061
29570,2951,0.22778397798538208
29580,2952,0.05402832850813866
29590,2953,0.13264811038970947
29600,2954,0.0330570787191391
29610,2955,0.05079266056418419
29620,2956,0.362280011177063
29630,2957,0.057060856372117996
29640,2958,0.2628839910030365
29650,2959,0.15250596404075623
29660,2960,0.10065654665231705
29670,2961,0.09484998881816864
29680,2962,0.2945401668548584
29690,2963,0.07284783571958542
29700,2964,0.029223985970020294
29710,2965,0.14522947371006012
29720,2966,0.10406836867332458
29730,2967,0.3048713803291321
29740,2968,0.18800216913223267
29750,2969,0.06154223904013634
29760,2970,0.07505527883768082
29770,2971,0.07066769152879715
29780,2972,0.16376885771751404
29790,2973,0.10483156144618988
29800,2974,0.15411575138568878
29810,2975,0.07763786613941193
29820,2976,0.04374642297625542
29830,2977,0.0882214605808258
29840,2978,0.06921698898077011
29850,2979,0.059088334441185
29860,2980,0.12530432641506195
29870,2981,0.025347527116537094
29880,2982,0.09668309986591339
29890,2983,0.0756094828248024
29900,2984,0.12819385528564453
29910,2985,0.15323074162006378
29920,2986,0.21343089640140533
29930,2987,0.1288214772939682
29940,2988,0.21831108629703522
29950,2989,0.12902946770191193
29960,2990,0.10926549881696701
29970,2991,0.27797606587409973
29980,2992,0.09606097638607025
29990,2993,0.05197528749704361
30000,2994,0.07059798389673233
30010,2995,0.08863656967878342
30020,2996,0.16168072819709778
30030,2997,0.0512225478887558
30040,2998,0.0558471754193306
30050,2999,0.005090414546430111
30060,3000,0.09396698325872421
30070,3001,0.069073885679245
30080,3002,0.37677842378616333
30090,3003,0.08075480163097382
30100,3004,0.1465592384338379
30110,3005,0.14324277639389038
30120,3006,0.0794128030538559
30130,3007,0.054860882461071014
30140,3008,0.04780440032482147
30150,3009,0.06051786616444588
30160,3010,0.11905385553836823
30170,3011,0.04496607556939125
30180,3012,0.03694915771484375
30190,3013,0.04056112468242645
30200,3014,0.11570394039154053
30210,3015,0.06779220700263977
30220,3016,0.1296241581439972
30230,3017,0.13251031935214996
30240,3018,0.17431797087192535
30250,3019,0.14082448184490204
30260,3020,0.08732767403125763
30270,3021,0.16976195573806763
30280,3022,0.34487682580947876
30290,3023,0.06465381383895874
30300,3024,0.2372087836265564
30310,3025,0.1353454887866974
30320,3026,0.12214825302362442
30330,3027,0.025685813277959824
30340,3028,0.04971899092197418
30350,3029,0.08859988301992416
30360,3030,0.05991983413696289
30370,3031,0.12468113005161285
30380,3032,0.039110373705625534
30390,3033,0.037679437547922134
30400,3034,0.12707218527793884
30410,3035,2.9138438549125567e-05
30420,3036,0.06806118041276932
30430,3037,0.12808115780353546
30440,3038,0.08691997081041336
30450,3039,0.25779762864112854
30460,3040,0.09868057072162628
30470,3041,0.16695937514305115
30480,3042,0.10367142409086227
30490,3043,0.32033684849739075
30500,3044,0.15748299658298492
30510,3045,0.11307083815336227
30520,3046,0.05392720550298691
30530,3047,0.1500624120235443
30540,3048,0.12383345514535904
30550,3049,0.22773012518882751
30560,3050,0.040619056671857834
30570,3051,0.028228363022208214
30580,3052,0.058515921235084534
30590,3053,0.23887579143047333
30600,3054,0.07362481206655502
30610,3055,0.11834921687841415
30620,3056,0.051865313202142715
30630,3057,0.09837556630373001
30640,3058,0.14661715924739838
30650,3059,0.2412651777267456
30660,3060,0.099093958735466
30670,3061,0.09851019829511642
30680,3062,0.1284087598323822
30690,3063,0.06673077493906021
30700,3064,0.047953274101018906
30710,3065,0.04321502149105072
30720,3066,0.03920475393533707
30730,3067,0.34478190541267395
30740,3068,0.273654967546463
30750,3069,0.23921293020248413
30760,3070,0.08124932646751404
30770,3071,0.2289387732744217
30780,3072,0.040348149836063385
30790,3073,0.21731631457805634
30800,3074,0.0482572540640831
30810,3075,0.03926951810717583
30820,3076,0.27699896693229675
30830,3077,0.12184395641088486
30840,3078,0.22228781878948212
30850,3079,0.02415587566792965
30860,3080,0.14222873747348785
30870,3081,0.1308392882347107
30880,3082,0.03818782418966293
30890,3083,0.17919467389583588
30900,3084,0.10685667395591736
30910,3085,0.09275183081626892
30920,3086,0.14958515763282776
30930,3087,0.19196346402168274
30940,3088,0.0604061521589756
30950,3089,0.2586720585823059
30960,3090,0.15221786499023438
30970,3091,0.1299063116312027
30980,3092,0.10997087508440018
30990,3093,0.08537393808364868
31000,3094,0.3183315396308899
31010,3095,0.19414161145687103
31020,3096,0.10842031985521317
31030,3097,0.3473024070262909
31040,3098,0.04626652970910072
31050,3099,0.1546935737133026
31060,3100,0.10215818136930466
31070,3101,0.1456844061613083
31080,3102,0.09140539914369583
31090,3103,0.0741012692451477
31100,3104,0.1716635674238205
31110,3105,0.12847353518009186
31120,3106,0.07732594013214111
31130,3107,0.12771594524383545
31140,3108,0.1006837710738182
31150,3109,0.11233378946781158
31160,3110,0.23071563243865967
31170,3111,0.15160033106803894
31180,3112,0.09768505394458771
31190,3113,0.14372584223747253
31200,3114,0.1559341847896576
31210,3115,0.196988046169281
31220,3116,0.14473047852516174
31230,3117,0.15403106808662415
31240,3118,0.21401885151863098
31250,3119,0.08586759865283966
31260,3120,0.22423705458641052
31270,3121,0.08991855382919312
31280,3122,0.09801872074604034
31290,3123,0.03757679834961891
31300,3124,0.11262769252061844
31310,3125,0.06282789260149002
31320,3126,0.29312631487846375
31330,3127,0.21391497552394867
31340,3128,0.17934183776378632
31350,3129,0.18114550411701202
31360,3130,0.2529444694519043
31370,3131,0.14661726355552673
31380,3132,0.08379663527011871
31390,3133,0.17504148185253143
31400,3134,0.1003940999507904
31410,3135,0.12421499192714691
31420,3136,0.11037082970142365
31430,3137,0.11258864402770996
31440,3138,0.15634793043136597
31450,3139,0.16136083006858826
31460,3140,0.09897644072771072
31470,3141,0.14008839428424835
31480,3142,0.09001730382442474
31490,3143,0.10956592857837677
31500,3144,0.2521079182624817
31510,3145,0.10238835960626602
31520,3146,0.1572316288948059
31530,3147,0.1719793975353241
31540,3148,0.13994555175304413
31550,3149,0.19514304399490356
31560,3150,0.0879727154970169
31570,3151,0.09877634048461914
31580,3152,0.017478827387094498
31590,3153,0.12425496429204941
31600,3154,0.15780700743198395
31610,3155,0.13798096776008606
31620,3156,0.06422432512044907
31630,3157,0.05940580740571022
31640,3158,0.09447291493415833
31650,3159,0.06476486474275589
31660,3160,0.15175043046474457
31670,3161,0.08672415465116501
31680,3162,0.1347525268793106
31690,3163,0.17242847383022308
31700,3164,0.09732592105865479
31710,3165,0.03876644745469093
31720,3166,0.07896203547716141
31730,3167,0.06497468799352646
31740,3168,0.18147069215774536
31750,3169,0.04620381072163582
31760,3170,0.266416072845459
31770,3171,0.08222472667694092
31780,3172,0.09260222315788269
31790,3173,0.25140130519866943
31800,3174,0.1765975058078766
31810,3175,0.14791978895664215
31820,3176,0.11878035962581635
31830,3177,0.0909295380115509
31840,3178,0.3213617205619812
31850,3179,0.33010366559028625
31860,3180,0.16559237241744995
31870,3181,0.065654456615448
31880,3182,0.06960278004407883
31890,3183,0.11458203196525574
31900,3184,0.18834011256694794
31910,3185,0.09034840017557144
31920,3186,0.053877733647823334
31930,3187,0.08695687353610992
31940,3188,0.23329885303974152
31950,3189,0.1931280493736267
31960,3190,0.0880235880613327
31970,3191,0.10512163490056992
31980,3192,0.1507597714662552
31990,3193,0.029735902324318886
32000,3194,0.1417657434940338
32010,3195,0.28744861483573914
32020,3196,0.14385218918323517
32030,3197,0.0612541027367115
32040,3198,0.22700628638267517
32050,3199,0.17486944794654846
32060,3200,0.06141229718923569
32070,3201,0.05517993122339249
32080,3202,0.23395384848117828
32090,3203,0.11982432007789612
32100,3204,0.15750809013843536
32110,3205,0.11384027451276779
32120,3206,0.3453602194786072
32130,3207,0.1424643099308014
32140,3208,0.14474734663963318
32150,3209,0.20006665587425232
32160,3210,0.06379608809947968
32170,3211,0.20669561624526978
32180,3212,0.05753520503640175
32190,3213,0.1482309252023697
32200,3214,0.043417543172836304
32210,3215,0.1032099723815918
32220,3216,0.17997075617313385
32230,3217,0.05413901060819626
32240,3218,0.10190917551517487
32250,3219,0.04570774734020233
32260,3220,0.09756796061992645
32270,3221,0.09038816392421722
32280,3222,0.08300558477640152
32290,3223,0.15804989635944366
32300,3224,0.1409248411655426
32310,3225,0.33200326561927795
32320,3226,0.2113407701253891
32330,3227,0.16394813358783722
32340,3228,0.04617186635732651
32350,3229,0.11062194406986237
32360,3230,0.17564871907234192
32370,3231,0.3153112232685089
32380,3232,0.24542345106601715
32390,3233,0.12077918648719788
32400,3234,0.10710696130990982
32410,3235,0.07459719479084015
32420,3236,0.11105092614889145
32430,3237,0.28523674607276917
32440,3238,0.07439995557069778
32450,3239,0.09145157039165497
32460,3240,0.26617133617401123
32470,3241,0.02079298160970211
32480,3242,0.0853181853890419
32490,3243,0.09626428037881851
32500,3244,0.19845759868621826
32510,3245,0.09597332775592804
32520,3246,0.0662592425942421
32530,3247,0.3952471613883972
32540,3248,0.10419906675815582
32550,3249,0.054324161261320114
32560,3250,0.16265326738357544
32570,3251,0.050224579870700836
32580,3252,0.08448280394077301
32590,3253,0.01545921340584755
32600,3254,0.10736556351184845
32610,3255,0.2449471652507782
32620,3256,0.17315302789211273
32630,3257,0.14163383841514587
32640,3258,0.16427958011627197
32650,3259,0.20380723476409912
32660,3260,0.06660011410713196
32670,3261,0.12091977149248123
32680,3262,0.1078822910785675
32690,3263,0.031046424061059952
32700,3264,0.07821474969387054
32710,3265,0.2141992151737213
32720,3266,0.17931245267391205
32730,3267,0.21239374577999115
32740,3268,0.16254840791225433
32750,3269,0.10775911808013916
32760,3270,0.05757125839591026
32770,3271,0.1394125074148178
32780,3272,0.11747316271066666
32790,3273,0.2141442447900772
32800,3274,0.0911167562007904
32810,3275,0.27192816138267517
32820,3276,0.14055310189723969
32830,3277,0.11440032720565796
32840,3278,0.25332123041152954
32850,3279,0.1671583652496338
32860,3280,0.27647557854652405
32870,3281,0.22052279114723206
32880,3282,0.10216391831636429
32890,3283,0.18629243969917297
32900,3284,0.23531252145767212
32910,3285,0.19264447689056396
32920,3286,0.1478554755449295
32930,3287,0.1858523190021515
32940,3288,0.12351138889789581
32950,3289,0.19925139844417572
32960,3290,0.06252168118953705
32970,3291,0.12865391373634338
32980,3292,0.3048859238624573
32990,3293,0.18540595471858978
33000,3294,0.059845298528671265
33010,3295,0.12478455156087875
33020,3296,0.10768090933561325
33030,3297,0.05363241583108902
33040,3298,0.11665751785039902
33050,3299,0.23724818229675293
33060,3300,0.13589608669281006
33070,3301,0.0443318672478199
33080,3302,0.23195676505565643
33090,3303,0.19168630242347717
33100,3304,0.24523165822029114
33110,3305,0.14670079946517944
33120,3306,0.07583436369895935
33130,3307,0.08527248352766037
33140,3308,0.21665579080581665
33150,3309,0.07143305987119675
33160,3310,0.12778528034687042
33170,3311,0.19177642464637756
33180,3312,0.06753897666931152
33190,3313,0.05691932886838913
33200,3314,0.2474088817834854
33210,3315,0.07234154641628265
33220,3316,0.12655995786190033
33230,3317,0.11556944251060486
33240,3318,0.22230343520641327
33250,3319,0.05308585241436958
33260,3320,0.20299744606018066
33270,3321,0.2065049409866333
33280,3322,0.04383450001478195
33290,3323,0.31866148114204407
33300,3324,0.14936403930187225
33310,3325,0.1721230149269104
33320,3326,0.03635627403855324
33330,3327,0.30732107162475586
33340,3328,0.03453442081809044
33350,3329,0.10411642491817474
33360,3330,0.10063675791025162
33370,3331,0.08295172452926636
33380,3332,0.18241430819034576
33390,3333,0.12869250774383545
33400,3334,0.09530843794345856
33410,3335,0.046603843569755554
33420,3336,0.20929524302482605
33430,3337,0.08672728389501572
33440,3338,0.22749575972557068
33450,3339,0.11534210294485092
33460,3340,0.1283138394355774
33470,3341,0.17270447313785553
33480,3342,0.050718601793050766
33490,3343,0.15951377153396606
33500,3344,0.10012979060411453
33510,3345,0.10173176229000092
33520,3346,0.06189100071787834
33530,3347,0.16335837543010712
33540,3348,0.1939898282289505
33550,3349,0.047525662928819656
33560,3350,0.1741672307252884
33570,3351,0.15984347462654114
33580,3352,0.06773240864276886
33590,3353,0.08558686077594757
33600,3354,0.17189550399780273
33610,3355,0.07568134367465973
33620,3356,0.07262144982814789
33630,3357,0.293565958738327
33640,3358,0.23108580708503723
33650,3359,0.28376075625419617
33660,3360,0.2319468855857849
33670,3361,0.09632273018360138
33680,3362,0.31653761863708496
33690,3363,0.24028469622135162
33700,3364,0.16521507501602173
33710,3365,0.15427429974079132
33720,3366,0.09137694537639618
33730,3367,0.10494447499513626
33740,3368,0.30162304639816284
33750,3369,0.2256436049938202
33760,3370,0.11720911413431168
33770,3371,0.0856383666396141
33780,3372,0.28745225071907043
33790,3373,0.29104968905448914
33800,3374,0.21964436769485474
33810,3375,0.20956964790821075
33820,3376,0.13244087994098663
33830,3377,0.12853485345840454
33840,3378,0.03882107883691788
33850,3379,0.18145343661308289
33860,3380,0.21326476335525513
33870,3381,0.21558524668216705
33880,3382,0.06721819937229156
33890,3383,0.3246425688266754
33900,3384,0.17547357082366943
33910,3385,0.07372386008501053
33920,3386,0.3843015730381012
33930,3387,0.06962743401527405
33940,3388,0.23672965168952942
33950,3389,0.1661408394575119
33960,3390,0.2151331752538681
33970,3391,0.17823444306850433
33980,3392,0.23693621158599854
33990,3393,0.2116413563489914
34000,3394,0.15870918333530426
34010,3395,0.22413009405136108
34020,3396,0.14526142179965973
34030,3397,0.2518705427646637
34040,3398,0.08009292185306549
34050,3399,0.2205260694026947
34060,3400,0.23023828864097595
34070,3401,0.24825768172740936
34080,3402,0.19163163006305695
34090,3403,0.1761062890291214
34100,3404,0.24314101040363312
34110,3405,0.1958720088005066
34120,3406,0.14233770966529846
34130,3407,0.09140955656766891
34140,3408,0.2567877173423767
34150,3409,0.055987175554037094
34160,3410,0.12325745820999146
34170,3411,0.08233390003442764
34180,3412,0.2080898880958557
34190,3413,0.11549102514982224
34200,3414,0.12481121718883514
34210,3415,0.1435936838388443
34220,3416,0.3411809802055359
34230,3417,0.23895291984081268
34240,3418,0.16476082801818848
34250,3419,0.11416187137365341
34260,3420,0.19839723408222198
34270,3421,0.2697807848453522
34280,3422,0.19940981268882751
34290,3423,0.26341739296913147
34300,3424,0.15029947459697723
34310,3425,0.07718680799007416
34320,3426,0.15472747385501862
34330,3427,0.10869339108467102
34340,3428,0.11357691138982773
34350,3429,0.11790334433317184
34360,3430,0.22161749005317688
34370,3431,0.1561499685049057
34380,3432,0.14951908588409424
34390,3433,0.10695609450340271
34400,3434,0.29106876254081726
34410,3435,0.308378666639328
34420,3436,0.34141719341278076
34430,3437,0.07997745275497437
34440,3438,0.15653087198734283
34450,3439,0.2964951992034912
34460,3440,0.07397808879613876
34470,3441,0.05413410812616348
34480,3442,0.10602381080389023
34490,3443,0.16234952211380005
34500,3444,0.10104481875896454
34510,3445,0.07072394341230392
34520,3446,0.19037848711013794
34530,3447,0.2032155692577362
34540,3448,0.19723577797412872
34550,3449,0.26991724967956543
34560,3450,0.22184044122695923
34570,3451,0.249465674161911
34580,3452,0.23276768624782562
34590,3453,0.11981569230556488
34600,3454,0.20496690273284912
34610,3455,0.392272412776947
34620,3456,0.0773513913154602
34630,3457,0.28310316801071167
34640,3458,0.16030380129814148
34650,3459,0.176457017660141
34660,3460,0.23077692091464996
34670,3461,0.24555853009223938
34680,3462,0.14797060191631317
34690,3463,0.051404956728219986
34700,3464,0.2246769368648529
34710,3465,0.1156080886721611
34720,3466,0.12068113684654236
34730,3467,0.2748856842517853
34740,3468,0.24247726798057556
34750,3469,0.12536823749542236
34760,3470,0.10541316866874695
34770,3471,0.1302165538072586
34780,3472,0.1346348226070404
34790,3473,0.24634438753128052
34800,3474,0.2750096321105957
34810,3475,0.13197755813598633
34820,3476,0.133945032954216
34830,3477,0.2677841782569885
34840,3478,0.06954832375049591
34850,3479,0.14658008515834808
34860,3480,0.030000191181898117
34870,3481,0.19972127676010132
34880,3482,0.3759514093399048
34890,3483,0.28458788990974426
34900,3484,0.29586783051490784
34910,3485,0.029112616553902626
34920,3486,0.08877493441104889
34930,3487,0.11447553336620331
34940,3488,0.19346794486045837
34950,3489,0.2661847770214081
34960,3490,0.2543903887271881
34970,3491,0.1253495067358017
34980,3492,0.0061278026551008224
34990,3493,0.07486379891633987
35000,3494,0.023874754086136818
35010,3495,0.26497966051101685
35020,3496,0.2145281285047531
35030,3497,0.1716640591621399
35040,3498,0.13899871706962585
35050,3499,0.24189430475234985
35060,3500,0.292818546295166
35070,3501,0.09235402196645737
35080,3502,0.2855678200721741
35090,3503,0.10681456327438354
35100,3504,0.08065589517354965
35110,3505,0.420380175113678
35120,3506,0.160919651389122
35130,3507,0.14688833057880402
35140,3508,0.0999884232878685
35150,3509,0.216695636510849
35160,3510,0.14041899144649506
35170,3511,0.03930489346385002
35180,3512,0.12364739179611206
35190,3513,0.43040016293525696
35200,3514,0.15186811983585358
35210,3515,0.10760471224784851
35220,3516,0.05501489341259003
35230,3517,0.1984952837228775
35240,3518,0.34098222851753235
35250,3519,0.07230978459119797
35260,3520,0.08328620344400406
35270,3521,0.19469191133975983
35280,3522,0.22974412143230438
35290,3523,0.2794792950153351
35300,3524,0.1049584224820137
35310,3525,0.08881279081106186
35320,3526,0.25092434883117676
35330,3527,0.1431684046983719
35340,3528,0.1635097712278366
35350,3529,0.05238935351371765
35360,3530,0.29349133372306824
35370,3531,0.052981890738010406
35380,3532,0.0958777517080307
35390,3533,0.17730207741260529
35400,3534,0.1891872137784958
35410,3535,0.31254997849464417
35420,3536,0.18673983216285706
35430,3537,0.18390408158302307
35440,3538,0.32650333642959595
35450,3539,0.1551835834980011
35460,3540,0.12298416346311569
35470,3541,0.22652572393417358
35480,3542,0.05877126380801201
35490,3543,0.38709762692451477
35500,3544,0.173166424036026
35510,3545,0.1926458179950714
35520,3546,0.13211245834827423
35530,3547,0.06314761936664581
35540,3548,0.1288205236196518
35550,3549,0.09770935773849487
35560,3550,0.09298127144575119
35570,3551,0.16642877459526062
35580,3552,0.22776459157466888
35590,3553,0.08052189648151398
35600,3554,0.20222048461437225
35610,3555,0.08524209260940552
35620,3556,0.06663519889116287
35630,3557,0.15293832123279572
35640,3558,0.2307390570640564
35650,3559,0.10617758333683014
35660,3560,0.15931791067123413
35670,3561,0.23023319244384766
35680,3562,0.21428892016410828
35690,3563,0.13642682135105133
35700,3564,0.28589123487472534
35710,3565,0.13868387043476105
35720,3566,0.2105104625225067
35730,3567,0.09482140839099884
35740,3568,0.2427498698234558
35750,3569,0.03496749699115753
35760,3570,0.11712075769901276
35770,3571,0.13111993670463562
35780,3572,0.1861688494682312
35790,3573,0.11297886818647385
35800,3574,0.07964974641799927
35810,3575,0.19196376204490662
35820,3576,0.06999991834163666
35830,3577,0.16803374886512756
35840,3578,0.05111841484904289
35850,3579,0.34008339047431946
35860,3580,0.0570954829454422
35870,3581,0.1655171662569046
35880,3582,0.10983922332525253
35890,3583,0.17764750123023987
35900,3584,0.09902152419090271
35910,3585,0.05298473685979843
35920,3586,0.14674733579158783
35930,3587,0.08122450858354568
35940,3588,0.16773027181625366
35950,3589,0.050031814724206924
35960,3590,0.21626798808574677
35970,3591,0.17212653160095215
35980,3592,0.15074345469474792
35990,3593,0.2553865909576416
36000,3594,0.27190014719963074
36010,3595,0.39696940779685974
36020,3596,0.09181103110313416
36030,3597,0.031672749668359756
36040,3598,0.14593370258808136
36050,3599,0.16023288667201996
36060,3600,0.2567758560180664
36070,3601,0.11199977993965149
36080,3602,0.17365604639053345
36090,3603,0.2583320736885071
36100,3604,0.15871661901474
36110,3605,0.06765499711036682
36120,3606,0.17517636716365814
36130,3607,0.07955790311098099
36140,3608,0.16311758756637573
36150,3609,0.20288357138633728
36160,3610,0.23580065369606018
36170,3611,0.16327086091041565
36180,3612,0.19454504549503326
36190,3613,0.0884711965918541
36200,3614,0.10556353628635406
36210,3615,0.16246995329856873
36220,3616,0.1678084135055542
36230,3617,0.3384166955947876
36240,3618,0.08431661128997803
36250,3619,0.07976758480072021
36260,3620,0.17026767134666443
36270,3621,0.22491098940372467
36280,3622,0.15086621046066284
36290,3623,0.18785245716571808
36300,3624,0.10155373066663742
36310,3625,0.21356500685214996
36320,3626,0.23273320496082306
36330,3627,0.04955039545893669
36340,3628,0.08040189743041992
36350,3629,0.06489656865596771
36360,3630,0.14631016552448273
36370,3631,0.08129938691854477
36380,3632,0.08127562701702118
36390,3633,0.05006230250000954
36400,3634,0.17148646712303162
36410,3635,0.21762295067310333
36420,3636,0.08923777937889099
36430,3637,0.3271523714065552
36440,3638,0.08111800253391266
36450,3639,0.24557514488697052
36460,3640,0.1877569556236267
36470,3641,0.13925932347774506
36480,3642,0.1539357751607895
36490,3643,0.14531347155570984
36500,3644,0.2162981480360031
36510,3645,0.21285726130008698
36520,3646,0.0316690094769001
36530,3647,0.2578805685043335
36540,3648,0.12106546759605408
36550,3649,0.1295582503080368
36560,3650,0.11749035865068436
36570,3651,0.16754105687141418
36580,3652,0.3043389618396759
36590,3653,0.19193221628665924
36600,3654,0.06696521490812302
36610,3655,0.12812381982803345
36620,3656,0.2277207225561142
36630,3657,0.15117479860782623
36640,3658,0.08064109086990356
36650,3659,0.1250600814819336
36660,3660,0.188579261302948
36670,3661,0.05511234328150749
36680,3662,0.20952776074409485
36690,3663,0.2471688985824585
36700,3664,0.09681222587823868
36710,3665,0.06493914872407913
36720,3666,0.1459992676973343
36730,3667,0.09887996315956116
36740,3668,0.06220254302024841
36750,3669,0.06862857937812805
36760,3670,0.11342151463031769
36770,3671,0.36297205090522766
36780,3672,0.11718576401472092
36790,3673,0.19096586108207703
36800,3674,0.10898198187351227
36810,3675,0.05002191662788391
36820,3676,0.08218539506196976
36830,3677,0.06466439366340637
36840,3678,0.13002218306064606
36850,3679,0.01497802697122097
36860,3680,0.2938971519470215
36870,3681,0.04010932147502899
36880,3682,0.08159082382917404
36890,3683,0.14418931305408478
36900,3684,0.25534218549728394
36910,3685,0.04877153038978577
36920,3686,0.2566836476325989
36930,3687,0.1256970465183258
36940,3688,0.09579890221357346
36950,3689,0.12234893441200256
36960,3690,0.14792512357234955
36970,3691,0.27045392990112305
36980,3692,0.05879439786076546
36990,3693,0.09000472724437714
37000,3694,0.09406501054763794
37010,3695,0.14724446833133698
37020,3696,0.06580644845962524
37030,3697,0.03322432190179825
37040,3698,0.20386511087417603
37050,3699,0.06598608195781708
37060,3700,0.10969145596027374
37070,3701,0.1743621975183487
37080,3702,0.13692143559455872
37090,3703,0.23262357711791992
37100,3704,0.09300364553928375
37110,3705,0.19830065965652466
37120,3706,0.20388197898864746
37130,3707,0.26093438267707825
37140,3708,0.03387805446982384
37150,3709,0.16296343505382538
37160,3710,0.08847735077142715
37170,3711,0.1595688909292221
37180,3712,0.15490226447582245
37190,3713,0.10383818298578262
37200,3714,0.11786855757236481
37210,3715,0.1999136507511139
37220,3716,0.06297993659973145
37230,3717,0.12700942158699036
37240,3718,0.1574540138244629
37250,3719,0.09207022190093994
37260,3720,0.29843825101852417
37270,3721,0.17642132937908173
37280,3722,0.20820647478103638
37290,3723,0.196711003780365
37300,3724,0.04506096616387367
37310,3725,0.05387287959456444
37320,3726,0.09378240257501602
37330,3727,0.18868549168109894
37340,3728,0.09053923189640045
37350,3729,0.11140046268701553
37360,3730,0.10211030393838882
37370,3731,0.029782811179757118
37380,3732,0.08509258925914764
37390,3733,0.12446936219930649
37400,3734,0.15981918573379517
37410,3735,0.1398548185825348
37420,3736,0.08029483258724213
37430,3737,0.258334755897522
37440,3738,0.14035311341285706
37450,3739,0.22806406021118164
37460,3740,0.14267224073410034
37470,3741,0.20538891851902008
37480,3742,0.19463284313678741
37490,3743,0.08013655245304108
37500,3744,0.08648212254047394
37510,3745,0.15169712901115417
37520,3746,0.13852591812610626
37530,3747,0.10945023596286774
37540,3748,0.06157461181282997
37550,3749,0.01751547120511532
37560,3750,0.17018809914588928
37570,3751,0.14837467670440674
37580,3752,0.04217289760708809
37590,3753,0.33201315999031067
37600,3754,0.08747699111700058
37610,3755,0.11017539352178574
37620,3756,0.08881083130836487
37630,3757,0.1410922259092331
37640,3758,0.08992499858140945
37650,3759,0.319174587726593
37660,3760,0.04674873873591423
37670,3761,0.31293585896492004
37680,3762,0.044076673686504364
37690,3763,0.11257165670394897
37700,3764,0.2619194984436035
37710,3765,0.07750406116247177
37720,3766,0.09832768142223358
37730,3767,0.1108674705028534
37740,3768,0.2897721529006958
37750,3769,0.44901707768440247
37760,3770,0.08305695652961731
37770,3771,0.09529773145914078
37780,3772,0.18681517243385315
37790,3773,0.13933855295181274
37800,3774,0.04997437447309494
37810,3775,0.1336548775434494
37820,3776,0.13659393787384033
37830,3777,0.16497628390789032
37840,3778,0.09805405884981155
37850,3779,0.1160268485546112
37860,3780,0.07222724705934525
37870,3781,0.014924232847988605
37880,3782,0.10377635061740875
37890,3783,0.052636489272117615
37900,3784,0.12681421637535095
37910,3785,0.06808927655220032
37920,3786,0.17652451992034912
37930,3787,0.10055333375930786
37940,3788,0.10220514237880707
37950,3789,0.13647115230560303
37960,3790,0.1645115464925766
37970,3791,0.24911271035671234
37980,3792,0.1606164574623108
37990,3793,0.08173098415136337
38000,3794,0.08402080833911896
38010,3795,0.18253344297409058
38020,3796,0.1405767947435379
38030,3797,0.20902100205421448
38040,3798,0.2115359753370285
38050,3799,0.2363266944885254
38060,3800,0.14390788972377777
38070,3801,0.10380292683839798
38080,3802,0.1995094120502472
38090,3803,0.1989571452140808
38100,3804,0.4062812626361847
38110,3805,0.20079699158668518
38120,3806,0.1226009875535965
38130,3807,0.17424726486206055
38140,3808,0.16119734942913055
38150,3809,0.05755415931344032
38160,3810,0.20515230298042297
38170,3811,0.24654239416122437
38180,3812,0.16244827210903168
38190,3813,0.0750398263335228
38200,3814,0.22813211381435394
38210,3815,0.050254274159669876
38220,3816,0.13796095550060272
38230,3817,0.14068126678466797
38240,3818,0.27975910902023315
38250,3819,0.522827684879303
38260,3820,0.09690140187740326
38270,3821,0.1547766476869583
38280,3822,0.06545945256948471
38290,3823,0.08991064131259918
38300,3824,0.13349254429340363
38310,3825,0.17574536800384521
38320,3826,0.045744385570287704
38330,3827,0.08600256592035294
38340,3828,0.14594247937202454
38350,3829,0.19575227797031403
38360,3830,0.11792967468500137
38370,3831,0.07801731675863266
38380,3832,0.03793583810329437
38390,3833,0.13574588298797607
38400,3834,0.13045401871204376
38410,3835,0.1424211859703064
38420,3836,0.09059582650661469
38430,3837,0.1475408673286438
38440,3838,0.23201020061969757
38450,3839,0.13740907609462738
38460,3840,0.1835910677909851
38470,3841,0.20269137620925903
38480,3842,0.2747054100036621
38490,3843,0.3894859850406647
38500,3844,0.07345060259103775
38510,3845,0.2240183800458908
38520,3846,0.2598930597305298
38530,3847,0.14572525024414062
38540,3848,0.1318487673997879
38550,3849,0.2353627234697342
38560,3850,0.09917338192462921
38570,3851,0.14371350407600403
38580,3852,0.30226317048072815
38590,3853,0.19184283912181854
38600,3854,0.3204720616340637
38610,3855,0.09391610324382782
38620,3856,0.11544786393642426
38630,3857,0.26173195242881775
38640,3858,0.21260733902454376
38650,3859,0.2896266281604767
38660,3860,0.22717508673667908
38670,3861,0.40671247243881226
38680,3862,0.04429411515593529
38690,3863,0.13817082345485687
38700,3864,0.23467129468917847
38710,3865,0.35029923915863037
38720,3866,0.09090886265039444
38730,3867,0.14055205881595612
38740,3868,0.1573769897222519
38750,3869,0.19988985359668732
38760,3870,0.45516297221183777
38770,3871,0.0975421667098999
38780,3872,0.1349262148141861
38790,3873,0.013360449112951756
38800,3874,0.0029054787009954453
38810,3875,0.22853940725326538
38820,3876,0.2936527132987976
38830,3877,0.21206390857696533
38840,3878,0.024099092930555344
38850,3879,0.09723944962024689
38860,3880,0.12910246849060059
38870,3881,0.26775139570236206
38880,3882,0.11265619844198227
38890,3883,0.10948631912469864
38900,3884,0.1930275708436966
38910,3885,0.12428994476795197
38920,3886,0.10656461119651794
38930,3887,0.19324681162834167
38940,3888,0.235770121216774
38950,3889,0.1806408315896988
38960,3890,0.3660363554954529
38970,3891,0.2373306304216385
38980,3892,0.049135733395814896
38990,3893,0.16006264090538025
39000,3894,0.051647212356328964
39010,3895,0.24794970452785492
39020,3896,0.16555245220661163
39030,3897,0.16159489750862122
39040,3898,0.26722294092178345
39050,3899,0.016138480976223946
39060,3900,0.1400664746761322
39070,3901,0.10592782497406006
39080,3902,0.07753343135118484
39090,3903,0.11505520343780518
39100,3904,0.1529778242111206
39110,3905,0.19239191710948944
39120,3906,0.14231367409229279
39130,3907,0.16240382194519043
39140,3908,0.3487926423549652
39150,3909,0.18520113825798035
39160,3910,0.3878818154335022
39170,3911,0.1816284954547882
39180,3912,0.1274120807647705
39190,3913,0.46704357862472534
39200,3914,0.1972869336605072
39210,3915,0.263392835855484
39220,3916,0.12530817091464996
39230,3917,0.0934986025094986
39240,3918,0.22246327996253967
39250,3919,0.13946455717086792
39260,3920,0.08516065776348114
39270,3921,0.017244791612029076
39280,3922,0.2907402515411377
39290,3923,0.16331081092357635
39300,3924,0.11016656458377838
39310,3925,0.1486644744873047
39320,3926,0.10867898166179657
39330,3927,0.1372964233160019
39340,3928,0.202389195561409
39350,3929,0.21900296211242676
39360,3930,0.039085786789655685
39370,3931,0.18892347812652588
39380,3932,0.2798253893852234
39390,3933,0.09992519021034241
39400,3934,0.22785598039627075
39410,3935,0.12001494318246841
39420,3936,0.10021650046110153
39430,3937,0.13646288216114044
39440,3938,0.14184333384037018
39450,3939,0.22142140567302704
39460,3940,0.4407399892807007
39470,3941,0.1982784867286682
39480,3942,0.09491074830293655
39490,3943,0.023258300498127937
39500,3944,0.13913382589817047
39510,3945,0.10690386593341827
39520,3946,0.24223974347114563
39530,3947,0.13316695392131805
39540,3948,0.1997627168893814
39550,3949,0.22497859597206116
39560,3950,0.024466367438435555
39570,3951,0.18688257038593292
39580,3952,0.14453038573265076
39590,3953,0.25091201066970825
39600,3954,0.25455114245414734
39610,3955,0.247633159160614
39620,3956,0.15838192403316498
39630,3957,0.26623496413230896
39640,3958,0.2593246102333069
39650,3959,0.0996335819363594
39660,3960,0.06264202296733856
39670,3961,0.11884693801403046
39680,3962,0.039909880608320236
39690,3963,0.021962739527225494
39700,3964,0.16201455891132355
39710,3965,0.153228759765625
39720,3966,0.07788527756929398
39730,3967,0.21726670861244202
39740,3968,0.2750164270401001
39750,3969,0.11204279959201813
39760,3970,0.1594924032688141
39770,3971,0.15899839997291565
39780,3972,0.057403743267059326
39790,3973,0.09735579788684845
39800,3974,0.1836758404970169
39810,3975,0.16341161727905273
39820,3976,0.26389196515083313
39830,3977,0.17972996830940247
39840,3978,0.1585988849401474
39850,3979,0.31543922424316406
39860,3980,0.0675305724143982
39870,3981,0.07954186201095581
39880,3982,0.2829393148422241
39890,3983,0.16704265773296356
39900,3984,0.11036556959152222
39910,3985,0.1718188226222992
39920,3986,0.10464192926883698
39930,3987,0.1614963710308075
39940,3988,0.10789461433887482
39950,3989,0.10846193134784698
39960,3990,0.10982657968997955
39970,3991,0.17704841494560242
39980,3992,0.11033626645803452
39990,3993,0.04495847225189209
40000,3994,0.18768681585788727
40010,3995,0.3408068120479584
40020,3996,0.14748911559581757
40030,3997,0.22906652092933655
40040,3998,0.07438188046216965
40050,3999,0.18466228246688843
40060,4000,0.14416074752807617
40070,4001,0.3435245454311371
40080,4002,0.09659362584352493
40090,4003,0.12971355020999908
40100,4004,0.21130354702472687
40110,4005,0.1910693645477295
40120,4006,0.10158687829971313
40130,4007,0.17326560616493225
40140,4008,0.13066378235816956
40150,4009,0.2260597050189972
40160,4010,0.13770747184753418
40170,4011,0.09048636257648468
40180,4012,0.13201606273651123
40190,4013,0.0764484629034996
40200,4014,0.007615868002176285
40210,4015,0.0801377147436142
40220,4016,0.13857173919677734
40230,4017,0.35138139128685
40240,4018,0.27526578307151794
40250,4019,0.21446272730827332
40260,4020,0.1766054630279541
40270,4021,0.15231430530548096
40280,4022,0.1760002076625824
40290,4023,0.13059335947036743
40300,4024,0.07101408392190933
40310,4025,0.13370344042778015
40320,4026,0.07332469522953033
40330,4027,0.06793097406625748
40340,4028,0.35264357924461365
40350,4029,0.09540753066539764
40360,4030,0.05506201088428497
40370,4031,0.3635031580924988
40380,4032,0.20192617177963257
40390,4033,0.2524542510509491
40400,4034,0.1596657931804657
40410,4035,0.12448891997337341
40420,4036,0.147585928440094
40430,4037,0.12123764306306839
40440,4038,0.09858537465333939
40450,4039,0.1768997460603714
40460,4040,0.07101156562566757
40470,4041,0.06541001051664352
40480,4042,0.25431597232818604
40490,4043,0.30146297812461853
40500,4044,0.257681667804718
40510,4045,0.12453795969486237
40520,4046,0.1391294151544571
40530,4047,0.1944453865289688
40540,4048,0.2236335277557373
40550,4049,0.09013262391090393
40560,4050,0.11769182235002518
40570,4051,0.03181813657283783
40580,4052,0.157403826713562
40590,4053,0.07930374145507812
40600,4054,0.2005854845046997
40610,4055,0.10918384045362473
40620,4056,0.1386745423078537
40630,4057,0.0937454029917717
40640,4058,0.09648916870355606
40650,4059,0.11628513038158417
40660,4060,0.07723691314458847
40670,4061,0.1940312683582306
40680,4062,0.08693055808544159
40690,4063,0.11986280977725983
40700,4064,0.11803709715604782
40710,4065,0.13780170679092407
40720,4066,0.0843958854675293
40730,4067,0.1409645527601242
40740,4068,0.39915502071380615
40750,4069,0.2784203886985779
40760,4070,0.11075247824192047
40770,4071,0.09569016098976135
40780,4072,0.09227287024259567
40790,4073,0.11299093812704086
40800,4074,0.027767514809966087
40810,4075,0.11295942217111588
40820,4076,0.116353839635849
40830,4077,0.11804027110338211
40840,4078,0.13623404502868652
40850,4079,0.23418666422367096
40860,4080,0.28890734910964966
40870,4081,0.19500087201595306
40880,4082,0.13712342083454132
40890,4083,0.12049037218093872
40900,4084,0.2266436070203781
40910,4085,0.12571948766708374
40920,4086,0.14495250582695007
40930,4087,0.4217584431171417
40940,4088,0.04383595660328865
40950,4089,0.10065838694572449
40960,4090,0.14747656881809235
40970,4091,0.12184683233499527
40980,4092,0.1823708415031433
40990,4093,0.17128999531269073
41000,4094,0.12414129078388214
41010,4095,0.16824953258037567
41020,4096,0.2411475032567978
41030,4097,0.18311862647533417
41040,4098,0.03758939355611801
41050,4099,0.18964140117168427
41060,4100,0.14949285984039307
41070,4101,0.21000592410564423
41080,4102,0.11479038745164871
41090,4103,0.09742765128612518
41100,4104,0.28272783756256104
41110,4105,0.13560855388641357
41120,4106,0.35316282510757446
41130,4107,0.2374299019575119
41140,4108,0.02354307845234871
41150,4109,0.39139509201049805
41160,4110,0.12505227327346802
41170,4111,0.21165373921394348
41180,4112,0.1098475381731987
41190,4113,0.059906214475631714
41200,4114,0.13767333328723907
41210,4115,0.23169900476932526
41220,4116,0.053460218012332916
41230,4117,0.16751456260681152
41240,4118,0.1156282126903534
41250,4119,0.24363631010055542
41260,4120,0.0438065305352211
41270,4121,0.19539706408977509
41280,4122,0.10612982511520386
41290,4123,0.14465640485286713
41300,4124,0.08484764397144318
41310,4125,0.0760568380355835
41320,4126,0.06860033422708511
41330,4127,0.19246245920658112
41340,4128,0.09583223611116409
41350,4129,0.3180588483810425
41360,4130,0.08015868812799454
41370,4131,0.06420847773551941
41380,4132,0.18908873200416565
41390,4133,0.10978078842163086
41400,4134,0.2616872787475586
41410,4135,0.2248738408088684
41420,4136,0.06226508319377899
41430,4137,0.3134933114051819
41440,4138,0.17120452225208282
41450,4139,0.1907888948917389
41460,4140,0.11262305080890656
41470,4141,0.10260366648435593
41480,4142,0.07909869402647018
41490,4143,0.21131950616836548
41500,4144,0.22123226523399353
41510,4145,0.2554926872253418
41520,4146,0.14056771993637085
41530,4147,0.21482986211776733
41540,4148,0.29505103826522827
41550,4149,0.33195704221725464
41560,4150,0.20699577033519745
41570,4151,0.16096961498260498
41580,4152,0.12631113827228546
41590,4153,0.13086877763271332
41600,4154,0.1504097580909729
41610,4155,0.1358414590358734
41620,4156,0.1173984482884407
41630,4157,0.1416623890399933
41640,4158,0.22674576938152313
41650,4159,0.08442085981369019
41660,4160,0.0701407790184021
41670,4161,0.04352162033319473
41680,4162,0.18507632613182068
41690,4163,0.14646276831626892
41700,4164,0.16923443973064423
41710,4165,0.32200586795806885
41720,4166,0.08880005031824112
41730,4167,0.06916552037000656
41740,4168,0.17775700986385345
41750,4169,0.09018974006175995
41760,4170,0.17318981885910034
41770,4171,0.23651863634586334
41780,4172,0.12154201418161392
41790,4173,0.18287622928619385
41800,4174,0.006241152063012123
41810,4175,0.1421821415424347
41820,4176,0.17166048288345337
41830,4177,0.12827101349830627
41840,4178,0.0683620423078537
41850,4179,0.08963750302791595
41860,4180,0.08071568608283997
41870,4181,0.04123397171497345
41880,4182,0.41008031368255615
41890,4183,0.07538092881441116
41900,4184,0.1330285221338272
41910,4185,0.18460993468761444
41920,4186,0.21087969839572906
41930,4187,0.13403689861297607
41940,4188,0.18789386749267578
41950,4189,0.10038213431835175
41960,4190,0.10312388837337494
41970,4191,0.12586411833763123
41980,4192,0.11595140397548676
41990,4193,0.03443745896220207
42000,4194,0.11246880888938904
42010,4195,0.08475276827812195
42020,4196,0.10564593970775604
42030,4197,0.3301696181297302
42040,4198,0.1275995820760727
42050,4199,0.16973485052585602
42060,4200,0.16539335250854492
42070,4201,0.22036956250667572
42080,4202,0.01082201860845089
42090,4203,0.11334974318742752
42100,4204,0.24642100930213928
42110,4205,0.16984686255455017
42120,4206,0.07356344908475876
42130,4207,0.12500789761543274
42140,4208,0.18265177309513092
42150,4209,0.18661536276340485
42160,4210,0.13886335492134094
42170,4211,0.14613807201385498
42180,4212,0.20045147836208344
42190,4213,0.1822241097688675
42200,4214,0.1820884346961975
42210,4215,0.1471826434135437
42220,4216,0.15133036673069
42230,4217,0.057908929884433746
42240,4218,0.2175189107656479
42250,4219,0.14966930449008942
42260,4220,0.11980699747800827
42270,4221,0.07820749282836914
42280,4222,0.37460216879844666
42290,4223,0.11106404662132263
42300,4224,0.08614057302474976
42310,4225,0.08155060559511185
42320,4226,0.330993115901947
42330,4227,0.1803051382303238
42340,4228,0.08861438930034637
42350,4229,0.0803627297282219
42360,4230,0.25593551993370056
42370,4231,0.04907718673348427
42380,4232,0.30695950984954834
42390,4233,0.25773054361343384
42400,4234,0.16236212849617004
42410,4235,0.28852659463882446
42420,4236,0.19231107831001282
42430,4237,0.2944588363170624
42440,4238,0.00760590611025691
42450,4239,0.22124196588993073
42460,4240,0.3266533613204956
42470,4241,0.09885905683040619
42480,4242,0.19287781417369843
42490,4243,0.13837522268295288
42500,4244,0.04575977846980095
42510,4245,0.2886729836463928
42520,4246,0.14416339993476868
42530,4247,0.10802795737981796
42540,4248,0.07176221907138824
42550,4249,0.3292407691478729
42560,4250,0.13470405340194702
42570,4251,0.07361574470996857
42580,4252,0.09057048708200455
42590,4253,0.14387385547161102
42600,4254,0.04828319698572159
42610,4255,0.24649395048618317
42620,4256,0.20503878593444824
42630,4257,0.030434492975473404
42640,4258,0.09672833979129791
42650,4259,0.17107024788856506
42660,4260,0.11239073425531387
42670,4261,0.14361369609832764
42680,4262,0.10291922092437744
42690,4263,0.06636038422584534
42700,4264,0.2032690942287445
42710,4265,0.07003387808799744
42720,4266,0.08438452333211899
42730,4267,0.18930912017822266
42740,4268,0.17939604818820953
42750,4269,0.21546635031700134
42760,4270,0.37763434648513794
42770,4271,0.11185197532176971
42780,4272,0.06202072650194168
42790,4273,0.24913683533668518
42800,4274,0.12138794362545013
42810,4275,0.2016213983297348
42820,4276,0.22259676456451416
42830,4277,0.05144614353775978
42840,4278,0.16133199632167816
42850,4279,0.3784292936325073
42860,4280,0.4062494933605194
42870,4281,0.06601351499557495
42880,4282,0.25727444887161255
42890,4283,0.19380883872509003
42900,4284,0.33652836084365845
42910,4285,0.250323623418808
42920,4286,0.34647390246391296
42930,4287,0.19733287394046783
42940,4288,0.05753061920404434
42950,4289,0.1357075721025467
42960,4290,0.24555771052837372
42970,4291,0.18789373338222504
42980,4292,0.20185618102550507
42990,4293,0.13782040774822235
43000,4294,0.14708976447582245
43010,4295,0.26087120175361633
43020,4296,0.12302731722593307
43030,4297,0.18393546342849731
43040,4298,0.12941311299800873
43050,4299,0.30143314599990845
43060,4300,0.15152719616889954
43070,4301,0.1258363276720047
43080,4302,0.09288676083087921
43090,4303,0.1425251066684723
43100,4304,0.2627179026603699
43110,4305,0.20052623748779297
43120,4306,0.20881660282611847
43130,4307,0.16297051310539246
43140,4308,0.07244660705327988
43150,4309,0.07907620072364807
43160,4310,0.19773739576339722
43170,4311,0.1458093225955963
43180,4312,0.1710313856601715
43190,4313,0.17401036620140076
43200,4314,0.20708326995372772
43210,4315,0.10549049824476242
43220,4316,0.10863421857357025
43230,4317,0.1111285462975502
43240,4318,0.25840824842453003
43250,4319,0.1084781065583229
43260,4320,0.06731530278921127
43270,4321,0.279870867729187
43280,4322,0.24882914125919342
43290,4323,0.24360407888889313
43300,4324,0.09142089635133743
43310,4325,0.3006763458251953
43320,4326,0.34970518946647644
43330,4327,0.2272641956806183
43340,4328,0.25943493843078613
43350,4329,0.20547857880592346
43360,4330,0.1601562798023224
43370,4331,0.11813034117221832
43380,4332,0.07339668273925781
43390,4333,0.20918157696723938
43400,4334,0.31197237968444824
43410,4335,0.2323375940322876
43420,4336,0.17095808684825897
43430,4337,0.2818163335323334
43440,4338,0.2035379707813263
43450,4339,0.04897484928369522
43460,4340,0.10650774091482162
43470,4341,0.2147732675075531
43480,4342,0.16976359486579895
43490,4343,0.1835590898990631
43500,4344,0.07312987744808197
43510,4345,0.06573519110679626
43520,4346,0.29091429710388184
43530,4347,0.21795539557933807
43540,4348,0.24483443796634674
43550,4349,0.16690237820148468
43560,4350,0.30053624510765076
43570,4351,0.15836617350578308
43580,4352,0.06275444477796555
43590,4353,0.22296839952468872
43600,4354,0.0704825147986412
43610,4355,0.2613174617290497
43620,4356,0.07674732059240341
43630,4357,0.24794502556324005
43640,4358,0.13877157866954803
43650,4359,0.16784276068210602
43660,4360,0.14862874150276184
43670,4361,0.1050972118973732
43680,4362,0.3639887571334839
43690,4363,0.16264145076274872
43700,4364,0.24508287012577057
43710,4365,0.3948351740837097
43720,4366,0.17688198387622833
43730,4367,0.19163155555725098
43740,4368,0.21293507516384125
43750,4369,0.20024719834327698
43760,4370,0.3309955894947052
43770,4371,0.2724536955356598
43780,4372,0.24683775007724762
43790,4373,0.12190007418394089
43800,4374,0.11262664198875427
43810,4375,0.0860142782330513
43820,4376,0.07567881792783737
43830,4377,0.20966647565364838
43840,4378,0.05281719192862511
43850,4379,0.1921253502368927
43860,4380,0.09910240769386292
43870,4381,0.13810989260673523
43880,4382,0.2494828999042511
43890,4383,0.23076185584068298
43900,4384,0.2695622444152832
43910,4385,0.10385751724243164
43920,4386,0.28444743156433105
43930,4387,0.08408103138208389
43940,4388,0.13239914178848267
43950,4389,0.4103015661239624
43960,4390,0.1660161316394806
43970,4391,0.2224399596452713
43980,4392,0.20266713201999664
43990,4393,0.16956451535224915
44000,4394,0.11159193515777588
44010,4395,0.08680576831102371
44020,4396,0.07102388888597488
44030,4397,0.25884440541267395
44040,4398,0.09389469772577286
44050,4399,0.26021894812583923
44060,4400,0.1117946058511734
44070,4401,0.33681896328926086
44080,4402,0.16059060394763947
44090,4403,0.1757603883743286
44100,4404,0.30850949883461
44110,4405,0.14441847801208496
44120,4406,0.09697681665420532
44130,4407,0.1833706945180893
44140,4408,0.15869037806987762
44150,4409,0.31539493799209595
44160,4410,0.1222875639796257
44170,4411,0.2485279142856598
44180,4412,0.20960894227027893
44190,4413,0.06519071012735367
44200,4414,0.12320999056100845
44210,4415,0.08898156881332397
44220,4416,0.0890994668006897
44230,4417,0.1476735919713974
44240,4418,0.21056950092315674
44250,4419,0.0719965398311615
44260,4420,0.12765245139598846
44270,4421,0.18540824949741364
44280,4422,0.2803769111633301
44290,4423,0.2577257752418518
44300,4424,0.07751607149839401
44310,4425,0.12075955420732498
44320,4426,0.2947263717651367
44330,4427,0.18476341664791107
44340,4428,0.124009869992733
44350,4429,0.2380402833223343
44360,4430,0.23845422267913818
44370,4431,0.20424525439739227
44380,4432,0.0561189204454422
44390,4433,0.2008049041032791
44400,4434,0.014281114563345909
44410,4435,0.2682354748249054
44420,4436,0.17709964513778687
44430,4437,0.2502085268497467
44440,4438,0.3776242733001709
44450,4439,0.21012668311595917
44460,4440,0.3018779158592224
44470,4441,0.29267561435699463
44480,4442,0.06937739998102188
44490,4443,0.2702297270298004
44500,4444,0.20789165794849396
44510,4445,0.1999242752790451
44520,4446,0.21274997293949127
44530,4447,0.15206672251224518
44540,4448,0.23527656495571136
44550,4449,0.24072077870368958
44560,4450,0.12295778095722198
44570,4451,0.12759754061698914
44580,4452,0.1302783191204071
44590,4453,0.18847215175628662
44600,4454,0.10565473139286041
44610,4455,0.13523352146148682
44620,4456,0.12797275185585022
44630,4457,0.33475056290626526
44640,4458,0.19306786358356476
44650,4459,0.1977940797805786
44660,4460,0.051909659057855606
44670,4461,0.12727072834968567
44680,4462,0.16373662650585175
44690,4463,0.10042982548475266
44700,4464,0.15981833636760712
44710,4465,0.1453053057193756
44720,4466,0.3525560796260834
44730,4467,0.07406812906265259
44740,4468,0.4408971667289734
44750,4469,0.19007965922355652
44760,4470,0.0968768298625946
44770,4471,0.0834256112575531
44780,4472,0.08685783296823502
44790,4473,0.1066545695066452
44800,4474,0.4997289478778839
44810,4475,0.06262797117233276
44820,4476,0.09786966443061829
44830,4477,0.15302586555480957
44840,4478,0.1665116548538208
44850,4479,0.3335270881652832
44860,4480,0.09049759805202484
44870,4481,0.1758527010679245
44880,4482,0.13991263508796692
44890,4483,0.07832500338554382
44900,4484,0.16530855000019073
44910,4485,0.06796160340309143
44920,4486,0.18617887794971466
44930,4487,0.15437425673007965
44940,4488,0.20186708867549896
44950,4489,0.22458148002624512
44960,4490,0.10873258113861084
44970,4491,0.185188889503479
44980,4492,0.15020407736301422
44990,4493,0.07896099239587784
45000,4494,0.11240819096565247
45010,4495,0.08397985994815826
45020,4496,0.4057471752166748
45030,4497,0.3321071267127991
45040,4498,0.1965295672416687
45050,4499,0.18526744842529297
45060,4500,0.26407793164253235
45070,4501,0.19986490905284882
45080,4502,0.1243436262011528
45090,4503,0.0822935625910759
45100,4504,0.07999604195356369
45110,4505,0.17620421946048737
45120,4506,0.2250680774450302
45130,4507,0.10547277331352234
45140,4508,0.36956581473350525
45150,4509,0.16289572417736053
45160,4510,0.10645560920238495
45170,4511,0.17886275053024292
45180,4512,0.16312846541404724
45190,4513,0.08009041100740433
45200,4514,0.1955050826072693
45210,4515,0.17981213331222534
45220,4516,0.1923249363899231
45230,4517,0.10064604878425598
45240,4518,0.09746888279914856
45250,4519,0.1560802310705185
45260,4520,0.1047489121556282
45270,4521,0.14836616814136505
45280,4522,0.3205549716949463
45290,4523,0.22411219775676727
45300,4524,0.28075459599494934
45310,4525,0.12210524082183838
45320,4526,0.15253910422325134
45330,4527,0.2357553094625473
45340,4528,0.17408300936222076
45350,4529,0.16590306162834167
45360,4530,0.13401836156845093
45370,4531,0.35512903332710266
45380,4532,0.06292400509119034
45390,4533,0.03044067695736885
45400,4534,0.15457838773727417
45410,4535,0.17813412845134735
45420,4536,0.030426885932683945
45430,4537,0.20076680183410645
45440,4538,0.16354215145111084
45450,4539,0.26586365699768066
45460,4540,0.14368249475955963
45470,4541,0.11724168807268143
45480,4542,0.2438979297876358
45490,4543,0.1337985098361969
45500,4544,0.20747247338294983
45510,4545,0.0831010714173317
45520,4546,0.16763710975646973
45530,4547,0.23766425251960754
45540,4548,0.0745793879032135
45550,4549,0.13305282592773438
45560,4550,0.07969372719526291
45570,4551,0.10625456273555756
45580,4552,0.05049552768468857
45590,4553,0.264199823141098
45600,4554,0.13039249181747437
45610,4555,0.2903464734554291
45620,4556,0.159865140914917
45630,4557,0.19092383980751038
45640,4558,0.1412295550107956
45650,4559,0.14552070200443268
45660,4560,0.14691275358200073
45670,4561,0.16158509254455566
45680,4562,0.038987450301647186
45690,4563,0.0708460584282875
45700,4564,0.08880430459976196
45710,4565,0.1630476415157318
45720,4566,0.17850318551063538
45730,4567,0.14283838868141174
45740,4568,0.1979842633008957
45750,4569,0.16849453747272491
45760,4570,0.07145971804857254
45770,4571,0.11813811957836151
45780,4572,0.1468716263771057
45790,4573,0.27765271067619324
45800,4574,0.18103861808776855
45810,4575,0.08884675800800323
45820,4576,0.06499136984348297
45830,4577,0.08108659833669662
45840,4578,0.3072079122066498
45850,4579,0.2088361382484436
45860,4580,0.13428494334220886
45870,4581,0.14334575831890106
45880,4582,0.16411185264587402
45890,4583,0.2513970136642456
45900,4584,0.33581453561782837
45910,4585,0.20599372684955597
45920,4586,0.09696421772241592
45930,4587,0.10178780555725098
45940,4588,0.1555742621421814
45950,4589,0.16155113279819489
45960,4590,0.12141372263431549
45970,4591,0.12814657390117645
45980,4592,0.12770052254199982
45990,4593,0.06202404573559761
46000,4594,0.08252617716789246
46010,4595,0.14644289016723633
46020,4596,0.14576959609985352
46030,4597,0.20427750051021576
46040,4598,0.05643076449632645
46050,4599,0.21993593871593475
46060,4600,0.061614543199539185
46070,4601,0.35712477564811707
46080,4602,0.13175630569458008
46090,4603,0.08521390706300735
46100,4604,0.0724075585603714
46110,4605,0.16640667617321014
46120,4606,0.13254626095294952
46130,4607,0.25487977266311646
46140,4608,0.13163316249847412
46150,4609,0.2565699815750122
46160,4610,0.22079549729824066
46170,4611,0.23278138041496277
46180,4612,0.10922583937644958
46190,4613,0.19894011318683624
46200,4614,0.08765837550163269
46210,4615,0.16008873283863068
46220,4616,0.03437354043126106
46230,4617,0.14542052149772644
46240,4618,0.10349632799625397
46250,4619,0.17491856217384338
46260,4620,0.0981941744685173
46270,4621,0.163762629032135
46280,4622,0.15527908504009247
46290,4623,0.14569014310836792
46300,4624,0.1154380813241005
46310,4625,0.20679108798503876
46320,4626,0.2715515196323395
46330,4627,0.1714198887348175
46340,4628,0.14356103539466858
46350,4629,0.12354831397533417
46360,4630,0.19963544607162476
46370,4631,0.1100764274597168
46380,4632,0.15331313014030457
46390,4633,0.15735043585300446
46400,4634,0.07832939922809601
46410,4635,0.21799485385417938
46420,4636,0.10119228065013885
46430,4637,0.23638394474983215
46440,4638,0.15600019693374634
46450,4639,0.1398654580116272
46460,4640,0.11001920700073242
46470,4641,0.24925082921981812
46480,4642,0.02929322049021721
46490,4643,0.03612535446882248
46500,4644,0.10713192820549011
46510,4645,0.18208928406238556
46520,4646,0.15407444536685944
46530,4647,0.33085909485816956
46540,4648,0.20994028449058533
46550,4649,0.08702146261930466
46560,4650,0.05976273491978645
46570,4651,0.2283637523651123
46580,4652,0.04485496133565903
46590,4653,0.05714760720729828
46600,4654,0.13372698426246643
46610,4655,0.12840774655342102
46620,4656,0.2674764394760132
46630,4657,0.12815411388874054
46640,4658,0.21516075730323792
46650,4659,0.15445514023303986
46660,4660,0.03765348717570305
46670,4661,0.14965644478797913
46680,4662,0.3379611074924469
46690,4663,0.3421095311641693
46700,4664,0.11395448446273804
46710,4665,0.14962901175022125
46720,4666,0.13933901488780975
46730,4667,0.15365591645240784
46740,4668,0.20283396542072296
46750,4669,0.14084392786026
46760,4670,0.20561176538467407
46770,4671,0.05205513536930084
46780,4672,0.10241594910621643
46790,4673,0.05452912673354149
46800,4674,0.10445933043956757
46810,4675,0.15243686735630035
46820,4676,0.3294050097465515
46830,4677,0.07456502318382263
46840,4678,0.08337408304214478
46850,4679,0.16909006237983704
46860,4680,0.16771718859672546
46870,4681,0.04612431675195694
46880,4682,0.1514269858598709
46890,4683,0.20563578605651855
46900,4684,0.26712241768836975
46910,4685,0.31620246171951294
46920,4686,0.11703098565340042
46930,4687,0.27321672439575195
46940,4688,0.12305191159248352
46950,4689,0.1896868348121643
46960,4690,0.043503083288669586
46970,4691,0.3846013844013214
46980,4692,0.2614378333091736
46990,4693,0.2855934500694275
47000,4694,0.2517701983451843
47010,4695,0.1474277377128601
47020,4696,0.2819523811340332
47030,4697,0.018838733434677124
47040,4698,0.14103057980537415
47050,4699,0.11032213270664215
47060,4700,0.2075929045677185
47070,4701,0.0912971943616867
47080,4702,0.2101750671863556
47090,4703,0.0711732804775238
47100,4704,0.1266082227230072
47110,4705,0.2366103231906891
47120,4706,0.05750584229826927
47130,4707,0.10733231902122498
47140,4708,0.1365637183189392
47150,4709,0.21848277747631073
47160,4710,0.2753629684448242
47170,4711,0.16983333230018616
47180,4712,0.27419111132621765
47190,4713,0.13127657771110535
47200,4714,0.11885932832956314
47210,4715,0.07090213894844055
47220,4716,0.13268610835075378
47230,4717,0.20835015177726746
47240,4718,0.3618941009044647
47250,4719,0.12151162326335907
47260,4720,0.0228267889469862
47270,4721,0.3649122714996338
47280,4722,0.100267693400383
47290,4723,0.026727227494120598
47300,4724,0.07183273136615753
47310,4725,0.2265220433473587
47320,4726,0.044830430299043655
47330,4727,0.18679407238960266
47340,4728,0.17085511982440948
47350,4729,0.26251712441444397
47360,4730,0.10683092474937439
47370,4731,0.09572675824165344
47380,4732,0.24697861075401306
47390,4733,0.11929096281528473
47400,4734,0.17422160506248474
47410,4735,0.21589967608451843
47420,4736,0.20269954204559326
47430,4737,0.28617000579833984
47440,4738,0.2252226024866104
47450,4739,0.25400882959365845
47460,4740,0.46439024806022644
47470,4741,0.12166757881641388
47480,4742,0.21436770260334015
47490,4743,0.12384714931249619
47500,4744,0.10031509399414062
47510,4745,0.04204752296209335
47520,4746,0.06708817929029465
47530,4747,0.20515471696853638
47540,4748,0.2695094347000122
47550,4749,0.1702931523323059
47560,4750,0.0905025377869606
47570,4751,0.2180377095937729
47580,4752,0.2739039957523346
47590,4753,0.2217591553926468
47600,4754,0.12769396603107452
47610,4755,0.02866462618112564
47620,4756,0.34205588698387146
47630,4757,0.2155364453792572
47640,4758,0.34597262740135193
47650,4759,0.19906340539455414
47660,4760,0.06681837886571884
47670,4761,0.16136658191680908
47680,4762,0.42043766379356384
47690,4763,0.09310831129550934
47700,4764,0.1881740689277649
47710,4765,0.07950256019830704
47720,4766,0.26852044463157654
47730,4767,0.4559595584869385
47740,4768,0.11580722779035568
47750,4769,0.1988855004310608
47760,4770,0.1236015111207962
47770,4771,0.09959590435028076
47780,4772,0.32710179686546326
47790,4773,0.079506516456604
47800,4774,0.05556175112724304
47810,4775,0.05260784178972244
47820,4776,0.2709352970123291
47830,4777,0.10917492210865021
47840,4778,0.09302159398794174
47850,4779,0.2099040001630783
47860,4780,0.05624482035636902
47870,4781,0.06484675407409668
47880,4782,0.23210197687149048
47890,4783,0.13564229011535645
47900,4784,0.05520819127559662
47910,4785,0.044309087097644806
47920,4786,0.29877084493637085
47930,4787,0.15746904909610748
47940,4788,0.07876534759998322
47950,4789,0.22569863498210907
47960,4790,0.14001867175102234
47970,4791,0.1300445795059204
47980,4792,0.07497967779636383
47990,4793,0.12692098319530487
48000,4794,0.16915898025035858
48010,4795,0.186408132314682
48020,4796,0.35163789987564087
48030,4797,0.2932303845882416
48040,4798,0.1433718502521515
48050,4799,0.13029207289218903
48060,4800,0.3651707172393799
48070,4801,0.12824863195419312
48080,4802,0.11937132477760315
48090,4803,0.15126469731330872
48100,4804,0.057478226721286774
48110,4805,0.08553328365087509
48120,4806,0.059367548674345016
48130,4807,0.15353789925575256
48140,4808,0.16839012503623962
48150,4809,0.25649017095565796
48160,4810,0.08141504228115082
48170,4811,0.12773486971855164
48180,4812,0.199587881565094
48190,4813,0.31571537256240845
48200,4814,0.09182614833116531
48210,4815,0.051627017557621
48220,4816,0.12532161176204681
48230,4817,0.22790764272212982
48240,4818,0.367748498916626
48250,4819,0.0784987062215805
48260,4820,0.16586346924304962
48270,4821,0.22637034952640533
48280,4822,0.14803270995616913
48290,4823,0.04928712546825409
48300,4824,0.1692938208580017
48310,4825,0.09901222586631775
48320,4826,0.09970739483833313
48330,4827,0.20733046531677246
48340,4828,0.23800140619277954
48350,4829,0.20454654097557068
48360,4830,0.27161073684692383
48370,4831,0.19102400541305542
48380,4832,0.09378693252801895
48390,4833,0.10324709117412567
48400,4834,0.3129405081272125
48410,4835,0.21819543838500977
48420,4836,0.1177344024181366
48430,4837,0.2339044213294983
48440,4838,0.09280674159526825
48450,4839,0.15529732406139374
48460,4840,0.06743516772985458
48470,4841,0.14913909137248993
48480,4842,0.19688822329044342
48490,4843,0.129067525267601
48500,4844,0.23469389975070953
48510,4845,0.11958473920822144
48520,4846,0.3142566978931427
48530,4847,0.1812887340784073
48540,4848,0.02394486591219902
48550,4849,0.17851108312606812
48560,4850,0.09463685750961304
48570,4851,0.24784564971923828
48580,4852,0.06814542412757874
48590,4853,0.1664038598537445
48600,4854,0.21001994609832764
48610,4855,0.06637075543403625
48620,4856,0.02872784063220024
48630,4857,0.20668017864227295
48640,4858,0.0940513163805008
48650,4859,0.17421077191829681
48660,4860,0.054239656776189804
48670,4861,0.07058927416801453
48680,4862,0.03238446265459061
48690,4863,0.09343983978033066
48700,4864,0.29945307970046997
48710,4865,0.20864111185073853
48720,4866,0.04189429059624672
48730,4867,0.26313912868499756
48740,4868,0.16068220138549805
48750,4869,0.07319813221693039
48760,4870,0.052369825541973114
48770,4871,0.16700442135334015
48780,4872,0.2847326993942261
48790,4873,0.1422777771949768
48800,4874,0.1872267872095108
48810,4875,0.19966614246368408
48820,4876,0.26844748854637146
48830,4877,0.1523008644580841
48840,4878,0.2028549462556839
48850,4879,0.13752153515815735
48860,4880,0.14489132165908813
48870,4881,0.1385079324245453
48880,4882,0.14944103360176086
48890,4883,0.14843252301216125
48900,4884,0.021778423339128494
48910,4885,0.06823858618736267
48920,4886,0.028997713699936867
48930,4887,0.11235620826482773
48940,4888,0.13674747943878174
48950,4889,0.3446013331413269
48960,4890,0.2250722199678421
48970,4891,0.029893510043621063
48980,4892,0.06103279069066048
48990,4893,0.03403919190168381
49000,4894,0.11722823977470398
49010,4895,0.0838768407702446
49020,4896,0.12443115562200546
49030,4897,0.1125597357749939
49040,4898,0.10819932073354721
49050,4899,0.107912577688694
49060,4900,0.16703633964061737
49070,4901,0.23366554081439972
49080,4902,0.03240744769573212
49090,4903,0.13052964210510254
49100,4904,0.03072074055671692
49110,4905,0.09058301150798798
49120,4906,0.14645004272460938
49130,4907,0.24569359421730042
49140,4908,0.15241791307926178
49150,4909,0.08476153016090393
49160,4910,0.22187811136245728
49170,4911,0.18172891438007355
49180,4912,0.15541622042655945
49190,4913,0.03748464584350586
49200,4914,0.2390916496515274
49210,4915,0.13883118331432343
49220,4916,0.24611425399780273
49230,4917,0.04013935476541519
49240,4918,0.12121518701314926
49250,4919,0.31307345628738403
49260,4920,0.1168370172381401
49270,4921,0.062332604080438614
49280,4922,0.05226410925388336
49290,4923,0.30963149666786194
49300,4924,0.18849606812000275
49310,4925,0.10077416151762009
49320,4926,0.06605429947376251
49330,4927,0.18117448687553406
49340,4928,0.187995046377182
49350,4929,0.16147659718990326
49360,4930,0.2912282347679138
49370,4931,0.12370191514492035
49380,4932,0.1315225064754486
49390,4933,0.24944287538528442
49400,4934,0.14965148270130157
49410,4935,0.08598260581493378
49420,4936,0.13429200649261475
49430,4937,0.2967006266117096
49440,4938,0.15550358593463898
49450,4939,0.1347307413816452
49460,4940,0.12094318866729736
49470,4941,0.046869922429323196
49480,4942,0.18419115245342255
49490,4943,0.2979743480682373
49500,4944,0.13138793408870697
49510,4945,0.2608647346496582
49520,4946,0.13859973847866058
49530,4947,0.05869060754776001
49540,4948,0.24442046880722046
49550,4949,0.14587755501270294
49560,4950,0.23777921497821808
49570,4951,0.21137398481369019
49580,4952,0.07801783829927444
49590,4953,0.15393199026584625
49600,4954,0.11401517689228058
49610,4955,0.13492782413959503
49620,4956,0.13667115569114685
49630,4957,0.23113487660884857
49640,4958,0.11826003342866898
49650,4959,0.07157077640295029
49660,4960,0.17910967767238617
49670,4961,0.11123966425657272
49680,4962,0.10334128141403198
49690,4963,0.24026520550251007
49700,4964,0.178262859582901
49710,4965,0.042339228093624115
49720,4966,0.22219300270080566
49730,4967,0.19506952166557312
49740,4968,0.1558559089899063
49750,4969,0.06198379397392273
49760,4970,0.05130153149366379
49770,4971,0.08801674097776413
49780,4972,0.13570697605609894
49790,4973,0.04566708952188492
49800,4974,0.10317423939704895
49810,4975,0.45925652980804443
49820,4976,0.2644556760787964
49830,4977,0.07752209901809692
49840,4978,0.07062534987926483
49850,4979,0.16719768941402435
49860,4980,0.18185332417488098
49870,4981,0.06542254984378815
49880,4982,0.39355289936065674
49890,4983,0.11571788787841797
49900,4984,0.08168771117925644
49910,4985,0.09732458740472794
49920,4986,0.16294275224208832
49930,4987,0.12090546637773514
49940,4988,0.23839062452316284
49950,4989,0.029493287205696106
49960,4990,0.10985394567251205
49970,4991,0.11790799349546432
49980,4992,0.15761248767375946
49990,4993,0.14716821908950806
50000,4994,0.3835310637950897
