environment_step,learning_update,td_loss
70,1,0.02441094070672989
80,2,0.022742191329598427
90,3,0.010063163004815578
100,4,0.08306344598531723
110,5,0.08999109268188477
120,6,0.28870251774787903
130,7,0.2837539613246918
140,8,0.2085820436477661
150,9,0.2734392285346985
160,10,0.2812805771827698
170,11,0.17196059226989746
180,12,0.2671850323677063
190,13,0.11889678239822388
200,14,0.16120710968971252
210,15,0.17678987979888916
220,16,0.19959792494773865
230,17,0.25841736793518066
240,18,0.16530165076255798
250,19,0.3785446584224701
260,20,0.2902349531650543
270,21,0.3002169728279114
280,22,0.10791847854852676
290,23,0.4082578718662262
300,24,0.34169262647628784
310,25,0.12908759713172913
320,26,0.4441756308078766
330,27,0.43911948800086975
340,28,0.27266690135002136
350,29,0.2633720934391022
360,30,0.22077341377735138
370,31,0.11758801341056824
380,32,0.17007164657115936
390,33,0.2624020576477051
400,34,0.38958537578582764
410,35,0.537345826625824
420,36,0.4130338132381439
430,37,0.3710012137889862
440,38,0.18919949233531952
450,39,0.24630817770957947
460,40,0.4945802390575409
470,41,0.5371361970901489
480,42,0.21728083491325378
490,43,0.40190115571022034
500,44,0.26639169454574585
510,45,0.1759921908378601
520,46,0.24346642196178436
530,47,0.41263335943222046
540,48,0.33079880475997925
550,49,0.5511534214019775
560,50,0.17922574281692505
570,51,0.43768858909606934
580,52,0.2320917844772339
590,53,0.3716336190700531
600,54,0.34226760268211365
610,55,0.5596036911010742
620,56,0.3356303572654724
630,57,0.35245904326438904
640,58,0.26074811816215515
650,59,0.2720356285572052
660,60,0.4101771414279938
670,61,0.41614410281181335
680,62,0.5261585116386414
690,63,0.3277941346168518
700,64,0.3632827401161194
710,65,0.2487608939409256
720,66,0.24577641487121582
730,67,0.360505610704422
740,68,0.3845098912715912
750,69,0.27435070276260376
760,70,0.4223048985004425
770,71,0.5865184664726257
780,72,0.5944789052009583
790,73,0.4571668803691864
800,74,0.3960478901863098
810,75,0.2644454836845398
820,76,0.4370462894439697
830,77,0.38394254446029663
840,78,0.41037991642951965
850,79,0.38771745562553406
860,80,0.3095858097076416
870,81,0.2540607750415802
880,82,0.4169636070728302
890,83,0.4835518002510071
900,84,0.477122962474823
910,85,0.42874473333358765
920,86,0.49347299337387085
930,87,0.15803244709968567
940,88,0.7675031423568726
950,89,0.43497586250305176
960,90,0.5712772011756897
970,91,0.497467577457428
980,92,0.33177950978279114
990,93,0.35311150550842285
1000,94,0.5178560018539429
1010,95,0.4111916422843933
1020,96,0.5338075160980225
1030,97,0.2124357968568802
1040,98,0.26588940620422363
1050,99,0.2909069061279297
1060,100,0.21811175346374512
1070,101,0.49878066778182983
1080,102,0.5792149305343628
1090,103,0.3460037410259247
1100,104,0.45497506856918335
1110,105,0.35764119029045105
1120,106,0.20050834119319916
1130,107,0.4879552721977234
1140,108,0.27129700779914856
1150,109,0.5160759091377258
1160,110,0.36782389879226685
1170,111,0.4915233850479126
1180,112,0.4515625834465027
1190,113,0.37274301052093506
1200,114,0.4028916358947754
1210,115,0.2841531038284302
1220,116,0.5208436846733093
1230,117,0.3642078936100006
1240,118,0.3278105854988098
1250,119,0.4703315496444702
1260,120,0.2749825417995453
1270,121,0.30223116278648376
1280,122,0.43360474705696106
1290,123,0.30494576692581177
1300,124,0.4171116352081299
1310,125,0.364350289106369
1320,126,0.3589340150356293
1330,127,0.30912068486213684
1340,128,0.33784857392311096
1350,129,0.4028886556625366
1360,130,0.4804527461528778
1370,131,0.6620508432388306
1380,132,0.26549533009529114
1390,133,0.25152766704559326
1400,134,0.35295793414115906
1410,135,0.4967290759086609
1420,136,0.42076361179351807
1430,137,0.35738125443458557
1440,138,0.32050272822380066
1450,139,0.5730354189872742
1460,140,0.44730547070503235
1470,141,0.4280117154121399
1480,142,0.27048394083976746
1490,143,0.3961057662963867
1500,144,0.6605211496353149
1510,145,0.4683189392089844
1520,146,0.37410715222358704
1530,147,0.6329283118247986
1540,148,0.28562086820602417
1550,149,0.23848965764045715
1560,150,0.3845177888870239
1570,151,0.4940119981765747
1580,152,0.3631269633769989
1590,153,0.4347915053367615
1600,154,0.4683229923248291
1610,155,0.6574822664260864
1620,156,0.4435400664806366
1630,157,0.1869623363018036
1640,158,0.6178011298179626
1650,159,0.25841519236564636
1660,160,0.43661952018737793
1670,161,0.6025376915931702
1680,162,0.2478647232055664
1690,163,0.5489237308502197
1700,164,0.353793740272522
1710,165,0.47816890478134155
1720,166,0.5765829682350159
1730,167,0.8224264979362488
1740,168,0.45042288303375244
1750,169,0.7295863032341003
1760,170,0.4785756766796112
1770,171,0.3598243296146393
1780,172,0.3130817413330078
1790,173,0.33132821321487427
1800,174,0.31620174646377563
1810,175,0.3601190149784088
1820,176,0.41619420051574707
1830,177,0.4225236773490906
1840,178,0.40302062034606934
1850,179,0.3897380530834198
1860,180,0.49780333042144775
1870,181,0.5531964302062988
1880,182,0.5146481990814209
1890,183,0.5387008786201477
1900,184,0.41374021768569946
1910,185,0.3522239327430725
1920,186,0.37827396392822266
1930,187,0.7449548840522766
1940,188,0.3760029375553131
1950,189,0.2602822184562683
1960,190,0.2823775112628937
1970,191,0.38482698798179626
1980,192,0.6594475507736206
1990,193,0.5901452302932739
2000,194,0.4469265937805176
2010,195,0.4207470118999481
2020,196,0.7071040868759155
2030,197,0.4481063187122345
2040,198,0.46849507093429565
2050,199,0.462472140789032
2060,200,0.5494226813316345
2070,201,0.31463736295700073
2080,202,0.6304712295532227
2090,203,0.5926375985145569
2100,204,0.45480862259864807
2110,205,0.6178725957870483
2120,206,0.6027181148529053
2130,207,0.46705490350723267
2140,208,0.3295189440250397
2150,209,0.5496958494186401
2160,210,0.3582610487937927
2170,211,0.45776110887527466
2180,212,0.3436414301395416
2190,213,0.5397853255271912
2200,214,0.3459088206291199
2210,215,0.5204241871833801
2220,216,0.292697548866272
2230,217,0.27760323882102966
2240,218,0.3826180696487427
2250,219,0.5613680481910706
2260,220,0.34524422883987427
2270,221,0.35239511728286743
2280,222,0.6751801371574402
2290,223,0.6692154407501221
2300,224,0.3801674544811249
2310,225,0.4612196981906891
2320,226,0.3156558573246002
2330,227,0.3095066547393799
2340,228,0.4846126437187195
2350,229,0.3956405222415924
2360,230,0.23809093236923218
2370,231,0.4294801950454712
2380,232,0.5267780423164368
2390,233,0.31583642959594727
2400,234,0.4569568634033203
2410,235,0.6113072037696838
2420,236,0.5557736754417419
2430,237,0.19035841524600983
2440,238,0.3449774980545044
2450,239,0.6045424342155457
2460,240,0.33288949728012085
2470,241,0.2425144910812378
2480,242,0.47760140895843506
2490,243,0.3695635199546814
2500,244,0.46319684386253357
2510,245,0.26885807514190674
2520,246,0.6777814626693726
2530,247,0.40728074312210083
2540,248,0.6097244620323181
2550,249,0.48496970534324646
2560,250,0.45266056060791016
2570,251,0.29181352257728577
2580,252,0.6939319372177124
2590,253,0.34554362297058105
2600,254,0.46375566720962524
2610,255,0.625103771686554
2620,256,0.2986963093280792
2630,257,0.3893209397792816
2640,258,0.4881683886051178
2650,259,0.4133202135562897
2660,260,0.4506221413612366
2670,261,0.34795060753822327
2680,262,0.43582600355148315
2690,263,0.23574014008045197
2700,264,0.3514438271522522
2710,265,0.3171325922012329
2720,266,0.46270227432250977
2730,267,0.42865607142448425
2740,268,0.42711296677589417
2750,269,0.432889461517334
2760,270,0.3609921932220459
2770,271,0.4432485103607178
2780,272,0.5347920060157776
2790,273,0.25634706020355225
2800,274,0.35999560356140137
2810,275,0.47779691219329834
2820,276,0.6009080410003662
2830,277,0.6257599592208862
2840,278,0.7153364419937134
2850,279,0.38951224088668823
2860,280,0.3966398537158966
2870,281,0.559041440486908
2880,282,0.34805917739868164
2890,283,0.49367010593414307
2900,284,0.5617150664329529
2910,285,0.5632641315460205
2920,286,0.519074022769928
2930,287,0.44012972712516785
2940,288,0.5886718034744263
2950,289,0.4578434228897095
2960,290,0.47685012221336365
2970,291,0.6198140382766724
2980,292,0.712701678276062
2990,293,0.5375730395317078
3000,294,0.49298837780952454
3010,295,0.5283032059669495
3020,296,0.3271331191062927
3030,297,0.27260005474090576
3040,298,0.5293337106704712
3050,299,0.1398705691099167
3060,300,0.5799111127853394
3070,301,0.3717705011367798
3080,302,0.4250638484954834
3090,303,0.3236292898654938
3100,304,0.4087420701980591
3110,305,0.33112531900405884
3120,306,0.4029686748981476
3130,307,0.4062179923057556
3140,308,0.46075329184532166
3150,309,0.33210617303848267
3160,310,0.5915152430534363
3170,311,0.6655428409576416
3180,312,0.5470162034034729
3190,313,0.3521537780761719
3200,314,0.4090436100959778
3210,315,0.43900179862976074
3220,316,0.4229090213775635
3230,317,0.5628424286842346
3240,318,0.44084376096725464
3250,319,0.2701459527015686
3260,320,0.49826353788375854
3270,321,0.7605716586112976
3280,322,0.2923680543899536
3290,323,0.3908696472644806
3300,324,0.5189881324768066
3310,325,0.4506409466266632
3320,326,0.5670058131217957
3330,327,0.6211533546447754
3340,328,0.5137424468994141
3350,329,0.3090321123600006
3360,330,0.24942082166671753
3370,331,0.585660457611084
3380,332,0.36586201190948486
3390,333,0.34592732787132263
3400,334,0.41184213757514954
3410,335,0.49248751997947693
3420,336,0.4104432165622711
3430,337,0.5696144700050354
3440,338,0.4472486078739166
3450,339,0.5354735851287842
3460,340,0.5100605487823486
3470,341,0.6210529804229736
3480,342,0.45086991786956787
3490,343,0.5291964411735535
3500,344,0.5921501517295837
3510,345,0.37952756881713867
3520,346,0.4783075749874115
3530,347,0.5196169018745422
3540,348,0.22675538063049316
3550,349,0.6607025861740112
3560,350,0.6041363477706909
3570,351,0.5179633498191833
3580,352,0.46876686811447144
3590,353,0.3371114432811737
3600,354,0.4713587164878845
3610,355,0.35765498876571655
3620,356,0.658678412437439
3630,357,0.5020672082901001
3640,358,0.6346563100814819
3650,359,0.42540329694747925
3660,360,0.36608609557151794
3670,361,0.5878473520278931
3680,362,0.7432830333709717
3690,363,0.5929429531097412
3700,364,0.6267131567001343
3710,365,0.3673548102378845
3720,366,0.602260172367096
3730,367,0.36649155616760254
3740,368,0.4476766884326935
3750,369,0.5067006349563599
3760,370,0.7428974509239197
3770,371,0.36918216943740845
3780,372,0.2971273362636566
3790,373,0.8267725706100464
3800,374,0.491187185049057
3810,375,0.3651573061943054
3820,376,0.503692090511322
3830,377,0.5127225518226624
3840,378,0.4772029519081116
3850,379,0.43511587381362915
3860,380,0.267221063375473
3870,381,0.3010774850845337
3880,382,0.4860225319862366
3890,383,0.44229578971862793
3900,384,0.45246416330337524
3910,385,0.4309975206851959
3920,386,0.688935399055481
3930,387,0.4973645806312561
3940,388,0.44870859384536743
3950,389,0.5080386996269226
3960,390,0.36238721013069153
3970,391,0.5114242434501648
3980,392,0.32072576880455017
3990,393,0.42318594455718994
4000,394,0.4024818539619446
4010,395,0.9323059320449829
4020,396,0.4670712351799011
4030,397,0.39041292667388916
4040,398,0.583063006401062
4050,399,0.3764682710170746
4060,400,0.42369332909584045
4070,401,0.7137726545333862
4080,402,0.7538852095603943
4090,403,0.4398319125175476
4100,404,0.49907225370407104
4110,405,0.3953719139099121
4120,406,0.4227887988090515
4130,407,0.2330324351787567
4140,408,0.1982727348804474
4150,409,0.374254047870636
4160,410,0.32489249110221863
4170,411,0.4827248454093933
4180,412,0.4404645562171936
4190,413,0.7031888365745544
4200,414,0.5798892974853516
4210,415,0.5485031008720398
4220,416,0.5423315763473511
4230,417,0.41998526453971863
4240,418,0.8260529041290283
4250,419,0.5841936469078064
4260,420,0.5520035624504089
4270,421,0.25788378715515137
4280,422,0.353473037481308
4290,423,0.49754154682159424
4300,424,0.5397639274597168
4310,425,0.610134482383728
4320,426,0.6587880253791809
4330,427,0.4580947160720825
4340,428,0.3227216303348541
4350,429,0.168340802192688
4360,430,0.34933751821517944
4370,431,0.4585367739200592
4380,432,0.6958434581756592
4390,433,0.4832710921764374
4400,434,0.5259733200073242
4410,435,0.38297155499458313
4420,436,0.3699474632740021
4430,437,0.4746769666671753
4440,438,0.8078117370605469
4450,439,0.6712355017662048
4460,440,0.5125956535339355
4470,441,0.6134549379348755
4480,442,0.5286994576454163
4490,443,0.6147368550300598
4500,444,0.39849552512168884
4510,445,0.3940073251724243
4520,446,0.3177550137042999
4530,447,0.5470939874649048
4540,448,0.7150835990905762
4550,449,0.43537816405296326
4560,450,0.4209359586238861
4570,451,0.31186962127685547
4580,452,0.5167752504348755
4590,453,0.40074092149734497
4600,454,0.707899808883667
4610,455,0.8837007284164429
4620,456,0.5323730707168579
4630,457,0.21385426819324493
4640,458,0.5959643721580505
4650,459,0.5645822882652283
4660,460,0.6993409395217896
4670,461,0.38276180624961853
4680,462,0.5530233383178711
4690,463,0.4066241383552551
4700,464,0.8297356367111206
4710,465,0.30989837646484375
4720,466,0.38067102432250977
4730,467,0.5399454832077026
4740,468,0.49797290563583374
4750,469,0.5276176929473877
4760,470,0.7524105310440063
4770,471,0.511811375617981
4780,472,0.5111576914787292
4790,473,0.4583885371685028
4800,474,1.0401219129562378
4810,475,0.41807466745376587
4820,476,0.6119769811630249
4830,477,0.543141782283783
4840,478,0.41528621315956116
4850,479,0.853135883808136
4860,480,0.4770423173904419
4870,481,0.4411570727825165
4880,482,0.7529895901679993
4890,483,0.4818142354488373
4900,484,0.4715558886528015
4910,485,0.7865926623344421
4920,486,0.5468091368675232
4930,487,0.4575783312320709
4940,488,0.36991509795188904
4950,489,0.5173388123512268
4960,490,0.5634829998016357
4970,491,0.500333845615387
4980,492,0.6509948968887329
4990,493,0.49486541748046875
5000,494,0.49322471022605896
5010,495,0.47440072894096375
5020,496,0.7243192195892334
5030,497,0.4137277901172638
5040,498,0.4130550026893616
5050,499,0.5313430428504944
5060,500,0.5243421792984009
5070,501,0.5101855993270874
5080,502,0.257632851600647
5090,503,0.4479437470436096
5100,504,0.5274604558944702
5110,505,0.42645564675331116
5120,506,0.31625258922576904
5130,507,0.3861212432384491
5140,508,0.3980441987514496
5150,509,0.5124779939651489
5160,510,0.5634015202522278
5170,511,0.30745917558670044
5180,512,0.4658442735671997
5190,513,0.35272476077079773
5200,514,0.4348396956920624
5210,515,0.32407647371292114
5220,516,0.346684992313385
5230,517,0.39462047815322876
5240,518,0.599756121635437
5250,519,0.4616383910179138
5260,520,0.698695957660675
5270,521,0.5403308868408203
5280,522,0.3954561948776245
5290,523,0.6010488271713257
5300,524,0.3317732512950897
5310,525,0.5946897864341736
5320,526,0.8014283180236816
5330,527,0.5320156216621399
5340,528,0.4222072958946228
5350,529,0.4890176057815552
5360,530,0.37397217750549316
5370,531,0.32961195707321167
5380,532,0.45843544602394104
5390,533,0.5533692836761475
5400,534,0.32594412565231323
5410,535,0.4726400673389435
5420,536,0.3833399713039398
5430,537,0.31956350803375244
5440,538,0.49944359064102173
5450,539,0.3888459801673889
5460,540,0.3312769830226898
5470,541,0.5025078058242798
5480,542,0.4658008813858032
5490,543,0.5596097111701965
5500,544,0.37164849042892456
5510,545,0.43316450715065
5520,546,0.409897118806839
5530,547,0.24563930928707123
5540,548,0.4449678361415863
5550,549,0.31812846660614014
5560,550,0.6795666813850403
5570,551,0.5861387252807617
5580,552,0.40234553813934326
5590,553,0.5183588266372681
5600,554,0.33318784832954407
5610,555,0.5818368196487427
5620,556,0.36073145270347595
5630,557,0.47639936208724976
5640,558,0.5421322584152222
5650,559,0.14794549345970154
5660,560,0.8849178552627563
5670,561,0.5081075429916382
5680,562,0.6258847713470459
5690,563,0.20737387239933014
5700,564,0.5959435105323792
5710,565,0.5966919660568237
5720,566,0.37618938088417053
5730,567,0.2607414424419403
5740,568,0.5382213592529297
5750,569,0.4561302661895752
5760,570,0.3451598882675171
5770,571,0.3819677531719208
5780,572,0.5609797239303589
5790,573,0.543834388256073
5800,574,0.7088037133216858
5810,575,0.5815995335578918
5820,576,0.4454610049724579
5830,577,0.6130117774009705
5840,578,0.46433618664741516
5850,579,0.55159592628479
5860,580,0.32192790508270264
5870,581,0.4588005840778351
5880,582,0.3417866826057434
5890,583,0.4258943796157837
5900,584,0.3101992607116699
5910,585,0.31679803133010864
5920,586,0.6774666905403137
5930,587,0.3647850751876831
5940,588,0.5664514303207397
5950,589,0.509716272354126
5960,590,0.3664311170578003
5970,591,0.5139638185501099
5980,592,0.39389440417289734
5990,593,0.3185541033744812
6000,594,0.5759034752845764
6010,595,0.5284656286239624
6020,596,0.4387575685977936
6030,597,0.5592319965362549
6040,598,0.3931100070476532
6050,599,0.47874364256858826
6060,600,0.5505183339118958
6070,601,0.6607173681259155
6080,602,0.46447163820266724
6090,603,0.2972939610481262
6100,604,0.31341320276260376
6110,605,0.5375657081604004
6120,606,0.6863878965377808
6130,607,0.26175278425216675
6140,608,0.3224940299987793
6150,609,0.271391361951828
6160,610,0.3800046443939209
6170,611,0.44849660992622375
6180,612,0.3501175343990326
6190,613,0.609316885471344
6200,614,0.4126571714878082
6210,615,0.6766840219497681
6220,616,0.30375269055366516
6230,617,0.25204184651374817
6240,618,0.5180222988128662
6250,619,0.6137881278991699
6260,620,0.4586777985095978
6270,621,0.4469284415245056
6280,622,0.4430215656757355
6290,623,0.4762095510959625
6300,624,0.4649026691913605
6310,625,0.3142006993293762
6320,626,0.5059463381767273
6330,627,0.5622077584266663
6340,628,0.4414837956428528
6350,629,0.43857672810554504
6360,630,0.4092925786972046
6370,631,0.5265489220619202
6380,632,0.557797908782959
6390,633,0.4845089912414551
6400,634,0.4576343894004822
6410,635,0.3170629143714905
6420,636,0.401009738445282
6430,637,0.4154622554779053
6440,638,0.7131174206733704
6450,639,0.5077322125434875
6460,640,0.7289297580718994
6470,641,0.3719557821750641
6480,642,0.40858960151672363
6490,643,0.5190703868865967
6500,644,0.7941864132881165
6510,645,0.4925808012485504
6520,646,0.43838635087013245
6530,647,0.615412712097168
6540,648,0.6480057239532471
6550,649,0.24613721668720245
6560,650,0.410915344953537
6570,651,0.2712758481502533
6580,652,0.643836498260498
6590,653,0.35542261600494385
6600,654,0.2423223853111267
6610,655,0.6191940307617188
6620,656,0.3633107841014862
6630,657,0.36136192083358765
6640,658,0.6736171245574951
6650,659,0.7014223337173462
6660,660,0.46849098801612854
6670,661,0.4803048074245453
6680,662,0.5738407373428345
6690,663,0.47282081842422485
6700,664,0.5764203667640686
6710,665,0.19638828933238983
6720,666,0.5538648962974548
6730,667,0.28225618600845337
6740,668,0.33417433500289917
6750,669,0.36195114254951477
6760,670,0.36341920495033264
6770,671,0.766488790512085
6780,672,0.36871886253356934
6790,673,0.4795920252799988
6800,674,0.42686954140663147
6810,675,0.6294106841087341
6820,676,0.28969499468803406
6830,677,0.4142904579639435
6840,678,0.42898598313331604
6850,679,0.5131973028182983
6860,680,0.4718061685562134
6870,681,0.30194902420043945
6880,682,0.28335070610046387
6890,683,0.5483124256134033
6900,684,0.7562105655670166
6910,685,0.6057981252670288
6920,686,0.41200384497642517
6930,687,0.6308169364929199
6940,688,0.5393310785293579
6950,689,0.6393489837646484
6960,690,0.6405211687088013
6970,691,0.3735877275466919
6980,692,0.6386925578117371
6990,693,0.5466883182525635
7000,694,0.49664753675460815
7010,695,0.6384909749031067
7020,696,0.6003960371017456
7030,697,0.362162709236145
7040,698,0.30254119634628296
7050,699,0.2678970992565155
7060,700,0.46178141236305237
7070,701,0.5733178853988647
7080,702,0.5653769373893738
7090,703,0.4344336688518524
7100,704,0.39147070050239563
7110,705,0.34323108196258545
7120,706,0.40095844864845276
7130,707,0.46586930751800537
7140,708,0.5518715381622314
7150,709,0.5689222812652588
7160,710,0.48138314485549927
7170,711,0.7180812358856201
7180,712,0.7994669079780579
7190,713,0.6181427836418152
7200,714,0.5307046175003052
7210,715,0.3777441680431366
7220,716,0.3153608739376068
7230,717,0.3358519673347473
7240,718,0.45431312918663025
7250,719,0.35046839714050293
7260,720,0.3514822721481323
7270,721,0.5804978609085083
7280,722,0.5390424728393555
7290,723,0.5147961974143982
7300,724,0.5400882959365845
7310,725,0.4855329096317291
7320,726,0.4566737115383148
7330,727,0.529277503490448
7340,728,0.4743032157421112
7350,729,0.3271273374557495
7360,730,0.44986414909362793
7370,731,0.7215313911437988
7380,732,0.3674854636192322
7390,733,0.5339427590370178
7400,734,0.2501472532749176
7410,735,0.44692137837409973
7420,736,0.6002625226974487
7430,737,0.39189890027046204
7440,738,0.5414332747459412
7450,739,0.5607439279556274
7460,740,0.4083097279071808
7470,741,0.4073636829853058
7480,742,0.6023308634757996
7490,743,0.7195826172828674
7500,744,0.6147529482841492
7510,745,0.41043534874916077
7520,746,0.4697922170162201
7530,747,0.27743086218833923
7540,748,0.3250446617603302
7550,749,0.5583087205886841
7560,750,0.6498281955718994
7570,751,0.39644354581832886
7580,752,0.7838377356529236
7590,753,0.4168338179588318
7600,754,0.6675180792808533
7610,755,0.4435438811779022
7620,756,0.4993884563446045
7630,757,0.4369085431098938
7640,758,0.41791146993637085
7650,759,0.6849085688591003
7660,760,0.5077345371246338
7670,761,0.5453271269798279
7680,762,0.41655948758125305
7690,763,0.38778308033943176
7700,764,0.43439510464668274
7710,765,0.35705333948135376
7720,766,0.4619542956352234
7730,767,0.6282029151916504
7740,768,0.6797749400138855
7750,769,0.4104401469230652
7760,770,0.4055745601654053
7770,771,0.4413788616657257
7780,772,0.3456527888774872
7790,773,0.40396544337272644
7800,774,0.3600981831550598
7810,775,0.6134755611419678
7820,776,0.4302850663661957
7830,777,0.4644719362258911
7840,778,0.5609845519065857
7850,779,0.4900674521923065
7860,780,0.4427762031555176
7870,781,0.4288102388381958
7880,782,0.5152658224105835
7890,783,0.5792156457901001
7900,784,0.643742024898529
7910,785,0.2547452449798584
7920,786,0.326388418674469
7930,787,0.6064626574516296
7940,788,0.4274725914001465
7950,789,0.27538979053497314
7960,790,0.46199923753738403
7970,791,0.502099871635437
7980,792,0.41391023993492126
7990,793,0.49563291668891907
8000,794,0.522058367729187
8010,795,0.2407243698835373
8020,796,0.6199972629547119
8030,797,0.4970819354057312
8040,798,0.43758562207221985
8050,799,0.24542821943759918
8060,800,0.7350781559944153
8070,801,0.2998427748680115
8080,802,0.6559898853302002
8090,803,0.45124566555023193
8100,804,0.6841263771057129
8110,805,0.4628663659095764
8120,806,0.6008951663970947
8130,807,0.3047720491886139
8140,808,0.5496318936347961
8150,809,0.5710151195526123
8160,810,0.2815568447113037
8170,811,0.33159196376800537
8180,812,0.39211922883987427
8190,813,0.44804394245147705
8200,814,0.514645516872406
8210,815,0.4373357892036438
8220,816,0.4230916202068329
8230,817,0.4798583388328552
8240,818,0.6214718818664551
8250,819,0.49927711486816406
8260,820,0.7739903926849365
8270,821,0.5782805681228638
8280,822,0.3175182342529297
8290,823,0.532149076461792
8300,824,0.5085504055023193
8310,825,0.399713933467865
8320,826,0.4705900251865387
8330,827,0.5194646120071411
8340,828,0.3668791353702545
8350,829,0.6224731802940369
8360,830,0.44650232791900635
8370,831,0.5297165513038635
8380,832,0.495021790266037
8390,833,0.3412524163722992
8400,834,0.9017370939254761
8410,835,0.3017975389957428
8420,836,0.39971083402633667
8430,837,0.4296582043170929
8440,838,0.3946075141429901
8450,839,0.4509871304035187
8460,840,0.5415362119674683
8470,841,1.0251798629760742
8480,842,0.6800734996795654
8490,843,0.6877548694610596
8500,844,0.25633949041366577
8510,845,0.43800610303878784
8520,846,0.5100160837173462
8530,847,0.6302931308746338
8540,848,0.5087214708328247
8550,849,0.5893874764442444
8560,850,0.45773476362228394
8570,851,0.34888073801994324
8580,852,0.40425118803977966
8590,853,0.4815407395362854
8600,854,0.33984506130218506
8610,855,0.43737268447875977
8620,856,0.40864306688308716
8630,857,0.39126625657081604
8640,858,0.5434481501579285
8650,859,0.5439484715461731
8660,860,0.28653135895729065
8670,861,0.3495514690876007
8680,862,0.23258960247039795
8690,863,0.28790929913520813
8700,864,0.356140673160553
8710,865,0.7647317051887512
8720,866,0.5079035758972168
8730,867,0.7626223564147949
8740,868,0.606242299079895
8750,869,0.9700667858123779
8760,870,0.4501050114631653
8770,871,0.36856019496917725
8780,872,0.5400308966636658
8790,873,0.6230871081352234
8800,874,0.4262562394142151
8810,875,0.4174472987651825
8820,876,0.527073323726654
8830,877,0.37379395961761475
8840,878,0.4153389036655426
8850,879,0.7107511758804321
8860,880,0.5655533671379089
8870,881,0.39683160185813904
8880,882,0.8169217109680176
8890,883,0.6778256893157959
8900,884,0.5375652313232422
8910,885,0.4957577586174011
8920,886,0.3562602698802948
8930,887,0.393160343170166
8940,888,0.1944960206747055
8950,889,0.5830442309379578
8960,890,0.4998683035373688
8970,891,0.37854936718940735
8980,892,0.3455648422241211
8990,893,0.40240705013275146
9000,894,0.31876340508461
9010,895,0.4525197744369507
9020,896,0.7687917947769165
9030,897,0.35547012090682983
9040,898,0.37123993039131165
9050,899,0.5077030062675476
9060,900,0.2885219156742096
9070,901,0.46952518820762634
9080,902,0.32545724511146545
9090,903,0.46543657779693604
9100,904,0.6102171540260315
9110,905,0.5114603042602539
9120,906,0.5673303604125977
9130,907,0.45161867141723633
9140,908,0.5479090809822083
9150,909,0.40548670291900635
9160,910,0.6111639142036438
9170,911,0.7082569599151611
9180,912,0.5120881199836731
9190,913,0.3029080927371979
9200,914,0.3410905599594116
9210,915,0.48979806900024414
9220,916,0.5427665114402771
9230,917,0.5872276425361633
9240,918,0.4192401170730591
9250,919,0.5976805090904236
9260,920,0.5502841472625732
9270,921,0.282147616147995
9280,922,0.42154210805892944
9290,923,0.7284034490585327
9300,924,0.408621221780777
9310,925,0.6452209949493408
9320,926,0.37279409170150757
9330,927,0.6823024749755859
9340,928,0.43755170702934265
9350,929,0.299689382314682
9360,930,0.5261688232421875
9370,931,0.8537711501121521
9380,932,0.29142048954963684
9390,933,0.5561627149581909
9400,934,0.5258051156997681
9410,935,0.42170780897140503
9420,936,0.37267282605171204
9430,937,0.3645327687263489
9440,938,0.39799046516418457
9450,939,0.564242959022522
9460,940,0.43549633026123047
9470,941,0.7136105298995972
9480,942,0.5189725160598755
9490,943,0.4879952371120453
9500,944,0.5518290996551514
9510,945,0.35959017276763916
9520,946,0.4541812837123871
9530,947,0.36520493030548096
9540,948,0.48374801874160767
9550,949,0.29025375843048096
9560,950,0.5329815149307251
9570,951,0.45263323187828064
9580,952,0.4347764253616333
9590,953,0.34058481454849243
9600,954,0.5268770456314087
9610,955,0.36666160821914673
9620,956,0.29648786783218384
9630,957,0.41254013776779175
9640,958,0.5507475137710571
9650,959,0.5767135620117188
9660,960,0.3866274952888489
9670,961,0.5007151365280151
9680,962,0.48325562477111816
9690,963,0.6565572023391724
9700,964,0.5565966367721558
9710,965,0.5109565258026123
9720,966,0.7284668684005737
9730,967,0.2710086405277252
9740,968,0.4555753171443939
9750,969,0.4825323820114136
9760,970,0.4005536735057831
9770,971,0.6343622207641602
9780,972,0.6030240058898926
9790,973,0.4127817749977112
9800,974,0.46155399084091187
9810,975,0.6982998251914978
9820,976,0.42406967282295227
9830,977,0.46059709787368774
9840,978,0.429469496011734
9850,979,0.35000142455101013
9860,980,0.3444075882434845
9870,981,0.5145037770271301
9880,982,0.5123016834259033
9890,983,0.3722056746482849
9900,984,0.5470651984214783
9910,985,0.22363297641277313
9920,986,0.46085014939308167
9930,987,0.32309919595718384
9940,988,0.4459001421928406
9950,989,0.2972676753997803
9960,990,0.4857003092765808
9970,991,0.4908408522605896
9980,992,0.27408820390701294
9990,993,0.5239911675453186
10000,994,0.40202030539512634
10010,995,0.6750109791755676
10020,996,0.34037458896636963
10030,997,0.6608092784881592
10040,998,0.5407401323318481
10050,999,0.5217714309692383
10060,1000,0.5400317311286926
10070,1001,0.3990788757801056
10080,1002,0.33415937423706055
10090,1003,0.3817467987537384
10100,1004,0.4508606195449829
10110,1005,0.44727033376693726
10120,1006,0.3304411768913269
10130,1007,0.6752358675003052
10140,1008,0.9372661113739014
10150,1009,0.4059399962425232
10160,1010,0.8465468287467957
10170,1011,0.6328007578849792
10180,1012,0.24770542979240417
10190,1013,0.675592303276062
10200,1014,0.6266212463378906
10210,1015,0.44558361172676086
10220,1016,0.4236764907836914
10230,1017,0.44274649024009705
10240,1018,0.5224454998970032
10250,1019,0.4587506651878357
10260,1020,0.3142700791358948
10270,1021,0.3268641233444214
10280,1022,0.6402415633201599
10290,1023,0.5132724046707153
10300,1024,0.32478615641593933
10310,1025,0.43930956721305847
10320,1026,0.775631844997406
10330,1027,0.5248693823814392
10340,1028,0.4198593199253082
10350,1029,0.38670259714126587
10360,1030,0.4199492335319519
10370,1031,0.4121864438056946
10380,1032,0.2168138176202774
10390,1033,0.3567260205745697
10400,1034,0.3246280550956726
10410,1035,0.4147810935974121
10420,1036,0.6135578155517578
10430,1037,0.6032583117485046
10440,1038,0.6357314586639404
10450,1039,0.4239380359649658
10460,1040,0.4331587255001068
10470,1041,0.3067976236343384
10480,1042,0.34148573875427246
10490,1043,0.40143001079559326
10500,1044,0.4595502018928528
10510,1045,0.348609983921051
10520,1046,0.49411535263061523
10530,1047,0.3520376682281494
10540,1048,0.709498405456543
10550,1049,0.5402646064758301
10560,1050,0.3259392976760864
10570,1051,0.8918073177337646
10580,1052,0.24712073802947998
10590,1053,0.7983423471450806
10600,1054,0.43064361810684204
10610,1055,0.5997968912124634
10620,1056,0.2779824137687683
10630,1057,0.7595411539077759
10640,1058,0.5177471041679382
10650,1059,0.39587539434432983
10660,1060,0.2509671449661255
10670,1061,0.5006778836250305
10680,1062,0.4329416751861572
10690,1063,0.2847256660461426
10700,1064,0.37220627069473267
10710,1065,0.5138792991638184
10720,1066,0.5146306753158569
10730,1067,0.9955105781555176
10740,1068,0.6172580718994141
10750,1069,0.4580329954624176
10760,1070,0.3314609229564667
10770,1071,0.5001656413078308
10780,1072,0.5508330464363098
10790,1073,0.537043035030365
10800,1074,0.3293111026287079
10810,1075,0.39688313007354736
10820,1076,0.3785797953605652
10830,1077,0.5357632040977478
10840,1078,0.40806955099105835
10850,1079,0.3534465432167053
10860,1080,0.3905106484889984
10870,1081,0.40464866161346436
10880,1082,0.3882037103176117
10890,1083,0.5139064788818359
10900,1084,0.4486689269542694
10910,1085,0.6301704049110413
10920,1086,0.15443088114261627
10930,1087,0.4990352690219879
10940,1088,0.35840079188346863
10950,1089,0.656920313835144
10960,1090,0.4051368534564972
10970,1091,0.6615002751350403
10980,1092,0.38503608107566833
10990,1093,0.6129121780395508
11000,1094,0.5794377326965332
11010,1095,0.5983763337135315
11020,1096,0.329235702753067
11030,1097,0.2369907796382904
11040,1098,0.5488784909248352
11050,1099,0.5130428075790405
11060,1100,0.6211098432540894
11070,1101,0.4869994819164276
11080,1102,0.44981300830841064
11090,1103,0.43955257534980774
11100,1104,0.7222000360488892
11110,1105,0.3996924161911011
11120,1106,0.5295490622520447
11130,1107,0.3023051619529724
11140,1108,0.39776599407196045
11150,1109,0.38561540842056274
11160,1110,0.4478025436401367
11170,1111,0.4855806827545166
11180,1112,0.5294460654258728
11190,1113,0.3659762740135193
11200,1114,0.5564261078834534
11210,1115,0.3499029874801636
11220,1116,0.5156724452972412
11230,1117,0.42502400279045105
11240,1118,0.6988471746444702
11250,1119,0.45360276103019714
11260,1120,0.2895546555519104
11270,1121,0.7897924184799194
11280,1122,0.6277793049812317
11290,1123,0.4800720810890198
11300,1124,0.4493602514266968
11310,1125,0.402362585067749
11320,1126,0.5970514416694641
11330,1127,0.3984966278076172
11340,1128,0.31638479232788086
11350,1129,0.6894899010658264
11360,1130,0.7055630683898926
11370,1131,0.6435010433197021
11380,1132,0.5484126806259155
11390,1133,0.3201201856136322
11400,1134,0.39466825127601624
11410,1135,0.4572576582431793
11420,1136,0.23148813843727112
11430,1137,0.46676355600357056
11440,1138,0.4012496769428253
11450,1139,0.31433531641960144
11460,1140,0.3199473023414612
11470,1141,0.32619762420654297
11480,1142,0.4710482358932495
11490,1143,0.6850265264511108
11500,1144,0.4222547709941864
11510,1145,0.360187828540802
11520,1146,0.2909419536590576
11530,1147,0.2897423803806305
11540,1148,0.5070092082023621
11550,1149,0.37480881810188293
11560,1150,0.49963536858558655
11570,1151,0.7079417109489441
11580,1152,0.3280922472476959
11590,1153,0.34314119815826416
11600,1154,0.5656196475028992
11610,1155,0.44967129826545715
11620,1156,0.7149732708930969
11630,1157,0.6187278032302856
11640,1158,0.4027145206928253
11650,1159,0.6243717670440674
11660,1160,0.3720746338367462
11670,1161,0.4507337212562561
11680,1162,0.44913429021835327
11690,1163,0.27319011092185974
11700,1164,0.7478994131088257
11710,1165,0.3513979911804199
11720,1166,0.645135223865509
11730,1167,0.4651438891887665
11740,1168,0.6323593258857727
11750,1169,0.49905094504356384
11760,1170,0.526526153087616
11770,1171,0.3841087520122528
11780,1172,0.6153542399406433
11790,1173,0.8051156997680664
11800,1174,0.3834099769592285
11810,1175,0.38079267740249634
11820,1176,0.33075469732284546
11830,1177,0.5110582113265991
11840,1178,0.5330836176872253
11850,1179,0.5984054207801819
11860,1180,0.33753901720046997
11870,1181,0.4031260907649994
11880,1182,0.7387356758117676
11890,1183,0.3781595826148987
11900,1184,0.3600963354110718
11910,1185,0.45413193106651306
11920,1186,0.6791293025016785
11930,1187,0.5026317238807678
11940,1188,0.5200871229171753
11950,1189,0.5788814425468445
11960,1190,0.832824170589447
11970,1191,0.3769821524620056
11980,1192,0.947029709815979
11990,1193,0.6297156810760498
12000,1194,0.46837303042411804
12010,1195,0.3890102505683899
12020,1196,0.4178208112716675
12030,1197,0.7171964049339294
12040,1198,0.5705282688140869
12050,1199,0.4995059072971344
12060,1200,0.5702289342880249
12070,1201,0.4254094064235687
12080,1202,0.43110954761505127
12090,1203,0.40850743651390076
12100,1204,0.4463455080986023
12110,1205,0.30161452293395996
12120,1206,0.8256082534790039
12130,1207,0.46113115549087524
12140,1208,0.5944268703460693
12150,1209,0.36412182450294495
12160,1210,0.6067216396331787
12170,1211,0.27495813369750977
12180,1212,0.4976997971534729
12190,1213,0.665473461151123
12200,1214,0.44985246658325195
12210,1215,0.4730313718318939
12220,1216,0.6929720640182495
12230,1217,0.3884669840335846
12240,1218,0.6470508575439453
12250,1219,0.5613563656806946
12260,1220,0.7090277671813965
12270,1221,0.26836666464805603
12280,1222,0.32313039898872375
12290,1223,0.33127084374427795
12300,1224,0.47192883491516113
12310,1225,0.4208358824253082
12320,1226,0.4378328323364258
12330,1227,0.35290688276290894
12340,1228,0.6190667748451233
12350,1229,0.5055492520332336
12360,1230,0.21129174530506134
12370,1231,0.4996940493583679
12380,1232,0.48046302795410156
12390,1233,0.4837576150894165
12400,1234,0.5004551410675049
12410,1235,0.5138823390007019
12420,1236,0.39797526597976685
12430,1237,0.4153634309768677
12440,1238,0.46389228105545044
12450,1239,0.46623507142066956
12460,1240,0.6085690855979919
12470,1241,0.30761438608169556
12480,1242,0.619602620601654
12490,1243,0.3581915497779846
12500,1244,0.4127482771873474
12510,1245,0.5282498598098755
12520,1246,0.5046245455741882
12530,1247,0.5536653995513916
12540,1248,0.42377519607543945
12550,1249,0.4476367235183716
12560,1250,0.5631830096244812
12570,1251,0.4535788893699646
12580,1252,0.47738808393478394
12590,1253,0.5148055553436279
12600,1254,0.2348647117614746
12610,1255,0.4623778462409973
12620,1256,0.52504962682724
12630,1257,0.5023689866065979
12640,1258,0.5509011149406433
12650,1259,0.361757755279541
12660,1260,0.7855185270309448
12670,1261,0.7312940359115601
12680,1262,0.5975250601768494
12690,1263,0.3930138051509857
12700,1264,0.4123716652393341
12710,1265,0.8888187408447266
12720,1266,0.35469895601272583
12730,1267,0.6794070601463318
12740,1268,0.40821653604507446
12750,1269,0.515880286693573
12760,1270,0.38261082768440247
12770,1271,0.3708781599998474
12780,1272,0.4752792716026306
12790,1273,0.37774458527565
12800,1274,0.3801014721393585
12810,1275,0.5124914050102234
12820,1276,0.8078137636184692
12830,1277,0.6888378858566284
12840,1278,0.40641671419143677
12850,1279,0.3848171830177307
12860,1280,0.4817683696746826
12870,1281,0.2770051062107086
12880,1282,0.36547160148620605
12890,1283,0.6118143200874329
12900,1284,0.4631332755088806
12910,1285,0.5907953977584839
12920,1286,0.2869110107421875
12930,1287,0.6184412837028503
12940,1288,0.6273295283317566
12950,1289,0.5921657085418701
12960,1290,0.44598886370658875
12970,1291,0.36393406987190247
12980,1292,0.6575534343719482
12990,1293,0.46761631965637207
13000,1294,0.6149981617927551
13010,1295,0.4214826226234436
13020,1296,0.572096586227417
13030,1297,0.27357205748558044
13040,1298,0.43609336018562317
13050,1299,0.6648988127708435
13060,1300,0.46385806798934937
13070,1301,0.539452314376831
13080,1302,0.4584256410598755
13090,1303,0.2066211700439453
13100,1304,0.26714015007019043
13110,1305,0.6165971755981445
13120,1306,0.40240129828453064
13130,1307,0.4053553342819214
13140,1308,0.541545569896698
13150,1309,0.344587504863739
13160,1310,0.3447684347629547
13170,1311,0.6816101670265198
13180,1312,0.7423185706138611
13190,1313,0.4460740089416504
13200,1314,0.5753692388534546
13210,1315,0.5300586223602295
13220,1316,0.45714280009269714
13230,1317,0.5258194208145142
13240,1318,0.47517359256744385
13250,1319,0.3929744362831116
13260,1320,0.3563396632671356
13270,1321,0.4850064516067505
13280,1322,0.6617224812507629
13290,1323,0.3523962199687958
13300,1324,0.3308769464492798
13310,1325,0.6762979030609131
13320,1326,0.22434526681900024
13330,1327,0.5573140978813171
13340,1328,0.5342475175857544
13350,1329,0.5087301135063171
13360,1330,0.49158212542533875
13370,1331,0.37019702792167664
13380,1332,0.4755536913871765
13390,1333,0.5889694094657898
13400,1334,0.3028750419616699
13410,1335,0.7991582155227661
13420,1336,0.5170186161994934
13430,1337,0.46643200516700745
13440,1338,0.5202820301055908
13450,1339,0.5984906554222107
13460,1340,0.4723368287086487
13470,1341,0.35039222240448
13480,1342,0.3678780794143677
13490,1343,0.6271669268608093
13500,1344,0.35667306184768677
13510,1345,0.5172577500343323
13520,1346,0.33463945984840393
13530,1347,0.37070441246032715
13540,1348,0.2719726860523224
13550,1349,0.5364619493484497
13560,1350,0.35201162099838257
13570,1351,0.4892660975456238
13580,1352,0.32919296622276306
13590,1353,0.47122976183891296
13600,1354,0.6008573770523071
13610,1355,0.385148823261261
13620,1356,0.3420144021511078
13630,1357,0.3337363600730896
13640,1358,0.6387434005737305
13650,1359,0.4768105745315552
13660,1360,0.35655534267425537
13670,1361,0.536018431186676
13680,1362,0.6176033020019531
13690,1363,0.7923644781112671
13700,1364,0.4109249711036682
13710,1365,0.7847417593002319
13720,1366,0.3640412390232086
13730,1367,0.7581704258918762
13740,1368,0.33198079466819763
13750,1369,0.33448225259780884
13760,1370,0.31940019130706787
13770,1371,0.42016106843948364
13780,1372,0.35622888803482056
13790,1373,0.468789666891098
13800,1374,0.3295493721961975
13810,1375,0.2301962524652481
13820,1376,0.5540637969970703
13830,1377,0.5671413540840149
13840,1378,0.688495934009552
13850,1379,0.2300574630498886
13860,1380,0.43803536891937256
13870,1381,0.7535033822059631
13880,1382,0.4241604804992676
13890,1383,0.5500415563583374
13900,1384,0.5122718811035156
13910,1385,0.36885499954223633
13920,1386,0.4334580600261688
13930,1387,0.4529500901699066
13940,1388,0.38523924350738525
13950,1389,0.2529222071170807
13960,1390,0.3029586672782898
13970,1391,0.4308162033557892
13980,1392,0.5295925140380859
13990,1393,0.3635718524456024
14000,1394,0.36525166034698486
14010,1395,0.7412058115005493
14020,1396,0.41722214221954346
14030,1397,0.48738938570022583
14040,1398,0.5736700892448425
14050,1399,0.3144260048866272
14060,1400,0.4447837471961975
14070,1401,0.45703554153442383
14080,1402,0.722295880317688
14090,1403,0.5378837585449219
14100,1404,0.5793716311454773
14110,1405,0.6361742615699768
14120,1406,0.2545230984687805
14130,1407,0.32394906878471375
14140,1408,0.4238069951534271
14150,1409,0.5049397349357605
14160,1410,0.6069323420524597
14170,1411,0.5589824318885803
14180,1412,0.3235972225666046
14190,1413,0.5599848031997681
14200,1414,0.5126567482948303
14210,1415,0.31135812401771545
14220,1416,0.3895239531993866
14230,1417,0.532831072807312
14240,1418,0.39552098512649536
14250,1419,0.6821569800376892
14260,1420,0.4764471650123596
14270,1421,0.42603960633277893
14280,1422,0.7848312854766846
14290,1423,0.6432139873504639
14300,1424,0.49411872029304504
14310,1425,0.484208881855011
14320,1426,0.28977274894714355
14330,1427,0.6277830004692078
14340,1428,0.6120096445083618
14350,1429,0.4299502968788147
14360,1430,0.4834470748901367
14370,1431,0.46509552001953125
14380,1432,0.34168267250061035
14390,1433,0.26726195216178894
14400,1434,0.6868330240249634
14410,1435,0.5276871919631958
14420,1436,0.3569953441619873
14430,1437,0.632489800453186
14440,1438,0.7205641865730286
14450,1439,0.5652694702148438
14460,1440,0.39021509885787964
14470,1441,0.4307994544506073
14480,1442,0.38387417793273926
14490,1443,0.4418923854827881
14500,1444,0.30829885601997375
14510,1445,0.5892680287361145
14520,1446,0.5012582540512085
14530,1447,0.5401137471199036
14540,1448,0.4166224002838135
14550,1449,0.5428476333618164
14560,1450,0.4035237431526184
14570,1451,0.4316905736923218
14580,1452,0.3183988332748413
14590,1453,0.4498349726200104
14600,1454,0.6584795713424683
14610,1455,0.5365356802940369
14620,1456,0.26096105575561523
14630,1457,0.46001550555229187
14640,1458,0.4381324052810669
14650,1459,0.5070257186889648
14660,1460,0.2152869999408722
14670,1461,0.36966463923454285
14680,1462,0.4317814111709595
14690,1463,1.0444554090499878
14700,1464,0.49686890840530396
14710,1465,0.3707970082759857
14720,1466,0.3794170320034027
14730,1467,0.34987643361091614
14740,1468,0.648856520652771
14750,1469,0.5456876158714294
14760,1470,0.6347028017044067
14770,1471,0.36571478843688965
14780,1472,0.4057696461677551
14790,1473,0.3499326705932617
14800,1474,0.41685622930526733
14810,1475,0.49102550745010376
14820,1476,0.6839521527290344
14830,1477,0.2775714099407196
14840,1478,0.5031671524047852
14850,1479,0.5477883815765381
14860,1480,0.5141811966896057
14870,1481,0.5838757157325745
14880,1482,0.5092031359672546
14890,1483,0.7442575693130493
14900,1484,0.14721567928791046
14910,1485,0.30481159687042236
14920,1486,0.616701602935791
14930,1487,0.7618977427482605
14940,1488,0.6807587742805481
14950,1489,0.5252617597579956
14960,1490,0.5338214039802551
14970,1491,0.3751533031463623
14980,1492,0.44344601035118103
14990,1493,0.5944845080375671
15000,1494,0.27064281702041626
15010,1495,0.24018758535385132
15020,1496,0.33283495903015137
15030,1497,0.44659608602523804
15040,1498,0.5061454176902771
15050,1499,0.468070387840271
15060,1500,0.14115583896636963
15070,1501,0.5685091614723206
15080,1502,0.4930567443370819
15090,1503,0.3180621862411499
15100,1504,0.3327939510345459
15110,1505,0.3635382652282715
15120,1506,0.3579174280166626
15130,1507,0.4047527313232422
15140,1508,0.4512845277786255
15150,1509,0.38363683223724365
15160,1510,0.7230290770530701
15170,1511,0.3563581705093384
15180,1512,0.31428590416908264
15190,1513,0.4278346002101898
15200,1514,0.6125436425209045
15210,1515,0.3025445342063904
15220,1516,0.3952987790107727
15230,1517,0.5169822573661804
15240,1518,0.16076721251010895
15250,1519,0.3446323573589325
15260,1520,0.6882649064064026
15270,1521,0.6940966844558716
15280,1522,0.3673854172229767
15290,1523,0.6655876040458679
15300,1524,0.3160230219364166
15310,1525,0.4828070402145386
15320,1526,0.34877127408981323
15330,1527,0.3163314461708069
15340,1528,0.37488818168640137
15350,1529,0.6798528432846069
15360,1530,0.5138347744941711
15370,1531,0.5750176906585693
15380,1532,0.49468642473220825
15390,1533,0.5380021929740906
15400,1534,0.2890172004699707
15410,1535,0.530241847038269
15420,1536,0.5076842308044434
15430,1537,0.28382426500320435
15440,1538,0.335452675819397
15450,1539,0.5992145538330078
15460,1540,0.4240792989730835
15470,1541,0.33205169439315796
15480,1542,0.437652051448822
15490,1543,0.5160817503929138
15500,1544,0.3792908191680908
15510,1545,0.8390997052192688
15520,1546,0.426395058631897
15530,1547,0.15650442242622375
15540,1548,0.41928327083587646
15550,1549,0.18310001492500305
15560,1550,0.40113139152526855
15570,1551,0.7481743097305298
15580,1552,0.4904099106788635
15590,1553,0.6271171569824219
15600,1554,0.49264267086982727
15610,1555,0.5496777892112732
15620,1556,0.3393709063529968
15630,1557,0.6491358280181885
15640,1558,0.3852052092552185
15650,1559,0.47337806224823
15660,1560,0.4121398329734802
15670,1561,0.3262927532196045
15680,1562,0.449776828289032
15690,1563,0.6082409620285034
15700,1564,0.4420061707496643
15710,1565,0.45260217785835266
15720,1566,0.3621586859226227
15730,1567,0.420021653175354
15740,1568,0.43455925583839417
15750,1569,0.5123081207275391
15760,1570,0.4614071547985077
15770,1571,0.38123011589050293
15780,1572,0.6290653944015503
15790,1573,0.22837267816066742
15800,1574,0.39130914211273193
15810,1575,0.4197433888912201
15820,1576,0.5928635597229004
15830,1577,0.44558408856391907
15840,1578,0.3643484115600586
15850,1579,0.3482581675052643
15860,1580,0.7181078791618347
15870,1581,0.2214609831571579
15880,1582,0.5120309591293335
15890,1583,0.3625704348087311
15900,1584,0.3152689039707184
15910,1585,0.20409409701824188
15920,1586,0.319606214761734
15930,1587,0.27127888798713684
15940,1588,0.588577151298523
15950,1589,0.41771239042282104
15960,1590,0.35687941312789917
15970,1591,0.30497702956199646
15980,1592,0.4748745858669281
15990,1593,0.3794611096382141
16000,1594,0.4532339572906494
16010,1595,0.3535858988761902
16020,1596,0.47713348269462585
16030,1597,0.257891982793808
16040,1598,0.36706727743148804
16050,1599,0.6455349326133728
16060,1600,0.16675086319446564
16070,1601,0.4604673981666565
16080,1602,0.36292198300361633
16090,1603,0.4643763601779938
16100,1604,0.5326886177062988
16110,1605,0.8405033946037292
16120,1606,0.46177178621292114
16130,1607,0.42105770111083984
16140,1608,0.2858002483844757
16150,1609,0.47565197944641113
16160,1610,0.4107382893562317
16170,1611,0.5005177855491638
16180,1612,0.43282195925712585
16190,1613,0.336419939994812
16200,1614,0.4620669186115265
16210,1615,0.4800199270248413
16220,1616,0.23855751752853394
16230,1617,0.44216495752334595
16240,1618,0.7370216250419617
16250,1619,0.5141922831535339
16260,1620,0.24829968810081482
16270,1621,0.4939335882663727
16280,1622,0.44927018880844116
16290,1623,0.46704214811325073
16300,1624,0.5607342720031738
16310,1625,0.4219667911529541
16320,1626,0.44037723541259766
16330,1627,0.47543174028396606
16340,1628,0.37847650051116943
16350,1629,0.5512758493423462
16360,1630,0.33516693115234375
16370,1631,0.5276370644569397
16380,1632,0.5847055315971375
16390,1633,0.4668637812137604
16400,1634,0.47580114006996155
16410,1635,0.2347032129764557
16420,1636,0.6133670210838318
16430,1637,0.3562794625759125
16440,1638,0.4959315061569214
16450,1639,0.4514954388141632
16460,1640,0.23946669697761536
16470,1641,0.5689230561256409
16480,1642,0.5785431861877441
16490,1643,0.42023858428001404
16500,1644,0.6178140044212341
16510,1645,0.40672168135643005
16520,1646,0.35789963603019714
16530,1647,0.3769175112247467
16540,1648,0.5989708304405212
16550,1649,0.24380408227443695
16560,1650,0.3067311942577362
16570,1651,0.41493427753448486
16580,1652,0.3229133188724518
16590,1653,0.6599409580230713
16600,1654,0.3398575484752655
16610,1655,0.6425647735595703
16620,1656,0.44377219676971436
16630,1657,0.3540637493133545
16640,1658,0.5244992971420288
16650,1659,0.2864333391189575
16660,1660,0.3348318040370941
16670,1661,0.40599000453948975
16680,1662,0.5274631381034851
16690,1663,0.3842099606990814
16700,1664,0.28117963671684265
16710,1665,0.43659693002700806
16720,1666,0.39546218514442444
16730,1667,0.3700348138809204
16740,1668,0.42234891653060913
16750,1669,0.3532271981239319
16760,1670,0.3550957441329956
16770,1671,0.3741515278816223
16780,1672,0.35694974660873413
16790,1673,0.34922680258750916
16800,1674,0.5037769079208374
16810,1675,0.5318796634674072
16820,1676,0.4247244596481323
16830,1677,0.5126689672470093
16840,1678,0.2712947428226471
16850,1679,0.5530992746353149
16860,1680,0.5053133964538574
16870,1681,0.369396835565567
16880,1682,0.32079017162323
16890,1683,0.38763195276260376
16900,1684,0.5482257008552551
16910,1685,0.6066250801086426
16920,1686,0.5578591823577881
16930,1687,0.4780229330062866
16940,1688,0.5543068647384644
16950,1689,0.5871586799621582
16960,1690,0.3181097209453583
16970,1691,0.42701074481010437
16980,1692,0.29373419284820557
16990,1693,0.5820834636688232
17000,1694,0.3424522876739502
17010,1695,0.45709455013275146
17020,1696,0.4766453206539154
17030,1697,0.36870551109313965
17040,1698,0.39096948504447937
17050,1699,0.6079924702644348
17060,1700,0.5107314586639404
17070,1701,0.16001556813716888
17080,1702,0.2052154839038849
17090,1703,0.29246532917022705
17100,1704,0.41133734583854675
17110,1705,0.25047966837882996
17120,1706,0.5295899510383606
17130,1707,0.5657920837402344
17140,1708,0.3535313308238983
17150,1709,0.8683393001556396
17160,1710,0.5527857542037964
17170,1711,0.326253741979599
17180,1712,0.49424847960472107
17190,1713,0.401225209236145
17200,1714,0.33220624923706055
17210,1715,0.3266464173793793
17220,1716,0.3128609359264374
17230,1717,0.532515287399292
17240,1718,0.6830883026123047
17250,1719,0.5769168138504028
17260,1720,0.7162015438079834
17270,1721,0.7664806842803955
17280,1722,0.5574722290039062
17290,1723,0.38372737169265747
17300,1724,0.3154955506324768
17310,1725,0.20371127128601074
17320,1726,0.5877251625061035
17330,1727,0.33821454644203186
17340,1728,0.32293152809143066
17350,1729,0.30577555298805237
17360,1730,0.5033207535743713
17370,1731,0.544369637966156
17380,1732,0.23387886583805084
17390,1733,0.29811012744903564
17400,1734,0.34460848569869995
17410,1735,0.6339389085769653
17420,1736,0.4148453176021576
17430,1737,0.4777553379535675
17440,1738,0.2687510848045349
17450,1739,0.37846434116363525
17460,1740,0.6804052591323853
17470,1741,0.28020501136779785
17480,1742,0.6340761780738831
17490,1743,0.3294927775859833
17500,1744,0.2238028198480606
17510,1745,0.34909358620643616
17520,1746,0.3470762073993683
17530,1747,0.47662240266799927
17540,1748,0.594342827796936
17550,1749,0.644332230091095
17560,1750,0.5185805559158325
17570,1751,0.40813469886779785
17580,1752,0.27713391184806824
17590,1753,0.5608182549476624
17600,1754,0.3848349452018738
17610,1755,0.46193164587020874
17620,1756,0.5126794576644897
17630,1757,0.468491792678833
17640,1758,0.33053505420684814
17650,1759,0.5398589968681335
17660,1760,0.40696606040000916
17670,1761,0.33501115441322327
17680,1762,0.44104379415512085
17690,1763,0.5745522975921631
17700,1764,0.6247398853302002
17710,1765,0.6987192630767822
17720,1766,0.2544330060482025
17730,1767,0.39678680896759033
17740,1768,0.33910849690437317
17750,1769,0.5033092498779297
17760,1770,0.5715523362159729
17770,1771,0.3148462176322937
17780,1772,0.4440872371196747
17790,1773,0.7555842399597168
17800,1774,0.28747645020484924
17810,1775,0.5157565474510193
17820,1776,0.47681134939193726
17830,1777,0.1843673437833786
17840,1778,0.5632964372634888
17850,1779,0.3376810550689697
17860,1780,0.37655481696128845
17870,1781,0.38061726093292236
17880,1782,0.24605032801628113
17890,1783,0.4909464418888092
17900,1784,0.4281339943408966
17910,1785,0.46625298261642456
17920,1786,0.41509273648262024
17930,1787,0.3454713225364685
17940,1788,0.7353591322898865
17950,1789,0.5491581559181213
17960,1790,0.38703715801239014
17970,1791,0.27385279536247253
17980,1792,0.3548470735549927
17990,1793,0.4991225302219391
18000,1794,0.23107028007507324
18010,1795,0.3630017340183258
18020,1796,0.3752131760120392
18030,1797,0.35668256878852844
18040,1798,0.4220638871192932
18050,1799,0.24705901741981506
18060,1800,0.4258119463920593
18070,1801,0.38429248332977295
18080,1802,0.5137189626693726
18090,1803,0.47690024971961975
18100,1804,0.28308218717575073
18110,1805,0.2631727457046509
18120,1806,0.6301553845405579
18130,1807,0.3632601201534271
18140,1808,0.4034121334552765
18150,1809,0.6630350351333618
18160,1810,0.4677335321903229
18170,1811,0.361674427986145
18180,1812,0.24427451193332672
18190,1813,0.5347138047218323
18200,1814,0.5485926270484924
18210,1815,0.36906275153160095
18220,1816,0.4129336178302765
18230,1817,0.32968810200691223
18240,1818,0.5036186575889587
18250,1819,0.25283530354499817
18260,1820,0.3929722011089325
18270,1821,0.31110879778862
18280,1822,0.28694620728492737
18290,1823,0.37191444635391235
18300,1824,0.39098045229911804
18310,1825,0.31598183512687683
18320,1826,0.5511946082115173
18330,1827,0.3870867192745209
18340,1828,0.3991074562072754
18350,1829,0.4753473103046417
18360,1830,0.5230593681335449
18370,1831,0.3835747241973877
18380,1832,0.23244018852710724
18390,1833,0.6340131163597107
18400,1834,0.29581037163734436
18410,1835,0.28752824664115906
18420,1836,0.505649983882904
18430,1837,0.49975019693374634
18440,1838,0.3233170211315155
18450,1839,0.4493649899959564
18460,1840,0.7171190977096558
18470,1841,0.44935980439186096
18480,1842,0.31431567668914795
18490,1843,0.40557172894477844
18500,1844,0.31730955839157104
18510,1845,0.237736314535141
18520,1846,0.3307434320449829
18530,1847,0.40041741728782654
18540,1848,0.4094545245170593
18550,1849,0.47095805406570435
18560,1850,0.3576078414916992
18570,1851,0.5484773516654968
18580,1852,0.3119214177131653
18590,1853,0.3559214472770691
18600,1854,0.6729547381401062
18610,1855,0.5424099564552307
18620,1856,0.5279065370559692
18630,1857,0.23448339104652405
18640,1858,0.4155817925930023
18650,1859,0.3796451985836029
18660,1860,0.23331308364868164
18670,1861,0.5003047585487366
18680,1862,0.38410407304763794
18690,1863,0.46867939829826355
18700,1864,0.4439082741737366
18710,1865,0.3523816764354706
18720,1866,0.5390157699584961
18730,1867,0.3905780017375946
18740,1868,0.6872166991233826
18750,1869,0.34344354271888733
18760,1870,0.5403696894645691
18770,1871,0.3425614535808563
18780,1872,0.30512627959251404
18790,1873,0.28214967250823975
18800,1874,0.34587961435317993
18810,1875,0.24704504013061523
18820,1876,0.6826024651527405
18830,1877,0.6820448040962219
18840,1878,0.5435256361961365
18850,1879,0.572821855545044
18860,1880,0.2571262717247009
18870,1881,0.6158238053321838
18880,1882,0.1793081909418106
18890,1883,0.5975799560546875
18900,1884,0.5118818879127502
18910,1885,0.3807881772518158
18920,1886,0.5168343782424927
18930,1887,0.3828621804714203
18940,1888,0.4192546010017395
18950,1889,0.5390458106994629
18960,1890,0.9536289572715759
18970,1891,0.3319545388221741
18980,1892,0.5120274424552917
18990,1893,0.3311024308204651
19000,1894,0.43065059185028076
19010,1895,0.34947022795677185
19020,1896,0.5238044261932373
19030,1897,0.5345065593719482
19040,1898,0.5248664617538452
19050,1899,0.6121557950973511
19060,1900,0.5341415405273438
19070,1901,0.24057626724243164
19080,1902,0.37620097398757935
19090,1903,0.704662024974823
19100,1904,0.4794102609157562
19110,1905,0.51411372423172
19120,1906,0.38051754236221313
19130,1907,0.33421382308006287
19140,1908,0.35187578201293945
19150,1909,0.4273494482040405
19160,1910,0.36156150698661804
19170,1911,0.35303348302841187
19180,1912,0.3042389154434204
19190,1913,0.46614810824394226
19200,1914,0.40721383690834045
19210,1915,0.38865840435028076
19220,1916,0.40087616443634033
19230,1917,0.2217196822166443
19240,1918,0.6083744764328003
19250,1919,0.5437380075454712
19260,1920,0.6752976775169373
19270,1921,0.7187364101409912
19280,1922,0.2095862627029419
19290,1923,0.42153671383857727
19300,1924,0.4344482421875
19310,1925,0.7540103197097778
19320,1926,0.9209378361701965
19330,1927,0.28664630651474
19340,1928,0.4187787175178528
19350,1929,0.4262140989303589
19360,1930,0.6127883195877075
19370,1931,0.41357824206352234
19380,1932,0.4124191999435425
19390,1933,0.272929847240448
19400,1934,0.4644123613834381
19410,1935,0.6613340973854065
19420,1936,0.5874191522598267
19430,1937,0.6701008081436157
19440,1938,0.6005504131317139
19450,1939,0.4428591728210449
19460,1940,0.5680068731307983
19470,1941,0.5338784456253052
19480,1942,0.4194495975971222
19490,1943,0.6728681921958923
19500,1944,0.2941626012325287
19510,1945,0.5589109063148499
19520,1946,0.42538556456565857
19530,1947,0.41521018743515015
19540,1948,0.6236324310302734
19550,1949,0.8872173428535461
19560,1950,0.471630722284317
19570,1951,0.3700832426548004
19580,1952,0.5122658610343933
19590,1953,0.6069386005401611
19600,1954,0.47548896074295044
19610,1955,0.33099716901779175
19620,1956,0.36007070541381836
19630,1957,0.30639341473579407
19640,1958,0.4145852327346802
19650,1959,0.4752575159072876
19660,1960,0.4818211495876312
19670,1961,0.47907140851020813
19680,1962,0.535183846950531
19690,1963,0.4356749653816223
19700,1964,0.4500255584716797
19710,1965,0.43392738699913025
19720,1966,0.2605726718902588
19730,1967,0.32620835304260254
19740,1968,0.3686058819293976
19750,1969,0.2969408631324768
19760,1970,0.8647558093070984
19770,1971,0.636345386505127
19780,1972,0.4123876392841339
19790,1973,0.7848530411720276
19800,1974,0.5435844659805298
19810,1975,0.3574104607105255
19820,1976,0.4562045633792877
19830,1977,0.35311973094940186
19840,1978,0.4892672598361969
19850,1979,0.5399024486541748
19860,1980,0.3187495768070221
19870,1981,0.5448848009109497
19880,1982,0.4984005391597748
19890,1983,0.27183011174201965
19900,1984,0.5796818137168884
19910,1985,0.4344436228275299
19920,1986,0.34812450408935547
19930,1987,0.2551625669002533
19940,1988,0.2892458140850067
19950,1989,0.3758716285228729
19960,1990,0.5725272297859192
19970,1991,0.43707993626594543
19980,1992,0.44374626874923706
19990,1993,0.47738680243492126
20000,1994,0.34476330876350403
20010,1995,0.33926278352737427
20020,1996,0.46748119592666626
20030,1997,0.2864842116832733
20040,1998,0.6545748710632324
20050,1999,0.2820119559764862
20060,2000,0.38816025853157043
20070,2001,0.3343464434146881
20080,2002,0.33259332180023193
20090,2003,0.6461799740791321
20100,2004,0.4146724343299866
20110,2005,0.42198124527931213
20120,2006,0.47201696038246155
20130,2007,0.5811425447463989
20140,2008,0.5627809166908264
20150,2009,0.39444345235824585
20160,2010,0.5074082016944885
20170,2011,0.5269175171852112
20180,2012,0.5865264534950256
20190,2013,0.3420569896697998
20200,2014,0.38558465242385864
20210,2015,0.27164265513420105
20220,2016,0.3769581615924835
20230,2017,0.4182335138320923
20240,2018,0.20038285851478577
20250,2019,0.4433813989162445
20260,2020,0.41869989037513733
20270,2021,0.44527995586395264
20280,2022,0.40089815855026245
20290,2023,0.5211501121520996
20300,2024,0.330075740814209
20310,2025,0.3687670826911926
20320,2026,0.5161165595054626
20330,2027,0.4018009901046753
20340,2028,0.5957211852073669
20350,2029,0.413104772567749
20360,2030,0.42851322889328003
20370,2031,0.22596335411071777
20380,2032,0.38743776082992554
20390,2033,0.601660966873169
20400,2034,0.44999203085899353
20410,2035,0.5046115517616272
20420,2036,0.6017826199531555
20430,2037,0.4936841130256653
20440,2038,0.6262856721878052
20450,2039,0.4064280390739441
20460,2040,0.5505685210227966
20470,2041,0.3762885332107544
20480,2042,0.2873949706554413
20490,2043,0.9017409086227417
20500,2044,0.5907816290855408
20510,2045,0.27863046526908875
20520,2046,0.4866541624069214
20530,2047,0.26406246423721313
20540,2048,0.42944711446762085
20550,2049,0.4478989243507385
20560,2050,0.3577050566673279
20570,2051,0.36112847924232483
20580,2052,0.26775896549224854
20590,2053,0.7214798331260681
20600,2054,0.38061439990997314
20610,2055,0.30194345116615295
20620,2056,0.566246509552002
20630,2057,0.36541643738746643
20640,2058,0.6103590726852417
20650,2059,0.3676280975341797
20660,2060,0.42407312989234924
20670,2061,0.46270260214805603
20680,2062,0.4329887628555298
20690,2063,0.4596177339553833
20700,2064,0.4488622844219208
20710,2065,0.17876708507537842
20720,2066,0.5663270950317383
20730,2067,0.627198338508606
20740,2068,0.4212457239627838
20750,2069,0.4098600149154663
20760,2070,0.647797703742981
20770,2071,0.25829416513442993
20780,2072,0.2884339392185211
20790,2073,0.6411404013633728
20800,2074,0.6854971647262573
20810,2075,0.6967350244522095
20820,2076,0.621563196182251
20830,2077,0.2757500410079956
20840,2078,0.21266719698905945
20850,2079,0.18698696792125702
20860,2080,0.26112550497055054
20870,2081,0.26596516370773315
20880,2082,0.2985144555568695
20890,2083,0.4379062056541443
20900,2084,0.5548489689826965
20910,2085,0.5163843631744385
20920,2086,0.4290890097618103
20930,2087,0.4084477424621582
20940,2088,0.4976634383201599
20950,2089,0.48325586318969727
20960,2090,0.46875739097595215
20970,2091,0.3514624238014221
20980,2092,0.3506239354610443
20990,2093,0.2759147584438324
21000,2094,0.37523508071899414
21010,2095,0.291542112827301
21020,2096,0.35219094157218933
21030,2097,0.7008693218231201
21040,2098,0.40657904744148254
21050,2099,0.3083626627922058
21060,2100,0.33944740891456604
21070,2101,0.348641574382782
21080,2102,0.40403181314468384
21090,2103,0.3050101697444916
21100,2104,0.34050384163856506
21110,2105,0.6887467503547668
21120,2106,0.30908387899398804
21130,2107,0.5335416197776794
21140,2108,0.36817610263824463
21150,2109,0.46012625098228455
21160,2110,0.3140251040458679
21170,2111,0.7997978329658508
21180,2112,0.4965321123600006
21190,2113,0.41267129778862
21200,2114,0.5633176565170288
21210,2115,0.2810189723968506
21220,2116,0.4079867899417877
21230,2117,0.4528871476650238
21240,2118,0.3675630986690521
21250,2119,0.6286271214485168
21260,2120,0.735550045967102
21270,2121,0.4578050971031189
21280,2122,0.3893683850765228
21290,2123,0.766069769859314
21300,2124,0.3950589597225189
21310,2125,0.3276348114013672
21320,2126,0.5121362209320068
21330,2127,0.5312179327011108
21340,2128,0.3596395254135132
21350,2129,0.4382210969924927
21360,2130,0.5009298920631409
21370,2131,0.5666253566741943
21380,2132,0.43158963322639465
21390,2133,0.5145460963249207
21400,2134,0.372440367937088
21410,2135,0.514325737953186
21420,2136,0.32749345898628235
21430,2137,0.5422618985176086
21440,2138,0.5757025480270386
21450,2139,0.34925565123558044
21460,2140,0.3629606068134308
21470,2141,0.2716803550720215
21480,2142,0.512837290763855
21490,2143,0.3807833194732666
21500,2144,0.5918020606040955
21510,2145,0.3982006311416626
21520,2146,0.3789885938167572
21530,2147,0.3082420229911804
21540,2148,0.4264580011367798
21550,2149,0.21367964148521423
21560,2150,0.44341641664505005
21570,2151,0.25127121806144714
21580,2152,0.4791121482849121
21590,2153,0.5192276239395142
21600,2154,0.4876938462257385
21610,2155,0.504946231842041
21620,2156,0.4713335335254669
21630,2157,0.2597631812095642
21640,2158,0.4290638267993927
21650,2159,0.44620001316070557
21660,2160,0.5217605233192444
21670,2161,0.5720111131668091
21680,2162,0.4121374487876892
21690,2163,0.43856361508369446
21700,2164,0.4310992658138275
21710,2165,0.20974203944206238
21720,2166,0.6854597330093384
21730,2167,0.33201509714126587
21740,2168,0.6025269031524658
21750,2169,0.31122684478759766
21760,2170,0.6135638356208801
21770,2171,0.44518429040908813
21780,2172,0.38170814514160156
21790,2173,0.6789594888687134
21800,2174,0.4447595477104187
21810,2175,0.3925897479057312
21820,2176,0.34837326407432556
21830,2177,0.44271227717399597
21840,2178,0.4209955632686615
21850,2179,0.44521164894104004
21860,2180,0.7119181752204895
21870,2181,0.36645975708961487
21880,2182,0.8321846127510071
21890,2183,0.6449981927871704
21900,2184,0.4830377399921417
21910,2185,1.2166744470596313
21920,2186,0.31788623332977295
21930,2187,0.3629986643791199
21940,2188,0.3591257333755493
21950,2189,0.38569051027297974
21960,2190,0.3087119460105896
21970,2191,0.4222213923931122
21980,2192,0.16108277440071106
21990,2193,0.36293303966522217
22000,2194,0.35646119713783264
22010,2195,0.3122488260269165
22020,2196,0.48886144161224365
22030,2197,0.4496491253376007
22040,2198,0.7043505311012268
22050,2199,0.28619953989982605
22060,2200,0.8970836400985718
22070,2201,0.6882964372634888
22080,2202,0.46274980902671814
22090,2203,0.3962765634059906
22100,2204,0.4491167962551117
22110,2205,0.8940087556838989
22120,2206,0.2522980868816376
22130,2207,0.5416467785835266
22140,2208,0.47598347067832947
22150,2209,0.5360573530197144
22160,2210,0.4280850887298584
22170,2211,0.26320764422416687
22180,2212,0.31433382630348206
22190,2213,0.6930393576622009
22200,2214,0.45438677072525024
22210,2215,0.39277851581573486
22220,2216,0.5156030058860779
22230,2217,0.767485499382019
22240,2218,0.3295787572860718
22250,2219,0.3747541308403015
22260,2220,0.569108247756958
22270,2221,0.25241026282310486
22280,2222,0.4684491455554962
22290,2223,0.5604445934295654
22300,2224,0.25566956400871277
22310,2225,0.7691488265991211
22320,2226,0.5552499890327454
22330,2227,0.3431970179080963
22340,2228,0.3672262728214264
22350,2229,0.3493547737598419
22360,2230,0.5706747770309448
22370,2231,0.3885502815246582
22380,2232,0.3347781300544739
22390,2233,0.5142406225204468
22400,2234,0.4431554973125458
22410,2235,0.8278990983963013
22420,2236,0.26971733570098877
22430,2237,0.37592971324920654
22440,2238,0.4905996024608612
22450,2239,0.4968503713607788
22460,2240,0.3672422170639038
22470,2241,0.30711373686790466
22480,2242,0.2522168457508087
22490,2243,0.5677890777587891
22500,2244,0.24096499383449554
22510,2245,0.4575689136981964
22520,2246,0.3360874056816101
22530,2247,0.45262956619262695
22540,2248,0.48429834842681885
22550,2249,0.2923526465892792
22560,2250,0.4078214466571808
22570,2251,0.4109593629837036
22580,2252,0.5021035075187683
22590,2253,0.5967191457748413
22600,2254,0.4022444188594818
22610,2255,0.6584200859069824
22620,2256,0.5418877601623535
22630,2257,0.3790132999420166
22640,2258,0.312732070684433
22650,2259,0.49143484234809875
22660,2260,0.3853664994239807
22670,2261,0.3686675429344177
22680,2262,0.2776864767074585
22690,2263,0.28602200746536255
22700,2264,0.3050190508365631
22710,2265,0.33529698848724365
22720,2266,0.519636869430542
22730,2267,0.4455956220626831
22740,2268,0.7590125799179077
22750,2269,0.43027523159980774
22760,2270,0.6529834866523743
22770,2271,0.45390012860298157
22780,2272,0.4661164879798889
22790,2273,0.5932751297950745
22800,2274,0.4933719038963318
22810,2275,0.46142345666885376
22820,2276,0.4781528115272522
22830,2277,0.4069824814796448
22840,2278,0.34442928433418274
22850,2279,0.4931449890136719
22860,2280,0.4368884861469269
22870,2281,0.43691572546958923
22880,2282,0.2767705023288727
22890,2283,0.41224509477615356
22900,2284,0.6583060026168823
22910,2285,0.34597617387771606
22920,2286,0.5562105774879456
22930,2287,0.3307729661464691
22940,2288,0.24675725400447845
22950,2289,0.43746501207351685
22960,2290,0.37700003385543823
22970,2291,0.42265212535858154
22980,2292,0.6282293200492859
22990,2293,0.5022675395011902
23000,2294,0.40522798895835876
23010,2295,0.3232564628124237
23020,2296,0.538871169090271
23030,2297,0.27138054370880127
23040,2298,0.3683600425720215
23050,2299,0.402618408203125
23060,2300,0.26581889390945435
23070,2301,0.5776674747467041
23080,2302,0.4655177593231201
23090,2303,0.5077615976333618
23100,2304,0.4555080831050873
23110,2305,0.5937790870666504
23120,2306,0.614695131778717
23130,2307,0.29083356261253357
23140,2308,0.32955506443977356
23150,2309,0.4577781856060028
23160,2310,0.41751641035079956
23170,2311,0.4679543375968933
23180,2312,0.3003569543361664
23190,2313,0.22550345957279205
23200,2314,0.3038693070411682
23210,2315,0.474441260099411
23220,2316,0.3355300724506378
23230,2317,0.7480320930480957
23240,2318,0.28375858068466187
23250,2319,0.42380204796791077
23260,2320,0.6293187737464905
23270,2321,0.40914297103881836
23280,2322,0.3573814034461975
23290,2323,0.5747565627098083
23300,2324,0.30589914321899414
23310,2325,0.4352964758872986
23320,2326,0.29933297634124756
23330,2327,0.3528697192668915
23340,2328,0.3912108838558197
23350,2329,0.6550498008728027
23360,2330,0.4579174518585205
23370,2331,0.37292131781578064
23380,2332,0.3716488480567932
23390,2333,0.32160577178001404
23400,2334,0.5489447712898254
23410,2335,0.3515332341194153
23420,2336,0.49214571714401245
23430,2337,0.5121925473213196
23440,2338,0.3456229269504547
23450,2339,0.443916380405426
23460,2340,0.4655625522136688
23470,2341,0.2949112355709076
23480,2342,0.4550205171108246
23490,2343,0.3298500180244446
23500,2344,0.44676345586776733
23510,2345,0.5519941449165344
23520,2346,0.4324699938297272
23530,2347,0.3903678059577942
23540,2348,0.7104699015617371
23550,2349,0.2691331207752228
23560,2350,0.28479328751564026
23570,2351,0.38270804286003113
23580,2352,0.48752903938293457
23590,2353,0.424950510263443
23600,2354,0.46124181151390076
23610,2355,0.3969353437423706
23620,2356,0.5266245603561401
23630,2357,0.5532035827636719
23640,2358,0.4353366494178772
23650,2359,0.3444855213165283
23660,2360,0.5669228434562683
23670,2361,0.4037857949733734
23680,2362,0.456696093082428
23690,2363,0.5359387397766113
23700,2364,0.2822493314743042
23710,2365,0.6331228613853455
23720,2366,0.3906899392604828
23730,2367,0.4137844443321228
23740,2368,0.4167346954345703
23750,2369,0.20163363218307495
23760,2370,0.31220972537994385
23770,2371,0.26937589049339294
23780,2372,0.29211631417274475
23790,2373,0.3523159325122833
23800,2374,0.44240501523017883
23810,2375,0.38904309272766113
23820,2376,0.5689029693603516
23830,2377,0.6328181028366089
23840,2378,0.30584749579429626
23850,2379,0.31416162848472595
23860,2380,0.6474509239196777
23870,2381,0.6267518401145935
23880,2382,0.5564447045326233
23890,2383,0.46216392517089844
23900,2384,0.5081977248191833
23910,2385,0.36950165033340454
23920,2386,0.39543747901916504
23930,2387,0.35767024755477905
23940,2388,0.7019249200820923
23950,2389,0.5775861740112305
23960,2390,0.9127552509307861
23970,2391,0.3706808090209961
23980,2392,0.5229565501213074
23990,2393,0.478776216506958
24000,2394,0.2745217978954315
24010,2395,0.38083237409591675
24020,2396,0.3672041594982147
24030,2397,0.38800185918807983
24040,2398,0.7285975217819214
24050,2399,0.21783390641212463
24060,2400,0.3832692503929138
24070,2401,0.4269889295101166
24080,2402,0.8973435759544373
24090,2403,0.41359370946884155
24100,2404,0.48806899785995483
24110,2405,0.20920352637767792
24120,2406,1.129386067390442
24130,2407,0.3446561098098755
24140,2408,0.2004166543483734
24150,2409,0.4984127879142761
24160,2410,0.4085240662097931
24170,2411,0.41754287481307983
24180,2412,0.31039246916770935
24190,2413,0.4289150834083557
24200,2414,0.5458109378814697
24210,2415,0.3086312711238861
24220,2416,0.3523810803890228
24230,2417,0.38604864478111267
24240,2418,0.5472657084465027
24250,2419,0.6581168174743652
24260,2420,0.5459785461425781
24270,2421,0.5192957520484924
24280,2422,0.4011861979961395
24290,2423,0.4093739986419678
24300,2424,0.35686755180358887
24310,2425,0.4007761478424072
24320,2426,0.3426761329174042
24330,2427,0.47531813383102417
24340,2428,0.4183676838874817
24350,2429,0.44326791167259216
24360,2430,0.4696126878261566
24370,2431,0.5047585964202881
24380,2432,0.32857587933540344
24390,2433,0.2714303433895111
24400,2434,0.39929258823394775
24410,2435,0.5872877240180969
24420,2436,0.30360594391822815
24430,2437,0.47612565755844116
24440,2438,0.6242085099220276
24450,2439,0.542962372303009
24460,2440,0.5044771432876587
24470,2441,0.31368374824523926
24480,2442,0.7142375707626343
24490,2443,0.3686497211456299
24500,2444,0.3645184636116028
24510,2445,0.6103807687759399
24520,2446,0.6579874157905579
24530,2447,0.3324556052684784
24540,2448,0.3638877272605896
24550,2449,0.41546711325645447
24560,2450,0.5704728364944458
24570,2451,0.6094601154327393
24580,2452,0.4751504063606262
24590,2453,0.5452389717102051
24600,2454,0.6339749097824097
24610,2455,0.4113962650299072
24620,2456,0.3354870080947876
24630,2457,0.48154205083847046
24640,2458,0.5163367986679077
24650,2459,0.4523325562477112
24660,2460,0.3969881236553192
24670,2461,0.4406965672969818
24680,2462,0.2393106371164322
24690,2463,0.6256242394447327
24700,2464,0.5933615565299988
24710,2465,0.49914413690567017
24720,2466,0.40844205021858215
24730,2467,0.45505958795547485
24740,2468,0.655186653137207
24750,2469,0.5509764552116394
24760,2470,0.5424471497535706
24770,2471,0.3293197453022003
24780,2472,0.551779568195343
24790,2473,0.2717742919921875
24800,2474,0.40008360147476196
24810,2475,0.2802114188671112
24820,2476,0.4985046684741974
24830,2477,0.544651210308075
24840,2478,0.5748674869537354
24850,2479,0.42665958404541016
24860,2480,0.672785758972168
24870,2481,0.3398341238498688
24880,2482,0.4814647436141968
24890,2483,0.8243622183799744
24900,2484,0.6465060710906982
24910,2485,0.708975076675415
24920,2486,0.5698291063308716
24930,2487,0.6259304881095886
24940,2488,0.4647977352142334
24950,2489,0.21412616968154907
24960,2490,0.3225465416908264
24970,2491,0.5114040374755859
24980,2492,0.6328075528144836
24990,2493,0.45007267594337463
25000,2494,0.3778448700904846
25010,2495,0.18965500593185425
25020,2496,0.43285149335861206
25030,2497,0.36208951473236084
25040,2498,0.5100374817848206
25050,2499,0.65928715467453
25060,2500,0.5035994052886963
25070,2501,0.5337256193161011
25080,2502,0.3534454107284546
25090,2503,0.4782610535621643
25100,2504,0.24808643758296967
25110,2505,0.35881099104881287
25120,2506,0.2691035568714142
25130,2507,0.5115067958831787
25140,2508,0.25208914279937744
25150,2509,0.4624527096748352
25160,2510,0.4334476590156555
25170,2511,0.3969499468803406
25180,2512,0.35244840383529663
25190,2513,0.7300816774368286
25200,2514,0.5196875333786011
25210,2515,0.37421920895576477
25220,2516,0.38681086897850037
25230,2517,0.42483800649642944
25240,2518,0.4327687621116638
25250,2519,0.247468039393425
25260,2520,0.45778605341911316
25270,2521,0.25113335251808167
25280,2522,0.4683021903038025
25290,2523,0.5410788059234619
25300,2524,0.49102169275283813
25310,2525,0.4458455443382263
25320,2526,0.4055101275444031
25330,2527,0.6114511489868164
25340,2528,0.7783440351486206
25350,2529,0.3009713888168335
25360,2530,0.6729934215545654
25370,2531,0.3079240918159485
25380,2532,0.4112430512905121
25390,2533,0.5391652584075928
25400,2534,0.5265905261039734
25410,2535,0.44295161962509155
25420,2536,0.3297783434391022
25430,2537,0.5357687473297119
25440,2538,0.5569138526916504
25450,2539,0.3781672716140747
25460,2540,0.43566906452178955
25470,2541,0.6521223783493042
25480,2542,0.41738855838775635
25490,2543,0.36709973216056824
25500,2544,0.526422917842865
25510,2545,0.5331245064735413
25520,2546,0.3900166451931
25530,2547,0.4727383255958557
25540,2548,0.41533613204956055
25550,2549,0.2975359559059143
25560,2550,0.4329463541507721
25570,2551,0.6794078350067139
25580,2552,0.513325035572052
25590,2553,0.40887606143951416
25600,2554,0.45352035760879517
25610,2555,0.39570853114128113
25620,2556,0.32873767614364624
25630,2557,0.5649333596229553
25640,2558,0.4911416471004486
25650,2559,0.2802419364452362
25660,2560,0.5828658938407898
25670,2561,0.4686298668384552
25680,2562,0.42871493101119995
25690,2563,0.4103463888168335
25700,2564,0.30955636501312256
25710,2565,0.3297105133533478
25720,2566,0.3033241629600525
25730,2567,0.5582695007324219
25740,2568,0.48671630024909973
25750,2569,0.4162129759788513
25760,2570,0.4741036891937256
25770,2571,0.2174292504787445
25780,2572,0.4560934603214264
25790,2573,0.5991025567054749
25800,2574,0.22331050038337708
25810,2575,0.6372365951538086
25820,2576,0.4914822578430176
25830,2577,0.5732449889183044
25840,2578,0.3263045847415924
25850,2579,0.5326455235481262
25860,2580,0.5121175646781921
25870,2581,0.1941801905632019
25880,2582,0.6009496450424194
25890,2583,0.6887003183364868
25900,2584,0.3038526177406311
25910,2585,0.4943034052848816
25920,2586,0.48157450556755066
25930,2587,0.23348672688007355
25940,2588,0.6266108155250549
25950,2589,0.2628858983516693
25960,2590,0.4871181845664978
25970,2591,0.394671767950058
25980,2592,0.4676041007041931
25990,2593,0.2824845612049103
26000,2594,0.28881847858428955
26010,2595,0.2540411949157715
26020,2596,0.4022800922393799
26030,2597,0.5688936710357666
26040,2598,0.6260272860527039
26050,2599,0.45142096281051636
26060,2600,0.3127918839454651
26070,2601,0.49477019906044006
26080,2602,0.1883828043937683
26090,2603,0.586119532585144
26100,2604,0.4447052776813507
26110,2605,0.49036529660224915
26120,2606,0.28780919313430786
26130,2607,0.34319213032722473
26140,2608,0.5108243227005005
26150,2609,0.48622971773147583
26160,2610,0.2162439376115799
26170,2611,0.31615543365478516
26180,2612,0.37415099143981934
26190,2613,0.3584423065185547
26200,2614,0.40423938632011414
26210,2615,0.4173274636268616
26220,2616,0.6124762892723083
26230,2617,0.5952112078666687
26240,2618,0.2760114073753357
26250,2619,0.6728447675704956
26260,2620,0.6105603575706482
26270,2621,0.6789276599884033
26280,2622,0.3498383164405823
26290,2623,0.45522892475128174
26300,2624,0.2625219225883484
26310,2625,0.7460595369338989
26320,2626,0.3127388656139374
26330,2627,0.4318442940711975
26340,2628,0.3286162316799164
26350,2629,0.3426981568336487
26360,2630,0.3479235768318176
26370,2631,0.3455352485179901
26380,2632,0.6386570334434509
26390,2633,0.6001017093658447
26400,2634,0.38987988233566284
26410,2635,0.35435575246810913
26420,2636,0.3090756833553314
26430,2637,0.37486639618873596
26440,2638,0.37339985370635986
26450,2639,0.4466876685619354
26460,2640,0.6116968393325806
26470,2641,0.4284292757511139
26480,2642,0.3127318024635315
26490,2643,0.6303967833518982
26500,2644,0.5828332304954529
26510,2645,0.32392892241477966
26520,2646,0.5742986798286438
26530,2647,0.363320529460907
26540,2648,0.27910298109054565
26550,2649,0.385387122631073
26560,2650,0.5035570859909058
26570,2651,0.6969361901283264
26580,2652,0.39318257570266724
26590,2653,0.5370573997497559
26600,2654,0.3873004913330078
26610,2655,0.3579427897930145
26620,2656,0.5151445269584656
26630,2657,0.20957279205322266
26640,2658,0.3512599766254425
26650,2659,0.3558139503002167
26660,2660,0.5831825733184814
26670,2661,0.27526718378067017
26680,2662,0.39224377274513245
26690,2663,0.4040225148200989
26700,2664,0.8853545784950256
26710,2665,0.48427045345306396
26720,2666,0.4420980215072632
26730,2667,0.5116328001022339
26740,2668,0.7565799951553345
26750,2669,0.38900089263916016
26760,2670,0.5547625422477722
26770,2671,0.5904316306114197
26780,2672,0.6249651312828064
26790,2673,0.42251715064048767
26800,2674,0.1985107809305191
26810,2675,0.2633485198020935
26820,2676,0.5152685046195984
26830,2677,0.5347215533256531
26840,2678,0.36317625641822815
26850,2679,0.377702921628952
26860,2680,0.43673262000083923
26870,2681,0.3802359402179718
26880,2682,1.0694869756698608
26890,2683,0.5572883486747742
26900,2684,0.3726767301559448
26910,2685,0.28950953483581543
26920,2686,0.3100624680519104
26930,2687,0.33255183696746826
26940,2688,0.4147261083126068
26950,2689,0.5781735777854919
26960,2690,0.2984517216682434
26970,2691,0.4599014222621918
26980,2692,0.329390287399292
26990,2693,0.6007125377655029
27000,2694,0.3464895486831665
27010,2695,0.5736664533615112
27020,2696,0.3434511423110962
27030,2697,0.4772014319896698
27040,2698,0.43737727403640747
27050,2699,0.39199522137641907
27060,2700,0.8658456802368164
27070,2701,0.4211171567440033
27080,2702,0.5055565237998962
27090,2703,0.38182908296585083
27100,2704,0.5163497924804688
27110,2705,0.3190317451953888
27120,2706,0.6782668828964233
27130,2707,0.24054233729839325
27140,2708,0.39353787899017334
27150,2709,0.593833863735199
27160,2710,0.722503125667572
27170,2711,0.522336483001709
27180,2712,0.5674342513084412
27190,2713,0.2785281836986542
27200,2714,0.5246472358703613
27210,2715,0.3179941773414612
27220,2716,0.29406917095184326
27230,2717,0.28749406337738037
27240,2718,0.3297387957572937
27250,2719,0.42756593227386475
27260,2720,0.5257763862609863
27270,2721,0.26346030831336975
27280,2722,0.47261732816696167
27290,2723,0.40224847197532654
27300,2724,0.28642305731773376
27310,2725,0.7394416332244873
27320,2726,0.25293025374412537
27330,2727,0.4266352355480194
27340,2728,0.28940117359161377
27350,2729,0.5172728300094604
27360,2730,0.5247297883033752
27370,2731,0.3341365456581116
27380,2732,0.27677443623542786
27390,2733,0.43434226512908936
27400,2734,0.38801252841949463
27410,2735,0.4001408815383911
27420,2736,0.44819268584251404
27430,2737,0.20867058634757996
27440,2738,0.5021231174468994
27450,2739,0.45256951451301575
27460,2740,0.44424107670783997
27470,2741,0.4923604130744934
27480,2742,0.5542770028114319
27490,2743,0.48787301778793335
27500,2744,0.28264132142066956
27510,2745,0.6396316885948181
27520,2746,0.28055089712142944
27530,2747,0.4904296398162842
27540,2748,0.4890783727169037
27550,2749,0.30667296051979065
27560,2750,0.5381708741188049
27570,2751,0.9057012796401978
27580,2752,0.48478424549102783
27590,2753,0.3764375150203705
27600,2754,0.3641093671321869
27610,2755,0.6605959534645081
27620,2756,0.3326976001262665
27630,2757,0.27124229073524475
27640,2758,0.38586968183517456
27650,2759,0.11696408689022064
27660,2760,0.38150641322135925
27670,2761,0.38228946924209595
27680,2762,0.5038952827453613
27690,2763,0.34008392691612244
27700,2764,0.4192700684070587
27710,2765,0.6657198667526245
27720,2766,0.519590437412262
27730,2767,0.37291717529296875
27740,2768,0.27192941308021545
27750,2769,0.26454195380210876
27760,2770,0.6567811369895935
27770,2771,0.3532485067844391
27780,2772,0.4360031187534332
27790,2773,0.3442668318748474
27800,2774,0.11524763703346252
27810,2775,0.43762707710266113
27820,2776,0.5520654320716858
27830,2777,0.4375053644180298
27840,2778,0.42662766575813293
27850,2779,0.3143886625766754
27860,2780,0.6546368598937988
27870,2781,0.2929116487503052
27880,2782,0.2232399582862854
27890,2783,0.3138384521007538
27900,2784,0.28372275829315186
27910,2785,0.5048866868019104
27920,2786,0.5632492899894714
27930,2787,0.5248458385467529
27940,2788,0.541057825088501
27950,2789,0.29289761185646057
27960,2790,0.4122392237186432
27970,2791,0.3179434835910797
27980,2792,0.2532657980918884
27990,2793,0.6089947819709778
28000,2794,0.4105767011642456
28010,2795,0.35278820991516113
28020,2796,0.39935076236724854
28030,2797,0.2885691821575165
28040,2798,0.574259340763092
28050,2799,0.5626425743103027
28060,2800,0.24696677923202515
28070,2801,0.5197055339813232
28080,2802,0.4344484806060791
28090,2803,0.4671474099159241
28100,2804,0.3616245687007904
28110,2805,0.3272393047809601
28120,2806,0.38157331943511963
28130,2807,0.3638402223587036
28140,2808,0.6225179433822632
28150,2809,0.33408620953559875
28160,2810,0.45112401247024536
28170,2811,0.7636465430259705
28180,2812,0.37437739968299866
28190,2813,0.5606260299682617
28200,2814,0.3947683274745941
28210,2815,0.45823585987091064
28220,2816,0.6372715830802917
28230,2817,0.26527202129364014
28240,2818,0.3642142713069916
28250,2819,0.21749386191368103
28260,2820,0.535262942314148
28270,2821,0.41959065198898315
28280,2822,0.48746275901794434
28290,2823,0.2782253623008728
28300,2824,0.3534545302391052
28310,2825,0.46996015310287476
28320,2826,0.246543288230896
28330,2827,0.2339095026254654
28340,2828,0.443418025970459
28350,2829,0.23333321511745453
28360,2830,0.46324023604393005
28370,2831,0.4944400191307068
28380,2832,0.41249439120292664
28390,2833,0.23675552010536194
28400,2834,0.4322231411933899
28410,2835,0.41653144359588623
28420,2836,0.16311252117156982
28430,2837,0.20465441048145294
28440,2838,0.5816393494606018
28450,2839,0.3268795609474182
28460,2840,0.2141675353050232
28470,2841,0.3388989567756653
28480,2842,0.3381844162940979
28490,2843,0.2449108064174652
28500,2844,0.2257135957479477
28510,2845,0.46868595480918884
28520,2846,0.4764361083507538
28530,2847,0.5520580410957336
28540,2848,0.190573051571846
28550,2849,0.5328794121742249
28560,2850,0.341091513633728
28570,2851,0.35328078269958496
28580,2852,0.3655392825603485
28590,2853,0.2408188283443451
28600,2854,0.23542964458465576
28610,2855,0.42522183060646057
28620,2856,0.6582930684089661
28630,2857,0.3109937310218811
28640,2858,0.2458082139492035
28650,2859,0.2807791233062744
28660,2860,0.24738164246082306
28670,2861,0.32190003991127014
28680,2862,0.17409881949424744
28690,2863,0.2937169671058655
28700,2864,0.33997461199760437
28710,2865,0.2679595947265625
28720,2866,0.21627207100391388
28730,2867,0.3384268581867218
28740,2868,0.39057281613349915
28750,2869,0.3494248390197754
28760,2870,0.4013490676879883
28770,2871,0.2806752622127533
28780,2872,0.48670467734336853
28790,2873,0.3249925971031189
28800,2874,0.49256643652915955
28810,2875,0.23562072217464447
28820,2876,0.23049429059028625
28830,2877,0.47566258907318115
28840,2878,0.5806981325149536
28850,2879,0.5752283334732056
28860,2880,0.373722642660141
28870,2881,0.4719931483268738
28880,2882,0.16273273527622223
28890,2883,0.4640965163707733
28900,2884,0.2607468366622925
28910,2885,0.5776026844978333
28920,2886,0.54582679271698
28930,2887,0.3931267559528351
28940,2888,0.3308127820491791
28950,2889,0.4069213569164276
28960,2890,0.6963541507720947
28970,2891,0.30415451526641846
28980,2892,0.16692286729812622
28990,2893,0.5244364738464355
29000,2894,0.31907156109809875
29010,2895,0.38016197085380554
29020,2896,0.4986724853515625
29030,2897,0.39593014121055603
29040,2898,0.4711425006389618
29050,2899,0.3941713571548462
29060,2900,0.20935218036174774
29070,2901,0.5270552635192871
29080,2902,0.44122129678726196
29090,2903,0.4585666358470917
29100,2904,0.3476226031780243
29110,2905,0.35326310992240906
29120,2906,0.4022582471370697
29130,2907,0.33768409490585327
29140,2908,0.5190727114677429
29150,2909,0.2810556888580322
29160,2910,0.40579259395599365
29170,2911,0.36140450835227966
29180,2912,0.23557770252227783
29190,2913,0.1990329772233963
29200,2914,0.25025662779808044
29210,2915,0.47882694005966187
29220,2916,0.37462735176086426
29230,2917,0.18972519040107727
29240,2918,0.412762850522995
29250,2919,0.3746676445007324
29260,2920,0.3120408058166504
29270,2921,0.5838818550109863
29280,2922,0.4798121452331543
29290,2923,0.4143504798412323
29300,2924,0.7013727426528931
29310,2925,0.36920392513275146
29320,2926,0.40795886516571045
29330,2927,0.4374288022518158
29340,2928,0.5392526388168335
29350,2929,0.4257240295410156
29360,2930,0.48295024037361145
29370,2931,0.508868396282196
29380,2932,0.16291265189647675
29390,2933,0.431450754404068
29400,2934,0.6623523831367493
29410,2935,0.3444356620311737
29420,2936,0.49293118715286255
29430,2937,0.44660627841949463
29440,2938,0.23932190239429474
29450,2939,0.5141788721084595
29460,2940,0.3650760352611542
29470,2941,0.19832056760787964
29480,2942,0.49292057752609253
29490,2943,0.2759208679199219
29500,2944,0.5988703966140747
29510,2945,0.44738125801086426
29520,2946,0.22702406346797943
29530,2947,0.3182384669780731
29540,2948,0.3489224314689636
29550,2949,0.2819894850254059
29560,2950,0.49014636874198914
29570,2951,0.32840338349342346
29580,2952,0.2924784719944
29590,2953,0.5064098238945007
29600,2954,0.3414800763130188
29610,2955,0.4175284504890442
29620,2956,0.13947567343711853
29630,2957,0.38271665573120117
29640,2958,0.5097948312759399
29650,2959,0.49440470337867737
29660,2960,0.30761951208114624
29670,2961,0.4327099025249481
29680,2962,0.4160231649875641
29690,2963,0.30358460545539856
29700,2964,0.3858042359352112
29710,2965,0.3797204792499542
29720,2966,0.4403153657913208
29730,2967,0.30440956354141235
29740,2968,0.36049437522888184
29750,2969,0.28037989139556885
29760,2970,0.3607320487499237
29770,2971,0.607803463935852
29780,2972,0.23967669904232025
29790,2973,0.6600830554962158
29800,2974,0.38526663184165955
29810,2975,0.3935103416442871
29820,2976,0.281008780002594
29830,2977,0.544865608215332
29840,2978,0.6107027530670166
29850,2979,0.4849637448787689
29860,2980,0.3188008666038513
29870,2981,0.4180704951286316
29880,2982,0.6368528604507446
29890,2983,0.46294140815734863
29900,2984,0.5401721596717834
29910,2985,0.3606354296207428
29920,2986,0.3980451226234436
29930,2987,0.39651554822921753
29940,2988,0.3867377042770386
29950,2989,0.455101877450943
29960,2990,0.21300265192985535
29970,2991,0.3000487685203552
29980,2992,0.5273629426956177
29990,2993,0.36738625168800354
30000,2994,0.31215906143188477
30010,2995,0.2541409730911255
30020,2996,0.32342806458473206
30030,2997,0.18000030517578125
30040,2998,0.372079461812973
30050,2999,0.2966573238372803
30060,3000,0.2661765217781067
30070,3001,0.26505881547927856
30080,3002,0.4266960918903351
30090,3003,0.3970140516757965
30100,3004,0.4975314140319824
30110,3005,0.2541026175022125
30120,3006,0.30353420972824097
30130,3007,0.27082908153533936
30140,3008,0.18700534105300903
30150,3009,0.167721226811409
30160,3010,0.2770991921424866
30170,3011,0.4452057480812073
30180,3012,0.37406671047210693
30190,3013,0.4329463541507721
30200,3014,0.7083240151405334
30210,3015,0.327325701713562
30220,3016,0.3382278084754944
30230,3017,0.32440686225891113
30240,3018,0.23715384304523468
30250,3019,0.3870983123779297
30260,3020,0.3947482407093048
30270,3021,0.2251804769039154
30280,3022,0.5129581689834595
30290,3023,0.24857598543167114
30300,3024,0.16654175519943237
30310,3025,0.38571614027023315
30320,3026,0.49553149938583374
30330,3027,0.24439740180969238
30340,3028,0.306353896856308
30350,3029,0.3908846378326416
30360,3030,0.3106417953968048
30370,3031,0.3216666877269745
30380,3032,0.4911714196205139
30390,3033,0.4963562488555908
30400,3034,0.3547583818435669
30410,3035,0.502655565738678
30420,3036,0.20112824440002441
30430,3037,0.490936815738678
30440,3038,0.6404269337654114
30450,3039,0.29591095447540283
30460,3040,0.3919702172279358
30470,3041,0.34957626461982727
30480,3042,0.26495951414108276
30490,3043,0.19865834712982178
30500,3044,0.22160466015338898
30510,3045,0.3395877778530121
30520,3046,0.29414045810699463
30530,3047,0.4975525140762329
30540,3048,0.4196593165397644
30550,3049,0.3858356475830078
30560,3050,0.5308942198753357
30570,3051,0.6182385683059692
30580,3052,0.3244171142578125
30590,3053,0.41335543990135193
30600,3054,0.28127098083496094
30610,3055,0.27556636929512024
30620,3056,0.4982411563396454
30630,3057,0.4535413384437561
30640,3058,0.4885619878768921
30650,3059,0.420508474111557
30660,3060,0.5184343457221985
30670,3061,0.29237499833106995
30680,3062,0.4931589365005493
30690,3063,0.2238536775112152
30700,3064,0.27841389179229736
30710,3065,0.6184727549552917
30720,3066,0.342337429523468
30730,3067,0.20686273276805878
30740,3068,0.589690625667572
30750,3069,0.23696881532669067
30760,3070,0.3849281966686249
30770,3071,0.3357813358306885
30780,3072,0.5327012538909912
30790,3073,0.3550300896167755
30800,3074,0.35958486795425415
30810,3075,0.7323026061058044
30820,3076,0.36182647943496704
30830,3077,0.3222792148590088
30840,3078,0.3548821210861206
30850,3079,0.2579582929611206
30860,3080,0.3579595983028412
30870,3081,0.2381136417388916
30880,3082,0.40310588479042053
30890,3083,0.4012392461299896
30900,3084,0.3221516013145447
30910,3085,0.3343657851219177
30920,3086,0.26932021975517273
30930,3087,0.35367265343666077
30940,3088,0.1765284538269043
30950,3089,0.29726195335388184
30960,3090,0.3464248776435852
30970,3091,0.307767391204834
30980,3092,0.42630648612976074
30990,3093,0.44317424297332764
31000,3094,0.6580287218093872
31010,3095,0.21959209442138672
31020,3096,0.4232006072998047
31030,3097,0.5719770193099976
31040,3098,0.21179097890853882
31050,3099,0.23241636157035828
31060,3100,0.510081946849823
31070,3101,0.3388996124267578
31080,3102,0.27676087617874146
31090,3103,0.40835267305374146
31100,3104,0.278924822807312
31110,3105,0.2795896530151367
31120,3106,0.26828038692474365
31130,3107,0.40415456891059875
31140,3108,0.23039951920509338
31150,3109,0.3699909746646881
31160,3110,0.4258284568786621
31170,3111,0.474210262298584
31180,3112,0.4536803662776947
31190,3113,0.4454447627067566
31200,3114,0.550830066204071
31210,3115,0.3517460227012634
31220,3116,0.2722621262073517
31230,3117,0.40098685026168823
31240,3118,0.4100928008556366
31250,3119,0.38479703664779663
31260,3120,0.5212500095367432
31270,3121,0.17373622953891754
31280,3122,0.3381703495979309
31290,3123,0.35581913590431213
31300,3124,0.3200732171535492
31310,3125,0.27418577671051025
31320,3126,0.41628819704055786
31330,3127,0.4697510004043579
31340,3128,0.3263867497444153
31350,3129,0.3266540467739105
31360,3130,0.4447193741798401
31370,3131,0.4334668517112732
31380,3132,0.400796502828598
31390,3133,0.34117257595062256
31400,3134,0.28909891843795776
31410,3135,0.3417665362358093
31420,3136,0.4718438684940338
31430,3137,0.288067489862442
31440,3138,0.28577959537506104
31450,3139,0.33253005146980286
31460,3140,0.1584262102842331
31470,3141,0.33639562129974365
31480,3142,0.25383102893829346
31490,3143,0.5045647621154785
31500,3144,0.5723666548728943
31510,3145,0.5807380676269531
31520,3146,0.22457395493984222
31530,3147,0.24101698398590088
31540,3148,0.4026958644390106
31550,3149,0.43335840106010437
31560,3150,0.35291844606399536
31570,3151,0.4230195879936218
31580,3152,0.21345901489257812
31590,3153,0.4148785471916199
31600,3154,0.23895896971225739
31610,3155,0.321566641330719
31620,3156,0.5205380320549011
31630,3157,0.47759687900543213
31640,3158,0.30137932300567627
31650,3159,0.6176929473876953
31660,3160,0.34054332971572876
31670,3161,0.3487882912158966
31680,3162,0.49622148275375366
31690,3163,0.4736318588256836
31700,3164,0.3599211871623993
31710,3165,0.2802012264728546
31720,3166,0.38109102845191956
31730,3167,0.4416351914405823
31740,3168,0.1900305151939392
31750,3169,0.2646036744117737
31760,3170,0.4954086244106293
31770,3171,0.28285807371139526
31780,3172,0.19415117800235748
31790,3173,0.6891191601753235
31800,3174,0.3237232267856598
31810,3175,0.5057445764541626
31820,3176,0.3099248707294464
31830,3177,0.23081065714359283
31840,3178,0.24607738852500916
31850,3179,0.2758474349975586
31860,3180,0.4219774007797241
31870,3181,0.2704397141933441
31880,3182,0.26366084814071655
31890,3183,0.26186662912368774
31900,3184,0.18732263147830963
31910,3185,0.2102314531803131
31920,3186,0.3603564500808716
31930,3187,0.28921419382095337
31940,3188,0.35883769392967224
31950,3189,0.5459966659545898
31960,3190,0.39527246356010437
31970,3191,0.4552483558654785
31980,3192,0.4345773458480835
31990,3193,0.2919992506504059
32000,3194,0.30206719040870667
32010,3195,0.5572701692581177
32020,3196,0.39912229776382446
32030,3197,0.3733963072299957
32040,3198,0.2733525037765503
32050,3199,0.9238528609275818
32060,3200,0.4466662108898163
32070,3201,0.4892127513885498
32080,3202,0.20768682658672333
32090,3203,0.3449191749095917
32100,3204,0.3485528230667114
32110,3205,0.4347403347492218
32120,3206,0.3465309143066406
32130,3207,0.24891269207000732
32140,3208,0.44161951541900635
32150,3209,0.40169084072113037
32160,3210,0.3742299973964691
32170,3211,0.20708757638931274
32180,3212,0.27695247530937195
32190,3213,0.2876712679862976
32200,3214,0.3424309492111206
32210,3215,0.3061259686946869
32220,3216,0.4779796302318573
32230,3217,0.2790626883506775
32240,3218,0.3107910752296448
32250,3219,0.34225791692733765
32260,3220,0.3269641399383545
32270,3221,0.4506995379924774
32280,3222,0.5901451706886292
32290,3223,0.3083178400993347
32300,3224,0.3990996181964874
32310,3225,0.6191682815551758
32320,3226,0.2825411260128021
32330,3227,0.4570479094982147
32340,3228,0.20233729481697083
32350,3229,0.4588698744773865
32360,3230,0.32821834087371826
32370,3231,0.48582762479782104
32380,3232,0.33186787366867065
32390,3233,0.4155769944190979
32400,3234,0.3529195189476013
32410,3235,0.40005752444267273
32420,3236,0.2286384254693985
32430,3237,0.3052428960800171
32440,3238,0.44973281025886536
32450,3239,0.5004085302352905
32460,3240,0.33530962467193604
32470,3241,0.32300376892089844
32480,3242,0.2459685206413269
32490,3243,0.554527997970581
32500,3244,0.19996415078639984
32510,3245,0.3511383831501007
32520,3246,0.25324976444244385
32530,3247,0.35022395849227905
32540,3248,0.3449900150299072
32550,3249,0.47387582063674927
32560,3250,0.5064938068389893
32570,3251,0.5270060896873474
32580,3252,0.4825449287891388
32590,3253,0.28882521390914917
32600,3254,0.3079663813114166
32610,3255,0.6060277223587036
32620,3256,0.19616207480430603
32630,3257,0.47575441002845764
32640,3258,0.4653650224208832
32650,3259,0.385975182056427
32660,3260,0.40640076994895935
32670,3261,0.5633645057678223
32680,3262,0.42158544063568115
32690,3263,0.39096754789352417
32700,3264,0.26126280426979065
32710,3265,0.34067320823669434
32720,3266,0.32526203989982605
32730,3267,0.4167886972427368
32740,3268,0.38697534799575806
32750,3269,0.3081359267234802
32760,3270,0.1799652874469757
32770,3271,0.24287156760692596
32780,3272,0.48643872141838074
32790,3273,0.29125264286994934
32800,3274,0.33645761013031006
32810,3275,0.2511674463748932
32820,3276,0.5559084415435791
32830,3277,0.3648530840873718
32840,3278,0.47882816195487976
32850,3279,0.1933312565088272
32860,3280,0.3644999861717224
32870,3281,0.23783543705940247
32880,3282,0.39445212483406067
32890,3283,0.42528554797172546
32900,3284,0.2399631291627884
32910,3285,0.33849573135375977
32920,3286,0.3856008052825928
32930,3287,0.33795076608657837
32940,3288,0.41576793789863586
32950,3289,0.636733889579773
32960,3290,0.3532130718231201
32970,3291,0.40854495763778687
32980,3292,0.5063161849975586
32990,3293,0.33065301179885864
33000,3294,0.3477404713630676
33010,3295,0.45577263832092285
33020,3296,0.45314034819602966
33030,3297,0.2995864152908325
33040,3298,0.25922733545303345
33050,3299,0.48306015133857727
33060,3300,0.36453932523727417
33070,3301,0.42661958932876587
33080,3302,0.567409336566925
33090,3303,0.5163753628730774
33100,3304,0.2631323039531708
33110,3305,0.37138989567756653
33120,3306,0.3418346643447876
33130,3307,0.5112279057502747
33140,3308,0.35722607374191284
33150,3309,0.4037899076938629
33160,3310,0.5806245803833008
33170,3311,0.6120772361755371
33180,3312,0.32674407958984375
33190,3313,0.31114572286605835
33200,3314,0.7063977122306824
33210,3315,0.39173412322998047
33220,3316,0.27070245146751404
33230,3317,0.29427117109298706
33240,3318,0.21942801773548126
33250,3319,0.3816241919994354
33260,3320,0.27747899293899536
33270,3321,0.1820371448993683
33280,3322,0.6052824258804321
33290,3323,0.36412474513053894
33300,3324,0.30507004261016846
33310,3325,0.1709316223859787
33320,3326,0.15535292029380798
33330,3327,0.21154354512691498
33340,3328,0.3211246728897095
33350,3329,0.276844322681427
33360,3330,0.19711212813854218
33370,3331,0.3164467215538025
33380,3332,0.25236186385154724
33390,3333,0.29311347007751465
33400,3334,0.38113489747047424
33410,3335,0.3477407395839691
33420,3336,0.6123000383377075
33430,3337,0.3694145977497101
33440,3338,0.634009838104248
33450,3339,0.2989905774593353
33460,3340,0.41073375940322876
33470,3341,0.24921204149723053
33480,3342,0.47279486060142517
33490,3343,0.35738229751586914
33500,3344,0.40307992696762085
33510,3345,0.3417680263519287
33520,3346,0.24558471143245697
33530,3347,0.5151482820510864
33540,3348,0.4180893301963806
33550,3349,0.31186643242836
33560,3350,0.41453590989112854
33570,3351,0.3604448735713959
33580,3352,0.24923762679100037
33590,3353,0.3016498386859894
33600,3354,0.4167157709598541
33610,3355,0.4601941406726837
33620,3356,0.46798276901245117
33630,3357,0.27911245822906494
33640,3358,0.49746397137641907
33650,3359,0.3422688841819763
33660,3360,0.445128470659256
33670,3361,0.30646777153015137
33680,3362,0.5007352828979492
33690,3363,0.5405688285827637
33700,3364,0.3051717281341553
33710,3365,0.5050185322761536
33720,3366,0.32559019327163696
33730,3367,0.8395795226097107
33740,3368,0.2934858500957489
33750,3369,0.34980764985084534
33760,3370,0.34041064977645874
33770,3371,0.5606122016906738
33780,3372,0.32914263010025024
33790,3373,0.2829498052597046
33800,3374,0.2736619710922241
33810,3375,0.6231145858764648
33820,3376,0.40501493215560913
33830,3377,0.2221880704164505
33840,3378,0.3807257413864136
33850,3379,0.49460944533348083
33860,3380,0.18450498580932617
33870,3381,0.3544542193412781
33880,3382,0.20934893190860748
33890,3383,0.42978185415267944
33900,3384,0.23756201565265656
33910,3385,0.40250349044799805
33920,3386,0.16885678470134735
33930,3387,0.4294048547744751
33940,3388,0.324800580739975
33950,3389,0.31498754024505615
33960,3390,0.27329522371292114
33970,3391,0.25264713168144226
33980,3392,0.21689972281455994
33990,3393,0.297431081533432
34000,3394,0.3936128318309784
34010,3395,0.38671526312828064
34020,3396,0.46000635623931885
34030,3397,0.29330724477767944
34040,3398,0.5543038845062256
34050,3399,0.6356939077377319
34060,3400,0.38033369183540344
34070,3401,0.3256610631942749
34080,3402,0.2806791067123413
34090,3403,0.57207852602005
34100,3404,0.41778266429901123
34110,3405,0.439054399728775
34120,3406,0.2602832019329071
34130,3407,0.37091580033302307
34140,3408,0.3124251365661621
34150,3409,0.6001642346382141
34160,3410,0.41536232829093933
34170,3411,0.3749730587005615
34180,3412,0.26609835028648376
34190,3413,0.2864767014980316
34200,3414,0.445651113986969
34210,3415,0.387288898229599
34220,3416,0.27109622955322266
34230,3417,0.45617562532424927
34240,3418,0.31487274169921875
34250,3419,0.25345441699028015
34260,3420,0.3365004360675812
34270,3421,0.24848997592926025
34280,3422,0.5791532397270203
34290,3423,0.32767143845558167
34300,3424,0.34224119782447815
34310,3425,0.5356317162513733
34320,3426,0.38339942693710327
34330,3427,0.2601095736026764
34340,3428,0.1801348626613617
34350,3429,0.5615150332450867
34360,3430,0.4457071125507355
34370,3431,0.2214888632297516
34380,3432,0.4886467754840851
34390,3433,0.19722288846969604
34400,3434,0.3393085300922394
34410,3435,0.5168006420135498
34420,3436,0.3731628358364105
34430,3437,0.16098177433013916
34440,3438,0.406200110912323
34450,3439,0.2501227557659149
34460,3440,0.39571413397789
34470,3441,0.38802728056907654
34480,3442,0.37609654664993286
34490,3443,0.336875319480896
34500,3444,0.5028031468391418
34510,3445,0.2774328589439392
34520,3446,0.4571557343006134
34530,3447,0.4813116192817688
34540,3448,0.37283894419670105
34550,3449,0.1820850968360901
34560,3450,0.3300871253013611
34570,3451,0.23353980481624603
34580,3452,0.1104346513748169
34590,3453,0.2671619653701782
34600,3454,0.33740153908729553
34610,3455,0.41369786858558655
34620,3456,0.4281747341156006
34630,3457,0.44156014919281006
34640,3458,0.42978256940841675
34650,3459,0.4851469099521637
34660,3460,0.3920113742351532
34670,3461,0.28109556436538696
34680,3462,0.3707323372364044
34690,3463,0.2962579131126404
34700,3464,0.4420038163661957
34710,3465,0.5077813863754272
34720,3466,0.41150814294815063
34730,3467,0.3187820613384247
34740,3468,0.33844247460365295
34750,3469,0.35253340005874634
34760,3470,0.36410680413246155
34770,3471,0.384746789932251
34780,3472,0.2762622535228729
34790,3473,0.34903886914253235
34800,3474,0.29450008273124695
34810,3475,0.6320950388908386
34820,3476,0.20047056674957275
34830,3477,0.4768289029598236
34840,3478,0.47718334197998047
34850,3479,0.3706606328487396
34860,3480,0.41978099942207336
34870,3481,0.47812598943710327
34880,3482,0.5190726518630981
34890,3483,0.3976714611053467
34900,3484,0.4644220173358917
34910,3485,0.2907295823097229
34920,3486,0.3790734112262726
34930,3487,0.44696369767189026
34940,3488,0.5365263223648071
34950,3489,0.3666047751903534
34960,3490,0.34481364488601685
34970,3491,0.37692588567733765
34980,3492,0.44973480701446533
34990,3493,0.3660569489002228
35000,3494,0.47301071882247925
35010,3495,0.41759032011032104
35020,3496,0.26367685198783875
35030,3497,0.5395147204399109
35040,3498,0.40386778116226196
35050,3499,0.5299083590507507
35060,3500,0.22895807027816772
35070,3501,0.38628390431404114
35080,3502,0.4334867596626282
35090,3503,0.27242112159729004
35100,3504,0.4454694390296936
35110,3505,0.4742080569267273
35120,3506,0.40401768684387207
35130,3507,0.35749951004981995
35140,3508,0.3504467010498047
35150,3509,0.561068058013916
35160,3510,0.3798467814922333
35170,3511,0.5175629258155823
35180,3512,0.4396842122077942
35190,3513,0.28096339106559753
35200,3514,0.2951541244983673
35210,3515,0.4771089255809784
35220,3516,0.41194218397140503
35230,3517,0.353665292263031
35240,3518,0.4622008502483368
35250,3519,0.2540222704410553
35260,3520,0.47374609112739563
35270,3521,0.24676817655563354
35280,3522,0.5226895213127136
35290,3523,0.247848778963089
35300,3524,0.5388453602790833
35310,3525,0.49795520305633545
35320,3526,0.4705961346626282
35330,3527,0.18931610882282257
35340,3528,0.37222403287887573
35350,3529,0.44186609983444214
35360,3530,0.3835614323616028
35370,3531,0.2594885528087616
35380,3532,0.19787371158599854
35390,3533,0.6000990271568298
35400,3534,0.26669082045555115
35410,3535,0.21829043328762054
35420,3536,0.26818692684173584
35430,3537,0.5132060050964355
35440,3538,0.3775772750377655
35450,3539,0.3615476191043854
35460,3540,0.4356718063354492
35470,3541,0.6070119142532349
35480,3542,0.2512950599193573
35490,3543,0.4523281455039978
35500,3544,0.37101078033447266
35510,3545,0.4837261736392975
35520,3546,0.2871396243572235
35530,3547,0.5191439390182495
35540,3548,0.44486600160598755
35550,3549,0.5943894982337952
35560,3550,0.47302359342575073
35570,3551,0.4127936363220215
35580,3552,0.24435041844844818
35590,3553,0.5821134448051453
35600,3554,0.19620808959007263
35610,3555,0.5148961544036865
35620,3556,0.6507351994514465
35630,3557,0.09162244945764542
35640,3558,0.18632754683494568
35650,3559,0.4259398579597473
35660,3560,0.2535228729248047
35670,3561,0.45618578791618347
35680,3562,0.4795774519443512
35690,3563,0.40334653854370117
35700,3564,0.576079785823822
35710,3565,0.45566314458847046
35720,3566,0.2664017379283905
35730,3567,0.37983620166778564
35740,3568,0.46828803420066833
35750,3569,0.6370263695716858
35760,3570,0.3988029658794403
35770,3571,0.4548581838607788
35780,3572,0.652499794960022
35790,3573,0.27688759565353394
35800,3574,0.669573962688446
35810,3575,0.3429398834705353
35820,3576,0.45424360036849976
35830,3577,0.5424699783325195
35840,3578,0.48375847935676575
35850,3579,0.36513423919677734
35860,3580,0.4340546131134033
35870,3581,0.3343389332294464
35880,3582,0.2570188045501709
35890,3583,0.34550216794013977
35900,3584,0.23256367444992065
35910,3585,0.35206401348114014
35920,3586,0.24625815451145172
35930,3587,0.23307016491889954
35940,3588,0.3041091859340668
35950,3589,0.3736516535282135
35960,3590,0.16482889652252197
35970,3591,0.5684236884117126
35980,3592,0.27185553312301636
35990,3593,0.32139885425567627
36000,3594,0.39010554552078247
36010,3595,0.3367259204387665
36020,3596,0.5214459896087646
36030,3597,0.26163262128829956
36040,3598,0.5173168778419495
36050,3599,0.27155256271362305
36060,3600,0.27391189336776733
36070,3601,0.4496481120586395
36080,3602,0.3436810374259949
36090,3603,0.41624417901039124
36100,3604,0.5179123878479004
36110,3605,0.390896737575531
36120,3606,0.46797916293144226
36130,3607,0.34160149097442627
36140,3608,0.4474807679653168
36150,3609,0.4080490171909332
36160,3610,0.46704593300819397
36170,3611,0.4393724501132965
36180,3612,0.42288413643836975
36190,3613,0.3658999800682068
36200,3614,0.367489755153656
36210,3615,0.34529921412467957
36220,3616,0.3827686905860901
36230,3617,0.39586398005485535
36240,3618,0.40154770016670227
36250,3619,0.3652563691139221
36260,3620,0.3932473659515381
36270,3621,0.3417433798313141
36280,3622,0.33311399817466736
36290,3623,0.3995909094810486
36300,3624,0.386619508266449
36310,3625,0.3608541786670685
36320,3626,0.28883400559425354
36330,3627,0.36392828822135925
36340,3628,0.5601128935813904
36350,3629,0.4681094288825989
36360,3630,0.18345104157924652
36370,3631,0.21674898266792297
36380,3632,0.4363890290260315
36390,3633,0.34479719400405884
36400,3634,0.44148629903793335
36410,3635,0.2723708152770996
36420,3636,0.35731029510498047
36430,3637,0.6073173880577087
36440,3638,0.2225421965122223
36450,3639,0.3792300224304199
36460,3640,0.5694491267204285
36470,3641,0.26823699474334717
36480,3642,0.37944287061691284
36490,3643,0.2567310631275177
36500,3644,0.3145909905433655
36510,3645,0.44847071170806885
36520,3646,0.47742748260498047
36530,3647,0.48266568779945374
36540,3648,0.3816612958908081
36550,3649,0.3879983127117157
36560,3650,0.3107118010520935
36570,3651,0.39975035190582275
36580,3652,0.41310667991638184
36590,3653,0.4192415475845337
36600,3654,0.2898728549480438
36610,3655,0.41145771741867065
36620,3656,0.5637483596801758
36630,3657,0.30065521597862244
36640,3658,0.6997961401939392
36650,3659,0.2287190556526184
36660,3660,0.36328446865081787
36670,3661,0.456056147813797
36680,3662,0.5059466361999512
36690,3663,0.2206333875656128
36700,3664,0.5353922843933105
36710,3665,0.274705708026886
36720,3666,0.25845208764076233
36730,3667,0.36436009407043457
36740,3668,0.39328011870384216
36750,3669,0.2961525321006775
36760,3670,0.3366132378578186
36770,3671,0.32896584272384644
36780,3672,0.4284343123435974
36790,3673,0.25378355383872986
36800,3674,0.44001367688179016
36810,3675,0.5203791260719299
36820,3676,0.5873808860778809
36830,3677,0.3706668019294739
36840,3678,0.549096941947937
36850,3679,0.2558192014694214
36860,3680,0.5964967012405396
36870,3681,0.2565957307815552
36880,3682,0.3536072075366974
36890,3683,0.14125707745552063
36900,3684,0.2655552923679352
36910,3685,0.46437835693359375
36920,3686,0.3626278042793274
36930,3687,0.5420087575912476
36940,3688,0.41179534792900085
36950,3689,0.3342045843601227
36960,3690,0.39128220081329346
36970,3691,0.23620082437992096
36980,3692,0.38639095425605774
36990,3693,0.3160986006259918
37000,3694,0.14977006614208221
37010,3695,0.35971546173095703
37020,3696,0.36649683117866516
37030,3697,0.21861949563026428
37040,3698,0.3777930736541748
37050,3699,0.5340700149536133
37060,3700,0.33263489603996277
37070,3701,0.3581441342830658
37080,3702,0.2424486130475998
37090,3703,0.38408881425857544
37100,3704,0.373183935880661
37110,3705,0.6834842562675476
37120,3706,0.31972649693489075
37130,3707,0.2974326014518738
37140,3708,0.47821077704429626
37150,3709,0.30883172154426575
37160,3710,0.37031325697898865
37170,3711,0.30727532505989075
37180,3712,0.3582450747489929
37190,3713,0.3618462085723877
37200,3714,0.3381351828575134
37210,3715,0.36194029450416565
37220,3716,0.30030789971351624
37230,3717,0.48945459723472595
37240,3718,0.5307117104530334
37250,3719,0.3578093647956848
37260,3720,0.3099977374076843
37270,3721,0.48833757638931274
37280,3722,0.2217758297920227
37290,3723,0.23417946696281433
37300,3724,0.377472460269928
37310,3725,0.8421180248260498
37320,3726,0.332366406917572
37330,3727,0.6174436807632446
37340,3728,0.26659995317459106
37350,3729,0.360210120677948
37360,3730,0.2605361342430115
37370,3731,0.4187835454940796
37380,3732,0.13596022129058838
37390,3733,0.21550369262695312
37400,3734,0.9704573750495911
37410,3735,0.26523858308792114
37420,3736,0.5053260326385498
37430,3737,0.20012515783309937
37440,3738,0.3962733745574951
37450,3739,0.15941812098026276
37460,3740,0.31911176443099976
37470,3741,0.482712984085083
37480,3742,0.5207843780517578
37490,3743,0.2291102111339569
37500,3744,0.24979081749916077
37510,3745,0.37221840023994446
37520,3746,0.28463414311408997
37530,3747,0.2687772512435913
37540,3748,0.4616197943687439
37550,3749,0.4329884350299835
37560,3750,0.4070863723754883
37570,3751,0.24287594854831696
37580,3752,0.2606503963470459
37590,3753,0.1970207691192627
37600,3754,0.4773159325122833
37610,3755,0.418085515499115
37620,3756,0.3308933973312378
37630,3757,0.4941334128379822
37640,3758,0.206719309091568
37650,3759,0.36238011717796326
37660,3760,0.32269400358200073
37670,3761,0.4449591338634491
37680,3762,0.23394259810447693
37690,3763,0.27872174978256226
37700,3764,0.3767370581626892
37710,3765,0.3831525444984436
37720,3766,0.30217987298965454
37730,3767,0.2482490986585617
37740,3768,0.4185470938682556
37750,3769,0.33367541432380676
37760,3770,0.4215048849582672
37770,3771,0.18477877974510193
37780,3772,0.3851829171180725
37790,3773,0.29619100689888
37800,3774,0.2798907458782196
37810,3775,0.3960733413696289
37820,3776,0.4553371071815491
37830,3777,0.17130935192108154
37840,3778,0.24790702760219574
37850,3779,0.1457323133945465
37860,3780,0.4997912049293518
37870,3781,0.6180323362350464
37880,3782,0.35286635160446167
37890,3783,0.13681729137897491
37900,3784,0.31445613503456116
37910,3785,0.3092588782310486
37920,3786,0.2697831988334656
37930,3787,0.3948468863964081
37940,3788,0.266052782535553
37950,3789,0.5121058821678162
37960,3790,0.44666585326194763
37970,3791,0.42336294054985046
37980,3792,0.41704702377319336
37990,3793,0.17362110316753387
38000,3794,0.28656116127967834
38010,3795,0.256847620010376
38020,3796,0.14235343039035797
38030,3797,0.46189939975738525
38040,3798,0.3793279826641083
38050,3799,0.36997729539871216
38060,3800,0.13438481092453003
38070,3801,0.47761672735214233
38080,3802,0.46706056594848633
38090,3803,0.3281461000442505
38100,3804,0.39619338512420654
38110,3805,0.3174964189529419
38120,3806,0.21936586499214172
38130,3807,0.3213329315185547
38140,3808,0.3519366681575775
38150,3809,0.4554581642150879
38160,3810,0.12030035257339478
38170,3811,0.4151587188243866
38180,3812,0.1625508964061737
38190,3813,0.34567007422447205
38200,3814,0.5320526361465454
38210,3815,0.2826816737651825
38220,3816,0.36810287833213806
38230,3817,0.37249165773391724
38240,3818,0.35132941603660583
38250,3819,0.5045599341392517
38260,3820,0.5098371505737305
38270,3821,0.4144279658794403
38280,3822,0.416797935962677
38290,3823,0.11026795208454132
38300,3824,0.4208182394504547
38310,3825,0.4017467200756073
38320,3826,0.31026703119277954
38330,3827,0.4566410481929779
38340,3828,0.33077332377433777
38350,3829,0.4407673478126526
38360,3830,0.43992212414741516
38370,3831,0.25251689553260803
38380,3832,0.4445545971393585
38390,3833,0.23927432298660278
38400,3834,0.39873915910720825
38410,3835,0.36432451009750366
38420,3836,0.3870583474636078
38430,3837,0.43972763419151306
38440,3838,0.24513208866119385
38450,3839,0.2339089959859848
38460,3840,0.1870029866695404
38470,3841,0.1231769248843193
38480,3842,0.372403621673584
38490,3843,0.4406598210334778
38500,3844,0.4457978308200836
38510,3845,0.2717754542827606
38520,3846,0.41413864493370056
38530,3847,0.3334069848060608
38540,3848,0.3819679617881775
38550,3849,0.2915111184120178
38560,3850,0.2050388753414154
38570,3851,0.3163112699985504
38580,3852,0.532498836517334
38590,3853,0.4386042058467865
38600,3854,0.4645877480506897
38610,3855,0.4870994985103607
38620,3856,0.4957360029220581
38630,3857,0.5315597057342529
38640,3858,0.48334166407585144
38650,3859,0.4313119649887085
38660,3860,0.22759950160980225
38670,3861,0.4308561384677887
38680,3862,0.38204625248908997
38690,3863,0.18315760791301727
38700,3864,0.14822210371494293
38710,3865,0.18753716349601746
38720,3866,0.3922082185745239
38730,3867,0.2214282751083374
38740,3868,0.24889203906059265
38750,3869,0.3703644573688507
38760,3870,0.3275820314884186
38770,3871,0.2123798429965973
38780,3872,0.30132371187210083
38790,3873,0.45338255167007446
38800,3874,0.46226662397384644
38810,3875,0.23599140346050262
38820,3876,0.3760750889778137
38830,3877,0.2529248595237732
38840,3878,0.41229352355003357
38850,3879,0.35730719566345215
38860,3880,0.3111308813095093
38870,3881,0.5019223093986511
38880,3882,0.23522597551345825
38890,3883,0.31617745757102966
38900,3884,0.18871408700942993
38910,3885,0.37116318941116333
38920,3886,0.30368688702583313
38930,3887,0.3348127007484436
38940,3888,0.18153724074363708
38950,3889,0.36493751406669617
38960,3890,0.6079943776130676
38970,3891,0.5140509009361267
38980,3892,0.3643278479576111
38990,3893,0.3621102273464203
39000,3894,0.4054443836212158
39010,3895,0.39784005284309387
39020,3896,0.3576926589012146
39030,3897,0.18749752640724182
39040,3898,0.19572287797927856
39050,3899,0.2096443623304367
39060,3900,0.22088229656219482
39070,3901,0.4794082045555115
39080,3902,0.2417987883090973
39090,3903,0.29042911529541016
39100,3904,0.4884210526943207
39110,3905,0.33647438883781433
39120,3906,0.2299397736787796
39130,3907,0.38139697909355164
39140,3908,0.17022208869457245
39150,3909,0.1884792447090149
39160,3910,0.151554137468338
39170,3911,0.3786717355251312
39180,3912,0.2160523533821106
39190,3913,0.21490979194641113
39200,3914,0.23023201525211334
39210,3915,0.43288588523864746
39220,3916,0.2030206173658371
39230,3917,0.3159100115299225
39240,3918,0.31506383419036865
39250,3919,0.3544813096523285
39260,3920,0.32366499304771423
39270,3921,0.18337947130203247
39280,3922,0.26527851819992065
39290,3923,0.5393931865692139
39300,3924,0.1315487176179886
39310,3925,0.32808804512023926
39320,3926,0.5426126718521118
39330,3927,0.26369398832321167
39340,3928,0.2517112195491791
39350,3929,0.2555985450744629
39360,3930,0.3221396505832672
39370,3931,0.35986217856407166
39380,3932,0.46328204870224
39390,3933,0.39205068349838257
39400,3934,0.6872420907020569
39410,3935,0.3006301820278168
39420,3936,0.5063912272453308
39430,3937,0.2997400462627411
39440,3938,0.2660225033760071
39450,3939,0.4793683886528015
39460,3940,0.4462060332298279
39470,3941,0.24242302775382996
39480,3942,0.4240390658378601
39490,3943,0.32052159309387207
39500,3944,0.24503785371780396
39510,3945,0.44434601068496704
39520,3946,0.28656119108200073
39530,3947,0.3713687062263489
39540,3948,0.22835156321525574
39550,3949,0.19761988520622253
39560,3950,0.26711589097976685
39570,3951,0.25487810373306274
39580,3952,0.5315237641334534
39590,3953,0.09085719287395477
39600,3954,0.3041907250881195
39610,3955,0.2613898813724518
39620,3956,0.29499879479408264
39630,3957,0.33502596616744995
39640,3958,0.34067100286483765
39650,3959,0.3034363389015198
39660,3960,0.3494874835014343
39670,3961,0.21763965487480164
39680,3962,0.3547235131263733
39690,3963,0.18334676325321198
39700,3964,0.3934387266635895
39710,3965,0.35578015446662903
39720,3966,0.3111060857772827
39730,3967,0.3651311993598938
39740,3968,0.534570574760437
39750,3969,0.5334262847900391
39760,3970,0.3631379008293152
39770,3971,0.4177539050579071
39780,3972,0.42390549182891846
39790,3973,0.21191073954105377
39800,3974,0.47501006722450256
39810,3975,0.22558170557022095
39820,3976,0.3653789162635803
39830,3977,0.5959993004798889
39840,3978,0.24401752650737762
39850,3979,0.2968468964099884
39860,3980,0.38481131196022034
39870,3981,0.2711850106716156
39880,3982,0.3346005976200104
39890,3983,0.31758174300193787
39900,3984,0.5690268278121948
39910,3985,0.37400946021080017
39920,3986,0.27553990483283997
39930,3987,0.20094212889671326
39940,3988,0.2712836265563965
39950,3989,0.17452192306518555
39960,3990,0.42585858702659607
39970,3991,0.29974478483200073
39980,3992,0.25476381182670593
39990,3993,0.23426836729049683
40000,3994,0.3093404471874237
40010,3995,0.18960319459438324
40020,3996,0.3079201877117157
40030,3997,0.2627601623535156
40040,3998,0.14548993110656738
40050,3999,0.20877021551132202
40060,4000,0.1400304138660431
40070,4001,0.452674925327301
40080,4002,0.2954927682876587
40090,4003,0.26846370100975037
40100,4004,0.3721330463886261
40110,4005,0.1883842647075653
40120,4006,0.4209364354610443
40130,4007,0.3615308105945587
40140,4008,0.35951635241508484
40150,4009,0.2668469250202179
40160,4010,0.12970727682113647
40170,4011,0.38381075859069824
40180,4012,0.3309759199619293
40190,4013,0.1502143144607544
40200,4014,0.17031776905059814
40210,4015,0.21923242509365082
40220,4016,0.2302921712398529
40230,4017,0.23072335124015808
40240,4018,0.17284955084323883
40250,4019,0.34339848160743713
40260,4020,0.29224464297294617
40270,4021,0.2087252140045166
40280,4022,0.5580859184265137
40290,4023,0.32390663027763367
40300,4024,0.3597117066383362
40310,4025,0.28252407908439636
40320,4026,0.41587159037590027
40330,4027,0.32617655396461487
40340,4028,0.4229227304458618
40350,4029,0.21077822148799896
40360,4030,0.3793691396713257
40370,4031,0.2964569330215454
40380,4032,0.37575763463974
40390,4033,0.1573243886232376
40400,4034,0.3961966335773468
40410,4035,0.4306275248527527
40420,4036,0.48864036798477173
40430,4037,0.32174137234687805
40440,4038,0.2937251925468445
40450,4039,0.45710882544517517
40460,4040,0.35074499249458313
40470,4041,0.3105885088443756
40480,4042,0.30733558535575867
40490,4043,0.25477907061576843
40500,4044,0.3837900757789612
40510,4045,0.22128944098949432
40520,4046,0.18660321831703186
40530,4047,0.368877112865448
40540,4048,0.2378208190202713
40550,4049,0.3522183895111084
40560,4050,0.4866073727607727
40570,4051,0.39653635025024414
40580,4052,0.2897111177444458
40590,4053,0.3732931315898895
40600,4054,0.17113611102104187
40610,4055,0.24364516139030457
40620,4056,0.3463025987148285
40630,4057,0.3680151402950287
40640,4058,0.4279504120349884
40650,4059,0.24845148622989655
40660,4060,0.3124912679195404
40670,4061,0.2250138223171234
40680,4062,0.23260943591594696
40690,4063,0.07793679088354111
40700,4064,0.24241475760936737
40710,4065,0.3618347942829132
40720,4066,0.2589303255081177
40730,4067,0.21388843655586243
40740,4068,0.4984477758407593
40750,4069,0.1995479166507721
40760,4070,0.31707531213760376
40770,4071,0.3765290677547455
40780,4072,0.1313294768333435
40790,4073,0.1709393411874771
40800,4074,0.27076098322868347
40810,4075,0.2748121917247772
40820,4076,0.27590692043304443
40830,4077,0.171432226896286
40840,4078,0.16378703713417053
40850,4079,0.3120913505554199
40860,4080,0.3754999339580536
40870,4081,0.37091851234436035
40880,4082,0.21722900867462158
40890,4083,0.2795875072479248
40900,4084,0.34702280163764954
40910,4085,0.239511176943779
40920,4086,0.27467775344848633
40930,4087,0.16254214942455292
40940,4088,0.22232063114643097
40950,4089,0.4702359735965729
40960,4090,0.20845957100391388
40970,4091,0.178341805934906
40980,4092,0.34655091166496277
40990,4093,0.3396863043308258
41000,4094,0.24869991838932037
41010,4095,0.22969549894332886
41020,4096,0.22889317572116852
41030,4097,0.22862400114536285
41040,4098,0.21763841807842255
41050,4099,0.4999866783618927
41060,4100,0.23006734251976013
41070,4101,0.32063737511634827
41080,4102,0.335053026676178
41090,4103,0.5320745706558228
41100,4104,0.16712355613708496
41110,4105,0.20597736537456512
41120,4106,0.1491367071866989
41130,4107,0.22288154065608978
41140,4108,0.14285185933113098
41150,4109,0.39168351888656616
41160,4110,0.38099873065948486
41170,4111,0.17909245193004608
41180,4112,0.24220921099185944
41190,4113,0.17709213495254517
41200,4114,0.33123892545700073
41210,4115,0.20112653076648712
41220,4116,0.26817989349365234
41230,4117,0.22577838599681854
41240,4118,0.38743239641189575
41250,4119,0.2298801839351654
41260,4120,0.35284677147865295
41270,4121,0.20630204677581787
41280,4122,0.2538948953151703
41290,4123,0.09135083854198456
41300,4124,0.3166911005973816
41310,4125,0.21213430166244507
41320,4126,0.19487054646015167
41330,4127,0.33085620403289795
41340,4128,0.29197731614112854
41350,4129,0.23809701204299927
41360,4130,0.17725083231925964
41370,4131,0.327507883310318
41380,4132,0.23832879960536957
41390,4133,0.3238670825958252
41400,4134,0.46181148290634155
41410,4135,0.3669036626815796
41420,4136,0.23749282956123352
41430,4137,0.5220187902450562
41440,4138,0.14657509326934814
41450,4139,0.33877307176589966
41460,4140,0.24401205778121948
41470,4141,0.16150076687335968
41480,4142,0.31480738520622253
41490,4143,0.22675417363643646
41500,4144,0.2469199150800705
41510,4145,0.1589595377445221
41520,4146,0.2641391456127167
41530,4147,0.2969953417778015
41540,4148,0.18687650561332703
41550,4149,0.2612833082675934
41560,4150,0.2906055748462677
41570,4151,0.37444084882736206
41580,4152,0.19528472423553467
41590,4153,0.36339884996414185
41600,4154,0.2777688801288605
41610,4155,0.1670200377702713
41620,4156,0.15659162402153015
41630,4157,0.20150458812713623
41640,4158,0.47768089175224304
41650,4159,0.25329500436782837
41660,4160,0.4219719171524048
41670,4161,0.2469438910484314
41680,4162,0.2563530206680298
41690,4163,0.23182368278503418
41700,4164,0.33687201142311096
41710,4165,0.1453315168619156
41720,4166,0.3228897452354431
41730,4167,0.17077291011810303
41740,4168,0.20579513907432556
41750,4169,0.3153366148471832
41760,4170,0.28536081314086914
41770,4171,0.17737703025341034
41780,4172,0.3152325749397278
41790,4173,0.42064738273620605
41800,4174,0.36760202050209045
41810,4175,0.22913968563079834
41820,4176,0.273835152387619
41830,4177,0.3275449872016907
41840,4178,0.3498097360134125
41850,4179,0.40567922592163086
41860,4180,0.2658470571041107
41870,4181,0.20844970643520355
41880,4182,0.3797718584537506
41890,4183,0.3004882335662842
41900,4184,0.18302643299102783
41910,4185,0.19978570938110352
41920,4186,0.061723098158836365
41930,4187,0.12464544177055359
41940,4188,0.2162570357322693
41950,4189,0.1345663070678711
41960,4190,0.3661172389984131
41970,4191,0.20167163014411926
41980,4192,0.2375645786523819
41990,4193,0.3264627456665039
42000,4194,0.3319445848464966
42010,4195,0.3894698917865753
42020,4196,0.20133621990680695
42030,4197,0.18873842060565948
42040,4198,0.31135398149490356
42050,4199,0.17760322988033295
42060,4200,0.3318605422973633
42070,4201,0.2209884077310562
42080,4202,0.19803693890571594
42090,4203,0.29900145530700684
42100,4204,0.38340961933135986
42110,4205,0.3345555067062378
42120,4206,0.3993520140647888
42130,4207,0.37348195910453796
42140,4208,0.1768915057182312
42150,4209,0.049590058624744415
42160,4210,0.14861276745796204
42170,4211,0.12538045644760132
42180,4212,0.1553056687116623
42190,4213,0.20283779501914978
42200,4214,0.20086508989334106
42210,4215,0.09160367399454117
42220,4216,0.17427164316177368
42230,4217,0.19454945623874664
42240,4218,0.23111097514629364
42250,4219,0.3756685256958008
42260,4220,0.3449542820453644
42270,4221,0.2335774004459381
42280,4222,0.21708279848098755
42290,4223,0.23294377326965332
42300,4224,0.34183454513549805
42310,4225,0.31207334995269775
42320,4226,0.28230005502700806
42330,4227,0.5364501476287842
42340,4228,0.15566179156303406
42350,4229,0.22012262046337128
42360,4230,0.08438523858785629
42370,4231,0.24544206261634827
42380,4232,0.22190162539482117
42390,4233,0.20547117292881012
42400,4234,0.20438602566719055
42410,4235,0.19988583028316498
42420,4236,0.2007518708705902
42430,4237,0.33187705278396606
42440,4238,0.2934318780899048
42450,4239,0.2030808925628662
42460,4240,0.42759379744529724
42470,4241,0.11433274298906326
42480,4242,0.22837185859680176
42490,4243,0.24417544901371002
42500,4244,0.4271532893180847
42510,4245,0.194480761885643
42520,4246,0.4626661241054535
42530,4247,0.4414982795715332
42540,4248,0.24582479894161224
42550,4249,0.10945406556129456
42560,4250,0.38985222578048706
42570,4251,0.13685081899166107
42580,4252,0.19682931900024414
42590,4253,0.20085203647613525
42600,4254,0.19250568747520447
42610,4255,0.2187117040157318
42620,4256,0.4357162415981293
42630,4257,0.2121887058019638
42640,4258,0.3791965842247009
42650,4259,0.1365879625082016
42660,4260,0.08695464581251144
42670,4261,0.37754061818122864
42680,4262,0.18010464310646057
42690,4263,0.22297078371047974
42700,4264,0.2652989625930786
42710,4265,0.2621632218360901
42720,4266,0.22919031977653503
42730,4267,0.14157648384571075
42740,4268,0.23159055411815643
42750,4269,0.3636152148246765
42760,4270,0.2577923834323883
42770,4271,0.5717493891716003
42780,4272,0.3300137221813202
42790,4273,0.4879494905471802
42800,4274,0.26329633593559265
42810,4275,0.25886210799217224
42820,4276,0.30383816361427307
42830,4277,0.20558398962020874
42840,4278,0.28706228733062744
42850,4279,0.21506807208061218
42860,4280,0.15458504855632782
42870,4281,0.14154690504074097
42880,4282,0.2204168736934662
42890,4283,0.15935437381267548
42900,4284,0.25215455889701843
42910,4285,0.23413538932800293
42920,4286,0.20844249427318573
42930,4287,0.43964695930480957
42940,4288,0.19402728974819183
42950,4289,0.32156622409820557
42960,4290,0.24517598748207092
42970,4291,0.27749621868133545
42980,4292,0.22679278254508972
42990,4293,0.129472553730011
43000,4294,0.28707337379455566
43010,4295,0.261895090341568
43020,4296,0.256460964679718
43030,4297,0.22394055128097534
43040,4298,0.37707141041755676
43050,4299,0.25956666469573975
43060,4300,0.3288920223712921
43070,4301,0.43523842096328735
43080,4302,0.21928343176841736
43090,4303,0.39894339442253113
43100,4304,0.32587340474128723
43110,4305,0.17074964940547943
43120,4306,0.2550235092639923
43130,4307,0.22695408761501312
43140,4308,0.46533340215682983
43150,4309,0.07287828624248505
43160,4310,0.2338988184928894
43170,4311,0.1589386761188507
43180,4312,0.1577000916004181
43190,4313,0.17097751796245575
43200,4314,0.26225990056991577
43210,4315,0.24466407299041748
43220,4316,0.26996588706970215
43230,4317,0.2422107756137848
43240,4318,0.2524426281452179
43250,4319,0.35242488980293274
43260,4320,0.3297796845436096
43270,4321,0.15065854787826538
43280,4322,0.2706383764743805
43290,4323,0.11810657382011414
43300,4324,0.3520207703113556
43310,4325,0.19758392870426178
43320,4326,0.31685173511505127
43330,4327,0.2892961800098419
43340,4328,0.5136299133300781
43350,4329,0.46249788999557495
43360,4330,0.21980544924736023
43370,4331,0.2798074781894684
43380,4332,0.21958069503307343
43390,4333,0.3206588327884674
43400,4334,0.1611301600933075
43410,4335,0.10535206645727158
43420,4336,0.24746060371398926
43430,4337,0.1541937291622162
43440,4338,0.23685507476329803
43450,4339,0.20574182271957397
43460,4340,0.23867560923099518
43470,4341,0.21124452352523804
43480,4342,0.19175668060779572
43490,4343,0.37285366654396057
43500,4344,0.2469995617866516
43510,4345,0.19511762261390686
43520,4346,0.17857667803764343
43530,4347,0.27120155096054077
43540,4348,0.17691567540168762
43550,4349,0.1576656848192215
43560,4350,0.22265112400054932
43570,4351,0.2726600170135498
43580,4352,0.1610107123851776
43590,4353,0.33287709951400757
43600,4354,0.09012016654014587
43610,4355,0.09442905336618423
43620,4356,0.33800360560417175
43630,4357,0.2366456687450409
43640,4358,0.15000516176223755
43650,4359,0.24775458872318268
43660,4360,0.27943649888038635
43670,4361,0.18773847818374634
43680,4362,0.11139784753322601
43690,4363,0.15883207321166992
43700,4364,0.25889265537261963
43710,4365,0.15196150541305542
43720,4366,0.26793885231018066
43730,4367,0.17128142714500427
43740,4368,0.25963282585144043
43750,4369,0.09707565605640411
43760,4370,0.20977157354354858
43770,4371,0.3395276665687561
43780,4372,0.26046139001846313
43790,4373,0.1774568408727646
43800,4374,0.22920797765254974
43810,4375,0.35772567987442017
43820,4376,0.2677989900112152
43830,4377,0.13048377633094788
43840,4378,0.1262507438659668
43850,4379,0.3580979108810425
43860,4380,0.3654455542564392
43870,4381,0.448727548122406
43880,4382,0.16482552886009216
43890,4383,0.20197278261184692
43900,4384,0.25168007612228394
43910,4385,0.177324578166008
43920,4386,0.15681226551532745
43930,4387,0.13130424916744232
43940,4388,0.2536252737045288
43950,4389,0.3989390730857849
43960,4390,0.29839926958084106
43970,4391,0.30154988169670105
43980,4392,0.22200298309326172
43990,4393,0.3910022974014282
44000,4394,0.3012391924858093
44010,4395,0.21622641384601593
44020,4396,0.16944043338298798
44030,4397,0.20179785788059235
44040,4398,0.20000559091567993
44050,4399,0.43346595764160156
44060,4400,0.11592891812324524
44070,4401,0.1929258555173874
44080,4402,0.35299405455589294
44090,4403,0.14391151070594788
44100,4404,0.18430019915103912
44110,4405,0.17571716010570526
44120,4406,0.4052738547325134
44130,4407,0.24745771288871765
44140,4408,0.17040230333805084
44150,4409,0.1830281913280487
44160,4410,0.08732354640960693
44170,4411,0.21448484063148499
44180,4412,0.18789751827716827
44190,4413,0.26600468158721924
44200,4414,0.15324115753173828
44210,4415,0.27360719442367554
44220,4416,0.3226989805698395
44230,4417,0.1038166731595993
44240,4418,0.2612340450286865
44250,4419,0.3409380614757538
44260,4420,0.41659680008888245
44270,4421,0.3502730131149292
44280,4422,0.28408223390579224
44290,4423,0.22467748820781708
44300,4424,0.14764662086963654
44310,4425,0.10224451124668121
44320,4426,0.32894957065582275
44330,4427,0.27453041076660156
44340,4428,0.39061596989631653
44350,4429,0.14197130501270294
44360,4430,0.38760027289390564
44370,4431,0.19622747600078583
44380,4432,0.38345277309417725
44390,4433,0.09830952435731888
44400,4434,0.1746109127998352
44410,4435,0.23140165209770203
44420,4436,0.18533256649971008
44430,4437,0.18288548290729523
44440,4438,0.20131254196166992
44450,4439,0.36866164207458496
44460,4440,0.1343870759010315
44470,4441,0.18368080258369446
44480,4442,0.24484896659851074
44490,4443,0.08058448135852814
44500,4444,0.16478300094604492
44510,4445,0.2110883891582489
44520,4446,0.2150687873363495
44530,4447,0.3731982111930847
44540,4448,0.24197441339492798
44550,4449,0.1681026816368103
44560,4450,0.13808998465538025
44570,4451,0.46021902561187744
44580,4452,0.1540934145450592
44590,4453,0.1696673333644867
44600,4454,0.23241467773914337
44610,4455,0.15659192204475403
44620,4456,0.20937860012054443
44630,4457,0.10152208805084229
44640,4458,0.3641083240509033
44650,4459,0.08663039654493332
44660,4460,0.20954789221286774
44670,4461,0.17395444214344025
44680,4462,0.14718222618103027
44690,4463,0.0814574658870697
44700,4464,0.19362415373325348
44710,4465,0.30993393063545227
44720,4466,0.1936890333890915
44730,4467,0.34278252720832825
44740,4468,0.23141784965991974
44750,4469,0.1680235117673874
44760,4470,0.17047014832496643
44770,4471,0.11647640913724899
44780,4472,0.20948125422000885
44790,4473,0.15545161068439484
44800,4474,0.3243272006511688
44810,4475,0.38004201650619507
44820,4476,0.18893203139305115
44830,4477,0.20267286896705627
44840,4478,0.08229948580265045
44850,4479,0.2457728236913681
44860,4480,0.15555202960968018
44870,4481,0.31088319420814514
44880,4482,0.08574041724205017
44890,4483,0.08431172370910645
44900,4484,0.22379674017429352
44910,4485,0.2834060490131378
44920,4486,0.18250076472759247
44930,4487,0.12980380654335022
44940,4488,0.43873345851898193
44950,4489,0.20881395041942596
44960,4490,0.1491677612066269
44970,4491,0.16482529044151306
44980,4492,0.1891346424818039
44990,4493,0.14269238710403442
45000,4494,0.08378560841083527
45010,4495,0.16126298904418945
45020,4496,0.35359275341033936
45030,4497,0.13549859821796417
45040,4498,0.0875997543334961
45050,4499,0.17876498401165009
45060,4500,0.2464301884174347
45070,4501,0.23148679733276367
45080,4502,0.26654428243637085
45090,4503,0.11530225723981857
45100,4504,0.288826048374176
45110,4505,0.11148974299430847
45120,4506,0.09201047569513321
45130,4507,0.19095560908317566
45140,4508,0.3789423108100891
45150,4509,0.1548946499824524
45160,4510,0.19760052859783173
45170,4511,0.12426239252090454
45180,4512,0.1110725998878479
45190,4513,0.06389042735099792
45200,4514,0.43086084723472595
45210,4515,0.15103137493133545
45220,4516,0.1520000398159027
45230,4517,0.19388464093208313
45240,4518,0.18961353600025177
45250,4519,0.15911677479743958
45260,4520,0.22449009120464325
45270,4521,0.3571326434612274
45280,4522,0.132441908121109
45290,4523,0.16304390132427216
45300,4524,0.27702993154525757
45310,4525,0.09683387726545334
45320,4526,0.0867578461766243
45330,4527,0.2675151526927948
45340,4528,0.23905234038829803
45350,4529,0.26611456274986267
45360,4530,0.07507988810539246
45370,4531,0.25488004088401794
45380,4532,0.05357586592435837
45390,4533,0.2011435329914093
45400,4534,0.17604191601276398
45410,4535,0.14344020187854767
45420,4536,0.595974326133728
45430,4537,0.17314140498638153
45440,4538,0.13820451498031616
45450,4539,0.3380368649959564
45460,4540,0.14045023918151855
45470,4541,0.16841277480125427
45480,4542,0.13711360096931458
45490,4543,0.25621360540390015
45500,4544,0.12660366296768188
45510,4545,0.21158845722675323
45520,4546,0.23588363826274872
45530,4547,0.1757456660270691
45540,4548,0.07642471045255661
45550,4549,0.12354980409145355
45560,4550,0.14180810749530792
45570,4551,0.16429750621318817
45580,4552,0.13504624366760254
45590,4553,0.14385229349136353
45600,4554,0.2583248019218445
45610,4555,0.2564629912376404
45620,4556,0.19423723220825195
45630,4557,0.4482041597366333
45640,4558,0.11921525001525879
45650,4559,0.23647861182689667
45660,4560,0.23036782443523407
45670,4561,0.08081802725791931
45680,4562,0.15532930195331573
45690,4563,0.16228218376636505
45700,4564,0.198746919631958
45710,4565,0.13872434198856354
45720,4566,0.03322034701704979
45730,4567,0.23342618346214294
45740,4568,0.1518457978963852
45750,4569,0.1692439764738083
45760,4570,0.22978071868419647
45770,4571,0.25168928503990173
45780,4572,0.20101633667945862
45790,4573,0.19162039458751678
45800,4574,0.21354810893535614
45810,4575,0.1603047400712967
45820,4576,0.22499558329582214
45830,4577,0.19799219071865082
45840,4578,0.23147833347320557
45850,4579,0.09826883673667908
45860,4580,0.1237110123038292
45870,4581,0.20252454280853271
45880,4582,0.26797154545783997
45890,4583,0.19510608911514282
45900,4584,0.34317097067832947
45910,4585,0.021847547963261604
45920,4586,0.22961093485355377
45930,4587,0.23910073935985565
45940,4588,0.28580373525619507
45950,4589,0.11511202156543732
45960,4590,0.17904867231845856
45970,4591,0.22933429479599
45980,4592,0.046138204634189606
45990,4593,0.2011551856994629
46000,4594,0.2742597460746765
46010,4595,0.2430078685283661
46020,4596,0.3584149181842804
46030,4597,0.12911896407604218
46040,4598,0.09701987355947495
46050,4599,0.3257022798061371
46060,4600,0.1277758926153183
46070,4601,0.12762239575386047
46080,4602,0.10200396925210953
46090,4603,0.17320066690444946
46100,4604,0.1832887828350067
46110,4605,0.3357114791870117
46120,4606,0.1503792107105255
46130,4607,0.07461366057395935
46140,4608,0.2839384078979492
46150,4609,0.16792157292366028
46160,4610,0.14870363473892212
46170,4611,0.4380207359790802
46180,4612,0.19553589820861816
46190,4613,0.44556939601898193
46200,4614,0.4489975869655609
46210,4615,0.12117370963096619
46220,4616,0.10202684998512268
46230,4617,0.43656405806541443
46240,4618,0.11239464581012726
46250,4619,0.19041627645492554
46260,4620,0.10861832648515701
46270,4621,0.21028240025043488
46280,4622,0.21507759392261505
46290,4623,0.17405280470848083
46300,4624,0.34221217036247253
46310,4625,0.19274237751960754
46320,4626,0.20665468275547028
46330,4627,0.2802216708660126
46340,4628,0.2770870327949524
46350,4629,0.08146524429321289
46360,4630,0.27721115946769714
46370,4631,0.21620382368564606
46380,4632,0.1456310898065567
46390,4633,0.19702397286891937
46400,4634,0.28430724143981934
46410,4635,0.23140017688274384
46420,4636,0.24295179545879364
46430,4637,0.09393690526485443
46440,4638,0.2379085123538971
46450,4639,0.14421634376049042
46460,4640,0.1535089612007141
46470,4641,0.09038332104682922
46480,4642,0.17685317993164062
46490,4643,0.22553902864456177
46500,4644,0.24153797328472137
46510,4645,0.3329769968986511
46520,4646,0.21850499510765076
46530,4647,0.475574791431427
46540,4648,0.34920355677604675
46550,4649,0.1437932699918747
46560,4650,0.23528888821601868
46570,4651,0.10046993941068649
46580,4652,0.08437732607126236
46590,4653,0.2857789099216461
46600,4654,0.17413915693759918
46610,4655,0.12051869183778763
46620,4656,0.15598759055137634
46630,4657,0.12279129773378372
46640,4658,0.35157930850982666
46650,4659,0.21539242565631866
46660,4660,0.2792261242866516
46670,4661,0.22716210782527924
46680,4662,0.27208212018013
46690,4663,0.28653061389923096
46700,4664,0.13759437203407288
46710,4665,0.20998692512512207
46720,4666,0.222915917634964
46730,4667,0.2277730405330658
46740,4668,0.06181388720870018
46750,4669,0.2019197940826416
46760,4670,0.1399802267551422
46770,4671,0.18867599964141846
46780,4672,0.13584822416305542
46790,4673,0.3081305921077728
46800,4674,0.108632393181324
46810,4675,0.20575764775276184
46820,4676,0.2849326729774475
46830,4677,0.11312028020620346
46840,4678,0.2801048755645752
46850,4679,0.4111641049385071
46860,4680,0.2657921314239502
46870,4681,0.2199346423149109
46880,4682,0.5372493267059326
46890,4683,0.41187402606010437
46900,4684,0.23252110183238983
46910,4685,0.22275111079216003
46920,4686,0.24480120837688446
46930,4687,0.36897677183151245
46940,4688,0.14268140494823456
46950,4689,0.32244548201560974
46960,4690,0.18234945833683014
46970,4691,0.1585972160100937
46980,4692,0.1796182245016098
46990,4693,0.249517560005188
47000,4694,0.22065094113349915
47010,4695,0.25375956296920776
47020,4696,0.13189885020256042
47030,4697,0.11080962419509888
47040,4698,0.173821359872818
47050,4699,0.13968154788017273
47060,4700,0.37742429971694946
47070,4701,0.33705559372901917
47080,4702,0.14401096105575562
47090,4703,0.20660468935966492
47100,4704,0.1851102113723755
47110,4705,0.25207412242889404
47120,4706,0.276674747467041
47130,4707,0.196299210190773
47140,4708,0.24473074078559875
47150,4709,0.20431052148342133
47160,4710,0.31631314754486084
47170,4711,0.1588383913040161
47180,4712,0.13679106533527374
47190,4713,0.2143341302871704
47200,4714,0.18540963530540466
47210,4715,0.15187528729438782
47220,4716,0.2091442048549652
47230,4717,0.1690998375415802
47240,4718,0.2275964319705963
47250,4719,0.21228370070457458
47260,4720,0.12138641625642776
47270,4721,0.20929519832134247
47280,4722,0.16101932525634766
47290,4723,0.02859116718173027
47300,4724,0.11724808067083359
47310,4725,0.2319309413433075
47320,4726,0.2773216962814331
47330,4727,0.18347600102424622
47340,4728,0.3333274722099304
47350,4729,0.07495789229869843
47360,4730,0.1331726461648941
47370,4731,0.17762452363967896
47380,4732,0.2620609402656555
47390,4733,0.10594959557056427
47400,4734,0.1359313428401947
47410,4735,0.264860600233078
47420,4736,0.28506261110305786
47430,4737,0.13992130756378174
47440,4738,0.1276046335697174
47450,4739,0.32197755575180054
47460,4740,0.24321787059307098
47470,4741,0.3184796869754791
47480,4742,0.21523982286453247
47490,4743,0.19582290947437286
47500,4744,0.24346904456615448
47510,4745,0.48487961292266846
47520,4746,0.2284633368253708
47530,4747,0.10061149299144745
47540,4748,0.316316694021225
47550,4749,0.20780834555625916
47560,4750,0.21557560563087463
47570,4751,0.43087148666381836
47580,4752,0.15635907649993896
47590,4753,0.36650168895721436
47600,4754,0.3176850378513336
47610,4755,0.2556101381778717
47620,4756,0.09813333302736282
47630,4757,0.18361078202724457
47640,4758,0.3185594379901886
47650,4759,0.27804064750671387
47660,4760,0.1487969607114792
47670,4761,0.3598858416080475
47680,4762,0.23712188005447388
47690,4763,0.17939820885658264
47700,4764,0.20246773958206177
47710,4765,0.30041807889938354
47720,4766,0.12712980806827545
47730,4767,0.28877055644989014
47740,4768,0.25991448760032654
47750,4769,0.23777562379837036
47760,4770,0.22464650869369507
47770,4771,0.18938857316970825
47780,4772,0.3205317258834839
47790,4773,0.23535078763961792
47800,4774,0.0890340581536293
47810,4775,0.12755608558654785
47820,4776,0.35160231590270996
47830,4777,0.24085527658462524
47840,4778,0.14946255087852478
47850,4779,0.21635818481445312
47860,4780,0.2906135320663452
47870,4781,0.12972086668014526
47880,4782,0.22166594862937927
47890,4783,0.34119006991386414
47900,4784,0.13706593215465546
47910,4785,0.3200549781322479
47920,4786,0.26431936025619507
47930,4787,0.28821736574172974
47940,4788,0.2704453468322754
47950,4789,0.25678128004074097
47960,4790,0.37511584162712097
47970,4791,0.18902231752872467
47980,4792,0.36014243960380554
47990,4793,0.24885566532611847
48000,4794,0.2451438009738922
48010,4795,0.4786803126335144
48020,4796,0.18631459772586823
48030,4797,0.3597103953361511
48040,4798,0.15975114703178406
48050,4799,0.1629272997379303
48060,4800,0.26707470417022705
48070,4801,0.17352929711341858
48080,4802,0.21199598908424377
48090,4803,0.2820262610912323
48100,4804,0.15989772975444794
48110,4805,0.3613419532775879
48120,4806,0.15005169808864594
48130,4807,0.29111790657043457
48140,4808,0.21382611989974976
48150,4809,0.04381397366523743
48160,4810,0.2487598955631256
48170,4811,0.2029985785484314
48180,4812,0.25968247652053833
48190,4813,0.17084497213363647
48200,4814,0.33892905712127686
48210,4815,0.29466262459754944
48220,4816,0.24616655707359314
48230,4817,0.3301558494567871
48240,4818,0.30204033851623535
48250,4819,0.15687453746795654
48260,4820,0.335058331489563
48270,4821,0.34649842977523804
48280,4822,0.1551344096660614
48290,4823,0.360209584236145
48300,4824,0.3062460422515869
48310,4825,0.19871953129768372
48320,4826,0.18231570720672607
48330,4827,0.25435149669647217
48340,4828,0.21697498857975006
48350,4829,0.17196789383888245
48360,4830,0.33222144842147827
48370,4831,0.19953760504722595
48380,4832,0.29793134331703186
48390,4833,0.2870316505432129
48400,4834,0.16786125302314758
48410,4835,0.21228362619876862
48420,4836,0.22083929181098938
48430,4837,0.128951758146286
48440,4838,0.16595491766929626
48450,4839,0.37112852931022644
48460,4840,0.19402974843978882
48470,4841,0.2765663266181946
48480,4842,0.2828320264816284
48490,4843,0.3125857710838318
48500,4844,0.19850729405879974
48510,4845,0.44523897767066956
48520,4846,0.22289025783538818
48530,4847,0.23408952355384827
48540,4848,0.10063723474740982
48550,4849,0.1776922643184662
48560,4850,0.23354393243789673
48570,4851,0.04173916205763817
48580,4852,0.3652651011943817
48590,4853,0.18122486770153046
48600,4854,0.40067267417907715
48610,4855,0.34590578079223633
48620,4856,0.21048304438591003
48630,4857,0.21433164179325104
48640,4858,0.12652255594730377
48650,4859,0.08266542851924896
48660,4860,0.2746816873550415
48670,4861,0.21409094333648682
48680,4862,0.17746369540691376
48690,4863,0.3126412630081177
48700,4864,0.4021567106246948
48710,4865,0.34008750319480896
48720,4866,0.3827705383300781
48730,4867,0.5462169647216797
48740,4868,0.3175656199455261
48750,4869,0.2736336886882782
48760,4870,0.3936050534248352
48770,4871,0.4958225190639496
48780,4872,0.2667754888534546
48790,4873,0.17014409601688385
48800,4874,0.1985444724559784
48810,4875,0.26709917187690735
48820,4876,0.3306931257247925
48830,4877,0.2222195267677307
48840,4878,0.13976897299289703
48850,4879,0.14249570667743683
48860,4880,0.20909811556339264
48870,4881,0.31096041202545166
48880,4882,0.26300248503685
48890,4883,0.29497385025024414
48900,4884,0.3864791989326477
48910,4885,0.38975656032562256
48920,4886,0.17273303866386414
48930,4887,0.3040624260902405
48940,4888,0.37162092328071594
48950,4889,0.20697742700576782
48960,4890,0.16711083054542542
48970,4891,0.19981159269809723
48980,4892,0.20049378275871277
48990,4893,0.24572913348674774
49000,4894,0.22942966222763062
49010,4895,0.37092822790145874
49020,4896,0.45761358737945557
49030,4897,0.378566712141037
49040,4898,0.10570934414863586
49050,4899,0.25885114073753357
49060,4900,0.35324349999427795
49070,4901,0.23426192998886108
49080,4902,0.22093528509140015
49090,4903,0.29140254855155945
49100,4904,0.3228285610675812
49110,4905,0.21614153683185577
49120,4906,0.2154911607503891
49130,4907,0.3627244830131531
49140,4908,0.2178669571876526
49150,4909,0.359875351190567
49160,4910,0.42391109466552734
49170,4911,0.3347001373767853
49180,4912,0.21468400955200195
49190,4913,0.23117129504680634
49200,4914,0.22812804579734802
49210,4915,0.4109579920768738
49220,4916,0.299690306186676
49230,4917,0.342551052570343
49240,4918,0.090118408203125
49250,4919,0.273654580116272
49260,4920,0.32574111223220825
49270,4921,0.06873558461666107
49280,4922,0.23953557014465332
49290,4923,0.2824009954929352
49300,4924,0.33954042196273804
49310,4925,0.12403783202171326
49320,4926,0.25522416830062866
49330,4927,0.4781533479690552
49340,4928,0.3042562007904053
49350,4929,0.14259985089302063
49360,4930,0.27847498655319214
49370,4931,0.1340661346912384
49380,4932,0.2683023512363434
49390,4933,0.3956174850463867
49400,4934,0.12807762622833252
49410,4935,0.09525381028652191
49420,4936,0.24272187054157257
49430,4937,0.22942155599594116
49440,4938,0.17033888399600983
49450,4939,0.1800546646118164
49460,4940,0.17374002933502197
49470,4941,0.3405687212944031
49480,4942,0.33463555574417114
49490,4943,0.1369917243719101
49500,4944,0.2768843472003937
49510,4945,0.536899983882904
49520,4946,0.10951753705739975
49530,4947,0.19461368024349213
49540,4948,0.10830087959766388
49550,4949,0.381164014339447
49560,4950,0.2362615168094635
49570,4951,0.16581565141677856
49580,4952,0.19971254467964172
49590,4953,0.46178945899009705
49600,4954,0.278838574886322
49610,4955,0.3686334192752838
49620,4956,0.1731240153312683
49630,4957,0.3144056797027588
49640,4958,0.28369295597076416
49650,4959,0.2725598216056824
49660,4960,0.22366327047348022
49670,4961,0.26018157601356506
49680,4962,0.21515393257141113
49690,4963,0.3025456666946411
49700,4964,0.20808573067188263
49710,4965,0.27842557430267334
49720,4966,0.29758280515670776
49730,4967,0.20199774205684662
49740,4968,0.13576288521289825
49750,4969,0.4058848023414612
49760,4970,0.351115345954895
49770,4971,0.20394116640090942
49780,4972,0.2403946816921234
49790,4973,0.3511894941329956
49800,4974,0.2377488762140274
49810,4975,0.09370143711566925
49820,4976,0.12548194825649261
49830,4977,0.3665136694908142
49840,4978,0.18081484735012054
49850,4979,0.2349717766046524
49860,4980,0.25062036514282227
49870,4981,0.08750814944505692
49880,4982,0.20688748359680176
49890,4983,0.12025722116231918
49900,4984,0.4259684383869171
49910,4985,0.267333447933197
49920,4986,0.2746671438217163
49930,4987,0.5947490930557251
49940,4988,0.3602393865585327
49950,4989,0.23987571895122528
49960,4990,0.18414048850536346
49970,4991,0.2039068639278412
49980,4992,0.2988872826099396
49990,4993,0.14400185644626617
50000,4994,0.25031161308288574
