environment_step,learning_update,td_loss
1000,1,0.8010324239730835
1010,2,0.7215976715087891
1020,3,0.6559808850288391
1030,4,0.5757774114608765
1040,5,0.5160008668899536
1050,6,0.4099336266517639
1060,7,0.3506428301334381
1070,8,0.30435121059417725
1080,9,0.21460802853107452
1090,10,0.18835803866386414
1100,11,0.17893759906291962
1110,12,0.1797557920217514
1120,13,0.1481856107711792
1130,14,0.12433380633592606
1140,15,0.16083747148513794
1150,16,0.14811374247074127
1160,17,0.12563413381576538
1170,18,0.13860392570495605
1180,19,0.15234063565731049
1190,20,0.1458696871995926
1200,21,0.09537631273269653
1210,22,0.11637555807828903
1220,23,0.09785984456539154
1230,24,0.08051440119743347
1240,25,0.11015647649765015
1250,26,0.06811773031949997
1260,27,0.06331278383731842
1270,28,0.07940887659788132
1280,29,0.040670111775398254
1290,30,0.06450008600950241
1300,31,0.05471845343708992
1310,32,0.056561052799224854
1320,33,0.06339964270591736
1330,34,0.0643761157989502
1340,35,0.05657538026571274
1350,36,0.04011473059654236
1360,37,0.05429370701313019
1370,38,0.026828456670045853
1380,39,0.03266141191124916
1390,40,0.037627700716257095
1400,41,0.029211271554231644
1410,42,0.03164582699537277
1420,43,0.028329335153102875
1430,44,0.034073468297719955
1440,45,0.027805399149656296
1450,46,0.03205569460988045
1460,47,0.02862311713397503
1470,48,0.02257678285241127
1480,49,0.016332808881998062
1490,50,0.01763654127717018
1500,51,0.019302217289805412
1510,52,0.010184984654188156
1520,53,0.008194182999432087
1530,54,0.008384760469198227
1540,55,0.011290401220321655
1550,56,0.011156615801155567
1560,57,0.010775119066238403
1570,58,0.014560524374246597
1580,59,0.015202590264379978
1590,60,0.01230672374367714
1600,61,0.017625480890274048
1610,62,0.013239556923508644
1620,63,0.011022631078958511
1630,64,0.014466926455497742
1640,65,0.010403387248516083
1650,66,0.009477897547185421
1660,67,0.009318896569311619
1670,68,0.006542314309626818
1680,69,0.009398072957992554
1690,70,0.009191570803523064
1700,71,0.010163315571844578
1710,72,0.010082949884235859
1720,73,0.008486763574182987
1730,74,0.008122781291604042
1740,75,0.00936830323189497
1750,76,0.00971997156739235
1760,77,0.012644825503230095
1770,78,0.010628415271639824
1780,79,0.014001953415572643
1790,80,0.009709132835268974
1800,81,0.00945656280964613
1810,82,0.008181427605450153
1820,83,0.011252550408244133
1830,84,0.009456560015678406
1840,85,0.011369545012712479
1850,86,0.008069311268627644
1860,87,0.019011307507753372
1870,88,0.006744213402271271
1880,89,0.0107094282284379
1890,90,0.009912271052598953
1900,91,0.020836539566516876
1910,92,0.006900485139340162
1920,93,0.012332704849541187
1930,94,0.01077364943921566
1940,95,0.010666809044778347
1950,96,0.00828202161937952
1960,97,0.01274969894438982
1970,98,0.012398876249790192
1980,99,0.006604528985917568
1990,100,0.006887415423989296
2000,101,0.004985658451914787
2010,102,0.8933048248291016
2020,103,0.8083876967430115
2030,104,0.6434144973754883
2040,105,0.49863317608833313
2050,106,0.2804202139377594
2060,107,0.16169726848602295
2070,108,0.06694117188453674
2080,109,0.19736623764038086
2090,110,0.15107466280460358
2100,111,0.1600819081068039
2110,112,0.2696477770805359
2120,113,0.40816178917884827
2130,114,0.17393521964550018
2140,115,0.10372571647167206
2150,116,0.09075039625167847
2160,117,0.03808290511369705
2170,118,0.027433259412646294
2180,119,0.021078769117593765
2190,120,0.027903476729989052
2200,121,0.045705396682024
2210,122,0.06166546419262886
2220,123,0.07548895478248596
2230,124,0.06372705101966858
2240,125,0.06008835881948471
2250,126,0.05766390264034271
2260,127,0.0416373685002327
2270,128,0.02235136553645134
2280,129,0.014305314980447292
2290,130,0.007736039813607931
2300,131,0.012734804302453995
2310,132,0.011743123643100262
2320,133,0.014640552923083305
2330,134,0.015757465735077858
2340,135,0.020612411201000214
2350,136,0.024190494790673256
2360,137,0.010191434063017368
2370,138,0.018931962549686432
2380,139,0.009800853207707405
2390,140,0.00637707719579339
2400,141,0.007705096621066332
2410,142,0.008286300115287304
2420,143,0.013933350332081318
2430,144,0.010201787576079369
2440,145,0.013348670676350594
2450,146,0.010860372334718704
2460,147,0.01192517951130867
2470,148,0.017720529809594154
2480,149,0.011852539144456387
2490,150,0.006988969165831804
2500,151,0.0040363953448832035
2510,152,0.0028059622272849083
2520,153,0.01122240163385868
2530,154,0.007710509933531284
2540,155,0.012843395583331585
2550,156,0.007299182005226612
2560,157,0.008457175455987453
2570,158,0.007176395505666733
2580,159,0.016015389934182167
2590,160,0.005686620250344276
2600,161,0.006840704940259457
2610,162,0.0035508444998413324
2620,163,0.004831343423575163
2630,164,0.014123671688139439
2640,165,0.0414564348757267
2650,166,0.007671214174479246
2660,167,0.004081965424120426
2670,168,0.006604636553674936
2680,169,0.008177122101187706
2690,170,0.015427418984472752
2700,171,0.007621586322784424
2710,172,0.0061373524367809296
2720,173,0.0061295111663639545
2730,174,0.009675385430455208
2740,175,0.004584654700011015
2750,176,0.008701830171048641
2760,177,0.007192293647676706
2770,178,0.005511446390300989
2780,179,0.007995052263140678
2790,180,0.005074279848486185
2800,181,0.006076465826481581
2810,182,0.004365507047623396
2820,183,0.01036889012902975
2830,184,0.04189853370189667
2840,185,0.007647436112165451
2850,186,0.006356026045978069
2860,187,0.00791056640446186
2870,188,0.009929868392646313
2880,189,0.014460189267992973
2890,190,0.007700205780565739
2900,191,0.005399598274379969
2910,192,0.004654739983379841
2920,193,0.004398602992296219
2930,194,0.0055919005535542965
2940,195,0.00266754487529397
2950,196,0.007266416680067778
2960,197,0.006901976186782122
2970,198,0.009218432009220123
2980,199,0.004529030527919531
2990,200,0.0038751037791371346
3000,201,0.013918930664658546
3010,202,0.9308438301086426
3020,203,0.7827168703079224
3030,204,0.5684487819671631
3040,205,0.3147903084754944
3050,206,0.13053132593631744
3060,207,0.037236444652080536
3070,208,0.09793547540903091
3080,209,0.1643880307674408
3090,210,0.31344708800315857
3100,211,0.3498269021511078
3110,212,0.2655337452888489
3120,213,0.16768290102481842
3130,214,0.09670969843864441
3140,215,0.13942214846611023
3150,216,0.048393264412879944
3160,217,0.03304046764969826
3170,218,0.07486967742443085
3180,219,0.10521484166383743
3190,220,0.1471661925315857
3200,221,0.15114164352416992
3210,222,0.07795176655054092
3220,223,0.0863523855805397
3230,224,0.049424909055233
3240,225,0.033664360642433167
3250,226,0.015364384278655052
3260,227,0.026082346215844154
3270,228,0.11390496045351028
3280,229,0.03770092874765396
3290,230,0.07087977230548859
3300,231,0.05636490136384964
3310,232,0.054755598306655884
3320,233,0.04079330340027809
3330,234,0.03685862943530083
3340,235,0.014591719955205917
3350,236,0.020860621705651283
3360,237,0.009524383582174778
3370,238,0.02558252215385437
3380,239,0.08376696705818176
3390,240,0.02793443389236927
3400,241,0.07458121329545975
3410,242,0.03333932161331177
3420,243,0.0847940593957901
3430,244,0.02309521660208702
3440,245,0.015865059569478035
3450,246,0.010224279947578907
3460,247,0.012742058373987675
3470,248,0.011148582212626934
3480,249,0.017107417806982994
3490,250,0.01059589721262455
3500,251,0.009617860428988934
3510,252,0.021861759945750237
3520,253,0.014243199490010738
3530,254,0.018214503303170204
3540,255,0.008504809811711311
3550,256,0.006303568836301565
3560,257,0.012306752614676952
3570,258,0.01430946122854948
3580,259,0.015236839652061462
3590,260,0.007787555456161499
3600,261,0.1953173130750656
3610,262,0.06200903654098511
3620,263,0.01635119691491127
3630,264,0.013502512127161026
3640,265,0.007486583665013313
3650,266,0.015719356015324593
3660,267,0.009130160324275494
3670,268,0.01320929080247879
3680,269,0.14983831346035004
3690,270,0.006034504622220993
3700,271,0.06017083302140236
3710,272,0.00886255968362093
3720,273,0.01104201003909111
3730,274,0.01132409181445837
3740,275,0.00746663985773921
3750,276,0.015266921371221542
3760,277,0.01349624339491129
3770,278,0.005999082233756781
3780,279,0.01179276593029499
3790,280,0.0073859961703419685
3800,281,0.0076835500076413155
3810,282,0.008531888946890831
3820,283,0.005523213651031256
3830,284,0.010042778216302395
3840,285,0.014810801483690739
3850,286,0.007741305977106094
3860,287,0.008534767664968967
3870,288,0.0064546046778559685
3880,289,0.005192761309444904
3890,290,0.007796873804181814
3900,291,0.006978148594498634
3910,292,0.007294016890227795
3920,293,0.008298614993691444
3930,294,0.05712280049920082
3940,295,0.0045786891132593155
3950,296,0.005758408457040787
3960,297,0.01165073923766613
3970,298,0.006525888107717037
3980,299,0.0063288286328315735
3990,300,0.007617497816681862
4000,301,0.006253436207771301
4010,302,0.9037491083145142
4020,303,0.7653817534446716
4030,304,0.4965694844722748
4040,305,0.20578542351722717
4050,306,0.09780798852443695
4060,307,0.10613464564085007
4070,308,0.1860000640153885
4080,309,0.26989108324050903
4090,310,0.5355497598648071
4100,311,0.3198111951351166
4110,312,0.13209152221679688
4120,313,0.05979384481906891
4130,314,0.024333393201231956
4140,315,0.02620627172291279
4150,316,0.060818541795015335
4160,317,0.11074642837047577
4170,318,0.13127267360687256
4180,319,0.14883188903331757
4190,320,0.14790070056915283
4200,321,0.09810659289360046
4210,322,0.03774474933743477
4220,323,0.019971085712313652
4230,324,0.017275098711252213
4240,325,0.1696053296327591
4250,326,0.15024977922439575
4260,327,0.19594882428646088
4270,328,0.05442231893539429
4280,329,0.05639401823282242
4290,330,0.029765918850898743
4300,331,0.019962145015597343
4310,332,0.021164730191230774
4320,333,0.036564383655786514
4330,334,0.023705508559942245
4340,335,0.01919003203511238
4350,336,0.02930407226085663
4360,337,0.030072957277297974
4370,338,0.023149626329541206
4380,339,0.01719924621284008
4390,340,0.013260835781693459
4400,341,0.013040155172348022
4410,342,0.01219575759023428
4420,343,0.019218390807509422
4430,344,0.020066676661372185
4440,345,0.01383533701300621
4450,346,0.019258232787251472
4460,347,0.014931593090295792
4470,348,0.019146151840686798
4480,349,0.008292445912957191
4490,350,0.01168613601475954
4500,351,0.022476736456155777
4510,352,0.01885305903851986
4520,353,0.014667481184005737
4530,354,0.008826768025755882
4540,355,0.016642777249217033
4550,356,0.01642441563308239
4560,357,0.015187052078545094
4570,358,0.02241438999772072
4580,359,0.009676549583673477
4590,360,0.017953934147953987
4600,361,0.00965075008571148
4610,362,0.011137504130601883
4620,363,0.017345011234283447
4630,364,0.009749768301844597
4640,365,0.01356690563261509
4650,366,0.007497542537748814
4660,367,0.008743385784327984
4670,368,0.005172074306756258
4680,369,0.009620985947549343
4690,370,0.010006706230342388
4700,371,0.010261639952659607
4710,372,0.010647588409483433
4720,373,0.007649626117199659
4730,374,0.006819915026426315
4740,375,0.010074987076222897
4750,376,0.004336756654083729
4760,377,0.010901357047259808
4770,378,0.0054947370663285255
4780,379,0.005545289721339941
4790,380,0.004772467073053122
4800,381,0.009353282861411572
4810,382,0.13442502915859222
4820,383,0.010668222792446613
4830,384,0.0073851728811860085
4840,385,0.009313881397247314
4850,386,0.012265099212527275
4860,387,0.009509886614978313
4870,388,0.005457958206534386
4880,389,0.0034032813273370266
4890,390,0.004905853886157274
4900,391,0.007343650795519352
4910,392,0.016396356746554375
4920,393,0.006626703776419163
4930,394,0.008006838150322437
4940,395,0.012255584821105003
4950,396,0.009043972939252853
4960,397,0.003837523516267538
4970,398,0.005316443741321564
4980,399,0.015701191499829292
4990,400,0.005335511174052954
5000,401,0.005458736792206764
5010,402,1.213716745376587
5020,403,0.7624574303627014
5030,404,0.7494180202484131
5040,405,0.2058342546224594
5050,406,0.0487634539604187
5060,407,0.41984179615974426
5070,408,0.14800392091274261
5080,409,0.38615718483924866
5090,410,0.384583443403244
5100,411,0.3031328022480011
5110,412,0.17426379024982452
5120,413,0.09933068603277206
5130,414,0.0700274109840393
5140,415,0.06615249812602997
5150,416,0.13911402225494385
5160,417,0.15985141694545746
5170,418,0.23071341216564178
5180,419,0.11497393995523453
5190,420,0.14755304157733917
5200,421,0.03685843199491501
5210,422,0.048437271267175674
5220,423,0.06254637986421585
5230,424,0.03689522668719292
5240,425,0.05745317041873932
5250,426,0.0825633853673935
5260,427,0.06465277075767517
5270,428,0.271833598613739
5280,429,0.021923577412962914
5290,430,0.01599614880979061
5300,431,0.3483448624610901
5310,432,0.03424045071005821
5320,433,0.047012750059366226
5330,434,0.055257171392440796
5340,435,0.0829315185546875
5350,436,0.04763731360435486
5360,437,0.03934242203831673
5370,438,0.028340596705675125
5380,439,0.029717760160565376
5390,440,0.20915645360946655
5400,441,0.022726895287632942
5410,442,0.015520798042416573
5420,443,0.2022547572851181
5430,444,0.019381605088710785
5440,445,0.013601642102003098
5450,446,0.03254090994596481
5460,447,0.024389738216996193
5470,448,0.016743725165724754
5480,449,0.01608656905591488
5490,450,0.03506798669695854
5500,451,0.026877261698246002
5510,452,0.040144532918930054
5520,453,0.029595263302326202
5530,454,0.030216291546821594
5540,455,0.3239278495311737
5550,456,0.017306318506598473
5560,457,0.008320108987390995
5570,458,0.025512604042887688
5580,459,0.01708386465907097
5590,460,0.013552387244999409
5600,461,0.015584472566843033
5610,462,0.021224966272711754
5620,463,0.0050008539110422134
5630,464,0.014911624602973461
5640,465,0.017572063952684402
5650,466,0.011130242608487606
5660,467,0.008369076997041702
5670,468,0.011256569996476173
5680,469,0.01854047365486622
5690,470,0.008890572935342789
5700,471,0.3530917167663574
5710,472,0.007079612463712692
5720,473,0.15880954265594482
5730,474,0.014513824135065079
5740,475,0.01712176576256752
5750,476,0.020625850185751915
5760,477,0.025664865970611572
5770,478,0.01450477447360754
5780,479,0.03460823372006416
5790,480,0.28787338733673096
5800,481,0.007205016911029816
5810,482,0.35137510299682617
5820,483,0.04393024742603302
5830,484,0.025331567972898483
5840,485,0.020747577771544456
5850,486,0.013893280178308487
5860,487,0.1888931542634964
5870,488,0.04094535857439041
5880,489,0.027468323707580566
5890,490,0.20325522124767303
5900,491,0.012912819162011147
5910,492,0.022451438009738922
5920,493,0.011656120419502258
5930,494,0.02378387376666069
5940,495,0.016996096819639206
5950,496,0.023447895422577858
5960,497,0.014831293374300003
5970,498,0.014358706772327423
5980,499,0.008086906746029854
5990,500,0.02187846228480339
6000,501,0.007705765310674906
6010,502,0.8791226148605347
6020,503,0.6651389598846436
6030,504,0.33924251794815063
6040,505,0.3626449406147003
6050,506,0.27082839608192444
6060,507,0.1444997936487198
6070,508,0.26752835512161255
6080,509,0.2790602445602417
6090,510,0.2650841474533081
6100,511,0.2710398733615875
6110,512,0.09718823432922363
6120,513,0.3161039352416992
6130,514,0.05442275479435921
6140,515,0.2229839414358139
6150,516,0.15698358416557312
6160,517,0.1870509386062622
6170,518,0.13473297655582428
6180,519,0.24573463201522827
6190,520,0.08987154066562653
6200,521,0.035217754542827606
6210,522,0.03399874269962311
6220,523,0.05441708862781525
6230,524,0.06642346829175949
6240,525,0.11139728128910065
6250,526,0.3005804419517517
6260,527,0.045939669013023376
6270,528,0.06569228321313858
6280,529,0.03128770738840103
6290,530,0.024008367210626602
6300,531,0.025662019848823547
6310,532,0.059196360409259796
6320,533,0.04556556046009064
6330,534,0.057953037321567535
6340,535,0.049911610782146454
6350,536,0.02890535444021225
6360,537,0.018494674935936928
6370,538,0.4904046058654785
6380,539,0.0251493938267231
6390,540,0.31787097454071045
6400,541,0.043784305453300476
6410,542,0.20924115180969238
6420,543,0.018060430884361267
6430,544,0.04794128239154816
6440,545,0.03665318340063095
6450,546,0.40318024158477783
6460,547,0.04957692325115204
6470,548,0.01773824542760849
6480,549,0.016768936067819595
6490,550,0.019792906939983368
6500,551,0.023038087412714958
6510,552,0.016346607357263565
6520,553,0.017883211374282837
6530,554,0.1828378438949585
6540,555,0.061056558042764664
6550,556,0.06406979262828827
6560,557,0.03142458572983742
6570,558,0.016555199399590492
6580,559,0.02152329497039318
6590,560,0.05495087057352066
6600,561,0.2988026738166809
6610,562,0.0634746327996254
6620,563,0.025060653686523438
6630,564,0.02187155932188034
6640,565,0.026905344799160957
6650,566,0.23294566571712494
6660,567,0.01607201248407364
6670,568,0.012095130980014801
6680,569,0.182275652885437
6690,570,0.37684157490730286
6700,571,0.022708771750330925
6710,572,0.029735231772065163
6720,573,0.01968805305659771
6730,574,0.04033922031521797
6740,575,0.06610555201768875
6750,576,0.3139946162700653
6760,577,0.0462554506957531
6770,578,0.016125932335853577
6780,579,0.022994300350546837
6790,580,0.008658905513584614
6800,581,0.011333235539495945
6810,582,0.020555956289172173
6820,583,0.028440101072192192
6830,584,0.05437813326716423
6840,585,0.03248802199959755
6850,586,0.05483420938253403
6860,587,0.031183168292045593
6870,588,0.013917319476604462
6880,589,0.013518571853637695
6890,590,0.004829200450330973
6900,591,0.01222863607108593
6910,592,0.0057627977803349495
6920,593,0.018951142206788063
6930,594,0.017151985317468643
6940,595,0.0075747971422970295
6950,596,0.009168291464447975
6960,597,0.03500332310795784
6970,598,0.013065028935670853
6980,599,0.009165994822978973
6990,600,0.00864088349044323
7000,601,0.011543120257556438
7010,602,1.1485915184020996
7020,603,0.792331337928772
7030,604,0.3436693549156189
7040,605,0.14034707844257355
7050,606,0.06105414032936096
7060,607,0.15324580669403076
7070,608,0.3563806712627411
7080,609,0.4324721395969391
7090,610,0.33328568935394287
7100,611,0.23511943221092224
7110,612,0.09397521615028381
7120,613,0.04944012686610222
7130,614,0.114959217607975
7140,615,0.16965794563293457
7150,616,0.17559081315994263
7160,617,0.18103502690792084
7170,618,0.13446831703186035
7180,619,0.07709135115146637
7190,620,0.02454730123281479
7200,621,0.04437599331140518
7210,622,0.053096748888492584
7220,623,0.09752415120601654
7230,624,0.11693781614303589
7240,625,0.08383732289075851
7250,626,0.06452511250972748
7260,627,0.06644187122583389
7270,628,0.013645082712173462
7280,629,0.022446217015385628
7290,630,0.09281136840581894
7300,631,0.07542063295841217
7310,632,0.08484137803316116
7320,633,0.05393591895699501
7330,634,0.04566653445363045
7340,635,0.05186590924859047
7350,636,0.025605209171772003
7360,637,0.02044561132788658
7370,638,0.017206719145178795
7380,639,0.5637000799179077
7390,640,0.05429625138640404
7400,641,0.0397198311984539
7410,642,0.3070783019065857
7420,643,0.044985756278038025
7430,644,0.06315053254365921
7440,645,0.036604441702365875
7450,646,0.03232419118285179
7460,647,0.031774312257766724
7470,648,0.032898738980293274
7480,649,0.02049095556139946
7490,650,0.012435434386134148
7500,651,0.03043409250676632
7510,652,0.02407747320830822
7520,653,0.030757270753383636
7530,654,0.039921678602695465
7540,655,0.026084693148732185
7550,656,0.4735615849494934
7560,657,0.012364663183689117
7570,658,0.02032581716775894
7580,659,0.038362666964530945
7590,660,0.014113003388047218
7600,661,0.019060825929045677
7610,662,0.02161187306046486
7620,663,0.030255526304244995
7630,664,0.009448527358472347
7640,665,0.02438494935631752
7650,666,0.03483269363641739
7660,667,0.012975282035768032
7670,668,0.009315885603427887
7680,669,0.016196131706237793
7690,670,0.03477064147591591
7700,671,0.30388566851615906
7710,672,0.020368827506899834
7720,673,0.013717188499867916
7730,674,0.2707764506340027
7740,675,0.017598550766706467
7750,676,0.43206870555877686
7760,677,0.03504826873540878
7770,678,0.02395978942513466
7780,679,0.4243020713329315
7790,680,0.014456194825470448
7800,681,0.015453942120075226
7810,682,0.011514605954289436
7820,683,0.012188119813799858
7830,684,0.03061904013156891
7840,685,0.027416137978434563
7850,686,0.026326879858970642
7860,687,0.021817132830619812
7870,688,0.012591095641255379
7880,689,0.020652739331126213
7890,690,0.015201495960354805
7900,691,0.029079381376504898
7910,692,0.024747230112552643
7920,693,0.015496505424380302
7930,694,0.020981835201382637
7940,695,0.007592955604195595
7950,696,0.012587081640958786
7960,697,0.008760903961956501
7970,698,0.0074059315957129
7980,699,0.013445079326629639
7990,700,0.018601741641759872
8000,701,0.010423123836517334
8010,702,0.8158422708511353
8020,703,0.5947260856628418
8030,704,0.2964145541191101
8040,705,0.09133946150541306
8050,706,0.01268831267952919
8060,707,0.15450963377952576
8070,708,0.3560296893119812
8080,709,0.4472425580024719
8090,710,0.3357769250869751
8100,711,0.21527646481990814
8110,712,0.06258103996515274
8120,713,0.018785500898957253
8130,714,0.15460839867591858
8140,715,0.15954245626926422
8150,716,0.24152135848999023
8160,717,0.19569599628448486
8170,718,0.12229554355144501
8180,719,0.0419340506196022
8190,720,0.7861679792404175
8200,721,0.02854941040277481
8210,722,0.05395772308111191
8220,723,0.06825309991836548
8230,724,0.07980775088071823
8240,725,0.0895380824804306
8250,726,0.07112619280815125
8260,727,0.018757134675979614
8270,728,0.03658170625567436
8280,729,0.07471142709255219
8290,730,0.08231008052825928
8300,731,0.06218813732266426
8310,732,0.14866146445274353
8320,733,0.03985229879617691
8330,734,0.034409455955028534
8340,735,0.025121577084064484
8350,736,0.025877347216010094
8360,737,0.06144107133150101
8370,738,0.027114449068903923
8380,739,0.03970969468355179
8390,740,0.022056851536035538
8400,741,0.06079091504216194
8410,742,0.008434325456619263
8420,743,0.07662083953619003
8430,744,0.03655988723039627
8440,745,0.036996301263570786
8450,746,0.04076021537184715
8460,747,0.05773245915770531
8470,748,0.028125103563070297
8480,749,0.021931765601038933
8490,750,0.4592039883136749
8500,751,0.022261638194322586
8510,752,0.047079648822546005
8520,753,0.030764183029532433
8530,754,0.03448254242539406
8540,755,0.014440829865634441
8550,756,0.05009669065475464
8560,757,0.00800445955246687
8570,758,0.01669922284781933
8580,759,0.030641751363873482
8590,760,0.02826632931828499
8600,761,0.046400751918554306
8610,762,0.03778334707021713
8620,763,0.02414727583527565
8630,764,0.01937207765877247
8640,765,0.0338314026594162
8650,766,0.04349933937191963
8660,767,0.019726380705833435
8670,768,0.013549452647566795
8680,769,0.03463887423276901
8690,770,0.02377326413989067
8700,771,0.013582286424934864
8710,772,0.008533889427781105
8720,773,0.014796750620007515
8730,774,0.0271907951682806
8740,775,0.01387140154838562
8750,776,0.017020784318447113
8760,777,0.5373237133026123
8770,778,0.013467607088387012
8780,779,0.01570529118180275
8790,780,0.03245147317647934
8800,781,0.028113465756177902
8810,782,0.011421168223023415
8820,783,0.019950255751609802
8830,784,0.01260412484407425
8840,785,0.03297541290521622
8850,786,0.026097623631358147
8860,787,0.01885150372982025
8870,788,0.03652016818523407
8880,789,0.020749280229210854
8890,790,0.013034742325544357
8900,791,0.029991591349244118
8910,792,0.010931595228612423
8920,793,0.013834003359079361
8930,794,0.016740376129746437
8940,795,0.021123142912983894
8950,796,0.009726162068545818
8960,797,0.01284641120582819
8970,798,0.014264358207583427
8980,799,0.05688628926873207
8990,800,0.016721244901418686
9000,801,0.017321353778243065
9010,802,0.8342078924179077
9020,803,0.6020767092704773
9030,804,0.3134956657886505
9040,805,0.05669008195400238
9050,806,0.05484180524945259
9060,807,0.16045916080474854
9070,808,0.3405112624168396
9080,809,1.0116546154022217
9090,810,0.2856949269771576
9100,811,0.11733094602823257
9110,812,0.04516633599996567
9120,813,0.07148958742618561
9130,814,0.07940928637981415
9140,815,0.12713974714279175
9150,816,0.17038047313690186
9160,817,0.5690513849258423
9170,818,0.11095065623521805
9180,819,0.04204222187399864
9190,820,0.06672630459070206
9200,821,0.06538155674934387
9210,822,0.070370614528656
9220,823,0.08939380943775177
9230,824,0.09654837846755981
9240,825,0.06648416817188263
9250,826,0.48056483268737793
9260,827,0.02221411094069481
9270,828,0.029585694894194603
9280,829,0.12434309720993042
9290,830,0.06729312241077423
9300,831,0.05569077283143997
9310,832,0.025102395564317703
9320,833,0.01848144829273224
9330,834,0.025484325364232063
9340,835,0.025420811027288437
9350,836,0.02897949144244194
9360,837,0.04978886619210243
9370,838,0.08447016030550003
9380,839,0.02123933471739292
9390,840,0.02817125990986824
9400,841,0.024857521057128906
9410,842,0.010966355912387371
9420,843,0.02392277680337429
9430,844,0.0330885611474514
9440,845,0.07222052663564682
9450,846,0.027773121371865273
9460,847,0.012848930433392525
9470,848,0.01608298346400261
9480,849,0.010463427752256393
9490,850,0.03154510632157326
9500,851,0.026935160160064697
9510,852,0.024442465975880623
9520,853,0.016852207481861115
9530,854,0.02670217864215374
9540,855,0.0055408114567399025
9550,856,0.05968638136982918
9560,857,0.01911301165819168
9570,858,0.028736477717757225
9580,859,0.01223705429583788
9590,860,0.017922554165124893
9600,861,0.009430816397070885
9610,862,0.0036977429408580065
9620,863,0.0057816533371806145
9630,864,0.008682668209075928
9640,865,0.03895993530750275
9650,866,0.493132084608078
9660,867,0.012167522683739662
9670,868,0.011841301806271076
9680,869,0.02335318736732006
9690,870,0.03340934216976166
9700,871,0.024740858003497124
9710,872,0.05079314112663269
9720,873,0.030769819393754005
9730,874,0.008061381056904793
9740,875,0.01869095489382744
9750,876,0.019474491477012634
9760,877,0.023380953818559647
9770,878,0.020019784569740295
9780,879,0.020518822595477104
9790,880,0.06444019079208374
9800,881,0.01726974919438362
9810,882,0.01249776966869831
9820,883,0.01206640899181366
9830,884,0.0055703227408230305
9840,885,0.017377521842718124
9850,886,0.006257289554923773
9860,887,0.010037655010819435
9870,888,0.03575379401445389
9880,889,0.05695938691496849
9890,890,0.013243699446320534
9900,891,0.0109418835490942
9910,892,0.02626577951014042
9920,893,0.05632873997092247
9930,894,1.0093473196029663
9940,895,0.050069160759449005
9950,896,0.03813336789608002
9960,897,0.03309245407581329
9970,898,0.01271743793040514
9980,899,0.020264793187379837
9990,900,0.043604250997304916
10000,901,0.04092465341091156
10010,902,1.4326441287994385
10020,903,0.5615501403808594
10030,904,0.24851258099079132
10040,905,0.04574139788746834
10050,906,0.052405744791030884
10060,907,1.0002878904342651
10070,908,0.3929910957813263
10080,909,0.302686870098114
10090,910,0.23112010955810547
10100,911,0.11585481464862823
10110,912,0.030898839235305786
10120,913,0.09548988938331604
10130,914,0.14805814623832703
10140,915,0.18513552844524384
10150,916,0.18262901902198792
10160,917,0.17972645163536072
10170,918,0.08699257671833038
10180,919,0.03488200157880783
10190,920,0.07658734172582626
10200,921,0.10349376499652863
10210,922,0.12412466108798981
10220,923,0.11596176028251648
10230,924,0.07021726667881012
10240,925,0.05075830966234207
10250,926,0.017654407769441605
10260,927,0.08193490654230118
10270,928,0.05973208323121071
10280,929,0.10234387218952179
10290,930,0.08525801450014114
10300,931,0.06649437546730042
10310,932,0.036771342158317566
10320,933,0.033059243112802505
10330,934,0.029125213623046875
10340,935,0.04061073064804077
10350,936,0.03196524456143379
10360,937,0.057699479162693024
10370,938,0.14354117214679718
10380,939,0.018793223425745964
10390,940,0.03135324642062187
10400,941,0.013290820643305779
10410,942,0.046572886407375336
10420,943,0.05246563255786896
10430,944,0.022318897768855095
10440,945,0.03157413750886917
10450,946,0.04041275754570961
10460,947,0.025118226185441017
10470,948,0.027391400188207626
10480,949,0.014136704616248608
10490,950,0.029839761555194855
10500,951,0.022952256724238396
10510,952,0.016894815489649773
10520,953,0.02058555744588375
10530,954,0.013453836552798748
10540,955,0.010426308028399944
10550,956,0.019360845908522606
10560,957,0.02352839708328247
10570,958,0.009595484472811222
10580,959,0.009922289289534092
10590,960,0.024048585444688797
10600,961,0.007867630571126938
10610,962,0.01217681635171175
10620,963,0.007237053010612726
10630,964,0.017417503520846367
10640,965,0.009875464253127575
10650,966,0.018122835084795952
10660,967,0.04615315794944763
10670,968,0.01682465337216854
10680,969,0.04125083610415459
10690,970,0.025174647569656372
10700,971,0.048084989190101624
10710,972,0.027405187487602234
10720,973,0.008717862889170647
10730,974,0.022908154875040054
10740,975,0.020882070064544678
10750,976,0.0222602728754282
10760,977,0.00937308557331562
10770,978,0.013013587333261967
10780,979,0.03451497107744217
10790,980,0.00973708089441061
10800,981,0.042177896946668625
10810,982,0.017158467322587967
10820,983,0.021654170006513596
10830,984,0.02930440939962864
10840,985,0.010718544945120811
10850,986,0.02294386737048626
10860,987,0.010914980433881283
10870,988,0.006100418046116829
10880,989,0.020350022241473198
10890,990,0.592660129070282
10900,991,0.011201898567378521
10910,992,0.007596024312078953
10920,993,0.039999011904001236
10930,994,0.02001868188381195
10940,995,0.031601808965206146
10950,996,0.022372743114829063
10960,997,0.007062099874019623
10970,998,0.041707850992679596
10980,999,0.011752085760235786
10990,1000,0.039131417870521545
11000,1001,0.01259696576744318
11010,1002,0.791370153427124
11020,1003,0.556958794593811
11030,1004,0.21982961893081665
11040,1005,0.03515758737921715
11050,1006,0.12867875397205353
11060,1007,0.32203370332717896
11070,1008,0.4029448926448822
11080,1009,0.33531057834625244
11090,1010,0.22518157958984375
11100,1011,0.05075661465525627
11110,1012,0.027086710557341576
11120,1013,0.12033405900001526
11130,1014,0.19103842973709106
11140,1015,0.19631972908973694
11150,1016,0.1359851211309433
11160,1017,0.0644141361117363
11170,1018,0.017625577747821808
11180,1019,0.029025090858340263
11190,1020,0.05842312425374985
11200,1021,0.08428403735160828
11210,1022,0.11981098353862762
11220,1023,0.04955987632274628
11230,1024,0.0763404592871666
11240,1025,0.011898267082870007
11250,1026,0.054855264723300934
11260,1027,0.047636788338422775
11270,1028,0.11262213438749313
11280,1029,0.06683862954378128
11290,1030,0.04319341853260994
11300,1031,1.0592806339263916
11310,1032,0.006115804426372051
11320,1033,0.02442867122590542
11330,1034,0.05381426960229874
11340,1035,0.050353966653347015
11350,1036,0.03281494602560997
11360,1037,0.026729300618171692
11370,1038,0.045944180339574814
11380,1039,0.020169131457805634
11390,1040,0.02576209045946598
11400,1041,0.9341505169868469
11410,1042,0.014252522960305214
11420,1043,0.03650081530213356
11430,1044,0.06374599784612656
11440,1045,0.028146013617515564
11450,1046,0.05538347363471985
11460,1047,0.012260005809366703
11470,1048,0.014891806989908218
11480,1049,0.029815655201673508
11490,1050,0.025762703269720078
11500,1051,0.014401882886886597
11510,1052,0.020379580557346344
11520,1053,0.016099508851766586
11530,1054,0.009972678497433662
11540,1055,0.028490237891674042
11550,1056,0.018937038257718086
11560,1057,0.017807267606258392
11570,1058,0.018123844638466835
11580,1059,0.018022125586867332
11590,1060,0.011471332050859928
11600,1061,0.004819009453058243
11610,1062,0.011025911197066307
11620,1063,0.5958473086357117
11630,1064,0.02592283859848976
11640,1065,0.07897777110338211
11650,1066,0.017933078110218048
11660,1067,0.017091095447540283
11670,1068,0.02826651930809021
11680,1069,0.01919928565621376
11690,1070,0.03502526134252548
11700,1071,0.02534935064613819
11710,1072,0.013768238946795464
11720,1073,0.006145601160824299
11730,1074,0.011147034354507923
11740,1075,0.009870205074548721
11750,1076,0.020572418347001076
11760,1077,0.05393935367465019
11770,1078,0.017246641218662262
11780,1079,0.010425817221403122
11790,1080,0.03193056583404541
11800,1081,0.03937853127717972
11810,1082,0.04839600622653961
11820,1083,0.019702553749084473
11830,1084,0.01714201644062996
11840,1085,0.009250572882592678
11850,1086,0.0062529719434678555
11860,1087,0.01782277598977089
11870,1088,0.017955435439944267
11880,1089,0.03708639368414879
11890,1090,0.042297862470149994
11900,1091,0.009173022583127022
11910,1092,0.02089616283774376
11920,1093,0.014577591791749
11930,1094,0.02735961601138115
11940,1095,0.018374621868133545
11950,1096,0.03161997348070145
11960,1097,0.009663823060691357
11970,1098,0.021417714655399323
11980,1099,0.020662548020482063
11990,1100,0.011178753338754177
12000,1101,0.011923189274966717
12010,1102,0.7543127536773682
12020,1103,0.49238017201423645
12030,1104,0.1467578262090683
12040,1105,0.009568233042955399
12050,1106,0.13272278010845184
12060,1107,0.5090738534927368
12070,1108,0.400887131690979
12080,1109,0.32761621475219727
12090,1110,0.1255302131175995
12100,1111,0.016594359651207924
12110,1112,0.08889604359865189
12120,1113,0.16071917116641998
12130,1114,0.24395309388637543
12140,1115,0.3001843988895416
12150,1116,0.12586387991905212
12160,1117,0.04229728877544403
12170,1118,0.03433360159397125
12180,1119,0.08074010163545609
12190,1120,0.12095402181148529
12200,1121,0.13812267780303955
12210,1122,0.15230727195739746
12220,1123,0.05412334203720093
12230,1124,0.01427192147821188
12240,1125,0.155005544424057
12250,1126,0.08273321390151978
12260,1127,0.10538201034069061
12270,1128,0.23950694501399994
12280,1129,0.08493858575820923
12290,1130,0.04836244881153107
12300,1131,0.10123787075281143
12310,1132,0.04450751841068268
12320,1133,0.12240899354219437
12330,1134,0.05658188834786415
12340,1135,0.06280721724033356
12350,1136,0.05626221001148224
12360,1137,0.022973159328103065
12370,1138,0.026496194303035736
12380,1139,0.04733007401227951
12390,1140,0.07806381583213806
12400,1141,0.05525827780365944
12410,1142,0.020210327580571175
12420,1143,0.03620241954922676
12430,1144,0.011362952180206776
12440,1145,0.01654960960149765
12450,1146,0.012918569147586823
12460,1147,0.03826001286506653
12470,1148,0.045559294521808624
12480,1149,0.01980830729007721
12490,1150,0.655652642250061
12500,1151,0.042674604803323746
12510,1152,0.056318383663892746
12520,1153,0.039097025990486145
12530,1154,0.02533283457159996
12540,1155,0.046127088367938995
12550,1156,0.02426757477223873
12560,1157,0.018485847860574722
12570,1158,0.037246380001306534
12580,1159,0.05840064585208893
12590,1160,0.08289149403572083
12600,1161,0.7333942651748657
12610,1162,0.03097536228597164
12620,1163,0.04264267534017563
12630,1164,0.1500762701034546
12640,1165,0.10445267707109451
12650,1166,0.017158469185233116
12660,1167,0.05086921527981758
12670,1168,0.04193730652332306
12680,1169,0.04565034061670303
12690,1170,0.048037249594926834
12700,1171,0.015368223190307617
12710,1172,1.1612732410430908
12720,1173,0.040615130215883255
12730,1174,0.07923025637865067
12740,1175,0.10101266205310822
12750,1176,0.0914735272526741
12760,1177,0.10096917301416397
12770,1178,0.012769917957484722
12780,1179,0.15664885938167572
12790,1180,0.019953060895204544
12800,1181,0.024064233526587486
12810,1182,0.07087010145187378
12820,1183,0.030072040855884552
12830,1184,0.06321777403354645
12840,1185,0.04408428817987442
12850,1186,0.09039295464754105
12860,1187,0.04810908064246178
12870,1188,0.19371500611305237
12880,1189,0.021446239203214645
12890,1190,0.030797215178608894
12900,1191,0.046625908464193344
12910,1192,0.09185118973255157
12920,1193,0.0300604235380888
12930,1194,0.04959557205438614
12940,1195,0.11817541718482971
12950,1196,0.03667205199599266
12960,1197,0.04075730964541435
12970,1198,0.0696730688214302
12980,1199,0.016452981159090996
12990,1200,0.044514868408441544
13000,1201,0.040156878530979156
13010,1202,0.6570876240730286
13020,1203,0.3605940043926239
13030,1204,1.4114153385162354
13040,1205,0.058090876787900925
13050,1206,0.14763964712619781
13060,1207,0.3628101348876953
13070,1208,0.3310838043689728
13080,1209,0.18640494346618652
13090,1210,0.03143749386072159
13100,1211,1.2474287748336792
13110,1212,0.0962560847401619
13120,1213,0.269100546836853
13130,1214,0.27897384762763977
13140,1215,0.2573455274105072
13150,1216,0.05215178802609444
13160,1217,0.26146548986434937
13170,1218,0.8001592755317688
13180,1219,0.10552985221147537
13190,1220,0.15347552299499512
13200,1221,0.1391018033027649
13210,1222,0.07734111696481705
13220,1223,0.041089221835136414
13230,1224,0.052471816539764404
13240,1225,0.08553547412157059
13250,1226,0.07537410408258438
13260,1227,0.08268943428993225
13270,1228,0.05740784481167793
13280,1229,0.06751042604446411
13290,1230,0.03792145848274231
13300,1231,0.07553617656230927
13310,1232,0.02290889248251915
13320,1233,0.0921105369925499
13330,1234,0.0556064173579216
13340,1235,0.04155807942152023
13350,1236,0.042227812111377716
13360,1237,0.04310018569231033
13370,1238,0.03704060986638069
13380,1239,0.03895597904920578
13390,1240,0.06902304291725159
13400,1241,0.049188192933797836
13410,1242,0.02548106200993061
13420,1243,0.02636798657476902
13430,1244,0.2222762256860733
13440,1245,0.03955312818288803
13450,1246,1.406372308731079
13460,1247,0.04777134582400322
13470,1248,0.10677828639745712
13480,1249,0.10349832475185394
13490,1250,0.05397839844226837
13500,1251,0.055515021085739136
13510,1252,0.052625250071287155
13520,1253,0.03909367322921753
13530,1254,0.0506109893321991
13540,1255,3.274989366531372
13550,1256,0.04927082359790802
13560,1257,0.03860662132501602
13570,1258,0.07507114112377167
13580,1259,0.12277648597955704
13590,1260,0.2104465514421463
13600,1261,0.25685638189315796
13610,1262,0.1845802217721939
13620,1263,0.11367357522249222
13630,1264,0.06608939170837402
13640,1265,0.08891923725605011
13650,1266,0.05409667268395424
13660,1267,0.14340132474899292
13670,1268,0.0500003807246685
13680,1269,0.03233528882265091
13690,1270,0.06682676076889038
13700,1271,0.05653899163007736
13710,1272,1.1394801139831543
13720,1273,0.04814409092068672
13730,1274,0.026425475254654884
13740,1275,0.03902898356318474
13750,1276,1.3502408266067505
13760,1277,0.10166674852371216
13770,1278,0.0962449163198471
13780,1279,0.12479199469089508
13790,1280,0.06628969311714172
13800,1281,0.07589177787303925
13810,1282,0.05099073052406311
13820,1283,1.5799691677093506
13830,1284,0.05930056795477867
13840,1285,0.07642559707164764
13850,1286,0.04540259391069412
13860,1287,0.03940388932824135
13870,1288,0.04032469540834427
13880,1289,0.20350998640060425
13890,1290,0.03428534045815468
13900,1291,0.05775757506489754
13910,1292,0.10410742461681366
13920,1293,0.07553049921989441
13930,1294,0.051886118948459625
13940,1295,0.05546886473894119
13950,1296,0.03484255447983742
13960,1297,0.01976403035223484
13970,1298,0.012962567619979382
13980,1299,0.05639153718948364
13990,1300,0.10247734934091568
14000,1301,0.1330462396144867
14010,1302,0.7285735607147217
14020,1303,0.4825885593891144
14030,1304,0.2204245626926422
14040,1305,0.0781615823507309
14050,1306,0.21157172322273254
14060,1307,0.4673505425453186
14070,1308,0.4203185439109802
14080,1309,0.2836923599243164
14090,1310,0.14588992297649384
14100,1311,0.04657725244760513
14110,1312,0.1388934850692749
14120,1313,0.2017403393983841
14130,1314,0.30663496255874634
14140,1315,0.37722867727279663
14150,1316,0.15796303749084473
14160,1317,0.04927497357130051
14170,1318,0.11778950691223145
14180,1319,1.6753895282745361
14190,1320,0.16932740807533264
14200,1321,0.2057207077741623
14210,1322,0.041802726686000824
14220,1323,0.07433603703975677
14230,1324,0.0385684035718441
14240,1325,0.14466634392738342
14250,1326,1.4418803453445435
14260,1327,0.14865082502365112
14270,1328,0.13872164487838745
14280,1329,0.04207286983728409
14290,1330,1.379446029663086
14300,1331,0.056505776941776276
14310,1332,0.06629696488380432
14320,1333,0.10649360716342926
14330,1334,0.06817995011806488
14340,1335,0.11135473102331161
14350,1336,0.08019197732210159
14360,1337,0.16864913702011108
14370,1338,0.05576574057340622
14380,1339,0.023443004116415977
14390,1340,0.06709269434213638
14400,1341,0.03551437333226204
14410,1342,0.06629166752099991
14420,1343,0.07459112256765366
14430,1344,0.052047643810510635
14440,1345,0.09155625849962234
14450,1346,0.04901230335235596
14460,1347,0.0270109660923481
14470,1348,0.06567706912755966
14480,1349,0.020158154889941216
14490,1350,0.05778539180755615
14500,1351,0.13538046181201935
14510,1352,0.01980730891227722
14520,1353,0.05251374840736389
14530,1354,0.08066971600055695
14540,1355,0.056220751255750656
14550,1356,0.04977370426058769
14560,1357,0.04700244590640068
14570,1358,0.046359021216630936
14580,1359,0.05337075889110565
14590,1360,0.036782871931791306
14600,1361,0.047442711889743805
14610,1362,0.018028253689408302
14620,1363,0.028516367077827454
14630,1364,0.029930735006928444
14640,1365,0.036156293004751205
14650,1366,0.03747571259737015
14660,1367,0.0147832240909338
14670,1368,0.0449342355132103
14680,1369,0.018628699705004692
14690,1370,0.09194768965244293
14700,1371,0.02736557461321354
14710,1372,1.2244104146957397
14720,1373,0.01070737186819315
14730,1374,0.04036717116832733
14740,1375,0.044105857610702515
14750,1376,0.03739058971405029
14760,1377,0.04128716513514519
14770,1378,0.04053277522325516
14780,1379,0.015738923102617264
14790,1380,0.12885044515132904
14800,1381,0.021906454116106033
14810,1382,0.16861259937286377
14820,1383,0.03586847707629204
14830,1384,0.023178035393357277
14840,1385,0.04398159682750702
14850,1386,0.07341079413890839
14860,1387,0.02371383085846901
14870,1388,0.04222201928496361
14880,1389,0.02212502248585224
14890,1390,0.08862180262804031
14900,1391,1.6260610818862915
14910,1392,0.09670953452587128
14920,1393,0.015190701931715012
14930,1394,0.08259307593107224
14940,1395,0.027965759858489037
14950,1396,0.06554550677537918
14960,1397,0.08422240614891052
14970,1398,0.045585259795188904
14980,1399,0.020507387816905975
14990,1400,0.049755096435546875
15000,1401,0.06548473238945007
15010,1402,0.7021100521087646
15020,1403,0.49093931913375854
15030,1404,0.1333591341972351
15040,1405,0.0680500715970993
15050,1406,0.3079758286476135
15060,1407,0.35218629240989685
15070,1408,0.30059298872947693
15080,1409,0.16477078199386597
15090,1410,0.04074862226843834
15100,1411,0.20466600358486176
15110,1412,0.10285001248121262
15120,1413,0.33901268243789673
15130,1414,0.11680881679058075
15140,1415,0.08295387774705887
15150,1416,0.04429355636239052
15160,1417,0.0703466460108757
15170,1418,0.07221358269453049
15180,1419,0.09908519685268402
15190,1420,0.0780126079916954
15200,1421,0.09041056036949158
15210,1422,0.038342591375112534
15220,1423,0.04046015441417694
15230,1424,0.07402797788381577
15240,1425,0.04829094186425209
15250,1426,0.04165351763367653
15260,1427,0.03936717286705971
15270,1428,0.07061924040317535
15280,1429,0.04807734861969948
15290,1430,0.07595359534025192
15300,1431,0.05216367915272713
15310,1432,0.017939718440175056
15320,1433,0.0773683562874794
15330,1434,0.038554154336452484
15340,1435,0.04936738312244415
15350,1436,0.046941570937633514
15360,1437,0.08809857815504074
15370,1438,0.046994373202323914
15380,1439,0.03923289105296135
15390,1440,0.02248482033610344
15400,1441,0.03646929934620857
15410,1442,0.026295773684978485
15420,1443,0.07230564951896667
15430,1444,0.04117540642619133
15440,1445,0.014739276841282845
15450,1446,0.034585945308208466
15460,1447,0.06721936166286469
15470,1448,0.041650768369436264
15480,1449,0.04153519496321678
15490,1450,0.04152759164571762
15500,1451,0.0537521056830883
15510,1452,0.021342210471630096
15520,1453,1.7878190279006958
15530,1454,0.03308520466089249
15540,1455,0.041496746242046356
15550,1456,0.02286640927195549
15560,1457,0.021151797845959663
15570,1458,1.2106423377990723
15580,1459,0.0674881711602211
15590,1460,0.04171456769108772
15600,1461,0.04027896001935005
15610,1462,0.059764690697193146
15620,1463,0.20091255009174347
15630,1464,0.12275072932243347
15640,1465,0.04078556224703789
15650,1466,0.04953288659453392
15660,1467,0.06360557675361633
15670,1468,0.058797258883714676
15680,1469,0.09305177628993988
15690,1470,0.04270726442337036
15700,1471,0.09867427498102188
15710,1472,0.10832998156547546
15720,1473,0.0353836789727211
15730,1474,0.05941775068640709
15740,1475,0.06860003620386124
15750,1476,0.08096221089363098
15760,1477,0.07962016761302948
15770,1478,0.04695315286517143
15780,1479,1.2395302057266235
15790,1480,1.5751259326934814
15800,1481,0.04299043118953705
15810,1482,1.3665447235107422
15820,1483,0.035457126796245575
15830,1484,0.11426347494125366
15840,1485,0.08293995261192322
15850,1486,0.07001853734254837
15860,1487,0.02747885137796402
15870,1488,0.04164949804544449
15880,1489,0.0434042327105999
15890,1490,0.2417052984237671
15900,1491,0.06800948083400726
15910,1492,0.08921254426240921
15920,1493,0.06840711832046509
15930,1494,0.016789380460977554
15940,1495,0.04069371148943901
15950,1496,0.01810993067920208
15960,1497,0.06368518620729446
15970,1498,0.026769425719976425
15980,1499,0.11595611274242401
15990,1500,0.03035462275147438
16000,1501,0.04604005813598633
16010,1502,0.6199800968170166
16020,1503,0.3241940438747406
16030,1504,0.12393896281719208
16040,1505,0.04573553800582886
16050,1506,0.20217780768871307
16060,1507,0.32894283533096313
16070,1508,0.3950914740562439
16080,1509,0.3354873061180115
16090,1510,0.0785612165927887
16100,1511,0.032395344227552414
16110,1512,0.2027888149023056
16120,1513,0.3836318254470825
16130,1514,0.24367836117744446
16140,1515,0.0922570750117302
16150,1516,0.03586350753903389
16160,1517,0.0712050274014473
16170,1518,2.024730920791626
16180,1519,1.8836508989334106
16190,1520,0.1806720495223999
16200,1521,0.11112229526042938
16210,1522,0.08262019604444504
16220,1523,0.059760596603155136
16230,1524,0.09537283331155777
16240,1525,0.16364315152168274
16250,1526,0.0439143180847168
16260,1527,0.06000449135899544
16270,1528,0.038004741072654724
16280,1529,0.0692359060049057
16290,1530,0.7499380707740784
16300,1531,0.1380295306444168
16310,1532,2.0614235401153564
16320,1533,0.10007049143314362
16330,1534,0.0954388678073883
16340,1535,0.09224532544612885
16350,1536,0.05418425425887108
16360,1537,0.15624171495437622
16370,1538,0.09906937181949615
16380,1539,0.049238916486501694
16390,1540,0.07039636373519897
16400,1541,0.1934358775615692
16410,1542,0.03938794881105423
16420,1543,0.061717499047517776
16430,1544,0.1107022613286972
16440,1545,0.11592547595500946
16450,1546,1.599814772605896
16460,1547,0.07262622565031052
16470,1548,0.24998070299625397
16480,1549,1.0924626588821411
16490,1550,0.14237049221992493
16500,1551,0.09555955976247787
16510,1552,0.09522762894630432
16520,1553,0.05312848836183548
16530,1554,0.05493592098355293
16540,1555,0.06671326607465744
16550,1556,0.08133392781019211
16560,1557,0.16967682540416718
16570,1558,0.1203111857175827
16580,1559,0.05870117247104645
16590,1560,0.10159067064523697
16600,1561,0.08127164095640182
16610,1562,0.0444013737142086
16620,1563,0.2910284399986267
16630,1564,0.0410412959754467
16640,1565,0.16466283798217773
16650,1566,0.10173650085926056
16660,1567,0.03417413681745529
16670,1568,0.05380574241280556
16680,1569,0.10830208659172058
16690,1570,0.05572659522294998
16700,1571,3.6614179611206055
16710,1572,0.05732046812772751
16720,1573,1.1109349727630615
16730,1574,0.0201110802590847
16740,1575,0.07604370266199112
16750,1576,0.04774048179388046
16760,1577,0.15887358784675598
16770,1578,0.2201591283082962
16780,1579,0.04587283730506897
16790,1580,1.7042280435562134
16800,1581,0.3013182282447815
16810,1582,0.04080019146203995
16820,1583,0.03698918595910072
16830,1584,0.06454131007194519
16840,1585,0.13707736134529114
16850,1586,0.05203571170568466
16860,1587,0.035400643944740295
16870,1588,0.07148047536611557
16880,1589,0.08054269105195999
16890,1590,0.15494215488433838
16900,1591,0.09827318787574768
16910,1592,0.055946074426174164
16920,1593,0.09336397796869278
16930,1594,0.021369537338614464
16940,1595,0.026027513667941093
16950,1596,0.020035643130540848
16960,1597,0.08003680408000946
16970,1598,0.028163865208625793
16980,1599,0.07344020158052444
16990,1600,2.0551512241363525
17000,1601,0.08386257290840149
17010,1602,0.5558803081512451
17020,1603,0.36875683069229126
17030,1604,0.10875214636325836
17040,1605,0.04915175586938858
17050,1606,1.3377519845962524
17060,1607,0.4065017104148865
17070,1608,0.3229671120643616
17080,1609,0.18217822909355164
17090,1610,0.10753858834505081
17100,1611,0.07524757087230682
17110,1612,0.088158518075943
17120,1613,0.2866915166378021
17130,1614,0.2725483775138855
17140,1615,0.11156415194272995
17150,1616,0.08946292102336884
17160,1617,0.03944254666566849
17170,1618,0.21939069032669067
17180,1619,0.12416764348745346
17190,1620,0.17459388077259064
17200,1621,0.1477338969707489
17210,1622,0.05901779979467392
17220,1623,0.043230701237916946
17230,1624,0.2852967381477356
17240,1625,0.1056588813662529
17250,1626,0.0851372480392456
17260,1627,0.06314282864332199
17270,1628,0.03391653299331665
17280,1629,0.03964152932167053
17290,1630,0.06331662833690643
17300,1631,0.4148980975151062
17310,1632,0.09034042805433273
17320,1633,0.06676691025495529
17330,1634,0.05675369128584862
17340,1635,1.9515671730041504
17350,1636,0.099308080971241
17360,1637,0.1280774176120758
17370,1638,1.0915924310684204
17380,1639,0.06698247045278549
17390,1640,0.17773351073265076
17400,1641,0.24865397810935974
17410,1642,0.13395805656909943
17420,1643,0.14865213632583618
17430,1644,0.04203127697110176
17440,1645,0.12128013372421265
17450,1646,0.06573650985956192
17460,1647,0.07577113807201385
17470,1648,0.03597915917634964
17480,1649,0.04044930264353752
17490,1650,0.06576032191514969
17500,1651,0.041926369071006775
17510,1652,0.01794028840959072
17520,1653,0.03205937147140503
17530,1654,0.011177396401762962
17540,1655,0.03574129566550255
17550,1656,0.024411536753177643
17560,1657,0.026201318949460983
17570,1658,0.03664758801460266
17580,1659,0.05304310470819473
17590,1660,0.047450169920921326
17600,1661,0.08760730922222137
17610,1662,0.03856900706887245
17620,1663,0.021574608981609344
17630,1664,0.047767523676157
17640,1665,2.782027244567871
17650,1666,0.0719146579504013
17660,1667,0.06592631340026855
17670,1668,0.042674560099840164
17680,1669,0.04816697537899017
17690,1670,0.08915650844573975
17700,1671,0.06860410422086716
17710,1672,0.11601459980010986
17720,1673,0.11536997556686401
17730,1674,0.08426764607429504
17740,1675,0.0354880727827549
17750,1676,0.038694534450769424
17760,1677,1.6940668821334839
17770,1678,0.03397928178310394
17780,1679,0.06223928928375244
17790,1680,0.03606788069009781
17800,1681,0.14215874671936035
17810,1682,0.11491189897060394
17820,1683,1.2566578388214111
17830,1684,0.021516477689146996
17840,1685,0.03748174011707306
17850,1686,0.09542349725961685
17860,1687,0.025084421038627625
17870,1688,0.12024034559726715
17880,1689,0.05897289514541626
17890,1690,0.20402634143829346
17900,1691,0.030720969662070274
17910,1692,0.2622561752796173
17920,1693,0.12669606506824493
17930,1694,0.04597071185708046
17940,1695,0.04876368120312691
17950,1696,0.0446346215903759
17960,1697,0.05629413574934006
17970,1698,0.07129260897636414
17980,1699,0.024676697328686714
17990,1700,0.03785068169236183
18000,1701,0.03428654372692108
18010,1702,0.7530022859573364
18020,1703,0.36414992809295654
18030,1704,3.0548155307769775
18040,1705,0.05737154930830002
18050,1706,0.09291090071201324
18060,1707,0.3415617048740387
18070,1708,0.3469202220439911
18080,1709,0.15821197628974915
18090,1710,0.12469910085201263
18100,1711,0.057985544204711914
18110,1712,0.14136148989200592
18120,1713,0.1554257869720459
18130,1714,0.14365258812904358
18140,1715,0.2289210706949234
18150,1716,0.08118017762899399
18160,1717,0.08762495219707489
18170,1718,0.136858731508255
18180,1719,0.0880693793296814
18190,1720,0.0653454065322876
18200,1721,0.031432341784238815
18210,1722,0.05255560204386711
18220,1723,0.08034918457269669
18230,1724,0.13134512305259705
18240,1725,0.03485354036092758
18250,1726,1.8716901540756226
18260,1727,0.06432389467954636
18270,1728,0.08853227645158768
18280,1729,0.17394369840621948
18290,1730,0.10589224100112915
18300,1731,0.04901441931724548
18310,1732,0.04612208157777786
18320,1733,0.09429891407489777
18330,1734,0.06646427512168884
18340,1735,0.06780895590782166
18350,1736,0.0356987901031971
18360,1737,0.14104411005973816
18370,1738,0.03794864937663078
18380,1739,0.023142259567975998
18390,1740,0.09679853916168213
18400,1741,0.062021173536777496
18410,1742,0.1878310590982437
18420,1743,0.06872754544019699
18430,1744,0.0674513652920723
18440,1745,0.0359991155564785
18450,1746,0.05944569408893585
18460,1747,0.05194738507270813
18470,1748,0.05121348053216934
18480,1749,0.04611474648118019
18490,1750,0.04100298881530762
18500,1751,0.026096640154719353
18510,1752,0.07762529700994492
18520,1753,0.04616142809391022
18530,1754,0.0600074827671051
18540,1755,0.09808866679668427
18550,1756,0.01701188273727894
18560,1757,0.03157999366521835
18570,1758,0.0616845078766346
18580,1759,0.032716408371925354
18590,1760,0.11006603389978409
18600,1761,0.12338513135910034
18610,1762,0.04190387576818466
18620,1763,0.05169481039047241
18630,1764,0.030824055895209312
18640,1765,0.029076995328068733
18650,1766,0.039543963968753815
18660,1767,0.05148918926715851
18670,1768,0.036320701241493225
18680,1769,0.07286161929368973
18690,1770,0.1551900953054428
18700,1771,1.8253577947616577
18710,1772,0.055997010320425034
18720,1773,0.02278985269367695
18730,1774,0.0561065673828125
18740,1775,0.07329244911670685
18750,1776,0.10632434487342834
18760,1777,0.06630522012710571
18770,1778,0.0703900158405304
18780,1779,0.03728528320789337
18790,1780,0.05511908978223801
18800,1781,0.030880870297551155
18810,1782,0.03650042414665222
18820,1783,0.02715199999511242
18830,1784,0.050680700689554214
18840,1785,0.04526107385754585
18850,1786,0.08216755837202072
18860,1787,0.03451850637793541
18870,1788,2.629483699798584
18880,1789,0.010230174288153648
18890,1790,0.022944802418351173
18900,1791,0.1871720850467682
18910,1792,0.04823407530784607
18920,1793,0.0704088881611824
18930,1794,0.06133086234331131
18940,1795,0.028638694435358047
18950,1796,0.05676864832639694
18960,1797,0.027925614267587662
18970,1798,0.18018515408039093
18980,1799,0.0731111541390419
18990,1800,0.04202529788017273
19000,1801,0.07321380823850632
19010,1802,0.5839315056800842
19020,1803,0.31036847829818726
19030,1804,0.08137588202953339
19040,1805,0.13378359377384186
19050,1806,0.32843321561813354
19060,1807,0.33624985814094543
19070,1808,0.2057676613330841
19080,1809,0.27823150157928467
19090,1810,0.07303794473409653
19100,1811,0.11059151589870453
19110,1812,0.3279705047607422
19120,1813,0.2149433046579361
19130,1814,0.1269538402557373
19140,1815,0.10761572420597076
19150,1816,0.04637734219431877
19160,1817,0.13050661981105804
19170,1818,0.2401457577943802
19180,1819,0.2319089025259018
19190,1820,0.11595995724201202
19200,1821,0.05451277270913124
19210,1822,0.08218204975128174
19220,1823,0.16023610532283783
19230,1824,0.1561402678489685
19240,1825,0.13128213584423065
19250,1826,0.14870384335517883
19260,1827,0.10073588788509369
19270,1828,0.13350705802440643
19280,1829,0.1206141859292984
19290,1830,0.11922293901443481
19300,1831,3.4770963191986084
19310,1832,0.11752158403396606
19320,1833,0.07655417174100876
19330,1834,0.11205104738473892
19340,1835,0.21523264050483704
19350,1836,0.1551201492547989
19360,1837,0.18781864643096924
19370,1838,0.08476332575082779
19380,1839,0.21564364433288574
19390,1840,0.09779003262519836
19400,1841,0.21629151701927185
19410,1842,1.0924245119094849
19420,1843,0.09276045113801956
19430,1844,0.15090788900852203
19440,1845,0.14155763387680054
19450,1846,0.05961406230926514
19460,1847,0.09374722838401794
19470,1848,0.11278863251209259
19480,1849,0.05005517229437828
19490,1850,2.1600708961486816
19500,1851,0.15347805619239807
19510,1852,0.07607366144657135
19520,1853,0.0707952156662941
19530,1854,0.07989703863859177
19540,1855,0.2269452065229416
19550,1856,0.01646898314356804
19560,1857,0.0392584502696991
19570,1858,1.9108554124832153
19580,1859,0.057129357010126114
19590,1860,0.13086459040641785
19600,1861,0.08357825875282288
19610,1862,0.017815623432397842
19620,1863,0.03432547301054001
19630,1864,0.08035784959793091
19640,1865,0.08393125236034393
19650,1866,0.045775074511766434
19660,1867,0.03252604976296425
19670,1868,0.2756648361682892
19680,1869,0.1485394835472107
19690,1870,0.015077629126608372
19700,1871,0.07702400535345078
19710,1872,0.02418052777647972
19720,1873,0.11071337759494781
19730,1874,0.04315295070409775
19740,1875,0.038673337548971176
19750,1876,0.1097746416926384
19760,1877,0.05575099587440491
19770,1878,0.09313853085041046
19780,1879,0.09956124424934387
19790,1880,0.08543938398361206
19800,1881,0.04798309504985809
19810,1882,0.07348938286304474
19820,1883,0.04158435016870499
19830,1884,0.05520913377404213
19840,1885,0.03739722818136215
19850,1886,0.06816264241933823
19860,1887,0.02905929461121559
19870,1888,1.4357256889343262
19880,1889,0.10157250612974167
19890,1890,0.037597328424453735
19900,1891,0.14218421280384064
19910,1892,2.160726308822632
19920,1893,0.055372126400470734
19930,1894,0.0910591334104538
19940,1895,0.05174833536148071
19950,1896,0.08140890300273895
19960,1897,0.06773535907268524
19970,1898,0.04708113148808479
19980,1899,0.04284362494945526
19990,1900,0.11996904015541077
20000,1901,0.1440218985080719
20010,1902,0.7815408110618591
20020,1903,0.5648735165596008
20030,1904,0.17214225232601166
20040,1905,0.05421065539121628
20050,1906,0.38394543528556824
20060,1907,0.3997188210487366
20070,1908,0.37324103713035583
20080,1909,0.277174711227417
20090,1910,0.09029177576303482
20100,1911,0.08475588262081146
20110,1912,0.1756686121225357
20120,1913,0.2449047863483429
20130,1914,0.24686641991138458
20140,1915,0.13015854358673096
20150,1916,0.05600918084383011
20160,1917,0.11435122787952423
20170,1918,0.09708646684885025
20180,1919,0.12191590666770935
20190,1920,0.17476209998130798
20200,1921,0.08563191443681717
20210,1922,0.03627309948205948
20220,1923,0.26379644870758057
20230,1924,0.13701044023036957
20240,1925,0.08108922839164734
20250,1926,0.21734343469142914
20260,1927,0.029248133301734924
20270,1928,0.05250471085309982
20280,1929,0.07972563803195953
20290,1930,0.08007080852985382
20300,1931,0.13336214423179626
20310,1932,0.11710373312234879
20320,1933,0.05903419107198715
20330,1934,0.032960981130599976
20340,1935,0.04479562118649483
20350,1936,0.051191214472055435
20360,1937,0.10607492923736572
20370,1938,0.04889262840151787
20380,1939,0.24990248680114746
20390,1940,0.3085174858570099
20400,1941,0.1400187611579895
20410,1942,2.542910099029541
20420,1943,0.04719177260994911
20430,1944,0.10604771971702576
20440,1945,0.08375319838523865
20450,1946,0.22999487817287445
20460,1947,0.24487948417663574
20470,1948,0.10969959199428558
20480,1949,0.2103053629398346
20490,1950,0.05495580658316612
20500,1951,0.08424060791730881
20510,1952,0.08636794239282608
20520,1953,0.20185700058937073
20530,1954,0.07697218656539917
20540,1955,0.1890050768852234
20550,1956,0.13233748078346252
20560,1957,0.027181563898921013
20570,1958,1.7373825311660767
20580,1959,0.03195224329829216
20590,1960,0.03824051469564438
20600,1961,0.11708301305770874
20610,1962,3.159236192703247
20620,1963,0.055598702281713486
20630,1964,0.060673099011182785
20640,1965,0.09454375505447388
20650,1966,0.13791702687740326
20660,1967,0.07490180432796478
20670,1968,0.9458377957344055
20680,1969,0.0938241183757782
20690,1970,0.09614089131355286
20700,1971,0.05039485543966293
20710,1972,0.12604470551013947
20720,1973,0.03645405173301697
20730,1974,0.03103582374751568
20740,1975,0.07802525907754898
20750,1976,0.07434625178575516
20760,1977,0.04241294041275978
20770,1978,0.038961876183748245
20780,1979,0.0997324138879776
20790,1980,0.021151619032025337
20800,1981,1.8333181142807007
20810,1982,0.019678479060530663
20820,1983,0.030773280188441277
20830,1984,0.06428474932909012
20840,1985,0.05359476059675217
20850,1986,0.04777606204152107
20860,1987,0.13991209864616394
20870,1988,0.06667405366897583
20880,1989,0.0654030591249466
20890,1990,1.6806403398513794
20900,1991,0.034970615059137344
20910,1992,1.8690195083618164
20920,1993,0.07224046438932419
20930,1994,0.12582603096961975
20940,1995,0.1361001431941986
20950,1996,0.1276906579732895
20960,1997,0.06718627363443375
20970,1998,0.05613149702548981
20980,1999,0.03404281660914421
20990,2000,0.1286228895187378
21000,2001,0.07426779717206955
21010,2002,0.5425881743431091
21020,2003,0.5639276504516602
21030,2004,0.15150858461856842
21040,2005,0.26664280891418457
21050,2006,0.2543490529060364
21060,2007,0.3374083936214447
21070,2008,0.5309966802597046
21080,2009,0.16893908381462097
21090,2010,0.05648902431130409
21100,2011,0.21823503077030182
21110,2012,0.17202802002429962
21120,2013,0.21614490449428558
21130,2014,1.4976118803024292
21140,2015,2.2173850536346436
21150,2016,0.07164691388607025
21160,2017,0.07070145756006241
21170,2018,0.20233085751533508
21180,2019,0.22107809782028198
21190,2020,0.09330255538225174
21200,2021,0.030048219487071037
21210,2022,0.11628837138414383
21220,2023,0.10355091094970703
21230,2024,0.089384526014328
21240,2025,0.11415060609579086
21250,2026,0.03729088604450226
21260,2027,0.034132834523916245
21270,2028,0.08588194847106934
21280,2029,0.10703084617853165
21290,2030,0.07155236601829529
21300,2031,0.09197913110256195
21310,2032,0.08208254724740982
21320,2033,0.01955173723399639
21330,2034,0.06440223753452301
21340,2035,0.10142791271209717
21350,2036,0.05334288254380226
21360,2037,2.552093505859375
21370,2038,0.2096685767173767
21380,2039,0.0336693599820137
21390,2040,0.08508177846670151
21400,2041,0.1159868836402893
21410,2042,0.06844422221183777
21420,2043,0.11186837404966354
21430,2044,0.13725274801254272
21440,2045,0.12443795800209045
21450,2046,0.10019378364086151
21460,2047,0.03617405146360397
21470,2048,0.11736050248146057
21480,2049,0.07147279381752014
21490,2050,0.06408758461475372
21500,2051,2.005023717880249
21510,2052,0.16627237200737
21520,2053,0.07440391927957535
21530,2054,0.4226088225841522
21540,2055,0.05835043638944626
21550,2056,0.2165064662694931
21560,2057,0.10174939036369324
21570,2058,0.5088285207748413
21580,2059,0.15350985527038574
21590,2060,0.08058108389377594
21600,2061,0.11068226397037506
21610,2062,0.03422991558909416
21620,2063,0.06647942960262299
21630,2064,0.03142022714018822
21640,2065,0.07980366051197052
21650,2066,0.1415911614894867
21660,2067,0.04258522391319275
21670,2068,0.058386556804180145
21680,2069,0.03787609934806824
21690,2070,0.01662702113389969
21700,2071,0.05006691813468933
21710,2072,0.22596429288387299
21720,2073,0.3650311827659607
21730,2074,0.04757644236087799
21740,2075,0.04442223161458969
21750,2076,0.09129340201616287
21760,2077,0.020070943981409073
21770,2078,0.10384298861026764
21780,2079,0.027463551610708237
21790,2080,0.039223186671733856
21800,2081,0.03263069689273834
21810,2082,0.053047798573970795
21820,2083,0.09543345868587494
21830,2084,0.10610031336545944
21840,2085,0.0915331095457077
21850,2086,0.04726285859942436
21860,2087,0.07028886675834656
21870,2088,0.03147640451788902
21880,2089,0.0329165942966938
21890,2090,0.14419738948345184
21900,2091,0.02771029621362686
21910,2092,0.0795091763138771
21920,2093,0.04340297356247902
21930,2094,0.1950588822364807
21940,2095,0.049621131271123886
21950,2096,0.045722249895334244
21960,2097,0.049943797290325165
21970,2098,0.03251567482948303
21980,2099,1.542543888092041
21990,2100,0.05015631392598152
22000,2101,0.07627459615468979
22010,2102,0.6219407916069031
22020,2103,0.25930774211883545
22030,2104,0.13610249757766724
22040,2105,0.12467612326145172
22050,2106,0.5024207234382629
22060,2107,0.46585214138031006
22070,2108,0.42768362164497375
22080,2109,0.1973695158958435
22090,2110,0.14531058073043823
22100,2111,2.018120527267456
22110,2112,0.3186492323875427
22120,2113,0.24654224514961243
22130,2114,0.1823364943265915
22140,2115,0.08157826960086823
22150,2116,0.05049702152609825
22160,2117,0.1849837750196457
22170,2118,0.2732290029525757
22180,2119,0.07726652175188065
22190,2120,0.2841129004955292
22200,2121,0.10328955948352814
22210,2122,0.053797610104084015
22220,2123,0.08336955308914185
22230,2124,0.0985623151063919
22240,2125,0.05339987948536873
22250,2126,0.12740586698055267
22260,2127,0.03439050540328026
22270,2128,0.07189728319644928
22280,2129,0.037984929978847504
22290,2130,0.14202836155891418
22300,2131,0.08074399828910828
22310,2132,0.053010690957307816
22320,2133,0.19492730498313904
22330,2134,0.05616215616464615
22340,2135,0.17847229540348053
22350,2136,0.13341321051120758
22360,2137,0.05060167983174324
22370,2138,0.26254361867904663
22380,2139,0.06872526556253433
22390,2140,0.12789463996887207
22400,2141,0.10295988619327545
22410,2142,0.14747169613838196
22420,2143,0.19683131575584412
22430,2144,0.1641492396593094
22440,2145,0.09292154014110565
22450,2146,0.10233157128095627
22460,2147,0.06365196406841278
22470,2148,0.0542144738137722
22480,2149,0.046936750411987305
22490,2150,0.06309573352336884
22500,2151,0.06952760368585587
22510,2152,0.0424572229385376
22520,2153,0.04913869872689247
22530,2154,0.16034595668315887
22540,2155,0.04352184385061264
22550,2156,0.07306157052516937
22560,2157,0.049375176429748535
22570,2158,0.0861598402261734
22580,2159,0.08402658253908157
22590,2160,0.15238913893699646
22600,2161,0.058134693652391434
22610,2162,0.04403481259942055
22620,2163,0.04137507826089859
22630,2164,0.0726722776889801
22640,2165,0.0489969402551651
22650,2166,0.033082906156778336
22660,2167,0.047333166003227234
22670,2168,0.0814923644065857
22680,2169,0.12021026015281677
22690,2170,0.031072640791535378
22700,2171,0.09143827855587006
22710,2172,0.0226551853120327
22720,2173,0.12103793025016785
22730,2174,0.08520904183387756
22740,2175,0.04022941365838051
22750,2176,0.03195531666278839
22760,2177,0.01654277741909027
22770,2178,0.1069779098033905
22780,2179,2.0567638874053955
22790,2180,0.02466793730854988
22800,2181,0.187181755900383
22810,2182,0.037891242653131485
22820,2183,0.0314103364944458
22830,2184,2.4168994426727295
22840,2185,0.05426700413227081
22850,2186,0.08211563527584076
22860,2187,0.049997903406620026
22870,2188,0.06520017981529236
22880,2189,0.2259257435798645
22890,2190,0.06620634347200394
22900,2191,0.08451223373413086
22910,2192,0.10782580077648163
22920,2193,0.03766706585884094
22930,2194,0.023967022076249123
22940,2195,0.04319068416953087
22950,2196,0.045747559517621994
22960,2197,0.05089417099952698
22970,2198,0.037748876959085464
22980,2199,0.06673533469438553
22990,2200,0.09416438639163971
23000,2201,0.23322296142578125
23010,2202,0.6415269374847412
23020,2203,0.33341044187545776
23030,2204,0.04670659080147743
23040,2205,0.1857469379901886
23050,2206,0.2526780962944031
23060,2207,0.34161075949668884
23070,2208,2.940492630004883
23080,2209,0.05725657939910889
23090,2210,2.3215792179107666
23100,2211,0.17485424876213074
23110,2212,0.39774733781814575
23120,2213,0.289669394493103
23130,2214,0.40588754415512085
23140,2215,0.17293916642665863
23150,2216,0.09240394085645676
23160,2217,0.2393317073583603
23170,2218,0.26229479908943176
23180,2219,0.18512073159217834
23190,2220,0.08578762412071228
23200,2221,0.08263611048460007
23210,2222,2.225376605987549
23220,2223,0.1843767762184143
23230,2224,0.23901775479316711
23240,2225,0.08388307690620422
23250,2226,0.19710701704025269
23260,2227,0.041026290506124496
23270,2228,0.12253333628177643
23280,2229,0.20719395577907562
23290,2230,0.16950716078281403
23300,2231,0.21641723811626434
23310,2232,0.05064919963479042
23320,2233,0.1336715966463089
23330,2234,0.06983970105648041
23340,2235,0.11591774970293045
23350,2236,0.10069194436073303
23360,2237,0.09307494014501572
23370,2238,0.03957906365394592
23380,2239,0.04670901969075203
23390,2240,0.07330617308616638
23400,2241,0.07552852481603622
23410,2242,0.0741213709115982
23420,2243,0.019709419459104538
23430,2244,0.09221132844686508
23440,2245,0.0280618779361248
23450,2246,0.057408567517995834
23460,2247,0.07835521548986435
23470,2248,0.036388713866472244
23480,2249,0.06166302040219307
23490,2250,0.099615179002285
23500,2251,0.06494717299938202
23510,2252,0.14952032268047333
23520,2253,0.051284123212099075
23530,2254,0.2257481962442398
23540,2255,0.08030395209789276
23550,2256,3.528428554534912
23560,2257,0.0995175838470459
23570,2258,0.05699435621500015
23580,2259,0.06747610121965408
23590,2260,0.08595284074544907
23600,2261,0.062473542988300323
23610,2262,0.07080595195293427
23620,2263,0.08352738618850708
23630,2264,0.05138405039906502
23640,2265,0.08362071216106415
23650,2266,0.18244045972824097
23660,2267,0.0705842673778534
23670,2268,0.039907876402139664
23680,2269,1.8440974950790405
23690,2270,0.12129221856594086
23700,2271,0.23348337411880493
23710,2272,0.030949756503105164
23720,2273,0.026411715894937515
23730,2274,0.360709547996521
23740,2275,0.09047559648752213
23750,2276,0.0841965526342392
23760,2277,0.26257792115211487
23770,2278,0.038313478231430054
23780,2279,0.04815419763326645
23790,2280,0.11178495734930038
23800,2281,0.11779944598674774
23810,2282,0.11296194791793823
23820,2283,0.22456197440624237
23830,2284,0.11757457256317139
23840,2285,0.03874361515045166
23850,2286,0.10761435329914093
23860,2287,0.06277894228696823
23870,2288,0.07225169241428375
23880,2289,0.0724092498421669
23890,2290,0.05594795197248459
23900,2291,0.062143340706825256
23910,2292,0.3075423240661621
23920,2293,0.07509633153676987
23930,2294,0.229834645986557
23940,2295,0.028452469035983086
23950,2296,0.06648804247379303
23960,2297,0.04432513564825058
23970,2298,0.20908524096012115
23980,2299,0.06780564785003662
23990,2300,0.047110121697187424
24000,2301,0.07288490235805511
24010,2302,0.7272651791572571
24020,2303,0.39221683144569397
24030,2304,0.09951233863830566
24040,2305,0.11050314456224442
24050,2306,0.31606325507164
24060,2307,0.459608793258667
24070,2308,3.256866216659546
24080,2309,0.07960319519042969
24090,2310,0.09011347591876984
24100,2311,0.2389628142118454
24110,2312,0.48606008291244507
24120,2313,0.18650680780410767
24130,2314,0.4091360867023468
24140,2315,0.08932779729366302
24150,2316,0.0920020043849945
24160,2317,0.24989216029644012
24170,2318,0.1699306070804596
24180,2319,0.2077958732843399
24190,2320,0.0829298123717308
24200,2321,0.09663210809230804
24210,2322,0.1702827513217926
24220,2323,0.12832608819007874
24230,2324,0.061050694435834885
24240,2325,0.0836576595902443
24250,2326,0.10630177706480026
24260,2327,0.13331663608551025
24270,2328,0.12800024449825287
24280,2329,0.089043527841568
24290,2330,0.06570209562778473
24300,2331,0.10457998514175415
24310,2332,0.04613373801112175
24320,2333,0.08870245516300201
24330,2334,0.050579238682985306
24340,2335,0.11796698719263077
24350,2336,0.03610619902610779
24360,2337,0.025766661390662193
24370,2338,1.9010134935379028
24380,2339,0.03311530500650406
24390,2340,0.0521082766354084
24400,2341,0.03863685950636864
24410,2342,0.052896250039339066
24420,2343,0.07085249572992325
24430,2344,0.06999270617961884
24440,2345,0.06464733183383942
24450,2346,0.05796932801604271
24460,2347,0.026604749262332916
24470,2348,0.013497848063707352
24480,2349,0.1074431911110878
24490,2350,0.3019963502883911
24500,2351,0.03413533419370651
24510,2352,0.14266304671764374
24520,2353,0.21486863493919373
24530,2354,0.08564486354589462
24540,2355,0.09869138151407242
24550,2356,0.047083161771297455
24560,2357,0.016014719381928444
24570,2358,0.07974381744861603
24580,2359,0.09274756908416748
24590,2360,0.06026885658502579
24600,2361,0.13635244965553284
24610,2362,0.041586607694625854
24620,2363,0.03236757218837738
24630,2364,0.04588521644473076
24640,2365,0.03293907269835472
24650,2366,0.0642322301864624
24660,2367,0.015007957816123962
24670,2368,3.047746419906616
24680,2369,0.01668204739689827
24690,2370,0.1600232720375061
24700,2371,2.934758186340332
24710,2372,0.03339850902557373
24720,2373,0.039482925087213516
24730,2374,0.04070872440934181
24740,2375,0.2069888710975647
24750,2376,0.07103659212589264
24760,2377,0.040711309760808945
24770,2378,0.0692521333694458
24780,2379,0.07857736945152283
24790,2380,0.1619919091463089
24800,2381,0.11286681890487671
24810,2382,0.022429052740335464
24820,2383,0.01539621315896511
24830,2384,0.031692542135715485
24840,2385,2.5301268100738525
24850,2386,0.3387519419193268
24860,2387,0.03208323195576668
24870,2388,0.017800215631723404
24880,2389,0.08261781185865402
24890,2390,0.017817270010709763
24900,2391,0.15341699123382568
24910,2392,0.04675556346774101
24920,2393,0.22735340893268585
24930,2394,0.06537799537181854
24940,2395,0.05765567719936371
24950,2396,0.03362442925572395
24960,2397,0.16088536381721497
24970,2398,0.06903429329395294
24980,2399,0.029010500758886337
24990,2400,0.15431921184062958
25000,2401,0.0981375128030777
25010,2402,0.5249857902526855
25020,2403,0.34642845392227173
25030,2404,0.515439510345459
25040,2405,0.15060323476791382
25050,2406,0.22781705856323242
25060,2407,0.2885594367980957
25070,2408,0.2634025812149048
25080,2409,0.2570674419403076
25090,2410,0.09561644494533539
25100,2411,0.17054630815982819
25110,2412,0.2544673681259155
25120,2413,0.24295268952846527
25130,2414,0.05923750251531601
25140,2415,0.1002926155924797
25150,2416,0.0840064138174057
25160,2417,0.11986847966909409
25170,2418,0.10718684643507004
25180,2419,0.03700212761759758
25190,2420,0.025108732283115387
25200,2421,0.01707949861884117
25210,2422,0.09876392781734467
25220,2423,0.3047701418399811
25230,2424,0.5491564273834229
25240,2425,0.2736256718635559
25250,2426,0.10845956206321716
25260,2427,0.09584495425224304
25270,2428,0.09062493592500687
25280,2429,0.08830089867115021
25290,2430,0.11755899339914322
25300,2431,0.015925515443086624
25310,2432,0.05869369953870773
25320,2433,0.21292497217655182
25330,2434,0.057300589978694916
25340,2435,0.20541685819625854
25350,2436,0.08895287662744522
25360,2437,0.08523498475551605
25370,2438,0.04539193585515022
25380,2439,0.12863923609256744
25390,2440,0.0922824814915657
25400,2441,0.052280575037002563
25410,2442,0.054697923362255096
25420,2443,0.35812175273895264
25430,2444,0.03092913329601288
25440,2445,0.07918126881122589
25450,2446,0.10719435662031174
25460,2447,0.29115602374076843
25470,2448,0.0957113578915596
25480,2449,0.251512348651886
25490,2450,0.024939343333244324
25500,2451,0.14656421542167664
25510,2452,0.03352845832705498
25520,2453,0.08413592725992203
25530,2454,0.05137806758284569
25540,2455,0.07249486446380615
25550,2456,0.19168488681316376
25560,2457,0.03311612457036972
25570,2458,0.07945596426725388
25580,2459,1.6493101119995117
25590,2460,0.11269214004278183
25600,2461,0.023939164355397224
25610,2462,0.1095418632030487
25620,2463,0.057709649205207825
25630,2464,0.20579293370246887
25640,2465,1.3923677206039429
25650,2466,0.07190598547458649
25660,2467,0.06384570151567459
25670,2468,0.08684547990560532
25680,2469,0.06935227662324905
25690,2470,0.1724914163351059
25700,2471,0.06441239267587662
25710,2472,0.11679558455944061
25720,2473,0.12487570941448212
25730,2474,0.11025192588567734
25740,2475,0.07222697883844376
25750,2476,0.16859190165996552
25760,2477,0.08564168214797974
25770,2478,0.14807213842868805
25780,2479,0.06326652318239212
25790,2480,0.09578277915716171
25800,2481,0.05146900564432144
25810,2482,0.0678507387638092
25820,2483,0.0230100154876709
25830,2484,0.02595820091664791
25840,2485,0.07024078071117401
25850,2486,0.11419116705656052
25860,2487,0.10618451237678528
25870,2488,0.05708463490009308
25880,2489,0.038002803921699524
25890,2490,0.49884548783302307
25900,2491,0.6806316375732422
25910,2492,0.14376461505889893
25920,2493,0.14410622417926788
25930,2494,0.04288703575730324
25940,2495,0.09862527251243591
25950,2496,0.17261581122875214
25960,2497,0.17506816983222961
25970,2498,0.25164490938186646
25980,2499,0.040371980518102646
25990,2500,0.07322400063276291
26000,2501,0.1053900495171547
26010,2502,0.5714747905731201
26020,2503,0.4508310854434967
26030,2504,0.08660334348678589
26040,2505,0.24360391497612
26050,2506,0.381261944770813
26060,2507,0.20516635477542877
26070,2508,0.31400248408317566
26080,2509,0.1957223266363144
26090,2510,0.09342274814844131
26100,2511,0.18135099112987518
26110,2512,0.22048312425613403
26120,2513,0.28533491492271423
26130,2514,0.09320422261953354
26140,2515,0.16315747797489166
26150,2516,0.16685323417186737
26160,2517,0.10813714563846588
26170,2518,0.03669179603457451
26180,2519,0.11261910945177078
26190,2520,0.12091889977455139
26200,2521,0.12286180257797241
26210,2522,0.09476184844970703
26220,2523,0.1919226199388504
26230,2524,0.36274752020835876
26240,2525,0.09373016655445099
26250,2526,0.05162811279296875
26260,2527,0.15190309286117554
26270,2528,0.3895631432533264
26280,2529,0.16106948256492615
26290,2530,0.18029579520225525
26300,2531,0.06783395260572433
26310,2532,0.12624788284301758
26320,2533,0.292827308177948
26330,2534,0.2924766540527344
26340,2535,0.12995514273643494
26350,2536,1.475832223892212
26360,2537,0.20225466787815094
26370,2538,0.0993669182062149
26380,2539,0.09059562534093857
26390,2540,0.09519392251968384
26400,2541,0.0821918323636055
26410,2542,0.12333348393440247
26420,2543,0.16790392994880676
26430,2544,0.40413859486579895
26440,2545,0.1487865149974823
26450,2546,0.39372482895851135
26460,2547,0.0852583795785904
26470,2548,4.635711669921875
26480,2549,0.2753351628780365
26490,2550,0.2213967740535736
26500,2551,0.16719543933868408
26510,2552,0.05259620025753975
26520,2553,3.412397623062134
26530,2554,0.13135676085948944
26540,2555,3.231168270111084
26550,2556,0.21906301379203796
26560,2557,0.23758085072040558
26570,2558,0.14406244456768036
26580,2559,0.5732144713401794
26590,2560,0.1254836618900299
26600,2561,0.14150705933570862
26610,2562,0.18130329251289368
26620,2563,0.10604869574308395
26630,2564,0.11246106028556824
26640,2565,0.2450897991657257
26650,2566,5.425538539886475
26660,2567,0.1366429328918457
26670,2568,0.19471637904644012
26680,2569,0.2748434841632843
26690,2570,0.1963069885969162
26700,2571,0.24358126521110535
26710,2572,0.48707571625709534
26720,2573,0.2881861925125122
26730,2574,0.28136754035949707
26740,2575,0.16525956988334656
26750,2576,0.11761966347694397
26760,2577,0.0731215700507164
26770,2578,0.1621437519788742
26780,2579,0.31004905700683594
26790,2580,0.22169016301631927
26800,2581,0.21972957253456116
26810,2582,0.2927652895450592
26820,2583,0.11112375557422638
26830,2584,0.5992698669433594
26840,2585,0.27575722336769104
26850,2586,0.1102796122431755
26860,2587,0.06396224349737167
26870,2588,0.05825630575418472
26880,2589,0.11644932627677917
26890,2590,0.13108070194721222
26900,2591,2.913292407989502
26910,2592,0.13441374897956848
26920,2593,0.11728931218385696
26930,2594,0.45051664113998413
26940,2595,0.07841366529464722
26950,2596,0.09388485550880432
26960,2597,0.13496513664722443
26970,2598,0.1357996165752411
26980,2599,0.05003267899155617
26990,2600,0.16633157432079315
27000,2601,0.16789987683296204
27010,2602,0.5416033864021301
27020,2603,0.3677366375923157
27030,2604,0.06485768407583237
27040,2605,0.19283950328826904
27050,2606,0.23164768517017365
27060,2607,0.36497965455055237
27070,2608,0.20262087881565094
27080,2609,0.17659884691238403
27090,2610,0.18701617419719696
27100,2611,0.2176813781261444
27110,2612,0.27404487133026123
27120,2613,0.17390412092208862
27130,2614,2.97196888923645
27140,2615,0.16487596929073334
27150,2616,0.28461652994155884
27160,2617,0.2325696349143982
27170,2618,0.28624165058135986
27180,2619,0.8860070705413818
27190,2620,0.10449185967445374
27200,2621,0.06833304464817047
27210,2622,0.5010684728622437
27220,2623,0.31356388330459595
27230,2624,0.162130668759346
27240,2625,0.2609506845474243
27250,2626,0.08271616697311401
27260,2627,0.08997056633234024
27270,2628,0.1257990151643753
27280,2629,0.3605448007583618
27290,2630,0.3247104585170746
27300,2631,3.2229902744293213
27310,2632,0.18092526495456696
27320,2633,0.11594319343566895
27330,2634,0.17774829268455505
27340,2635,0.3202527165412903
27350,2636,0.15539829432964325
27360,2637,0.05101259425282478
27370,2638,0.13915155827999115
27380,2639,0.03755348175764084
27390,2640,0.18833370506763458
27400,2641,4.257124900817871
27410,2642,0.06515228748321533
27420,2643,0.10105917602777481
27430,2644,0.25834399461746216
27440,2645,0.3504056930541992
27450,2646,0.15070000290870667
27460,2647,1.3634347915649414
27470,2648,0.09753503650426865
27480,2649,0.15140408277511597
27490,2650,0.12261364609003067
27500,2651,1.1733800172805786
27510,2652,0.1271679848432541
27520,2653,0.05233971029520035
27530,2654,0.1081591248512268
27540,2655,0.17250141501426697
27550,2656,0.11536286771297455
27560,2657,0.39530304074287415
27570,2658,0.05523187667131424
27580,2659,0.06584059447050095
27590,2660,0.23041024804115295
27600,2661,0.16654279828071594
27610,2662,0.17828303575515747
27620,2663,0.04050956293940544
27630,2664,0.06310957670211792
27640,2665,0.09648338705301285
27650,2666,0.05624173581600189
27660,2667,0.08810532093048096
27670,2668,0.317574143409729
27680,2669,0.10648345947265625
27690,2670,0.12183162569999695
27700,2671,0.14055480062961578
27710,2672,0.18681521713733673
27720,2673,0.17149493098258972
27730,2674,0.23479942977428436
27740,2675,0.15049126744270325
27750,2676,0.3487822115421295
27760,2677,0.048247940838336945
27770,2678,0.1278972327709198
27780,2679,0.09271080791950226
27790,2680,0.5357495546340942
27800,2681,0.142313614487648
27810,2682,0.04849108308553696
27820,2683,0.10627728700637817
27830,2684,0.05516471341252327
27840,2685,0.015051953494548798
27850,2686,0.058304570615291595
27860,2687,0.03521943837404251
27870,2688,0.07806983590126038
27880,2689,0.08514712750911713
27890,2690,0.158727765083313
27900,2691,0.03331872448325157
27910,2692,0.10207536071538925
27920,2693,0.21852684020996094
27930,2694,3.75325083732605
27940,2695,0.068600133061409
27950,2696,5.2905497550964355
27960,2697,2.418208122253418
27970,2698,0.09338566660881042
27980,2699,0.10035328567028046
27990,2700,0.08713314682245255
28000,2701,0.2326873242855072
28010,2702,0.5970215797424316
28020,2703,0.2841200828552246
28030,2704,0.09629188477993011
28040,2705,0.11624647676944733
28050,2706,0.2738736569881439
28060,2707,3.502330780029297
28070,2708,0.2038138210773468
28080,2709,0.158807635307312
28090,2710,0.22478008270263672
28100,2711,0.41330528259277344
28110,2712,3.10632061958313
28120,2713,0.19358035922050476
28130,2714,0.20423540472984314
28140,2715,0.2377961128950119
28150,2716,0.2652861475944519
28160,2717,0.32456061244010925
28170,2718,0.173892542719841
28180,2719,0.20975543558597565
28190,2720,0.05485963076353073
28200,2721,0.15109878778457642
28210,2722,0.22295275330543518
28220,2723,0.5321640968322754
28230,2724,0.15153196454048157
28240,2725,0.0963190421462059
28250,2726,0.12736989557743073
28260,2727,0.5835689306259155
28270,2728,0.10709764808416367
28280,2729,0.14673782885074615
28290,2730,0.08346668630838394
28300,2731,0.3403458297252655
28310,2732,0.20928797125816345
28320,2733,0.43070608377456665
28330,2734,0.11573726683855057
28340,2735,0.18093283474445343
28350,2736,3.5843260288238525
28360,2737,0.09308254718780518
28370,2738,0.1133454367518425
28380,2739,0.17695927619934082
28390,2740,0.0722980722784996
28400,2741,3.1910886764526367
28410,2742,0.049217432737350464
28420,2743,0.07943235337734222
28430,2744,0.2732923924922943
28440,2745,0.17482976615428925
28450,2746,0.15794584155082703
28460,2747,0.05952989310026169
28470,2748,1.7187467813491821
28480,2749,0.0827082172036171
28490,2750,0.24689263105392456
28500,2751,0.09602097421884537
28510,2752,0.29776129126548767
28520,2753,0.7204717993736267
28530,2754,0.13215839862823486
28540,2755,2.7768867015838623
28550,2756,0.18400141596794128
28560,2757,0.1920592486858368
28570,2758,0.1263510286808014
28580,2759,0.09154140949249268
28590,2760,1.6570755243301392
28600,2761,0.17975188791751862
28610,2762,0.18325278162956238
28620,2763,0.46991270780563354
28630,2764,2.7985050678253174
28640,2765,0.4827037453651428
28650,2766,0.1564929038286209
28660,2767,0.15928687155246735
28670,2768,0.2560242712497711
28680,2769,0.0796303078532219
28690,2770,0.3224366307258606
28700,2771,0.11916607618331909
28710,2772,0.040855683386325836
28720,2773,0.052704911679029465
28730,2774,0.3265509307384491
28740,2775,0.26214873790740967
28750,2776,0.06381656229496002
28760,2777,0.06955908238887787
28770,2778,0.14335840940475464
28780,2779,0.16943241655826569
28790,2780,0.11903967708349228
28800,2781,0.2491311877965927
28810,2782,0.217182457447052
28820,2783,0.9314279556274414
28830,2784,6.479879856109619
28840,2785,0.2343934029340744
28850,2786,0.3301776349544525
28860,2787,0.5173508524894714
28870,2788,0.41146233677864075
28880,2789,0.6638684868812561
28890,2790,0.5805067420005798
28900,2791,0.31085026264190674
28910,2792,0.5551556944847107
28920,2793,0.8880895376205444
28930,2794,2.7577741146087646
28940,2795,0.14225584268569946
28950,2796,0.15107758343219757
28960,2797,0.348812073469162
28970,2798,0.24963435530662537
28980,2799,0.20914344489574432
28990,2800,0.15259480476379395
29000,2801,0.5466065406799316
29010,2802,0.7232035398483276
29020,2803,0.3502407371997833
29030,2804,0.8789660334587097
29040,2805,0.1934848576784134
29050,2806,0.26023027300834656
29060,2807,0.29347485303878784
29070,2808,0.216166153550148
29080,2809,0.28734248876571655
29090,2810,0.11395763605833054
29100,2811,0.24555540084838867
29110,2812,0.9891102910041809
29120,2813,0.17578744888305664
29130,2814,0.10008256137371063
29140,2815,0.5539131760597229
29150,2816,0.20439201593399048
29160,2817,0.20411282777786255
29170,2818,0.3043116629123688
29180,2819,0.06040418893098831
29190,2820,0.21365752816200256
29200,2821,0.23110805451869965
29210,2822,0.10987533628940582
29220,2823,0.09214040637016296
29230,2824,0.30209866166114807
29240,2825,0.07716154307126999
29250,2826,0.052357614040374756
29260,2827,0.5845288038253784
29270,2828,0.5612509846687317
29280,2829,0.15754926204681396
29290,2830,0.39207980036735535
29300,2831,2.240673303604126
29310,2832,0.23546679317951202
29320,2833,0.22746330499649048
29330,2834,0.07381696999073029
29340,2835,0.4084983170032501
29350,2836,0.6574970483779907
29360,2837,0.2136944830417633
29370,2838,0.1342792958021164
29380,2839,0.13515803217887878
29390,2840,0.10468387603759766
29400,2841,0.18114036321640015
29410,2842,0.32527244091033936
29420,2843,0.2021089345216751
29430,2844,0.11875747889280319
29440,2845,0.15507781505584717
29450,2846,2.0182547569274902
29460,2847,0.1270151436328888
29470,2848,0.5056754946708679
29480,2849,0.20586887001991272
29490,2850,0.08286967873573303
29500,2851,0.05329988896846771
29510,2852,0.1509111523628235
29520,2853,0.11143940687179565
29530,2854,0.13027602434158325
29540,2855,0.2222771793603897
29550,2856,0.08668763190507889
29560,2857,0.5436311960220337
29570,2858,0.1737060844898224
29580,2859,0.1736661195755005
29590,2860,0.12451651692390442
29600,2861,0.26856327056884766
29610,2862,0.09408477693796158
29620,2863,0.1213904321193695
29630,2864,0.1524611860513687
29640,2865,0.11776425689458847
29650,2866,0.20847856998443604
29660,2867,0.10722477734088898
29670,2868,0.15684863924980164
29680,2869,0.18555861711502075
29690,2870,0.12117979675531387
29700,2871,0.22186043858528137
29710,2872,0.08976423740386963
29720,2873,0.1305145025253296
29730,2874,0.19966605305671692
29740,2875,0.15574663877487183
29750,2876,0.14522287249565125
29760,2877,0.10039159655570984
29770,2878,0.20137979090213776
29780,2879,1.4695234298706055
29790,2880,0.17656975984573364
29800,2881,0.07166396826505661
29810,2882,0.13905036449432373
29820,2883,0.16645818948745728
29830,2884,0.20817241072654724
29840,2885,0.17174769937992096
29850,2886,0.05068368837237358
29860,2887,0.06961559504270554
29870,2888,0.18803927302360535
29880,2889,0.15219537913799286
29890,2890,0.10994192212820053
29900,2891,0.11533173173666
29910,2892,0.05057806521654129
29920,2893,0.09545067697763443
29930,2894,0.1406058669090271
29940,2895,0.11600539088249207
29950,2896,4.074185371398926
29960,2897,0.21831180155277252
29970,2898,0.1545799821615219
29980,2899,0.10847901552915573
29990,2900,0.07907380908727646
30000,2901,0.09865400940179825
30010,2902,0.4366019368171692
30020,2903,0.2097046822309494
30030,2904,0.2852361798286438
30040,2905,0.42736127972602844
30050,2906,0.22735635936260223
30060,2907,3.654975652694702
30070,2908,0.10667107254266739
30080,2909,0.6955376267433167
30090,2910,0.1305093616247177
30100,2911,0.5096607804298401
30110,2912,0.28946274518966675
30120,2913,0.18929524719715118
30130,2914,0.3577826917171478
30140,2915,0.0474703311920166
30150,2916,0.1585061103105545
30160,2917,0.2058575302362442
30170,2918,0.17651447653770447
30180,2919,1.3964192867279053
30190,2920,0.25314614176750183
30200,2921,0.16136924922466278
30210,2922,0.1962059736251831
30220,2923,0.6452115774154663
30230,2924,0.30910512804985046
30240,2925,0.28745022416114807
30250,2926,0.13793526589870453
30260,2927,0.08669192343950272
30270,2928,0.20139673352241516
30280,2929,0.23012438416481018
30290,2930,0.0661330297589302
30300,2931,0.22929918766021729
30310,2932,0.2381526380777359
30320,2933,0.2915806174278259
30330,2934,0.14480885863304138
30340,2935,0.2725614309310913
30350,2936,0.14835277199745178
30360,2937,0.24407875537872314
30370,2938,0.12791955471038818
30380,2939,0.18084603548049927
30390,2940,0.35824304819107056
30400,2941,0.1078302413225174
30410,2942,0.07354047894477844
30420,2943,0.10505753755569458
30430,2944,0.1789916455745697
30440,2945,0.310920387506485
30450,2946,5.849444389343262
30460,2947,0.20569410920143127
30470,2948,0.21143542230129242
30480,2949,0.4301287829875946
30490,2950,0.06724559515714645
30500,2951,0.162339448928833
30510,2952,0.7184187173843384
30520,2953,0.17959880828857422
30530,2954,0.1270803064107895
30540,2955,0.19265349209308624
30550,2956,0.31335094571113586
30560,2957,0.11792051792144775
30570,2958,0.8175746202468872
30580,2959,0.18883702158927917
30590,2960,0.06729983538389206
30600,2961,0.4139692783355713
30610,2962,0.13191109895706177
30620,2963,0.3582060933113098
30630,2964,0.13469092547893524
30640,2965,0.6807823777198792
30650,2966,0.21395865082740784
30660,2967,0.16722525656223297
30670,2968,0.11607157438993454
30680,2969,0.10686643421649933
30690,2970,0.1355479657649994
30700,2971,0.16198605298995972
30710,2972,0.09396608918905258
30720,2973,0.06801440566778183
30730,2974,0.21051006019115448
30740,2975,0.18889188766479492
30750,2976,0.08308913558721542
30760,2977,0.24263814091682434
30770,2978,0.57526034116745
30780,2979,0.10574270784854889
30790,2980,0.37300559878349304
30800,2981,0.07981958240270615
30810,2982,6.112482070922852
30820,2983,0.13950398564338684
30830,2984,0.22134089469909668
30840,2985,0.8341494798660278
30850,2986,0.09167054295539856
30860,2987,0.42618119716644287
30870,2988,0.3219722807407379
30880,2989,0.33485108613967896
30890,2990,0.3764309883117676
30900,2991,0.14286045730113983
30910,2992,0.17078107595443726
30920,2993,0.14505335688591003
30930,2994,0.1578768789768219
30940,2995,0.2272876501083374
30950,2996,0.24663923680782318
30960,2997,0.47324642539024353
30970,2998,0.08628179877996445
30980,2999,0.037574898451566696
30990,3000,0.07920438796281815
31000,3001,0.1958153247833252
31010,3002,0.5676869750022888
31020,3003,0.32449838519096375
31030,3004,0.42273402214050293
31040,3005,0.18695558607578278
31050,3006,0.5429108142852783
31060,3007,0.27038252353668213
31070,3008,0.520363450050354
31080,3009,0.12330843508243561
31090,3010,0.22564980387687683
31100,3011,0.2550605535507202
31110,3012,0.23919837176799774
31120,3013,0.15658670663833618
31130,3014,0.1153842955827713
31140,3015,0.17544029653072357
31150,3016,0.21058692038059235
31160,3017,0.10614228248596191
31170,3018,0.21197877824306488
31180,3019,0.0597362220287323
31190,3020,0.4761297106742859
31200,3021,0.27959904074668884
31210,3022,0.22661209106445312
31220,3023,0.1814669668674469
31230,3024,0.2636648416519165
31240,3025,0.08601410686969757
31250,3026,0.16395902633666992
31260,3027,0.19928611814975739
31270,3028,0.2341010868549347
31280,3029,0.06167719513177872
31290,3030,5.22930908203125
31300,3031,0.07052449136972427
31310,3032,0.12914414703845978
31320,3033,0.6911224126815796
31330,3034,0.11373421549797058
31340,3035,0.08442247658967972
31350,3036,0.6734300255775452
31360,3037,0.10117383301258087
31370,3038,0.14897389709949493
31380,3039,0.24633806943893433
31390,3040,0.4024506211280823
31400,3041,0.4473138153553009
31410,3042,0.19936098158359528
31420,3043,0.1724083423614502
31430,3044,1.5915684700012207
31440,3045,0.1564677208662033
31450,3046,0.16987797617912292
31460,3047,0.24043479561805725
31470,3048,0.47227659821510315
31480,3049,0.11356356739997864
31490,3050,0.19940592348575592
31500,3051,3.91166353225708
31510,3052,0.17175014317035675
31520,3053,0.1014259085059166
31530,3054,0.2206500917673111
31540,3055,0.14871767163276672
31550,3056,0.17849230766296387
31560,3057,0.07180345803499222
31570,3058,0.13659313321113586
31580,3059,0.2556232213973999
31590,3060,0.221983402967453
31600,3061,0.29035261273384094
31610,3062,0.8121240139007568
31620,3063,0.3124304413795471
31630,3064,0.2301429957151413
31640,3065,0.19133977591991425
31650,3066,0.259738951921463
31660,3067,0.11758755147457123
31670,3068,0.35606855154037476
31680,3069,0.14159972965717316
31690,3070,0.2268373668193817
31700,3071,0.10205062478780746
31710,3072,0.06147642433643341
31720,3073,0.1148078665137291
31730,3074,3.8182826042175293
31740,3075,6.899145126342773
31750,3076,0.09225639700889587
31760,3077,0.17383155226707458
31770,3078,0.3181518018245697
31780,3079,0.1546308398246765
31790,3080,1.06946861743927
31800,3081,0.1211332380771637
31810,3082,0.16868595778942108
31820,3083,0.44171205163002014
31830,3084,0.506850004196167
31840,3085,0.19870102405548096
31850,3086,0.1297539919614792
31860,3087,0.21597765386104584
31870,3088,0.44185757637023926
31880,3089,0.256144642829895
31890,3090,0.2564109265804291
31900,3091,0.12404479086399078
31910,3092,0.06308571249246597
31920,3093,0.2286662757396698
31930,3094,0.14616571366786957
31940,3095,0.15506266057491302
31950,3096,0.7349261045455933
31960,3097,0.24470534920692444
31970,3098,0.36630019545555115
31980,3099,0.27058690786361694
31990,3100,0.19394703209400177
32000,3101,0.20377621054649353
32010,3102,0.9103970527648926
32020,3103,0.32253947854042053
32030,3104,0.10854508727788925
32040,3105,0.13372983038425446
32050,3106,0.647915780544281
32060,3107,0.4312376379966736
32070,3108,0.31286555528640747
32080,3109,0.26761069893836975
32090,3110,0.49175965785980225
32100,3111,0.41923344135284424
32110,3112,0.3293757438659668
32120,3113,0.4515936076641083
32130,3114,0.25037121772766113
32140,3115,0.3910702168941498
32150,3116,0.4880032539367676
32160,3117,0.39801642298698425
32170,3118,0.8429445624351501
32180,3119,0.30190712213516235
32190,3120,0.16802473366260529
32200,3121,0.22347350418567657
32210,3122,0.6415598392486572
32220,3123,0.28752487897872925
32230,3124,0.12914112210273743
32240,3125,0.28647494316101074
32250,3126,0.13706782460212708
32260,3127,0.3080151081085205
32270,3128,0.06842518597841263
32280,3129,3.7209222316741943
32290,3130,0.49068552255630493
32300,3131,0.27147427201271057
32310,3132,0.35445156693458557
32320,3133,0.1642417162656784
32330,3134,0.09506732225418091
32340,3135,0.23783700168132782
32350,3136,0.2870054543018341
32360,3137,0.6350744962692261
32370,3138,5.979451656341553
32380,3139,0.3137519359588623
32390,3140,0.21528618037700653
32400,3141,0.2799651622772217
32410,3142,0.3052479922771454
32420,3143,6.713241100311279
32430,3144,0.12752938270568848
32440,3145,0.13148467242717743
32450,3146,0.33091697096824646
32460,3147,0.2779238820075989
32470,3148,0.6573926210403442
32480,3149,0.34353262186050415
32490,3150,0.16649410128593445
32500,3151,0.19660280644893646
32510,3152,9.521265983581543
32520,3153,0.304916113615036
32530,3154,0.2253343015909195
32540,3155,0.13045305013656616
32550,3156,0.11512669175863266
32560,3157,0.3889562487602234
32570,3158,0.306321382522583
32580,3159,0.06388671696186066
32590,3160,0.2098868191242218
32600,3161,0.1594465672969818
32610,3162,3.218883752822876
32620,3163,0.14068429172039032
32630,3164,2.9379003047943115
32640,3165,0.20494650304317474
32650,3166,0.9708752632141113
32660,3167,0.28719890117645264
32670,3168,0.32387101650238037
32680,3169,0.2559283673763275
32690,3170,4.51613712310791
32700,3171,2.2890408039093018
32710,3172,0.1921534538269043
32720,3173,0.2746707499027252
32730,3174,0.4077742099761963
32740,3175,0.12347966432571411
32750,3176,0.795927882194519
32760,3177,0.4269050359725952
32770,3178,0.19908681511878967
32780,3179,0.5038512349128723
32790,3180,0.4073760211467743
32800,3181,0.10417837649583817
32810,3182,0.5043436884880066
32820,3183,4.022861003875732
32830,3184,0.22101198136806488
32840,3185,0.6532290577888489
32850,3186,0.3928583562374115
32860,3187,0.25414779782295227
32870,3188,0.14749369025230408
32880,3189,0.1923784762620926
32890,3190,0.2379942685365677
32900,3191,0.3178419768810272
32910,3192,0.21672391891479492
32920,3193,0.15143448114395142
32930,3194,0.07964662462472916
32940,3195,0.16124683618545532
32950,3196,0.23374110460281372
32960,3197,0.17060792446136475
32970,3198,0.13039080798625946
32980,3199,0.30936044454574585
32990,3200,0.1171816810965538
33000,3201,0.4963982105255127
33010,3202,0.7537850737571716
33020,3203,0.3731010854244232
33030,3204,0.22661444544792175
33040,3205,0.21416544914245605
33050,3206,0.7907695174217224
33060,3207,0.7179690003395081
33070,3208,0.22481603920459747
33080,3209,0.829564094543457
33090,3210,3.1731317043304443
33100,3211,0.8132661581039429
33110,3212,0.7098345160484314
33120,3213,0.3381517231464386
33130,3214,0.260165274143219
33140,3215,0.13197475671768188
33150,3216,0.22950325906276703
33160,3217,0.2245151400566101
33170,3218,0.24052545428276062
33180,3219,0.15698222815990448
33190,3220,0.20519444346427917
33200,3221,0.43393105268478394
33210,3222,0.1724904626607895
33220,3223,0.09004300087690353
33230,3224,0.1063152402639389
33240,3225,0.11788852512836456
33250,3226,0.16875672340393066
33260,3227,0.1705847978591919
33270,3228,0.3244273066520691
33280,3229,5.888539791107178
33290,3230,0.2210901379585266
33300,3231,0.2703900933265686
33310,3232,0.30527275800704956
33320,3233,0.12466968595981598
33330,3234,0.1560216248035431
33340,3235,0.551272988319397
33350,3236,0.4357083737850189
33360,3237,0.12301374226808548
33370,3238,0.08134805411100388
33380,3239,0.06299013644456863
33390,3240,0.1986706405878067
33400,3241,0.3008965849876404
33410,3242,0.24039706587791443
33420,3243,0.21548941731452942
33430,3244,0.1927611380815506
33440,3245,0.3279942274093628
33450,3246,0.2726671099662781
33460,3247,4.227495193481445
33470,3248,0.2575981914997101
33480,3249,0.2014847695827484
33490,3250,0.23128634691238403
33500,3251,0.17022615671157837
33510,3252,0.17763441801071167
33520,3253,0.26387250423431396
33530,3254,0.5296133160591125
33540,3255,0.0639968141913414
33550,3256,0.1714060753583908
33560,3257,6.317780494689941
33570,3258,0.3926929831504822
33580,3259,1.5394772291183472
33590,3260,4.285240650177002
33600,3261,0.11321090906858444
33610,3262,0.1929072141647339
33620,3263,0.2257346361875534
33630,3264,0.2874040901660919
33640,3265,0.24616263806819916
33650,3266,0.09977468848228455
33660,3267,0.49986106157302856
33670,3268,0.14779715240001678
33680,3269,0.07681763172149658
33690,3270,0.15982066094875336
33700,3271,0.2545541822910309
33710,3272,0.3062301278114319
33720,3273,0.5031656622886658
33730,3274,0.5263607501983643
33740,3275,0.17791086435317993
33750,3276,0.4037247598171234
33760,3277,0.48847243189811707
33770,3278,0.10009016841650009
33780,3279,0.20853689312934875
33790,3280,0.39460641145706177
33800,3281,0.15089020133018494
33810,3282,0.1680305451154709
33820,3283,0.2382032722234726
33830,3284,0.1415703445672989
33840,3285,0.10845962166786194
33850,3286,0.39373576641082764
33860,3287,0.1403224915266037
33870,3288,0.2895973026752472
33880,3289,3.4403014183044434
33890,3290,0.2644968032836914
33900,3291,0.16923749446868896
33910,3292,0.2509659230709076
33920,3293,0.12072330713272095
33930,3294,0.0645119771361351
33940,3295,0.07889148592948914
33950,3296,0.0784994512796402
33960,3297,0.05181516334414482
33970,3298,0.036116212606430054
33980,3299,0.11604075133800507
33990,3300,0.06846306473016739
34000,3301,0.26058194041252136
34010,3302,0.5266197919845581
34020,3303,0.3245995342731476
34030,3304,4.5074334144592285
34040,3305,0.8084424734115601
34050,3306,2.2131824493408203
34060,3307,0.22855842113494873
34070,3308,0.3151858448982239
34080,3309,0.4462577700614929
34090,3310,0.5964284539222717
34100,3311,1.0564430952072144
34110,3312,0.7525938749313354
34120,3313,0.3796538710594177
34130,3314,0.2645288407802582
34140,3315,0.401714026927948
34150,3316,0.5473489165306091
34160,3317,0.3022056818008423
34170,3318,0.7302085161209106
34180,3319,0.2719283998012543
34190,3320,0.29976582527160645
34200,3321,0.3745579421520233
34210,3322,0.20647946000099182
34220,3323,0.1877204179763794
34230,3324,0.5083898305892944
34240,3325,0.3844016194343567
34250,3326,0.2891903221607208
34260,3327,0.2967728078365326
34270,3328,0.2542698383331299
34280,3329,0.1873599737882614
34290,3330,0.3281034231185913
34300,3331,0.2170538306236267
34310,3332,0.10350199788808823
34320,3333,5.497151851654053
34330,3334,0.1936335265636444
34340,3335,0.20871517062187195
34350,3336,0.3412504196166992
34360,3337,0.32654663920402527
34370,3338,0.3801013231277466
34380,3339,0.18161964416503906
34390,3340,5.242333889007568
34400,3341,0.24749013781547546
34410,3342,1.324682354927063
34420,3343,0.22404663264751434
34430,3344,0.13810032606124878
34440,3345,0.3797980546951294
34450,3346,0.4307132661342621
34460,3347,0.41861453652381897
34470,3348,0.3674875795841217
34480,3349,0.5730210542678833
34490,3350,0.24159222841262817
34500,3351,0.40735936164855957
34510,3352,0.39867815375328064
34520,3353,0.4673330783843994
34530,3354,0.5567286610603333
34540,3355,0.4125923812389374
34550,3356,1.4992945194244385
34560,3357,0.22581934928894043
34570,3358,0.722561240196228
34580,3359,0.420620858669281
34590,3360,0.28909799456596375
34600,3361,0.14903153479099274
34610,3362,0.26296329498291016
34620,3363,0.20221781730651855
34630,3364,0.25673386454582214
34640,3365,0.2540208399295807
34650,3366,0.1858435720205307
34660,3367,0.07105717062950134
34670,3368,0.2555153965950012
34680,3369,0.18404050171375275
34690,3370,0.7208163738250732
34700,3371,0.6736509203910828
34710,3372,0.22723504900932312
34720,3373,0.26068782806396484
34730,3374,3.092879295349121
34740,3375,0.18193919956684113
34750,3376,3.8025472164154053
34760,3377,0.31329381465911865
34770,3378,0.147823303937912
34780,3379,0.15010151267051697
34790,3380,0.1716529130935669
34800,3381,0.1522294580936432
34810,3382,0.4479406774044037
34820,3383,0.21408388018608093
34830,3384,0.18964727222919464
34840,3385,0.21263942122459412
34850,3386,0.7662981748580933
34860,3387,0.39288216829299927
34870,3388,0.10029608011245728
34880,3389,0.20696640014648438
34890,3390,0.21965518593788147
34900,3391,0.20151007175445557
34910,3392,0.2214752584695816
34920,3393,0.16998553276062012
34930,3394,0.15658214688301086
34940,3395,0.17770281434059143
34950,3396,0.201705664396286
34960,3397,0.13432587683200836
34970,3398,0.2972726821899414
34980,3399,0.19346019625663757
34990,3400,0.27346402406692505
35000,3401,0.1715260148048401
35010,3402,0.3430638015270233
35020,3403,0.4269428551197052
35030,3404,0.3414059579372406
35040,3405,0.38124141097068787
35050,3406,0.507023274898529
35060,3407,0.21847864985466003
35070,3408,0.18003685772418976
35080,3409,0.18432404100894928
35090,3410,0.22274614870548248
35100,3411,0.199432834982872
35110,3412,0.19850966334342957
35120,3413,0.2228778451681137
35130,3414,0.19358447194099426
35140,3415,0.5543330907821655
35150,3416,0.14718608558177948
35160,3417,0.15994156897068024
35170,3418,0.23934587836265564
35180,3419,0.22850416600704193
35190,3420,3.7406435012817383
35200,3421,0.09776648879051208
35210,3422,0.12950117886066437
35220,3423,0.5038288235664368
35230,3424,0.10297654569149017
35240,3425,0.5349311828613281
35250,3426,0.38448596000671387
35260,3427,0.40194448828697205
35270,3428,0.3654147982597351
35280,3429,0.5777685046195984
35290,3430,0.094621442258358
35300,3431,0.13316941261291504
35310,3432,0.18956460058689117
35320,3433,0.1221935898065567
35330,3434,0.34921994805336
35340,3435,0.1270412653684616
35350,3436,0.09786787629127502
35360,3437,0.2756243646144867
35370,3438,0.12484055012464523
35380,3439,0.35095909237861633
35390,3440,0.07421214878559113
35400,3441,0.19049851596355438
35410,3442,7.371213912963867
35420,3443,0.5206170678138733
35430,3444,1.1000189781188965
35440,3445,0.3301122784614563
35450,3446,0.17016907036304474
35460,3447,0.15246039628982544
35470,3448,0.19178390502929688
35480,3449,0.23932643234729767
35490,3450,0.06609927117824554
35500,3451,0.3287147581577301
35510,3452,3.8177602291107178
35520,3453,0.1974409818649292
35530,3454,0.2541945278644562
35540,3455,0.22112053632736206
35550,3456,0.6001243591308594
35560,3457,3.504066228866577
35570,3458,0.1712653785943985
35580,3459,0.20901653170585632
35590,3460,0.2160871922969818
35600,3461,0.3729131817817688
35610,3462,0.3393153250217438
35620,3463,0.2623111605644226
35630,3464,0.40095528960227966
35640,3465,1.1743720769882202
35650,3466,1.4088162183761597
35660,3467,0.3498059809207916
35670,3468,0.33612099289894104
35680,3469,0.3485892713069916
35690,3470,0.2332550436258316
35700,3471,0.20178864896297455
35710,3472,1.1950178146362305
35720,3473,0.32052087783813477
35730,3474,0.40433764457702637
35740,3475,0.20999395847320557
35750,3476,7.223567485809326
35760,3477,0.39183568954467773
35770,3478,0.6023797988891602
35780,3479,0.626967191696167
35790,3480,0.21991616487503052
35800,3481,0.4010329842567444
35810,3482,0.20157389342784882
35820,3483,0.34030383825302124
35830,3484,0.21093392372131348
35840,3485,0.1644575446844101
35850,3486,0.4701072573661804
35860,3487,0.2785080671310425
35870,3488,0.5774000287055969
35880,3489,0.24387626349925995
35890,3490,0.4431963562965393
35900,3491,0.34644633531570435
35910,3492,0.3933121860027313
35920,3493,6.145947456359863
35930,3494,0.33422979712486267
35940,3495,0.13104285299777985
35950,3496,5.635590076446533
35960,3497,0.36572206020355225
35970,3498,0.4076264500617981
35980,3499,0.2067442685365677
35990,3500,0.20538760721683502
36000,3501,0.13301193714141846
36010,3502,0.9972895979881287
36020,3503,0.5790128707885742
36030,3504,0.3026820421218872
36040,3505,0.26074790954589844
36050,3506,0.4614185094833374
36060,3507,0.5465019941329956
36070,3508,0.34587445855140686
36080,3509,0.2816163897514343
36090,3510,0.18235448002815247
36100,3511,0.22343367338180542
36110,3512,1.9931652545928955
36120,3513,0.15600186586380005
36130,3514,0.03825738653540611
36140,3515,0.291619211435318
36150,3516,0.08886869251728058
36160,3517,0.3469236493110657
36170,3518,0.3033829629421234
36180,3519,0.30783528089523315
36190,3520,0.28592169284820557
36200,3521,3.8934988975524902
36210,3522,0.3115813732147217
36220,3523,0.22463582456111908
36230,3524,0.683819591999054
36240,3525,0.46153032779693604
36250,3526,0.7896086573600769
36260,3527,0.15911072492599487
36270,3528,0.21313758194446564
36280,3529,0.35393476486206055
36290,3530,0.6143694519996643
36300,3531,0.6959920525550842
36310,3532,5.974149227142334
36320,3533,3.452617883682251
36330,3534,0.32384783029556274
36340,3535,0.48179692029953003
36350,3536,0.2473323941230774
36360,3537,0.228578120470047
36370,3538,0.1948874443769455
36380,3539,2.8647544384002686
36390,3540,0.168845072388649
36400,3541,0.14957016706466675
36410,3542,0.3231180012226105
36420,3543,0.1499481052160263
36430,3544,0.23725709319114685
36440,3545,0.775560736656189
36450,3546,0.40630897879600525
36460,3547,0.42463403940200806
36470,3548,2.54538631439209
36480,3549,0.16216591000556946
36490,3550,0.2690933644771576
36500,3551,0.17910583317279816
36510,3552,0.07055982947349548
36520,3553,0.04608045145869255
36530,3554,0.09152140468358994
36540,3555,0.3354867100715637
36550,3556,0.2696164548397064
36560,3557,0.5679594278335571
36570,3558,1.8213672637939453
36580,3559,0.6965994238853455
36590,3560,0.31324502825737
36600,3561,0.27756839990615845
36610,3562,0.2277914583683014
36620,3563,0.43797653913497925
36630,3564,0.6020858287811279
36640,3565,0.169585183262825
36650,3566,0.06444275379180908
36660,3567,0.1591111272573471
36670,3568,0.45870906114578247
36680,3569,0.30900049209594727
36690,3570,0.09619346261024475
36700,3571,0.4170268177986145
36710,3572,0.15604621171951294
36720,3573,0.22559867799282074
36730,3574,0.16686750948429108
36740,3575,0.1807878017425537
36750,3576,0.30592605471611023
36760,3577,0.11088137328624725
36770,3578,0.29499348998069763
36780,3579,0.23700404167175293
36790,3580,3.625253677368164
36800,3581,0.1592191755771637
36810,3582,1.2436559200286865
36820,3583,1.635259985923767
36830,3584,0.9022486209869385
36840,3585,0.22116969525814056
36850,3586,0.19019877910614014
36860,3587,0.29138246178627014
36870,3588,0.2914600372314453
36880,3589,6.979300022125244
36890,3590,0.3282588720321655
36900,3591,0.2477649748325348
36910,3592,0.5470516085624695
36920,3593,0.18297646939754486
36930,3594,0.34440478682518005
36940,3595,0.2928514778614044
36950,3596,0.247023344039917
36960,3597,0.11627291142940521
36970,3598,5.921602725982666
36980,3599,0.31338801980018616
36990,3600,9.138532638549805
37000,3601,0.4712051451206207
37010,3602,0.5719543695449829
37020,3603,0.4423317015171051
37030,3604,0.38729536533355713
37040,3605,0.2289019525051117
37050,3606,0.5464152097702026
37060,3607,0.42434537410736084
37070,3608,0.8070281147956848
37080,3609,0.48849132657051086
37090,3610,0.6253820061683655
37100,3611,0.9129641056060791
37110,3612,0.3494702875614166
37120,3613,0.6435519456863403
37130,3614,0.3354044556617737
37140,3615,0.1216694563627243
37150,3616,0.19838440418243408
37160,3617,0.25613778829574585
37170,3618,0.2709903120994568
37180,3619,0.5068719387054443
37190,3620,0.1285669356584549
37200,3621,0.20369857549667358
37210,3622,6.474127292633057
37220,3623,0.15510602295398712
37230,3624,0.5672899484634399
37240,3625,1.0566632747650146
37250,3626,0.2947375476360321
37260,3627,6.18782901763916
37270,3628,0.311370313167572
37280,3629,0.45581480860710144
37290,3630,0.26963376998901367
37300,3631,0.877703070640564
37310,3632,0.3848217725753784
37320,3633,0.3056063950061798
37330,3634,0.3200569152832031
37340,3635,0.3340802490711212
37350,3636,0.3215882182121277
37360,3637,0.3379913568496704
37370,3638,0.37862059473991394
37380,3639,0.1699948012828827
37390,3640,3.9036624431610107
37400,3641,0.6001922488212585
37410,3642,3.0100297927856445
37420,3643,0.3277289867401123
37430,3644,0.1726524531841278
37440,3645,0.2713049650192261
37450,3646,0.3365204632282257
37460,3647,0.22956110537052155
37470,3648,0.7938314080238342
37480,3649,0.25044646859169006
37490,3650,0.3550960421562195
37500,3651,5.675282001495361
37510,3652,0.26122424006462097
37520,3653,0.15624703466892242
37530,3654,0.38806456327438354
37540,3655,0.21887578070163727
37550,3656,0.31142285466194153
37560,3657,0.18461894989013672
37570,3658,0.3921937048435211
37580,3659,0.3405700922012329
37590,3660,0.5986853241920471
37600,3661,0.3651544153690338
37610,3662,0.14316242933273315
37620,3663,0.3318617641925812
37630,3664,0.5855150818824768
37640,3665,0.36974576115608215
37650,3666,0.17197605967521667
37660,3667,0.271003395318985
37670,3668,0.3502182960510254
37680,3669,0.36938273906707764
37690,3670,0.23820152878761292
37700,3671,1.3814239501953125
37710,3672,0.1706574559211731
37720,3673,4.140909194946289
37730,3674,0.239718496799469
37740,3675,0.2603244483470917
37750,3676,2.6373727321624756
37760,3677,0.37339794635772705
37770,3678,3.125338554382324
37780,3679,5.145292282104492
37790,3680,0.41204220056533813
37800,3681,0.5223873853683472
37810,3682,0.5416309833526611
37820,3683,0.5574848651885986
37830,3684,0.25010383129119873
37840,3685,0.21898780763149261
37850,3686,0.6168025732040405
37860,3687,0.2841121256351471
37870,3688,0.38649284839630127
37880,3689,0.29945242404937744
37890,3690,0.11640845239162445
37900,3691,0.20020663738250732
37910,3692,2.3729326725006104
37920,3693,0.6153396368026733
37930,3694,0.3948253393173218
37940,3695,0.5490007996559143
37950,3696,0.40009546279907227
37960,3697,0.25156351923942566
37970,3698,0.3850255012512207
37980,3699,0.29136550426483154
37990,3700,0.6648407578468323
38000,3701,0.16758538782596588
38010,3702,1.1445573568344116
38020,3703,0.5401048064231873
38030,3704,0.64695143699646
38040,3705,0.3873775005340576
38050,3706,0.4986867904663086
38060,3707,0.4714094400405884
38070,3708,0.5786730051040649
38080,3709,0.27032652497291565
38090,3710,0.16845294833183289
38100,3711,0.24121898412704468
38110,3712,0.2283257246017456
38120,3713,0.3849393129348755
38130,3714,0.12045055627822876
38140,3715,0.2976795732975006
38150,3716,0.3286629617214203
38160,3717,0.31653618812561035
38170,3718,2.305691719055176
38180,3719,0.29375413060188293
38190,3720,0.19583532214164734
38200,3721,0.40112125873565674
38210,3722,0.2536580264568329
38220,3723,0.2104828655719757
38230,3724,0.23418106138706207
38240,3725,0.21409228444099426
38250,3726,0.20179471373558044
38260,3727,0.31594449281692505
38270,3728,0.1959628164768219
38280,3729,0.670047402381897
38290,3730,0.5333496928215027
38300,3731,0.3261893391609192
38310,3732,0.11519365012645721
38320,3733,0.624855637550354
38330,3734,0.33608388900756836
38340,3735,0.3633466958999634
38350,3736,0.18377827107906342
38360,3737,0.3965804874897003
38370,3738,0.3154885470867157
38380,3739,0.1493491679430008
38390,3740,3.189206123352051
38400,3741,0.12433964759111404
38410,3742,0.3035697340965271
38420,3743,0.26638081669807434
38430,3744,4.110190391540527
38440,3745,0.11128738522529602
38450,3746,0.23632986843585968
38460,3747,0.45491233468055725
38470,3748,0.38964059948921204
38480,3749,0.5445980429649353
38490,3750,0.6480236649513245
38500,3751,0.2132144272327423
38510,3752,3.3309905529022217
38520,3753,0.2771024703979492
38530,3754,0.40323978662490845
38540,3755,0.11785364151000977
38550,3756,0.13074138760566711
38560,3757,0.21215519309043884
38570,3758,0.8891837000846863
38580,3759,0.4911951422691345
38590,3760,0.14253617823123932
38600,3761,0.28363385796546936
38610,3762,0.1784793883562088
38620,3763,0.268398642539978
38630,3764,0.21313776075839996
38640,3765,0.37669509649276733
38650,3766,0.10679929703474045
38660,3767,0.047207627445459366
38670,3768,0.07893838733434677
38680,3769,0.6469231247901917
38690,3770,0.42930868268013
38700,3771,0.5110968947410583
38710,3772,0.8290475606918335
38720,3773,0.16658100485801697
38730,3774,0.4492915868759155
38740,3775,0.051126062870025635
38750,3776,0.4354282021522522
38760,3777,0.4740050733089447
38770,3778,0.18760879337787628
38780,3779,0.16521763801574707
38790,3780,0.434124618768692
38800,3781,0.16230246424674988
38810,3782,0.21880586445331573
38820,3783,0.22202147543430328
38830,3784,0.28849858045578003
38840,3785,0.28502166271209717
38850,3786,4.315327167510986
38860,3787,0.14861562848091125
38870,3788,0.2148018777370453
38880,3789,0.44226300716400146
38890,3790,0.1466027796268463
38900,3791,0.1996832638978958
38910,3792,0.2114536464214325
38920,3793,0.1826092153787613
38930,3794,0.30138882994651794
38940,3795,0.3667389154434204
38950,3796,0.3585445284843445
38960,3797,0.4378672242164612
38970,3798,0.08125711977481842
38980,3799,0.1732039451599121
38990,3800,0.2337123453617096
39000,3801,0.22660036385059357
39010,3802,0.5501649975776672
39020,3803,0.6538389325141907
39030,3804,0.5095527768135071
39040,3805,4.392711162567139
39050,3806,2.8204731941223145
39060,3807,0.29668229818344116
39070,3808,0.15626347064971924
39080,3809,0.2537931203842163
39090,3810,0.4432118535041809
39100,3811,1.1921236515045166
39110,3812,0.11714217811822891
39120,3813,0.5201623439788818
39130,3814,0.743999719619751
39140,3815,0.19152885675430298
39150,3816,0.47619369626045227
39160,3817,0.17717768251895905
39170,3818,0.334938645362854
39180,3819,0.6891566514968872
39190,3820,0.3057798743247986
39200,3821,0.21201592683792114
39210,3822,0.27200281620025635
39220,3823,0.7425846457481384
39230,3824,0.2977733910083771
39240,3825,0.059053096920251846
39250,3826,0.5976031422615051
39260,3827,0.35885322093963623
39270,3828,5.58872127532959
39280,3829,0.0634467750787735
39290,3830,0.38792091608047485
39300,3831,0.7842093706130981
39310,3832,4.48868989944458
39320,3833,0.29090026021003723
39330,3834,0.14136043190956116
39340,3835,0.21171337366104126
39350,3836,1.245008945465088
39360,3837,0.18495440483093262
39370,3838,0.25349918007850647
39380,3839,0.13369709253311157
39390,3840,0.10182181000709534
39400,3841,0.11465966701507568
39410,3842,0.2990637719631195
39420,3843,0.4668963551521301
39430,3844,0.14974214136600494
39440,3845,0.47468119859695435
39450,3846,0.9787259697914124
39460,3847,2.466625452041626
39470,3848,0.26778361201286316
39480,3849,0.2676796317100525
39490,3850,0.46538347005844116
39500,3851,5.678027629852295
39510,3852,0.15301881730556488
39520,3853,0.33204910159111023
39530,3854,6.112316608428955
39540,3855,0.4428167939186096
39550,3856,9.32699203491211
39560,3857,0.16411933302879333
39570,3858,0.2739522457122803
39580,3859,0.5695258378982544
39590,3860,0.38715967535972595
39600,3861,0.7104330658912659
39610,3862,0.32979270815849304
39620,3863,0.799146831035614
39630,3864,0.12543228268623352
39640,3865,0.1836996078491211
39650,3866,0.4005996584892273
39660,3867,0.8812465667724609
39670,3868,0.24354545772075653
39680,3869,7.670876979827881
39690,3870,0.20814943313598633
39700,3871,0.24161911010742188
39710,3872,0.5815396904945374
39720,3873,0.1598280370235443
39730,3874,0.5360468626022339
39740,3875,1.610430359840393
39750,3876,0.7637603282928467
39760,3877,0.29369303584098816
39770,3878,5.590668678283691
39780,3879,0.4462100863456726
39790,3880,0.29405656456947327
39800,3881,0.382801353931427
39810,3882,0.5217921733856201
39820,3883,0.4852968752384186
39830,3884,5.887781143188477
39840,3885,0.770910382270813
39850,3886,0.8247685432434082
39860,3887,0.6175336241722107
39870,3888,3.7335262298583984
39880,3889,0.3549976944923401
39890,3890,0.728381872177124
39900,3891,0.5487654805183411
39910,3892,2.2056145668029785
39920,3893,0.7595058083534241
39930,3894,0.8773383498191833
39940,3895,0.5376800894737244
39950,3896,0.21384823322296143
39960,3897,0.6115065217018127
39970,3898,0.2926938235759735
39980,3899,0.7598863840103149
39990,3900,0.863703191280365
40000,3901,0.5043201446533203
40010,3902,3.7580087184906006
40020,3903,0.1913680136203766
40030,3904,0.7863515019416809
40040,3905,0.5555294752120972
40050,3906,0.3403749465942383
40060,3907,0.34393373131752014
40070,3908,0.696918249130249
40080,3909,0.14463742077350616
40090,3910,5.050397872924805
40100,3911,2.2732462882995605
40110,3912,0.6755632162094116
40120,3913,0.29482710361480713
40130,3914,0.2851421535015106
40140,3915,0.47006499767303467
40150,3916,1.6014193296432495
40160,3917,0.2854253947734833
40170,3918,0.28446850180625916
40180,3919,1.0239906311035156
40190,3920,0.29060766100883484
40200,3921,0.4153665602207184
40210,3922,0.29280757904052734
40220,3923,0.28700900077819824
40230,3924,0.3387948274612427
40240,3925,0.13299134373664856
40250,3926,0.20223861932754517
40260,3927,0.20630857348442078
40270,3928,0.2302490472793579
40280,3929,0.269386351108551
40290,3930,0.14357617497444153
40300,3931,0.31686103343963623
40310,3932,1.1602755784988403
40320,3933,0.6237779855728149
40330,3934,0.2695956528186798
40340,3935,1.075677514076233
40350,3936,0.15538527071475983
40360,3937,0.6581376791000366
40370,3938,0.23535524308681488
40380,3939,2.9544308185577393
40390,3940,0.5855292081832886
40400,3941,0.4406511187553406
40410,3942,0.11721011996269226
40420,3943,0.20699939131736755
40430,3944,0.3549659848213196
40440,3945,0.47111937403678894
40450,3946,0.12078347057104111
40460,3947,0.13857275247573853
40470,3948,0.2763475179672241
40480,3949,0.12785837054252625
40490,3950,0.11071787029504776
40500,3951,3.1996378898620605
40510,3952,2.488481283187866
40520,3953,0.10851526260375977
40530,3954,0.1070854589343071
40540,3955,4.888599395751953
40550,3956,0.4425711929798126
40560,3957,0.21916338801383972
40570,3958,1.4762747287750244
40580,3959,0.17730367183685303
40590,3960,0.3061255216598511
40600,3961,1.0441797971725464
40610,3962,6.307799339294434
40620,3963,0.584581732749939
40630,3964,0.2058643102645874
40640,3965,0.7038483619689941
40650,3966,0.9102329015731812
40660,3967,0.9087467193603516
40670,3968,0.7217035293579102
40680,3969,0.36334365606307983
40690,3970,0.4516821801662445
40700,3971,0.36900603771209717
40710,3972,0.15514904260635376
40720,3973,0.5533372759819031
40730,3974,0.1540585607290268
40740,3975,0.3211079239845276
40750,3976,0.8110669851303101
40760,3977,0.19377626478672028
40770,3978,0.15349668264389038
40780,3979,0.7872448563575745
40790,3980,1.2221769094467163
40800,3981,5.508327484130859
40810,3982,5.263595104217529
40820,3983,0.7328991889953613
40830,3984,0.5276477932929993
40840,3985,0.7664231657981873
40850,3986,0.4500209391117096
40860,3987,0.36823126673698425
40870,3988,0.539543628692627
40880,3989,0.9365867376327515
40890,3990,0.39207643270492554
40900,3991,0.29819411039352417
40910,3992,0.24900230765342712
40920,3993,0.7108191847801208
40930,3994,0.9466292262077332
40940,3995,0.7174471616744995
40950,3996,0.22021520137786865
40960,3997,4.891096591949463
40970,3998,0.4830578863620758
40980,3999,0.1387382596731186
40990,4000,0.5221911072731018
41000,4001,0.624731719493866
41010,4002,1.1260957717895508
41020,4003,0.9449517130851746
41030,4004,0.7986350059509277
41040,4005,3.106473922729492
41050,4006,0.3628905415534973
41060,4007,2.163928508758545
41070,4008,0.660743772983551
41080,4009,0.758529782295227
41090,4010,0.683317244052887
41100,4011,0.17313261330127716
41110,4012,0.8493182063102722
41120,4013,0.4894895851612091
41130,4014,0.33509305119514465
41140,4015,0.3884027898311615
41150,4016,0.16296640038490295
41160,4017,0.16485600173473358
41170,4018,3.9722061157226562
41180,4019,0.3793499171733856
41190,4020,7.577564716339111
41200,4021,0.7974199652671814
41210,4022,0.4116593301296234
41220,4023,0.29397428035736084
41230,4024,1.0147407054901123
41240,4025,0.3540339171886444
41250,4026,0.21413885056972504
41260,4027,0.33107322454452515
41270,4028,0.24620912969112396
41280,4029,0.2945294976234436
41290,4030,2.9636051654815674
41300,4031,0.5374652147293091
41310,4032,0.38084676861763
41320,4033,0.4256138205528259
41330,4034,0.17603427171707153
41340,4035,0.347511887550354
41350,4036,0.6334898471832275
41360,4037,0.12259858846664429
41370,4038,0.23574760556221008
41380,4039,0.40993958711624146
41390,4040,0.2976357638835907
41400,4041,6.620937347412109
41410,4042,0.1927676945924759
41420,4043,0.3338084816932678
41430,4044,0.20510582625865936
41440,4045,0.45890286564826965
41450,4046,2.5083060264587402
41460,4047,0.35370147228240967
41470,4048,0.38316744565963745
41480,4049,0.38654905557632446
41490,4050,2.4861583709716797
41500,4051,0.28253909945487976
41510,4052,3.820988893508911
41520,4053,0.2172940969467163
41530,4054,0.3460550904273987
41540,4055,0.5354041457176208
41550,4056,0.4619691073894501
41560,4057,0.6178503036499023
41570,4058,0.8266563415527344
41580,4059,0.6974313855171204
41590,4060,0.7771917581558228
41600,4061,0.2226475328207016
41610,4062,6.205968379974365
41620,4063,0.630173921585083
41630,4064,0.20103082060813904
41640,4065,0.5448286533355713
41650,4066,0.4740307033061981
41660,4067,1.2573902606964111
41670,4068,0.09364886581897736
41680,4069,0.29284268617630005
41690,4070,0.6542804837226868
41700,4071,0.6152951121330261
41710,4072,0.22672881186008453
41720,4073,1.0109210014343262
41730,4074,0.3992750346660614
41740,4075,0.23735558986663818
41750,4076,0.5726742744445801
41760,4077,0.616245448589325
41770,4078,0.12542764842510223
41780,4079,0.17781737446784973
41790,4080,0.7878818511962891
41800,4081,0.6242536306381226
41810,4082,1.5937844514846802
41820,4083,0.3746744692325592
41830,4084,0.46109047532081604
41840,4085,0.21140846610069275
41850,4086,0.08951698243618011
41860,4087,0.1723964512348175
41870,4088,0.3234073519706726
41880,4089,1.4584345817565918
41890,4090,0.3748418688774109
41900,4091,0.19653752446174622
41910,4092,0.6806167364120483
41920,4093,2.12164568901062
41930,4094,1.2358906269073486
41940,4095,6.580275058746338
41950,4096,0.12918752431869507
41960,4097,0.3296462297439575
41970,4098,0.7570629119873047
41980,4099,0.3555580973625183
41990,4100,0.4949311316013336
42000,4101,0.23543159663677216
42010,4102,0.6293893456459045
42020,4103,0.5070539712905884
42030,4104,0.4131854772567749
42040,4105,0.3716319799423218
42050,4106,0.3598211109638214
42060,4107,0.7936831712722778
42070,4108,0.5628074407577515
42080,4109,0.4468330442905426
42090,4110,0.15433193743228912
42100,4111,0.33356982469558716
42110,4112,0.5253592133522034
42120,4113,0.3630911707878113
42130,4114,0.19513367116451263
42140,4115,0.5469474196434021
42150,4116,0.3583938777446747
42160,4117,0.1982121467590332
42170,4118,0.16665717959403992
42180,4119,3.2223384380340576
42190,4120,0.4406738877296448
42200,4121,0.5802987217903137
42210,4122,0.3215804994106293
42220,4123,1.3776655197143555
42230,4124,0.36705493927001953
42240,4125,6.697003364562988
42250,4126,0.138986736536026
42260,4127,3.973693370819092
42270,4128,0.41424909234046936
42280,4129,0.5282942652702332
42290,4130,0.5502212047576904
42300,4131,0.3887953460216522
42310,4132,0.8803833723068237
42320,4133,0.409089595079422
42330,4134,0.6057532429695129
42340,4135,0.4451560080051422
42350,4136,0.16361597180366516
42360,4137,0.3928864598274231
42370,4138,0.22142329812049866
42380,4139,0.468893826007843
42390,4140,0.3626349866390228
42400,4141,4.694782257080078
42410,4142,0.28849655389785767
42420,4143,3.1067471504211426
42430,4144,0.47853150963783264
42440,4145,0.3481595814228058
42450,4146,0.5831068158149719
42460,4147,0.4239843189716339
42470,4148,7.147176742553711
42480,4149,0.15969036519527435
42490,4150,0.7365345358848572
42500,4151,0.4353445768356323
42510,4152,6.190927505493164
42520,4153,0.6146602034568787
42530,4154,0.31704336404800415
42540,4155,0.27563947439193726
42550,4156,0.08191227167844772
42560,4157,0.1895650029182434
42570,4158,0.5054813623428345
42580,4159,0.8793777823448181
42590,4160,0.6033076047897339
42600,4161,0.47447311878204346
42610,4162,0.2591201364994049
42620,4163,0.5183117985725403
42630,4164,1.7899819612503052
42640,4165,0.30827561020851135
42650,4166,0.25194820761680603
42660,4167,0.16838431358337402
42670,4168,0.6172628998756409
42680,4169,6.5577239990234375
42690,4170,0.22735938429832458
42700,4171,0.39840272068977356
42710,4172,0.29597169160842896
42720,4173,0.5512137413024902
42730,4174,0.32044899463653564
42740,4175,0.23648647964000702
42750,4176,0.49379369616508484
42760,4177,0.3349894881248474
42770,4178,0.4484553635120392
42780,4179,0.3325375020503998
42790,4180,6.8102803230285645
42800,4181,4.112222671508789
42810,4182,0.2335631549358368
42820,4183,0.3189274072647095
42830,4184,0.5421581864356995
42840,4185,0.6443771719932556
42850,4186,0.2286633849143982
42860,4187,0.7277145385742188
42870,4188,0.7798464298248291
42880,4189,0.17620530724525452
42890,4190,0.3057611882686615
42900,4191,0.16841746866703033
42910,4192,0.3778217136859894
42920,4193,0.33921509981155396
42930,4194,0.5891479253768921
42940,4195,0.25594499707221985
42950,4196,0.39813029766082764
42960,4197,0.5021175742149353
42970,4198,0.19950415194034576
42980,4199,0.24389758706092834
42990,4200,0.5407323837280273
43000,4201,0.26215624809265137
43010,4202,1.0057355165481567
43020,4203,0.8546126484870911
43030,4204,1.109220027923584
43040,4205,0.617520809173584
43050,4206,0.3800162672996521
43060,4207,0.8746838569641113
43070,4208,1.1258609294891357
43080,4209,0.2430325150489807
43090,4210,6.520489692687988
43100,4211,0.7208548784255981
43110,4212,0.659636914730072
43120,4213,0.95970219373703
43130,4214,0.4319028854370117
43140,4215,5.0940632820129395
43150,4216,0.5961511135101318
43160,4217,0.556496798992157
43170,4218,4.395796775817871
43180,4219,0.5065464377403259
43190,4220,0.7428133487701416
43200,4221,0.6360398530960083
43210,4222,0.32987070083618164
43220,4223,0.4631635248661041
43230,4224,0.38274621963500977
43240,4225,4.143158912658691
43250,4226,0.4498092532157898
43260,4227,0.12518136203289032
43270,4228,1.8036071062088013
43280,4229,0.2367933690547943
43290,4230,0.2107144147157669
43300,4231,0.32962173223495483
43310,4232,0.7256279587745667
43320,4233,0.2379930466413498
43330,4234,0.9037327766418457
43340,4235,6.1071882247924805
43350,4236,0.6326563358306885
43360,4237,5.664950370788574
43370,4238,0.49622341990470886
43380,4239,0.19020198285579681
43390,4240,0.31356504559516907
43400,4241,0.3986399173736572
43410,4242,0.3416999876499176
43420,4243,0.7871326208114624
43430,4244,0.24948564171791077
43440,4245,0.358327180147171
43450,4246,0.7758724689483643
43460,4247,0.08064255118370056
43470,4248,0.2340078502893448
43480,4249,0.2644049823284149
43490,4250,0.180642232298851
43500,4251,0.2020902931690216
43510,4252,0.5035147666931152
43520,4253,0.20019957423210144
43530,4254,0.32162362337112427
43540,4255,0.1132981926202774
43550,4256,0.18354681134223938
43560,4257,1.2760087251663208
43570,4258,0.26708152890205383
43580,4259,1.4276443719863892
43590,4260,0.5028881430625916
43600,4261,0.2705046832561493
43610,4262,0.4198191165924072
43620,4263,1.6657741069793701
43630,4264,5.163708209991455
43640,4265,0.4012429416179657
43650,4266,0.321565717458725
43660,4267,0.41673707962036133
43670,4268,1.0393297672271729
43680,4269,0.5100154280662537
43690,4270,2.818657398223877
43700,4271,0.7146408557891846
43710,4272,0.5387744307518005
43720,4273,0.6129995584487915
43730,4274,0.47123420238494873
43740,4275,0.32254359126091003
43750,4276,1.249338984489441
43760,4277,2.078669548034668
43770,4278,0.24665509164333344
43780,4279,0.826966404914856
43790,4280,0.539592444896698
43800,4281,0.3772120475769043
43810,4282,0.3296279013156891
43820,4283,0.4925650358200073
43830,4284,0.42064809799194336
43840,4285,1.094356894493103
43850,4286,0.5076193809509277
43860,4287,0.30435284972190857
43870,4288,0.18887782096862793
43880,4289,0.6992880702018738
43890,4290,2.446460485458374
43900,4291,1.1739670038223267
43910,4292,0.5332818627357483
43920,4293,0.6428793668746948
43930,4294,0.08098319917917252
43940,4295,0.23198390007019043
43950,4296,0.5229005217552185
43960,4297,0.3754306435585022
43970,4298,0.20612436532974243
43980,4299,0.19439230859279633
43990,4300,0.28604623675346375
44000,4301,0.19506224989891052
44010,4302,0.8692043423652649
44020,4303,0.6612650752067566
44030,4304,0.47838088870048523
44040,4305,0.6235032081604004
44050,4306,0.7850524187088013
44060,4307,0.6221038699150085
44070,4308,1.0667102336883545
44080,4309,2.7929394245147705
44090,4310,0.9216167330741882
44100,4311,0.34093737602233887
44110,4312,0.3931482136249542
44120,4313,0.44899246096611023
44130,4314,3.5044593811035156
44140,4315,0.5449116230010986
44150,4316,0.7920370101928711
44160,4317,0.3887581527233124
44170,4318,0.8822487592697144
44180,4319,0.31669557094573975
44190,4320,0.9371049404144287
44200,4321,0.2384408414363861
44210,4322,0.40051212906837463
44220,4323,6.953545093536377
44230,4324,0.2368205338716507
44240,4325,0.7147678136825562
44250,4326,0.9268280267715454
44260,4327,1.276615023612976
44270,4328,3.4014875888824463
44280,4329,3.6386964321136475
44290,4330,0.3974992632865906
44300,4331,0.8160856366157532
44310,4332,0.27305400371551514
44320,4333,0.6211971044540405
44330,4334,0.9352760910987854
44340,4335,0.5171651244163513
44350,4336,0.45872053503990173
44360,4337,0.6486096978187561
44370,4338,0.3548113703727722
44380,4339,0.3523155152797699
44390,4340,0.545486330986023
44400,4341,1.8892983198165894
44410,4342,0.20227549970149994
44420,4343,0.6434162855148315
44430,4344,0.23765145242214203
44440,4345,0.41496750712394714
44450,4346,0.3989228904247284
44460,4347,0.3379538655281067
44470,4348,0.23436188697814941
44480,4349,0.23671552538871765
44490,4350,0.14626501500606537
44500,4351,0.09043744206428528
44510,4352,0.7092396020889282
44520,4353,3.74147629737854
44530,4354,0.11470374464988708
44540,4355,0.06353172659873962
44550,4356,0.15799173712730408
44560,4357,0.2273523062467575
44570,4358,0.1492404192686081
44580,4359,0.14661647379398346
44590,4360,0.3764185607433319
44600,4361,0.116268590092659
44610,4362,2.8940322399139404
44620,4363,0.08984355628490448
44630,4364,2.265942096710205
44640,4365,0.21475598216056824
44650,4366,0.5500144958496094
44660,4367,0.17285382747650146
44670,4368,6.559226989746094
44680,4369,0.37289220094680786
44690,4370,0.4559180736541748
44700,4371,0.2855866551399231
44710,4372,0.09409410506486893
44720,4373,0.5284062623977661
44730,4374,0.287637859582901
44740,4375,0.4622507095336914
44750,4376,0.20115959644317627
44760,4377,0.28200751543045044
44770,4378,0.48206016421318054
44780,4379,0.16889260709285736
44790,4380,0.4207078814506531
44800,4381,0.27608633041381836
44810,4382,0.0973346084356308
44820,4383,0.8264200687408447
44830,4384,0.3216612935066223
44840,4385,0.7019989490509033
44850,4386,0.4931016266345978
44860,4387,0.4362318515777588
44870,4388,5.573225975036621
44880,4389,0.33122825622558594
44890,4390,0.3602851629257202
44900,4391,0.0886477679014206
44910,4392,0.11701082438230515
44920,4393,5.290597438812256
44930,4394,0.1331576257944107
44940,4395,0.8355019688606262
44950,4396,0.12656907737255096
44960,4397,0.3423367142677307
44970,4398,0.4256710112094879
44980,4399,0.1544417142868042
44990,4400,0.3334229588508606
45000,4401,0.29121193289756775
45010,4402,0.5184633135795593
45020,4403,0.6793672442436218
45030,4404,0.289165735244751
45040,4405,1.036149263381958
45050,4406,0.25692498683929443
45060,4407,0.6367167234420776
45070,4408,0.42037826776504517
45080,4409,0.13313910365104675
45090,4410,0.2561105787754059
45100,4411,0.8258993029594421
45110,4412,0.4607810378074646
45120,4413,0.17505155503749847
45130,4414,0.9159423112869263
45140,4415,0.23740915954113007
45150,4416,0.25782305002212524
45160,4417,1.6402639150619507
45170,4418,0.3324131965637207
45180,4419,0.22475242614746094
45190,4420,0.2956188917160034
45200,4421,0.42874637246131897
45210,4422,0.40316832065582275
45220,4423,0.13714218139648438
45230,4424,0.13258147239685059
45240,4425,0.4293903708457947
45250,4426,1.887481689453125
45260,4427,0.3918457627296448
45270,4428,0.29112276434898376
45280,4429,0.48205316066741943
45290,4430,0.16375066339969635
45300,4431,0.4035755395889282
45310,4432,2.4545249938964844
45320,4433,0.6130846738815308
45330,4434,4.754577159881592
45340,4435,0.9858760237693787
45350,4436,0.8541089296340942
45360,4437,1.7561919689178467
45370,4438,0.2746013402938843
45380,4439,0.16518449783325195
45390,4440,0.20639143884181976
45400,4441,0.282874196767807
45410,4442,0.42782074213027954
45420,4443,0.34920650720596313
45430,4444,0.3960389196872711
45440,4445,0.3844306766986847
45450,4446,0.5098220705986023
45460,4447,0.7343114614486694
45470,4448,0.18149179220199585
45480,4449,7.40840482711792
45490,4450,0.6108847260475159
45500,4451,0.17671363055706024
45510,4452,0.7088251113891602
45520,4453,0.25477707386016846
45530,4454,0.31977641582489014
45540,4455,0.924032986164093
45550,4456,0.5092609524726868
45560,4457,0.44378963112831116
45570,4458,0.1531425267457962
45580,4459,0.9472488164901733
45590,4460,0.5679129958152771
45600,4461,0.16326755285263062
45610,4462,0.07210755348205566
45620,4463,1.3654624223709106
45630,4464,0.44470715522766113
45640,4465,0.3845527768135071
45650,4466,0.33527693152427673
45660,4467,0.1414356678724289
45670,4468,1.1447452306747437
45680,4469,0.05394613370299339
45690,4470,0.32445842027664185
45700,4471,0.6296172738075256
45710,4472,0.49968916177749634
45720,4473,0.30833399295806885
45730,4474,0.3443560302257538
45740,4475,4.177785396575928
45750,4476,1.8785474300384521
45760,4477,0.4261800944805145
45770,4478,0.5723392367362976
45780,4479,0.37814950942993164
45790,4480,0.804379403591156
45800,4481,0.13464103639125824
45810,4482,0.45942223072052
45820,4483,0.09010258316993713
45830,4484,0.4825459122657776
45840,4485,0.3204473853111267
45850,4486,0.2585749626159668
45860,4487,0.16367791593074799
45870,4488,0.372864693403244
45880,4489,0.23534733057022095
45890,4490,0.17659325897693634
45900,4491,0.40239930152893066
45910,4492,6.006993293762207
45920,4493,0.18771085143089294
45930,4494,5.045261859893799
45940,4495,0.42775920033454895
45950,4496,0.40576407313346863
45960,4497,0.12983715534210205
45970,4498,0.33655184507369995
45980,4499,2.2385900020599365
45990,4500,0.4883130192756653
46000,4501,0.4903913140296936
46010,4502,0.8880372047424316
46020,4503,0.30941635370254517
46030,4504,0.3286643624305725
46040,4505,0.1625949591398239
46050,4506,0.6055810451507568
46060,4507,0.6044285297393799
46070,4508,1.6297287940979004
46080,4509,0.4009593427181244
46090,4510,1.710518717765808
46100,4511,0.29223358631134033
46110,4512,0.3368375897407532
46120,4513,0.23771508038043976
46130,4514,0.13967201113700867
46140,4515,0.2397272288799286
46150,4516,0.3601996898651123
46160,4517,1.2730340957641602
46170,4518,0.4618900418281555
46180,4519,0.2380794882774353
46190,4520,0.18040136992931366
46200,4521,0.38186368346214294
46210,4522,3.7659144401550293
46220,4523,0.7021819353103638
46230,4524,2.414491653442383
46240,4525,0.5836920142173767
46250,4526,1.1127886772155762
46260,4527,0.06074712797999382
46270,4528,1.208850383758545
46280,4529,0.20479832589626312
46290,4530,0.7371230125427246
46300,4531,0.1942199021577835
46310,4532,0.13845479488372803
46320,4533,0.4862094819545746
46330,4534,0.5330181121826172
46340,4535,0.6286932229995728
46350,4536,0.24779166281223297
46360,4537,2.2096028327941895
46370,4538,0.3362658619880676
46380,4539,0.7155528664588928
46390,4540,0.15675923228263855
46400,4541,1.0704989433288574
46410,4542,0.15640711784362793
46420,4543,0.37832459807395935
46430,4544,0.6240296363830566
46440,4545,1.1361862421035767
46450,4546,1.1682332754135132
46460,4547,0.5087220668792725
46470,4548,0.8808234930038452
46480,4549,0.5220690369606018
46490,4550,0.8567566871643066
46500,4551,0.5693545341491699
46510,4552,0.14821471273899078
46520,4553,0.37121689319610596
46530,4554,0.14444616436958313
46540,4555,0.0652918890118599
46550,4556,0.164495587348938
46560,4557,0.5723987817764282
46570,4558,0.477475643157959
46580,4559,0.42364224791526794
46590,4560,0.4206674098968506
46600,4561,0.1631660759449005
46610,4562,0.24316106736660004
46620,4563,0.4772025942802429
46630,4564,0.4209614396095276
46640,4565,0.1877969652414322
46650,4566,0.6651084423065186
46660,4567,0.20551848411560059
46670,4568,0.41829636693000793
46680,4569,0.24591831862926483
46690,4570,0.3470599353313446
46700,4571,2.171034336090088
46710,4572,0.42656564712524414
46720,4573,0.24623703956604004
46730,4574,0.16462084650993347
46740,4575,0.1444738209247589
46750,4576,0.13331376016139984
46760,4577,0.371737003326416
46770,4578,0.11597555130720139
46780,4579,0.2973180413246155
46790,4580,0.3172384798526764
46800,4581,0.1128835380077362
46810,4582,0.2891811728477478
46820,4583,0.1121457889676094
46830,4584,0.3884655237197876
46840,4585,0.27843722701072693
46850,4586,0.20600903034210205
46860,4587,0.08116666227579117
46870,4588,0.1538318693637848
46880,4589,0.1056259423494339
46890,4590,0.2963912785053253
46900,4591,0.22316372394561768
46910,4592,0.29095378518104553
46920,4593,0.5235635042190552
46930,4594,0.3540729284286499
46940,4595,0.2911977171897888
46950,4596,0.18964743614196777
46960,4597,0.13279838860034943
46970,4598,1.1371774673461914
46980,4599,0.37784695625305176
46990,4600,0.2790224254131317
47000,4601,0.09224355220794678
47010,4602,0.8235369324684143
47020,4603,1.1699180603027344
47030,4604,0.3346174359321594
47040,4605,1.1016411781311035
47050,4606,0.3662309944629669
47060,4607,0.7425192594528198
47070,4608,0.9339969754219055
47080,4609,0.5137073993682861
47090,4610,1.6595261096954346
47100,4611,0.25804030895233154
47110,4612,1.1390438079833984
47120,4613,8.393576622009277
47130,4614,0.9099715352058411
47140,4615,0.6768460869789124
47150,4616,0.32613176107406616
47160,4617,0.6529441475868225
47170,4618,0.3851010203361511
47180,4619,0.3487405478954315
47190,4620,0.23934516310691833
47200,4621,0.2150428593158722
47210,4622,0.20127326250076294
47220,4623,0.46994417905807495
47230,4624,0.5138715505599976
47240,4625,1.2333977222442627
47250,4626,1.467084288597107
47260,4627,0.26835307478904724
47270,4628,0.31356531381607056
47280,4629,0.40135207772254944
47290,4630,0.4581609070301056
47300,4631,0.42293092608451843
47310,4632,0.3299981355667114
47320,4633,0.46011248230934143
47330,4634,0.2020556777715683
47340,4635,0.7669830322265625
47350,4636,1.1005897521972656
47360,4637,0.11093947291374207
47370,4638,0.29175087809562683
47380,4639,0.5735765695571899
47390,4640,0.283072829246521
47400,4641,0.45267319679260254
47410,4642,0.2682796120643616
47420,4643,0.28640061616897583
47430,4644,0.5767145752906799
47440,4645,0.18891099095344543
47450,4646,0.29945799708366394
47460,4647,1.257940411567688
47470,4648,0.27461564540863037
47480,4649,0.4698503613471985
47490,4650,0.7280779480934143
47500,4651,0.7427253723144531
47510,4652,0.15860934555530548
47520,4653,0.11572715640068054
47530,4654,0.49163922667503357
47540,4655,0.24620532989501953
47550,4656,0.4569951891899109
47560,4657,0.736444890499115
47570,4658,0.6696735620498657
47580,4659,0.5065740942955017
47590,4660,0.33112597465515137
47600,4661,0.2987455725669861
47610,4662,0.26617342233657837
47620,4663,0.24993926286697388
47630,4664,6.007086753845215
47640,4665,5.263592720031738
47650,4666,0.6345412135124207
47660,4667,0.5895660519599915
47670,4668,0.11821763962507248
47680,4669,0.9377262592315674
47690,4670,0.1989385187625885
47700,4671,0.383215069770813
47710,4672,1.5804097652435303
47720,4673,0.5071553587913513
47730,4674,0.27598583698272705
47740,4675,0.24755842983722687
47750,4676,0.23768822848796844
47760,4677,7.279234409332275
47770,4678,0.4362949728965759
47780,4679,4.213644504547119
47790,4680,0.1653093695640564
47800,4681,0.2507132291793823
47810,4682,0.25710830092430115
47820,4683,2.087141275405884
47830,4684,0.13384534418582916
47840,4685,0.3780558407306671
47850,4686,0.3101608157157898
47860,4687,0.16169409453868866
47870,4688,0.3646059036254883
47880,4689,0.4917789101600647
47890,4690,0.6076435446739197
47900,4691,0.2053128480911255
47910,4692,0.16058263182640076
47920,4693,4.581876277923584
47930,4694,0.3528006076812744
47940,4695,0.733696460723877
47950,4696,0.19882602989673615
47960,4697,0.17357946932315826
47970,4698,0.4076165556907654
47980,4699,0.4313538372516632
47990,4700,0.6909158229827881
48000,4701,0.6254739761352539
48010,4702,0.6452588438987732
48020,4703,0.7441938519477844
48030,4704,0.11737994849681854
48040,4705,0.3560847342014313
48050,4706,0.6479291915893555
48060,4707,0.4840920567512512
48070,4708,0.7640535831451416
48080,4709,2.871838092803955
48090,4710,0.3762434422969818
48100,4711,1.1847339868545532
48110,4712,1.9902082681655884
48120,4713,0.5808663368225098
48130,4714,0.31775355339050293
48140,4715,1.0232537984848022
48150,4716,0.45792388916015625
48160,4717,0.2196779102087021
48170,4718,0.44791972637176514
48180,4719,0.21821166574954987
48190,4720,0.1079045832157135
48200,4721,0.7907558679580688
48210,4722,0.5523451566696167
48220,4723,0.1683068424463272
48230,4724,0.5823818445205688
48240,4725,0.6247297525405884
48250,4726,0.1661989837884903
48260,4727,0.36531972885131836
48270,4728,0.224918931722641
48280,4729,0.09458531439304352
48290,4730,0.1282709687948227
48300,4731,0.1421586573123932
48310,4732,0.31267037987709045
48320,4733,0.586336612701416
48330,4734,0.4541861414909363
48340,4735,0.0816076397895813
48350,4736,0.1722879558801651
48360,4737,0.2221507728099823
48370,4738,1.523910641670227
48380,4739,0.0910712257027626
48390,4740,0.32400116324424744
48400,4741,0.16733072698116302
48410,4742,0.21578173339366913
48420,4743,0.7351767420768738
48430,4744,0.3659747838973999
48440,4745,0.1650751531124115
48450,4746,0.8471633195877075
48460,4747,0.2309263050556183
48470,4748,0.32180964946746826
48480,4749,0.3051593005657196
48490,4750,0.1395632028579712
48500,4751,0.28657206892967224
48510,4752,0.35213470458984375
48520,4753,0.2378929853439331
48530,4754,0.2940518856048584
48540,4755,1.3485711812973022
48550,4756,1.900404453277588
48560,4757,0.22523291409015656
48570,4758,2.3997182846069336
48580,4759,0.3635566830635071
48590,4760,0.17799025774002075
48600,4761,0.3858586549758911
48610,4762,0.9086083769798279
48620,4763,0.3857417106628418
48630,4764,2.1889455318450928
48640,4765,0.19296401739120483
48650,4766,0.16468515992164612
48660,4767,0.1877608299255371
48670,4768,6.940096378326416
48680,4769,0.3166828155517578
48690,4770,0.19732537865638733
48700,4771,0.0867069661617279
48710,4772,0.47071924805641174
48720,4773,0.2986866533756256
48730,4774,0.35266610980033875
48740,4775,0.6381749510765076
48750,4776,1.3951424360275269
48760,4777,0.7111355066299438
48770,4778,0.3507375717163086
48780,4779,0.6791843175888062
48790,4780,0.623329222202301
48800,4781,0.12815095484256744
48810,4782,0.327828586101532
48820,4783,0.3837713301181793
48830,4784,0.28678369522094727
48840,4785,0.17654100060462952
48850,4786,0.1893809586763382
48860,4787,0.26267966628074646
48870,4788,0.1923709213733673
48880,4789,0.15122438967227936
48890,4790,0.12468026578426361
48900,4791,0.3825816810131073
48910,4792,0.4030441343784332
48920,4793,0.18418167531490326
48930,4794,0.14633207023143768
48940,4795,0.1826249361038208
48950,4796,1.4412438869476318
48960,4797,0.9637867212295532
48970,4798,0.16318748891353607
48980,4799,0.09678938239812851
48990,4800,0.3302176892757416
49000,4801,0.23653416335582733
49010,4802,0.34771034121513367
49020,4803,0.8123204112052917
49030,4804,0.29589301347732544
49040,4805,0.7266579866409302
49050,4806,0.7116590738296509
49060,4807,0.5612326264381409
49070,4808,0.6199638843536377
49080,4809,0.17549008131027222
49090,4810,0.6212309002876282
49100,4811,0.45232269167900085
49110,4812,0.4995928108692169
49120,4813,1.0514521598815918
49130,4814,0.17630647122859955
49140,4815,0.4707475006580353
49150,4816,2.1169545650482178
49160,4817,5.111503601074219
49170,4818,0.10857252031564713
49180,4819,0.5937739014625549
49190,4820,0.3656669557094574
49200,4821,0.43119800090789795
49210,4822,0.042426735162734985
49220,4823,1.839935302734375
49230,4824,0.3156812787055969
49240,4825,0.47408947348594666
49250,4826,0.5526670813560486
49260,4827,0.376910924911499
49270,4828,2.8531575202941895
49280,4829,0.30729562044143677
49290,4830,0.26459789276123047
49300,4831,0.6439109444618225
49310,4832,0.8240973353385925
49320,4833,0.2548200190067291
49330,4834,0.5577501654624939
49340,4835,0.3804023861885071
49350,4836,0.19987927377223969
49360,4837,0.43884164094924927
49370,4838,0.2583875358104706
49380,4839,3.1712968349456787
49390,4840,0.21122057735919952
49400,4841,0.16707590222358704
49410,4842,0.4495452642440796
49420,4843,0.344465434551239
49430,4844,0.1703527271747589
49440,4845,4.770053863525391
49450,4846,0.2240380048751831
49460,4847,0.49630579352378845
49470,4848,0.20544257760047913
49480,4849,1.185835361480713
49490,4850,4.668845176696777
49500,4851,1.4620144367218018
49510,4852,0.529658854007721
49520,4853,0.38091427087783813
49530,4854,0.15601468086242676
49540,4855,0.37447139620780945
49550,4856,0.31584134697914124
49560,4857,0.20613247156143188
49570,4858,1.2871465682983398
49580,4859,0.20250310003757477
49590,4860,0.515994668006897
49600,4861,0.3599541485309601
49610,4862,0.6072511672973633
49620,4863,0.10097474604845047
49630,4864,0.39100995659828186
49640,4865,0.4828994870185852
49650,4866,0.20567196607589722
49660,4867,0.5979830026626587
49670,4868,0.8353939056396484
49680,4869,0.4171755015850067
49690,4870,0.33667153120040894
49700,4871,0.19480915367603302
49710,4872,0.6960909962654114
49720,4873,0.13326115906238556
49730,4874,0.4782000184059143
49740,4875,0.6811556220054626
49750,4876,0.39310169219970703
49760,4877,4.159548759460449
49770,4878,0.09956137090921402
49780,4879,0.043760109692811966
49790,4880,1.4468005895614624
49800,4881,0.2171843945980072
49810,4882,0.12554697692394257
49820,4883,0.28164321184158325
49830,4884,1.113281011581421
49840,4885,7.19194221496582
49850,4886,0.18908247351646423
49860,4887,1.409335732460022
49870,4888,0.8586606383323669
49880,4889,0.3885330855846405
49890,4890,0.24092863500118256
49900,4891,0.6446471214294434
49910,4892,0.3544568419456482
49920,4893,1.5123099088668823
49930,4894,0.37596258521080017
49940,4895,0.5787001252174377
49950,4896,3.757272243499756
49960,4897,0.2714346647262573
49970,4898,4.878829002380371
49980,4899,0.5384935140609741
49990,4900,0.22757881879806519
50000,4901,1.0396060943603516
50010,4902,1.1866095066070557
50020,4903,0.4096515476703644
50030,4904,0.40470200777053833
50040,4905,1.8351874351501465
50050,4906,0.2814897298812866
50060,4907,0.13698850572109222
50070,4908,0.242320254445076
50080,4909,0.27102726697921753
50090,4910,1.0957512855529785
50100,4911,5.328096866607666
50110,4912,0.9768819808959961
50120,4913,0.7400951385498047
50130,4914,0.6123924255371094
50140,4915,1.3323882818222046
50150,4916,0.49765607714653015
50160,4917,0.3003716468811035
50170,4918,0.4360741972923279
50180,4919,0.31423062086105347
50190,4920,0.9307103753089905
50200,4921,0.4932618737220764
50210,4922,0.5368316769599915
50220,4923,0.4612373113632202
50230,4924,0.45151761174201965
50240,4925,1.089266300201416
50250,4926,0.8342337608337402
50260,4927,0.4284404516220093
50270,4928,0.7251895666122437
50280,4929,0.30691319704055786
50290,4930,0.2038041651248932
50300,4931,0.21189218759536743
50310,4932,0.8487839698791504
50320,4933,2.933217763900757
50330,4934,1.9187670946121216
50340,4935,0.38897505402565
50350,4936,0.5141782760620117
50360,4937,0.9493300914764404
50370,4938,0.4542076289653778
50380,4939,0.47775998711586
50390,4940,0.5372756719589233
50400,4941,0.8640708327293396
50410,4942,0.6229041814804077
50420,4943,0.36773109436035156
50430,4944,0.6836425065994263
50440,4945,8.640763282775879
50450,4946,1.0509978532791138
50460,4947,1.0129423141479492
50470,4948,0.9690589308738708
50480,4949,0.16447417438030243
50490,4950,0.3621542155742645
50500,4951,1.0911935567855835
50510,4952,1.2274324893951416
50520,4953,0.9772087335586548
50530,4954,0.4287933111190796
50540,4955,0.3266355097293854
50550,4956,0.8325855135917664
50560,4957,4.872308254241943
50570,4958,0.9636545777320862
50580,4959,0.4228805899620056
50590,4960,0.9607556462287903
50600,4961,0.7069778442382812
50610,4962,0.7152762413024902
50620,4963,1.7025644779205322
50630,4964,1.1001591682434082
50640,4965,1.0742151737213135
50650,4966,0.6284084916114807
50660,4967,0.6311377286911011
50670,4968,0.3199659287929535
50680,4969,6.288236141204834
50690,4970,0.838263988494873
50700,4971,0.49999967217445374
50710,4972,0.38319990038871765
50720,4973,0.359514981508255
50730,4974,0.16909688711166382
50740,4975,0.8652397990226746
50750,4976,0.21120548248291016
50760,4977,0.7092688679695129
50770,4978,0.14387035369873047
50780,4979,0.2991596758365631
50790,4980,0.5531926155090332
50800,4981,0.25352784991264343
50810,4982,0.45553848147392273
50820,4983,0.08035243302583694
50830,4984,1.3605209589004517
50840,4985,1.0125755071640015
50850,4986,0.868898868560791
50860,4987,0.10280458629131317
50870,4988,0.1519654393196106
50880,4989,0.809243381023407
50890,4990,2.162733793258667
50900,4991,0.265703946352005
50910,4992,1.9291749000549316
50920,4993,0.5292224884033203
50930,4994,0.153474822640419
50940,4995,0.2834307551383972
50950,4996,0.3636762797832489
50960,4997,2.1642556190490723
50970,4998,6.050859451293945
50980,4999,3.9697511196136475
50990,5000,0.9777002930641174
51000,5001,0.9602569341659546
51010,5002,1.0996133089065552
51020,5003,0.5592780113220215
51030,5004,0.33094385266304016
51040,5005,0.4334299564361572
51050,5006,0.23963892459869385
51060,5007,0.5251155495643616
51070,5008,0.2707134783267975
51080,5009,1.4682626724243164
51090,5010,0.2501783072948456
51100,5011,0.3754383325576782
51110,5012,0.28437063097953796
51120,5013,1.4526265859603882
51130,5014,0.23922409117221832
51140,5015,0.3629149794578552
51150,5016,0.4010392129421234
51160,5017,0.30013421177864075
51170,5018,0.528954803943634
51180,5019,0.2842906415462494
51190,5020,1.0985764265060425
51200,5021,5.850500106811523
51210,5022,0.059713173657655716
51220,5023,0.3369232714176178
51230,5024,0.5845194458961487
51240,5025,0.32908210158348083
51250,5026,0.36833110451698303
51260,5027,0.5251309275627136
51270,5028,0.48650839924812317
51280,5029,0.365803062915802
51290,5030,0.5598645806312561
51300,5031,0.5544123649597168
51310,5032,0.31174278259277344
51320,5033,0.2676508128643036
51330,5034,0.3885895907878876
51340,5035,0.15222741663455963
51350,5036,0.21062907576560974
51360,5037,0.9357014298439026
51370,5038,0.496392160654068
51380,5039,0.47038695216178894
51390,5040,0.5036701560020447
51400,5041,1.31666100025177
51410,5042,0.5567726492881775
51420,5043,0.4527290463447571
51430,5044,0.30621790885925293
51440,5045,0.1833130121231079
51450,5046,0.784358561038971
51460,5047,0.3265209496021271
51470,5048,0.5103556513786316
51480,5049,0.43462803959846497
51490,5050,0.3558734059333801
51500,5051,0.39873847365379333
51510,5052,0.4585811197757721
51520,5053,0.5646418929100037
51530,5054,0.42247700691223145
51540,5055,0.11420805007219315
51550,5056,5.086514472961426
51560,5057,0.2963845133781433
51570,5058,0.1750664860010147
51580,5059,1.7348194122314453
51590,5060,2.0138039588928223
51600,5061,0.6107968091964722
51610,5062,0.5540012121200562
51620,5063,0.8925024271011353
51630,5064,0.8187092542648315
51640,5065,0.6151206493377686
51650,5066,0.3894689679145813
51660,5067,0.7387969493865967
51670,5068,0.16732965409755707
51680,5069,0.2597959041595459
51690,5070,0.4344733655452728
51700,5071,1.4701321125030518
51710,5072,0.49017709493637085
51720,5073,2.2289860248565674
51730,5074,0.8163981437683105
51740,5075,0.3232734501361847
51750,5076,0.33800917863845825
51760,5077,0.34910571575164795
51770,5078,0.28921735286712646
51780,5079,0.9608258605003357
51790,5080,1.0120606422424316
51800,5081,0.46460890769958496
51810,5082,1.2458142042160034
51820,5083,0.4135056138038635
51830,5084,0.3668905794620514
51840,5085,0.17276546359062195
51850,5086,0.284011572599411
51860,5087,0.27619367837905884
51870,5088,1.031103491783142
51880,5089,1.2033028602600098
51890,5090,0.49289989471435547
51900,5091,1.1557844877243042
51910,5092,0.4096580147743225
51920,5093,0.27870696783065796
51930,5094,6.047732830047607
51940,5095,0.07956541329622269
51950,5096,0.7150821685791016
51960,5097,0.16366304457187653
51970,5098,0.3820332884788513
51980,5099,0.4454345107078552
51990,5100,0.33694568276405334
52000,5101,0.3383934795856476
52010,5102,1.0043755769729614
52020,5103,0.4080437421798706
52030,5104,0.30957379937171936
52040,5105,0.9934653043746948
52050,5106,0.34251439571380615
52060,5107,0.5731847882270813
52070,5108,0.26150721311569214
52080,5109,0.4405674338340759
52090,5110,0.47558534145355225
52100,5111,1.379817008972168
52110,5112,0.906690776348114
52120,5113,0.8592568635940552
52130,5114,0.3580751121044159
52140,5115,1.4112492799758911
52150,5116,0.8326084017753601
52160,5117,0.22796882688999176
52170,5118,0.24783550202846527
52180,5119,1.2339229583740234
52190,5120,0.6635274887084961
52200,5121,0.5169575214385986
52210,5122,0.9785863757133484
52220,5123,0.6136341691017151
52230,5124,0.24961689114570618
52240,5125,0.6380715370178223
52250,5126,0.36168453097343445
52260,5127,0.3677540719509125
52270,5128,0.1447896808385849
52280,5129,0.7740408182144165
52290,5130,0.8240063190460205
52300,5131,0.20459312200546265
52310,5132,1.0929168462753296
52320,5133,0.44830751419067383
52330,5134,0.40832072496414185
52340,5135,0.36048027873039246
52350,5136,0.46684473752975464
52360,5137,0.13273799419403076
52370,5138,0.36307281255722046
52380,5139,0.4038600027561188
52390,5140,0.4449165463447571
52400,5141,0.322458416223526
52410,5142,0.3995298743247986
52420,5143,0.27499425411224365
52430,5144,0.27146923542022705
52440,5145,0.3599126935005188
52450,5146,0.7583997249603271
52460,5147,0.08542034029960632
52470,5148,0.39232635498046875
52480,5149,0.21117886900901794
52490,5150,0.981106162071228
52500,5151,0.33339256048202515
52510,5152,0.31346529722213745
52520,5153,0.16755324602127075
52530,5154,0.33706605434417725
52540,5155,0.365412175655365
52550,5156,0.16670392453670502
52560,5157,0.1614593118429184
52570,5158,0.37645530700683594
52580,5159,0.1430618017911911
52590,5160,0.2858750820159912
52600,5161,0.19639219343662262
52610,5162,0.37794798612594604
52620,5163,0.24104811251163483
52630,5164,0.44770723581314087
52640,5165,0.6928070783615112
52650,5166,0.12328824400901794
52660,5167,0.28977489471435547
52670,5168,0.14526714384555817
52680,5169,0.2626902759075165
52690,5170,0.20379604399204254
52700,5171,0.31078606843948364
52710,5172,0.5824985504150391
52720,5173,0.09628259390592575
52730,5174,0.5189108848571777
52740,5175,0.24762143194675446
52750,5176,0.22345106303691864
52760,5177,1.021986722946167
52770,5178,0.18261508643627167
52780,5179,0.5047163963317871
52790,5180,0.15881848335266113
52800,5181,0.16446463763713837
52810,5182,0.0707821175456047
52820,5183,4.241984844207764
52830,5184,0.23777854442596436
52840,5185,0.14852240681648254
52850,5186,0.3605513572692871
52860,5187,0.929326593875885
52870,5188,0.2535598874092102
52880,5189,0.4938107132911682
52890,5190,0.368319571018219
52900,5191,0.9280707240104675
52910,5192,0.1275707483291626
52920,5193,0.26714399456977844
52930,5194,0.3371492922306061
52940,5195,1.0607433319091797
52950,5196,0.4976699650287628
52960,5197,0.7904894948005676
52970,5198,0.27299851179122925
52980,5199,0.7858135104179382
52990,5200,0.08668059855699539
53000,5201,0.11216145008802414
53010,5202,0.43618160486221313
53020,5203,3.1324853897094727
53030,5204,0.6142690181732178
53040,5205,0.9775683283805847
53050,5206,0.25795599818229675
53060,5207,1.829769253730774
53070,5208,0.27528783679008484
53080,5209,0.9645293354988098
53090,5210,0.24404865503311157
53100,5211,0.4136364758014679
53110,5212,0.8338035941123962
53120,5213,0.18504050374031067
53130,5214,0.5267794132232666
53140,5215,0.6700342297554016
53150,5216,0.7257306575775146
53160,5217,0.33619409799575806
53170,5218,0.5630340576171875
53180,5219,0.9090396165847778
53190,5220,0.3941737413406372
53200,5221,0.48431429266929626
53210,5222,0.5076965689659119
53220,5223,2.3447957038879395
53230,5224,0.6202271580696106
53240,5225,0.3319389522075653
53250,5226,1.8392332792282104
53260,5227,0.2692093551158905
53270,5228,0.398589551448822
53280,5229,0.5143959522247314
53290,5230,0.3682597279548645
53300,5231,0.21042059361934662
53310,5232,0.7028963565826416
53320,5233,0.36922383308410645
53330,5234,0.30575478076934814
53340,5235,2.4006755352020264
53350,5236,2.8693764209747314
53360,5237,0.8858170509338379
53370,5238,0.9457798004150391
53380,5239,0.23369306325912476
53390,5240,9.547856330871582
53400,5241,5.068945407867432
53410,5242,0.3338616192340851
53420,5243,0.6121876835823059
53430,5244,0.6128542423248291
53440,5245,0.5537466406822205
53450,5246,3.8317034244537354
53460,5247,0.7827274799346924
53470,5248,0.5176689028739929
53480,5249,0.16528646647930145
53490,5250,0.8401862978935242
53500,5251,1.0831154584884644
53510,5252,0.7012178897857666
53520,5253,0.4310750961303711
53530,5254,1.3139147758483887
53540,5255,0.14171159267425537
53550,5256,1.3945635557174683
53560,5257,2.561666488647461
53570,5258,1.8618836402893066
53580,5259,0.7173554301261902
53590,5260,1.3007358312606812
53600,5261,0.651040256023407
53610,5262,0.32965874671936035
53620,5263,0.3194742798805237
53630,5264,0.4033574163913727
53640,5265,1.0010828971862793
53650,5266,0.9489206671714783
53660,5267,0.5486415028572083
53670,5268,0.10605937987565994
53680,5269,0.8148977160453796
53690,5270,0.558255672454834
53700,5271,0.270978718996048
53710,5272,0.5706697106361389
53720,5273,1.2080204486846924
53730,5274,0.3889809250831604
53740,5275,0.5300852656364441
53750,5276,0.7986770272254944
53760,5277,0.26529520750045776
53770,5278,0.4445497393608093
53780,5279,0.06958585232496262
53790,5280,0.9996564388275146
53800,5281,1.090570092201233
53810,5282,0.4068167805671692
53820,5283,0.28183114528656006
53830,5284,1.493781566619873
53840,5285,0.6428334712982178
53850,5286,0.4634435772895813
53860,5287,0.8480061292648315
53870,5288,0.6181718111038208
53880,5289,0.21633972227573395
53890,5290,0.15826573967933655
53900,5291,2.40592622756958
53910,5292,0.4347190856933594
53920,5293,0.3796844482421875
53930,5294,0.2566986083984375
53940,5295,0.3822985589504242
53950,5296,0.14545032382011414
53960,5297,1.0312635898590088
53970,5298,0.3332555294036865
53980,5299,0.09904210269451141
53990,5300,0.2868708074092865
54000,5301,0.4556921422481537
54010,5302,0.6880210041999817
54020,5303,0.3357364535331726
54030,5304,0.2683422863483429
54040,5305,0.9787930846214294
54050,5306,2.611876964569092
54060,5307,0.23617787659168243
54070,5308,4.827820301055908
54080,5309,0.18501333892345428
54090,5310,0.7668923735618591
54100,5311,0.5436469316482544
54110,5312,0.5084365606307983
54120,5313,0.47182077169418335
54130,5314,0.7095611095428467
54140,5315,1.0320777893066406
54150,5316,0.5517901182174683
54160,5317,0.4196317195892334
54170,5318,0.4420948326587677
54180,5319,1.3430347442626953
54190,5320,0.6467688679695129
54200,5321,1.69107985496521
54210,5322,0.5048834681510925
54220,5323,0.602121889591217
54230,5324,0.2606832683086395
54240,5325,0.7655267715454102
54250,5326,0.26435211300849915
54260,5327,0.4050806760787964
54270,5328,0.07234515994787216
54280,5329,0.3397793173789978
54290,5330,0.4022245407104492
54300,5331,4.216850757598877
54310,5332,0.3820597529411316
54320,5333,0.27238836884498596
54330,5334,0.41332024335861206
54340,5335,0.28333547711372375
54350,5336,0.15370768308639526
54360,5337,0.3524019718170166
54370,5338,0.29186609387397766
54380,5339,0.3577347993850708
54390,5340,0.10642503201961517
54400,5341,0.1178845763206482
54410,5342,1.0480873584747314
54420,5343,0.6767933964729309
54430,5344,0.23355603218078613
54440,5345,0.5117992758750916
54450,5346,0.972762942314148
54460,5347,0.888148844242096
54470,5348,0.3035376965999603
54480,5349,0.4698713421821594
54490,5350,0.9173384308815002
54500,5351,3.8077266216278076
54510,5352,0.1907205432653427
54520,5353,0.1391936093568802
54530,5354,0.41105568408966064
54540,5355,0.43530353903770447
54550,5356,0.19500528275966644
54560,5357,1.8381116390228271
54570,5358,0.4121711254119873
54580,5359,0.1866723597049713
54590,5360,0.2041601687669754
54600,5361,0.6760103702545166
54610,5362,5.991067409515381
54620,5363,0.28235670924186707
54630,5364,0.27324730157852173
54640,5365,0.496665894985199
54650,5366,0.7605874538421631
54660,5367,0.9927219152450562
54670,5368,0.4637826085090637
54680,5369,0.2952512800693512
54690,5370,0.269910991191864
54700,5371,0.4772398769855499
54710,5372,1.2556625604629517
54720,5373,0.24394316971302032
54730,5374,0.28889426589012146
54740,5375,0.27407151460647583
54750,5376,0.7245758175849915
54760,5377,2.187239646911621
54770,5378,1.061339020729065
54780,5379,0.3359028100967407
54790,5380,0.5190642476081848
54800,5381,0.07618651539087296
54810,5382,0.054739922285079956
54820,5383,0.7039409279823303
54830,5384,0.4679967164993286
54840,5385,0.1457190364599228
54850,5386,0.14757128059864044
54860,5387,0.3522537350654602
54870,5388,0.5240598320960999
54880,5389,0.13549038767814636
54890,5390,0.3749423325061798
54900,5391,1.8250700235366821
54910,5392,0.3122035264968872
54920,5393,1.6661655902862549
54930,5394,0.7006022930145264
54940,5395,0.45216503739356995
54950,5396,0.290254682302475
54960,5397,1.2916467189788818
54970,5398,0.4461807608604431
54980,5399,0.31790414452552795
54990,5400,0.7348465323448181
55000,5401,0.47513967752456665
55010,5402,1.8651561737060547
55020,5403,0.47299250960350037
55030,5404,0.34642311930656433
55040,5405,0.7558198571205139
55050,5406,0.5565899610519409
55060,5407,0.5048624873161316
55070,5408,0.8181036710739136
55080,5409,0.4967820644378662
55090,5410,1.0389254093170166
55100,5411,0.27966660261154175
55110,5412,1.9237663745880127
55120,5413,0.2478911429643631
55130,5414,0.28662386536598206
55140,5415,1.0951812267303467
55150,5416,0.4054740071296692
55160,5417,0.1546572744846344
55170,5418,0.5610032081604004
55180,5419,0.1535428762435913
55190,5420,0.5122146010398865
55200,5421,6.511847496032715
55210,5422,0.5372006893157959
55220,5423,0.5845495462417603
55230,5424,0.4885115921497345
55240,5425,0.5733388662338257
55250,5426,0.22871507704257965
55260,5427,0.143788143992424
55270,5428,2.4671735763549805
55280,5429,0.7121317386627197
55290,5430,0.17778794467449188
55300,5431,0.4348779618740082
55310,5432,0.2142106294631958
55320,5433,0.5669411420822144
55330,5434,1.0337295532226562
55340,5435,0.49351149797439575
55350,5436,0.6532349586486816
55360,5437,0.310947984457016
55370,5438,0.5196647047996521
55380,5439,0.39997971057891846
55390,5440,0.12262370437383652
55400,5441,0.14871768653392792
55410,5442,0.7472019791603088
55420,5443,0.23984569311141968
55430,5444,0.47725123167037964
55440,5445,0.13721881806850433
55450,5446,0.5382189750671387
55460,5447,0.32229381799697876
55470,5448,0.6052066087722778
55480,5449,0.8433074951171875
55490,5450,0.2207133173942566
55500,5451,0.5791359543800354
55510,5452,0.6333799362182617
55520,5453,0.4544910490512848
55530,5454,0.9789701104164124
55540,5455,0.365107923746109
55550,5456,0.9162861108779907
55560,5457,0.3896482586860657
55570,5458,0.18726977705955505
55580,5459,0.39879634976387024
55590,5460,0.4220173954963684
55600,5461,0.2276192158460617
55610,5462,0.276664674282074
55620,5463,0.39672064781188965
55630,5464,0.211066335439682
55640,5465,0.8510542511940002
55650,5466,0.45912882685661316
55660,5467,1.0260089635849
55670,5468,0.8745521903038025
55680,5469,0.6403767466545105
55690,5470,0.43501120805740356
55700,5471,0.09690821170806885
55710,5472,0.21724927425384521
55720,5473,0.7395203113555908
55730,5474,0.7429198622703552
55740,5475,0.38021278381347656
55750,5476,0.5281049013137817
55760,5477,1.0732728242874146
55770,5478,0.25040191411972046
55780,5479,0.20212490856647491
55790,5480,0.17343899607658386
55800,5481,3.790998697280884
55810,5482,0.5283300876617432
55820,5483,0.15490643680095673
55830,5484,0.6866073608398438
55840,5485,2.7929399013519287
55850,5486,0.5314186215400696
55860,5487,1.6833335161209106
55870,5488,0.24132156372070312
55880,5489,0.8423194885253906
55890,5490,0.7727884650230408
55900,5491,0.3549146056175232
55910,5492,0.12668052315711975
55920,5493,0.35749661922454834
55930,5494,0.11967233568429947
55940,5495,1.6266547441482544
55950,5496,0.2950271666049957
55960,5497,0.25812071561813354
55970,5498,1.3596978187561035
55980,5499,0.3431622385978699
55990,5500,0.14681369066238403
56000,5501,1.851527214050293
56010,5502,0.3470155894756317
56020,5503,0.3025524914264679
56030,5504,0.45352864265441895
56040,5505,0.8061232566833496
56050,5506,0.7906198501586914
56060,5507,0.9454196095466614
56070,5508,0.25131115317344666
56080,5509,0.7193517088890076
56090,5510,1.867803692817688
56100,5511,0.6513018012046814
56110,5512,0.6618981957435608
56120,5513,0.16558992862701416
56130,5514,0.19835823774337769
56140,5515,0.4896063804626465
56150,5516,0.13730165362358093
56160,5517,1.372553825378418
56170,5518,0.46468111872673035
56180,5519,0.4917345941066742
56190,5520,1.2672356367111206
56200,5521,0.8118442296981812
56210,5522,0.25556567311286926
56220,5523,0.09222835302352905
56230,5524,0.21847230195999146
56240,5525,0.29324302077293396
56250,5526,0.3811742067337036
56260,5527,0.5160691142082214
56270,5528,0.7562549710273743
56280,5529,0.2618837058544159
56290,5530,0.3180879056453705
56300,5531,0.1802411675453186
56310,5532,1.027726173400879
56320,5533,0.28053057193756104
56330,5534,0.34983327984809875
56340,5535,0.2502516210079193
56350,5536,0.37605899572372437
56360,5537,0.044321123510599136
56370,5538,1.962754487991333
56380,5539,0.2736984193325043
56390,5540,0.47531771659851074
56400,5541,0.4292897582054138
56410,5542,0.2386229783296585
56420,5543,0.2564471662044525
56430,5544,10.812041282653809
56440,5545,0.6663920283317566
56450,5546,0.1874159723520279
56460,5547,0.35945430397987366
56470,5548,0.4531729221343994
56480,5549,0.12914606928825378
56490,5550,5.010316371917725
56500,5551,0.8841113448143005
56510,5552,0.4308335483074188
56520,5553,0.14419105648994446
56530,5554,0.24958723783493042
56540,5555,0.29419827461242676
56550,5556,0.5112909078598022
56560,5557,0.7326246500015259
56570,5558,0.1531209647655487
56580,5559,0.08177325129508972
56590,5560,0.8140960931777954
56600,5561,1.1018760204315186
56610,5562,0.5920990705490112
56620,5563,0.531962513923645
56630,5564,0.7423581480979919
56640,5565,0.07108952850103378
56650,5566,0.7206164002418518
56660,5567,0.3251457214355469
56670,5568,0.1484827697277069
56680,5569,3.5345637798309326
56690,5570,0.274539589881897
56700,5571,0.20144477486610413
56710,5572,0.4552239775657654
56720,5573,0.7508524656295776
56730,5574,0.9764490723609924
56740,5575,0.5917826890945435
56750,5576,1.4124317169189453
56760,5577,5.334916114807129
56770,5578,0.09170696884393692
56780,5579,0.5254004597663879
56790,5580,0.6613516807556152
56800,5581,6.0679612159729
56810,5582,0.4347931444644928
56820,5583,0.9880325198173523
56830,5584,1.1280879974365234
56840,5585,0.6094262599945068
56850,5586,1.876686453819275
56860,5587,1.560044765472412
56870,5588,0.46682584285736084
56880,5589,0.6615684032440186
56890,5590,1.0820053815841675
56900,5591,0.42416977882385254
56910,5592,0.4503660202026367
56920,5593,0.41792914271354675
56930,5594,0.876165509223938
56940,5595,0.5159574747085571
56950,5596,1.0201669931411743
56960,5597,0.9420062303543091
56970,5598,0.6275926828384399
56980,5599,1.1775367259979248
56990,5600,0.7081083059310913
57000,5601,0.24862848222255707
57010,5602,0.5422999858856201
57020,5603,0.32630839943885803
57030,5604,0.5625289082527161
57040,5605,0.17642590403556824
57050,5606,0.9493280649185181
57060,5607,1.8540960550308228
57070,5608,0.2238278090953827
57080,5609,0.465630441904068
57090,5610,0.9051262736320496
57100,5611,0.4590274691581726
57110,5612,0.6667068600654602
57120,5613,1.689907431602478
57130,5614,0.39413192868232727
57140,5615,0.9962336421012878
57150,5616,1.0241658687591553
57160,5617,0.46652764081954956
57170,5618,1.2391726970672607
57180,5619,0.3253802955150604
57190,5620,0.6850547790527344
57200,5621,0.5903560519218445
57210,5622,0.6652280688285828
57220,5623,0.6495963931083679
57230,5624,0.845817506313324
57240,5625,0.5482097864151001
57250,5626,0.26925399899482727
57260,5627,0.6401383876800537
57270,5628,1.524282455444336
57280,5629,0.6564580202102661
57290,5630,0.27697938680648804
57300,5631,1.356246829032898
57310,5632,1.5169161558151245
57320,5633,0.9189797639846802
57330,5634,0.6861525177955627
57340,5635,0.2535187005996704
57350,5636,8.075942039489746
57360,5637,1.1261930465698242
57370,5638,0.7583297491073608
57380,5639,0.9688304662704468
57390,5640,0.7613946199417114
57400,5641,0.2467271387577057
57410,5642,0.6296510696411133
57420,5643,0.14149081707000732
57430,5644,0.0629759281873703
57440,5645,0.9846451282501221
57450,5646,0.5180746912956238
57460,5647,0.7165913581848145
57470,5648,0.35183078050613403
57480,5649,0.8449589014053345
57490,5650,0.19736839830875397
57500,5651,0.11826346814632416
57510,5652,0.6386714577674866
57520,5653,0.558631181716919
57530,5654,0.23925907909870148
57540,5655,1.004676103591919
57550,5656,0.3643498420715332
57560,5657,0.8247661590576172
57570,5658,1.2134445905685425
57580,5659,1.3458428382873535
57590,5660,0.3776530623435974
57600,5661,0.336929589509964
57610,5662,5.956247806549072
57620,5663,0.47360074520111084
57630,5664,0.30403271317481995
57640,5665,0.3892636299133301
57650,5666,0.2008441984653473
57660,5667,0.5974758267402649
57670,5668,1.4726706743240356
57680,5669,2.731955051422119
57690,5670,0.7490088939666748
57700,5671,0.37121546268463135
57710,5672,0.5326026082038879
57720,5673,0.7938787937164307
57730,5674,0.6335983276367188
57740,5675,0.7289157509803772
57750,5676,0.35833996534347534
57760,5677,0.897107720375061
57770,5678,10.874734878540039
57780,5679,0.37154555320739746
57790,5680,0.5674768090248108
57800,5681,0.6061033606529236
57810,5682,5.308498859405518
57820,5683,0.32122811675071716
57830,5684,0.5516062378883362
57840,5685,1.3983997106552124
57850,5686,0.8751704096794128
57860,5687,0.8870108723640442
57870,5688,0.6191708445549011
57880,5689,0.9070485830307007
57890,5690,1.058109998703003
57900,5691,8.37158489227295
57910,5692,0.6250154972076416
57920,5693,0.8011196851730347
57930,5694,7.6582746505737305
57940,5695,0.5817557573318481
57950,5696,0.502447783946991
57960,5697,1.764906644821167
57970,5698,1.014390230178833
57980,5699,1.1389822959899902
57990,5700,0.3391565680503845
58000,5701,0.6520487666130066
58010,5702,0.43079471588134766
58020,5703,1.4906253814697266
58030,5704,0.5688811540603638
58040,5705,1.3880019187927246
58050,5706,0.736253559589386
58060,5707,2.624636650085449
58070,5708,1.0480070114135742
58080,5709,0.47963523864746094
58090,5710,1.874041199684143
58100,5711,5.383347034454346
58110,5712,0.3183281421661377
58120,5713,0.3230940103530884
58130,5714,0.8310351967811584
58140,5715,1.5848783254623413
58150,5716,0.6424434781074524
58160,5717,4.100457668304443
58170,5718,0.6366718411445618
58180,5719,1.5500669479370117
58190,5720,0.5495712757110596
58200,5721,3.000865936279297
58210,5722,1.4255391359329224
58220,5723,0.6921871900558472
58230,5724,0.41576769948005676
58240,5725,1.0295917987823486
58250,5726,0.3631133735179901
58260,5727,1.7643048763275146
58270,5728,0.3007669746875763
58280,5729,1.5562303066253662
58290,5730,0.5242149233818054
58300,5731,0.3818856179714203
58310,5732,0.39627280831336975
58320,5733,0.5003641843795776
58330,5734,0.7077194452285767
58340,5735,0.497780978679657
58350,5736,0.8989243507385254
58360,5737,1.1747944355010986
58370,5738,1.0587512254714966
58380,5739,0.7749348282814026
58390,5740,1.522741436958313
58400,5741,0.9635391235351562
58410,5742,0.5893661975860596
58420,5743,6.0838823318481445
58430,5744,0.4913281798362732
58440,5745,1.1842479705810547
58450,5746,2.0286364555358887
58460,5747,0.6224285364151001
58470,5748,0.4600454270839691
58480,5749,0.4964112639427185
58490,5750,0.6469911336898804
58500,5751,1.3679511547088623
58510,5752,0.6494659185409546
58520,5753,0.9277766942977905
58530,5754,0.7073356509208679
58540,5755,1.1194312572479248
58550,5756,4.4239583015441895
58560,5757,0.638489305973053
58570,5758,6.642885684967041
58580,5759,0.3975326418876648
58590,5760,0.9764721989631653
58600,5761,0.6817975640296936
58610,5762,0.34932541847229004
58620,5763,0.5605632662773132
58630,5764,1.1808029413223267
58640,5765,0.909203827381134
58650,5766,1.0051610469818115
58660,5767,0.5443216562271118
58670,5768,0.45400476455688477
58680,5769,0.5767056941986084
58690,5770,0.5365602970123291
58700,5771,0.7142109274864197
58710,5772,0.4105851948261261
58720,5773,0.9943951368331909
58730,5774,0.5075685977935791
58740,5775,0.9853283166885376
58750,5776,1.0365123748779297
58760,5777,0.2435055822134018
58770,5778,0.21037118136882782
58780,5779,0.5100658535957336
58790,5780,4.131956100463867
58800,5781,0.205494686961174
58810,5782,0.41699856519699097
58820,5783,0.5856751799583435
58830,5784,0.36669909954071045
58840,5785,0.394292414188385
58850,5786,0.6281424760818481
58860,5787,0.9078514575958252
58870,5788,0.2723096013069153
58880,5789,0.256710410118103
58890,5790,0.614533543586731
58900,5791,0.8655860424041748
58910,5792,0.7163342237472534
58920,5793,0.28564801812171936
58930,5794,3.6929068565368652
58940,5795,0.9084051251411438
58950,5796,1.8266377449035645
58960,5797,0.8861441612243652
58970,5798,0.2745164632797241
58980,5799,0.9174604415893555
58990,5800,0.39324280619621277
59000,5801,1.474665880203247
59010,5802,2.2974865436553955
59020,5803,0.9362142086029053
59030,5804,0.3281593322753906
59040,5805,2.602527618408203
59050,5806,0.37615901231765747
59060,5807,0.6152669191360474
59070,5808,1.7859445810317993
59080,5809,1.2516570091247559
59090,5810,0.4552881121635437
59100,5811,0.45024803280830383
59110,5812,0.6953188180923462
59120,5813,1.5970741510391235
59130,5814,1.1602303981781006
59140,5815,1.109325647354126
59150,5816,0.4765642285346985
59160,5817,1.11263108253479
59170,5818,0.21112267673015594
59180,5819,0.30973419547080994
59190,5820,0.7946059703826904
59200,5821,0.8531694412231445
59210,5822,1.0489124059677124
59220,5823,7.724433422088623
59230,5824,0.5322809219360352
59240,5825,1.1953809261322021
59250,5826,0.24607957899570465
59260,5827,0.4229004681110382
59270,5828,0.5189493894577026
59280,5829,0.5636845231056213
59290,5830,1.0370360612869263
59300,5831,0.7277644276618958
59310,5832,0.651418924331665
59320,5833,0.8041186332702637
59330,5834,1.0729988813400269
59340,5835,1.1805572509765625
59350,5836,0.6197112202644348
59360,5837,7.539870738983154
59370,5838,0.7548860907554626
59380,5839,0.6566064357757568
59390,5840,0.5888614058494568
59400,5841,0.2874651849269867
59410,5842,0.9872443079948425
59420,5843,0.3389138877391815
59430,5844,0.28016388416290283
59440,5845,0.884718656539917
59450,5846,0.5643233060836792
59460,5847,0.29763323068618774
59470,5848,0.882021427154541
59480,5849,1.532270908355713
59490,5850,0.5754258036613464
59500,5851,1.0063666105270386
59510,5852,1.5582536458969116
59520,5853,0.14168331027030945
59530,5854,0.3210095465183258
59540,5855,0.4995160400867462
59550,5856,0.19912417232990265
59560,5857,0.879926860332489
59570,5858,0.3083236515522003
59580,5859,0.8499811887741089
59590,5860,1.287703275680542
59600,5861,0.2963687777519226
59610,5862,1.002520203590393
59620,5863,0.5662020444869995
59630,5864,6.753927707672119
59640,5865,0.2425920069217682
59650,5866,0.46355190873146057
59660,5867,11.096160888671875
59670,5868,0.3403225839138031
59680,5869,2.676238775253296
59690,5870,0.742074728012085
59700,5871,0.9500289559364319
59710,5872,0.9931321144104004
59720,5873,0.8405839800834656
59730,5874,2.6079978942871094
59740,5875,0.3216504752635956
59750,5876,0.2900320291519165
59760,5877,0.36350882053375244
59770,5878,0.40924882888793945
59780,5879,0.29699191451072693
59790,5880,1.0709573030471802
59800,5881,0.3668408989906311
59810,5882,0.3854382038116455
59820,5883,0.42469164729118347
59830,5884,2.697983980178833
59840,5885,0.9130840301513672
59850,5886,1.2008050680160522
59860,5887,0.6208610534667969
59870,5888,1.2622946500778198
59880,5889,1.388545036315918
59890,5890,0.6361901760101318
59900,5891,0.609117865562439
59910,5892,0.3534637987613678
59920,5893,0.36152470111846924
59930,5894,0.41126489639282227
59940,5895,1.9560844898223877
59950,5896,0.30224254727363586
59960,5897,1.227318286895752
59970,5898,0.31358784437179565
59980,5899,0.9127471446990967
59990,5900,0.5116180181503296
60000,5901,0.6705574989318848
60010,5902,0.9444210529327393
60020,5903,1.25615656375885
60030,5904,0.16700229048728943
60040,5905,0.2779875695705414
60050,5906,0.9409315586090088
60060,5907,0.8500646352767944
60070,5908,0.47091013193130493
60080,5909,0.4744488000869751
60090,5910,0.44841980934143066
60100,5911,0.9018806219100952
60110,5912,1.0973129272460938
60120,5913,0.7986228466033936
60130,5914,1.3018906116485596
60140,5915,8.41487979888916
60150,5916,0.34951353073120117
60160,5917,0.3812779188156128
60170,5918,1.6178278923034668
60180,5919,0.34290653467178345
60190,5920,0.5892795920372009
60200,5921,0.7167240977287292
60210,5922,0.6957470178604126
60220,5923,0.3642345070838928
60230,5924,1.005981683731079
60240,5925,0.3576827347278595
60250,5926,0.7444733381271362
60260,5927,0.6709225177764893
60270,5928,1.4511746168136597
60280,5929,1.8965938091278076
60290,5930,0.2404995858669281
60300,5931,7.267307281494141
60310,5932,0.2151043713092804
60320,5933,2.9206557273864746
60330,5934,1.491075873374939
60340,5935,5.398336887359619
60350,5936,0.6150133013725281
60360,5937,0.6266035437583923
60370,5938,0.7798743844032288
60380,5939,0.5935444831848145
60390,5940,0.336810827255249
60400,5941,1.5748974084854126
60410,5942,1.1260621547698975
60420,5943,0.7407289743423462
60430,5944,4.7659382820129395
60440,5945,0.3653082251548767
60450,5946,1.791662335395813
60460,5947,1.034723162651062
60470,5948,0.49524784088134766
60480,5949,1.303059458732605
60490,5950,0.4114055633544922
60500,5951,0.8568339347839355
60510,5952,0.47287413477897644
60520,5953,0.4910799264907837
60530,5954,0.8187146186828613
60540,5955,0.3216191232204437
60550,5956,0.4450804591178894
60560,5957,0.8313214778900146
60570,5958,0.9656625390052795
60580,5959,1.584039330482483
60590,5960,1.1357091665267944
60600,5961,0.8740757703781128
60610,5962,5.554973602294922
60620,5963,0.7017133235931396
60630,5964,1.0334006547927856
60640,5965,0.4034608006477356
60650,5966,0.4163346290588379
60660,5967,0.3699198365211487
60670,5968,0.47127565741539
60680,5969,0.7408301830291748
60690,5970,0.6608876585960388
60700,5971,0.6868919134140015
60710,5972,0.49298226833343506
60720,5973,1.539539098739624
60730,5974,0.9408561587333679
60740,5975,4.004887580871582
60750,5976,1.0169247388839722
60760,5977,0.35829800367355347
60770,5978,0.3290661871433258
60780,5979,1.4378573894500732
60790,5980,0.49230486154556274
60800,5981,0.34905216097831726
60810,5982,3.473398208618164
60820,5983,0.6650381684303284
60830,5984,0.7083433866500854
60840,5985,1.3591482639312744
60850,5986,0.47616714239120483
60860,5987,1.2223424911499023
60870,5988,0.23065008223056793
60880,5989,0.419533908367157
60890,5990,1.09049391746521
60900,5991,0.6911224126815796
60910,5992,0.6833922266960144
60920,5993,3.60959529876709
60930,5994,12.163066864013672
60940,5995,0.18419183790683746
60950,5996,1.2379381656646729
60960,5997,1.002785325050354
60970,5998,0.539623498916626
60980,5999,0.6032499670982361
60990,6000,0.36300498247146606
61000,6001,0.8158714771270752
61010,6002,0.4059336483478546
61020,6003,1.3212536573410034
61030,6004,7.795708656311035
61040,6005,0.5461791157722473
61050,6006,0.9339410066604614
61060,6007,1.0067206621170044
61070,6008,0.35285645723342896
61080,6009,0.7373951077461243
61090,6010,1.685746669769287
61100,6011,1.2877094745635986
61110,6012,0.35709697008132935
61120,6013,1.458733081817627
61130,6014,0.9602364897727966
61140,6015,0.907627284526825
61150,6016,1.2303500175476074
61160,6017,0.7175877094268799
61170,6018,0.2911319434642792
61180,6019,0.5065773129463196
61190,6020,0.49573034048080444
61200,6021,0.41255414485931396
61210,6022,0.3691553473472595
61220,6023,0.5881586670875549
61230,6024,1.6924083232879639
61240,6025,0.5494268536567688
61250,6026,1.7905219793319702
61260,6027,3.817434310913086
61270,6028,1.787493109703064
61280,6029,2.0806186199188232
61290,6030,2.1415834426879883
61300,6031,1.8363349437713623
61310,6032,0.44906219840049744
61320,6033,0.6889711618423462
61330,6034,1.4810731410980225
61340,6035,1.393496036529541
61350,6036,0.7034392356872559
61360,6037,0.31337499618530273
61370,6038,0.33074790239334106
61380,6039,0.46807101368904114
61390,6040,0.5543257594108582
61400,6041,0.992315948009491
61410,6042,0.6122297048568726
61420,6043,0.4978291392326355
61430,6044,1.3138370513916016
61440,6045,0.47356173396110535
61450,6046,1.3216880559921265
61460,6047,0.22952702641487122
61470,6048,0.5745390057563782
61480,6049,0.6581957340240479
61490,6050,0.9720491766929626
61500,6051,0.9278944730758667
61510,6052,0.372431218624115
61520,6053,0.6273700594902039
61530,6054,1.1141613721847534
61540,6055,0.6513003706932068
61550,6056,0.37894904613494873
61560,6057,1.285264492034912
61570,6058,0.2491884082555771
61580,6059,0.4972911477088928
61590,6060,0.45344021916389465
61600,6061,7.084873199462891
61610,6062,1.6244850158691406
61620,6063,0.5199942588806152
61630,6064,1.037934422492981
61640,6065,0.5356466770172119
61650,6066,0.4672123193740845
61660,6067,0.9418999552726746
61670,6068,0.2712920904159546
61680,6069,0.39888671040534973
61690,6070,0.33121633529663086
61700,6071,7.796565532684326
61710,6072,0.4032226502895355
61720,6073,10.792372703552246
61730,6074,0.24677976965904236
61740,6075,0.6672779321670532
61750,6076,0.23032617568969727
61760,6077,0.37294623255729675
61770,6078,0.44028782844543457
61780,6079,0.42258352041244507
61790,6080,0.19720083475112915
61800,6081,0.818243145942688
61810,6082,0.816136360168457
61820,6083,4.8196024894714355
61830,6084,1.1108266115188599
61840,6085,0.9205660223960876
61850,6086,1.6626465320587158
61860,6087,0.6999193429946899
61870,6088,0.49387070536613464
61880,6089,0.6157200336456299
61890,6090,1.1946368217468262
61900,6091,0.23917827010154724
61910,6092,0.4425828456878662
61920,6093,0.7361593246459961
61930,6094,1.48386549949646
61940,6095,0.390862375497818
61950,6096,1.615915298461914
61960,6097,0.5633444786071777
61970,6098,0.5549225211143494
61980,6099,1.07558274269104
61990,6100,0.6621291041374207
62000,6101,0.31598466634750366
62010,6102,0.7613846063613892
62020,6103,0.6532025337219238
62030,6104,0.41017162799835205
62040,6105,0.578252375125885
62050,6106,1.0394291877746582
62060,6107,0.859419047832489
62070,6108,0.9143903851509094
62080,6109,0.8654993772506714
62090,6110,0.780166506767273
62100,6111,1.5978772640228271
62110,6112,1.902740716934204
62120,6113,1.0701409578323364
62130,6114,0.44888508319854736
62140,6115,0.8406473398208618
62150,6116,0.947436511516571
62160,6117,8.902556419372559
62170,6118,0.6945295929908752
62180,6119,0.8285009860992432
62190,6120,1.9744817018508911
62200,6121,1.3031084537506104
62210,6122,1.7266874313354492
62220,6123,1.3056297302246094
62230,6124,1.077925205230713
62240,6125,1.2070977687835693
62250,6126,1.2478448152542114
62260,6127,0.4621775150299072
62270,6128,1.5234261751174927
62280,6129,0.7649379372596741
62290,6130,1.2955855131149292
62300,6131,0.9827679395675659
62310,6132,0.47651731967926025
62320,6133,0.7349303364753723
62330,6134,5.797930717468262
62340,6135,3.033906936645508
62350,6136,5.1177802085876465
62360,6137,2.0193331241607666
62370,6138,5.917944431304932
62380,6139,1.2914866209030151
62390,6140,0.6057498455047607
62400,6141,1.2136807441711426
62410,6142,1.714365005493164
62420,6143,0.8163196444511414
62430,6144,1.0756899118423462
62440,6145,1.2066709995269775
62450,6146,1.329014778137207
62460,6147,0.21604177355766296
62470,6148,0.8872804641723633
62480,6149,5.20277214050293
62490,6150,1.535813808441162
62500,6151,1.446312665939331
62510,6152,0.25086289644241333
62520,6153,0.5406357645988464
62530,6154,0.7352421879768372
62540,6155,1.2413021326065063
62550,6156,0.6977170705795288
62560,6157,0.2838456332683563
62570,6158,0.6116229891777039
62580,6159,0.5061989426612854
62590,6160,1.811396598815918
62600,6161,1.680985927581787
62610,6162,0.7835807800292969
62620,6163,4.080585956573486
62630,6164,0.5300952196121216
62640,6165,4.28147554397583
62650,6166,0.7744014859199524
62660,6167,1.6235401630401611
62670,6168,3.4088847637176514
62680,6169,0.5922400951385498
62690,6170,0.8109879493713379
62700,6171,1.170016884803772
62710,6172,0.8245079517364502
62720,6173,2.029608964920044
62730,6174,1.3667744398117065
62740,6175,0.3563893735408783
62750,6176,0.42973271012306213
62760,6177,1.0303548574447632
62770,6178,0.6236984729766846
62780,6179,1.079406499862671
62790,6180,0.20909488201141357
62800,6181,3.6204142570495605
62810,6182,0.9105785489082336
62820,6183,1.0138788223266602
62830,6184,1.0346204042434692
62840,6185,1.1121560335159302
62850,6186,0.6154474020004272
62860,6187,0.8781766891479492
62870,6188,0.750446081161499
62880,6189,0.8226630091667175
62890,6190,0.8474560976028442
62900,6191,0.5397170782089233
62910,6192,0.3502022624015808
62920,6193,0.6686946749687195
62930,6194,0.6877294778823853
62940,6195,0.4494043290615082
62950,6196,1.6779531240463257
62960,6197,1.1345040798187256
62970,6198,0.6270992755889893
62980,6199,0.9371174573898315
62990,6200,0.21644537150859833
63000,6201,10.122943878173828
63010,6202,2.691345691680908
63020,6203,4.346532821655273
63030,6204,1.304923415184021
63040,6205,1.2539827823638916
63050,6206,3.527742385864258
63060,6207,0.8436610698699951
63070,6208,0.9748799204826355
63080,6209,0.976880669593811
63090,6210,1.3029491901397705
63100,6211,1.180602788925171
63110,6212,0.4628485441207886
63120,6213,0.7900086045265198
63130,6214,0.8037646412849426
63140,6215,0.3834652304649353
63150,6216,0.72662353515625
63160,6217,1.136900782585144
63170,6218,0.8691518306732178
63180,6219,1.4530744552612305
63190,6220,1.3511161804199219
63200,6221,1.3243547677993774
63210,6222,0.926723301410675
63220,6223,0.6887186765670776
63230,6224,8.45390510559082
63240,6225,0.4026554524898529
63250,6226,3.031249761581421
63260,6227,0.44875332713127136
63270,6228,0.3278586268424988
63280,6229,0.9007185101509094
63290,6230,1.0894776582717896
63300,6231,0.9237328767776489
63310,6232,1.862654447555542
63320,6233,0.455932080745697
63330,6234,1.471585750579834
63340,6235,0.7792721390724182
63350,6236,1.9229322671890259
63360,6237,5.081811428070068
63370,6238,5.303885459899902
63380,6239,5.954769611358643
63390,6240,0.8841330409049988
63400,6241,1.0681360960006714
63410,6242,1.203311800956726
63420,6243,0.7196592092514038
63430,6244,0.8568159341812134
63440,6245,0.4174690544605255
63450,6246,1.272984266281128
63460,6247,0.2598828673362732
63470,6248,2.27474045753479
63480,6249,1.0036389827728271
63490,6250,1.5191991329193115
63500,6251,0.4847894310951233
63510,6252,1.9181240797042847
63520,6253,0.4780895411968231
63530,6254,0.6383953094482422
63540,6255,3.159274101257324
63550,6256,3.2164387702941895
63560,6257,0.6129515767097473
63570,6258,2.119462490081787
63580,6259,0.48119106888771057
63590,6260,0.5804262757301331
63600,6261,2.973482608795166
63610,6262,0.8743715286254883
63620,6263,1.7981774806976318
63630,6264,1.3894355297088623
63640,6265,0.6546655893325806
63650,6266,0.8453004360198975
63660,6267,0.49300456047058105
63670,6268,0.7189554572105408
63680,6269,0.8433145880699158
63690,6270,1.0659385919570923
63700,6271,0.2978609800338745
63710,6272,1.6728252172470093
63720,6273,0.8564775586128235
63730,6274,2.4712305068969727
63740,6275,0.5994457006454468
63750,6276,3.285586357116699
63760,6277,0.8704913854598999
63770,6278,7.534883499145508
63780,6279,0.7459397912025452
63790,6280,0.4501233696937561
63800,6281,1.1928945779800415
63810,6282,1.2269296646118164
63820,6283,1.4582499265670776
63830,6284,0.8391844630241394
63840,6285,0.4657898545265198
63850,6286,0.5715265870094299
63860,6287,1.073747158050537
63870,6288,0.7776607275009155
63880,6289,7.342072486877441
63890,6290,0.9935924410820007
63900,6291,1.994055151939392
63910,6292,1.0406142473220825
63920,6293,0.647711455821991
63930,6294,0.628264307975769
63940,6295,0.40991801023483276
63950,6296,0.8542973399162292
63960,6297,1.437232255935669
63970,6298,0.48690611124038696
63980,6299,0.6616678237915039
63990,6300,0.575840950012207
64000,6301,8.827601432800293
64010,6302,1.2768807411193848
64020,6303,0.9794371128082275
64030,6304,0.9856038689613342
64040,6305,0.745543360710144
64050,6306,0.7117211222648621
64060,6307,1.3022027015686035
64070,6308,0.575598418712616
64080,6309,1.600057601928711
64090,6310,0.8364930152893066
64100,6311,1.8498305082321167
64110,6312,2.9787039756774902
64120,6313,1.373025894165039
64130,6314,0.719697117805481
64140,6315,3.8264219760894775
64150,6316,1.2564988136291504
64160,6317,0.6310185790061951
64170,6318,5.160335063934326
64180,6319,1.6166620254516602
64190,6320,1.3758152723312378
64200,6321,1.9127602577209473
64210,6322,0.8554397821426392
64220,6323,1.3456729650497437
64230,6324,0.6218599081039429
64240,6325,2.2947795391082764
64250,6326,4.784454822540283
64260,6327,0.6664842367172241
64270,6328,3.5243563652038574
64280,6329,0.8374322652816772
64290,6330,6.820378303527832
64300,6331,0.9717620611190796
64310,6332,0.6622126698493958
64320,6333,1.0634093284606934
64330,6334,0.7817545533180237
64340,6335,0.9391762018203735
64350,6336,0.5419023633003235
64360,6337,0.5281131863594055
64370,6338,1.1183215379714966
64380,6339,0.7060571312904358
64390,6340,1.878485918045044
64400,6341,0.8282017111778259
64410,6342,1.6121582984924316
64420,6343,1.258051872253418
64430,6344,0.5464399456977844
64440,6345,0.46966972947120667
64450,6346,1.4939578771591187
64460,6347,0.6706129908561707
64470,6348,3.146843194961548
64480,6349,0.4001244604587555
64490,6350,0.9896610975265503
64500,6351,0.978752613067627
64510,6352,0.6559603810310364
64520,6353,0.4062187671661377
64530,6354,1.8418450355529785
64540,6355,2.6027815341949463
64550,6356,0.5632884502410889
64560,6357,0.7034110426902771
64570,6358,1.0915111303329468
64580,6359,1.548844814300537
64590,6360,0.8447511196136475
64600,6361,0.9529736042022705
64610,6362,0.4658084511756897
64620,6363,1.6457229852676392
64630,6364,0.8417781591415405
64640,6365,0.7515089511871338
64650,6366,0.7567455172538757
64660,6367,8.184221267700195
64670,6368,0.6180531978607178
64680,6369,0.4638018012046814
64690,6370,0.5939878821372986
64700,6371,0.6002190709114075
64710,6372,0.4176196753978729
64720,6373,1.6167701482772827
64730,6374,0.2329999804496765
64740,6375,5.6191325187683105
64750,6376,0.6258724331855774
64760,6377,0.7232973575592041
64770,6378,0.8333173990249634
64780,6379,0.93798828125
64790,6380,0.3569958806037903
64800,6381,1.442898154258728
64810,6382,0.19810210168361664
64820,6383,0.778174102306366
64830,6384,1.0265161991119385
64840,6385,1.3197370767593384
64850,6386,0.5734780430793762
64860,6387,1.3268595933914185
64870,6388,1.038572907447815
64880,6389,0.41788214445114136
64890,6390,0.6509831547737122
64900,6391,0.4911617636680603
64910,6392,0.25531890988349915
64920,6393,3.534942388534546
64930,6394,6.3193678855896
64940,6395,1.5547126531600952
64950,6396,3.2754170894622803
64960,6397,1.0087196826934814
64970,6398,2.2846155166625977
64980,6399,0.6449827551841736
64990,6400,1.1156840324401855
65000,6401,3.0214576721191406
65010,6402,1.168973684310913
65020,6403,0.6941649913787842
65030,6404,0.4638220965862274
65040,6405,1.0609493255615234
65050,6406,0.550885021686554
65060,6407,1.3348126411437988
65070,6408,0.7480229139328003
65080,6409,0.5711101293563843
65090,6410,2.5617003440856934
65100,6411,0.7928670048713684
65110,6412,1.2733486890792847
65120,6413,0.5673885345458984
65130,6414,0.9974269270896912
65140,6415,1.004166841506958
65150,6416,1.1414412260055542
65160,6417,0.7670723795890808
65170,6418,2.512664556503296
65180,6419,1.5089061260223389
65190,6420,1.079559326171875
65200,6421,1.311922311782837
65210,6422,0.6994956731796265
65220,6423,4.3210859298706055
65230,6424,1.5260586738586426
65240,6425,0.9615864157676697
65250,6426,0.524444580078125
65260,6427,0.40080398321151733
65270,6428,0.2646271586418152
65280,6429,0.8122768998146057
65290,6430,0.6154486536979675
65300,6431,1.3698019981384277
65310,6432,0.7766327261924744
65320,6433,2.608522891998291
65330,6434,2.2313451766967773
65340,6435,1.0586289167404175
65350,6436,8.966208457946777
65360,6437,1.4044206142425537
65370,6438,0.6311435699462891
65380,6439,3.013948917388916
65390,6440,1.9151374101638794
65400,6441,4.833542823791504
65410,6442,0.6428049802780151
65420,6443,0.44475093483924866
65430,6444,0.7946354746818542
65440,6445,1.2421679496765137
65450,6446,1.76216459274292
65460,6447,3.2558560371398926
65470,6448,2.4000895023345947
65480,6449,0.6270493865013123
65490,6450,0.8395487666130066
65500,6451,1.5267750024795532
65510,6452,0.31537020206451416
65520,6453,1.1448489427566528
65530,6454,0.5147164463996887
65540,6455,0.4060775339603424
65550,6456,0.5342824459075928
65560,6457,1.0492527484893799
65570,6458,1.8996464014053345
65580,6459,1.709346890449524
65590,6460,0.5266140103340149
65600,6461,1.2891736030578613
65610,6462,0.6256380081176758
65620,6463,1.1381194591522217
65630,6464,0.5559868216514587
65640,6465,1.0713413953781128
65650,6466,0.7577784657478333
65660,6467,1.31325101852417
65670,6468,1.8659801483154297
65680,6469,1.082913875579834
65690,6470,0.756278932094574
65700,6471,1.089084506034851
65710,6472,1.4725321531295776
65720,6473,0.8086121082305908
65730,6474,0.21533945202827454
65740,6475,1.0427968502044678
65750,6476,1.2680926322937012
65760,6477,0.9180373549461365
65770,6478,0.8551169037818909
65780,6479,1.1817339658737183
65790,6480,0.7817850112915039
65800,6481,1.1673132181167603
65810,6482,0.6184676885604858
65820,6483,0.3472966253757477
65830,6484,1.185848355293274
65840,6485,0.7092463970184326
65850,6486,1.0663316249847412
65860,6487,0.1613479107618332
65870,6488,2.215766191482544
65880,6489,1.8458951711654663
65890,6490,1.0513906478881836
65900,6491,4.691847801208496
65910,6492,0.5733174681663513
65920,6493,2.680048704147339
65930,6494,1.006455659866333
65940,6495,1.998123049736023
65950,6496,0.9341583251953125
65960,6497,0.767986536026001
65970,6498,0.40925133228302
65980,6499,1.2754656076431274
65990,6500,1.185490369796753
66000,6501,1.4379496574401855
66010,6502,1.503527283668518
66020,6503,0.5906823873519897
66030,6504,2.6046605110168457
66040,6505,1.5857027769088745
66050,6506,0.8514090180397034
66060,6507,3.218256950378418
66070,6508,1.2330843210220337
66080,6509,0.5990022420883179
66090,6510,0.8523575067520142
66100,6511,4.679485321044922
66110,6512,0.8137444257736206
66120,6513,2.3684558868408203
66130,6514,1.3950997591018677
66140,6515,1.1797391176223755
66150,6516,2.6705565452575684
66160,6517,0.8419395089149475
66170,6518,0.7661845684051514
66180,6519,0.9637542366981506
66190,6520,1.2245439291000366
66200,6521,0.833195686340332
66210,6522,1.1985692977905273
66220,6523,6.725869655609131
66230,6524,0.6248294711112976
66240,6525,0.7740738391876221
66250,6526,2.3931498527526855
66260,6527,0.5155651569366455
66270,6528,1.753389835357666
66280,6529,1.2449047565460205
66290,6530,0.4764994978904724
66300,6531,0.7460377812385559
66310,6532,0.46525996923446655
66320,6533,0.4007180333137512
66330,6534,0.6695550680160522
66340,6535,3.8203961849212646
66350,6536,2.0697994232177734
66360,6537,0.8521804809570312
66370,6538,0.8347350358963013
66380,6539,0.8819035291671753
66390,6540,0.6222363710403442
66400,6541,1.2999377250671387
66410,6542,1.7749239206314087
66420,6543,1.480181097984314
66430,6544,1.6345696449279785
66440,6545,5.887170314788818
66450,6546,1.219756841659546
66460,6547,1.6793879270553589
66470,6548,1.9229487180709839
66480,6549,0.40708908438682556
66490,6550,0.8290885090827942
66500,6551,0.9108607769012451
66510,6552,1.883515477180481
66520,6553,0.9395544528961182
66530,6554,0.7378404140472412
66540,6555,1.8564218282699585
66550,6556,1.3920354843139648
66560,6557,0.8952819108963013
66570,6558,1.13399338722229
66580,6559,0.616453230381012
66590,6560,1.065313696861267
66600,6561,0.6444413661956787
66610,6562,6.273090362548828
66620,6563,2.307640552520752
66630,6564,1.549485206604004
66640,6565,0.4172195792198181
66650,6566,2.2046899795532227
66660,6567,2.0007431507110596
66670,6568,0.8388102650642395
66680,6569,1.02167546749115
66690,6570,0.7869986891746521
66700,6571,0.6412274241447449
66710,6572,0.6544864177703857
66720,6573,0.5738428831100464
66730,6574,2.209245204925537
66740,6575,1.3341939449310303
66750,6576,2.633293628692627
66760,6577,1.185928463935852
66770,6578,0.6863709688186646
66780,6579,2.7637007236480713
66790,6580,0.7765406370162964
66800,6581,1.442089319229126
66810,6582,3.7489571571350098
66820,6583,1.6891711950302124
66830,6584,2.636854648590088
66840,6585,1.3210132122039795
66850,6586,0.6906591653823853
66860,6587,0.8409618139266968
66870,6588,1.1077427864074707
66880,6589,1.6453275680541992
66890,6590,2.3033018112182617
66900,6591,1.2182085514068604
66910,6592,1.6809375286102295
66920,6593,1.1710532903671265
66930,6594,5.318922519683838
66940,6595,4.10980749130249
66950,6596,1.1794381141662598
66960,6597,0.9297845959663391
66970,6598,0.810894787311554
66980,6599,1.172676682472229
66990,6600,10.297218322753906
67000,6601,1.2679511308670044
67010,6602,8.622096061706543
67020,6603,1.5398683547973633
67030,6604,0.7248979210853577
67040,6605,1.4815105199813843
67050,6606,2.238738775253296
67060,6607,0.8400395512580872
67070,6608,2.884239673614502
67080,6609,4.084048271179199
67090,6610,2.1689958572387695
67100,6611,1.0593857765197754
67110,6612,1.6562049388885498
67120,6613,5.405030727386475
67130,6614,0.45024898648262024
67140,6615,1.5182547569274902
67150,6616,2.3797483444213867
67160,6617,2.109534502029419
67170,6618,2.5132765769958496
67180,6619,1.50217604637146
67190,6620,0.7267265319824219
67200,6621,1.6822742223739624
67210,6622,1.6642481088638306
67220,6623,2.1704671382904053
67230,6624,2.863178014755249
67240,6625,2.033292293548584
67250,6626,0.8449032306671143
67260,6627,2.194300651550293
67270,6628,0.8295704126358032
67280,6629,0.8480273485183716
67290,6630,1.707831621170044
67300,6631,2.88999342918396
67310,6632,1.214094638824463
67320,6633,1.6543984413146973
67330,6634,2.7767045497894287
67340,6635,0.8683671355247498
67350,6636,0.43196025490760803
67360,6637,0.775294303894043
67370,6638,2.4473469257354736
67380,6639,3.396397113800049
67390,6640,3.167473793029785
67400,6641,0.8980469107627869
67410,6642,1.0723557472229004
67420,6643,4.156177997589111
67430,6644,0.6925910711288452
67440,6645,1.080977439880371
67450,6646,0.7193358540534973
67460,6647,0.5269162058830261
67470,6648,2.15453839302063
67480,6649,1.0456023216247559
67490,6650,2.1586170196533203
67500,6651,1.128178596496582
67510,6652,2.20281982421875
67520,6653,9.148850440979004
67530,6654,2.042095184326172
67540,6655,1.8976984024047852
67550,6656,1.3204410076141357
67560,6657,1.354209542274475
67570,6658,1.182711124420166
67580,6659,0.48973625898361206
67590,6660,0.7853188514709473
67600,6661,2.0205740928649902
67610,6662,1.4436365365982056
67620,6663,1.5011539459228516
67630,6664,0.8892550468444824
67640,6665,0.4377273619174957
67650,6666,0.4774182140827179
67660,6667,1.510899543762207
67670,6668,0.8155638575553894
67680,6669,0.6882849335670471
67690,6670,1.1927345991134644
67700,6671,1.535966157913208
67710,6672,2.863546371459961
67720,6673,2.412555456161499
67730,6674,0.38688158988952637
67740,6675,0.589300274848938
67750,6676,0.7489310503005981
67760,6677,0.7670402526855469
67770,6678,0.3611425459384918
67780,6679,0.4914412200450897
67790,6680,0.2595493495464325
67800,6681,2.295289993286133
67810,6682,0.4777423143386841
67820,6683,0.6776638031005859
67830,6684,1.6825038194656372
67840,6685,1.7550084590911865
67850,6686,6.358618259429932
67860,6687,0.2572377920150757
67870,6688,0.7918446660041809
67880,6689,1.2327404022216797
67890,6690,2.736720323562622
67900,6691,0.5122893452644348
67910,6692,0.4651733934879303
67920,6693,0.40547800064086914
67930,6694,1.0735498666763306
67940,6695,0.7001594305038452
67950,6696,1.0344538688659668
67960,6697,0.2759450674057007
67970,6698,0.7977190613746643
67980,6699,1.3108313083648682
67990,6700,1.0689334869384766
68000,6701,0.9107531309127808
68010,6702,4.638543128967285
68020,6703,1.4564772844314575
68030,6704,1.5234949588775635
68040,6705,1.7447000741958618
68050,6706,0.7614091634750366
68060,6707,1.5199205875396729
68070,6708,11.507628440856934
68080,6709,1.0960278511047363
68090,6710,1.3948454856872559
68100,6711,8.366076469421387
68110,6712,1.5829273462295532
68120,6713,0.9541805386543274
68130,6714,2.8558034896850586
68140,6715,1.9919253587722778
68150,6716,3.209685802459717
68160,6717,0.7497107982635498
68170,6718,1.1042455434799194
68180,6719,0.761296272277832
68190,6720,1.0537501573562622
68200,6721,2.5446054935455322
68210,6722,1.7055457830429077
68220,6723,1.116950511932373
68230,6724,1.2254605293273926
68240,6725,0.6798028349876404
68250,6726,1.2909538745880127
68260,6727,1.4146618843078613
68270,6728,0.3582972586154938
68280,6729,1.7810741662979126
68290,6730,2.368468761444092
68300,6731,1.1590789556503296
68310,6732,0.8962061405181885
68320,6733,1.9837841987609863
68330,6734,7.246324062347412
68340,6735,2.3222579956054688
68350,6736,0.5601939558982849
68360,6737,1.9784892797470093
68370,6738,0.4071327745914459
68380,6739,1.676260232925415
68390,6740,1.4791843891143799
68400,6741,1.3866361379623413
68410,6742,1.002341389656067
68420,6743,2.3839871883392334
68430,6744,1.5100865364074707
68440,6745,1.0674890279769897
68450,6746,2.759503126144409
68460,6747,1.1680988073349
68470,6748,1.0168178081512451
68480,6749,0.8051108121871948
68490,6750,0.9293239116668701
68500,6751,1.1788506507873535
68510,6752,1.0710746049880981
68520,6753,0.9212806820869446
68530,6754,0.7223517298698425
68540,6755,0.8165890574455261
68550,6756,2.002500057220459
68560,6757,1.1285548210144043
68570,6758,4.511590480804443
68580,6759,0.4354383051395416
68590,6760,0.6704400181770325
68600,6761,0.7831747531890869
68610,6762,2.009744644165039
68620,6763,0.6737689971923828
68630,6764,1.0980172157287598
68640,6765,0.3581317365169525
68650,6766,1.7872532606124878
68660,6767,1.8857605457305908
68670,6768,2.385026693344116
68680,6769,0.7373782992362976
68690,6770,0.7410131692886353
68700,6771,0.8936549425125122
68710,6772,2.6133131980895996
68720,6773,1.4097939729690552
68730,6774,1.3433148860931396
68740,6775,1.0163662433624268
68750,6776,1.5051662921905518
68760,6777,0.7066311240196228
68770,6778,0.9051582217216492
68780,6779,1.0926930904388428
68790,6780,5.8989386558532715
68800,6781,2.708662748336792
68810,6782,1.7639960050582886
68820,6783,1.01462721824646
68830,6784,1.3846794366836548
68840,6785,7.878751754760742
68850,6786,1.3904836177825928
68860,6787,0.7611867189407349
68870,6788,0.9334214329719543
68880,6789,1.0130497217178345
68890,6790,2.104604721069336
68900,6791,3.007077932357788
68910,6792,1.1195005178451538
68920,6793,1.9762604236602783
68930,6794,0.8476176261901855
68940,6795,1.4552927017211914
68950,6796,0.8469306826591492
68960,6797,1.1531400680541992
68970,6798,0.7791602611541748
68980,6799,0.31531190872192383
68990,6800,0.5603197813034058
69000,6801,1.1894679069519043
69010,6802,0.8149027824401855
69020,6803,0.950690507888794
69030,6804,2.1329615116119385
69040,6805,1.077843189239502
69050,6806,0.8916671276092529
69060,6807,3.606020450592041
69070,6808,2.528122663497925
69080,6809,1.7799744606018066
69090,6810,2.1237709522247314
69100,6811,2.424584150314331
69110,6812,1.2187033891677856
69120,6813,0.6127667427062988
69130,6814,2.19530987739563
69140,6815,1.242087960243225
69150,6816,0.7236383557319641
69160,6817,1.095872163772583
69170,6818,1.6297208070755005
69180,6819,1.1249034404754639
69190,6820,1.0899577140808105
69200,6821,1.7915849685668945
69210,6822,2.371170997619629
69220,6823,1.134159803390503
69230,6824,0.8005595803260803
69240,6825,0.5748373866081238
69250,6826,0.9455344676971436
69260,6827,0.9209361672401428
69270,6828,1.0039478540420532
69280,6829,0.6651361584663391
69290,6830,1.0017229318618774
69300,6831,11.003307342529297
69310,6832,1.2489780187606812
69320,6833,0.9553164839744568
69330,6834,1.220022201538086
69340,6835,0.6736750602722168
69350,6836,1.6628773212432861
69360,6837,0.701225757598877
69370,6838,0.7196066975593567
69380,6839,7.866899013519287
69390,6840,1.9085792303085327
69400,6841,5.7188591957092285
69410,6842,0.9696458578109741
69420,6843,2.9583568572998047
69430,6844,1.8224552869796753
69440,6845,1.941258430480957
69450,6846,1.1256283521652222
69460,6847,1.4857063293457031
69470,6848,0.5219178795814514
69480,6849,7.802809238433838
69490,6850,0.8309256434440613
69500,6851,1.492370843887329
69510,6852,2.094512701034546
69520,6853,0.9556862711906433
69530,6854,0.8959853053092957
69540,6855,0.4822010099887848
69550,6856,2.330526113510132
69560,6857,0.9819748401641846
69570,6858,2.4546356201171875
69580,6859,1.2484996318817139
69590,6860,1.940110445022583
69600,6861,1.6327303647994995
69610,6862,1.856642246246338
69620,6863,2.771941661834717
69630,6864,4.338501453399658
69640,6865,2.299041748046875
69650,6866,1.390099287033081
69660,6867,6.846670627593994
69670,6868,9.384316444396973
69680,6869,8.193561553955078
69690,6870,3.794372320175171
69700,6871,0.9987499117851257
69710,6872,4.478860855102539
69720,6873,1.1038357019424438
69730,6874,0.9186720848083496
69740,6875,2.9168272018432617
69750,6876,1.853769063949585
69760,6877,0.7658238410949707
69770,6878,1.586977243423462
69780,6879,4.625222206115723
69790,6880,1.5757527351379395
69800,6881,1.9151943922042847
69810,6882,1.0769602060317993
69820,6883,2.006005048751831
69830,6884,3.665658712387085
69840,6885,1.7090398073196411
69850,6886,3.109572649002075
69860,6887,1.8877471685409546
69870,6888,1.0902258157730103
69880,6889,2.574138641357422
69890,6890,1.3930526971817017
69900,6891,1.6592328548431396
69910,6892,0.9757683873176575
69920,6893,0.6858030557632446
69930,6894,0.9951931834220886
69940,6895,1.147933840751648
69950,6896,0.8532662987709045
69960,6897,1.8533974885940552
69970,6898,0.9717943668365479
69980,6899,0.776164174079895
69990,6900,1.288550615310669
70000,6901,1.4556609392166138
70010,6902,2.3187153339385986
70020,6903,2.6024675369262695
70030,6904,1.4977877140045166
70040,6905,1.808955430984497
70050,6906,6.662441730499268
70060,6907,2.0150880813598633
70070,6908,6.694753170013428
70080,6909,1.1300684213638306
70090,6910,0.6699832081794739
70100,6911,6.670851707458496
70110,6912,1.8419080972671509
70120,6913,1.6155441999435425
70130,6914,2.053603172302246
70140,6915,2.2818760871887207
70150,6916,0.8876267075538635
70160,6917,0.6297429800033569
70170,6918,2.5346527099609375
70180,6919,1.223273754119873
70190,6920,0.9732398390769958
70200,6921,2.264404058456421
70210,6922,0.7028813362121582
70220,6923,1.0923817157745361
70230,6924,1.241041898727417
70240,6925,1.9912346601486206
70250,6926,0.544020414352417
70260,6927,1.5927571058273315
70270,6928,0.7367751002311707
70280,6929,0.639551043510437
70290,6930,0.9185138940811157
70300,6931,1.030625820159912
70310,6932,1.1287144422531128
70320,6933,1.483875036239624
70330,6934,5.918178081512451
70340,6935,0.935486376285553
70350,6936,1.3500181436538696
70360,6937,1.2706419229507446
70370,6938,2.090510845184326
70380,6939,0.9909704327583313
70390,6940,0.7410436272621155
70400,6941,0.605543851852417
70410,6942,0.2755029797554016
70420,6943,0.42605358362197876
70430,6944,1.7803369760513306
70440,6945,2.6227080821990967
70450,6946,1.2801811695098877
70460,6947,1.1717373132705688
70470,6948,1.819007396697998
70480,6949,0.9735216498374939
70490,6950,1.1433824300765991
70500,6951,0.872888445854187
70510,6952,0.5030611157417297
70520,6953,1.6571072340011597
70530,6954,0.43321919441223145
70540,6955,8.9192476272583
70550,6956,0.6886520385742188
70560,6957,1.8661540746688843
70570,6958,2.34224534034729
70580,6959,0.9763982892036438
70590,6960,1.8655214309692383
70600,6961,1.6098048686981201
70610,6962,1.2685540914535522
70620,6963,0.8005843162536621
70630,6964,2.0394043922424316
70640,6965,1.6833558082580566
70650,6966,1.1405839920043945
70660,6967,0.6370404362678528
70670,6968,1.423071026802063
70680,6969,1.536673903465271
70690,6970,0.7707313299179077
70700,6971,1.0828267335891724
70710,6972,1.0442883968353271
70720,6973,0.6103676557540894
70730,6974,0.7634344100952148
70740,6975,0.7999323606491089
70750,6976,2.3586483001708984
70760,6977,0.7560663223266602
70770,6978,0.5290419459342957
70780,6979,2.2912302017211914
70790,6980,0.7125617265701294
70800,6981,1.1079778671264648
70810,6982,0.5892868638038635
70820,6983,0.7058684229850769
70830,6984,0.8127740621566772
70840,6985,1.5825755596160889
70850,6986,2.993602752685547
70860,6987,3.1316750049591064
70870,6988,0.8143162131309509
70880,6989,0.7031874656677246
70890,6990,0.6856098771095276
70900,6991,1.4829416275024414
70910,6992,0.7553853988647461
70920,6993,1.24378502368927
70930,6994,0.512519121170044
70940,6995,2.539761781692505
70950,6996,2.781829833984375
70960,6997,0.7990953326225281
70970,6998,0.8593685030937195
70980,6999,2.228402614593506
70990,7000,5.2045392990112305
71000,7001,2.428895950317383
71010,7002,4.846137523651123
71020,7003,1.0850797891616821
71030,7004,2.1244277954101562
71040,7005,1.2683287858963013
71050,7006,1.260541558265686
71060,7007,1.6039907932281494
71070,7008,1.308113932609558
71080,7009,1.5609298944473267
71090,7010,1.0641307830810547
71100,7011,1.0855987071990967
71110,7012,1.0025453567504883
71120,7013,1.2739739418029785
71130,7014,0.641346275806427
71140,7015,6.6528520584106445
71150,7016,0.9609484672546387
71160,7017,1.3362916707992554
71170,7018,1.01772141456604
71180,7019,0.7891336679458618
71190,7020,2.4320549964904785
71200,7021,1.672349214553833
71210,7022,1.0836232900619507
71220,7023,0.6766955256462097
71230,7024,0.8207533359527588
71240,7025,0.9719009399414062
71250,7026,1.9677926301956177
71260,7027,0.5364872217178345
71270,7028,2.0332562923431396
71280,7029,1.4098163843154907
71290,7030,0.7850880026817322
71300,7031,1.3999857902526855
71310,7032,0.5049039125442505
71320,7033,0.8534845113754272
71330,7034,0.9672833681106567
71340,7035,1.3282660245895386
71350,7036,0.7184287905693054
71360,7037,0.766016960144043
71370,7038,0.7924771308898926
71380,7039,1.286757230758667
71390,7040,1.770924687385559
71400,7041,1.7393935918807983
71410,7042,1.2023333311080933
71420,7043,1.0938047170639038
71430,7044,1.4829323291778564
71440,7045,0.8462097644805908
71450,7046,0.9215540289878845
71460,7047,2.3307204246520996
71470,7048,0.8698554039001465
71480,7049,0.6453897356987
71490,7050,3.023501396179199
71500,7051,0.9482753276824951
71510,7052,1.3925961256027222
71520,7053,1.1556141376495361
71530,7054,0.9136252403259277
71540,7055,1.0124729871749878
71550,7056,0.8891381621360779
71560,7057,0.903656005859375
71570,7058,0.9457510709762573
71580,7059,2.8251962661743164
71590,7060,0.8699291944503784
71600,7061,0.9498267769813538
71610,7062,1.9135239124298096
71620,7063,1.384652018547058
71630,7064,1.819886326789856
71640,7065,1.0075119733810425
71650,7066,0.9764292240142822
71660,7067,1.3633551597595215
71670,7068,2.4726057052612305
71680,7069,0.7052558660507202
71690,7070,1.198752999305725
71700,7071,1.729881763458252
71710,7072,1.834328293800354
71720,7073,2.025662422180176
71730,7074,1.114539384841919
71740,7075,6.065571308135986
71750,7076,1.1295928955078125
71760,7077,1.2531425952911377
71770,7078,1.2501968145370483
71780,7079,0.3240416646003723
71790,7080,0.6269421577453613
71800,7081,1.9845125675201416
71810,7082,1.6979420185089111
71820,7083,1.2370843887329102
71830,7084,1.4568084478378296
71840,7085,1.049044132232666
71850,7086,1.4144917726516724
71860,7087,0.8800911903381348
71870,7088,1.0987370014190674
71880,7089,2.228928804397583
71890,7090,0.6672276854515076
71900,7091,2.182025909423828
71910,7092,0.8054130673408508
71920,7093,1.3659703731536865
71930,7094,0.9317437410354614
71940,7095,0.9289582967758179
71950,7096,1.4475293159484863
71960,7097,1.0780668258666992
71970,7098,1.4712281227111816
71980,7099,0.6243427991867065
71990,7100,0.46027567982673645
72000,7101,2.1468589305877686
72010,7102,0.7756950259208679
72020,7103,0.7843009233474731
72030,7104,1.1052968502044678
72040,7105,1.0861728191375732
72050,7106,0.9172600507736206
72060,7107,1.8336670398712158
72070,7108,2.55851411819458
72080,7109,1.2500132322311401
72090,7110,1.5839322805404663
72100,7111,0.6790204048156738
72110,7112,0.937024712562561
72120,7113,2.5409939289093018
72130,7114,0.5653918385505676
72140,7115,1.1023045778274536
72150,7116,1.4840960502624512
72160,7117,1.200041651725769
72170,7118,1.5439889430999756
72180,7119,0.45550793409347534
72190,7120,1.3665108680725098
72200,7121,1.4533023834228516
72210,7122,0.749801754951477
72220,7123,0.8709190487861633
72230,7124,0.7532605528831482
72240,7125,1.084333062171936
72250,7126,1.7051976919174194
72260,7127,0.9965968728065491
72270,7128,0.8426035642623901
72280,7129,0.7808461785316467
72290,7130,0.44844502210617065
72300,7131,1.5484992265701294
72310,7132,0.4870249629020691
72320,7133,1.1154283285140991
72330,7134,0.5326175689697266
72340,7135,0.8542601466178894
72350,7136,0.822642982006073
72360,7137,1.1541166305541992
72370,7138,0.8430755138397217
72380,7139,0.7419862747192383
72390,7140,0.8871666789054871
72400,7141,0.6903119683265686
72410,7142,0.7754690647125244
72420,7143,1.6753175258636475
72430,7144,1.2616978883743286
72440,7145,1.46095609664917
72450,7146,1.067405343055725
72460,7147,0.5174456834793091
72470,7148,0.9167416095733643
72480,7149,0.3973981738090515
72490,7150,0.5526573657989502
72500,7151,2.1780662536621094
72510,7152,0.8038721680641174
72520,7153,1.3352478742599487
72530,7154,0.6614601612091064
72540,7155,0.7326935529708862
72550,7156,2.7655155658721924
72560,7157,1.271616816520691
72570,7158,0.37089335918426514
72580,7159,1.1687372922897339
72590,7160,6.331996917724609
72600,7161,1.8382041454315186
72610,7162,0.5234092473983765
72620,7163,0.6898937225341797
72630,7164,0.9224205613136292
72640,7165,1.3182951211929321
72650,7166,1.129070520401001
72660,7167,1.828656792640686
72670,7168,1.4757916927337646
72680,7169,1.352372169494629
72690,7170,0.5975840091705322
72700,7171,1.5735549926757812
72710,7172,0.9366708993911743
72720,7173,0.8987010717391968
72730,7174,0.85923171043396
72740,7175,0.8584432601928711
72750,7176,0.6708346009254456
72760,7177,1.1211707592010498
72770,7178,0.6623753309249878
72780,7179,1.0854485034942627
72790,7180,0.48274534940719604
72800,7181,1.208370327949524
72810,7182,0.7152103185653687
72820,7183,0.8276284337043762
72830,7184,2.1598589420318604
72840,7185,6.563040733337402
72850,7186,3.0463380813598633
72860,7187,6.4053144454956055
72870,7188,0.7204717397689819
72880,7189,1.4911575317382812
72890,7190,1.1404775381088257
72900,7191,10.212160110473633
72910,7192,2.11541748046875
72920,7193,0.5048276782035828
72930,7194,0.8490095138549805
72940,7195,2.2247703075408936
72950,7196,0.7337498068809509
72960,7197,1.0097522735595703
72970,7198,0.9154601693153381
72980,7199,0.5997435450553894
72990,7200,0.608249306678772
73000,7201,0.3931047320365906
73010,7202,1.6028691530227661
73020,7203,1.1411484479904175
73030,7204,1.2147341966629028
73040,7205,0.9098154306411743
73050,7206,1.4715720415115356
73060,7207,6.650712013244629
73070,7208,8.69062328338623
73080,7209,1.0166287422180176
73090,7210,1.2666237354278564
73100,7211,1.1362112760543823
73110,7212,0.7493261694908142
73120,7213,1.4639500379562378
73130,7214,1.1450458765029907
73140,7215,0.9462577700614929
73150,7216,0.9964296221733093
73160,7217,3.376096487045288
73170,7218,3.5599775314331055
73180,7219,2.6986498832702637
73190,7220,1.8540852069854736
73200,7221,1.167695164680481
73210,7222,1.952667474746704
73220,7223,0.5867188572883606
73230,7224,4.397945404052734
73240,7225,2.0219688415527344
73250,7226,1.9565109014511108
73260,7227,3.4079086780548096
73270,7228,7.350772380828857
73280,7229,1.3331279754638672
73290,7230,1.1973273754119873
73300,7231,0.9347550272941589
73310,7232,2.9410457611083984
73320,7233,1.7179183959960938
73330,7234,1.3631620407104492
73340,7235,1.2497365474700928
73350,7236,1.9444010257720947
73360,7237,1.2537773847579956
73370,7238,1.2585774660110474
73380,7239,0.7948993444442749
73390,7240,0.665332555770874
73400,7241,0.6113848090171814
73410,7242,1.5664421319961548
73420,7243,1.5676368474960327
73430,7244,3.8534369468688965
73440,7245,0.6879685521125793
73450,7246,0.4721406102180481
73460,7247,5.159632205963135
73470,7248,1.9149255752563477
73480,7249,0.7639533877372742
73490,7250,0.49563848972320557
73500,7251,2.0116701126098633
73510,7252,1.5798393487930298
73520,7253,0.3022196590900421
73530,7254,0.7585686445236206
73540,7255,1.5926692485809326
73550,7256,1.3316967487335205
73560,7257,1.011292815208435
73570,7258,0.7547047138214111
73580,7259,0.6928544044494629
73590,7260,7.5802717208862305
73600,7261,1.3441933393478394
73610,7262,0.9684515595436096
73620,7263,2.918360710144043
73630,7264,0.7266882061958313
73640,7265,0.38592037558555603
73650,7266,0.7158476710319519
73660,7267,0.5439932942390442
73670,7268,1.0184682607650757
73680,7269,0.5014051795005798
73690,7270,1.8034403324127197
73700,7271,2.776252031326294
73710,7272,2.8436646461486816
73720,7273,2.1104214191436768
73730,7274,2.5917105674743652
73740,7275,2.216783046722412
73750,7276,0.9745470285415649
73760,7277,1.125210165977478
73770,7278,5.132452487945557
73780,7279,0.7724049091339111
73790,7280,1.11989426612854
73800,7281,1.0860543251037598
73810,7282,0.4470216929912567
73820,7283,0.49658510088920593
73830,7284,0.255888432264328
73840,7285,1.0374125242233276
73850,7286,0.8181556463241577
73860,7287,0.5421050190925598
73870,7288,0.5784352421760559
73880,7289,1.316277027130127
73890,7290,1.429437518119812
73900,7291,7.757833957672119
73910,7292,1.2031500339508057
73920,7293,1.1809049844741821
73930,7294,3.7848634719848633
73940,7295,1.0637226104736328
73950,7296,1.363572597503662
73960,7297,1.7590090036392212
73970,7298,0.5841500163078308
73980,7299,1.1828118562698364
73990,7300,0.5048854947090149
74000,7301,0.2990075647830963
74010,7302,3.336042642593384
74020,7303,0.912399411201477
74030,7304,4.512192249298096
74040,7305,0.9884715676307678
74050,7306,1.1742023229599
74060,7307,1.0161758661270142
74070,7308,0.6066368818283081
74080,7309,9.58832836151123
74090,7310,0.6390262842178345
74100,7311,3.032930374145508
74110,7312,0.5542935132980347
74120,7313,0.882246732711792
74130,7314,0.5992820858955383
74140,7315,1.267809271812439
74150,7316,0.7745312452316284
74160,7317,0.5209860801696777
74170,7318,0.7828721404075623
74180,7319,1.7869027853012085
74190,7320,1.7161436080932617
74200,7321,3.13801908493042
74210,7322,2.0950169563293457
74220,7323,0.5936013460159302
74230,7324,2.749656915664673
74240,7325,0.6476396322250366
74250,7326,1.3978919982910156
74260,7327,1.4160168170928955
74270,7328,1.4572504758834839
74280,7329,1.5710391998291016
74290,7330,0.8605743646621704
74300,7331,1.1103999614715576
74310,7332,0.6204084157943726
74320,7333,1.4695407152175903
74330,7334,0.8330848813056946
74340,7335,8.881505966186523
74350,7336,1.9480302333831787
74360,7337,1.0982811450958252
74370,7338,1.2964844703674316
74380,7339,1.8736158609390259
74390,7340,4.70136022567749
74400,7341,1.1151186227798462
74410,7342,5.353146076202393
74420,7343,1.3590600490570068
74430,7344,1.4100215435028076
74440,7345,0.48138755559921265
74450,7346,4.295801639556885
74460,7347,1.123950719833374
74470,7348,0.6882099509239197
74480,7349,0.6006214618682861
74490,7350,0.3843410909175873
74500,7351,2.5620763301849365
74510,7352,1.4178515672683716
74520,7353,1.0289907455444336
74530,7354,0.8902037143707275
74540,7355,0.9426263570785522
74550,7356,1.5261344909667969
74560,7357,0.9926843643188477
74570,7358,1.1134967803955078
74580,7359,0.8251094818115234
74590,7360,0.9583197236061096
74600,7361,1.262937068939209
74610,7362,5.4605865478515625
74620,7363,0.7871555089950562
74630,7364,2.7464261054992676
74640,7365,0.8869695663452148
74650,7366,9.44275951385498
74660,7367,1.155900478363037
74670,7368,1.6084200143814087
74680,7369,0.5479403734207153
74690,7370,0.5637313723564148
74700,7371,0.8027002811431885
74710,7372,1.1382005214691162
74720,7373,0.39400461316108704
74730,7374,0.7157278060913086
74740,7375,1.1828622817993164
74750,7376,0.43821629881858826
74760,7377,0.6008883714675903
74770,7378,1.5630059242248535
74780,7379,0.47715070843696594
74790,7380,1.2862972021102905
74800,7381,7.0562591552734375
74810,7382,2.3659074306488037
74820,7383,0.5874817967414856
74830,7384,2.423901081085205
74840,7385,6.101429462432861
74850,7386,1.545575499534607
74860,7387,0.8284580707550049
74870,7388,0.8458253741264343
74880,7389,0.9206554889678955
74890,7390,0.8352965116500854
74900,7391,1.2255859375
74910,7392,0.70166015625
74920,7393,0.5960462689399719
74930,7394,1.0870991945266724
74940,7395,0.6960408091545105
74950,7396,0.8784646987915039
74960,7397,0.5316301584243774
74970,7398,1.281765341758728
74980,7399,0.4174601137638092
74990,7400,0.8698909878730774
75000,7401,0.9617789387702942
75010,7402,1.4360264539718628
75020,7403,1.3115050792694092
75030,7404,1.9561165571212769
75040,7405,1.561089038848877
75050,7406,5.706921577453613
75060,7407,0.9616594910621643
75070,7408,1.345045804977417
75080,7409,1.4434850215911865
75090,7410,1.4236910343170166
75100,7411,1.0474064350128174
75110,7412,1.1342782974243164
75120,7413,2.4616963863372803
75130,7414,1.274660348892212
75140,7415,1.8709514141082764
75150,7416,0.8293452858924866
75160,7417,2.46999454498291
75170,7418,1.0294768810272217
75180,7419,0.463614284992218
75190,7420,0.316681832075119
75200,7421,1.5340062379837036
75210,7422,2.1993331909179688
75220,7423,2.184964656829834
75230,7424,0.9696791172027588
75240,7425,1.341435194015503
75250,7426,0.43060025572776794
75260,7427,0.7380120754241943
75270,7428,1.731702208518982
75280,7429,1.238055944442749
75290,7430,2.759934902191162
75300,7431,1.7859878540039062
75310,7432,1.053601622581482
75320,7433,1.3575060367584229
75330,7434,1.2332645654678345
75340,7435,1.0636777877807617
75350,7436,0.6825054883956909
75360,7437,1.8666408061981201
75370,7438,1.4736158847808838
75380,7439,1.7616033554077148
75390,7440,1.466194987297058
75400,7441,0.8229913115501404
75410,7442,1.677880048751831
75420,7443,0.6429538726806641
75430,7444,1.1514679193496704
75440,7445,5.124100208282471
75450,7446,0.9379847049713135
75460,7447,0.5008622407913208
75470,7448,6.530420303344727
75480,7449,1.9664721488952637
75490,7450,1.1602352857589722
75500,7451,1.12428617477417
75510,7452,1.5230252742767334
75520,7453,0.3360753655433655
75530,7454,1.353701114654541
75540,7455,0.6658313870429993
75550,7456,0.5351570844650269
75560,7457,0.45672526955604553
75570,7458,1.2281198501586914
75580,7459,0.6579558253288269
75590,7460,3.031270980834961
75600,7461,1.0571904182434082
75610,7462,2.095118999481201
75620,7463,0.8004432916641235
75630,7464,0.5012896060943604
75640,7465,1.4673819541931152
75650,7466,1.601999282836914
75660,7467,1.1888365745544434
75670,7468,1.3194485902786255
75680,7469,1.7411381006240845
75690,7470,1.9664970636367798
75700,7471,3.9017515182495117
75710,7472,1.7255041599273682
75720,7473,0.32321053743362427
75730,7474,0.8812599778175354
75740,7475,1.7793445587158203
75750,7476,8.376618385314941
75760,7477,1.6889817714691162
75770,7478,1.3895618915557861
75780,7479,1.875091552734375
75790,7480,2.0593812465667725
75800,7481,2.533067226409912
75810,7482,0.3963988721370697
75820,7483,0.727755069732666
75830,7484,1.540228247642517
75840,7485,0.8178468346595764
75850,7486,1.0418422222137451
75860,7487,1.7492419481277466
75870,7488,1.0938522815704346
75880,7489,1.078273057937622
75890,7490,1.8078049421310425
75900,7491,1.211698055267334
75910,7492,0.9896008968353271
75920,7493,2.4341022968292236
75930,7494,1.857837200164795
75940,7495,1.8400614261627197
75950,7496,4.260074615478516
75960,7497,1.2259896993637085
75970,7498,1.472671389579773
75980,7499,1.9441258907318115
75990,7500,1.5834596157073975
76000,7501,2.770359754562378
76010,7502,1.157483458518982
76020,7503,2.157165765762329
76030,7504,0.9732120633125305
76040,7505,1.1329283714294434
76050,7506,0.7389954328536987
76060,7507,1.7925776243209839
76070,7508,1.6225478649139404
76080,7509,8.676582336425781
76090,7510,1.629027009010315
76100,7511,1.7128174304962158
76110,7512,1.73774254322052
76120,7513,1.6695914268493652
76130,7514,0.7358502149581909
76140,7515,1.018959403038025
76150,7516,1.4506361484527588
76160,7517,2.224836587905884
76170,7518,1.210130214691162
76180,7519,0.5573734641075134
76190,7520,1.186949372291565
76200,7521,1.5446264743804932
76210,7522,1.0435012578964233
76220,7523,1.3935930728912354
76230,7524,1.0849233865737915
76240,7525,1.2921662330627441
76250,7526,1.006028175354004
76260,7527,2.2632880210876465
76270,7528,1.0579277276992798
76280,7529,0.6589840054512024
76290,7530,1.3712142705917358
76300,7531,0.8929832577705383
76310,7532,1.9225587844848633
76320,7533,0.6562363505363464
76330,7534,0.5090509057044983
76340,7535,1.5355502367019653
76350,7536,1.4567447900772095
76360,7537,0.9574702978134155
76370,7538,1.3674381971359253
76380,7539,1.7932617664337158
76390,7540,7.1823649406433105
76400,7541,0.7827852964401245
76410,7542,1.1144907474517822
76420,7543,0.9242444634437561
76430,7544,1.3835760354995728
76440,7545,1.9784371852874756
76450,7546,1.5890123844146729
76460,7547,1.9103840589523315
76470,7548,1.2954597473144531
76480,7549,0.7147865295410156
76490,7550,0.9223623871803284
76500,7551,0.9376274943351746
76510,7552,0.5817144513130188
76520,7553,1.1887468099594116
76530,7554,0.9322342872619629
76540,7555,1.8795920610427856
76550,7556,1.6194112300872803
76560,7557,1.0541749000549316
76570,7558,1.2231826782226562
76580,7559,0.9604256749153137
76590,7560,0.4888271689414978
76600,7561,2.40161395072937
76610,7562,0.7436872124671936
76620,7563,1.2555198669433594
76630,7564,1.583192229270935
76640,7565,4.314230442047119
76650,7566,0.7428475618362427
76660,7567,6.738163948059082
76670,7568,0.6097128391265869
76680,7569,2.1463639736175537
76690,7570,1.8766205310821533
76700,7571,0.3932707905769348
76710,7572,1.2944648265838623
76720,7573,1.9203765392303467
76730,7574,2.1764941215515137
76740,7575,2.3832316398620605
76750,7576,1.4188117980957031
76760,7577,1.3616061210632324
76770,7578,1.3775994777679443
76780,7579,2.5502946376800537
76790,7580,1.0244847536087036
76800,7581,1.3286147117614746
76810,7582,0.6001380085945129
76820,7583,2.1057894229888916
76830,7584,1.0672132968902588
76840,7585,6.581997871398926
76850,7586,3.8854806423187256
76860,7587,1.0670932531356812
76870,7588,1.1870217323303223
76880,7589,2.5907912254333496
76890,7590,1.4734631776809692
76900,7591,1.6452564001083374
76910,7592,0.42821475863456726
76920,7593,2.380429983139038
76930,7594,4.084576606750488
76940,7595,0.6715652346611023
76950,7596,1.2419697046279907
76960,7597,1.2005538940429688
76970,7598,1.1088716983795166
76980,7599,1.431660771369934
76990,7600,1.3083099126815796
77000,7601,0.6054509878158569
77010,7602,1.3324017524719238
77020,7603,1.4978469610214233
77030,7604,2.0323939323425293
77040,7605,0.9789878129959106
77050,7606,1.2525193691253662
77060,7607,1.054505467414856
77070,7608,2.2568044662475586
77080,7609,0.9233984351158142
77090,7610,1.7100690603256226
77100,7611,0.9386169910430908
77110,7612,1.458975911140442
77120,7613,2.1713483333587646
77130,7614,1.402093768119812
77140,7615,3.6060993671417236
77150,7616,1.1315488815307617
77160,7617,1.3652838468551636
77170,7618,1.4321600198745728
77180,7619,1.5941383838653564
77190,7620,2.05169939994812
77200,7621,2.5742990970611572
77210,7622,3.76149320602417
77220,7623,0.644169807434082
77230,7624,1.0831972360610962
77240,7625,1.3803123235702515
77250,7626,2.2209720611572266
77260,7627,0.4430164694786072
77270,7628,0.7741648554801941
77280,7629,1.7877333164215088
77290,7630,1.1041139364242554
77300,7631,1.7453885078430176
77310,7632,5.025443077087402
77320,7633,1.8471250534057617
77330,7634,5.091006278991699
77340,7635,1.3838924169540405
77350,7636,0.9099482297897339
77360,7637,1.5004490613937378
77370,7638,0.7717241644859314
77380,7639,4.043478965759277
77390,7640,0.7527117133140564
77400,7641,3.4758989810943604
77410,7642,2.4089865684509277
77420,7643,0.8552733659744263
77430,7644,5.772610187530518
77440,7645,4.328280925750732
77450,7646,1.0635465383529663
77460,7647,1.427722692489624
77470,7648,2.5270445346832275
77480,7649,1.8774667978286743
77490,7650,1.102517008781433
77500,7651,0.8561546802520752
77510,7652,0.9956725835800171
77520,7653,2.5305275917053223
77530,7654,1.4209312200546265
77540,7655,2.066143274307251
77550,7656,1.64096200466156
77560,7657,2.053330659866333
77570,7658,1.44141685962677
77580,7659,1.2726653814315796
77590,7660,1.4700748920440674
77600,7661,1.025762915611267
77610,7662,1.7189580202102661
77620,7663,0.9509184956550598
77630,7664,2.398486852645874
77640,7665,1.1954320669174194
77650,7666,1.6302556991577148
77660,7667,1.2587854862213135
77670,7668,3.0282485485076904
77680,7669,1.0251058340072632
77690,7670,2.0555641651153564
77700,7671,0.9822075366973877
77710,7672,6.955814838409424
77720,7673,1.1427910327911377
77730,7674,1.551754355430603
77740,7675,1.2516340017318726
77750,7676,1.189299464225769
77760,7677,0.5295313000679016
77770,7678,2.7810328006744385
77780,7679,0.8194329142570496
77790,7680,3.190847158432007
77800,7681,6.632431507110596
77810,7682,0.6819795966148376
77820,7683,0.62458336353302
77830,7684,2.048091411590576
77840,7685,1.4954510927200317
77850,7686,0.6336798667907715
77860,7687,1.0988810062408447
77870,7688,1.738373041152954
77880,7689,1.0672874450683594
77890,7690,1.8311253786087036
77900,7691,1.744025468826294
77910,7692,1.80535888671875
77920,7693,0.9220425486564636
77930,7694,5.302292346954346
77940,7695,0.765711784362793
77950,7696,0.6105971932411194
77960,7697,1.247307538986206
77970,7698,0.7139379978179932
77980,7699,2.2642927169799805
77990,7700,1.0728538036346436
78000,7701,0.3846183121204376
78010,7702,1.802743673324585
78020,7703,3.073413848876953
78030,7704,1.702579379081726
78040,7705,1.25089430809021
78050,7706,3.8506405353546143
78060,7707,2.4748144149780273
78070,7708,3.1203579902648926
78080,7709,1.3598538637161255
78090,7710,1.1951534748077393
78100,7711,2.0033483505249023
78110,7712,1.2326031923294067
78120,7713,1.140200138092041
78130,7714,1.5616734027862549
78140,7715,2.656355142593384
78150,7716,2.061918020248413
78160,7717,4.0536885261535645
78170,7718,0.7131707072257996
78180,7719,1.9724000692367554
78190,7720,1.2580785751342773
78200,7721,1.2659767866134644
78210,7722,1.5590569972991943
78220,7723,0.9317002296447754
78230,7724,2.287785768508911
78240,7725,1.3744163513183594
78250,7726,1.890702486038208
78260,7727,1.273957371711731
78270,7728,0.9581283926963806
78280,7729,0.5420303344726562
78290,7730,1.4857614040374756
78300,7731,1.155326247215271
78310,7732,0.6465444564819336
78320,7733,7.36914587020874
78330,7734,2.112942934036255
78340,7735,1.0909053087234497
78350,7736,2.6481480598449707
78360,7737,0.7947913408279419
78370,7738,0.39630404114723206
78380,7739,0.5584736466407776
78390,7740,1.2655529975891113
78400,7741,1.2815585136413574
78410,7742,0.5912765860557556
78420,7743,0.7874859571456909
78430,7744,0.22208504378795624
78440,7745,1.2285257577896118
78450,7746,1.2099937200546265
78460,7747,0.9807040691375732
78470,7748,1.0830682516098022
78480,7749,0.5876250267028809
78490,7750,1.7109934091567993
78500,7751,0.7805670499801636
78510,7752,0.8850573897361755
78520,7753,0.9583792686462402
78530,7754,1.3580580949783325
78540,7755,0.8678478002548218
78550,7756,1.6369867324829102
78560,7757,1.1377589702606201
78570,7758,2.36272931098938
78580,7759,0.823718249797821
78590,7760,0.5180783271789551
78600,7761,4.095156192779541
78610,7762,0.39008671045303345
78620,7763,1.8602385520935059
78630,7764,2.2178921699523926
78640,7765,1.424149513244629
78650,7766,1.1377685070037842
78660,7767,0.7101946473121643
78670,7768,1.5702153444290161
78680,7769,0.9955111742019653
78690,7770,1.0572980642318726
78700,7771,1.537553071975708
78710,7772,0.9927559494972229
78720,7773,0.9419644474983215
78730,7774,0.8002468347549438
78740,7775,2.5005102157592773
78750,7776,1.4223084449768066
78760,7777,0.7696781158447266
78770,7778,1.0169728994369507
78780,7779,0.31295424699783325
78790,7780,1.1255947351455688
78800,7781,6.266798496246338
78810,7782,3.161505937576294
78820,7783,0.7491760849952698
78830,7784,1.9251537322998047
78840,7785,0.4561270773410797
78850,7786,1.8235797882080078
78860,7787,0.9217516183853149
78870,7788,1.0439529418945312
78880,7789,1.0211609601974487
78890,7790,1.2315635681152344
78900,7791,1.0644794702529907
78910,7792,0.9433104991912842
78920,7793,1.0804511308670044
78930,7794,2.114291191101074
78940,7795,1.0217068195343018
78950,7796,0.7381083965301514
78960,7797,2.4517083168029785
78970,7798,0.5696262717247009
78980,7799,0.6357970237731934
78990,7800,1.5225619077682495
79000,7801,0.7191364169120789
79010,7802,2.823810577392578
79020,7803,2.1225812435150146
79030,7804,2.4053328037261963
79040,7805,1.9817636013031006
79050,7806,8.02367115020752
79060,7807,1.986433744430542
79070,7808,4.096463203430176
79080,7809,1.1193150281906128
79090,7810,4.745125770568848
79100,7811,1.1785602569580078
79110,7812,1.2304819822311401
79120,7813,0.9650208950042725
79130,7814,0.843609631061554
79140,7815,1.0400530099868774
79150,7816,1.4815415143966675
79160,7817,2.1894664764404297
79170,7818,0.7309237718582153
79180,7819,1.5476983785629272
79190,7820,1.5091137886047363
79200,7821,0.95023113489151
79210,7822,0.9762343168258667
79220,7823,1.3897181749343872
79230,7824,1.9889216423034668
79240,7825,0.3633503019809723
79250,7826,1.3208796977996826
79260,7827,0.764434278011322
79270,7828,3.6024742126464844
79280,7829,0.8980596661567688
79290,7830,0.46839281916618347
79300,7831,0.8746721744537354
79310,7832,1.047987461090088
79320,7833,1.1972825527191162
79330,7834,2.067171096801758
79340,7835,0.9228407144546509
79350,7836,1.7920520305633545
79360,7837,1.0525656938552856
79370,7838,0.7538708448410034
79380,7839,1.8348848819732666
79390,7840,0.8329113721847534
79400,7841,2.163977861404419
79410,7842,1.7523208856582642
79420,7843,0.9390137791633606
79430,7844,0.42471662163734436
79440,7845,0.965502142906189
79450,7846,3.4308981895446777
79460,7847,1.9076735973358154
79470,7848,3.1095893383026123
79480,7849,1.1946889162063599
79490,7850,4.79179573059082
79500,7851,1.0192092657089233
79510,7852,0.7473157048225403
79520,7853,0.6823150515556335
79530,7854,1.1145904064178467
79540,7855,0.9835367202758789
79550,7856,1.1514160633087158
79560,7857,2.2925405502319336
79570,7858,1.3303502798080444
79580,7859,0.4499281942844391
79590,7860,1.2633312940597534
79600,7861,0.9913347959518433
79610,7862,3.729823589324951
79620,7863,1.7322218418121338
79630,7864,0.7447224855422974
79640,7865,5.873290538787842
79650,7866,1.4699715375900269
79660,7867,0.5114068388938904
79670,7868,0.305144339799881
79680,7869,0.593966007232666
79690,7870,0.8379108309745789
79700,7871,6.818183422088623
79710,7872,0.61436527967453
79720,7873,8.839326858520508
79730,7874,2.4105963706970215
79740,7875,2.5631589889526367
79750,7876,0.836427628993988
79760,7877,4.968522548675537
79770,7878,1.7130212783813477
79780,7879,0.9627824425697327
79790,7880,1.561964511871338
79800,7881,1.2232784032821655
79810,7882,1.6493122577667236
79820,7883,2.5682311058044434
79830,7884,1.675469994544983
79840,7885,8.014181137084961
79850,7886,0.43877866864204407
79860,7887,2.13008189201355
79870,7888,1.7971749305725098
79880,7889,0.6520187854766846
79890,7890,0.7952951192855835
79900,7891,1.6163166761398315
79910,7892,2.3879098892211914
79920,7893,8.66872787475586
79930,7894,1.406833529472351
79940,7895,0.7064024209976196
79950,7896,0.9160014986991882
79960,7897,1.0952669382095337
79970,7898,2.578420877456665
79980,7899,1.3160313367843628
79990,7900,1.1440452337265015
80000,7901,6.030754566192627
80010,7902,1.8532649278640747
80020,7903,2.5833394527435303
80030,7904,2.1517624855041504
80040,7905,1.6203982830047607
80050,7906,1.8646719455718994
80060,7907,0.878259003162384
80070,7908,1.120168924331665
80080,7909,0.9089892506599426
80090,7910,1.0804469585418701
80100,7911,9.586896896362305
80110,7912,0.8048723936080933
80120,7913,1.3315272331237793
80130,7914,1.5134748220443726
80140,7915,3.4033899307250977
80150,7916,2.0979719161987305
80160,7917,1.3993949890136719
80170,7918,1.4140796661376953
80180,7919,1.331156611442566
80190,7920,1.9343101978302002
80200,7921,0.8018147945404053
80210,7922,0.8878165483474731
80220,7923,0.8743513822555542
80230,7924,1.3951501846313477
80240,7925,0.5035462379455566
80250,7926,1.659525752067566
80260,7927,0.6003731489181519
80270,7928,0.7612450122833252
80280,7929,2.5253355503082275
80290,7930,1.8378077745437622
80300,7931,1.0168458223342896
80310,7932,0.8872690200805664
80320,7933,1.1757711172103882
80330,7934,1.4753828048706055
80340,7935,1.4661791324615479
80350,7936,2.204961061477661
80360,7937,1.4740114212036133
80370,7938,2.1711313724517822
80380,7939,1.7780258655548096
80390,7940,1.3536567687988281
80400,7941,1.2785438299179077
80410,7942,0.8439862728118896
80420,7943,0.29895728826522827
80430,7944,1.9600269794464111
80440,7945,0.894111692905426
80450,7946,2.23813533782959
80460,7947,3.0468361377716064
80470,7948,1.4797505140304565
80480,7949,1.5884915590286255
80490,7950,0.6522858738899231
80500,7951,7.951610088348389
80510,7952,0.3843017518520355
80520,7953,1.3396542072296143
80530,7954,0.9565616250038147
80540,7955,4.047378063201904
80550,7956,0.776229977607727
80560,7957,0.7524477243423462
80570,7958,1.050283432006836
80580,7959,0.9633756279945374
80590,7960,0.6446273922920227
80600,7961,2.6288251876831055
80610,7962,1.568116545677185
80620,7963,0.626676619052887
80630,7964,2.441962242126465
80640,7965,0.9781491756439209
80650,7966,1.0047322511672974
80660,7967,0.9571868181228638
80670,7968,1.2770459651947021
80680,7969,1.250285029411316
80690,7970,0.5971651077270508
80700,7971,1.3385637998580933
80710,7972,7.106677055358887
80720,7973,1.7270214557647705
80730,7974,1.8173754215240479
80740,7975,0.6842836141586304
80750,7976,1.3212841749191284
80760,7977,0.7919337749481201
80770,7978,1.5922901630401611
80780,7979,0.43148085474967957
80790,7980,0.6942445635795593
80800,7981,0.7632662653923035
80810,7982,1.3404700756072998
80820,7983,1.9316961765289307
80830,7984,0.8677508234977722
80840,7985,0.545830488204956
80850,7986,1.1343427896499634
80860,7987,0.24185983836650848
80870,7988,1.2370414733886719
80880,7989,2.2954866886138916
80890,7990,0.789471447467804
80900,7991,0.48172181844711304
80910,7992,1.7518656253814697
80920,7993,1.5054839849472046
80930,7994,4.005964279174805
80940,7995,0.28859320282936096
80950,7996,1.4305572509765625
80960,7997,0.8819676041603088
80970,7998,0.4081776440143585
80980,7999,1.1980350017547607
80990,8000,0.37141725420951843
81000,8001,0.8786423206329346
81010,8002,2.239105701446533
81020,8003,1.6549102067947388
81030,8004,0.8215733766555786
81040,8005,1.1588038206100464
81050,8006,1.587522268295288
81060,8007,1.1056209802627563
81070,8008,1.1396949291229248
81080,8009,1.2827225923538208
81090,8010,1.4794952869415283
81100,8011,2.455087661743164
81110,8012,1.06606125831604
81120,8013,1.5085734128952026
81130,8014,5.164682388305664
81140,8015,1.0209952592849731
81150,8016,0.9586833715438843
81160,8017,2.122068166732788
81170,8018,1.4924333095550537
81180,8019,1.9663975238800049
81190,8020,3.2600035667419434
81200,8021,1.2114219665527344
81210,8022,1.0442533493041992
81220,8023,1.364251971244812
81230,8024,0.895845353603363
81240,8025,1.4191123247146606
81250,8026,1.789618968963623
81260,8027,1.2967945337295532
81270,8028,0.9868063926696777
81280,8029,1.9231641292572021
81290,8030,1.0373945236206055
81300,8031,1.359795093536377
81310,8032,2.168182373046875
81320,8033,1.2833147048950195
81330,8034,1.2876811027526855
81340,8035,1.0935086011886597
81350,8036,1.6221379041671753
81360,8037,0.5647563338279724
81370,8038,0.8590790033340454
81380,8039,0.9488073587417603
81390,8040,5.968317031860352
81400,8041,1.7777856588363647
81410,8042,0.5667116641998291
81420,8043,1.335651159286499
81430,8044,0.4769023060798645
81440,8045,1.1261173486709595
81450,8046,0.8467462062835693
81460,8047,1.5196919441223145
81470,8048,2.036001205444336
81480,8049,0.7855979800224304
81490,8050,0.5920210480690002
81500,8051,0.29949113726615906
81510,8052,1.1566321849822998
81520,8053,1.1041456460952759
81530,8054,1.2282721996307373
81540,8055,1.0193901062011719
81550,8056,1.3013360500335693
81560,8057,0.8536374568939209
81570,8058,1.2020070552825928
81580,8059,1.4201278686523438
81590,8060,0.9184825420379639
81600,8061,1.3182432651519775
81610,8062,2.1283938884735107
81620,8063,0.5574000477790833
81630,8064,2.0064144134521484
81640,8065,2.6398329734802246
81650,8066,0.6131339073181152
81660,8067,0.923416256904602
81670,8068,8.078667640686035
81680,8069,1.3122936487197876
81690,8070,1.3391364812850952
81700,8071,1.539413332939148
81710,8072,6.822889804840088
81720,8073,0.7144137620925903
81730,8074,0.9544564485549927
81740,8075,1.9684548377990723
81750,8076,4.173928260803223
81760,8077,1.668960452079773
81770,8078,0.6524131894111633
81780,8079,0.6024547815322876
81790,8080,0.6389109492301941
81800,8081,4.02276086807251
81810,8082,1.5257019996643066
81820,8083,1.5364009141921997
81830,8084,0.9847639799118042
81840,8085,0.6036228537559509
81850,8086,1.0589882135391235
81860,8087,1.7620961666107178
81870,8088,2.1891446113586426
81880,8089,0.7471409440040588
81890,8090,0.79276043176651
81900,8091,0.9294665455818176
81910,8092,1.254454493522644
81920,8093,3.567546844482422
81930,8094,0.7438522577285767
81940,8095,1.3082994222640991
81950,8096,2.08951473236084
81960,8097,1.0410361289978027
81970,8098,1.3003727197647095
81980,8099,1.4609301090240479
81990,8100,1.384749412536621
82000,8101,1.209496259689331
82010,8102,1.460033655166626
82020,8103,1.5531373023986816
82030,8104,1.55745267868042
82040,8105,0.9260265827178955
82050,8106,3.9964001178741455
82060,8107,1.0774592161178589
82070,8108,0.8701990246772766
82080,8109,2.8866584300994873
82090,8110,1.3566527366638184
82100,8111,2.4794275760650635
82110,8112,1.0136102437973022
82120,8113,2.2689685821533203
82130,8114,0.7704695463180542
82140,8115,0.44903862476348877
82150,8116,0.9105998277664185
82160,8117,1.6094098091125488
82170,8118,1.608022928237915
82180,8119,1.7212116718292236
82190,8120,0.9758827686309814
82200,8121,2.9649274349212646
82210,8122,1.673858880996704
82220,8123,1.1780484914779663
82230,8124,3.0020387172698975
82240,8125,2.6183266639709473
82250,8126,0.8222735524177551
82260,8127,0.28876978158950806
82270,8128,3.0315611362457275
82280,8129,0.6163175702095032
82290,8130,1.2117581367492676
82300,8131,0.9730958938598633
82310,8132,0.3760015666484833
82320,8133,0.7492690086364746
82330,8134,0.8332890272140503
82340,8135,1.189168095588684
82350,8136,1.684307336807251
82360,8137,0.6910181641578674
82370,8138,0.7113618850708008
82380,8139,1.3174262046813965
82390,8140,1.45166015625
82400,8141,0.6739276647567749
82410,8142,0.8421781659126282
82420,8143,1.8095118999481201
82430,8144,1.2131227254867554
82440,8145,1.5034421682357788
82450,8146,1.2444438934326172
82460,8147,1.0722140073776245
82470,8148,2.014568328857422
82480,8149,2.724226236343384
82490,8150,1.8968586921691895
82500,8151,2.8149008750915527
82510,8152,1.1072406768798828
82520,8153,1.1232707500457764
82530,8154,2.668264627456665
82540,8155,1.1114466190338135
82550,8156,1.2041807174682617
82560,8157,1.2939283847808838
82570,8158,1.002827525138855
82580,8159,0.9946415424346924
82590,8160,0.9221731424331665
82600,8161,0.623579740524292
82610,8162,1.2456910610198975
82620,8163,0.6710256338119507
82630,8164,1.541243553161621
82640,8165,1.001414179801941
82650,8166,1.4282639026641846
82660,8167,1.1080753803253174
82670,8168,0.6133025288581848
82680,8169,1.1428347826004028
82690,8170,0.7329514026641846
82700,8171,3.507964611053467
82710,8172,0.6567225456237793
82720,8173,1.2098166942596436
82730,8174,0.7916601300239563
82740,8175,4.802946090698242
82750,8176,2.456861734390259
82760,8177,1.2979704141616821
82770,8178,0.34041139483451843
82780,8179,0.8196187615394592
82790,8180,1.489389419555664
82800,8181,0.927359938621521
82810,8182,0.9162917137145996
82820,8183,1.14417564868927
82830,8184,0.6071133613586426
82840,8185,2.2096238136291504
82850,8186,1.2328468561172485
82860,8187,1.1954681873321533
82870,8188,3.363795280456543
82880,8189,1.2747962474822998
82890,8190,0.8922733664512634
82900,8191,3.853166103363037
82910,8192,0.7304677367210388
82920,8193,1.820652723312378
82930,8194,1.0211255550384521
82940,8195,1.9640263319015503
82950,8196,1.1055591106414795
82960,8197,4.5159382820129395
82970,8198,1.686139464378357
82980,8199,0.9342013597488403
82990,8200,1.2275222539901733
83000,8201,2.5835211277008057
83010,8202,1.540381908416748
83020,8203,2.1535537242889404
83030,8204,1.0199642181396484
83040,8205,1.5899910926818848
83050,8206,1.5640360116958618
83060,8207,1.2401723861694336
83070,8208,1.284428358078003
83080,8209,2.3799426555633545
83090,8210,1.1291592121124268
83100,8211,2.8604345321655273
83110,8212,1.6743148565292358
83120,8213,5.480623722076416
83130,8214,1.2510292530059814
83140,8215,2.120265483856201
83150,8216,2.1112678050994873
83160,8217,1.1702258586883545
83170,8218,2.269674777984619
83180,8219,0.9165006279945374
83190,8220,1.4846208095550537
83200,8221,1.017695426940918
83210,8222,0.7392049431800842
83220,8223,1.3547316789627075
83230,8224,1.0026353597640991
83240,8225,1.3164558410644531
83250,8226,1.686881184577942
83260,8227,7.629820346832275
83270,8228,0.8384691476821899
83280,8229,0.7809104919433594
83290,8230,0.9839863777160645
83300,8231,1.6056236028671265
83310,8232,1.1737061738967896
83320,8233,1.3885517120361328
83330,8234,0.8336789011955261
83340,8235,1.1172263622283936
83350,8236,1.6875391006469727
83360,8237,1.650730013847351
83370,8238,0.6682377457618713
83380,8239,2.209266185760498
83390,8240,0.949855625629425
83400,8241,1.1429160833358765
83410,8242,1.5575276613235474
83420,8243,1.558566689491272
83430,8244,1.7339586019515991
83440,8245,0.8929502367973328
83450,8246,1.3224419355392456
83460,8247,2.0003719329833984
83470,8248,3.4545340538024902
83480,8249,1.2510404586791992
83490,8250,2.008685827255249
83500,8251,0.5588520169258118
83510,8252,0.885081946849823
83520,8253,0.5516610741615295
83530,8254,0.7499760985374451
83540,8255,0.4238896369934082
83550,8256,1.5481173992156982
83560,8257,0.9398236274719238
83570,8258,1.1176557540893555
83580,8259,1.061470866203308
83590,8260,1.0954265594482422
83600,8261,1.7672909498214722
83610,8262,1.4865069389343262
83620,8263,1.310555100440979
83630,8264,1.003113865852356
83640,8265,3.347748279571533
83650,8266,1.5932127237319946
83660,8267,0.6572612524032593
83670,8268,1.7257091999053955
83680,8269,2.0297789573669434
83690,8270,5.015967845916748
83700,8271,0.8420909643173218
83710,8272,0.7428153157234192
83720,8273,1.4437838792800903
83730,8274,0.7799268960952759
83740,8275,0.6738032698631287
83750,8276,0.8980473875999451
83760,8277,0.7167204022407532
83770,8278,1.03902006149292
83780,8279,2.313694477081299
83790,8280,2.196427822113037
83800,8281,0.5062370896339417
83810,8282,3.5084609985351562
83820,8283,0.7698620557785034
83830,8284,1.0219274759292603
83840,8285,0.9696087837219238
83850,8286,1.427742838859558
83860,8287,1.3232614994049072
83870,8288,1.1813445091247559
83880,8289,0.8708053231239319
83890,8290,1.1737992763519287
83900,8291,0.946217954158783
83910,8292,1.2086127996444702
83920,8293,0.5183196663856506
83930,8294,1.563865065574646
83940,8295,1.5702359676361084
83950,8296,2.6666972637176514
83960,8297,1.217352271080017
83970,8298,1.0581644773483276
83980,8299,0.7921764850616455
83990,8300,1.4744540452957153
84000,8301,0.6669473648071289
84010,8302,1.74468195438385
84020,8303,2.376828908920288
84030,8304,1.0590327978134155
84040,8305,0.8050163984298706
84050,8306,1.972346305847168
84060,8307,0.9850128889083862
84070,8308,2.018826484680176
84080,8309,0.9395040273666382
84090,8310,1.9432072639465332
84100,8311,3.8573713302612305
84110,8312,0.621146023273468
84120,8313,0.9691778421401978
84130,8314,1.1376992464065552
84140,8315,0.8986783027648926
84150,8316,1.444958209991455
84160,8317,1.175622820854187
84170,8318,1.7486528158187866
84180,8319,1.418531894683838
84190,8320,3.3216288089752197
84200,8321,0.8845335245132446
84210,8322,1.3932068347930908
84220,8323,1.3907334804534912
84230,8324,0.639838457107544
84240,8325,0.852874755859375
84250,8326,2.3157217502593994
84260,8327,0.5877276062965393
84270,8328,0.4608933925628662
84280,8329,1.4008169174194336
84290,8330,0.9016410112380981
84300,8331,0.741387128829956
84310,8332,2.4813709259033203
84320,8333,0.7665783762931824
84330,8334,3.424306869506836
84340,8335,0.9366945624351501
84350,8336,0.8646199107170105
84360,8337,0.4469946622848511
84370,8338,1.7494481801986694
84380,8339,0.8480329513549805
84390,8340,0.7020266056060791
84400,8341,1.4332265853881836
84410,8342,1.2035064697265625
84420,8343,2.8997318744659424
84430,8344,0.4205373525619507
84440,8345,0.8064371943473816
84450,8346,2.7225310802459717
84460,8347,2.2893295288085938
84470,8348,1.231954574584961
84480,8349,0.7016025185585022
84490,8350,0.5735578536987305
84500,8351,0.6403297185897827
84510,8352,2.0586349964141846
84520,8353,1.414551019668579
84530,8354,1.0318089723587036
84540,8355,1.7655541896820068
84550,8356,4.342877388000488
84560,8357,1.8724597692489624
84570,8358,2.1273138523101807
84580,8359,2.2451586723327637
84590,8360,0.9872357249259949
84600,8361,1.263678789138794
84610,8362,1.2414536476135254
84620,8363,1.9560973644256592
84630,8364,1.1904804706573486
84640,8365,1.6121076345443726
84650,8366,0.7715957164764404
84660,8367,0.46370211243629456
84670,8368,0.700361430644989
84680,8369,0.67665034532547
84690,8370,0.711401104927063
84700,8371,0.6848400235176086
84710,8372,0.756928026676178
84720,8373,1.492674469947815
84730,8374,0.6872780919075012
84740,8375,0.8173118829727173
84750,8376,8.811365127563477
84760,8377,1.6061301231384277
84770,8378,1.2225947380065918
84780,8379,0.2789395749568939
84790,8380,0.6204836368560791
84800,8381,1.4362671375274658
84810,8382,0.5187270641326904
84820,8383,1.7294957637786865
84830,8384,0.5913301706314087
84840,8385,0.9136203527450562
84850,8386,1.680507779121399
84860,8387,1.7706632614135742
84870,8388,1.4626230001449585
84880,8389,0.9429325461387634
84890,8390,0.932110071182251
84900,8391,1.5146725177764893
84910,8392,0.6757692694664001
84920,8393,0.15679524838924408
84930,8394,0.48368677496910095
84940,8395,0.6031373143196106
84950,8396,0.4765729010105133
84960,8397,0.5165082216262817
84970,8398,0.577250063419342
84980,8399,1.1216853857040405
84990,8400,2.7561562061309814
85000,8401,1.994889497756958
85010,8402,1.4945378303527832
85020,8403,1.6879371404647827
85030,8404,5.168430805206299
85040,8405,1.24444580078125
85050,8406,1.4125028848648071
85060,8407,0.8901501297950745
85070,8408,0.849532961845398
85080,8409,0.6409256458282471
85090,8410,1.2943713665008545
85100,8411,0.8336023092269897
85110,8412,0.6605243682861328
85120,8413,1.589327335357666
85130,8414,2.3187596797943115
85140,8415,1.3377063274383545
85150,8416,1.3137187957763672
85160,8417,0.8109435439109802
85170,8418,1.0665030479431152
85180,8419,12.872105598449707
85190,8420,4.06641960144043
85200,8421,1.1426894664764404
85210,8422,2.8369479179382324
85220,8423,0.416216641664505
85230,8424,1.3584222793579102
85240,8425,1.1464461088180542
85250,8426,1.1240686178207397
85260,8427,1.3109480142593384
85270,8428,1.044702172279358
85280,8429,0.9970727562904358
85290,8430,1.7690024375915527
85300,8431,2.0939972400665283
85310,8432,0.6738218069076538
85320,8433,0.6031070947647095
85330,8434,1.0947822332382202
85340,8435,1.811420202255249
85350,8436,0.42847925424575806
85360,8437,1.141646146774292
85370,8438,2.9767637252807617
85380,8439,1.1283622980117798
85390,8440,2.3087897300720215
85400,8441,1.2398545742034912
85410,8442,1.8172883987426758
85420,8443,1.3023498058319092
85430,8444,1.5307693481445312
85440,8445,2.4742443561553955
85450,8446,1.6037687063217163
85460,8447,2.211977958679199
85470,8448,1.9572010040283203
85480,8449,1.4315307140350342
85490,8450,0.8233402371406555
85500,8451,0.748961329460144
85510,8452,0.7162418365478516
85520,8453,0.7504619359970093
85530,8454,0.9307370185852051
85540,8455,2.438239812850952
85550,8456,3.131608486175537
85560,8457,1.8878288269042969
85570,8458,0.545677125453949
85580,8459,1.0668858289718628
85590,8460,1.3665672540664673
85600,8461,1.0012552738189697
85610,8462,0.8939085602760315
85620,8463,1.4479246139526367
85630,8464,3.853425979614258
85640,8465,0.9332959055900574
85650,8466,2.0907235145568848
85660,8467,1.1743768453598022
85670,8468,0.5122411847114563
85680,8469,0.8599857687950134
85690,8470,0.5576743483543396
85700,8471,0.5404171943664551
85710,8472,1.0199954509735107
85720,8473,0.9335758090019226
85730,8474,0.622730553150177
85740,8475,0.8792932033538818
85750,8476,0.3575867712497711
85760,8477,0.4406028687953949
85770,8478,0.7200952768325806
85780,8479,1.0214288234710693
85790,8480,0.520765483379364
85800,8481,1.0807050466537476
85810,8482,1.1820801496505737
85820,8483,0.7894014120101929
85830,8484,0.3528430759906769
85840,8485,0.5608333349227905
85850,8486,0.47864460945129395
85860,8487,0.4792764186859131
85870,8488,0.8910178542137146
85880,8489,1.0979814529418945
85890,8490,0.6999417543411255
85900,8491,0.913057804107666
85910,8492,3.242784023284912
85920,8493,3.8136911392211914
85930,8494,5.103593826293945
85940,8495,3.0685930252075195
85950,8496,0.6891666054725647
85960,8497,0.4954603910446167
85970,8498,0.6688269376754761
85980,8499,0.7668954133987427
85990,8500,0.6056213974952698
86000,8501,0.9876890182495117
86010,8502,1.1914514303207397
86020,8503,0.8055700659751892
86030,8504,1.4026561975479126
86040,8505,2.3767361640930176
86050,8506,2.793931245803833
86060,8507,2.927021026611328
86070,8508,1.3614177703857422
86080,8509,1.6454709768295288
86090,8510,0.7779566049575806
86100,8511,1.0432395935058594
86110,8512,2.627326250076294
86120,8513,1.3564798831939697
86130,8514,1.578514575958252
86140,8515,1.6798964738845825
86150,8516,1.2309367656707764
86160,8517,4.318652153015137
86170,8518,0.9881108999252319
86180,8519,0.9142118692398071
86190,8520,1.0743319988250732
86200,8521,0.9213614463806152
86210,8522,3.2385635375976562
86220,8523,0.5738579034805298
86230,8524,2.014005422592163
86240,8525,1.1367335319519043
86250,8526,0.9666293859481812
86260,8527,0.5724384784698486
86270,8528,0.40019533038139343
86280,8529,0.6679129600524902
86290,8530,0.9634636640548706
86300,8531,0.4973730444908142
86310,8532,0.6013116240501404
86320,8533,1.1760188341140747
86330,8534,1.01204252243042
86340,8535,2.1950671672821045
86350,8536,0.7956342697143555
86360,8537,0.7001668214797974
86370,8538,1.0281031131744385
86380,8539,2.8013031482696533
86390,8540,1.0752750635147095
86400,8541,1.9286679029464722
86410,8542,1.0025205612182617
86420,8543,5.772033214569092
86430,8544,0.758621096611023
86440,8545,0.8545412421226501
86450,8546,1.1460052728652954
86460,8547,0.7374073266983032
86470,8548,1.599071979522705
86480,8549,1.0551369190216064
86490,8550,1.3003466129302979
86500,8551,0.46346989274024963
86510,8552,1.0274522304534912
86520,8553,0.8793926239013672
86530,8554,0.9425908923149109
86540,8555,0.8869361877441406
86550,8556,0.9351050853729248
86560,8557,1.0812721252441406
86570,8558,0.9107233881950378
86580,8559,1.732300043106079
86590,8560,0.3758302330970764
86600,8561,0.3789926767349243
86610,8562,0.5336135625839233
86620,8563,0.6616735458374023
86630,8564,0.5971055626869202
86640,8565,0.8369083404541016
86650,8566,1.5913150310516357
86660,8567,0.7108712196350098
86670,8568,1.2696384191513062
86680,8569,0.9194451570510864
86690,8570,0.6181225776672363
86700,8571,0.9146912693977356
86710,8572,1.0627316236495972
86720,8573,0.36258578300476074
86730,8574,0.4104248881340027
86740,8575,0.758070707321167
86750,8576,1.8983732461929321
86760,8577,0.3834841251373291
86770,8578,1.432040810585022
86780,8579,0.4191904664039612
86790,8580,0.5944381356239319
86800,8581,0.49957191944122314
86810,8582,1.8038136959075928
86820,8583,1.084370493888855
86830,8584,4.4326958656311035
86840,8585,1.711121678352356
86850,8586,0.5793139338493347
86860,8587,0.3495316505432129
86870,8588,0.6367458701133728
86880,8589,1.4950177669525146
86890,8590,0.6602859497070312
86900,8591,0.830575704574585
86910,8592,0.5850558280944824
86920,8593,0.7744103670120239
86930,8594,0.7559889554977417
86940,8595,0.4993854761123657
86950,8596,0.9391687512397766
86960,8597,0.6214739084243774
86970,8598,0.8148868680000305
86980,8599,0.916043221950531
86990,8600,0.17956912517547607
87000,8601,2.4663867950439453
87010,8602,2.115190029144287
87020,8603,1.2891298532485962
87030,8604,0.5333840847015381
87040,8605,3.5699353218078613
87050,8606,1.289926290512085
87060,8607,2.3623459339141846
87070,8608,1.3665282726287842
87080,8609,0.8565165996551514
87090,8610,1.3766487836837769
87100,8611,0.8551770448684692
87110,8612,1.389920711517334
87120,8613,2.0481526851654053
87130,8614,1.2973779439926147
87140,8615,0.7669638991355896
87150,8616,0.7464714050292969
87160,8617,0.7579020261764526
87170,8618,0.7902829647064209
87180,8619,0.6546157002449036
87190,8620,1.5003224611282349
87200,8621,2.1641182899475098
87210,8622,1.1322021484375
87220,8623,0.7270745038986206
87230,8624,0.46931591629981995
87240,8625,2.0830109119415283
87250,8626,2.825446605682373
87260,8627,0.9706981182098389
87270,8628,1.0767505168914795
87280,8629,0.9562957882881165
87290,8630,0.5289182662963867
87300,8631,2.164252519607544
87310,8632,0.7221058011054993
87320,8633,1.4381505250930786
87330,8634,0.434964120388031
87340,8635,0.43731051683425903
87350,8636,1.341729998588562
87360,8637,0.8920316696166992
87370,8638,1.1144510507583618
87380,8639,4.714413166046143
87390,8640,0.5906988382339478
87400,8641,2.3452630043029785
87410,8642,0.48285359144210815
87420,8643,3.9133710861206055
87430,8644,1.1216503381729126
87440,8645,0.7063892483711243
87450,8646,0.9186506867408752
87460,8647,0.6931279897689819
87470,8648,0.673481822013855
87480,8649,0.3181597888469696
87490,8650,1.7409446239471436
87500,8651,1.9601340293884277
87510,8652,0.6159818172454834
87520,8653,0.8863582611083984
87530,8654,1.1071138381958008
87540,8655,1.1378979682922363
87550,8656,0.5875846147537231
87560,8657,0.35517531633377075
87570,8658,1.0562814474105835
87580,8659,5.499639987945557
87590,8660,1.9525216817855835
87600,8661,0.38190996646881104
87610,8662,1.3723015785217285
87620,8663,1.4705331325531006
87630,8664,0.6729041337966919
87640,8665,2.1251285076141357
87650,8666,3.1118249893188477
87660,8667,0.24271494150161743
87670,8668,1.1293364763259888
87680,8669,0.7980782389640808
87690,8670,1.106363296508789
87700,8671,0.8247313499450684
87710,8672,1.4406993389129639
87720,8673,0.6240072250366211
87730,8674,0.543665885925293
87740,8675,1.5442603826522827
87750,8676,0.7733405828475952
87760,8677,2.0255074501037598
87770,8678,1.0792264938354492
87780,8679,1.8432416915893555
87790,8680,1.4628065824508667
87800,8681,3.3733818531036377
87810,8682,0.2395821213722229
87820,8683,1.2240251302719116
87830,8684,4.93179178237915
87840,8685,1.194623351097107
87850,8686,0.5738435983657837
87860,8687,0.41477784514427185
87870,8688,1.0209033489227295
87880,8689,1.104331135749817
87890,8690,1.1961265802383423
87900,8691,0.2643052637577057
87910,8692,0.3737659752368927
87920,8693,0.43939319252967834
87930,8694,0.902220606803894
87940,8695,0.6651865839958191
87950,8696,0.7268678545951843
87960,8697,0.38688209652900696
87970,8698,0.585660994052887
87980,8699,0.3391585648059845
87990,8700,0.7710838317871094
88000,8701,0.92388916015625
88010,8702,2.7127530574798584
88020,8703,0.8775449991226196
88030,8704,1.9802768230438232
88040,8705,1.6212356090545654
88050,8706,0.8777574300765991
88060,8707,1.1281988620758057
88070,8708,1.0538612604141235
88080,8709,1.4922528266906738
88090,8710,1.1343168020248413
88100,8711,4.269362926483154
88110,8712,1.4989280700683594
88120,8713,1.5930089950561523
88130,8714,1.3343003988265991
88140,8715,1.1079411506652832
88150,8716,1.8252885341644287
88160,8717,0.794926106929779
88170,8718,1.98812997341156
88180,8719,6.422485828399658
88190,8720,1.1643803119659424
88200,8721,0.7822971343994141
88210,8722,0.6570318341255188
88220,8723,1.1509593725204468
88230,8724,1.596952199935913
88240,8725,2.132094383239746
88250,8726,0.48271358013153076
88260,8727,3.3765199184417725
88270,8728,1.3252986669540405
88280,8729,0.6225283145904541
88290,8730,1.7032363414764404
88300,8731,1.2647360563278198
88310,8732,1.3875114917755127
88320,8733,1.9068329334259033
88330,8734,0.7213383913040161
88340,8735,1.247014045715332
88350,8736,5.37599515914917
88360,8737,1.898498296737671
88370,8738,0.903151273727417
88380,8739,1.5406960248947144
88390,8740,2.2030985355377197
88400,8741,2.1169538497924805
88410,8742,0.531434953212738
88420,8743,1.2183834314346313
88430,8744,0.8046697974205017
88440,8745,1.3290635347366333
88450,8746,7.336116790771484
88460,8747,0.6566001176834106
88470,8748,0.5062776207923889
88480,8749,1.1354707479476929
88490,8750,0.5975475311279297
88500,8751,7.526589870452881
88510,8752,1.0219531059265137
88520,8753,1.094833254814148
88530,8754,1.102630615234375
88540,8755,0.5517038106918335
88550,8756,0.8918251395225525
88560,8757,0.805425763130188
88570,8758,1.506978988647461
88580,8759,0.8461230993270874
88590,8760,1.3619440793991089
88600,8761,0.8315393924713135
88610,8762,0.6880074739456177
88620,8763,1.046953797340393
88630,8764,0.9067715406417847
88640,8765,0.6113021373748779
88650,8766,0.4325768053531647
88660,8767,0.5857734680175781
88670,8768,1.8835220336914062
88680,8769,0.9729796648025513
88690,8770,0.9730711579322815
88700,8771,1.2450754642486572
88710,8772,0.5155045986175537
88720,8773,0.7671247720718384
88730,8774,0.563167929649353
88740,8775,0.3634117543697357
88750,8776,4.764623641967773
88760,8777,1.4019771814346313
88770,8778,1.1742995977401733
88780,8779,0.8473897576332092
88790,8780,0.4669075310230255
88800,8781,0.5864810943603516
88810,8782,1.1352685689926147
88820,8783,0.9017025232315063
88830,8784,0.7367762923240662
88840,8785,0.7840512990951538
88850,8786,2.54447078704834
88860,8787,1.0742636919021606
88870,8788,0.912227213382721
88880,8789,3.3385910987854004
88890,8790,2.26446533203125
88900,8791,1.881446123123169
88910,8792,0.6189563274383545
88920,8793,1.0085597038269043
88930,8794,1.5240750312805176
88940,8795,0.7111601233482361
88950,8796,1.1867718696594238
88960,8797,0.7151029109954834
88970,8798,0.9524698257446289
88980,8799,0.5018810033798218
88990,8800,1.3162249326705933
89000,8801,0.5447927117347717
89010,8802,0.7404001951217651
89020,8803,1.0940864086151123
89030,8804,0.8599828481674194
89040,8805,1.4006704092025757
89050,8806,1.8337814807891846
89060,8807,0.710856556892395
89070,8808,1.677742838859558
89080,8809,18.559146881103516
89090,8810,1.155932903289795
89100,8811,0.909003496170044
89110,8812,0.9348524212837219
89120,8813,1.6436984539031982
89130,8814,2.6946263313293457
89140,8815,0.8639445304870605
89150,8816,2.4856855869293213
89160,8817,2.187394618988037
89170,8818,1.1796441078186035
89180,8819,1.1957906484603882
89190,8820,0.8711161017417908
89200,8821,1.1850900650024414
89210,8822,0.8213751912117004
89220,8823,0.8025795817375183
89230,8824,1.0603199005126953
89240,8825,0.4875352084636688
89250,8826,0.9313153624534607
89260,8827,0.7521508932113647
89270,8828,1.3304212093353271
89280,8829,1.5388773679733276
89290,8830,1.7790334224700928
89300,8831,2.2476179599761963
89310,8832,4.269883632659912
89320,8833,0.41806691884994507
89330,8834,1.1934387683868408
89340,8835,2.061654567718506
89350,8836,0.7945054769515991
89360,8837,0.38724035024642944
89370,8838,0.41902995109558105
89380,8839,0.5365261435508728
89390,8840,0.49935197830200195
89400,8841,1.0990813970565796
89410,8842,3.461289882659912
89420,8843,1.0321879386901855
89430,8844,1.314027190208435
89440,8845,1.759698748588562
89450,8846,1.2215248346328735
89460,8847,1.5514192581176758
89470,8848,1.4343481063842773
89480,8849,0.9117045402526855
89490,8850,0.9652184844017029
89500,8851,0.8990713953971863
89510,8852,0.48246797919273376
89520,8853,0.7021434903144836
89530,8854,2.692634105682373
89540,8855,0.5274601578712463
89550,8856,1.4338984489440918
89560,8857,2.5401222705841064
89570,8858,1.3564683198928833
89580,8859,2.3467092514038086
89590,8860,0.4626205861568451
89600,8861,2.461733341217041
89610,8862,1.4690274000167847
89620,8863,1.3607609272003174
89630,8864,1.7899127006530762
89640,8865,2.145143747329712
89650,8866,0.9337629675865173
89660,8867,1.1414103507995605
89670,8868,0.5585539937019348
89680,8869,0.6583446264266968
89690,8870,0.6978745460510254
89700,8871,0.9910224080085754
89710,8872,1.1188913583755493
89720,8873,0.7591184377670288
89730,8874,0.6771880984306335
89740,8875,1.4644969701766968
89750,8876,0.5814946889877319
89760,8877,0.5581362843513489
89770,8878,0.6682382225990295
89780,8879,0.28209078311920166
89790,8880,3.9468801021575928
89800,8881,0.7562975883483887
89810,8882,0.4391860365867615
89820,8883,0.6968944668769836
89830,8884,0.6326085925102234
89840,8885,0.3594399690628052
89850,8886,0.38531211018562317
89860,8887,1.3871822357177734
89870,8888,0.888964056968689
89880,8889,2.2634036540985107
89890,8890,0.46066567301750183
89900,8891,0.9005088806152344
89910,8892,0.609360933303833
89920,8893,1.2626533508300781
89930,8894,0.5166394710540771
89940,8895,0.6271007657051086
89950,8896,1.3171323537826538
89960,8897,0.29746347665786743
89970,8898,3.9492361545562744
89980,8899,0.7099077701568604
89990,8900,0.4219924211502075
90000,8901,0.555219829082489
90010,8902,1.5942938327789307
90020,8903,4.175143241882324
90030,8904,1.1324045658111572
90040,8905,1.2050962448120117
90050,8906,1.1115926504135132
90060,8907,0.7027314305305481
90070,8908,0.9899030923843384
90080,8909,1.7668555974960327
90090,8910,0.35003381967544556
90100,8911,2.0061116218566895
90110,8912,7.0336222648620605
90120,8913,0.46972957253456116
90130,8914,1.1984978914260864
90140,8915,1.1941444873809814
90150,8916,1.3038792610168457
90160,8917,1.62970769405365
90170,8918,0.8287227153778076
90180,8919,0.7235050201416016
90190,8920,0.30917873978614807
90200,8921,1.8863487243652344
90210,8922,1.2252182960510254
90220,8923,0.920079231262207
90230,8924,1.522886037826538
90240,8925,0.8857260346412659
90250,8926,3.035229444503784
90260,8927,1.6775097846984863
90270,8928,2.0355045795440674
90280,8929,0.7250753045082092
90290,8930,1.6735328435897827
90300,8931,1.1154706478118896
90310,8932,0.7332890033721924
90320,8933,0.34368395805358887
90330,8934,1.3177846670150757
90340,8935,0.7161716818809509
90350,8936,0.9200910925865173
90360,8937,3.0255048274993896
90370,8938,0.4003676176071167
90380,8939,2.508240222930908
90390,8940,0.9645270109176636
90400,8941,1.094419240951538
90410,8942,0.5478247404098511
90420,8943,0.2837882936000824
90430,8944,0.5899758338928223
90440,8945,1.778566837310791
90450,8946,1.8255561590194702
90460,8947,4.9070515632629395
90470,8948,0.5707434415817261
90480,8949,0.565912127494812
90490,8950,1.7498807907104492
90500,8951,0.9583361148834229
90510,8952,3.4917590618133545
90520,8953,0.7278092503547668
90530,8954,1.8179529905319214
90540,8955,3.3330724239349365
90550,8956,2.2756576538085938
90560,8957,2.849203586578369
90570,8958,1.8526999950408936
90580,8959,0.41390055418014526
90590,8960,1.2115778923034668
90600,8961,0.811244010925293
90610,8962,0.22288060188293457
90620,8963,2.5157530307769775
90630,8964,0.48356834053993225
90640,8965,0.5788247585296631
90650,8966,0.2562254071235657
90660,8967,0.6142086982727051
90670,8968,1.5465404987335205
90680,8969,0.2513611316680908
90690,8970,0.6583524942398071
90700,8971,0.5353891849517822
90710,8972,0.6251924633979797
90720,8973,1.8507272005081177
90730,8974,3.5545947551727295
90740,8975,1.3196849822998047
90750,8976,0.4546210467815399
90760,8977,2.2067153453826904
90770,8978,0.5054910182952881
90780,8979,2.2224767208099365
90790,8980,1.3126908540725708
90800,8981,6.185957431793213
90810,8982,1.2010658979415894
90820,8983,0.3880496919155121
90830,8984,0.5140970349311829
90840,8985,1.8008090257644653
90850,8986,2.9444901943206787
90860,8987,0.5566878914833069
90870,8988,1.211540937423706
90880,8989,6.111761569976807
90890,8990,2.6308653354644775
90900,8991,0.4292033910751343
90910,8992,0.5910124182701111
90920,8993,0.5617830157279968
90930,8994,0.7867701053619385
90940,8995,2.5727012157440186
90950,8996,1.067287802696228
90960,8997,1.1527624130249023
90970,8998,0.893766462802887
90980,8999,0.6650474071502686
90990,9000,1.1764706373214722
91000,9001,3.503190755844116
91010,9002,0.852460503578186
91020,9003,1.8254811763763428
91030,9004,1.410886287689209
91040,9005,0.4537874758243561
91050,9006,0.8595656156539917
91060,9007,1.7160766124725342
91070,9008,1.0828078985214233
91080,9009,1.0361770391464233
91090,9010,4.039434909820557
91100,9011,0.4125542640686035
91110,9012,0.8482155203819275
91120,9013,0.49211248755455017
91130,9014,1.407772421836853
91140,9015,0.9190605282783508
91150,9016,1.0271214246749878
91160,9017,0.21720919013023376
91170,9018,1.7775944471359253
91180,9019,0.25261521339416504
91190,9020,1.1146838665008545
91200,9021,3.183568000793457
91210,9022,0.7053687572479248
91220,9023,0.620506227016449
91230,9024,0.40080899000167847
91240,9025,0.3605979084968567
91250,9026,0.4638890027999878
91260,9027,1.5604791641235352
91270,9028,0.6834294199943542
91280,9029,0.9973134398460388
91290,9030,1.1333364248275757
91300,9031,1.0499136447906494
91310,9032,0.37340205907821655
91320,9033,1.0462164878845215
91330,9034,1.4092317819595337
91340,9035,0.872674822807312
91350,9036,0.8376894593238831
91360,9037,0.15068301558494568
91370,9038,1.184503436088562
91380,9039,0.588718593120575
91390,9040,0.3918399214744568
91400,9041,0.9864428043365479
91410,9042,0.5378630757331848
91420,9043,1.0057132244110107
91430,9044,0.6756099462509155
91440,9045,1.7037278413772583
91450,9046,2.9954512119293213
91460,9047,10.757061004638672
91470,9048,0.427939772605896
91480,9049,0.6858022212982178
91490,9050,0.829113245010376
91500,9051,0.20431241393089294
91510,9052,3.99471378326416
91520,9053,0.6221567392349243
91530,9054,1.1731984615325928
91540,9055,1.3228545188903809
91550,9056,0.5650454759597778
91560,9057,1.007148265838623
91570,9058,2.7038159370422363
91580,9059,1.0259387493133545
91590,9060,5.012012481689453
91600,9061,0.8671447038650513
91610,9062,1.878814697265625
91620,9063,1.037071943283081
91630,9064,0.4624827206134796
91640,9065,3.5656282901763916
91650,9066,0.8865978121757507
91660,9067,1.1632730960845947
91670,9068,1.1347222328186035
91680,9069,0.34225064516067505
91690,9070,0.5244993567466736
91700,9071,0.3316993713378906
91710,9072,0.7340390086174011
91720,9073,0.3707294464111328
91730,9074,1.4980292320251465
91740,9075,0.9967647790908813
91750,9076,2.493342161178589
91760,9077,1.1311089992523193
91770,9078,0.5377768874168396
91780,9079,1.2287166118621826
91790,9080,0.8347283005714417
91800,9081,0.6701662540435791
91810,9082,1.6014213562011719
91820,9083,1.1205496788024902
91830,9084,1.499696135520935
91840,9085,1.182775616645813
91850,9086,2.348177671432495
91860,9087,0.7800577878952026
91870,9088,0.8783519268035889
91880,9089,0.43991127610206604
91890,9090,0.3605412542819977
91900,9091,1.3728760480880737
91910,9092,0.4622199237346649
91920,9093,0.41270092129707336
91930,9094,1.6347306966781616
91940,9095,0.23553872108459473
91950,9096,0.6083963513374329
91960,9097,4.837545394897461
91970,9098,0.2718692421913147
91980,9099,0.38631168007850647
91990,9100,0.768454372882843
92000,9101,0.8511905670166016
92010,9102,0.6485288143157959
92020,9103,0.8346760869026184
92030,9104,3.082875967025757
92040,9105,2.1572437286376953
92050,9106,0.7224932312965393
92060,9107,0.563868522644043
92070,9108,1.3931291103363037
92080,9109,0.37756919860839844
92090,9110,0.7769133448600769
92100,9111,1.2696415185928345
92110,9112,0.6292024850845337
92120,9113,1.141220211982727
92130,9114,0.9180405735969543
92140,9115,0.9295070171356201
92150,9116,1.24275803565979
92160,9117,0.592788577079773
92170,9118,1.6315869092941284
92180,9119,0.5983172059059143
92190,9120,0.5616189241409302
92200,9121,1.1132469177246094
92210,9122,0.4432929456233978
92220,9123,0.7208800911903381
92230,9124,2.2008748054504395
92240,9125,0.9075599908828735
92250,9126,0.7863738536834717
92260,9127,1.1769696474075317
92270,9128,0.8530294299125671
92280,9129,0.653061032295227
92290,9130,0.3166152536869049
92300,9131,1.1707268953323364
92310,9132,1.4475772380828857
92320,9133,0.36179378628730774
92330,9134,0.39402827620506287
92340,9135,0.5755208730697632
92350,9136,2.7103395462036133
92360,9137,0.779906153678894
92370,9138,0.5436921715736389
92380,9139,1.8587639331817627
92390,9140,1.4783494472503662
92400,9141,0.8715901374816895
92410,9142,0.3506089448928833
92420,9143,1.0011277198791504
92430,9144,1.216942310333252
92440,9145,0.5804288983345032
92450,9146,0.26511967182159424
92460,9147,1.5117402076721191
92470,9148,0.8179724216461182
92480,9149,0.6837648153305054
92490,9150,1.098477840423584
92500,9151,0.13761024177074432
92510,9152,0.4000310003757477
92520,9153,0.7225065231323242
92530,9154,0.5499723553657532
92540,9155,1.305461049079895
92550,9156,0.7268632054328918
92560,9157,2.4859254360198975
92570,9158,2.827904224395752
92580,9159,1.705661654472351
92590,9160,0.3544636070728302
92600,9161,0.4699544310569763
92610,9162,0.3261563181877136
92620,9163,1.3525569438934326
92630,9164,1.0058475732803345
92640,9165,1.0826560258865356
92650,9166,0.6956152319908142
92660,9167,0.5505427122116089
92670,9168,2.744270086288452
92680,9169,0.21924728155136108
92690,9170,1.8930469751358032
92700,9171,5.524799823760986
92710,9172,0.8263390064239502
92720,9173,0.6207500696182251
92730,9174,1.1241130828857422
92740,9175,0.6014112830162048
92750,9176,0.49065905809402466
92760,9177,0.5993446707725525
92770,9178,0.49792200326919556
92780,9179,1.0292848348617554
92790,9180,2.3707997798919678
92800,9181,0.3585485816001892
92810,9182,0.7511194944381714
92820,9183,0.27748528122901917
92830,9184,0.7180256843566895
92840,9185,0.7892489433288574
92850,9186,1.742254614830017
92860,9187,0.29046985507011414
92870,9188,0.5877057313919067
92880,9189,0.6316841840744019
92890,9190,1.0123233795166016
92900,9191,0.5171581506729126
92910,9192,0.24163803458213806
92920,9193,1.5997772216796875
92930,9194,0.2236505150794983
92940,9195,0.6617518067359924
92950,9196,0.8913798928260803
92960,9197,0.31412288546562195
92970,9198,0.43079882860183716
92980,9199,0.8408414721488953
92990,9200,1.2089498043060303
93000,9201,0.6932238340377808
93010,9202,1.138312578201294
93020,9203,0.7286587357521057
93030,9204,2.7661314010620117
93040,9205,1.5332461595535278
93050,9206,0.918101966381073
93060,9207,0.9405569434165955
93070,9208,0.7844889760017395
93080,9209,0.41892480850219727
93090,9210,0.5798425674438477
93100,9211,0.9964994192123413
93110,9212,0.5361477732658386
93120,9213,0.39126071333885193
93130,9214,0.8388963937759399
93140,9215,1.0388898849487305
93150,9216,1.2850931882858276
93160,9217,0.352571964263916
93170,9218,0.9097212553024292
93180,9219,0.8920858502388
93190,9220,1.6475367546081543
93200,9221,0.8173190355300903
93210,9222,0.8510633111000061
93220,9223,1.0441124439239502
93230,9224,1.3267165422439575
93240,9225,0.4423156678676605
93250,9226,0.7859090566635132
93260,9227,2.5914173126220703
93270,9228,0.7383710741996765
93280,9229,0.6292437314987183
93290,9230,0.7173137068748474
93300,9231,0.6937893629074097
93310,9232,5.042912006378174
93320,9233,0.32018184661865234
93330,9234,0.5149500370025635
93340,9235,1.2059117555618286
93350,9236,1.1129677295684814
93360,9237,1.8498826026916504
93370,9238,0.43176835775375366
93380,9239,2.2720601558685303
93390,9240,0.6249988079071045
93400,9241,0.4294545352458954
93410,9242,0.4987928569316864
93420,9243,0.8511123657226562
93430,9244,0.498688280582428
93440,9245,2.8131790161132812
93450,9246,0.46798184514045715
93460,9247,1.8219845294952393
93470,9248,1.051878571510315
93480,9249,0.5370704531669617
93490,9250,0.34153324365615845
93500,9251,0.5689793825149536
93510,9252,2.286614179611206
93520,9253,0.9640242457389832
93530,9254,0.20886453986167908
93540,9255,1.5702545642852783
93550,9256,0.9616754055023193
93560,9257,1.2717827558517456
93570,9258,0.6406118869781494
93580,9259,0.6358482241630554
93590,9260,0.9378579258918762
93600,9261,0.9263231158256531
93610,9262,0.43327265977859497
93620,9263,0.7436558604240417
93630,9264,1.347900390625
93640,9265,0.234566330909729
93650,9266,0.6332002878189087
93660,9267,1.0817558765411377
93670,9268,0.8700696229934692
93680,9269,1.4155470132827759
93690,9270,2.4689626693725586
93700,9271,0.24679243564605713
93710,9272,1.011292815208435
93720,9273,0.39212384819984436
93730,9274,0.6317994594573975
93740,9275,0.6487255692481995
93750,9276,0.34630823135375977
93760,9277,1.110267162322998
93770,9278,0.48122847080230713
93780,9279,0.4933971166610718
93790,9280,1.5020949840545654
93800,9281,0.8439863920211792
93810,9282,1.675356388092041
93820,9283,0.5581024289131165
93830,9284,1.4979455471038818
93840,9285,1.8677022457122803
93850,9286,0.781574547290802
93860,9287,1.1353672742843628
93870,9288,0.25283282995224
93880,9289,0.24831713736057281
93890,9290,0.6767381429672241
93900,9291,0.26345860958099365
93910,9292,0.8465192317962646
93920,9293,0.8940240144729614
93930,9294,0.3251575827598572
93940,9295,1.0238473415374756
93950,9296,0.8812273740768433
93960,9297,2.910773277282715
93970,9298,0.9563059210777283
93980,9299,0.4309597313404083
93990,9300,0.7959688901901245
94000,9301,3.523634433746338
94010,9302,1.5219712257385254
94020,9303,1.2402819395065308
94030,9304,5.505565643310547
94040,9305,0.5600644946098328
94050,9306,0.3761718273162842
94060,9307,0.8479405641555786
94070,9308,2.637568235397339
94080,9309,0.9052913784980774
94090,9310,0.7287932634353638
94100,9311,1.7169973850250244
94110,9312,0.9689289331436157
94120,9313,2.53337025642395
94130,9314,1.3584861755371094
94140,9315,3.110701084136963
94150,9316,1.782611608505249
94160,9317,1.5334947109222412
94170,9318,1.2178250551223755
94180,9319,1.2061195373535156
94190,9320,2.1184918880462646
94200,9321,0.19502638280391693
94210,9322,3.612826347351074
94220,9323,1.042667031288147
94230,9324,0.4345190227031708
94240,9325,0.6913775205612183
94250,9326,0.9475595355033875
94260,9327,0.2194361835718155
94270,9328,0.6022379994392395
94280,9329,0.3569125831127167
94290,9330,0.2959132194519043
94300,9331,0.9040773510932922
94310,9332,0.23845577239990234
94320,9333,0.1606840342283249
94330,9334,0.9146637916564941
94340,9335,0.4997735023498535
94350,9336,0.8447822332382202
94360,9337,4.913078308105469
94370,9338,0.8833838701248169
94380,9339,1.0893826484680176
94390,9340,1.1671123504638672
94400,9341,0.4310947358608246
94410,9342,0.35674768686294556
94420,9343,0.39540717005729675
94430,9344,7.958375453948975
94440,9345,0.9243617653846741
94450,9346,0.3604051470756531
94460,9347,0.17964006960391998
94470,9348,0.5007866621017456
94480,9349,1.0635995864868164
94490,9350,0.19939346611499786
94500,9351,0.2902434468269348
94510,9352,1.2396352291107178
94520,9353,2.7215781211853027
94530,9354,0.7891340851783752
94540,9355,0.5101007223129272
94550,9356,0.6530211567878723
94560,9357,4.893122673034668
94570,9358,0.4402359127998352
94580,9359,4.9572367668151855
94590,9360,0.1247737929224968
94600,9361,0.6524426937103271
94610,9362,1.2893023490905762
94620,9363,1.742806315422058
94630,9364,1.1777323484420776
94640,9365,0.701249897480011
94650,9366,1.1877552270889282
94660,9367,0.492780476808548
94670,9368,1.6174860000610352
94680,9369,1.316831111907959
94690,9370,0.27299848198890686
94700,9371,0.22655239701271057
94710,9372,2.091878652572632
94720,9373,0.6996597051620483
94730,9374,0.3884817063808441
94740,9375,1.0812546014785767
94750,9376,0.7706655263900757
94760,9377,0.286998450756073
94770,9378,2.3398592472076416
94780,9379,0.6572626829147339
94790,9380,0.3913269639015198
94800,9381,1.3085402250289917
94810,9382,0.22907334566116333
94820,9383,3.763864040374756
94830,9384,1.0443601608276367
94840,9385,0.4465372860431671
94850,9386,0.4081633687019348
94860,9387,1.0066624879837036
94870,9388,0.8551204800605774
94880,9389,1.1891765594482422
94890,9390,3.8061249256134033
94900,9391,0.6976766586303711
94910,9392,0.9398711919784546
94920,9393,0.4039838910102844
94930,9394,3.821331262588501
94940,9395,0.12172958999872208
94950,9396,2.1480214595794678
94960,9397,2.2762155532836914
94970,9398,0.2670991122722626
94980,9399,0.9756038188934326
94990,9400,0.6799613237380981
95000,9401,0.4668094217777252
95010,9402,1.388638973236084
95020,9403,1.71292245388031
95030,9404,0.6086820363998413
95040,9405,0.497219979763031
95050,9406,1.021201491355896
95060,9407,0.9084612727165222
95070,9408,2.041208505630493
95080,9409,0.530647337436676
95090,9410,0.7906432151794434
95100,9411,0.7110369801521301
95110,9412,0.6521223783493042
95120,9413,0.4530426561832428
95130,9414,1.1471954584121704
95140,9415,0.5545973181724548
95150,9416,0.8512455224990845
95160,9417,0.6945712566375732
95170,9418,1.031460165977478
95180,9419,0.7972321510314941
95190,9420,0.7920403480529785
95200,9421,0.684810996055603
95210,9422,1.1960265636444092
95220,9423,0.7754360437393188
95230,9424,1.411672830581665
95240,9425,0.5439022183418274
95250,9426,1.0480353832244873
95260,9427,0.7956074476242065
95270,9428,0.644565761089325
95280,9429,1.2066501379013062
95290,9430,0.7277147173881531
95300,9431,1.6537631750106812
95310,9432,0.7829556465148926
95320,9433,1.852250576019287
95330,9434,0.9337507486343384
95340,9435,0.4122631847858429
95350,9436,0.43141332268714905
95360,9437,0.7475366592407227
95370,9438,0.6808121204376221
95380,9439,0.7094873189926147
95390,9440,1.5501457452774048
95400,9441,1.639549732208252
95410,9442,2.0464017391204834
95420,9443,0.8679929971694946
95430,9444,0.9438603520393372
95440,9445,0.9966239333152771
95450,9446,2.9325265884399414
95460,9447,0.714309811592102
95470,9448,1.5530145168304443
95480,9449,0.655876636505127
95490,9450,0.8081010580062866
95500,9451,0.44559499621391296
95510,9452,1.3160685300827026
95520,9453,0.28945374488830566
95530,9454,0.759649932384491
95540,9455,0.9306175708770752
95550,9456,0.9239282608032227
95560,9457,2.332298994064331
95570,9458,0.566734790802002
95580,9459,1.6691802740097046
95590,9460,1.0687813758850098
95600,9461,1.1620923280715942
95610,9462,3.606884002685547
95620,9463,1.4881402254104614
95630,9464,2.024714469909668
95640,9465,0.2808128595352173
95650,9466,2.0359206199645996
95660,9467,0.34653717279434204
95670,9468,0.6986328363418579
95680,9469,0.43796610832214355
95690,9470,1.8856834173202515
95700,9471,0.40641990303993225
95710,9472,0.367840439081192
95720,9473,1.4356520175933838
95730,9474,1.5111585855484009
95740,9475,9.209174156188965
95750,9476,0.8996690511703491
95760,9477,1.3240495920181274
95770,9478,1.2855607271194458
95780,9479,0.9715375304222107
95790,9480,0.9949620962142944
95800,9481,1.7435797452926636
95810,9482,0.5423052310943604
95820,9483,0.7382274866104126
95830,9484,0.42161479592323303
95840,9485,0.5505514740943909
95850,9486,0.8574971556663513
95860,9487,0.7184737324714661
95870,9488,0.6557872295379639
95880,9489,0.47533684968948364
95890,9490,4.453115463256836
95900,9491,1.0954267978668213
95910,9492,1.8321499824523926
95920,9493,1.0029070377349854
95930,9494,0.695030152797699
95940,9495,1.2814363241195679
95950,9496,0.8897604942321777
95960,9497,0.6605358719825745
95970,9498,0.33096733689308167
95980,9499,0.8238734602928162
95990,9500,0.544444739818573
96000,9501,1.7068233489990234
96010,9502,2.193291425704956
96020,9503,1.4020395278930664
96030,9504,0.8762819766998291
96040,9505,1.2082265615463257
96050,9506,0.9739646911621094
96060,9507,2.610501289367676
96070,9508,4.489055633544922
96080,9509,2.578758478164673
96090,9510,1.0067590475082397
96100,9511,0.42062467336654663
96110,9512,0.6852117776870728
96120,9513,1.302092432975769
96130,9514,1.9936058521270752
96140,9515,0.39481309056282043
96150,9516,1.0781340599060059
96160,9517,0.5052317380905151
96170,9518,0.5254160165786743
96180,9519,0.7363365888595581
96190,9520,3.11875319480896
96200,9521,1.1470201015472412
96210,9522,0.5815154910087585
96220,9523,3.4248688220977783
96230,9524,1.5533111095428467
96240,9525,0.6713088750839233
96250,9526,0.519637942314148
96260,9527,1.2828357219696045
96270,9528,0.5805460810661316
96280,9529,1.3707866668701172
96290,9530,0.34324342012405396
96300,9531,1.5991839170455933
96310,9532,0.6493045687675476
96320,9533,2.4930410385131836
96330,9534,0.9427368640899658
96340,9535,0.5933516025543213
96350,9536,2.2683048248291016
96360,9537,1.6762657165527344
96370,9538,0.814871072769165
96380,9539,1.1483625173568726
96390,9540,1.0504306554794312
96400,9541,0.694926917552948
96410,9542,0.5670674443244934
96420,9543,0.6558482050895691
96430,9544,0.9167810678482056
96440,9545,0.9550226926803589
96450,9546,1.1811200380325317
96460,9547,0.987198531627655
96470,9548,0.6856297850608826
96480,9549,0.53099524974823
96490,9550,0.7100363969802856
96500,9551,0.4983881413936615
96510,9552,0.5785988569259644
96520,9553,0.4350469410419464
96530,9554,1.5123310089111328
96540,9555,0.5544454455375671
96550,9556,0.25027501583099365
96560,9557,0.3599955439567566
96570,9558,1.7228716611862183
96580,9559,1.0839217901229858
96590,9560,2.469097375869751
96600,9561,1.2542970180511475
96610,9562,1.5704342126846313
96620,9563,1.3637534379959106
96630,9564,2.5134570598602295
96640,9565,0.6561648845672607
96650,9566,0.751863956451416
96660,9567,0.3292582333087921
96670,9568,3.016657829284668
96680,9569,3.033689022064209
96690,9570,1.1977922916412354
96700,9571,1.147108554840088
96710,9572,0.3434376120567322
96720,9573,3.228126287460327
96730,9574,1.84459388256073
96740,9575,0.6318130493164062
96750,9576,1.6224284172058105
96760,9577,0.37540683150291443
96770,9578,3.1921722888946533
96780,9579,0.6173405051231384
96790,9580,0.6282386183738708
96800,9581,1.3292399644851685
96810,9582,0.7155779004096985
96820,9583,0.16908593475818634
96830,9584,0.6434026956558228
96840,9585,2.9262115955352783
96850,9586,0.33115023374557495
96860,9587,2.5819172859191895
96870,9588,1.2054855823516846
96880,9589,3.560680866241455
96890,9590,0.6192587614059448
96900,9591,0.6010949611663818
96910,9592,0.29491859674453735
96920,9593,0.20332930982112885
96930,9594,0.31264930963516235
96940,9595,1.4293218851089478
96950,9596,0.6003396511077881
96960,9597,0.5398720502853394
96970,9598,0.4554198384284973
96980,9599,0.495350182056427
96990,9600,0.35253554582595825
97000,9601,1.357108473777771
97010,9602,1.5850118398666382
97020,9603,1.513640284538269
97030,9604,0.71941739320755
97040,9605,1.1183300018310547
97050,9606,0.8207385540008545
97060,9607,0.2732318639755249
97070,9608,0.7826107740402222
97080,9609,0.7521266937255859
97090,9610,0.8096643090248108
97100,9611,1.081317663192749
97110,9612,1.9266929626464844
97120,9613,1.784358024597168
97130,9614,0.890255868434906
97140,9615,0.25171300768852234
97150,9616,0.40446338057518005
97160,9617,0.4745829701423645
97170,9618,0.19315502047538757
97180,9619,0.7914307117462158
97190,9620,0.7989600896835327
97200,9621,0.5006489753723145
97210,9622,0.6563842296600342
97220,9623,0.5584931373596191
97230,9624,1.534117579460144
97240,9625,1.049077033996582
97250,9626,0.9545445442199707
97260,9627,1.110642671585083
97270,9628,0.8968379497528076
97280,9629,1.7198479175567627
97290,9630,0.8697758316993713
97300,9631,1.3606703281402588
97310,9632,0.22367066144943237
97320,9633,0.3794519901275635
97330,9634,0.2964812219142914
97340,9635,1.1987617015838623
97350,9636,1.024559736251831
97360,9637,0.5431054830551147
97370,9638,0.3481934070587158
97380,9639,0.43945732712745667
97390,9640,1.0603874921798706
97400,9641,1.383657455444336
97410,9642,0.6978516578674316
97420,9643,1.0782920122146606
97430,9644,0.6896174550056458
97440,9645,0.4269447922706604
97450,9646,0.7490441799163818
97460,9647,0.6337891817092896
97470,9648,0.6581525802612305
97480,9649,0.5782327055931091
97490,9650,0.8095697164535522
97500,9651,0.5350637435913086
97510,9652,2.641660690307617
97520,9653,0.6832306385040283
97530,9654,1.0414351224899292
97540,9655,0.789207398891449
97550,9656,0.6436721086502075
97560,9657,0.5995901823043823
97570,9658,1.3478806018829346
97580,9659,0.9661688208580017
97590,9660,0.4999045133590698
97600,9661,0.35443609952926636
97610,9662,1.9881486892700195
97620,9663,3.445875406265259
97630,9664,0.6203130483627319
97640,9665,0.5692418217658997
97650,9666,0.8974102139472961
97660,9667,0.5124304890632629
97670,9668,0.3343479037284851
97680,9669,0.483881413936615
97690,9670,0.5361201167106628
97700,9671,0.2415606528520584
97710,9672,0.8899240493774414
97720,9673,0.44600826501846313
97730,9674,1.2207276821136475
97740,9675,1.35354483127594
97750,9676,0.3542294502258301
97760,9677,4.29292106628418
97770,9678,0.37262386083602905
97780,9679,1.4744333028793335
97790,9680,0.3823970556259155
97800,9681,0.6507095098495483
97810,9682,0.3967868983745575
97820,9683,0.3194144666194916
97830,9684,0.37752246856689453
97840,9685,1.084851861000061
97850,9686,0.3777208924293518
97860,9687,0.4968308210372925
97870,9688,0.32367292046546936
97880,9689,0.2782275974750519
97890,9690,0.8875111937522888
97900,9691,0.7246654033660889
97910,9692,1.7845311164855957
97920,9693,0.8655573129653931
97930,9694,0.5894765853881836
97940,9695,1.1690397262573242
97950,9696,0.8312176465988159
97960,9697,1.1992101669311523
97970,9698,0.3423594832420349
97980,9699,0.5133137106895447
97990,9700,0.8159682750701904
98000,9701,0.6403093934059143
98010,9702,0.6445249319076538
98020,9703,1.5837748050689697
98030,9704,0.8935925364494324
98040,9705,1.055017352104187
98050,9706,1.7469909191131592
98060,9707,0.7373514771461487
98070,9708,0.6752013564109802
98080,9709,1.3528692722320557
98090,9710,1.10100519657135
98100,9711,1.543989658355713
98110,9712,0.6657145023345947
98120,9713,1.704052448272705
98130,9714,1.1254808902740479
98140,9715,1.0782485008239746
98150,9716,0.6815406680107117
98160,9717,1.3753796815872192
98170,9718,0.8161868453025818
98180,9719,0.7843979001045227
98190,9720,0.611060380935669
98200,9721,2.7324469089508057
98210,9722,0.5676521062850952
98220,9723,0.5660496354103088
98230,9724,0.7676392793655396
98240,9725,0.45669806003570557
98250,9726,0.9411321878433228
98260,9727,1.330741286277771
98270,9728,0.8823708891868591
98280,9729,2.3977181911468506
98290,9730,0.4582982063293457
98300,9731,0.831794261932373
98310,9732,0.6210266947746277
98320,9733,1.3468292951583862
98330,9734,0.5098897814750671
98340,9735,0.33310467004776
98350,9736,0.44187891483306885
98360,9737,0.22960492968559265
98370,9738,0.9276431202888489
98380,9739,1.3456242084503174
98390,9740,0.6270599365234375
98400,9741,0.8861532807350159
98410,9742,0.5278697609901428
98420,9743,0.7759935855865479
98430,9744,0.5169024467468262
98440,9745,0.2828276455402374
98450,9746,1.1219648122787476
98460,9747,2.2059073448181152
98470,9748,0.6767014861106873
98480,9749,1.0250126123428345
98490,9750,0.9058346748352051
98500,9751,0.7902679443359375
98510,9752,0.47074633836746216
98520,9753,0.8680284023284912
98530,9754,2.056411027908325
98540,9755,0.45802897214889526
98550,9756,0.35882216691970825
98560,9757,0.9788423180580139
98570,9758,1.2326945066452026
98580,9759,0.2387097179889679
98590,9760,0.2778438329696655
98600,9761,0.2527903616428375
98610,9762,0.5707101821899414
98620,9763,0.7509175539016724
98630,9764,1.014827847480774
98640,9765,0.34124964475631714
98650,9766,0.9826017022132874
98660,9767,0.2236340343952179
98670,9768,3.217027425765991
98680,9769,0.7489774227142334
98690,9770,0.7946804165840149
98700,9771,0.7552579641342163
98710,9772,0.8849051594734192
98720,9773,0.25094175338745117
98730,9774,0.3903951942920685
98740,9775,1.0015424489974976
98750,9776,2.1259918212890625
98760,9777,4.732275485992432
98770,9778,0.7631219029426575
98780,9779,0.5195327401161194
98790,9780,0.655239999294281
98800,9781,0.49172696471214294
98810,9782,0.6450672149658203
98820,9783,0.5428241491317749
98830,9784,1.4914846420288086
98840,9785,0.27589061856269836
98850,9786,0.8283239006996155
98860,9787,1.2386655807495117
98870,9788,0.5113344192504883
98880,9789,0.7310363054275513
98890,9790,0.45258909463882446
98900,9791,0.6807143688201904
98910,9792,0.713524341583252
98920,9793,0.43478724360466003
98930,9794,0.518241286277771
98940,9795,0.772161602973938
98950,9796,0.4034648537635803
98960,9797,0.38397321105003357
98970,9798,0.7607079744338989
98980,9799,0.2822221517562866
98990,9800,0.7765073776245117
99000,9801,0.9488887190818787
99010,9802,0.823726236820221
99020,9803,0.5818438529968262
99030,9804,1.9295859336853027
99040,9805,0.8215492963790894
99050,9806,1.0435431003570557
99060,9807,1.690183162689209
99070,9808,1.1080124378204346
99080,9809,0.6706838607788086
99090,9810,0.6860771179199219
99100,9811,1.5808252096176147
99110,9812,0.8031495809555054
99120,9813,1.1067852973937988
99130,9814,0.6749985814094543
99140,9815,0.8916311264038086
99150,9816,1.4422245025634766
99160,9817,3.095721483230591
99170,9818,1.0065654516220093
99180,9819,0.2669549286365509
99190,9820,0.9747018814086914
99200,9821,3.7204246520996094
99210,9822,0.6621723771095276
99220,9823,0.9914883971214294
99230,9824,0.43232110142707825
99240,9825,1.1931105852127075
99250,9826,1.3930134773254395
99260,9827,1.4522889852523804
99270,9828,0.5204994082450867
99280,9829,0.8474699258804321
99290,9830,0.3165464699268341
99300,9831,0.5757685303688049
99310,9832,0.9596786499023438
99320,9833,1.2588615417480469
99330,9834,0.5178093910217285
99340,9835,0.49508705735206604
99350,9836,0.41401755809783936
99360,9837,2.145364761352539
99370,9838,1.2716822624206543
99380,9839,1.8931318521499634
99390,9840,3.364586353302002
99400,9841,0.44553112983703613
99410,9842,0.34504637122154236
99420,9843,0.42513591051101685
99430,9844,0.6506872177124023
99440,9845,0.527080237865448
99450,9846,1.0996296405792236
99460,9847,1.402682900428772
99470,9848,0.7558238506317139
99480,9849,1.290960431098938
99490,9850,0.30630847811698914
99500,9851,0.725479781627655
99510,9852,0.7202323079109192
99520,9853,0.30227425694465637
99530,9854,1.0848582983016968
99540,9855,0.28180670738220215
99550,9856,0.20137262344360352
99560,9857,0.570572555065155
99570,9858,0.2984861135482788
99580,9859,1.2376667261123657
99590,9860,1.6197081804275513
99600,9861,0.9210619926452637
99610,9862,1.2328885793685913
99620,9863,2.5919923782348633
99630,9864,1.6019841432571411
99640,9865,0.6710085272789001
99650,9866,0.4875827729701996
99660,9867,0.3193487226963043
99670,9868,0.8702336549758911
99680,9869,0.616726279258728
99690,9870,0.6617578864097595
99700,9871,0.6088894009590149
99710,9872,0.43822911381721497
99720,9873,0.15753242373466492
99730,9874,0.34593650698661804
99740,9875,0.19770225882530212
99750,9876,0.27360785007476807
99760,9877,0.44252297282218933
99770,9878,0.5406985878944397
99780,9879,0.1416265368461609
99790,9880,1.1088072061538696
99800,9881,3.1287143230438232
99810,9882,0.35542213916778564
99820,9883,0.6386528611183167
99830,9884,0.6016368269920349
99840,9885,0.4449559450149536
99850,9886,0.6548351049423218
99860,9887,2.2139530181884766
99870,9888,0.36681273579597473
99880,9889,0.8709816932678223
99890,9890,0.7518190145492554
99900,9891,0.6339455246925354
99910,9892,0.753406286239624
99920,9893,0.50382399559021
99930,9894,1.0340192317962646
99940,9895,0.7847014665603638
99950,9896,0.5131657123565674
99960,9897,0.5945831537246704
99970,9898,0.14321546256542206
99980,9899,0.8031741976737976
99990,9900,0.7971704006195068
100000,9901,3.748319625854492
100010,9902,0.3376767337322235
100020,9903,2.255816698074341
100030,9904,0.9252091646194458
100040,9905,0.7755424380302429
100050,9906,0.5904979705810547
100060,9907,2.9995713233947754
100070,9908,0.9856723546981812
100080,9909,1.4094653129577637
100090,9910,0.6952893137931824
100100,9911,1.1073944568634033
100110,9912,0.4394646883010864
100120,9913,0.34192830324172974
100130,9914,0.4726184010505676
100140,9915,0.4877161681652069
100150,9916,1.0943684577941895
100160,9917,0.6608307957649231
100170,9918,1.7831416130065918
100180,9919,0.4761837124824524
100190,9920,0.6676297783851624
100200,9921,0.7081384658813477
100210,9922,0.32694727182388306
100220,9923,0.5369104743003845
100230,9924,1.042288064956665
100240,9925,0.5078801512718201
100250,9926,2.1485512256622314
100260,9927,2.2184560298919678
100270,9928,0.7760847806930542
100280,9929,1.744290828704834
100290,9930,0.5625616908073425
100300,9931,0.5649127960205078
100310,9932,1.152692198753357
100320,9933,0.8882080316543579
100330,9934,0.44763585925102234
100340,9935,1.1283965110778809
100350,9936,0.8223063945770264
100360,9937,0.5072075724601746
100370,9938,1.1233659982681274
100380,9939,1.5328961610794067
100390,9940,1.0553369522094727
100400,9941,0.41545578837394714
100410,9942,0.5931599140167236
100420,9943,0.6205599308013916
100430,9944,0.7037609815597534
100440,9945,0.6506091356277466
100450,9946,0.46756815910339355
100460,9947,0.4955401122570038
100470,9948,1.006532073020935
100480,9949,0.5755695700645447
100490,9950,0.8303505182266235
100500,9951,3.453796148300171
100510,9952,1.428487777709961
100520,9953,0.523937463760376
100530,9954,0.27398306131362915
100540,9955,0.4566628634929657
100550,9956,1.0532774925231934
100560,9957,0.8661119937896729
100570,9958,0.48610571026802063
100580,9959,0.25446879863739014
100590,9960,0.5122094750404358
100600,9961,1.8723292350769043
100610,9962,0.5809893012046814
100620,9963,0.3650619089603424
100630,9964,0.9697815179824829
100640,9965,1.1394069194793701
100650,9966,1.897459864616394
100660,9967,0.6033380031585693
100670,9968,0.2041214257478714
100680,9969,1.40596342086792
100690,9970,0.4147196114063263
100700,9971,0.5602289438247681
100710,9972,0.5889676809310913
100720,9973,1.994572401046753
100730,9974,0.6838637590408325
100740,9975,0.3955492377281189
100750,9976,0.7793703675270081
100760,9977,0.4848305583000183
100770,9978,0.7435141205787659
100780,9979,2.044778823852539
100790,9980,0.5849863290786743
100800,9981,1.1773622035980225
100810,9982,4.200747966766357
100820,9983,1.5543019771575928
100830,9984,0.4011572301387787
100840,9985,1.21426522731781
100850,9986,0.7828316688537598
100860,9987,0.8850569128990173
100870,9988,1.1450175046920776
100880,9989,0.28566163778305054
100890,9990,0.9304605722427368
100900,9991,1.2236980199813843
100910,9992,0.5831666588783264
100920,9993,0.47502681612968445
100930,9994,0.4707622826099396
100940,9995,0.7539272308349609
100950,9996,0.7447258234024048
100960,9997,0.5019049048423767
100970,9998,0.5412489175796509
100980,9999,1.513385534286499
100990,10000,0.5489937663078308
101000,10001,2.3243415355682373
101010,10002,1.1561812162399292
101020,10003,1.2003686428070068
101030,10004,0.6499711871147156
101040,10005,0.9881730079650879
101050,10006,1.0708470344543457
101060,10007,1.9005311727523804
101070,10008,0.8741328716278076
101080,10009,2.2050349712371826
101090,10010,0.8651479482650757
101100,10011,0.6252748370170593
101110,10012,1.5556362867355347
101120,10013,0.5067232847213745
101130,10014,0.8788195252418518
101140,10015,0.6453928351402283
101150,10016,1.1242754459381104
101160,10017,0.6508756875991821
101170,10018,1.6989037990570068
101180,10019,1.1771985292434692
101190,10020,1.065208077430725
101200,10021,1.5375639200210571
101210,10022,0.5427918434143066
101220,10023,1.3914129734039307
101230,10024,1.1951966285705566
101240,10025,0.3531995713710785
101250,10026,1.5233304500579834
101260,10027,0.5558406114578247
101270,10028,0.9411756992340088
101280,10029,0.5851752161979675
101290,10030,1.0172369480133057
101300,10031,0.5147283673286438
101310,10032,0.6773481369018555
101320,10033,0.8874831795692444
101330,10034,1.0240899324417114
101340,10035,1.0610824823379517
101350,10036,0.9754220843315125
101360,10037,1.0955469608306885
101370,10038,0.8199030756950378
101380,10039,0.8522224426269531
101390,10040,0.43336471915245056
101400,10041,1.090653419494629
101410,10042,0.4309220016002655
101420,10043,0.18606878817081451
101430,10044,0.7233518958091736
101440,10045,0.5311615467071533
101450,10046,0.49927031993865967
101460,10047,0.3644269108772278
101470,10048,1.3843035697937012
101480,10049,0.3328155279159546
101490,10050,0.8325694799423218
101500,10051,0.7855900526046753
101510,10052,0.6697220802307129
101520,10053,2.034416913986206
101530,10054,3.514340877532959
101540,10055,0.991412878036499
101550,10056,0.6626883149147034
101560,10057,0.841162919998169
101570,10058,0.27144718170166016
101580,10059,1.587335228919983
101590,10060,1.0812530517578125
101600,10061,0.8271286487579346
101610,10062,2.795865774154663
101620,10063,0.8792142271995544
101630,10064,3.574899435043335
101640,10065,0.30727583169937134
101650,10066,0.6366516351699829
101660,10067,0.6493704915046692
101670,10068,0.6757984161376953
101680,10069,2.0908803939819336
101690,10070,1.1305131912231445
101700,10071,0.7578253149986267
101710,10072,0.5845127105712891
101720,10073,0.5515665411949158
101730,10074,0.43417614698410034
101740,10075,1.2053072452545166
101750,10076,0.9049800634384155
101760,10077,1.538473129272461
101770,10078,1.5359086990356445
101780,10079,2.5051305294036865
101790,10080,0.803560197353363
101800,10081,1.9730921983718872
101810,10082,0.36687782406806946
101820,10083,1.9616705179214478
101830,10084,0.9482673406600952
101840,10085,3.509127140045166
101850,10086,1.0307003259658813
101860,10087,0.6568808555603027
101870,10088,0.7224318385124207
101880,10089,0.5505948662757874
101890,10090,0.7367793321609497
101900,10091,0.48772338032722473
101910,10092,1.7039101123809814
101920,10093,1.2920132875442505
101930,10094,0.8074975609779358
101940,10095,0.671882152557373
101950,10096,0.3839719891548157
101960,10097,0.9454270601272583
101970,10098,1.1515742540359497
101980,10099,1.7024872303009033
101990,10100,0.42853328585624695
102000,10101,1.4769761562347412
102010,10102,1.3148057460784912
102020,10103,1.582980990409851
102030,10104,1.0911906957626343
102040,10105,1.2040895223617554
102050,10106,0.9426478147506714
102060,10107,0.8849123120307922
102070,10108,1.0133928060531616
102080,10109,1.6310187578201294
102090,10110,1.8964093923568726
102100,10111,1.4932210445404053
102110,10112,0.6182748675346375
102120,10113,0.409659743309021
102130,10114,1.4612915515899658
102140,10115,3.1205995082855225
102150,10116,0.5133315324783325
102160,10117,0.8460779190063477
102170,10118,0.627166211605072
102180,10119,0.830274224281311
102190,10120,0.7078479528427124
102200,10121,0.6981101036071777
102210,10122,1.7518402338027954
102220,10123,1.3936998844146729
102230,10124,0.5316430926322937
102240,10125,1.393141746520996
102250,10126,1.9487700462341309
102260,10127,3.0524747371673584
102270,10128,0.4627409875392914
102280,10129,1.0817805528640747
102290,10130,0.6253232955932617
102300,10131,0.43149328231811523
102310,10132,0.20555901527404785
102320,10133,1.4194972515106201
102330,10134,1.3835397958755493
102340,10135,0.2796475291252136
102350,10136,0.6299944519996643
102360,10137,0.5615232586860657
102370,10138,0.46882811188697815
102380,10139,0.6371845006942749
102390,10140,0.40463268756866455
102400,10141,1.1121493577957153
102410,10142,1.2711719274520874
102420,10143,2.2056264877319336
102430,10144,2.115116834640503
102440,10145,2.4563770294189453
102450,10146,0.7428536415100098
102460,10147,0.903247594833374
102470,10148,0.5039349794387817
102480,10149,1.0312310457229614
102490,10150,1.1409471035003662
102500,10151,0.9445358514785767
102510,10152,3.838256359100342
102520,10153,0.4106566905975342
102530,10154,4.09123420715332
102540,10155,0.723050594329834
102550,10156,0.42771589756011963
102560,10157,0.17462612688541412
102570,10158,0.6930387616157532
102580,10159,1.3242720365524292
102590,10160,0.8491110801696777
102600,10161,0.41233208775520325
102610,10162,1.0671170949935913
102620,10163,0.6011294722557068
102630,10164,1.0579735040664673
102640,10165,0.19613328576087952
102650,10166,0.4119950830936432
102660,10167,1.8451149463653564
102670,10168,0.7171607613563538
102680,10169,0.5775552988052368
102690,10170,0.4181423783302307
102700,10171,2.3360157012939453
102710,10172,1.8867183923721313
102720,10173,0.9134424924850464
102730,10174,0.7052455544471741
102740,10175,3.0551114082336426
102750,10176,0.5769392848014832
102760,10177,0.9397211670875549
102770,10178,0.6515166759490967
102780,10179,0.43224236369132996
102790,10180,0.8572801351547241
102800,10181,1.3430923223495483
102810,10182,1.5636799335479736
102820,10183,0.5944223403930664
102830,10184,0.5843732357025146
102840,10185,0.977516770362854
102850,10186,0.5411959290504456
102860,10187,0.31314516067504883
102870,10188,0.643734872341156
102880,10189,0.9753210544586182
102890,10190,0.5811794996261597
102900,10191,0.5378632545471191
102910,10192,0.9755178689956665
102920,10193,0.9752897620201111
102930,10194,0.5482425093650818
102940,10195,0.8039469122886658
102950,10196,0.5662171244621277
102960,10197,1.2854465246200562
102970,10198,0.3672175109386444
102980,10199,2.4199934005737305
102990,10200,5.731544017791748
103000,10201,1.119616150856018
103010,10202,0.858774721622467
103020,10203,1.0549726486206055
103030,10204,0.8710627555847168
103040,10205,0.6177124977111816
103050,10206,1.037764072418213
103060,10207,0.5085634589195251
103070,10208,0.7462267279624939
103080,10209,0.8400967121124268
103090,10210,0.9962695240974426
103100,10211,1.7740739583969116
103110,10212,0.7735118865966797
103120,10213,0.8465993404388428
103130,10214,2.029449939727783
103140,10215,0.941357433795929
103150,10216,2.118136405944824
103160,10217,0.6573551297187805
103170,10218,2.76335072517395
103180,10219,1.2983664274215698
103190,10220,0.4992886483669281
103200,10221,1.3150854110717773
103210,10222,0.806964099407196
103220,10223,1.110679030418396
103230,10224,0.850163459777832
103240,10225,1.9180502891540527
103250,10226,1.4577511548995972
103260,10227,5.82558012008667
103270,10228,1.1015381813049316
103280,10229,0.8090246319770813
103290,10230,1.7471027374267578
103300,10231,2.4883973598480225
103310,10232,0.5371502637863159
103320,10233,0.7557875514030457
103330,10234,0.6569781303405762
103340,10235,1.2575280666351318
103350,10236,1.4056731462478638
103360,10237,0.6972757577896118
103370,10238,0.6150048971176147
103380,10239,11.203275680541992
103390,10240,6.16074800491333
103400,10241,1.103635549545288
103410,10242,1.1004457473754883
103420,10243,0.917716383934021
103430,10244,0.9675596952438354
103440,10245,1.1717336177825928
103450,10246,1.4665018320083618
103460,10247,0.7746385335922241
103470,10248,2.305278778076172
103480,10249,0.5904929041862488
103490,10250,1.0041780471801758
103500,10251,0.6206018328666687
103510,10252,0.7301986217498779
103520,10253,0.7352983355522156
103530,10254,0.5139290690422058
103540,10255,1.4860689640045166
103550,10256,0.1507473737001419
103560,10257,0.47499677538871765
103570,10258,0.30085599422454834
103580,10259,1.4188989400863647
103590,10260,0.8555477857589722
103600,10261,0.9977532625198364
103610,10262,2.1841516494750977
103620,10263,0.35500866174697876
103630,10264,0.35945579409599304
103640,10265,0.6992807388305664
103650,10266,3.1935462951660156
103660,10267,0.2804189622402191
103670,10268,2.5855014324188232
103680,10269,1.723240613937378
103690,10270,2.8696722984313965
103700,10271,0.30792954564094543
103710,10272,0.9638131856918335
103720,10273,1.2522048950195312
103730,10274,0.8762310743331909
103740,10275,0.7087502479553223
103750,10276,0.2719486653804779
103760,10277,1.0197968482971191
103770,10278,0.6882230639457703
103780,10279,3.794104814529419
103790,10280,0.9946063160896301
103800,10281,1.4512790441513062
103810,10282,0.6947181224822998
103820,10283,0.6969670057296753
103830,10284,0.6230251789093018
103840,10285,0.8610427379608154
103850,10286,0.2598958909511566
103860,10287,0.5432537794113159
103870,10288,0.27473506331443787
103880,10289,0.9209338426589966
103890,10290,0.5824971199035645
103900,10291,0.9478018283843994
103910,10292,0.28172463178634644
103920,10293,0.67006516456604
103930,10294,1.325399398803711
103940,10295,0.5492599606513977
103950,10296,1.8643680810928345
103960,10297,0.7181566953659058
103970,10298,0.4882974326610565
103980,10299,0.7150471210479736
103990,10300,0.1793508529663086
104000,10301,0.750573456287384
104010,10302,0.7132961750030518
104020,10303,1.0596868991851807
104030,10304,0.634970486164093
104040,10305,0.8742200136184692
104050,10306,0.40399831533432007
104060,10307,1.1444880962371826
104070,10308,1.5981582403182983
104080,10309,0.6426794528961182
104090,10310,0.9293844699859619
104100,10311,0.7112610340118408
104110,10312,1.5102983713150024
104120,10313,1.2445412874221802
104130,10314,0.7228838205337524
104140,10315,1.5223547220230103
104150,10316,0.5930399894714355
104160,10317,1.5752615928649902
104170,10318,2.0012924671173096
104180,10319,0.6778808236122131
104190,10320,0.5287081599235535
104200,10321,0.4569922685623169
104210,10322,1.7216612100601196
104220,10323,0.6133127212524414
104230,10324,0.6498973965644836
104240,10325,0.3423062562942505
104250,10326,2.9925124645233154
104260,10327,3.362905502319336
104270,10328,3.013052463531494
104280,10329,1.413556456565857
104290,10330,1.7235941886901855
104300,10331,0.867473304271698
104310,10332,0.6337859034538269
104320,10333,2.145120620727539
104330,10334,0.426013320684433
104340,10335,4.193892478942871
104350,10336,1.3776663541793823
104360,10337,0.4764794409275055
104370,10338,0.6724015474319458
104380,10339,2.3593504428863525
104390,10340,0.555068850517273
104400,10341,1.6148165464401245
104410,10342,1.154296636581421
104420,10343,0.7137946486473083
104430,10344,2.6146581172943115
104440,10345,0.41017860174179077
104450,10346,3.4341490268707275
104460,10347,3.3451919555664062
104470,10348,1.7926356792449951
104480,10349,1.7334507703781128
104490,10350,2.6628658771514893
104500,10351,2.3411405086517334
104510,10352,1.4199954271316528
104520,10353,1.0807675123214722
104530,10354,0.39710959792137146
104540,10355,1.0927735567092896
104550,10356,1.7026619911193848
104560,10357,0.49909698963165283
104570,10358,0.786829948425293
104580,10359,1.1857850551605225
104590,10360,0.785790205001831
104600,10361,2.0523836612701416
104610,10362,0.8616645932197571
104620,10363,1.9400449991226196
104630,10364,1.0977046489715576
104640,10365,1.002175211906433
104650,10366,1.4155032634735107
104660,10367,0.7467323541641235
104670,10368,1.3803932666778564
104680,10369,0.260773241519928
104690,10370,0.974491536617279
104700,10371,0.9534578919410706
104710,10372,0.4585268497467041
104720,10373,0.35330963134765625
104730,10374,1.110927700996399
104740,10375,1.2024750709533691
104750,10376,2.078579902648926
104760,10377,1.5457353591918945
104770,10378,2.4315185546875
104780,10379,0.5535382032394409
104790,10380,0.6051446199417114
104800,10381,3.9897079467773438
104810,10382,3.203232765197754
104820,10383,1.174971580505371
104830,10384,0.8963071703910828
104840,10385,3.0806565284729004
104850,10386,1.914046287536621
104860,10387,1.403120517730713
104870,10388,0.5665625333786011
104880,10389,1.5025913715362549
104890,10390,1.3134640455245972
104900,10391,1.2045141458511353
104910,10392,0.8768832683563232
104920,10393,1.0790739059448242
104930,10394,1.2992361783981323
104940,10395,0.47183629870414734
104950,10396,1.3935151100158691
104960,10397,2.235949754714966
104970,10398,0.7108402848243713
104980,10399,1.826047658920288
104990,10400,1.6635857820510864
105000,10401,1.1175637245178223
105010,10402,0.5641646385192871
105020,10403,1.1099408864974976
105030,10404,1.1589124202728271
105040,10405,3.022228479385376
105050,10406,1.085508942604065
105060,10407,1.0529816150665283
105070,10408,0.6884170770645142
105080,10409,0.9013924598693848
105090,10410,0.8587398529052734
105100,10411,0.5571689605712891
105110,10412,0.6957056522369385
105120,10413,1.1914398670196533
105130,10414,1.6380600929260254
105140,10415,0.9362105131149292
105150,10416,1.3906927108764648
105160,10417,0.3239586353302002
105170,10418,0.6215721368789673
105180,10419,0.5985196828842163
105190,10420,0.6691731214523315
105200,10421,2.4526541233062744
105210,10422,0.8871577978134155
105220,10423,1.7824602127075195
105230,10424,1.5115734338760376
105240,10425,0.6466662287712097
105250,10426,0.6125422120094299
105260,10427,1.6720149517059326
105270,10428,1.6723310947418213
105280,10429,0.9969719052314758
105290,10430,8.225010871887207
105300,10431,2.654656171798706
105310,10432,2.667328357696533
105320,10433,0.9796638488769531
105330,10434,0.7001851797103882
105340,10435,1.0066334009170532
105350,10436,1.4646204710006714
105360,10437,1.4315731525421143
105370,10438,0.5317177772521973
105380,10439,2.041275978088379
105390,10440,1.2716377973556519
105400,10441,0.7481200098991394
105410,10442,0.5873019695281982
105420,10443,0.6469184756278992
105430,10444,0.31816408038139343
105440,10445,0.7645689249038696
105450,10446,0.2777099013328552
105460,10447,1.395485520362854
105470,10448,0.6927754282951355
105480,10449,0.6080251932144165
105490,10450,0.3615416884422302
105500,10451,2.2622289657592773
105510,10452,0.8077828288078308
105520,10453,3.8932390213012695
105530,10454,1.5234659910202026
105540,10455,0.9370939135551453
105550,10456,0.3002951145172119
105560,10457,1.134138584136963
105570,10458,0.5406612753868103
105580,10459,0.5185783505439758
105590,10460,2.1190669536590576
105600,10461,1.319378137588501
105610,10462,3.7022342681884766
105620,10463,0.7113728523254395
105630,10464,0.5684695243835449
105640,10465,0.5228835940361023
105650,10466,1.002988338470459
105660,10467,0.8552671074867249
105670,10468,0.9679493308067322
105680,10469,1.2398689985275269
105690,10470,0.5666877031326294
105700,10471,0.617744505405426
105710,10472,2.1715586185455322
105720,10473,2.4234771728515625
105730,10474,1.60728120803833
105740,10475,0.5070411562919617
105750,10476,0.895972728729248
105760,10477,2.7992501258850098
105770,10478,2.572721004486084
105780,10479,0.5851104855537415
105790,10480,0.40547776222229004
105800,10481,2.361288070678711
105810,10482,0.8157520890235901
105820,10483,0.8157367706298828
105830,10484,1.3083057403564453
105840,10485,0.7133880257606506
105850,10486,1.588449478149414
105860,10487,3.203491449356079
105870,10488,1.2548222541809082
105880,10489,0.9960721731185913
105890,10490,0.9510654807090759
105900,10491,0.7602269053459167
105910,10492,1.3089263439178467
105920,10493,2.2318875789642334
105930,10494,1.8281264305114746
105940,10495,1.2484657764434814
105950,10496,0.6203631162643433
105960,10497,1.5797909498214722
105970,10498,0.4995012879371643
105980,10499,0.7546313405036926
105990,10500,0.5959048867225647
106000,10501,5.4357008934021
106010,10502,2.0649638175964355
106020,10503,0.8221390247344971
106030,10504,2.21203351020813
106040,10505,2.3153328895568848
106050,10506,1.1108503341674805
106060,10507,0.6773615479469299
106070,10508,1.7345004081726074
106080,10509,1.3167099952697754
106090,10510,1.7461479902267456
106100,10511,2.975649356842041
106110,10512,2.347421884536743
106120,10513,1.2295454740524292
106130,10514,0.6007711887359619
106140,10515,0.7505251169204712
106150,10516,3.477421998977661
106160,10517,1.4097399711608887
106170,10518,0.45127302408218384
106180,10519,0.8670758008956909
106190,10520,1.416985034942627
106200,10521,1.1286494731903076
106210,10522,1.0243769884109497
106220,10523,1.0408161878585815
106230,10524,0.2481176257133484
106240,10525,2.4577176570892334
106250,10526,1.0433158874511719
106260,10527,0.35429853200912476
106270,10528,1.6678968667984009
106280,10529,0.7136183381080627
106290,10530,1.3947372436523438
106300,10531,0.43910905718803406
106310,10532,1.200870156288147
106320,10533,0.6240351796150208
106330,10534,2.4676260948181152
106340,10535,1.371046781539917
106350,10536,0.3985789716243744
106360,10537,1.9557136297225952
106370,10538,1.3562818765640259
106380,10539,0.5495507717132568
106390,10540,1.419891595840454
106400,10541,0.5803072452545166
106410,10542,0.7250544428825378
106420,10543,1.2087414264678955
106430,10544,1.1312812566757202
106440,10545,1.529055118560791
106450,10546,0.28668513894081116
106460,10547,0.5986998081207275
106470,10548,0.5376284122467041
106480,10549,1.0903137922286987
106490,10550,0.9180076718330383
106500,10551,1.5438363552093506
106510,10552,0.8307341933250427
106520,10553,1.097487449645996
106530,10554,1.890354871749878
106540,10555,1.032850742340088
106550,10556,0.329976886510849
106560,10557,2.0854902267456055
106570,10558,0.7100368142127991
106580,10559,1.8185309171676636
106590,10560,0.3558608293533325
106600,10561,0.6889393925666809
106610,10562,0.8973686695098877
106620,10563,0.4525049030780792
106630,10564,1.9483202695846558
106640,10565,1.2942779064178467
106650,10566,2.2431819438934326
106660,10567,1.018161654472351
106670,10568,0.8984575271606445
106680,10569,0.967321515083313
106690,10570,1.5413168668746948
106700,10571,0.9823278188705444
106710,10572,1.252286672592163
106720,10573,0.625474214553833
106730,10574,0.7790012359619141
106740,10575,0.9002866744995117
106750,10576,1.1252179145812988
106760,10577,1.8025346994400024
106770,10578,0.8797351121902466
106780,10579,1.6084312200546265
106790,10580,1.3648086786270142
106800,10581,0.8767653703689575
106810,10582,0.7654249668121338
106820,10583,0.533462405204773
106830,10584,2.0862889289855957
106840,10585,0.8767073154449463
106850,10586,0.38128727674484253
106860,10587,1.0820356607437134
106870,10588,0.81640625
106880,10589,2.25228214263916
106890,10590,0.9300829768180847
106900,10591,1.3909733295440674
106910,10592,0.5439040660858154
106920,10593,0.8131004571914673
106930,10594,1.8342944383621216
106940,10595,0.6690305471420288
106950,10596,1.2870829105377197
106960,10597,1.0190908908843994
106970,10598,0.8763177394866943
106980,10599,0.8234860897064209
106990,10600,1.4618881940841675
107000,10601,1.2471708059310913
107010,10602,2.1804537773132324
107020,10603,1.3839823007583618
107030,10604,1.2535171508789062
107040,10605,1.2633723020553589
107050,10606,1.3694926500320435
107060,10607,1.2221832275390625
107070,10608,1.6508336067199707
107080,10609,1.0590884685516357
107090,10610,3.4552667140960693
107100,10611,0.6253336668014526
107110,10612,0.49044695496559143
107120,10613,0.6361234784126282
107130,10614,0.742603063583374
107140,10615,1.232413649559021
107150,10616,0.9583237171173096
107160,10617,0.9780581593513489
107170,10618,1.0996423959732056
107180,10619,1.2682058811187744
107190,10620,0.9148097038269043
107200,10621,1.350370168685913
107210,10622,0.40018922090530396
107220,10623,0.7558490633964539
107230,10624,6.2995686531066895
107240,10625,1.6409211158752441
107250,10626,1.4529982805252075
107260,10627,1.9726682901382446
107270,10628,0.9455570578575134
107280,10629,0.5722185969352722
107290,10630,2.102210283279419
107300,10631,0.5894319415092468
107310,10632,0.5328775644302368
107320,10633,0.8671250939369202
107330,10634,0.534974992275238
107340,10635,2.9173121452331543
107350,10636,1.1231932640075684
107360,10637,1.6484146118164062
107370,10638,1.220255732536316
107380,10639,1.486265778541565
107390,10640,2.034214973449707
107400,10641,0.5301975011825562
107410,10642,4.493831634521484
107420,10643,0.5682737231254578
107430,10644,0.9603973031044006
107440,10645,0.9796765446662903
107450,10646,1.8931913375854492
107460,10647,0.7333003282546997
107470,10648,0.9612253308296204
107480,10649,1.2030603885650635
107490,10650,2.2854464054107666
107500,10651,0.4840475618839264
107510,10652,2.872821092605591
107520,10653,0.7933056950569153
107530,10654,1.5189834833145142
107540,10655,1.5214362144470215
107550,10656,1.0875928401947021
107560,10657,0.5456710457801819
107570,10658,0.5545872449874878
107580,10659,0.9941617846488953
107590,10660,1.637221336364746
107600,10661,0.7766774892807007
107610,10662,1.1243680715560913
107620,10663,1.378814935684204
107630,10664,1.6885733604431152
107640,10665,3.3778374195098877
107650,10666,1.21470308303833
107660,10667,0.4564313292503357
107670,10668,1.089863896369934
107680,10669,2.07850980758667
107690,10670,1.704795479774475
107700,10671,0.8007231950759888
107710,10672,2.1223526000976562
107720,10673,0.8491964340209961
107730,10674,0.8326413035392761
107740,10675,3.6598896980285645
107750,10676,1.2298294305801392
107760,10677,2.2139718532562256
107770,10678,0.9642610549926758
107780,10679,2.390207290649414
107790,10680,1.492233157157898
107800,10681,1.3019509315490723
107810,10682,1.7997819185256958
107820,10683,1.4332001209259033
107830,10684,0.5277731418609619
107840,10685,0.8755128979682922
107850,10686,1.6071009635925293
107860,10687,1.5974178314208984
107870,10688,1.636009693145752
107880,10689,1.9398316144943237
107890,10690,5.198419094085693
107900,10691,0.920360803604126
107910,10692,1.271517276763916
107920,10693,2.3874189853668213
107930,10694,0.8390526175498962
107940,10695,2.0472471714019775
107950,10696,2.3610477447509766
107960,10697,0.7914416193962097
107970,10698,5.429122447967529
107980,10699,1.3409006595611572
107990,10700,0.9569790959358215
108000,10701,2.194460391998291
108010,10702,1.6155883073806763
108020,10703,1.7762094736099243
108030,10704,2.410034656524658
108040,10705,3.428924322128296
108050,10706,3.4848217964172363
108060,10707,1.0040695667266846
108070,10708,0.811772346496582
108080,10709,0.6779305338859558
108090,10710,2.864382266998291
108100,10711,2.008523941040039
108110,10712,0.8979231715202332
108120,10713,2.1737024784088135
108130,10714,0.7137077450752258
108140,10715,4.2936906814575195
108150,10716,2.810438632965088
108160,10717,2.013622999191284
108170,10718,1.6718209981918335
108180,10719,2.2547950744628906
108190,10720,1.4067925214767456
108200,10721,1.3929551839828491
108210,10722,1.4774173498153687
108220,10723,1.7835907936096191
108230,10724,0.9284794330596924
108240,10725,1.3020496368408203
108250,10726,1.2033931016921997
108260,10727,1.7697598934173584
108270,10728,0.9261882305145264
108280,10729,1.565154790878296
108290,10730,0.7498742341995239
108300,10731,0.9030441641807556
108310,10732,0.9321932792663574
108320,10733,2.0801286697387695
108330,10734,1.2825980186462402
108340,10735,2.139467716217041
108350,10736,1.2008448839187622
108360,10737,0.958960771560669
108370,10738,2.0061004161834717
108380,10739,1.5717543363571167
108390,10740,2.044743299484253
108400,10741,1.2042630910873413
108410,10742,0.9207480549812317
108420,10743,0.8948771953582764
108430,10744,1.2222440242767334
108440,10745,0.9487531185150146
108450,10746,2.8365800380706787
108460,10747,1.6125234365463257
108470,10748,0.919952392578125
108480,10749,1.5490150451660156
108490,10750,1.6332802772521973
108500,10751,0.8010483384132385
108510,10752,0.9878026843070984
108520,10753,4.120675086975098
108530,10754,0.7692384123802185
108540,10755,1.6990222930908203
108550,10756,0.7962715029716492
108560,10757,1.8365120887756348
108570,10758,0.9169600009918213
108580,10759,0.5387167930603027
108590,10760,0.7290806770324707
108600,10761,1.0568134784698486
108610,10762,0.900959849357605
108620,10763,0.7946702837944031
108630,10764,0.49171409010887146
108640,10765,0.7919241189956665
108650,10766,0.9277345538139343
108660,10767,0.962244987487793
108670,10768,1.3730597496032715
108680,10769,0.9603354930877686
108690,10770,1.0104271173477173
108700,10771,0.5465812087059021
108710,10772,2.183563709259033
108720,10773,0.5241212248802185
108730,10774,1.665568232536316
108740,10775,1.3578119277954102
108750,10776,0.9798358082771301
108760,10777,0.8684802055358887
108770,10778,5.158665657043457
108780,10779,1.073931336402893
108790,10780,1.0649409294128418
108800,10781,1.5036885738372803
108810,10782,3.167893409729004
108820,10783,0.4970760941505432
108830,10784,6.668481826782227
108840,10785,1.7684314250946045
108850,10786,1.3579676151275635
108860,10787,0.9815180897712708
108870,10788,2.5392684936523438
108880,10789,1.6509151458740234
108890,10790,0.6520222425460815
108900,10791,1.1993215084075928
108910,10792,1.102150797843933
108920,10793,0.9309329986572266
108930,10794,0.542118489742279
108940,10795,1.0318737030029297
108950,10796,0.43894052505493164
108960,10797,3.2990293502807617
108970,10798,0.2666197419166565
108980,10799,1.6266541481018066
108990,10800,3.279803991317749
109000,10801,0.9930834174156189
109010,10802,2.862696647644043
109020,10803,1.781328797340393
109030,10804,2.002835512161255
109040,10805,1.57786226272583
109050,10806,1.3748199939727783
109060,10807,2.638007402420044
109070,10808,3.666750431060791
109080,10809,3.2500929832458496
109090,10810,1.082969307899475
109100,10811,1.9414533376693726
109110,10812,2.24623441696167
109120,10813,0.9930663704872131
109130,10814,1.5245389938354492
109140,10815,0.7513375878334045
109150,10816,2.5359952449798584
109160,10817,1.407467246055603
109170,10818,4.7735514640808105
109180,10819,1.0558768510818481
109190,10820,2.5789794921875
109200,10821,1.3570326566696167
109210,10822,2.7898736000061035
109220,10823,0.732397735118866
109230,10824,1.6193122863769531
109240,10825,0.4319692850112915
109250,10826,2.3571932315826416
109260,10827,0.4694227874279022
109270,10828,0.8844553828239441
109280,10829,1.4071133136749268
109290,10830,0.691300630569458
109300,10831,0.5891929864883423
109310,10832,0.8362777233123779
109320,10833,0.9239130020141602
109330,10834,2.4577858448028564
109340,10835,1.0279126167297363
109350,10836,1.1692346334457397
109360,10837,0.7301186919212341
109370,10838,1.3756946325302124
109380,10839,0.5915769934654236
109390,10840,0.7321552038192749
109400,10841,1.3832192420959473
109410,10842,0.6167032718658447
109420,10843,0.8230971097946167
109430,10844,0.6925920248031616
109440,10845,1.5633325576782227
109450,10846,1.537680745124817
109460,10847,4.325577259063721
109470,10848,1.9710512161254883
109480,10849,3.6899030208587646
109490,10850,1.0361194610595703
109500,10851,0.6607069373130798
109510,10852,0.4654724895954132
109520,10853,0.7219135165214539
109530,10854,0.7162474393844604
109540,10855,1.1473839282989502
109550,10856,1.134788155555725
109560,10857,1.3119078874588013
109570,10858,0.7056064009666443
109580,10859,1.6080360412597656
109590,10860,1.1918660402297974
109600,10861,1.1313564777374268
109610,10862,0.6692540049552917
109620,10863,0.9844390749931335
109630,10864,3.1884543895721436
109640,10865,0.3827129602432251
109650,10866,8.294085502624512
109660,10867,1.3786603212356567
109670,10868,0.8313778042793274
109680,10869,2.433201789855957
109690,10870,0.5692610740661621
109700,10871,0.9850307703018188
109710,10872,0.8718912601470947
109720,10873,1.0204555988311768
109730,10874,0.8423756957054138
109740,10875,1.265231966972351
109750,10876,1.7182061672210693
109760,10877,0.8304545879364014
109770,10878,0.6244269013404846
109780,10879,0.7674077153205872
109790,10880,1.7209209203720093
109800,10881,2.7844765186309814
109810,10882,1.5582634210586548
109820,10883,5.181639194488525
109830,10884,1.3276599645614624
109840,10885,2.4300332069396973
109850,10886,1.9059795141220093
109860,10887,0.984303891658783
109870,10888,0.7793818712234497
109880,10889,2.690993547439575
109890,10890,1.396531581878662
109900,10891,1.1056793928146362
109910,10892,7.189209461212158
109920,10893,1.5130023956298828
109930,10894,1.5919849872589111
109940,10895,0.5488376021385193
109950,10896,0.8388412594795227
109960,10897,1.1359188556671143
109970,10898,1.015745997428894
109980,10899,0.6665685176849365
109990,10900,1.1257765293121338
110000,10901,4.226215839385986
110010,10902,1.6961246728897095
110020,10903,2.0344014167785645
110030,10904,1.4534697532653809
110040,10905,0.6636238098144531
110050,10906,2.927978515625
110060,10907,2.286755084991455
110070,10908,2.3485021591186523
110080,10909,2.0200464725494385
110090,10910,2.8624930381774902
110100,10911,2.2594854831695557
110110,10912,3.360506057739258
110120,10913,2.6802966594696045
110130,10914,3.860182762145996
110140,10915,2.1944432258605957
110150,10916,2.013744831085205
110160,10917,3.159200429916382
110170,10918,1.7485007047653198
110180,10919,4.013547897338867
110190,10920,1.3102325201034546
110200,10921,2.0720975399017334
110210,10922,1.6761277914047241
110220,10923,3.1743545532226562
110230,10924,1.4099557399749756
110240,10925,1.4475133419036865
110250,10926,4.060924053192139
110260,10927,1.5591458082199097
110270,10928,0.9369996786117554
110280,10929,1.252190113067627
110290,10930,1.2515244483947754
110300,10931,3.7029690742492676
110310,10932,1.664355754852295
110320,10933,1.053106427192688
110330,10934,0.801394522190094
110340,10935,0.7653843760490417
110350,10936,0.62456876039505
110360,10937,1.8044565916061401
110370,10938,0.9477733969688416
110380,10939,0.3578731119632721
110390,10940,0.46145379543304443
110400,10941,1.1903572082519531
110410,10942,1.1739989519119263
110420,10943,1.6562625169754028
110430,10944,0.9923932552337646
110440,10945,1.628367304801941
110450,10946,1.077745795249939
110460,10947,2.0564353466033936
110470,10948,0.6736051440238953
110480,10949,1.0892040729522705
110490,10950,0.8461930751800537
110500,10951,1.9365630149841309
110510,10952,1.9229787588119507
110520,10953,1.1925908327102661
110530,10954,0.8820928335189819
110540,10955,1.0460124015808105
110550,10956,0.7578084468841553
110560,10957,0.8509632349014282
110570,10958,0.8796505928039551
110580,10959,1.0691726207733154
110590,10960,0.5679124593734741
110600,10961,1.5579960346221924
110610,10962,1.086781620979309
110620,10963,2.4105005264282227
110630,10964,0.6252400279045105
110640,10965,1.4566255807876587
110650,10966,2.40104079246521
110660,10967,0.9911220073699951
110670,10968,1.7442024946212769
110680,10969,0.4649491310119629
110690,10970,2.41780424118042
110700,10971,0.47772276401519775
110710,10972,0.9265111684799194
110720,10973,1.3940542936325073
110730,10974,1.4445463418960571
110740,10975,2.989698886871338
110750,10976,2.675384759902954
110760,10977,1.1152013540267944
110770,10978,1.1322349309921265
110780,10979,1.45851731300354
110790,10980,0.9572656154632568
110800,10981,2.7880284786224365
110810,10982,1.3022682666778564
110820,10983,1.3224804401397705
110830,10984,0.6225593686103821
110840,10985,1.024932861328125
110850,10986,1.9141703844070435
110860,10987,0.9592399001121521
110870,10988,1.499887466430664
110880,10989,1.4556326866149902
110890,10990,0.8366058468818665
110900,10991,1.081613302230835
110910,10992,1.0450959205627441
110920,10993,2.199892520904541
110930,10994,2.172060251235962
110940,10995,0.6934594511985779
110950,10996,1.7991682291030884
110960,10997,1.3425854444503784
110970,10998,0.8026564717292786
110980,10999,6.692636489868164
110990,11000,2.3900580406188965
111000,11001,0.7365517020225525
111010,11002,2.7348554134368896
111020,11003,1.392603874206543
111030,11004,0.8842377662658691
111040,11005,2.351898193359375
111050,11006,2.2052366733551025
111060,11007,0.59769606590271
111070,11008,0.7660540342330933
111080,11009,2.0356736183166504
111090,11010,1.1276196241378784
111100,11011,0.6290504932403564
111110,11012,0.7750957608222961
111120,11013,1.6548290252685547
111130,11014,1.8865764141082764
111140,11015,1.3433960676193237
111150,11016,1.617939829826355
111160,11017,1.3294873237609863
111170,11018,0.593281626701355
111180,11019,1.342849850654602
111190,11020,1.9254788160324097
111200,11021,0.8718044757843018
111210,11022,0.7840926647186279
111220,11023,0.3608086407184601
111230,11024,0.9219702482223511
111240,11025,1.0426422357559204
111250,11026,1.5582454204559326
111260,11027,0.6940107345581055
111270,11028,2.3945846557617188
111280,11029,0.8599553108215332
111290,11030,0.7818970084190369
111300,11031,0.7195724844932556
111310,11032,1.395376443862915
111320,11033,2.2465319633483887
111330,11034,1.100851058959961
111340,11035,1.5775542259216309
111350,11036,2.0065300464630127
111360,11037,0.4253883957862854
111370,11038,1.5315475463867188
111380,11039,1.4114930629730225
111390,11040,1.1084612607955933
111400,11041,1.1144001483917236
111410,11042,1.4258114099502563
111420,11043,2.7328643798828125
111430,11044,0.4608421325683594
111440,11045,0.6731429696083069
111450,11046,1.8459551334381104
111460,11047,1.4678428173065186
111470,11048,1.3050670623779297
111480,11049,1.4834346771240234
111490,11050,1.4780031442642212
111500,11051,3.6614677906036377
111510,11052,1.0279399156570435
111520,11053,0.7007155418395996
111530,11054,1.7720258235931396
111540,11055,2.3766303062438965
111550,11056,1.426871657371521
111560,11057,3.3795042037963867
111570,11058,2.4112491607666016
111580,11059,0.6738291382789612
111590,11060,0.8991823196411133
111600,11061,1.190485954284668
111610,11062,1.5486537218093872
111620,11063,3.5895028114318848
111630,11064,1.1585084199905396
111640,11065,1.5092302560806274
111650,11066,0.9113792181015015
111660,11067,1.0603702068328857
111670,11068,0.7281494140625
111680,11069,1.0135400295257568
111690,11070,1.0802544355392456
111700,11071,0.899786114692688
111710,11072,1.2162946462631226
111720,11073,0.7009071111679077
111730,11074,1.5922048091888428
111740,11075,2.421383857727051
111750,11076,1.6646490097045898
111760,11077,0.6429785490036011
111770,11078,0.6651259660720825
111780,11079,2.7281458377838135
111790,11080,2.0325241088867188
111800,11081,1.568703055381775
111810,11082,0.9313350319862366
111820,11083,4.739816188812256
111830,11084,0.5226030349731445
111840,11085,1.5579460859298706
111850,11086,0.5150929093360901
111860,11087,3.397275686264038
111870,11088,0.9992554187774658
111880,11089,1.6523641347885132
111890,11090,1.3194001913070679
111900,11091,0.21611937880516052
111910,11092,1.2020759582519531
111920,11093,3.6151046752929688
111930,11094,1.5208492279052734
111940,11095,0.7384732365608215
111950,11096,2.2148115634918213
111960,11097,1.9503698348999023
111970,11098,0.7488486170768738
111980,11099,0.9997031688690186
111990,11100,1.5986441373825073
112000,11101,1.2517457008361816
112010,11102,2.5560286045074463
112020,11103,2.297896146774292
112030,11104,2.727992296218872
112040,11105,1.7246767282485962
112050,11106,2.4871749877929688
112060,11107,2.3901703357696533
112070,11108,1.7465025186538696
112080,11109,2.3972551822662354
112090,11110,5.139039039611816
112100,11111,0.6446785926818848
112110,11112,1.506536602973938
112120,11113,1.1112873554229736
112130,11114,1.1693891286849976
112140,11115,6.3533782958984375
112150,11116,1.3315277099609375
112160,11117,1.5015255212783813
112170,11118,1.330623745918274
112180,11119,1.1511938571929932
112190,11120,1.0835041999816895
112200,11121,2.779982089996338
112210,11122,1.2144414186477661
112220,11123,0.49708008766174316
112230,11124,1.257062554359436
112240,11125,0.8230443000793457
112250,11126,1.2032322883605957
112260,11127,1.1395217180252075
112270,11128,0.8540732860565186
112280,11129,1.190258502960205
112290,11130,2.238044500350952
112300,11131,1.1694740056991577
112310,11132,2.2030131816864014
112320,11133,2.1083364486694336
112330,11134,0.9857242703437805
112340,11135,0.96446692943573
112350,11136,1.6250715255737305
112360,11137,1.7535905838012695
112370,11138,0.7354285717010498
112380,11139,0.9916160106658936
112390,11140,1.0980883836746216
112400,11141,1.21403169631958
112410,11142,0.9606364965438843
112420,11143,0.864657461643219
112430,11144,2.1421992778778076
112440,11145,0.46160662174224854
112450,11146,2.5385336875915527
112460,11147,0.644109308719635
112470,11148,0.7349537014961243
112480,11149,1.621843934059143
112490,11150,0.42236658930778503
112500,11151,1.4661113023757935
112510,11152,1.396043062210083
112520,11153,0.5779531002044678
112530,11154,1.0090612173080444
112540,11155,0.929031491279602
112550,11156,1.305924654006958
112560,11157,0.3603779673576355
112570,11158,0.4948278069496155
112580,11159,1.0422017574310303
112590,11160,1.406848669052124
112600,11161,0.9123395681381226
112610,11162,1.733546495437622
112620,11163,6.4635419845581055
112630,11164,1.624084711074829
112640,11165,8.01389217376709
112650,11166,1.647173523902893
112660,11167,2.3254716396331787
112670,11168,2.4568417072296143
112680,11169,2.248239517211914
112690,11170,1.2591753005981445
112700,11171,0.9243471026420593
112710,11172,0.5972977876663208
112720,11173,1.100772738456726
112730,11174,2.277550458908081
112740,11175,1.0828766822814941
112750,11176,2.48218035697937
112760,11177,0.7141678929328918
112770,11178,4.823290824890137
112780,11179,0.8661754727363586
112790,11180,2.145167112350464
112800,11181,1.1861014366149902
112810,11182,6.445375919342041
112820,11183,3.223128080368042
112830,11184,0.33396920561790466
112840,11185,1.7357165813446045
112850,11186,1.263669729232788
112860,11187,0.7331856489181519
112870,11188,1.9102115631103516
112880,11189,0.8783371448516846
112890,11190,0.8409990072250366
112900,11191,1.0850974321365356
112910,11192,2.9706828594207764
112920,11193,0.9549662470817566
112930,11194,0.854820191860199
112940,11195,1.368911862373352
112950,11196,0.9520403146743774
112960,11197,1.2359673976898193
112970,11198,0.4372544288635254
112980,11199,1.518631100654602
112990,11200,1.1845927238464355
113000,11201,0.8791533708572388
113010,11202,1.3230807781219482
113020,11203,0.9523274898529053
113030,11204,3.151099443435669
113040,11205,1.1347770690917969
113050,11206,1.9825069904327393
113060,11207,1.3415987491607666
113070,11208,1.4320451021194458
113080,11209,1.7484432458877563
113090,11210,0.8939402103424072
113100,11211,2.792640209197998
113110,11212,7.184201240539551
113120,11213,2.0594401359558105
113130,11214,3.0891101360321045
113140,11215,3.578969955444336
113150,11216,1.7304742336273193
113160,11217,0.7627248764038086
113170,11218,1.2238296270370483
113180,11219,0.9162998795509338
113190,11220,0.8917918801307678
113200,11221,1.132094383239746
113210,11222,2.316732168197632
113220,11223,9.281591415405273
113230,11224,0.88957679271698
113240,11225,0.7816148996353149
113250,11226,1.383634090423584
113260,11227,6.1128435134887695
113270,11228,1.4100781679153442
113280,11229,3.6820051670074463
113290,11230,2.973066568374634
113300,11231,1.4068790674209595
113310,11232,1.2329232692718506
113320,11233,2.12309193611145
113330,11234,1.1768728494644165
113340,11235,1.7791051864624023
113350,11236,2.492431879043579
113360,11237,1.3155157566070557
113370,11238,0.5493955612182617
113380,11239,1.7139208316802979
113390,11240,2.130941867828369
113400,11241,1.4195071458816528
113410,11242,1.3322393894195557
113420,11243,1.0926846265792847
113430,11244,1.326379656791687
113440,11245,1.8769941329956055
113450,11246,0.7715438008308411
113460,11247,1.4470322132110596
113470,11248,1.1263946294784546
113480,11249,0.9887248277664185
113490,11250,1.4159443378448486
113500,11251,2.7245609760284424
113510,11252,3.4218597412109375
113520,11253,3.4148120880126953
113530,11254,0.8563136458396912
113540,11255,0.7121912837028503
113550,11256,1.6441899538040161
113560,11257,3.430485963821411
113570,11258,1.8225034475326538
113580,11259,0.6817585825920105
113590,11260,7.208266258239746
113600,11261,2.529409408569336
113610,11262,2.2563302516937256
113620,11263,1.217989444732666
113630,11264,0.5940361022949219
113640,11265,4.12157678604126
113650,11266,1.3017747402191162
113660,11267,1.3442373275756836
113670,11268,1.1384943723678589
113680,11269,2.1933252811431885
113690,11270,1.9218107461929321
113700,11271,2.724031925201416
113710,11272,0.5937064290046692
113720,11273,1.6850152015686035
113730,11274,0.5544514656066895
113740,11275,1.1722276210784912
113750,11276,2.0290465354919434
113760,11277,2.591108798980713
113770,11278,1.951762318611145
113780,11279,1.7083888053894043
113790,11280,0.5221342444419861
113800,11281,1.0758484601974487
113810,11282,0.41395020484924316
113820,11283,1.438775897026062
113830,11284,2.365757465362549
113840,11285,1.5586894750595093
113850,11286,1.8407689332962036
113860,11287,2.3602192401885986
113870,11288,0.6785418391227722
113880,11289,1.248030424118042
113890,11290,1.5802035331726074
113900,11291,1.1319016218185425
113910,11292,2.007086753845215
113920,11293,1.6047005653381348
113930,11294,1.6006113290786743
113940,11295,0.85475093126297
113950,11296,1.3048956394195557
113960,11297,1.8798484802246094
113970,11298,0.6411871910095215
113980,11299,1.7825970649719238
113990,11300,0.9853513240814209
114000,11301,0.8005080819129944
114010,11302,1.5962530374526978
114020,11303,1.4368557929992676
114030,11304,6.231276512145996
114040,11305,0.939856231212616
114050,11306,3.495335102081299
114060,11307,1.8509089946746826
114070,11308,3.138469934463501
114080,11309,1.5932854413986206
114090,11310,2.8834447860717773
114100,11311,1.3127894401550293
114110,11312,2.0984723567962646
114120,11313,1.6485198736190796
114130,11314,2.9209492206573486
114140,11315,1.7998614311218262
114150,11316,1.9751490354537964
114160,11317,1.9783623218536377
114170,11318,1.327512502670288
114180,11319,0.8552180528640747
114190,11320,1.4299516677856445
114200,11321,0.895256519317627
114210,11322,1.9595847129821777
114220,11323,1.3587692975997925
114230,11324,1.9956187009811401
114240,11325,0.9882079362869263
114250,11326,2.3462975025177
114260,11327,1.9348948001861572
114270,11328,1.0209589004516602
114280,11329,1.1195088624954224
114290,11330,0.9969102144241333
114300,11331,1.2102824449539185
114310,11332,1.872591257095337
114320,11333,0.7911523580551147
114330,11334,9.715206146240234
114340,11335,0.981009304523468
114350,11336,2.144615411758423
114360,11337,3.2639946937561035
114370,11338,2.1758575439453125
114380,11339,1.8990217447280884
114390,11340,1.6931477785110474
114400,11341,1.306694746017456
114410,11342,0.7701363563537598
114420,11343,1.9447453022003174
114430,11344,1.1377660036087036
114440,11345,1.532139539718628
114450,11346,3.2563188076019287
114460,11347,3.7950592041015625
114470,11348,1.9738034009933472
114480,11349,0.5836782455444336
114490,11350,2.5710368156433105
114500,11351,1.1335067749023438
114510,11352,1.3143692016601562
114520,11353,2.7333924770355225
114530,11354,1.6734071969985962
114540,11355,1.3963202238082886
114550,11356,0.7781587243080139
114560,11357,1.7762980461120605
114570,11358,1.5583871603012085
114580,11359,0.6707155704498291
114590,11360,1.3640097379684448
114600,11361,1.8324171304702759
114610,11362,1.2620505094528198
114620,11363,2.452670097351074
114630,11364,1.1609629392623901
114640,11365,1.2858659029006958
114650,11366,1.2513595819473267
114660,11367,0.9493217468261719
114670,11368,2.817631244659424
114680,11369,1.0854047536849976
114690,11370,1.368882417678833
114700,11371,1.2048568725585938
114710,11372,1.0929653644561768
114720,11373,1.9694898128509521
114730,11374,1.012919306755066
114740,11375,1.1277462244033813
114750,11376,1.8331207036972046
114760,11377,1.9055616855621338
114770,11378,0.8843333721160889
114780,11379,2.033026933670044
114790,11380,1.0808472633361816
114800,11381,2.8027901649475098
114810,11382,1.9298956394195557
114820,11383,1.4714258909225464
114830,11384,1.4729106426239014
114840,11385,2.905407428741455
114850,11386,3.7048027515411377
114860,11387,1.4986737966537476
114870,11388,0.5611851215362549
114880,11389,2.421226978302002
114890,11390,1.505972146987915
114900,11391,7.143415927886963
114910,11392,1.8548860549926758
114920,11393,1.331757664680481
114930,11394,1.0691380500793457
114940,11395,1.5991666316986084
114950,11396,1.8559342622756958
114960,11397,1.0150374174118042
114970,11398,1.553780436515808
114980,11399,1.7834603786468506
114990,11400,1.8459630012512207
115000,11401,1.754576563835144
115010,11402,2.4341511726379395
115020,11403,3.091063976287842
115030,11404,1.451284646987915
115040,11405,2.0816497802734375
115050,11406,1.8794366121292114
115060,11407,1.5872915983200073
115070,11408,1.7762354612350464
115080,11409,1.4391567707061768
115090,11410,1.213012933731079
115100,11411,1.6803902387619019
115110,11412,1.1256784200668335
115120,11413,1.8672127723693848
115130,11414,2.031139850616455
115140,11415,2.056734800338745
115150,11416,0.9423940181732178
115160,11417,2.5086612701416016
115170,11418,2.30570387840271
115180,11419,1.3287036418914795
115190,11420,2.3717238903045654
115200,11421,1.7111204862594604
115210,11422,4.449203968048096
115220,11423,1.1900568008422852
115230,11424,5.664165496826172
115240,11425,0.9352771043777466
115250,11426,1.1178454160690308
115260,11427,1.1782225370407104
115270,11428,0.7333739995956421
115280,11429,1.508669376373291
115290,11430,2.841179847717285
115300,11431,1.3772332668304443
115310,11432,1.1203980445861816
115320,11433,1.4833251237869263
115330,11434,1.6641212701797485
115340,11435,0.9659655094146729
115350,11436,0.830567479133606
115360,11437,0.5956292152404785
115370,11438,1.3123979568481445
115380,11439,1.6635198593139648
115390,11440,3.502474546432495
115400,11441,1.0425993204116821
115410,11442,1.0038836002349854
115420,11443,1.2842063903808594
115430,11444,1.238147258758545
115440,11445,0.8104638457298279
115450,11446,2.040984869003296
115460,11447,1.6710662841796875
115470,11448,1.5337637662887573
115480,11449,0.9733590483665466
115490,11450,2.125537395477295
115500,11451,2.494405746459961
115510,11452,0.8278821110725403
115520,11453,3.7074296474456787
115530,11454,0.5300754308700562
115540,11455,0.8723825216293335
115550,11456,0.9193260073661804
115560,11457,2.7277796268463135
115570,11458,1.6698657274246216
115580,11459,2.3276748657226562
115590,11460,0.845574140548706
115600,11461,1.1589395999908447
115610,11462,2.312807559967041
115620,11463,2.0888707637786865
115630,11464,1.275541067123413
115640,11465,1.110946774482727
115650,11466,1.333001971244812
115660,11467,1.0468909740447998
115670,11468,0.40700575709342957
115680,11469,1.9354413747787476
115690,11470,0.913806140422821
115700,11471,1.181339979171753
115710,11472,3.0773231983184814
115720,11473,1.9225001335144043
115730,11474,1.257635235786438
115740,11475,2.0682504177093506
115750,11476,1.1720473766326904
115760,11477,2.1025335788726807
115770,11478,0.755428671836853
115780,11479,1.4824025630950928
115790,11480,1.796803593635559
115800,11481,0.6108191609382629
115810,11482,2.1239447593688965
115820,11483,1.9199743270874023
115830,11484,1.0582340955734253
115840,11485,0.8865507245063782
115850,11486,0.6079481244087219
115860,11487,1.167583703994751
115870,11488,1.014466404914856
115880,11489,1.2470852136611938
115890,11490,4.224559783935547
115900,11491,2.7285611629486084
115910,11492,1.2712968587875366
115920,11493,2.412148952484131
115930,11494,1.6335399150848389
115940,11495,2.019413471221924
115950,11496,1.1874332427978516
115960,11497,0.919935941696167
115970,11498,1.8546936511993408
115980,11499,0.8627644777297974
115990,11500,1.8434624671936035
116000,11501,2.004265308380127
116010,11502,2.1162185668945312
116020,11503,2.1956496238708496
116030,11504,1.9014939069747925
116040,11505,1.3581440448760986
116050,11506,0.955217719078064
116060,11507,1.699813961982727
116070,11508,0.6831976175308228
116080,11509,0.991685152053833
116090,11510,2.7999861240386963
116100,11511,1.698540449142456
116110,11512,2.738870859146118
116120,11513,2.512556552886963
116130,11514,2.030609369277954
116140,11515,2.8335087299346924
116150,11516,3.0700130462646484
116160,11517,0.5185427665710449
116170,11518,1.5215866565704346
116180,11519,1.2856639623641968
116190,11520,1.5018198490142822
116200,11521,2.2980849742889404
116210,11522,0.8024404644966125
116220,11523,1.078035593032837
116230,11524,1.364919662475586
116240,11525,2.6017115116119385
116250,11526,1.2685332298278809
116260,11527,1.8476251363754272
116270,11528,1.0648040771484375
116280,11529,1.064855933189392
116290,11530,1.13761305809021
116300,11531,0.7667725086212158
116310,11532,1.6082656383514404
116320,11533,0.8707220554351807
116330,11534,1.3335603475570679
116340,11535,1.0934807062149048
116350,11536,1.0419671535491943
116360,11537,2.3825201988220215
116370,11538,1.8481274843215942
116380,11539,0.6007033586502075
116390,11540,1.1468443870544434
116400,11541,0.5425653457641602
116410,11542,1.4292834997177124
116420,11543,0.6856285333633423
116430,11544,1.2755093574523926
116440,11545,0.8776010274887085
116450,11546,0.8497570157051086
116460,11547,1.4386088848114014
116470,11548,1.0510265827178955
116480,11549,0.601029634475708
116490,11550,2.912471055984497
116500,11551,2.498249053955078
116510,11552,1.0182936191558838
116520,11553,1.9175212383270264
116530,11554,2.959038019180298
116540,11555,1.3947768211364746
116550,11556,2.9056193828582764
116560,11557,1.0544939041137695
116570,11558,1.210754156112671
116580,11559,1.024667739868164
116590,11560,1.3839484453201294
116600,11561,2.2905564308166504
116610,11562,2.3590519428253174
116620,11563,2.4030327796936035
116630,11564,1.0155662298202515
116640,11565,1.591936707496643
116650,11566,1.2043203115463257
116660,11567,1.5974196195602417
116670,11568,1.415600061416626
116680,11569,1.194125771522522
116690,11570,2.0173301696777344
116700,11571,0.7883571982383728
116710,11572,0.7936483025550842
116720,11573,0.8271586894989014
116730,11574,1.090517520904541
116740,11575,0.9449588060379028
116750,11576,1.4852325916290283
116760,11577,0.5333302617073059
116770,11578,0.7109209299087524
116780,11579,0.8554267287254333
116790,11580,1.6414588689804077
116800,11581,1.3377567529678345
116810,11582,0.8607286214828491
116820,11583,0.8207219839096069
116830,11584,2.8093528747558594
116840,11585,1.2741637229919434
116850,11586,2.2856388092041016
116860,11587,1.9309793710708618
116870,11588,0.7633751034736633
116880,11589,1.382685661315918
116890,11590,1.2794920206069946
116900,11591,0.9064317345619202
116910,11592,1.9658353328704834
116920,11593,1.325997233390808
116930,11594,3.4988906383514404
116940,11595,0.7632626891136169
116950,11596,1.8511191606521606
116960,11597,1.3193236589431763
116970,11598,0.6582126021385193
116980,11599,0.8603858947753906
116990,11600,1.6129909753799438
117000,11601,6.716090679168701
117010,11602,0.9044631719589233
117020,11603,1.1717383861541748
117030,11604,1.1067782640457153
117040,11605,0.8829262256622314
117050,11606,1.519499659538269
117060,11607,2.4543137550354004
117070,11608,0.9432646036148071
117080,11609,2.8968613147735596
117090,11610,1.6588655710220337
117100,11611,1.0950593948364258
117110,11612,1.4148331880569458
117120,11613,1.5596137046813965
117130,11614,2.1362924575805664
117140,11615,1.0141080617904663
117150,11616,2.6130917072296143
117160,11617,0.7664174437522888
117170,11618,1.5022422075271606
117180,11619,1.8867886066436768
117190,11620,2.226001501083374
117200,11621,1.0296380519866943
117210,11622,1.9982459545135498
117220,11623,1.2808643579483032
117230,11624,1.3226594924926758
117240,11625,1.5262974500656128
117250,11626,4.076300144195557
117260,11627,3.2598440647125244
117270,11628,0.48310795426368713
117280,11629,2.4693663120269775
117290,11630,0.7426221370697021
117300,11631,2.9872567653656006
117310,11632,1.6386528015136719
117320,11633,1.2196977138519287
117330,11634,2.7350807189941406
117340,11635,0.9434472918510437
117350,11636,0.9177489876747131
117360,11637,1.0421028137207031
117370,11638,1.7479102611541748
117380,11639,1.9252804517745972
117390,11640,1.467086672782898
117400,11641,1.8118815422058105
117410,11642,1.3776090145111084
117420,11643,1.0974884033203125
117430,11644,11.423934936523438
117440,11645,4.081448554992676
117450,11646,1.0407922267913818
117460,11647,0.7664766311645508
117470,11648,1.0737172365188599
117480,11649,1.8703889846801758
117490,11650,1.1379969120025635
117500,11651,1.6440738439559937
117510,11652,2.607029676437378
117520,11653,4.452066898345947
117530,11654,1.2090845108032227
117540,11655,0.8036936521530151
117550,11656,2.6243700981140137
117560,11657,1.488473653793335
117570,11658,1.188700795173645
117580,11659,2.114147901535034
117590,11660,1.0524165630340576
117600,11661,1.8412083387374878
117610,11662,1.5003670454025269
117620,11663,1.4494428634643555
117630,11664,1.8437570333480835
117640,11665,1.9581412076950073
117650,11666,1.0664854049682617
117660,11667,1.1973180770874023
117670,11668,1.3098593950271606
117680,11669,2.5466654300689697
117690,11670,0.9070826768875122
117700,11671,1.2907878160476685
117710,11672,1.1097533702850342
117720,11673,2.6134390830993652
117730,11674,0.5707201957702637
117740,11675,1.3971154689788818
117750,11676,1.4573664665222168
117760,11677,1.3585129976272583
117770,11678,1.8706157207489014
117780,11679,1.438901424407959
117790,11680,1.5738192796707153
117800,11681,3.1676950454711914
117810,11682,0.8943821787834167
117820,11683,0.3971005082130432
117830,11684,0.9026455879211426
117840,11685,1.5564719438552856
117850,11686,0.7230607867240906
117860,11687,1.1149553060531616
117870,11688,1.1371064186096191
117880,11689,0.9798066020011902
117890,11690,0.22541087865829468
117900,11691,1.0649065971374512
117910,11692,0.9215861558914185
117920,11693,0.7908328771591187
117930,11694,1.3853793144226074
117940,11695,0.7031558752059937
117950,11696,1.467444658279419
117960,11697,1.2375805377960205
117970,11698,2.5363919734954834
117980,11699,2.0231428146362305
117990,11700,1.093878984451294
118000,11701,3.0081937313079834
118010,11702,0.9839562177658081
118020,11703,1.2281169891357422
118030,11704,1.4622879028320312
118040,11705,1.91412353515625
118050,11706,1.594627022743225
118060,11707,1.318265438079834
118070,11708,0.8322188854217529
118080,11709,1.9588515758514404
118090,11710,1.5343090295791626
118100,11711,1.8176298141479492
118110,11712,0.7808598875999451
118120,11713,2.6225855350494385
118130,11714,1.398215889930725
118140,11715,1.0862338542938232
118150,11716,2.1661300659179688
118160,11717,1.0392094850540161
118170,11718,0.9307999610900879
118180,11719,5.474867343902588
118190,11720,18.954124450683594
118200,11721,2.2913155555725098
118210,11722,1.0131721496582031
118220,11723,1.7065980434417725
118230,11724,1.960630178451538
118240,11725,1.6465340852737427
118250,11726,2.0247316360473633
118260,11727,2.4165422916412354
118270,11728,1.4772840738296509
118280,11729,1.5544493198394775
118290,11730,1.355376958847046
118300,11731,2.486733913421631
118310,11732,1.5095040798187256
118320,11733,2.000256299972534
118330,11734,1.2278348207473755
118340,11735,0.535029947757721
118350,11736,3.740060567855835
118360,11737,0.9741522669792175
118370,11738,1.041277289390564
118380,11739,1.6213310956954956
118390,11740,2.679255962371826
118400,11741,0.6465793251991272
118410,11742,2.574207067489624
118420,11743,1.4938549995422363
118430,11744,1.6144859790802002
118440,11745,1.6760741472244263
118450,11746,1.4679913520812988
118460,11747,1.1186351776123047
118470,11748,0.55732262134552
118480,11749,0.6262722611427307
118490,11750,1.6844652891159058
118500,11751,1.9074606895446777
118510,11752,0.9704931974411011
118520,11753,0.85295569896698
118530,11754,1.970665693283081
118540,11755,3.1836235523223877
118550,11756,1.128588318824768
118560,11757,0.8937046527862549
118570,11758,4.065396785736084
118580,11759,1.0263749361038208
118590,11760,2.523972749710083
118600,11761,1.1168853044509888
118610,11762,1.5299046039581299
118620,11763,0.9256262183189392
118630,11764,1.4116145372390747
118640,11765,3.860306739807129
118650,11766,1.3247804641723633
118660,11767,1.871997594833374
118670,11768,1.691809058189392
118680,11769,1.5313825607299805
118690,11770,2.474022388458252
118700,11771,0.9982929229736328
118710,11772,1.0384485721588135
118720,11773,1.4938044548034668
118730,11774,1.6512571573257446
118740,11775,2.504622220993042
118750,11776,2.3700690269470215
118760,11777,1.509056806564331
118770,11778,1.3033978939056396
118780,11779,2.412923574447632
118790,11780,0.6372535228729248
118800,11781,0.7000752687454224
118810,11782,0.8582153916358948
118820,11783,1.7657504081726074
118830,11784,0.6130920648574829
118840,11785,1.4719548225402832
118850,11786,1.1173492670059204
118860,11787,1.4015488624572754
118870,11788,1.538148283958435
118880,11789,0.6081090569496155
118890,11790,2.179539918899536
118900,11791,1.8208719491958618
118910,11792,0.7912882566452026
118920,11793,1.0747578144073486
118930,11794,1.537334680557251
118940,11795,1.6902832984924316
118950,11796,0.7723973989486694
118960,11797,0.7682454586029053
118970,11798,1.7150987386703491
118980,11799,4.981722831726074
118990,11800,2.764868974685669
119000,11801,2.9570655822753906
119010,11802,3.8920459747314453
119020,11803,1.7307342290878296
119030,11804,1.123008131980896
119040,11805,2.098968267440796
119050,11806,1.2915070056915283
119060,11807,1.9483526945114136
119070,11808,1.982186198234558
119080,11809,2.085907459259033
119090,11810,0.6493909955024719
119100,11811,1.1941170692443848
119110,11812,1.2347536087036133
119120,11813,2.0584499835968018
119130,11814,1.3882167339324951
119140,11815,2.2965335845947266
119150,11816,2.7743735313415527
119160,11817,1.4891021251678467
119170,11818,2.113931179046631
119180,11819,7.505741119384766
119190,11820,2.3083877563476562
119200,11821,1.2853128910064697
119210,11822,1.8724602460861206
119220,11823,0.8680216073989868
119230,11824,1.014827847480774
119240,11825,0.9822505116462708
119250,11826,2.7285501956939697
119260,11827,2.8347818851470947
119270,11828,0.5929887890815735
119280,11829,0.918752133846283
119290,11830,2.3468194007873535
119300,11831,1.09954833984375
119310,11832,2.2656562328338623
119320,11833,2.383089542388916
119330,11834,0.9270445108413696
119340,11835,0.867294430732727
119350,11836,1.2817811965942383
119360,11837,1.162670612335205
119370,11838,1.609879732131958
119380,11839,1.9595060348510742
119390,11840,0.9776560664176941
119400,11841,8.799332618713379
119410,11842,1.4038541316986084
119420,11843,1.635132908821106
119430,11844,0.8583745956420898
119440,11845,1.200675368309021
119450,11846,0.7395318746566772
119460,11847,2.1663670539855957
119470,11848,2.2135605812072754
119480,11849,1.3480557203292847
119490,11850,2.528808116912842
119500,11851,1.2031499147415161
119510,11852,1.2573732137680054
119520,11853,1.305515170097351
119530,11854,0.764722466468811
119540,11855,2.8310399055480957
119550,11856,1.5985311269760132
119560,11857,0.6369196176528931
119570,11858,1.4703712463378906
119580,11859,1.225252389907837
119590,11860,1.3219375610351562
119600,11861,0.8273205757141113
119610,11862,1.330499291419983
119620,11863,2.0558958053588867
119630,11864,1.6494810581207275
119640,11865,1.1538084745407104
119650,11866,2.8534107208251953
119660,11867,2.7192816734313965
119670,11868,3.047031879425049
119680,11869,1.2621822357177734
119690,11870,1.5896052122116089
119700,11871,1.2892343997955322
119710,11872,1.5516960620880127
119720,11873,2.0495424270629883
119730,11874,3.71673321723938
119740,11875,1.7586742639541626
119750,11876,1.1912356615066528
119760,11877,1.4144492149353027
119770,11878,1.0731086730957031
119780,11879,1.4773461818695068
119790,11880,2.976132869720459
119800,11881,1.905510425567627
119810,11882,1.1023365259170532
119820,11883,1.5431642532348633
119830,11884,1.6066622734069824
119840,11885,1.7709083557128906
119850,11886,1.5056838989257812
119860,11887,1.6537470817565918
119870,11888,1.0265467166900635
119880,11889,2.5294222831726074
119890,11890,1.3229180574417114
119900,11891,4.844857692718506
119910,11892,1.2056435346603394
119920,11893,1.2138627767562866
119930,11894,1.8394381999969482
119940,11895,3.5082478523254395
119950,11896,2.0552351474761963
119960,11897,3.188230514526367
119970,11898,0.7583670020103455
119980,11899,0.7842435836791992
119990,11900,2.0749056339263916
120000,11901,1.4496418237686157
120010,11902,1.4134125709533691
120020,11903,1.7598609924316406
120030,11904,1.243927240371704
120040,11905,0.9578484296798706
120050,11906,4.807563304901123
120060,11907,1.5593290328979492
120070,11908,4.4800519943237305
120080,11909,3.957454204559326
120090,11910,3.2832021713256836
120100,11911,1.2619290351867676
120110,11912,3.4040966033935547
120120,11913,0.896685779094696
120130,11914,1.4975862503051758
120140,11915,1.9205913543701172
120150,11916,4.884058475494385
120160,11917,0.49586939811706543
120170,11918,0.831096351146698
120180,11919,5.730313301086426
120190,11920,3.6970274448394775
120200,11921,2.5436434745788574
120210,11922,1.2535357475280762
120220,11923,1.022456407546997
120230,11924,1.0316202640533447
120240,11925,3.041832685470581
120250,11926,2.822108030319214
120260,11927,2.1502292156219482
120270,11928,1.3151094913482666
120280,11929,3.760586738586426
120290,11930,0.4595748782157898
120300,11931,1.61698317527771
120310,11932,1.3720073699951172
120320,11933,1.3530561923980713
120330,11934,3.4171056747436523
120340,11935,1.3301366567611694
120350,11936,0.9954342246055603
120360,11937,4.091800212860107
120370,11938,1.8101540803909302
120380,11939,2.950319766998291
120390,11940,0.7521588802337646
120400,11941,1.7463139295578003
120410,11942,2.2136881351470947
120420,11943,1.4632978439331055
120430,11944,1.227946400642395
120440,11945,3.4820804595947266
120450,11946,0.7612054944038391
120460,11947,3.1427111625671387
120470,11948,0.8621611595153809
120480,11949,1.5774648189544678
120490,11950,1.8974673748016357
120500,11951,2.8094005584716797
120510,11952,2.7186784744262695
120520,11953,3.4875595569610596
120530,11954,2.5889639854431152
120540,11955,1.0380549430847168
120550,11956,2.4120285511016846
120560,11957,1.5382627248764038
120570,11958,2.739806652069092
120580,11959,1.1958949565887451
120590,11960,2.1851589679718018
120600,11961,0.8321196436882019
120610,11962,0.6259822845458984
120620,11963,0.6745083928108215
120630,11964,1.80777907371521
120640,11965,1.6959912776947021
120650,11966,0.5528003573417664
120660,11967,1.335835337638855
120670,11968,1.0837714672088623
120680,11969,2.6895394325256348
120690,11970,2.119380235671997
120700,11971,1.998655080795288
120710,11972,1.054174780845642
120720,11973,1.3727549314498901
120730,11974,1.4916751384735107
120740,11975,0.8257832527160645
120750,11976,3.3770833015441895
120760,11977,0.7462573647499084
120770,11978,1.2838919162750244
120780,11979,1.0736513137817383
120790,11980,0.7866076827049255
120800,11981,2.6389272212982178
120810,11982,1.3629847764968872
120820,11983,2.2108752727508545
120830,11984,1.3433048725128174
120840,11985,2.7023258209228516
120850,11986,3.5363848209381104
120860,11987,2.6433258056640625
120870,11988,1.4000566005706787
120880,11989,0.559040904045105
120890,11990,2.1891462802886963
120900,11991,2.8047773838043213
120910,11992,1.258320927619934
120920,11993,0.7826508283615112
120930,11994,3.5086302757263184
120940,11995,1.9033948183059692
120950,11996,2.811866283416748
120960,11997,1.9074890613555908
120970,11998,0.5577437281608582
120980,11999,1.818078875541687
120990,12000,2.3442068099975586
121000,12001,10.985099792480469
121010,12002,3.375312089920044
121020,12003,2.869570016860962
121030,12004,2.3301279544830322
121040,12005,2.1429293155670166
121050,12006,1.6339669227600098
121060,12007,1.369336724281311
121070,12008,0.9720112085342407
121080,12009,0.5913290977478027
121090,12010,1.5044821500778198
121100,12011,1.6030893325805664
121110,12012,0.89491868019104
121120,12013,1.6211788654327393
121130,12014,2.330364942550659
121140,12015,1.8650020360946655
121150,12016,1.556707739830017
121160,12017,1.1057795286178589
121170,12018,1.8921949863433838
121180,12019,0.5287989974021912
121190,12020,1.2372796535491943
121200,12021,0.4599548876285553
121210,12022,4.235694408416748
121220,12023,1.8150949478149414
121230,12024,1.27293062210083
121240,12025,1.9003925323486328
121250,12026,1.7890563011169434
121260,12027,2.3924076557159424
121270,12028,1.3372564315795898
121280,12029,7.3151140213012695
121290,12030,3.305492401123047
121300,12031,1.1290216445922852
121310,12032,5.367591857910156
121320,12033,2.3197689056396484
121330,12034,1.4107458591461182
121340,12035,3.027503490447998
121350,12036,0.9317157864570618
121360,12037,2.436154842376709
121370,12038,0.9269230961799622
121380,12039,2.6507866382598877
121390,12040,0.5401676893234253
121400,12041,2.3931992053985596
121410,12042,1.1923425197601318
121420,12043,0.5510760545730591
121430,12044,3.4428601264953613
121440,12045,1.4865573644638062
121450,12046,1.4191930294036865
121460,12047,1.4838485717773438
121470,12048,2.6331348419189453
121480,12049,1.1819027662277222
121490,12050,1.3254375457763672
121500,12051,2.0023880004882812
121510,12052,1.2072758674621582
121520,12053,2.569140672683716
121530,12054,1.2357884645462036
121540,12055,1.3663551807403564
121550,12056,0.8585846424102783
121560,12057,0.99390709400177
121570,12058,1.3696693181991577
121580,12059,1.7501676082611084
121590,12060,0.9264969825744629
121600,12061,2.8360042572021484
121610,12062,2.5106072425842285
121620,12063,1.699926495552063
121630,12064,0.6929689645767212
121640,12065,1.0281075239181519
121650,12066,3.3781096935272217
121660,12067,1.572143316268921
121670,12068,1.4799185991287231
121680,12069,0.6649085879325867
121690,12070,1.1045067310333252
121700,12071,4.307423114776611
121710,12072,1.5702472925186157
121720,12073,1.2972838878631592
121730,12074,2.9611921310424805
121740,12075,1.5190006494522095
121750,12076,2.917980194091797
121760,12077,1.5106239318847656
121770,12078,1.4422093629837036
121780,12079,0.8987154364585876
121790,12080,7.386357307434082
121800,12081,1.1053839921951294
121810,12082,2.5440289974212646
121820,12083,0.9017167091369629
121830,12084,1.698718547821045
121840,12085,1.1065534353256226
121850,12086,1.3256213665008545
121860,12087,1.47342848777771
121870,12088,1.069806694984436
121880,12089,1.1350915431976318
121890,12090,1.445159673690796
121900,12091,1.5403183698654175
121910,12092,2.2873098850250244
121920,12093,1.7790114879608154
121930,12094,1.670128345489502
121940,12095,2.1551523208618164
121950,12096,1.5740091800689697
121960,12097,1.375725507736206
121970,12098,0.7165442705154419
121980,12099,1.7157186269760132
121990,12100,1.853987216949463
122000,12101,0.8553602695465088
122010,12102,2.6241281032562256
122020,12103,2.1988556385040283
122030,12104,2.058495044708252
122040,12105,1.9374176263809204
122050,12106,1.5268611907958984
122060,12107,2.065336227416992
122070,12108,1.373710036277771
122080,12109,1.0720325708389282
122090,12110,1.5000077486038208
122100,12111,1.457431674003601
122110,12112,3.2780628204345703
122120,12113,1.3751381635665894
122130,12114,1.5072218179702759
122140,12115,0.5929616093635559
122150,12116,1.317193865776062
122160,12117,7.689099311828613
122170,12118,2.2081000804901123
122180,12119,1.4575611352920532
122190,12120,0.897654116153717
122200,12121,1.4899563789367676
122210,12122,1.1715086698532104
122220,12123,1.0563080310821533
122230,12124,2.25610613822937
122240,12125,1.1306955814361572
122250,12126,1.6039623022079468
122260,12127,1.5956939458847046
122270,12128,0.8655008673667908
122280,12129,1.868679404258728
122290,12130,2.622051239013672
122300,12131,1.7353719472885132
122310,12132,3.86936354637146
122320,12133,2.0153279304504395
122330,12134,0.7737435102462769
122340,12135,3.2386090755462646
122350,12136,1.9781417846679688
122360,12137,1.2521026134490967
122370,12138,2.5072808265686035
122380,12139,2.7232885360717773
122390,12140,1.7763291597366333
122400,12141,1.4419735670089722
122410,12142,1.4247980117797852
122420,12143,1.246985912322998
122430,12144,1.0553003549575806
122440,12145,0.9188448190689087
122450,12146,1.8959437608718872
122460,12147,2.1801342964172363
122470,12148,2.2238845825195312
122480,12149,0.8776254653930664
122490,12150,1.4926329851150513
122500,12151,0.8098699450492859
122510,12152,1.6703107357025146
122520,12153,1.3847072124481201
122530,12154,2.4150948524475098
122540,12155,2.668966770172119
122550,12156,1.3326431512832642
122560,12157,1.5705904960632324
122570,12158,1.5042210817337036
122580,12159,2.0006940364837646
122590,12160,0.7342665195465088
122600,12161,1.501391887664795
122610,12162,3.9774508476257324
122620,12163,2.2924931049346924
122630,12164,1.8988796472549438
122640,12165,1.1059596538543701
122650,12166,1.7534109354019165
122660,12167,2.5227739810943604
122670,12168,1.5414705276489258
122680,12169,3.4341859817504883
122690,12170,1.9491636753082275
122700,12171,1.6177103519439697
122710,12172,1.6626286506652832
122720,12173,1.2564284801483154
122730,12174,1.2153428792953491
122740,12175,0.9357631802558899
122750,12176,3.3363826274871826
122760,12177,2.461660623550415
122770,12178,1.5642565488815308
122780,12179,1.660136342048645
122790,12180,1.1905730962753296
122800,12181,1.415258526802063
122810,12182,2.2399885654449463
122820,12183,4.082320690155029
122830,12184,1.8550069332122803
122840,12185,0.9926273822784424
122850,12186,2.322901487350464
122860,12187,0.6316153407096863
122870,12188,0.770197331905365
122880,12189,0.7925374507904053
122890,12190,1.5890812873840332
122900,12191,1.2260507345199585
122910,12192,1.3977504968643188
122920,12193,1.7041280269622803
122930,12194,1.7105352878570557
122940,12195,1.3290997743606567
122950,12196,0.8706172108650208
122960,12197,1.223368525505066
122970,12198,1.0285181999206543
122980,12199,2.288684606552124
122990,12200,0.625079870223999
123000,12201,0.7310503721237183
123010,12202,4.047493934631348
123020,12203,2.5099995136260986
123030,12204,3.6309027671813965
123040,12205,1.731153130531311
123050,12206,1.9164185523986816
123060,12207,2.2199347019195557
123070,12208,2.510362386703491
123080,12209,2.8598952293395996
123090,12210,1.7807523012161255
123100,12211,3.4750523567199707
123110,12212,5.048127174377441
123120,12213,1.6164814233779907
123130,12214,1.9601726531982422
123140,12215,2.2290780544281006
123150,12216,1.27964186668396
123160,12217,2.2204747200012207
123170,12218,4.634139537811279
123180,12219,1.4780163764953613
123190,12220,1.3540781736373901
123200,12221,3.714047431945801
123210,12222,1.8714350461959839
123220,12223,1.813171148300171
123230,12224,0.9909808039665222
123240,12225,2.348207712173462
123250,12226,1.395268440246582
123260,12227,1.0933830738067627
123270,12228,1.9782413244247437
123280,12229,1.6394774913787842
123290,12230,3.293849468231201
123300,12231,1.2086753845214844
123310,12232,2.186850070953369
123320,12233,2.129319429397583
123330,12234,1.0516741275787354
123340,12235,2.712496519088745
123350,12236,1.763728380203247
123360,12237,4.637203216552734
123370,12238,2.5570850372314453
123380,12239,4.849820137023926
123390,12240,2.0851471424102783
123400,12241,2.3643569946289062
123410,12242,2.8630075454711914
123420,12243,3.2770700454711914
123430,12244,0.9749724268913269
123440,12245,1.2857310771942139
123450,12246,0.6700920462608337
123460,12247,0.9482444524765015
123470,12248,1.1990796327590942
123480,12249,1.7046276330947876
123490,12250,1.7477447986602783
123500,12251,1.1762714385986328
123510,12252,1.866064190864563
123520,12253,2.825319290161133
123530,12254,0.8916258811950684
123540,12255,2.031496524810791
123550,12256,0.635945737361908
123560,12257,1.5580376386642456
123570,12258,1.6585050821304321
123580,12259,1.724044919013977
123590,12260,0.9329026937484741
123600,12261,4.524043560028076
123610,12262,2.691077470779419
123620,12263,1.0852711200714111
123630,12264,0.8878141641616821
123640,12265,1.0050500631332397
123650,12266,1.0809333324432373
123660,12267,0.8409237861633301
123670,12268,2.0489981174468994
123680,12269,1.6490652561187744
123690,12270,2.085920810699463
123700,12271,2.6517882347106934
123710,12272,1.3093339204788208
123720,12273,3.7750566005706787
123730,12274,2.4989888668060303
123740,12275,1.0253348350524902
123750,12276,1.1039605140686035
123760,12277,1.1390751600265503
123770,12278,1.1451603174209595
123780,12279,1.132911205291748
123790,12280,0.8987733125686646
123800,12281,2.623992443084717
123810,12282,1.5282992124557495
123820,12283,1.0604314804077148
123830,12284,1.3964874744415283
123840,12285,4.026512145996094
123850,12286,2.107971668243408
123860,12287,1.6573426723480225
123870,12288,1.8783665895462036
123880,12289,2.4912667274475098
123890,12290,1.795863151550293
123900,12291,3.1602728366851807
123910,12292,1.0654653310775757
123920,12293,1.892530918121338
123930,12294,5.532909870147705
123940,12295,2.1159114837646484
123950,12296,3.088935375213623
123960,12297,1.1613574028015137
123970,12298,0.7573590278625488
123980,12299,0.6146278381347656
123990,12300,1.2225725650787354
124000,12301,1.9892473220825195
124010,12302,1.493973731994629
124020,12303,3.686434268951416
124030,12304,1.0193166732788086
124040,12305,0.888973593711853
124050,12306,1.308988332748413
124060,12307,3.6049864292144775
124070,12308,1.73606276512146
124080,12309,1.9284038543701172
124090,12310,1.7674095630645752
124100,12311,1.9172837734222412
124110,12312,2.088888168334961
124120,12313,1.2952929735183716
124130,12314,1.7191263437271118
124140,12315,1.4070237874984741
124150,12316,1.4442719221115112
124160,12317,0.9744267463684082
124170,12318,1.3507943153381348
124180,12319,1.9398891925811768
124190,12320,2.0052382946014404
124200,12321,1.481848955154419
124210,12322,2.0806283950805664
124220,12323,0.8373846411705017
124230,12324,1.6738338470458984
124240,12325,1.731322169303894
124250,12326,1.1331490278244019
124260,12327,2.008873224258423
124270,12328,1.4600677490234375
124280,12329,1.306784749031067
124290,12330,1.0375618934631348
124300,12331,1.416038990020752
124310,12332,1.332406997680664
124320,12333,1.345901370048523
124330,12334,1.6138802766799927
124340,12335,1.0566918849945068
124350,12336,0.7258588075637817
124360,12337,0.6805087327957153
124370,12338,1.9146499633789062
124380,12339,2.087881088256836
124390,12340,0.8922783136367798
124400,12341,1.331281304359436
124410,12342,1.530576229095459
124420,12343,1.5268120765686035
124430,12344,0.841360330581665
124440,12345,1.0949136018753052
124450,12346,1.0836637020111084
124460,12347,1.7208590507507324
124470,12348,2.2502098083496094
124480,12349,1.8002806901931763
124490,12350,1.8252216577529907
124500,12351,1.301627278327942
124510,12352,2.228522300720215
124520,12353,2.4602127075195312
124530,12354,2.316045045852661
124540,12355,1.567378282546997
124550,12356,2.300168037414551
124560,12357,1.9167989492416382
124570,12358,1.209335207939148
124580,12359,0.761410117149353
124590,12360,1.389436960220337
124600,12361,1.4564484357833862
124610,12362,1.3806058168411255
124620,12363,1.6297119855880737
124630,12364,1.9908324480056763
124640,12365,0.6378601789474487
124650,12366,2.854071855545044
124660,12367,1.6810038089752197
124670,12368,1.6752173900604248
124680,12369,0.9103611707687378
124690,12370,1.9058151245117188
124700,12371,2.039031744003296
124710,12372,3.781791925430298
124720,12373,1.1116143465042114
124730,12374,2.3844187259674072
124740,12375,2.923060894012451
124750,12376,1.5867441892623901
124760,12377,0.8486906290054321
124770,12378,2.3506693840026855
124780,12379,1.430673599243164
124790,12380,0.8273340463638306
124800,12381,1.1783016920089722
124810,12382,0.8065757155418396
124820,12383,0.6583446264266968
124830,12384,1.9053078889846802
124840,12385,1.8554363250732422
124850,12386,0.9914395809173584
124860,12387,0.8775251507759094
124870,12388,1.575474500656128
124880,12389,1.8799681663513184
124890,12390,4.439351558685303
124900,12391,3.678668737411499
124910,12392,0.9539421796798706
124920,12393,1.6440728902816772
124930,12394,0.9854193329811096
124940,12395,2.4504902362823486
124950,12396,1.0195592641830444
124960,12397,1.2131215333938599
124970,12398,0.8284068703651428
124980,12399,4.53582239151001
124990,12400,1.5916568040847778
125000,12401,3.2594311237335205
125010,12402,1.646437644958496
125020,12403,2.6657931804656982
125030,12404,2.5912396907806396
125040,12405,1.3657764196395874
125050,12406,1.2622921466827393
125060,12407,1.3675554990768433
125070,12408,1.9862828254699707
125080,12409,1.188971996307373
125090,12410,1.4355523586273193
125100,12411,1.1812922954559326
125110,12412,2.655670166015625
125120,12413,0.6410578489303589
125130,12414,1.1851699352264404
125140,12415,1.8531744480133057
125150,12416,1.1040652990341187
125160,12417,5.406636714935303
125170,12418,1.133488416671753
125180,12419,0.7193938493728638
125190,12420,2.0265843868255615
125200,12421,1.0757046937942505
125210,12422,0.8576250076293945
125220,12423,1.1963880062103271
125230,12424,0.9256373643875122
125240,12425,1.4310840368270874
125250,12426,0.814091682434082
125260,12427,1.805854082107544
125270,12428,0.9226009845733643
125280,12429,1.2876043319702148
125290,12430,3.536928415298462
125300,12431,1.856155276298523
125310,12432,2.365694046020508
125320,12433,2.436513900756836
125330,12434,1.1530075073242188
125340,12435,0.8622057437896729
125350,12436,1.6871905326843262
125360,12437,1.0595930814743042
125370,12438,3.0221705436706543
125380,12439,1.610931634902954
125390,12440,5.246944427490234
125400,12441,0.8620198369026184
125410,12442,0.48073941469192505
125420,12443,1.828200101852417
125430,12444,1.7831164598464966
125440,12445,1.719250202178955
125450,12446,1.0882636308670044
125460,12447,2.4478399753570557
125470,12448,1.426486849784851
125480,12449,0.6636645197868347
125490,12450,1.0032017230987549
125500,12451,0.48757845163345337
125510,12452,1.759639859199524
125520,12453,1.4411733150482178
125530,12454,1.610327124595642
125540,12455,3.0251429080963135
125550,12456,1.7230236530303955
125560,12457,0.9107280373573303
125570,12458,1.9116480350494385
125580,12459,1.3886823654174805
125590,12460,1.6806472539901733
125600,12461,2.052760124206543
125610,12462,1.4117873907089233
125620,12463,1.5903489589691162
125630,12464,1.1686203479766846
125640,12465,1.7121634483337402
125650,12466,1.2351653575897217
125660,12467,1.175046682357788
125670,12468,1.6479803323745728
125680,12469,1.0797802209854126
125690,12470,0.8385378122329712
125700,12471,1.0272216796875
125710,12472,1.9705970287322998
125720,12473,1.223020315170288
125730,12474,0.4996505677700043
125740,12475,1.8623874187469482
125750,12476,1.4440678358078003
125760,12477,0.991848349571228
125770,12478,3.014876127243042
125780,12479,2.1657168865203857
125790,12480,1.5297913551330566
125800,12481,1.1387165784835815
125810,12482,3.0958309173583984
125820,12483,0.9301981329917908
125830,12484,1.8831536769866943
125840,12485,1.0151251554489136
125850,12486,1.236485242843628
125860,12487,0.931660532951355
125870,12488,5.189620018005371
125880,12489,1.3333810567855835
125890,12490,1.9198819398880005
125900,12491,1.7087889909744263
125910,12492,1.6677303314208984
125920,12493,1.1557979583740234
125930,12494,0.7982660531997681
125940,12495,1.9074187278747559
125950,12496,1.0418998003005981
125960,12497,1.3190312385559082
125970,12498,1.6845190525054932
125980,12499,1.1883735656738281
125990,12500,1.8590480089187622
126000,12501,0.6870940327644348
126010,12502,2.1469764709472656
126020,12503,1.9360755681991577
126030,12504,1.0228811502456665
126040,12505,0.9947741627693176
126050,12506,0.9863882064819336
126060,12507,0.9564230442047119
126070,12508,1.543359398841858
126080,12509,0.9303995966911316
126090,12510,1.1454129219055176
126100,12511,1.1211987733840942
126110,12512,5.271002769470215
126120,12513,1.1356523036956787
126130,12514,1.025105595588684
126140,12515,1.1319745779037476
126150,12516,1.1259616613388062
126160,12517,8.034714698791504
126170,12518,1.4442784786224365
126180,12519,1.2234916687011719
126190,12520,0.6120851039886475
126200,12521,2.3374626636505127
126210,12522,1.9823458194732666
126220,12523,3.6017515659332275
126230,12524,1.748633861541748
126240,12525,1.310777187347412
126250,12526,1.2681726217269897
126260,12527,1.993144154548645
126270,12528,1.062987208366394
126280,12529,7.210422992706299
126290,12530,2.0192978382110596
126300,12531,2.986626148223877
126310,12532,0.8986045122146606
126320,12533,1.4133930206298828
126330,12534,1.0837591886520386
126340,12535,2.1212785243988037
126350,12536,1.2038795948028564
126360,12537,1.2667014598846436
126370,12538,1.3945568799972534
126380,12539,1.8682202100753784
126390,12540,1.0282063484191895
126400,12541,1.8194763660430908
126410,12542,1.1228301525115967
126420,12543,1.1191377639770508
126430,12544,1.5440548658370972
126440,12545,0.7904250621795654
126450,12546,1.4574042558670044
126460,12547,0.7393525242805481
126470,12548,1.7994040250778198
126480,12549,10.005019187927246
126490,12550,1.366031289100647
126500,12551,1.4210083484649658
126510,12552,1.1215711832046509
126520,12553,0.6112514138221741
126530,12554,1.5347568988800049
126540,12555,1.9866540431976318
126550,12556,3.601457118988037
126560,12557,1.9380451440811157
126570,12558,1.5621349811553955
126580,12559,0.6764361262321472
126590,12560,1.9732859134674072
126600,12561,1.5775963068008423
126610,12562,3.8613765239715576
126620,12563,1.256213665008545
126630,12564,1.147167444229126
126640,12565,1.6843117475509644
126650,12566,1.4563231468200684
126660,12567,2.382486343383789
126670,12568,0.7619529366493225
126680,12569,0.9233983755111694
126690,12570,2.1556904315948486
126700,12571,1.5499639511108398
126710,12572,1.9290834665298462
126720,12573,1.7492954730987549
126730,12574,1.4859814643859863
126740,12575,0.41878026723861694
126750,12576,1.2676688432693481
126760,12577,1.1607354879379272
126770,12578,0.5744670629501343
126780,12579,1.1254997253417969
126790,12580,1.6026843786239624
126800,12581,0.9135147929191589
126810,12582,0.7741390466690063
126820,12583,0.8311722874641418
126830,12584,1.2073564529418945
126840,12585,1.0003185272216797
126850,12586,0.723206102848053
126860,12587,1.3795616626739502
126870,12588,1.5628010034561157
126880,12589,0.8919756412506104
126890,12590,0.9035195112228394
126900,12591,1.3835978507995605
126910,12592,2.390148162841797
126920,12593,0.9517931938171387
126930,12594,0.9720775485038757
126940,12595,1.117997646331787
126950,12596,1.047944188117981
126960,12597,0.6160957217216492
126970,12598,1.4199162721633911
126980,12599,3.349853992462158
126990,12600,3.3265914916992188
127000,12601,2.2048518657684326
127010,12602,1.6097720861434937
127020,12603,1.4905495643615723
127030,12604,1.4923759698867798
127040,12605,1.246319055557251
127050,12606,0.9344501495361328
127060,12607,0.7841057777404785
127070,12608,1.3554246425628662
127080,12609,1.134676456451416
127090,12610,2.22322678565979
127100,12611,0.8529634475708008
127110,12612,1.9068357944488525
127120,12613,1.708156704902649
127130,12614,1.404699683189392
127140,12615,0.7747355103492737
127150,12616,2.3878655433654785
127160,12617,1.2178773880004883
127170,12618,1.6270872354507446
127180,12619,1.0122523307800293
127190,12620,1.692467451095581
127200,12621,1.9434763193130493
127210,12622,2.727238655090332
127220,12623,1.095534324645996
127230,12624,1.6617323160171509
127240,12625,1.1287466287612915
127250,12626,1.8883514404296875
127260,12627,2.020986318588257
127270,12628,1.3441637754440308
127280,12629,1.3146202564239502
127290,12630,0.6022623777389526
127300,12631,1.3489903211593628
127310,12632,1.42356276512146
127320,12633,1.420804500579834
127330,12634,0.9558403491973877
127340,12635,0.45464977622032166
127350,12636,1.1652849912643433
127360,12637,1.963053584098816
127370,12638,0.790411114692688
127380,12639,0.7772977948188782
127390,12640,0.6764105558395386
127400,12641,1.210695505142212
127410,12642,0.5461397767066956
127420,12643,1.2196303606033325
127430,12644,0.30850347876548767
127440,12645,1.8979846239089966
127450,12646,0.6730824112892151
127460,12647,0.6877431869506836
127470,12648,0.972423791885376
127480,12649,5.019256114959717
127490,12650,1.0298922061920166
127500,12651,1.2001250982284546
127510,12652,1.5918394327163696
127520,12653,1.3536235094070435
127530,12654,2.585984945297241
127540,12655,0.7954714298248291
127550,12656,0.9955952167510986
127560,12657,1.2587915658950806
127570,12658,2.4520959854125977
127580,12659,2.4341678619384766
127590,12660,1.3037338256835938
127600,12661,1.9533476829528809
127610,12662,0.9872754812240601
127620,12663,1.034447431564331
127630,12664,0.9936898946762085
127640,12665,1.7520698308944702
127650,12666,0.5302067995071411
127660,12667,0.7730728983879089
127670,12668,1.3532874584197998
127680,12669,1.9083375930786133
127690,12670,0.8168239593505859
127700,12671,1.2374175786972046
127710,12672,0.6124577522277832
127720,12673,1.352150559425354
127730,12674,0.7173786759376526
127740,12675,1.320967674255371
127750,12676,7.122939109802246
127760,12677,1.096732497215271
127770,12678,1.1519372463226318
127780,12679,1.438472032546997
127790,12680,0.8414731025695801
127800,12681,1.520200490951538
127810,12682,1.6295280456542969
127820,12683,0.4742976427078247
127830,12684,3.3330190181732178
127840,12685,0.9742164015769958
127850,12686,0.5759159326553345
127860,12687,1.6457700729370117
127870,12688,0.7787476778030396
127880,12689,0.7934523820877075
127890,12690,0.6407332420349121
127900,12691,0.8987492322921753
127910,12692,0.7708821892738342
127920,12693,1.2993452548980713
127930,12694,0.7765817046165466
127940,12695,0.5692799091339111
127950,12696,1.1105040311813354
127960,12697,1.459723949432373
127970,12698,1.099432110786438
127980,12699,1.4080193042755127
127990,12700,0.5012345910072327
128000,12701,0.571353018283844
128010,12702,1.2059175968170166
128020,12703,1.4768495559692383
128030,12704,1.6902248859405518
128040,12705,1.9093090295791626
128050,12706,1.54696524143219
128060,12707,0.8007482886314392
128070,12708,2.542323112487793
128080,12709,2.1618459224700928
128090,12710,2.2436134815216064
128100,12711,1.259847640991211
128110,12712,2.2644336223602295
128120,12713,1.3743560314178467
128130,12714,1.0278323888778687
128140,12715,1.6660637855529785
128150,12716,1.7451486587524414
128160,12717,1.4492685794830322
128170,12718,2.083515167236328
128180,12719,2.7144367694854736
128190,12720,1.5038224458694458
128200,12721,1.6235859394073486
128210,12722,0.9264284372329712
128220,12723,1.7054699659347534
128230,12724,0.8901187181472778
128240,12725,1.6255825757980347
128250,12726,1.4450229406356812
128260,12727,0.9043906331062317
128270,12728,0.7679901719093323
128280,12729,1.664061188697815
128290,12730,1.2825323343276978
128300,12731,1.111880898475647
128310,12732,1.6563918590545654
128320,12733,0.7628726363182068
128330,12734,3.082012414932251
128340,12735,3.0026118755340576
128350,12736,1.4076324701309204
128360,12737,0.807651162147522
128370,12738,1.00408136844635
128380,12739,0.8052555322647095
128390,12740,6.204165458679199
128400,12741,0.9146875739097595
128410,12742,1.659327507019043
128420,12743,1.6934703588485718
128430,12744,1.2568442821502686
128440,12745,2.0783028602600098
128450,12746,0.7394940853118896
128460,12747,0.5940759181976318
128470,12748,0.8189994096755981
128480,12749,0.8281797170639038
128490,12750,1.3170396089553833
128500,12751,1.389672040939331
128510,12752,1.2515687942504883
128520,12753,0.8120117783546448
128530,12754,1.4236904382705688
128540,12755,0.7552242875099182
128550,12756,2.4945497512817383
128560,12757,0.9178444147109985
128570,12758,1.4743553400039673
128580,12759,0.9337446093559265
128590,12760,1.8190487623214722
128600,12761,0.5385176539421082
128610,12762,2.048597812652588
128620,12763,4.772149562835693
128630,12764,1.2183314561843872
128640,12765,1.3204169273376465
128650,12766,0.7746052742004395
128660,12767,0.8125604391098022
128670,12768,1.4399759769439697
128680,12769,1.1925197839736938
128690,12770,0.6935074925422668
128700,12771,2.8008596897125244
128710,12772,1.567757487297058
128720,12773,0.8411453366279602
128730,12774,1.6596283912658691
128740,12775,2.332402467727661
128750,12776,0.6203064918518066
128760,12777,1.0283807516098022
128770,12778,0.9274652004241943
128780,12779,0.9165665507316589
128790,12780,1.0287070274353027
128800,12781,0.8071649074554443
128810,12782,2.6610605716705322
128820,12783,1.1474881172180176
128830,12784,1.1003742218017578
128840,12785,1.2335562705993652
128850,12786,1.0337432622909546
128860,12787,0.9672913551330566
128870,12788,6.282744407653809
128880,12789,1.164932131767273
128890,12790,2.82142972946167
128900,12791,1.916237235069275
128910,12792,1.2582956552505493
128920,12793,0.6124972105026245
128930,12794,1.6417540311813354
128940,12795,0.9771984815597534
128950,12796,0.8449430465698242
128960,12797,1.4374173879623413
128970,12798,2.7218592166900635
128980,12799,3.2065632343292236
128990,12800,0.7531150579452515
129000,12801,0.6123842597007751
129010,12802,5.028980255126953
129020,12803,1.279640793800354
129030,12804,1.4416191577911377
129040,12805,1.9647040367126465
129050,12806,0.8112210035324097
129060,12807,1.3099932670593262
129070,12808,0.8996199369430542
129080,12809,3.0760855674743652
129090,12810,0.9009700417518616
129100,12811,1.9007699489593506
129110,12812,2.5748848915100098
129120,12813,1.273180365562439
129130,12814,0.9940447807312012
129140,12815,0.9676739573478699
129150,12816,1.7464649677276611
129160,12817,1.1533746719360352
129170,12818,1.713268518447876
129180,12819,3.194408893585205
129190,12820,1.3122905492782593
129200,12821,1.5039254426956177
129210,12822,1.2973322868347168
129220,12823,1.2089178562164307
129230,12824,1.1919958591461182
129240,12825,1.5375580787658691
129250,12826,0.896061897277832
129260,12827,1.3520548343658447
129270,12828,8.151652336120605
129280,12829,0.9381972551345825
129290,12830,1.4121229648590088
129300,12831,1.3098316192626953
129310,12832,1.2843059301376343
129320,12833,1.7005488872528076
129330,12834,1.5784600973129272
129340,12835,0.8667060136795044
129350,12836,1.3198245763778687
129360,12837,1.009992003440857
129370,12838,1.9887282848358154
129380,12839,1.6862189769744873
129390,12840,1.086263656616211
129400,12841,3.5576424598693848
129410,12842,0.9557697772979736
129420,12843,1.132260799407959
129430,12844,6.5052490234375
129440,12845,2.3247783184051514
129450,12846,4.982107639312744
129460,12847,1.6792303323745728
129470,12848,7.731021404266357
129480,12849,1.259826898574829
129490,12850,1.7106149196624756
129500,12851,0.9746915102005005
129510,12852,1.349182367324829
129520,12853,1.6797947883605957
129530,12854,1.1843913793563843
129540,12855,0.9497088193893433
129550,12856,1.8609883785247803
129560,12857,4.157869815826416
129570,12858,2.0448920726776123
129580,12859,2.761460542678833
129590,12860,4.659481048583984
129600,12861,2.3455190658569336
129610,12862,2.917814254760742
129620,12863,2.582176685333252
129630,12864,1.3151477575302124
129640,12865,0.7198367118835449
129650,12866,1.6884355545043945
129660,12867,2.483704090118408
129670,12868,1.832659125328064
129680,12869,0.8452238440513611
129690,12870,4.212761402130127
129700,12871,1.11299467086792
129710,12872,1.4272990226745605
129720,12873,0.8347156643867493
129730,12874,1.253004550933838
129740,12875,1.6588984727859497
129750,12876,2.383209228515625
129760,12877,2.3079535961151123
129770,12878,1.345108985900879
129780,12879,0.9655112028121948
129790,12880,1.4970238208770752
129800,12881,1.5721279382705688
129810,12882,0.9258183836936951
129820,12883,2.0943799018859863
129830,12884,1.129917025566101
129840,12885,0.5825942754745483
129850,12886,1.5702375173568726
129860,12887,1.1967047452926636
129870,12888,0.9365782141685486
129880,12889,1.6284513473510742
129890,12890,0.8987319469451904
129900,12891,0.9746895432472229
129910,12892,1.0240037441253662
129920,12893,1.1295785903930664
129930,12894,8.062577247619629
129940,12895,1.4374477863311768
129950,12896,1.9921646118164062
129960,12897,1.6016669273376465
129970,12898,0.9451286792755127
129980,12899,1.4647762775421143
129990,12900,1.2919120788574219
130000,12901,2.5750722885131836
130010,12902,2.1860015392303467
130020,12903,2.5383520126342773
130030,12904,2.938124418258667
130040,12905,1.430190920829773
130050,12906,1.2416757345199585
130060,12907,1.2508199214935303
130070,12908,2.2956724166870117
130080,12909,3.242281198501587
130090,12910,1.5453357696533203
130100,12911,3.2130727767944336
130110,12912,1.6760953664779663
130120,12913,1.9130723476409912
130130,12914,1.1505770683288574
130140,12915,1.315411925315857
130150,12916,2.181811571121216
130160,12917,3.511859893798828
130170,12918,2.4404635429382324
130180,12919,2.0830612182617188
130190,12920,1.1338074207305908
130200,12921,1.1183931827545166
130210,12922,1.099470615386963
130220,12923,4.265223026275635
130230,12924,1.1665842533111572
130240,12925,0.9903927445411682
130250,12926,1.4458481073379517
130260,12927,1.147540807723999
130270,12928,1.7020134925842285
130280,12929,1.8134040832519531
130290,12930,1.8546665906906128
130300,12931,3.379354953765869
130310,12932,1.3068761825561523
130320,12933,1.5935046672821045
130330,12934,0.8097649812698364
130340,12935,1.1886743307113647
130350,12936,0.6815043687820435
130360,12937,1.6748542785644531
130370,12938,1.9923231601715088
130380,12939,1.5853893756866455
130390,12940,1.0873346328735352
130400,12941,0.8491628766059875
130410,12942,1.1800158023834229
130420,12943,0.9469670653343201
130430,12944,0.7788959741592407
130440,12945,0.7811654806137085
130450,12946,1.1782121658325195
130460,12947,1.3293297290802002
130470,12948,1.2603747844696045
130480,12949,2.8426761627197266
130490,12950,0.898737370967865
130500,12951,1.2577272653579712
130510,12952,1.0437639951705933
130520,12953,1.324745535850525
130530,12954,0.6665722131729126
130540,12955,2.3442912101745605
130550,12956,0.8727881908416748
130560,12957,1.0835239887237549
130570,12958,1.1414812803268433
130580,12959,0.9520553350448608
130590,12960,0.4918544888496399
130600,12961,1.6194384098052979
130610,12962,3.0854034423828125
130620,12963,0.9748871922492981
130630,12964,0.7686973810195923
130640,12965,1.4442342519760132
130650,12966,1.2395241260528564
130660,12967,1.6913341283798218
130670,12968,1.4448965787887573
130680,12969,3.7022931575775146
130690,12970,0.8491291999816895
130700,12971,1.306319236755371
130710,12972,1.8517214059829712
130720,12973,3.7924535274505615
130730,12974,1.3906381130218506
130740,12975,1.1606078147888184
130750,12976,1.3223942518234253
130760,12977,0.9161080121994019
130770,12978,2.240262031555176
130780,12979,0.6514931321144104
130790,12980,0.8917698860168457
130800,12981,0.6997214555740356
130810,12982,1.01515793800354
130820,12983,1.8265324831008911
130830,12984,0.8693289160728455
130840,12985,0.7789122462272644
130850,12986,1.337324619293213
130860,12987,1.5734459161758423
130870,12988,1.0464777946472168
130880,12989,1.5742794275283813
130890,12990,1.4943987131118774
130900,12991,2.016043186187744
130910,12992,0.9486369490623474
130920,12993,1.8168904781341553
130930,12994,1.6095175743103027
130940,12995,2.5335731506347656
130950,12996,1.5436357259750366
130960,12997,2.715223789215088
130970,12998,1.0965642929077148
130980,12999,1.3425812721252441
130990,13000,3.3721866607666016
131000,13001,0.9137473106384277
131010,13002,1.4085628986358643
131020,13003,1.4939439296722412
131030,13004,2.4156179428100586
131040,13005,2.085811138153076
131050,13006,1.1168047189712524
131060,13007,1.821432113647461
131070,13008,2.181824207305908
131080,13009,2.3786139488220215
131090,13010,0.932424008846283
131100,13011,1.6396212577819824
131110,13012,3.1479332447052
131120,13013,1.88975191116333
131130,13014,1.4273589849472046
131140,13015,1.5032339096069336
131150,13016,1.3737106323242188
131160,13017,3.3534092903137207
131170,13018,0.8409503102302551
131180,13019,0.916071891784668
131190,13020,0.7153311967849731
131200,13021,0.7876282930374146
131210,13022,0.9884588122367859
131220,13023,0.8843895792961121
131230,13024,1.7873297929763794
131240,13025,0.6948769092559814
131250,13026,1.1418306827545166
131260,13027,1.6555883884429932
131270,13028,1.025221347808838
131280,13029,6.168920516967773
131290,13030,1.186928391456604
131300,13031,1.5033665895462036
131310,13032,2.4424290657043457
131320,13033,2.189108371734619
131330,13034,0.9179370403289795
131340,13035,1.7743947505950928
131350,13036,1.1829570531845093
131360,13037,1.896454095840454
131370,13038,1.1491117477416992
131380,13039,1.164908766746521
131390,13040,1.1341830492019653
131400,13041,3.2124619483947754
131410,13042,0.9366715550422668
131420,13043,0.8980337381362915
131430,13044,0.8189302682876587
131440,13045,1.3465359210968018
131450,13046,1.5695269107818604
131460,13047,0.8137696385383606
131470,13048,1.1485655307769775
131480,13049,0.8138159513473511
131490,13050,4.09694766998291
131500,13051,1.8034212589263916
131510,13052,1.0966362953186035
131520,13053,1.2626948356628418
131530,13054,1.5269840955734253
131540,13055,3.5113167762756348
131550,13056,2.05220627784729
131560,13057,2.4797003269195557
131570,13058,3.275104522705078
131580,13059,4.1934099197387695
131590,13060,3.032586097717285
131600,13061,1.5879459381103516
131610,13062,1.465453028678894
131620,13063,1.235530138015747
131630,13064,2.29274582862854
131640,13065,0.84366375207901
131650,13066,1.2670063972473145
131660,13067,1.3285647630691528
131670,13068,0.7354884743690491
131680,13069,1.1672884225845337
131690,13070,1.5001381635665894
131700,13071,0.8498914241790771
131710,13072,0.70381760597229
131720,13073,1.7811360359191895
131730,13074,0.637427568435669
131740,13075,0.9546388387680054
131750,13076,0.8616447448730469
131760,13077,1.202191710472107
131770,13078,2.7757554054260254
131780,13079,1.4236133098602295
131790,13080,0.7276553511619568
131800,13081,1.7859108448028564
131810,13082,1.7635509967803955
131820,13083,0.7794013023376465
131830,13084,1.4228484630584717
131840,13085,1.0350927114486694
131850,13086,1.6868336200714111
131860,13087,1.3855583667755127
131870,13088,0.8394400477409363
131880,13089,0.8734488487243652
131890,13090,0.9852993488311768
131900,13091,0.49889716506004333
131910,13092,2.72200608253479
131920,13093,1.0361645221710205
131930,13094,0.8502703905105591
131940,13095,0.7676813006401062
131950,13096,1.50786292552948
131960,13097,1.2154804468154907
131970,13098,4.03922176361084
131980,13099,0.8682759404182434
131990,13100,1.979008436203003
132000,13101,1.1096361875534058
132010,13102,3.3691043853759766
132020,13103,3.8068220615386963
132030,13104,2.020991563796997
132040,13105,1.1725043058395386
132050,13106,1.6542202234268188
132060,13107,2.450657844543457
132070,13108,1.4681357145309448
132080,13109,1.2429360151290894
132090,13110,2.200061559677124
132100,13111,1.1119941473007202
132110,13112,1.6149872541427612
132120,13113,0.6804918050765991
132130,13114,4.7184834480285645
132140,13115,0.7793816328048706
132150,13116,1.4324164390563965
132160,13117,0.7781262397766113
132170,13118,1.2740652561187744
132180,13119,1.6764039993286133
132190,13120,0.8305857181549072
132200,13121,2.1864709854125977
132210,13122,0.7081559300422668
132220,13123,0.8925930261611938
132230,13124,2.0140459537506104
132240,13125,3.070293426513672
132250,13126,2.3930656909942627
132260,13127,0.7768347263336182
132270,13128,1.2223068475723267
132280,13129,1.9808405637741089
132290,13130,0.8058505058288574
132300,13131,2.910113573074341
132310,13132,1.5352131128311157
132320,13133,0.9578684568405151
132330,13134,1.571290135383606
132340,13135,1.070363998413086
132350,13136,1.4036834239959717
132360,13137,1.952012538909912
132370,13138,0.6599022150039673
132380,13139,1.3407102823257446
132390,13140,2.2008554935455322
132400,13141,1.513031005859375
132410,13142,1.1424654722213745
132420,13143,1.358093023300171
132430,13144,0.9566847681999207
132440,13145,1.3860379457473755
132450,13146,0.6492705345153809
132460,13147,1.472069501876831
132470,13148,0.8606184124946594
132480,13149,1.140340805053711
132490,13150,0.9376733303070068
132500,13151,1.686346173286438
132510,13152,0.7438672780990601
132520,13153,1.937838077545166
132530,13154,1.0791754722595215
132540,13155,3.801440715789795
132550,13156,1.1753084659576416
132560,13157,1.4253003597259521
132570,13158,0.8177767992019653
132580,13159,0.7374922037124634
132590,13160,2.4212586879730225
132600,13161,0.48725152015686035
132610,13162,0.7636622786521912
132620,13163,1.7035515308380127
132630,13164,0.8880868554115295
132640,13165,2.0675230026245117
132650,13166,0.9286290407180786
132660,13167,1.4089616537094116
132670,13168,1.3999782800674438
132680,13169,0.42614516615867615
132690,13170,4.525362968444824
132700,13171,0.7215662002563477
132710,13172,0.6128190755844116
132720,13173,0.64008629322052
132730,13174,0.778415322303772
132740,13175,2.829630136489868
132750,13176,0.4969668388366699
132760,13177,1.450063705444336
132770,13178,2.0742223262786865
132780,13179,1.0910805463790894
132790,13180,1.4424879550933838
132800,13181,0.9885300397872925
132810,13182,0.729017436504364
132820,13183,1.7041162252426147
132830,13184,1.0915623903274536
132840,13185,1.0731817483901978
132850,13186,0.47297540307044983
132860,13187,0.9637683629989624
132870,13188,1.9803428649902344
132880,13189,2.091336250305176
132890,13190,2.084710121154785
132900,13191,1.6635010242462158
132910,13192,1.9732789993286133
132920,13193,1.1322882175445557
132930,13194,0.8532373309135437
132940,13195,0.592275857925415
132950,13196,1.7642788887023926
132960,13197,2.837296485900879
132970,13198,0.764634370803833
132980,13199,1.016510009765625
132990,13200,0.9975308775901794
133000,13201,0.8338054418563843
133010,13202,1.9057719707489014
133020,13203,1.6573090553283691
133030,13204,1.8016023635864258
133040,13205,0.9730279445648193
133050,13206,0.7534818649291992
133060,13207,1.6102312803268433
133070,13208,3.7091450691223145
133080,13209,1.867441177368164
133090,13210,2.205775022506714
133100,13211,1.7182310819625854
133110,13212,1.1750578880310059
133120,13213,1.2591403722763062
133130,13214,1.1759703159332275
133140,13215,1.778613567352295
133150,13216,1.8875017166137695
133160,13217,3.596348524093628
133170,13218,2.8667783737182617
133180,13219,1.3217968940734863
133190,13220,7.802146911621094
133200,13221,2.597994565963745
133210,13222,2.8369011878967285
133220,13223,0.9711501002311707
133230,13224,0.7983386516571045
133240,13225,1.2917970418930054
133250,13226,1.237524151802063
133260,13227,1.3565008640289307
133270,13228,2.2547073364257812
133280,13229,1.3910496234893799
133290,13230,1.4673219919204712
133300,13231,2.792792797088623
133310,13232,6.812988758087158
133320,13233,1.9303873777389526
133330,13234,1.0208032131195068
133340,13235,0.9648584723472595
133350,13236,1.2279467582702637
133360,13237,1.6243317127227783
133370,13238,0.8082802891731262
133380,13239,1.723649024963379
133390,13240,1.182604432106018
133400,13241,1.3665016889572144
133410,13242,1.2515403032302856
133420,13243,1.1203252077102661
133430,13244,1.3877251148223877
133440,13245,1.629491925239563
133450,13246,1.049851655960083
133460,13247,1.5457731485366821
133470,13248,2.266094207763672
133480,13249,0.6077055335044861
133490,13250,1.2718212604522705
133500,13251,1.1316338777542114
133510,13252,2.18886399269104
133520,13253,0.9282602667808533
133530,13254,0.8765286207199097
133540,13255,0.5970709323883057
133550,13256,1.2611604928970337
133560,13257,0.8160490989685059
133570,13258,1.1944752931594849
133580,13259,2.3773255348205566
133590,13260,1.4158756732940674
133600,13261,2.116586446762085
133610,13262,1.7586886882781982
133620,13263,0.7421406507492065
133630,13264,0.6551113724708557
133640,13265,4.540051460266113
133650,13266,0.6916326284408569
133660,13267,3.353767156600952
133670,13268,2.4528021812438965
133680,13269,1.3623048067092896
133690,13270,1.4139102697372437
133700,13271,1.978123664855957
133710,13272,4.561281204223633
133720,13273,2.2438371181488037
133730,13274,1.1179646253585815
133740,13275,1.2459073066711426
133750,13276,1.1317368745803833
133760,13277,1.214746117591858
133770,13278,0.6776406764984131
133780,13279,1.1007553339004517
133790,13280,3.7116942405700684
133800,13281,8.047398567199707
133810,13282,6.175537109375
133820,13283,3.3548471927642822
133830,13284,2.5297281742095947
133840,13285,2.966357707977295
133850,13286,1.8085598945617676
133860,13287,1.9047578573226929
133870,13288,3.3507590293884277
133880,13289,0.9039706587791443
133890,13290,1.2557213306427002
133900,13291,2.2877206802368164
133910,13292,0.6870043277740479
133920,13293,1.338378667831421
133930,13294,1.5992684364318848
133940,13295,1.6002503633499146
133950,13296,1.0467230081558228
133960,13297,1.9985623359680176
133970,13298,0.976258397102356
133980,13299,1.4398975372314453
133990,13300,1.0512522459030151
134000,13301,3.0335421562194824
134010,13302,1.8839061260223389
134020,13303,1.3052420616149902
134030,13304,1.0048631429672241
134040,13305,1.5309635400772095
134050,13306,0.8257066011428833
134060,13307,0.9901289343833923
134070,13308,3.3684513568878174
134080,13309,7.595658779144287
134090,13310,1.2781825065612793
134100,13311,2.8635153770446777
134110,13312,1.4976768493652344
134120,13313,1.0203566551208496
134130,13314,1.2559585571289062
134140,13315,1.5948797464370728
134150,13316,1.1663713455200195
134160,13317,1.1372253894805908
134170,13318,0.9325395226478577
134180,13319,0.8824999928474426
134190,13320,2.9108996391296387
134200,13321,0.7257794141769409
134210,13322,1.431925654411316
134220,13323,1.3113559484481812
134230,13324,1.054103970527649
134240,13325,4.581887245178223
134250,13326,1.2120031118392944
134260,13327,1.1755115985870361
134270,13328,1.5924932956695557
134280,13329,0.9554694294929504
134290,13330,3.0963239669799805
134300,13331,2.4697675704956055
134310,13332,1.1407999992370605
134320,13333,3.9561634063720703
134330,13334,1.270640254020691
134340,13335,2.3205864429473877
134350,13336,1.4952706098556519
134360,13337,1.148152470588684
134370,13338,1.8133971691131592
134380,13339,1.739113211631775
134390,13340,1.7470606565475464
134400,13341,0.6488596796989441
134410,13342,2.078007221221924
134420,13343,1.6406903266906738
134430,13344,2.361964225769043
134440,13345,1.6901284456253052
134450,13346,7.589485168457031
134460,13347,1.429376482963562
134470,13348,0.42786845564842224
134480,13349,3.2768094539642334
134490,13350,1.7880139350891113
134500,13351,1.0806293487548828
134510,13352,3.1371352672576904
134520,13353,1.1357336044311523
134530,13354,2.1598429679870605
134540,13355,1.968058466911316
134550,13356,1.2153453826904297
134560,13357,2.0580875873565674
134570,13358,1.0459039211273193
134580,13359,1.177323579788208
134590,13360,1.1310758590698242
134600,13361,1.633396863937378
134610,13362,0.5286800265312195
134620,13363,1.0336155891418457
134630,13364,6.569549560546875
134640,13365,1.1121020317077637
134650,13366,2.4832684993743896
134660,13367,1.2818164825439453
134670,13368,0.9606037139892578
134680,13369,1.4867734909057617
134690,13370,5.7036848068237305
134700,13371,1.2136110067367554
134710,13372,1.0769808292388916
134720,13373,1.0702438354492188
134730,13374,1.156104326248169
134740,13375,0.6658821105957031
134750,13376,7.5694804191589355
134760,13377,1.2256546020507812
134770,13378,1.040173053741455
134780,13379,1.5601818561553955
134790,13380,2.4892642498016357
134800,13381,1.151273488998413
134810,13382,0.7042872309684753
134820,13383,0.838392436504364
134830,13384,0.6078137755393982
134840,13385,1.3274657726287842
134850,13386,1.9253520965576172
134860,13387,1.4023902416229248
134870,13388,0.5232399702072144
134880,13389,2.1779277324676514
134890,13390,2.1952316761016846
134900,13391,1.4153831005096436
134910,13392,0.821423351764679
134920,13393,0.8579954504966736
134930,13394,1.2527368068695068
134940,13395,1.1915141344070435
134950,13396,1.025984525680542
134960,13397,0.9870706796646118
134970,13398,1.1259750127792358
134980,13399,0.8034083247184753
134990,13400,2.2816076278686523
135000,13401,2.8631744384765625
135010,13402,1.258825659751892
135020,13403,2.809049606323242
135030,13404,1.3552682399749756
135040,13405,1.8085612058639526
135050,13406,1.7570308446884155
135060,13407,1.8798664808273315
135070,13408,2.0848376750946045
135080,13409,1.7902666330337524
135090,13410,1.3742121458053589
135100,13411,4.819253444671631
135110,13412,1.5236262083053589
135120,13413,1.3217036724090576
135130,13414,1.7235804796218872
135140,13415,0.8979614973068237
135150,13416,1.578165054321289
135160,13417,1.4169279336929321
135170,13418,1.4621418714523315
135180,13419,2.165191411972046
135190,13420,2.8974080085754395
135200,13421,4.040118217468262
135210,13422,1.698837399482727
135220,13423,0.6183061003684998
135230,13424,2.2209107875823975
135240,13425,1.228736162185669
135250,13426,1.462870478630066
135260,13427,0.993188202381134
135270,13428,2.1154932975769043
135280,13429,2.0342581272125244
135290,13430,1.1074562072753906
135300,13431,1.2730379104614258
135310,13432,1.2813286781311035
135320,13433,2.309384346008301
135330,13434,1.4548808336257935
135340,13435,3.8036186695098877
135350,13436,1.0826812982559204
135360,13437,1.419813632965088
135370,13438,0.9290089011192322
135380,13439,7.324824333190918
135390,13440,0.7818164825439453
135400,13441,1.3144216537475586
135410,13442,0.6368119716644287
135420,13443,0.9704663157463074
135430,13444,1.3212836980819702
135440,13445,1.6216542720794678
135450,13446,2.4346933364868164
135460,13447,1.2277393341064453
135470,13448,3.2416768074035645
135480,13449,1.8639358282089233
135490,13450,1.5607049465179443
135500,13451,1.0534164905548096
135510,13452,1.1138211488723755
135520,13453,0.9765352606773376
135530,13454,0.8625468015670776
135540,13455,0.6972435116767883
135550,13456,1.1747393608093262
135560,13457,0.5174804925918579
135570,13458,1.369818091392517
135580,13459,1.1007063388824463
135590,13460,1.0364587306976318
135600,13461,0.7896519899368286
135610,13462,0.5650720000267029
135620,13463,1.1169759035110474
135630,13464,0.8343352675437927
135640,13465,0.8491277694702148
135650,13466,1.0283983945846558
135660,13467,0.9150225520133972
135670,13468,1.7502702474594116
135680,13469,0.909791111946106
135690,13470,2.2081542015075684
135700,13471,1.103704810142517
135710,13472,1.3589527606964111
135720,13473,1.8531920909881592
135730,13474,4.644624710083008
135740,13475,1.2697240114212036
135750,13476,2.04701828956604
135760,13477,2.0083367824554443
135770,13478,1.5389982461929321
135780,13479,4.452211380004883
135790,13480,1.1764987707138062
135800,13481,1.2068918943405151
135810,13482,1.5989999771118164
135820,13483,0.8858840465545654
135830,13484,2.2653770446777344
135840,13485,2.089130401611328
135850,13486,1.2368013858795166
135860,13487,1.475874900817871
135870,13488,0.8330778479576111
135880,13489,1.9233232736587524
135890,13490,0.9431790113449097
135900,13491,1.60786771774292
135910,13492,1.6089677810668945
135920,13493,0.7742862701416016
135930,13494,1.2340296506881714
135940,13495,1.8505313396453857
135950,13496,0.7157050967216492
135960,13497,2.354308843612671
135970,13498,1.0674678087234497
135980,13499,0.881742000579834
135990,13500,1.7582329511642456
136000,13501,1.0881656408309937
136010,13502,1.1110659837722778
136020,13503,1.6979995965957642
136030,13504,2.130093812942505
136040,13505,2.487544059753418
136050,13506,1.2890411615371704
136060,13507,0.9881943464279175
136070,13508,1.1705446243286133
136080,13509,2.0381858348846436
136090,13510,2.7060909271240234
136100,13511,2.2310969829559326
136110,13512,1.3855855464935303
136120,13513,0.6961468458175659
136130,13514,0.8883167505264282
136140,13515,1.3432033061981201
136150,13516,1.6318751573562622
136160,13517,0.7656357884407043
136170,13518,1.6829824447631836
136180,13519,4.100498199462891
136190,13520,2.3222551345825195
136200,13521,3.9381818771362305
136210,13522,2.3842310905456543
136220,13523,1.4559754133224487
136230,13524,1.850894808769226
136240,13525,1.0782337188720703
136250,13526,2.0228216648101807
136260,13527,1.1950474977493286
136270,13528,1.8815155029296875
136280,13529,2.499516487121582
136290,13530,3.1426117420196533
136300,13531,1.3782997131347656
136310,13532,3.8016507625579834
136320,13533,2.123206377029419
136330,13534,1.3065084218978882
136340,13535,1.7502424716949463
136350,13536,2.8264591693878174
136360,13537,1.5595409870147705
136370,13538,1.663723111152649
136380,13539,1.654558539390564
136390,13540,2.18163800239563
136400,13541,5.1670403480529785
136410,13542,1.1597154140472412
136420,13543,1.635249137878418
136430,13544,3.134483575820923
136440,13545,0.9517040848731995
136450,13546,2.5415244102478027
136460,13547,0.8033486604690552
136470,13548,1.1338614225387573
136480,13549,1.6723318099975586
136490,13550,1.2922459840774536
136500,13551,1.503208875656128
136510,13552,4.2389349937438965
136520,13553,3.011746406555176
136530,13554,1.200456976890564
136540,13555,1.488337516784668
136550,13556,1.5006914138793945
136560,13557,1.5075525045394897
136570,13558,1.4039512872695923
136580,13559,1.9855210781097412
136590,13560,0.7563598155975342
136600,13561,1.6537994146347046
136610,13562,3.1707491874694824
136620,13563,4.1150221824646
136630,13564,1.0974056720733643
136640,13565,1.9276800155639648
136650,13566,1.0964043140411377
136660,13567,2.068175792694092
136670,13568,2.658311367034912
136680,13569,2.2116260528564453
136690,13570,0.9520274996757507
136700,13571,1.6584514379501343
136710,13572,3.018272638320923
136720,13573,2.510612964630127
136730,13574,3.638005018234253
136740,13575,1.1823722124099731
136750,13576,1.2032028436660767
136760,13577,0.5864567160606384
136770,13578,1.2026734352111816
136780,13579,1.338658332824707
136790,13580,3.0957934856414795
136800,13581,1.5884695053100586
136810,13582,0.925796627998352
136820,13583,1.5874600410461426
136830,13584,1.2317389249801636
136840,13585,1.3517018556594849
136850,13586,0.8841550946235657
136860,13587,1.2247048616409302
136870,13588,1.7236472368240356
136880,13589,5.412209510803223
136890,13590,2.047598123550415
136900,13591,1.0726664066314697
136910,13592,1.1042025089263916
136920,13593,1.4711737632751465
136930,13594,1.1725656986236572
136940,13595,3.476186513900757
136950,13596,2.2141592502593994
136960,13597,1.88252592086792
136970,13598,1.7879538536071777
136980,13599,1.201133131980896
136990,13600,1.4305062294006348
137000,13601,1.7097868919372559
137010,13602,1.4373506307601929
137020,13603,1.9034984111785889
137030,13604,1.7471332550048828
137040,13605,1.8576552867889404
137050,13606,3.210871696472168
137060,13607,1.221978783607483
137070,13608,1.887451410293579
137080,13609,1.789638638496399
137090,13610,0.7641924619674683
137100,13611,1.7729226350784302
137110,13612,0.6748107075691223
137120,13613,2.6758487224578857
137130,13614,2.429717540740967
137140,13615,2.1452274322509766
137150,13616,1.2712494134902954
137160,13617,2.5101943016052246
137170,13618,0.7470718622207642
137180,13619,3.7601449489593506
137190,13620,0.6298901438713074
137200,13621,0.9169687032699585
137210,13622,1.2890950441360474
137220,13623,1.8806047439575195
137230,13624,1.0303399562835693
137240,13625,0.9007833003997803
137250,13626,2.9869799613952637
137260,13627,4.207644462585449
137270,13628,1.847206473350525
137280,13629,1.7181510925292969
137290,13630,1.9559552669525146
137300,13631,1.7748160362243652
137310,13632,1.8205186128616333
137320,13633,1.793071985244751
137330,13634,1.8582457304000854
137340,13635,1.1092472076416016
137350,13636,2.173499822616577
137360,13637,1.519730567932129
137370,13638,4.6079607009887695
137380,13639,1.5714244842529297
137390,13640,1.8693315982818604
137400,13641,1.6990430355072021
137410,13642,1.655705451965332
137420,13643,2.301456928253174
137430,13644,1.3230265378952026
137440,13645,2.507564067840576
137450,13646,1.23213529586792
137460,13647,1.2281287908554077
137470,13648,2.3939504623413086
137480,13649,1.225877046585083
137490,13650,3.3566460609436035
137500,13651,1.7450368404388428
137510,13652,1.2545192241668701
137520,13653,1.4563140869140625
137530,13654,1.2851439714431763
137540,13655,1.6450825929641724
137550,13656,1.9147353172302246
137560,13657,1.2731074094772339
137570,13658,0.9467337727546692
137580,13659,1.328035593032837
137590,13660,0.9341254234313965
137600,13661,1.2556068897247314
137610,13662,2.1829957962036133
137620,13663,2.8786680698394775
137630,13664,1.5136574506759644
137640,13665,1.6798418760299683
137650,13666,1.2002182006835938
137660,13667,1.1574598550796509
137670,13668,1.3285245895385742
137680,13669,1.6272426843643188
137690,13670,1.0684494972229004
137700,13671,1.3198498487472534
137710,13672,2.2902300357818604
137720,13673,1.0690586566925049
137730,13674,0.9510038495063782
137740,13675,1.6625123023986816
137750,13676,1.7214269638061523
137760,13677,0.8693728446960449
137770,13678,0.9477990865707397
137780,13679,2.2742257118225098
137790,13680,1.8107413053512573
137800,13681,2.7302374839782715
137810,13682,0.43525686860084534
137820,13683,1.7178529500961304
137830,13684,2.550952672958374
137840,13685,0.8601224422454834
137850,13686,1.1156604290008545
137860,13687,1.3680541515350342
137870,13688,1.2042933702468872
137880,13689,5.043233394622803
137890,13690,1.1725187301635742
137900,13691,1.8599281311035156
137910,13692,3.62859845161438
137920,13693,1.6316920518875122
137930,13694,4.143025875091553
137940,13695,1.8013125658035278
137950,13696,0.5370941758155823
137960,13697,0.7781912088394165
137970,13698,1.8768869638442993
137980,13699,1.870975375175476
137990,13700,3.172980785369873
138000,13701,1.0083951950073242
138010,13702,1.7297930717468262
138020,13703,1.925080418586731
138030,13704,1.2587926387786865
138040,13705,1.7046453952789307
138050,13706,2.041827440261841
138060,13707,2.3727285861968994
138070,13708,1.351521611213684
138080,13709,1.9040179252624512
138090,13710,1.8781764507293701
138100,13711,3.6263763904571533
138110,13712,1.163150668144226
138120,13713,1.5172407627105713
138130,13714,1.706272006034851
138140,13715,0.871239423751831
138150,13716,1.625457763671875
138160,13717,1.2311625480651855
138170,13718,0.8810914754867554
138180,13719,1.5309269428253174
138190,13720,0.9363356828689575
138200,13721,1.4844598770141602
138210,13722,1.6771509647369385
138220,13723,1.0585284233093262
138230,13724,2.168794870376587
138240,13725,1.3233766555786133
138250,13726,2.33207368850708
138260,13727,1.9402010440826416
138270,13728,1.8786903619766235
138280,13729,1.2311389446258545
138290,13730,3.513902187347412
138300,13731,0.825864315032959
138310,13732,2.9560341835021973
138320,13733,1.0978126525878906
138330,13734,0.8201808929443359
138340,13735,1.8988105058670044
138350,13736,1.7976458072662354
138360,13737,1.254090666770935
138370,13738,1.6894307136535645
138380,13739,1.0247910022735596
138390,13740,3.834186315536499
138400,13741,1.1290934085845947
138410,13742,1.4977662563323975
138420,13743,3.1533730030059814
138430,13744,1.807935357093811
138440,13745,2.003532886505127
138450,13746,0.7674643397331238
138460,13747,1.0607938766479492
138470,13748,2.863147735595703
138480,13749,2.8603262901306152
138490,13750,1.0657199621200562
138500,13751,1.8060014247894287
138510,13752,4.399894714355469
138520,13753,1.3504172563552856
138530,13754,1.3155083656311035
138540,13755,1.9429059028625488
138550,13756,1.2330278158187866
138560,13757,1.5226540565490723
138570,13758,0.7157774567604065
138580,13759,1.1899386644363403
138590,13760,2.9494292736053467
138600,13761,1.3367966413497925
138610,13762,2.4574921131134033
138620,13763,1.951253056526184
138630,13764,2.166262626647949
138640,13765,1.8100905418395996
138650,13766,0.9549410343170166
138660,13767,0.98117995262146
138670,13768,2.006305456161499
138680,13769,1.700425148010254
138690,13770,0.689064085483551
138700,13771,1.520825982093811
138710,13772,2.9152605533599854
138720,13773,1.4455143213272095
138730,13774,1.7584341764450073
138740,13775,1.0978800058364868
138750,13776,2.140963315963745
138760,13777,1.690166711807251
138770,13778,1.350895881652832
138780,13779,2.6304404735565186
138790,13780,1.0982753038406372
138800,13781,2.6015334129333496
138810,13782,5.276541709899902
138820,13783,1.0811848640441895
138830,13784,3.9489829540252686
138840,13785,2.0881905555725098
138850,13786,1.0028830766677856
138860,13787,2.135071039199829
138870,13788,1.076720118522644
138880,13789,0.7588036060333252
138890,13790,3.0085036754608154
138900,13791,1.3006980419158936
138910,13792,1.9528223276138306
138920,13793,1.5826078653335571
138930,13794,0.9558990597724915
138940,13795,1.855639100074768
138950,13796,1.036421775817871
138960,13797,0.9532519578933716
138970,13798,1.154279351234436
138980,13799,1.1366444826126099
138990,13800,1.3687009811401367
139000,13801,2.1160712242126465
139010,13802,4.001852512359619
139020,13803,1.5619127750396729
139030,13804,1.7137017250061035
139040,13805,2.2589449882507324
139050,13806,1.9885828495025635
139060,13807,0.8242584466934204
139070,13808,1.9072208404541016
139080,13809,2.652418613433838
139090,13810,1.2674046754837036
139100,13811,4.4122443199157715
139110,13812,1.6788501739501953
139120,13813,1.5135217905044556
139130,13814,1.6675223112106323
139140,13815,1.274194598197937
139150,13816,6.205195903778076
139160,13817,0.8115999102592468
139170,13818,1.651648759841919
139180,13819,1.3170955181121826
139190,13820,2.0671446323394775
139200,13821,1.5321495532989502
139210,13822,1.3736649751663208
139220,13823,1.7357392311096191
139230,13824,1.350075125694275
139240,13825,1.820078730583191
139250,13826,1.7078067064285278
139260,13827,1.2013835906982422
139270,13828,1.6177423000335693
139280,13829,1.532735824584961
139290,13830,4.294303894042969
139300,13831,2.1459708213806152
139310,13832,0.8669352531433105
139320,13833,1.5745768547058105
139330,13834,0.7377794981002808
139340,13835,1.1666721105575562
139350,13836,0.9360355734825134
139360,13837,2.4715988636016846
139370,13838,1.1655304431915283
139380,13839,1.3085088729858398
139390,13840,0.7618774771690369
139400,13841,3.2461740970611572
139410,13842,1.700160264968872
139420,13843,1.7540985345840454
139430,13844,1.3026331663131714
139440,13845,1.9952648878097534
139450,13846,2.0924038887023926
139460,13847,1.2028837203979492
139470,13848,1.0448029041290283
139480,13849,0.9585544466972351
139490,13850,2.054994583129883
139500,13851,1.5586128234863281
139510,13852,1.2265844345092773
139520,13853,1.7363324165344238
139530,13854,1.2379448413848877
139540,13855,1.6338610649108887
139550,13856,0.7067372798919678
139560,13857,3.1901767253875732
139570,13858,1.4575518369674683
139580,13859,1.6764733791351318
139590,13860,1.0988744497299194
139600,13861,1.321231484413147
139610,13862,1.433127760887146
139620,13863,5.564690113067627
139630,13864,2.0362439155578613
139640,13865,2.607924461364746
139650,13866,1.6115120649337769
139660,13867,2.7946739196777344
139670,13868,0.7499054670333862
139680,13869,4.055695056915283
139690,13870,2.659398078918457
139700,13871,0.7934890389442444
139710,13872,2.114759922027588
139720,13873,1.8355557918548584
139730,13874,0.7410569787025452
139740,13875,1.7331886291503906
139750,13876,5.017749786376953
139760,13877,1.0410956144332886
139770,13878,1.6340694427490234
139780,13879,0.9241490960121155
139790,13880,2.1726956367492676
139800,13881,0.9910669922828674
139810,13882,1.497867226600647
139820,13883,1.9643585681915283
139830,13884,2.7905821800231934
139840,13885,1.153008222579956
139850,13886,1.4649434089660645
139860,13887,0.9433008432388306
139870,13888,1.7840535640716553
139880,13889,0.7954696416854858
139890,13890,0.937473714351654
139900,13891,4.095574855804443
139910,13892,0.7620476484298706
139920,13893,1.1670929193496704
139930,13894,1.5227067470550537
139940,13895,0.9961467385292053
139950,13896,1.5640504360198975
139960,13897,1.5507197380065918
139970,13898,0.858189582824707
139980,13899,6.306785583496094
139990,13900,1.633874773979187
140000,13901,1.0327341556549072
140010,13902,1.4064284563064575
140020,13903,1.4901286363601685
140030,13904,1.8305130004882812
140040,13905,1.3354475498199463
140050,13906,1.14250910282135
140060,13907,2.012436866760254
140070,13908,1.7894543409347534
140080,13909,1.4690260887145996
140090,13910,0.8233697414398193
140100,13911,2.4283676147460938
140110,13912,1.0808451175689697
140120,13913,1.77912437915802
140130,13914,1.3597837686538696
140140,13915,1.194056749343872
140150,13916,1.2448726892471313
140160,13917,0.7758021950721741
140170,13918,0.6180435419082642
140180,13919,0.9070268869400024
140190,13920,0.9480074048042297
140200,13921,1.0026808977127075
140210,13922,0.8137813210487366
140220,13923,2.2208380699157715
140230,13924,1.4332985877990723
140240,13925,1.142942190170288
140250,13926,1.304023027420044
140260,13927,1.4252862930297852
140270,13928,0.9001644849777222
140280,13929,1.5180895328521729
140290,13930,1.859951138496399
140300,13931,1.6100261211395264
140310,13932,2.3593192100524902
140320,13933,1.3742674589157104
140330,13934,0.968555212020874
140340,13935,1.7850208282470703
140350,13936,4.34327507019043
140360,13937,1.805023193359375
140370,13938,5.438399314880371
140380,13939,1.937758207321167
140390,13940,1.3196104764938354
140400,13941,1.4003643989562988
140410,13942,0.5307462215423584
140420,13943,1.575940489768982
140430,13944,1.5699067115783691
140440,13945,0.8117673397064209
140450,13946,1.2914294004440308
140460,13947,1.1824378967285156
140470,13948,1.533797025680542
140480,13949,2.1063084602355957
140490,13950,3.7612483501434326
140500,13951,1.1300244331359863
140510,13952,2.009913444519043
140520,13953,1.392770528793335
140530,13954,1.6013740301132202
140540,13955,3.0378379821777344
140550,13956,4.933974742889404
140560,13957,2.8196516036987305
140570,13958,0.7484019994735718
140580,13959,4.3027801513671875
140590,13960,3.2479515075683594
140600,13961,1.73573899269104
140610,13962,0.5546653866767883
140620,13963,2.9468560218811035
140630,13964,0.7487304210662842
140640,13965,1.4381718635559082
140650,13966,2.213599443435669
140660,13967,2.5272774696350098
140670,13968,2.8661985397338867
140680,13969,2.3089089393615723
140690,13970,1.853916049003601
140700,13971,1.157938003540039
140710,13972,1.0061206817626953
140720,13973,2.4103286266326904
140730,13974,1.7600501775741577
140740,13975,1.7500240802764893
140750,13976,2.9881668090820312
140760,13977,1.5891313552856445
140770,13978,2.6476829051971436
140780,13979,1.6013745069503784
140790,13980,1.573883295059204
140800,13981,1.2641113996505737
140810,13982,1.2278739213943481
140820,13983,1.7528133392333984
140830,13984,0.9779444932937622
140840,13985,1.1302604675292969
140850,13986,2.1843678951263428
140860,13987,4.721329689025879
140870,13988,1.4973094463348389
140880,13989,0.7757149338722229
140890,13990,1.2136998176574707
140900,13991,2.6425628662109375
140910,13992,1.488173484802246
140920,13993,1.650961995124817
140930,13994,1.0806397199630737
140940,13995,1.0764706134796143
140950,13996,1.44166100025177
140960,13997,1.6993954181671143
140970,13998,1.5153971910476685
140980,13999,2.0955543518066406
140990,14000,1.2747381925582886
141000,14001,1.203013300895691
141010,14002,1.3145228624343872
141020,14003,1.372675895690918
141030,14004,2.0903868675231934
141040,14005,1.9188246726989746
141050,14006,2.177250862121582
141060,14007,1.258768081665039
141070,14008,2.1556692123413086
141080,14009,1.2810351848602295
141090,14010,1.6498901844024658
141100,14011,1.4166231155395508
141110,14012,1.0860121250152588
141120,14013,1.578078269958496
141130,14014,1.1008327007293701
141140,14015,1.1681597232818604
141150,14016,1.7723708152770996
141160,14017,1.1911883354187012
141170,14018,1.9822752475738525
141180,14019,1.9042809009552002
141190,14020,1.8698086738586426
141200,14021,2.0089657306671143
141210,14022,0.9962995648384094
141220,14023,1.3878170251846313
141230,14024,1.8051937818527222
141240,14025,1.1146299839019775
141250,14026,1.427804708480835
141260,14027,1.185782551765442
141270,14028,2.637237548828125
141280,14029,3.8065719604492188
141290,14030,0.7640299797058105
141300,14031,1.7777692079544067
141310,14032,1.4258780479431152
141320,14033,1.4409440755844116
141330,14034,0.6079937815666199
141340,14035,0.8004317283630371
141350,14036,0.9052910804748535
141360,14037,1.485846757888794
141370,14038,2.2210640907287598
141380,14039,2.7762532234191895
141390,14040,2.446303606033325
141400,14041,2.318286180496216
141410,14042,2.3243134021759033
141420,14043,1.9975605010986328
141430,14044,1.9007349014282227
141440,14045,1.6820945739746094
141450,14046,1.3675291538238525
141460,14047,1.2795310020446777
141470,14048,1.2864845991134644
141480,14049,1.6914821863174438
141490,14050,1.8542897701263428
141500,14051,2.5466513633728027
141510,14052,1.2948620319366455
141520,14053,1.1522407531738281
141530,14054,1.731053113937378
141540,14055,1.5394306182861328
141550,14056,1.4968936443328857
141560,14057,0.8909968733787537
141570,14058,2.6094837188720703
141580,14059,1.3550379276275635
141590,14060,3.7975282669067383
141600,14061,0.7270710468292236
141610,14062,1.7104982137680054
141620,14063,1.6749544143676758
141630,14064,2.6973304748535156
141640,14065,3.1085190773010254
141650,14066,0.9219017028808594
141660,14067,0.4821968674659729
141670,14068,1.2216380834579468
141680,14069,2.2177348136901855
141690,14070,2.371061086654663
141700,14071,0.9864038228988647
141710,14072,0.9230849742889404
141720,14073,1.4318718910217285
141730,14074,1.3227577209472656
141740,14075,0.9761298298835754
141750,14076,1.4903855323791504
141760,14077,1.758573055267334
141770,14078,1.2536332607269287
141780,14079,0.9744355082511902
141790,14080,2.2451508045196533
141800,14081,1.2971043586730957
141810,14082,1.5851861238479614
141820,14083,2.415034770965576
141830,14084,1.3101071119308472
141840,14085,1.4025709629058838
141850,14086,1.8001874685287476
141860,14087,1.9729180335998535
141870,14088,2.2636799812316895
141880,14089,2.6498355865478516
141890,14090,4.181485652923584
141900,14091,2.099092721939087
141910,14092,2.51556134223938
141920,14093,0.9621529579162598
141930,14094,0.714970588684082
141940,14095,2.605867624282837
141950,14096,1.5669203996658325
141960,14097,0.9177755117416382
141970,14098,0.9351010322570801
141980,14099,1.5703363418579102
141990,14100,0.775060772895813
142000,14101,1.8788496255874634
142010,14102,2.6243834495544434
142020,14103,1.4090465307235718
142030,14104,2.464315891265869
142040,14105,1.5505764484405518
142050,14106,1.0300143957138062
142060,14107,3.8603477478027344
142070,14108,1.1942732334136963
142080,14109,0.7121397256851196
142090,14110,0.6576473712921143
142100,14111,1.3505778312683105
142110,14112,0.9221745133399963
142120,14113,1.387908935546875
142130,14114,3.152742624282837
142140,14115,2.1764321327209473
142150,14116,2.589752435684204
142160,14117,1.6157504320144653
142170,14118,3.1460442543029785
142180,14119,1.56169593334198
142190,14120,4.391167640686035
142200,14121,1.332790732383728
142210,14122,2.1805970668792725
142220,14123,1.2338975667953491
142230,14124,1.3334732055664062
142240,14125,1.841478943824768
142250,14126,3.6090052127838135
142260,14127,1.2585773468017578
142270,14128,0.5762868523597717
142280,14129,1.1053293943405151
142290,14130,0.6707256436347961
142300,14131,1.1513912677764893
142310,14132,1.2799639701843262
142320,14133,2.8113350868225098
142330,14134,1.7529566287994385
142340,14135,0.7705767750740051
142350,14136,0.9674941301345825
142360,14137,1.8977746963500977
142370,14138,0.8347177505493164
142380,14139,0.6904802918434143
142390,14140,4.033561706542969
142400,14141,1.5393264293670654
142410,14142,1.4294500350952148
142420,14143,0.9890272617340088
142430,14144,1.160557746887207
142440,14145,1.7522599697113037
142450,14146,0.9718362092971802
142460,14147,0.9773950576782227
142470,14148,0.8371061086654663
142480,14149,1.566825032234192
142490,14150,1.8686959743499756
142500,14151,0.824360728263855
142510,14152,1.0611369609832764
142520,14153,1.4873014688491821
142530,14154,0.9154686331748962
142540,14155,1.8579699993133545
142550,14156,0.5598755478858948
142560,14157,1.326875925064087
142570,14158,2.1651523113250732
142580,14159,1.407212734222412
142590,14160,1.314953088760376
142600,14161,1.7231550216674805
142610,14162,1.1403770446777344
142620,14163,0.949169933795929
142630,14164,1.685982584953308
142640,14165,0.7998378872871399
142650,14166,1.5740138292312622
142660,14167,0.936626672744751
142670,14168,1.4255250692367554
142680,14169,1.5884685516357422
142690,14170,1.6416032314300537
142700,14171,1.69474458694458
142710,14172,0.8535671830177307
142720,14173,1.357985258102417
142730,14174,0.9442449808120728
142740,14175,1.8465521335601807
142750,14176,1.192713975906372
142760,14177,1.142090082168579
142770,14178,1.425042986869812
142780,14179,1.406891942024231
142790,14180,1.0019344091415405
142800,14181,1.5815123319625854
142810,14182,0.845212459564209
142820,14183,3.3795740604400635
142830,14184,3.2427093982696533
142840,14185,1.445691466331482
142850,14186,1.0553596019744873
142860,14187,2.5301311016082764
142870,14188,1.0957764387130737
142880,14189,1.4273253679275513
142890,14190,0.8428746461868286
142900,14191,2.2906601428985596
142910,14192,1.3549076318740845
142920,14193,2.150658130645752
142930,14194,2.1447718143463135
142940,14195,3.2266757488250732
142950,14196,1.3251773118972778
142960,14197,0.5776602625846863
142970,14198,0.6310461759567261
142980,14199,2.2027711868286133
142990,14200,1.5665855407714844
143000,14201,0.9592479467391968
143010,14202,0.9404019117355347
143020,14203,1.5051605701446533
143030,14204,2.0318009853363037
143040,14205,1.8841599225997925
143050,14206,1.79901123046875
143060,14207,1.4094918966293335
143070,14208,3.0674386024475098
143080,14209,0.8661257028579712
143090,14210,2.245565891265869
143100,14211,1.1582688093185425
143110,14212,1.4076510667800903
143120,14213,2.2287826538085938
143130,14214,1.4284900426864624
143140,14215,2.3392186164855957
143150,14216,1.6679508686065674
143160,14217,5.956988334655762
143170,14218,1.396677017211914
143180,14219,3.3271560668945312
143190,14220,1.7262789011001587
143200,14221,1.2356892824172974
143210,14222,2.451648235321045
143220,14223,1.276023507118225
143230,14224,0.8924053907394409
143240,14225,2.886014223098755
143250,14226,4.20919942855835
143260,14227,0.9484809637069702
143270,14228,0.9300909638404846
143280,14229,1.4363348484039307
143290,14230,0.952463686466217
143300,14231,3.5558409690856934
143310,14232,0.6532953977584839
143320,14233,0.9390469789505005
143330,14234,5.238810062408447
143340,14235,1.7138538360595703
143350,14236,1.4949170351028442
143360,14237,1.1816374063491821
143370,14238,1.460935354232788
143380,14239,2.305529832839966
143390,14240,1.9129862785339355
143400,14241,1.212626338005066
143410,14242,1.774105429649353
143420,14243,0.8186870813369751
143430,14244,0.7951070070266724
143440,14245,1.1340818405151367
143450,14246,1.5780918598175049
143460,14247,1.39828360080719
143470,14248,1.049730896949768
143480,14249,1.288693904876709
143490,14250,4.5980024337768555
143500,14251,2.1585023403167725
143510,14252,0.9134191274642944
143520,14253,0.8362796902656555
143530,14254,0.5387427806854248
143540,14255,1.4512715339660645
143550,14256,1.6009986400604248
143560,14257,0.9742729663848877
143570,14258,3.9815847873687744
143580,14259,0.9047771692276001
143590,14260,1.1162173748016357
143600,14261,2.3374366760253906
143610,14262,0.8910819888114929
143620,14263,1.8088657855987549
143630,14264,3.015383243560791
143640,14265,1.2394400835037231
143650,14266,0.658061683177948
143660,14267,1.894574761390686
143670,14268,0.5637663006782532
143680,14269,1.4887104034423828
143690,14270,1.341156005859375
143700,14271,2.7169649600982666
143710,14272,1.0956960916519165
143720,14273,2.812636375427246
143730,14274,1.3776209354400635
143740,14275,0.9937189817428589
143750,14276,1.6671606302261353
143760,14277,1.6868818998336792
143770,14278,1.204258680343628
143780,14279,1.1205812692642212
143790,14280,0.9418706297874451
143800,14281,0.6030899286270142
143810,14282,2.8848321437835693
143820,14283,1.0098347663879395
143830,14284,1.9300938844680786
143840,14285,3.5469088554382324
143850,14286,1.8910930156707764
143860,14287,1.9080264568328857
143870,14288,1.4858384132385254
143880,14289,2.233656644821167
143890,14290,0.8818801045417786
143900,14291,3.6318650245666504
143910,14292,2.092285633087158
143920,14293,1.056935429573059
143930,14294,1.5611542463302612
143940,14295,1.0904136896133423
143950,14296,0.8471537828445435
143960,14297,0.9488798379898071
143970,14298,1.3849202394485474
143980,14299,1.0620883703231812
143990,14300,3.058309555053711
144000,14301,1.1501024961471558
144010,14302,1.6831239461898804
144020,14303,0.5548771023750305
144030,14304,0.9845575094223022
144040,14305,1.469590663909912
144050,14306,4.678350448608398
144060,14307,1.4337023496627808
144070,14308,1.2320477962493896
144080,14309,1.292814016342163
144090,14310,1.6211602687835693
144100,14311,2.6610171794891357
144110,14312,1.5907361507415771
144120,14313,0.796995222568512
144130,14314,2.1407861709594727
144140,14315,2.666537284851074
144150,14316,1.0718106031417847
144160,14317,1.833357334136963
144170,14318,2.061645746231079
144180,14319,0.9030390381813049
144190,14320,5.7803850173950195
144200,14321,0.7871640920639038
144210,14322,1.0742732286453247
144220,14323,4.399068832397461
144230,14324,2.6747512817382812
144240,14325,0.8640862703323364
144250,14326,2.0556750297546387
144260,14327,4.345989227294922
144270,14328,1.0445066690444946
144280,14329,1.6483715772628784
144290,14330,1.849830985069275
144300,14331,2.4864368438720703
144310,14332,2.9382903575897217
144320,14333,1.5767580270767212
144330,14334,0.8573145866394043
144340,14335,4.379149436950684
144350,14336,1.9273874759674072
144360,14337,2.6500344276428223
144370,14338,1.5842576026916504
144380,14339,1.820110559463501
144390,14340,0.8115919828414917
144400,14341,1.408808708190918
144410,14342,2.4404642581939697
144420,14343,2.554755210876465
144430,14344,0.6185860633850098
144440,14345,1.2358444929122925
144450,14346,1.295620083808899
144460,14347,1.38297700881958
144470,14348,0.6418458223342896
144480,14349,2.157317638397217
144490,14350,2.939735174179077
144500,14351,0.9316432476043701
144510,14352,5.371946811676025
144520,14353,2.4901301860809326
144530,14354,0.957136869430542
144540,14355,1.037485122680664
144550,14356,1.7605775594711304
144560,14357,1.6019200086593628
144570,14358,1.460597276687622
144580,14359,0.9497916102409363
144590,14360,0.9771938323974609
144600,14361,1.4604395627975464
144610,14362,0.7133153080940247
144620,14363,1.3009694814682007
144630,14364,0.974376380443573
144640,14365,1.6264439821243286
144650,14366,2.522498607635498
144660,14367,1.5478217601776123
144670,14368,1.042197585105896
144680,14369,0.8030930161476135
144690,14370,2.259561061859131
144700,14371,1.749370813369751
144710,14372,2.167830228805542
144720,14373,2.0999345779418945
144730,14374,5.657885551452637
144740,14375,0.774435818195343
144750,14376,0.6199573278427124
144760,14377,0.8134902715682983
144770,14378,1.2596592903137207
144780,14379,0.9910957217216492
144790,14380,2.579681873321533
144800,14381,1.279902458190918
144810,14382,1.4948972463607788
144820,14383,2.3712029457092285
144830,14384,1.4060879945755005
144840,14385,1.1220450401306152
144850,14386,0.9722710847854614
144860,14387,3.028240442276001
144870,14388,1.2534539699554443
144880,14389,1.0863574743270874
144890,14390,2.393359661102295
144900,14391,0.8028343915939331
144910,14392,0.6478269696235657
144920,14393,1.1117019653320312
144930,14394,1.5278531312942505
144940,14395,1.6626367568969727
144950,14396,1.773855447769165
144960,14397,0.9516646265983582
144970,14398,1.5267980098724365
144980,14399,1.0080407857894897
144990,14400,2.396516799926758
145000,14401,3.7280168533325195
145010,14402,2.2844927310943604
145020,14403,1.8338738679885864
145030,14404,1.3002643585205078
145040,14405,1.1158548593521118
145050,14406,2.103330612182617
145060,14407,1.735276222229004
145070,14408,0.8651326894760132
145080,14409,1.1619110107421875
145090,14410,1.3136876821517944
145100,14411,1.2305182218551636
145110,14412,0.8135280609130859
145120,14413,1.8544375896453857
145130,14414,1.6475517749786377
145140,14415,1.3148655891418457
145150,14416,3.69760799407959
145160,14417,1.3999313116073608
145170,14418,1.8458560705184937
145180,14419,1.6055309772491455
145190,14420,2.0894734859466553
145200,14421,1.2259553670883179
145210,14422,0.3370507061481476
145220,14423,0.9553396105766296
145230,14424,3.0200343132019043
145240,14425,0.8808600306510925
145250,14426,1.7515995502471924
145260,14427,1.566653847694397
145270,14428,1.3366490602493286
145280,14429,1.2537033557891846
145290,14430,1.0906155109405518
145300,14431,0.7970510125160217
145310,14432,1.1935811042785645
145320,14433,1.604004144668579
145330,14434,0.5617098212242126
145340,14435,1.5502856969833374
145350,14436,1.0508408546447754
145360,14437,1.1856738328933716
145370,14438,1.6249626874923706
145380,14439,2.177405595779419
145390,14440,2.600924491882324
145400,14441,1.0535998344421387
145410,14442,1.0134525299072266
145420,14443,0.8946685194969177
145430,14444,1.0883903503417969
145440,14445,2.0561044216156006
145450,14446,1.1875120401382446
145460,14447,1.1745872497558594
145470,14448,1.500284194946289
145480,14449,3.2100727558135986
145490,14450,2.7344510555267334
145500,14451,1.1591598987579346
145510,14452,0.9893027544021606
145520,14453,1.5296145677566528
145530,14454,1.1314260959625244
145540,14455,0.8793312311172485
145550,14456,1.1638158559799194
145560,14457,1.237222671508789
145570,14458,1.2379708290100098
145580,14459,1.2942187786102295
145590,14460,1.5215781927108765
145600,14461,1.028335452079773
145610,14462,0.9117042422294617
145620,14463,0.7817326188087463
145630,14464,1.3115081787109375
145640,14465,1.27226722240448
145650,14466,1.226008415222168
145660,14467,0.551699697971344
145670,14468,0.4218616485595703
145680,14469,1.6010226011276245
145690,14470,1.4088528156280518
145700,14471,1.1506171226501465
145710,14472,1.5874780416488647
145720,14473,1.9916677474975586
145730,14474,2.1475255489349365
145740,14475,1.1070960760116577
145750,14476,1.9338352680206299
145760,14477,1.222367763519287
145770,14478,1.2379544973373413
145780,14479,0.784856915473938
145790,14480,1.5132710933685303
145800,14481,2.338257312774658
145810,14482,1.4177680015563965
145820,14483,0.986717700958252
145830,14484,0.868305504322052
145840,14485,1.2480435371398926
145850,14486,1.1682510375976562
145860,14487,1.2000138759613037
145870,14488,5.260214328765869
145880,14489,1.281646490097046
145890,14490,2.1588058471679688
145900,14491,1.4102007150650024
145910,14492,1.1632530689239502
145920,14493,1.7094817161560059
145930,14494,1.347841739654541
145940,14495,0.5714257955551147
145950,14496,0.6810948252677917
145960,14497,1.1548243761062622
145970,14498,1.1707298755645752
145980,14499,0.5300765037536621
145990,14500,2.635589361190796
146000,14501,1.4090324640274048
146010,14502,1.5596061944961548
146020,14503,0.9177653789520264
146030,14504,1.075028896331787
146040,14505,4.958609104156494
146050,14506,1.7585588693618774
146060,14507,1.7819408178329468
146070,14508,1.3143324851989746
146080,14509,2.512671947479248
146090,14510,1.5193469524383545
146100,14511,3.3056657314300537
146110,14512,4.302868843078613
146120,14513,3.405014753341675
146130,14514,1.1801421642303467
146140,14515,1.5039126873016357
146150,14516,2.0794076919555664
146160,14517,3.6717355251312256
146170,14518,2.284420967102051
146180,14519,0.9889382123947144
146190,14520,2.236906051635742
146200,14521,1.1430257558822632
146210,14522,1.8503293991088867
146220,14523,3.578334093093872
146230,14524,1.4348448514938354
146240,14525,0.918724000453949
146250,14526,2.1332247257232666
146260,14527,1.829724907875061
146270,14528,2.1064603328704834
146280,14529,1.6562227010726929
146290,14530,1.3881052732467651
146300,14531,2.3881986141204834
146310,14532,1.1174460649490356
146320,14533,2.6909635066986084
146330,14534,2.2237203121185303
146340,14535,2.3631629943847656
146350,14536,0.9526337385177612
146360,14537,1.1532745361328125
146370,14538,1.3762439489364624
146380,14539,0.730288028717041
146390,14540,1.6374326944351196
146400,14541,5.499885559082031
146410,14542,0.7013188600540161
146420,14543,2.556583881378174
146430,14544,1.2288920879364014
146440,14545,1.0048025846481323
146450,14546,1.4795451164245605
146460,14547,2.1520278453826904
146470,14548,1.877822756767273
146480,14549,1.1370041370391846
146490,14550,1.8907101154327393
146500,14551,0.8787375688552856
146510,14552,1.0321309566497803
146520,14553,2.5070033073425293
146530,14554,0.9489956498146057
146540,14555,1.9957841634750366
146550,14556,0.8282024264335632
146560,14557,2.792651653289795
146570,14558,1.2690613269805908
146580,14559,1.2577450275421143
146590,14560,0.7593387961387634
146600,14561,1.5542116165161133
146610,14562,1.175940990447998
146620,14563,1.12335205078125
146630,14564,1.3570501804351807
146640,14565,1.152134656906128
146650,14566,2.9840049743652344
146660,14567,2.293651819229126
146670,14568,1.0740269422531128
146680,14569,2.5540223121643066
146690,14570,0.8212251663208008
146700,14571,2.366626501083374
146710,14572,0.935304582118988
146720,14573,1.4478628635406494
146730,14574,1.5219910144805908
146740,14575,1.1495884656906128
146750,14576,1.2031784057617188
146760,14577,1.3915612697601318
146770,14578,1.0985146760940552
146780,14579,2.846586227416992
146790,14580,1.406332015991211
146800,14581,1.6329926252365112
146810,14582,2.7565205097198486
146820,14583,1.8401154279708862
146830,14584,3.555915355682373
146840,14585,1.1358039379119873
146850,14586,0.9449638724327087
146860,14587,1.3400346040725708
146870,14588,0.9800447821617126
146880,14589,1.3110287189483643
146890,14590,1.6697417497634888
146900,14591,1.141416072845459
146910,14592,0.872338593006134
146920,14593,1.1919424533843994
146930,14594,1.6264489889144897
146940,14595,1.717731237411499
146950,14596,0.764148473739624
146960,14597,5.00980281829834
146970,14598,2.350963592529297
146980,14599,1.7491731643676758
146990,14600,0.9581523537635803
147000,14601,2.710606098175049
147010,14602,1.9441591501235962
147020,14603,1.6471526622772217
147030,14604,2.7168784141540527
147040,14605,1.5166630744934082
147050,14606,2.6040754318237305
147060,14607,3.7443230152130127
147070,14608,0.7772330045700073
147080,14609,1.9361804723739624
147090,14610,2.3313560485839844
147100,14611,1.1551815271377563
147110,14612,1.550126552581787
147120,14613,1.2873114347457886
147130,14614,1.3920342922210693
147140,14615,1.8214070796966553
147150,14616,1.5971022844314575
147160,14617,0.5074096918106079
147170,14618,1.0265922546386719
147180,14619,1.2175912857055664
147190,14620,4.044229507446289
147200,14621,1.4097564220428467
147210,14622,1.1836750507354736
147220,14623,1.8026530742645264
147230,14624,0.9050268530845642
147240,14625,0.8635547161102295
147250,14626,0.731950044631958
147260,14627,1.8360345363616943
147270,14628,1.0414806604385376
147280,14629,1.7286628484725952
147290,14630,1.6058743000030518
147300,14631,1.4204773902893066
147310,14632,1.589834451675415
147320,14633,2.5562937259674072
147330,14634,2.3900556564331055
147340,14635,0.7426435947418213
147350,14636,2.4258346557617188
147360,14637,1.6742501258850098
147370,14638,1.9369425773620605
147380,14639,3.3590431213378906
147390,14640,1.3615628480911255
147400,14641,1.4388470649719238
147410,14642,2.619297981262207
147420,14643,1.2460640668869019
147430,14644,3.2414331436157227
147440,14645,0.9672106504440308
147450,14646,0.8552170395851135
147460,14647,1.1825523376464844
147470,14648,3.6151821613311768
147480,14649,1.1064211130142212
147490,14650,1.6620737314224243
147500,14651,1.2635879516601562
147510,14652,2.3275837898254395
147520,14653,1.5230659246444702
147530,14654,1.3473482131958008
147540,14655,1.2737493515014648
147550,14656,1.3534901142120361
147560,14657,2.3101999759674072
147570,14658,1.1329317092895508
147580,14659,0.7455247044563293
147590,14660,1.1128953695297241
147600,14661,0.6470836400985718
147610,14662,2.1981730461120605
147620,14663,1.349041223526001
147630,14664,7.062063694000244
147640,14665,2.441880702972412
147650,14666,1.3534598350524902
147660,14667,2.364203929901123
147670,14668,1.8780717849731445
147680,14669,0.6016392111778259
147690,14670,0.7220890522003174
147700,14671,1.0830291509628296
147710,14672,1.2292174100875854
147720,14673,1.4206724166870117
147730,14674,3.1089119911193848
147740,14675,1.7490510940551758
147750,14676,1.3953348398208618
147760,14677,1.9902913570404053
147770,14678,5.858581066131592
147780,14679,1.5385740995407104
147790,14680,1.4166598320007324
147800,14681,2.5799620151519775
147810,14682,1.514249324798584
147820,14683,1.874349594116211
147830,14684,1.571750283241272
147840,14685,1.465507984161377
147850,14686,1.2937310934066772
147860,14687,1.745445728302002
147870,14688,1.4967374801635742
147880,14689,1.4685416221618652
147890,14690,1.2645710706710815
147900,14691,1.4560508728027344
147910,14692,0.8314311504364014
147920,14693,0.7920719385147095
147930,14694,1.346318006515503
147940,14695,2.031966209411621
147950,14696,1.6230899095535278
147960,14697,1.0974112749099731
147970,14698,2.254746913909912
147980,14699,0.7681149840354919
147990,14700,1.4923921823501587
148000,14701,1.6431680917739868
148010,14702,1.1263796091079712
148020,14703,1.1637678146362305
148030,14704,1.0620825290679932
148040,14705,1.6983367204666138
148050,14706,1.7797338962554932
148060,14707,0.9438863396644592
148070,14708,0.7166709899902344
148080,14709,1.2371095418930054
148090,14710,1.2213752269744873
148100,14711,1.189601182937622
148110,14712,1.2088555097579956
148120,14713,0.982912540435791
148130,14714,1.2150839567184448
148140,14715,0.49847280979156494
148150,14716,0.9294752478599548
148160,14717,1.0078638792037964
148170,14718,1.1765644550323486
148180,14719,0.7281501293182373
148190,14720,1.622079849243164
148200,14721,1.5136189460754395
148210,14722,1.3905253410339355
148220,14723,1.8044629096984863
148230,14724,1.5322675704956055
148240,14725,0.9148117303848267
148250,14726,1.3236972093582153
148260,14727,1.105361819267273
148270,14728,4.876447677612305
148280,14729,0.7333424687385559
148290,14730,0.6966230273246765
148300,14731,1.716402530670166
148310,14732,6.4887776374816895
148320,14733,6.266953468322754
148330,14734,0.959039568901062
148340,14735,1.6673544645309448
148350,14736,1.3304064273834229
148360,14737,1.242926001548767
148370,14738,1.1886389255523682
148380,14739,1.4323033094406128
148390,14740,1.44725501537323
148400,14741,1.228418231010437
148410,14742,1.540806770324707
148420,14743,2.6063499450683594
148430,14744,0.9640522599220276
148440,14745,1.6705052852630615
148450,14746,1.9774250984191895
148460,14747,0.9694880843162537
148470,14748,1.8593313694000244
148480,14749,1.6195874214172363
148490,14750,1.1661704778671265
148500,14751,0.9072208404541016
148510,14752,1.7122347354888916
148520,14753,2.231178045272827
148530,14754,1.513031244277954
148540,14755,1.4550204277038574
148550,14756,0.6416111588478088
148560,14757,2.8556525707244873
148570,14758,1.2775394916534424
148580,14759,1.4427434206008911
148590,14760,1.3252588510513306
148600,14761,1.5361229181289673
148610,14762,1.101237416267395
148620,14763,1.3599692583084106
148630,14764,1.2757818698883057
148640,14765,1.3466989994049072
148650,14766,1.310738444328308
148660,14767,1.2551199197769165
148670,14768,1.6319524049758911
148680,14769,1.2675728797912598
148690,14770,2.298382520675659
148700,14771,1.026315450668335
148710,14772,1.5863479375839233
148720,14773,1.889725685119629
148730,14774,1.4146792888641357
148740,14775,2.061551332473755
148750,14776,1.6548616886138916
148760,14777,1.328867793083191
148770,14778,0.7641217112541199
148780,14779,1.4372144937515259
148790,14780,1.7931967973709106
148800,14781,2.441066265106201
148810,14782,1.4313076734542847
148820,14783,0.8050151467323303
148830,14784,0.6639830470085144
148840,14785,1.0470017194747925
148850,14786,1.8556567430496216
148860,14787,1.4329465627670288
148870,14788,0.9737792611122131
148880,14789,1.0271178483963013
148890,14790,2.101547956466675
148900,14791,1.388944149017334
148910,14792,1.754880666732788
148920,14793,1.9821947813034058
148930,14794,1.9274429082870483
148940,14795,1.7297418117523193
148950,14796,1.1012749671936035
148960,14797,2.216794729232788
148970,14798,1.6530842781066895
148980,14799,0.9824115037918091
148990,14800,1.9456653594970703
149000,14801,1.902822494506836
149010,14802,1.5285496711730957
149020,14803,1.0882172584533691
149030,14804,1.062284231185913
149040,14805,2.560333013534546
149050,14806,0.9000377655029297
149060,14807,2.2629122734069824
149070,14808,1.4539768695831299
149080,14809,0.9493024349212646
149090,14810,2.013953685760498
149100,14811,1.1610255241394043
149110,14812,1.8522675037384033
149120,14813,1.1798104047775269
149130,14814,1.632426142692566
149140,14815,1.5863606929779053
149150,14816,1.4614531993865967
149160,14817,2.5293591022491455
149170,14818,2.4274346828460693
149180,14819,2.384887218475342
149190,14820,1.7078757286071777
149200,14821,0.9255447387695312
149210,14822,1.1695257425308228
149220,14823,0.8266550898551941
149230,14824,1.386214017868042
149240,14825,1.5603013038635254
149250,14826,0.5504879951477051
149260,14827,0.9915809631347656
149270,14828,0.8496535420417786
149280,14829,0.8697203397750854
149290,14830,1.73978590965271
149300,14831,2.5766918659210205
149310,14832,2.0795531272888184
149320,14833,1.4322421550750732
149330,14834,1.1036099195480347
149340,14835,1.2955331802368164
149350,14836,1.8547595739364624
149360,14837,1.7806553840637207
149370,14838,2.943934917449951
149380,14839,1.105787754058838
149390,14840,0.7283055186271667
149400,14841,0.5158498883247375
149410,14842,4.1200947761535645
149420,14843,0.7064328193664551
149430,14844,1.2935127019882202
149440,14845,1.8558967113494873
149450,14846,0.9569913744926453
149460,14847,1.32521390914917
149470,14848,0.8053582906723022
149480,14849,0.8357385396957397
149490,14850,1.5579582452774048
149500,14851,1.734666109085083
149510,14852,1.2424015998840332
149520,14853,1.265859842300415
149530,14854,0.7998073697090149
149540,14855,1.0298066139221191
149550,14856,3.6709799766540527
149560,14857,1.22483229637146
149570,14858,1.0793037414550781
149580,14859,1.066318154335022
149590,14860,2.2306067943573
149600,14861,0.816382646560669
149610,14862,0.6428939700126648
149620,14863,1.4547934532165527
149630,14864,1.1307930946350098
149640,14865,1.4353302717208862
149650,14866,1.6225119829177856
149660,14867,1.2129950523376465
149670,14868,1.250056266784668
149680,14869,0.8816676735877991
149690,14870,2.7927443981170654
149700,14871,1.161865472793579
149710,14872,1.664275884628296
149720,14873,1.435579776763916
149730,14874,1.147889256477356
149740,14875,2.666137456893921
149750,14876,0.9528341293334961
149760,14877,3.125009775161743
149770,14878,0.7620305418968201
149780,14879,0.7684510350227356
149790,14880,0.9499478340148926
149800,14881,1.657344937324524
149810,14882,0.8296469449996948
149820,14883,1.2034109830856323
149830,14884,1.7748265266418457
149840,14885,1.4157891273498535
149850,14886,1.4563369750976562
149860,14887,3.686210870742798
149870,14888,0.4575795829296112
149880,14889,1.8974034786224365
149890,14890,0.5537899732589722
149900,14891,1.48433518409729
149910,14892,1.468092441558838
149920,14893,1.3896336555480957
149930,14894,2.126987934112549
149940,14895,1.3705360889434814
149950,14896,0.7676580548286438
149960,14897,1.2272149324417114
149970,14898,1.2936675548553467
149980,14899,1.233306884765625
149990,14900,1.255197286605835
150000,14901,0.6713083982467651
150010,14902,1.291137456893921
150020,14903,1.4640789031982422
150030,14904,0.7392566204071045
150040,14905,1.7472285032272339
150050,14906,1.722588062286377
150060,14907,2.3435823917388916
150070,14908,1.26241934299469
150080,14909,1.5738966464996338
150090,14910,1.137895941734314
150100,14911,1.9022053480148315
150110,14912,3.9721930027008057
150120,14913,2.200193166732788
150130,14914,1.4291207790374756
150140,14915,3.3179879188537598
150150,14916,0.7731916308403015
150160,14917,1.575919508934021
150170,14918,2.9405410289764404
150180,14919,1.8626478910446167
150190,14920,1.407761573791504
150200,14921,1.806733250617981
150210,14922,0.8336494565010071
150220,14923,0.6546440124511719
150230,14924,2.146249294281006
150240,14925,2.791745185852051
150250,14926,3.6509947776794434
150260,14927,1.436079502105713
150270,14928,1.0623207092285156
150280,14929,1.7874881029129028
150290,14930,1.1988260746002197
150300,14931,0.9704721570014954
150310,14932,1.4403674602508545
150320,14933,1.0671323537826538
150330,14934,3.2136964797973633
150340,14935,0.9826676249504089
150350,14936,1.647654414176941
150360,14937,2.4250214099884033
150370,14938,1.4527069330215454
150380,14939,3.110612392425537
150390,14940,3.0406017303466797
150400,14941,1.0048693418502808
150410,14942,1.0605093240737915
150420,14943,0.7637203931808472
150430,14944,2.522526264190674
150440,14945,1.979554295539856
150450,14946,1.9718953371047974
150460,14947,1.3783773183822632
150470,14948,2.3234357833862305
150480,14949,1.5771571397781372
150490,14950,1.5883408784866333
150500,14951,0.9502614140510559
150510,14952,1.6696932315826416
150520,14953,1.4014215469360352
150530,14954,1.2769155502319336
150540,14955,1.850358009338379
150550,14956,1.4807723760604858
150560,14957,1.677185297012329
150570,14958,2.7641310691833496
150580,14959,5.480961322784424
150590,14960,1.0138533115386963
150600,14961,2.6139745712280273
150610,14962,1.669950008392334
150620,14963,0.9735903739929199
150630,14964,2.2522311210632324
150640,14965,1.6724090576171875
150650,14966,2.260265588760376
150660,14967,1.5219639539718628
150670,14968,1.0117683410644531
150680,14969,1.5728098154067993
150690,14970,2.940802812576294
150700,14971,2.212265968322754
150710,14972,0.954844057559967
150720,14973,1.2282936573028564
150730,14974,1.4211605787277222
150740,14975,0.6780146956443787
150750,14976,0.9137601256370544
150760,14977,1.8414350748062134
150770,14978,1.3796358108520508
150780,14979,0.5169647336006165
150790,14980,0.7524096965789795
150800,14981,1.98813796043396
150810,14982,0.9392145276069641
150820,14983,1.693751573562622
150830,14984,1.3894457817077637
150840,14985,1.030138373374939
150850,14986,1.031549096107483
150860,14987,1.150651454925537
150870,14988,1.1539299488067627
150880,14989,1.0607696771621704
150890,14990,1.4804755449295044
150900,14991,1.469285249710083
150910,14992,6.1508002281188965
150920,14993,1.5873289108276367
150930,14994,1.979034662246704
150940,14995,0.7540706992149353
150950,14996,1.5796867609024048
150960,14997,0.7414928078651428
150970,14998,1.1763306856155396
150980,14999,1.8290338516235352
150990,15000,1.4701966047286987
151000,15001,1.1909871101379395
151010,15002,1.8375709056854248
151020,15003,1.055609941482544
151030,15004,0.8641536831855774
151040,15005,0.8556435108184814
151050,15006,3.695746421813965
151060,15007,3.8093273639678955
151070,15008,1.435884714126587
151080,15009,2.0941319465637207
151090,15010,1.6354483366012573
151100,15011,1.2841317653656006
151110,15012,1.342666745185852
151120,15013,1.6068763732910156
151130,15014,1.1882853507995605
151140,15015,1.1752095222473145
151150,15016,3.0829968452453613
151160,15017,1.7676165103912354
151170,15018,1.0042104721069336
151180,15019,1.1687474250793457
151190,15020,1.491870403289795
151200,15021,1.0504050254821777
151210,15022,4.476608753204346
151220,15023,2.224788188934326
151230,15024,1.128610610961914
151240,15025,1.4308496713638306
151250,15026,0.7814028263092041
151260,15027,3.2706615924835205
151270,15028,1.2453935146331787
151280,15029,1.2787952423095703
151290,15030,1.41378915309906
151300,15031,0.9669056534767151
151310,15032,0.44268739223480225
151320,15033,1.2824616432189941
151330,15034,0.7750445604324341
151340,15035,1.589895248413086
151350,15036,1.9333417415618896
151360,15037,1.1539908647537231
151370,15038,1.91504967212677
151380,15039,2.0036215782165527
151390,15040,1.6856448650360107
151400,15041,1.3282538652420044
151410,15042,1.125840187072754
151420,15043,0.9701686501502991
151430,15044,1.3006973266601562
151440,15045,1.09814453125
151450,15046,1.214735746383667
151460,15047,0.9958251714706421
151470,15048,4.459367752075195
151480,15049,1.8359503746032715
151490,15050,1.552889108657837
151500,15051,1.365297794342041
151510,15052,0.6118929982185364
151520,15053,1.680710792541504
151530,15054,1.0709375143051147
151540,15055,1.40052330493927
151550,15056,1.4451591968536377
151560,15057,0.9244617819786072
151570,15058,1.1602305173873901
151580,15059,1.7203571796417236
151590,15060,1.7857496738433838
151600,15061,1.5257399082183838
151610,15062,1.8998373746871948
151620,15063,1.847424030303955
151630,15064,1.0584437847137451
151640,15065,2.8069491386413574
151650,15066,1.0456254482269287
151660,15067,0.8655880093574524
151670,15068,1.3392537832260132
151680,15069,1.8646271228790283
151690,15070,0.8734264373779297
151700,15071,1.1264852285385132
151710,15072,0.9826964139938354
151720,15073,1.159244179725647
151730,15074,1.4437264204025269
151740,15075,1.4171314239501953
151750,15076,1.061320424079895
151760,15077,1.3870962858200073
151770,15078,1.758833646774292
151780,15079,5.524230003356934
151790,15080,0.9125815033912659
151800,15081,2.0126736164093018
151810,15082,0.8365414142608643
151820,15083,0.7011683583259583
151830,15084,2.8691203594207764
151840,15085,0.8251885771751404
151850,15086,1.5889848470687866
151860,15087,1.2888695001602173
151870,15088,0.885898232460022
151880,15089,1.098374843597412
151890,15090,3.122006893157959
151900,15091,1.3672176599502563
151910,15092,2.0474798679351807
151920,15093,1.5137381553649902
151930,15094,1.3498420715332031
151940,15095,1.1149389743804932
151950,15096,2.343989849090576
151960,15097,0.8600959181785583
151970,15098,1.3353381156921387
151980,15099,4.136322021484375
151990,15100,1.5672738552093506
152000,15101,1.8007394075393677
152010,15102,1.9749410152435303
152020,15103,1.8258588314056396
152030,15104,1.680603265762329
152040,15105,1.5877004861831665
152050,15106,2.399441719055176
152060,15107,1.4504669904708862
152070,15108,1.6343275308609009
152080,15109,6.094529628753662
152090,15110,2.1110174655914307
152100,15111,1.158983826637268
152110,15112,2.525428295135498
152120,15113,0.4755169451236725
152130,15114,0.8714010715484619
152140,15115,1.9348688125610352
152150,15116,1.0001899003982544
152160,15117,1.9993736743927002
152170,15118,2.019684314727783
152180,15119,2.2002100944519043
152190,15120,1.9202781915664673
152200,15121,0.7460081577301025
152210,15122,1.8062764406204224
152220,15123,3.2365715503692627
152230,15124,2.4088423252105713
152240,15125,1.0532335042953491
152250,15126,1.4230811595916748
152260,15127,1.3017313480377197
152270,15128,1.500657558441162
152280,15129,0.5642970204353333
152290,15130,2.5076231956481934
152300,15131,0.6830338835716248
152310,15132,0.7610558271408081
152320,15133,1.853147268295288
152330,15134,1.8286834955215454
152340,15135,1.1157588958740234
152350,15136,1.2799738645553589
152360,15137,1.177058219909668
152370,15138,2.8463284969329834
152380,15139,1.7237298488616943
152390,15140,3.5754098892211914
152400,15141,0.6929013729095459
152410,15142,1.7006897926330566
152420,15143,4.135443687438965
152430,15144,0.7596803903579712
152440,15145,1.958320140838623
152450,15146,1.9041094779968262
152460,15147,5.478185653686523
152470,15148,1.716572880744934
152480,15149,1.2996989488601685
152490,15150,1.5050950050354004
152500,15151,1.1000816822052002
152510,15152,0.7417450547218323
152520,15153,0.9257315397262573
152530,15154,1.3793456554412842
152540,15155,2.6944174766540527
152550,15156,2.0135018825531006
152560,15157,1.3485560417175293
152570,15158,1.0583258867263794
152580,15159,4.846790790557861
152590,15160,2.3202357292175293
152600,15161,2.301370620727539
152610,15162,4.154420375823975
152620,15163,1.3331953287124634
152630,15164,1.4925544261932373
152640,15165,1.290722131729126
152650,15166,1.0745636224746704
152660,15167,1.0247464179992676
152670,15168,2.282092809677124
152680,15169,1.4663317203521729
152690,15170,1.498917818069458
152700,15171,0.7322492599487305
152710,15172,1.1190611124038696
152720,15173,1.5838613510131836
152730,15174,1.6083264350891113
152740,15175,2.461854934692383
152750,15176,2.1719141006469727
152760,15177,1.5322086811065674
152770,15178,1.6243910789489746
152780,15179,3.7107865810394287
152790,15180,1.038008451461792
152800,15181,2.7270114421844482
152810,15182,2.186185836791992
152820,15183,1.6111974716186523
152830,15184,1.7485357522964478
152840,15185,1.162338137626648
152850,15186,0.9574276208877563
152860,15187,1.112929344177246
152870,15188,0.9657481908798218
152880,15189,2.1521964073181152
152890,15190,1.1086187362670898
152900,15191,0.7270845174789429
152910,15192,0.9769865870475769
152920,15193,1.6066852807998657
152930,15194,0.726469099521637
152940,15195,1.3048813343048096
152950,15196,1.7245122194290161
152960,15197,1.619071125984192
152970,15198,1.439017415046692
152980,15199,2.181253433227539
152990,15200,2.8962035179138184
153000,15201,0.9523590207099915
153010,15202,0.9873835444450378
153020,15203,2.198343276977539
153030,15204,1.1947468519210815
153040,15205,1.9999626874923706
153050,15206,1.5242303609848022
153060,15207,0.9312646389007568
153070,15208,2.2298262119293213
153080,15209,4.291709899902344
153090,15210,2.2031519412994385
153100,15211,1.0757335424423218
153110,15212,1.545473337173462
153120,15213,1.2716535329818726
153130,15214,1.4755779504776
153140,15215,2.248197555541992
153150,15216,1.60239577293396
153160,15217,1.0167702436447144
153170,15218,1.9498364925384521
153180,15219,3.2132492065429688
153190,15220,3.3593664169311523
153200,15221,0.9837796688079834
153210,15222,1.1856179237365723
153220,15223,0.6577978134155273
153230,15224,2.7059245109558105
153240,15225,0.903483510017395
153250,15226,0.8343038558959961
153260,15227,1.43735671043396
153270,15228,1.3692374229431152
153280,15229,3.9077696800231934
153290,15230,2.1609067916870117
153300,15231,2.0912768840789795
153310,15232,0.7846930027008057
153320,15233,3.5285580158233643
153330,15234,1.6997463703155518
153340,15235,1.6959824562072754
153350,15236,1.5291521549224854
153360,15237,1.1922109127044678
153370,15238,2.2548115253448486
153380,15239,3.2632365226745605
153390,15240,0.6742550730705261
153400,15241,0.779456377029419
153410,15242,1.08553147315979
153420,15243,0.9117727279663086
153430,15244,1.7830923795700073
153440,15245,1.5312312841415405
153450,15246,1.1624782085418701
153460,15247,1.1960352659225464
153470,15248,0.9298788905143738
153480,15249,0.9430391788482666
153490,15250,0.8527708053588867
153500,15251,1.0653226375579834
153510,15252,0.9577302932739258
153520,15253,1.8684700727462769
153530,15254,1.2854706048965454
153540,15255,0.6024870276451111
153550,15256,1.084059476852417
153560,15257,1.9707441329956055
153570,15258,0.7547951936721802
153580,15259,4.333104610443115
153590,15260,1.1527200937271118
153600,15261,1.2540462017059326
153610,15262,1.6640958786010742
153620,15263,2.033701181411743
153630,15264,2.0287015438079834
153640,15265,1.9365692138671875
153650,15266,0.9163216352462769
153660,15267,1.1604282855987549
153670,15268,2.7175278663635254
153680,15269,0.740297794342041
153690,15270,1.1606686115264893
153700,15271,1.383657693862915
153710,15272,1.3537625074386597
153720,15273,3.2598776817321777
153730,15274,0.7930368781089783
153740,15275,1.5672739744186401
153750,15276,2.0658440589904785
153760,15277,0.8122830390930176
153770,15278,1.092437744140625
153780,15279,1.6941909790039062
153790,15280,1.8948744535446167
153800,15281,4.03709602355957
153810,15282,0.7194740176200867
153820,15283,1.206146478652954
153830,15284,1.4045710563659668
153840,15285,0.8427686095237732
153850,15286,1.087553858757019
153860,15287,1.4515764713287354
153870,15288,1.4554160833358765
153880,15289,0.714706540107727
153890,15290,2.6482701301574707
153900,15291,2.4765844345092773
153910,15292,0.8704023361206055
153920,15293,0.8778753876686096
153930,15294,1.1343457698822021
153940,15295,3.7754721641540527
153950,15296,2.6619677543640137
153960,15297,1.5366599559783936
153970,15298,1.2786564826965332
153980,15299,1.2077971696853638
153990,15300,1.5966767072677612
154000,15301,0.8400084376335144
154010,15302,2.1732053756713867
154020,15303,2.023298501968384
154030,15304,1.7603752613067627
154040,15305,0.8953574895858765
154050,15306,0.6584405303001404
154060,15307,1.6365834474563599
154070,15308,2.1519412994384766
154080,15309,0.7127498388290405
154090,15310,1.6023565530776978
154100,15311,6.295686721801758
154110,15312,2.3402957916259766
154120,15313,1.9302880764007568
154130,15314,0.6051927208900452
154140,15315,3.4876649379730225
154150,15316,0.793606162071228
154160,15317,1.8909492492675781
154170,15318,1.4280141592025757
154180,15319,2.544464349746704
154190,15320,5.020207405090332
154200,15321,1.336386799812317
154210,15322,1.46369469165802
154220,15323,1.6026690006256104
154230,15324,1.829277753829956
154240,15325,1.714453935623169
154250,15326,1.405403733253479
154260,15327,1.4535499811172485
154270,15328,2.0706708431243896
154280,15329,1.5354852676391602
154290,15330,1.6145951747894287
154300,15331,0.927109956741333
154310,15332,1.7338470220565796
154320,15333,2.6606533527374268
154330,15334,0.7772506475448608
154340,15335,1.1775383949279785
154350,15336,1.1224617958068848
154360,15337,3.3139283657073975
154370,15338,0.7169710993766785
154380,15339,0.7088794112205505
154390,15340,2.528597593307495
154400,15341,2.0920634269714355
154410,15342,1.4766316413879395
154420,15343,2.056774616241455
154430,15344,1.4290269613265991
154440,15345,3.842393398284912
154450,15346,1.9936937093734741
154460,15347,0.9739323854446411
154470,15348,2.075739860534668
154480,15349,1.7223625183105469
154490,15350,2.4187498092651367
154500,15351,1.407828688621521
154510,15352,1.0547714233398438
154520,15353,2.6800308227539062
154530,15354,1.107735514640808
154540,15355,1.2253942489624023
154550,15356,1.058717131614685
154560,15357,1.8079336881637573
154570,15358,3.960319757461548
154580,15359,3.0441458225250244
154590,15360,1.5280202627182007
154600,15361,1.098956823348999
154610,15362,0.9155794382095337
154620,15363,1.4973686933517456
154630,15364,1.373862385749817
154640,15365,1.648781418800354
154650,15366,5.282878875732422
154660,15367,1.2861511707305908
154670,15368,1.9759767055511475
154680,15369,1.2728451490402222
154690,15370,3.123518228530884
154700,15371,2.1941146850585938
154710,15372,1.9838863611221313
154720,15373,1.70620596408844
154730,15374,1.55165696144104
154740,15375,1.1765555143356323
154750,15376,1.0829485654830933
154760,15377,2.508662223815918
154770,15378,1.0991406440734863
154780,15379,0.9242067933082581
154790,15380,2.7559261322021484
154800,15381,2.133291244506836
154810,15382,2.8869848251342773
154820,15383,0.7959008812904358
154830,15384,2.4738428592681885
154840,15385,0.6513136029243469
154850,15386,2.1197283267974854
154860,15387,1.200247883796692
154870,15388,3.4205987453460693
154880,15389,1.069385051727295
154890,15390,0.8808499574661255
154900,15391,1.9887217283248901
154910,15392,0.8584915399551392
154920,15393,1.0649441480636597
154930,15394,1.3445611000061035
154940,15395,1.8076717853546143
154950,15396,6.6849164962768555
154960,15397,3.7919161319732666
154970,15398,1.2344790697097778
154980,15399,1.2174670696258545
154990,15400,1.1425449848175049
155000,15401,1.5643043518066406
155010,15402,1.6216145753860474
155020,15403,0.6889393329620361
155030,15404,1.9773145914077759
155040,15405,1.8074489831924438
155050,15406,2.526515245437622
155060,15407,0.736900806427002
155070,15408,0.8243535757064819
155080,15409,1.5863630771636963
155090,15410,1.4610302448272705
155100,15411,1.2777845859527588
155110,15412,2.6083996295928955
155120,15413,1.4678431749343872
155130,15414,1.5663124322891235
155140,15415,1.4299486875534058
155150,15416,1.4586280584335327
155160,15417,1.4858543872833252
155170,15418,1.0096733570098877
155180,15419,2.4309334754943848
155190,15420,1.4643964767456055
155200,15421,2.938998222351074
155210,15422,0.9745690822601318
155220,15423,1.6513131856918335
155230,15424,2.902831792831421
155240,15425,2.3733184337615967
155250,15426,0.690595269203186
155260,15427,2.348376750946045
155270,15428,2.5893733501434326
155280,15429,1.4633406400680542
155290,15430,1.0400750637054443
155300,15431,0.9403077960014343
155310,15432,1.3170838356018066
155320,15433,2.7101564407348633
155330,15434,1.196144461631775
155340,15435,0.9163346290588379
155350,15436,2.108408212661743
155360,15437,1.5134756565093994
155370,15438,1.503869652748108
155380,15439,0.8253893852233887
155390,15440,0.9543190002441406
155400,15441,2.2994942665100098
155410,15442,2.392237901687622
155420,15443,7.392560958862305
155430,15444,1.341374397277832
155440,15445,0.8762301802635193
155450,15446,1.7529993057250977
155460,15447,2.4019687175750732
155470,15448,2.6489083766937256
155480,15449,3.7437431812286377
155490,15450,2.4991531372070312
155500,15451,0.6931386590003967
155510,15452,5.660702228546143
155520,15453,2.207533597946167
155530,15454,4.240676403045654
155540,15455,1.3378398418426514
155550,15456,0.909102737903595
155560,15457,1.3129256963729858
155570,15458,1.7803534269332886
155580,15459,1.1084787845611572
155590,15460,0.8817021250724792
155600,15461,1.2683825492858887
155610,15462,1.311509609222412
155620,15463,2.050133466720581
155630,15464,1.4013280868530273
155640,15465,1.0488229990005493
155650,15466,1.4576354026794434
155660,15467,1.1019753217697144
155670,15468,0.8776025772094727
155680,15469,3.112051010131836
155690,15470,0.8293164968490601
155700,15471,2.8756868839263916
155710,15472,2.3918204307556152
155720,15473,1.0889374017715454
155730,15474,3.3021647930145264
155740,15475,1.1970874071121216
155750,15476,1.3353583812713623
155760,15477,1.9915121793746948
155770,15478,1.0713582038879395
155780,15479,1.2800517082214355
155790,15480,1.6975358724594116
155800,15481,3.9610767364501953
155810,15482,1.4264777898788452
155820,15483,1.5377756357192993
155830,15484,1.4824841022491455
155840,15485,1.0896105766296387
155850,15486,1.3605310916900635
155860,15487,2.8361377716064453
155870,15488,0.5408146381378174
155880,15489,1.3139053583145142
155890,15490,1.1104415655136108
155900,15491,1.3336553573608398
155910,15492,2.286092519760132
155920,15493,1.7064207792282104
155930,15494,3.008183717727661
155940,15495,0.9878800511360168
155950,15496,1.3562157154083252
155960,15497,1.3537061214447021
155970,15498,4.462574005126953
155980,15499,1.1395909786224365
155990,15500,0.9154961109161377
156000,15501,1.871047854423523
156010,15502,1.5822622776031494
156020,15503,1.9396382570266724
156030,15504,5.912708282470703
156040,15505,1.411732792854309
156050,15506,1.5618329048156738
156060,15507,1.1301255226135254
156070,15508,0.9437998533248901
156080,15509,2.0730042457580566
156090,15510,1.6770479679107666
156100,15511,1.3917115926742554
156110,15512,2.2440457344055176
156120,15513,1.1671253442764282
156130,15514,0.962501049041748
156140,15515,2.496769428253174
156150,15516,1.3660857677459717
156160,15517,0.9938117265701294
156170,15518,3.2472801208496094
156180,15519,1.0661869049072266
156190,15520,2.771542549133301
156200,15521,1.1682417392730713
156210,15522,0.8769159317016602
156220,15523,1.4275559186935425
156230,15524,0.9287738800048828
156240,15525,1.6760833263397217
156250,15526,1.1657531261444092
156260,15527,2.4000513553619385
156270,15528,2.4600417613983154
156280,15529,0.9079017043113708
156290,15530,2.2079319953918457
156300,15531,2.1676344871520996
156310,15532,1.7284692525863647
156320,15533,1.8568750619888306
156330,15534,1.1857470273971558
156340,15535,3.4951250553131104
156350,15536,2.343740940093994
156360,15537,1.2181963920593262
156370,15538,2.012739419937134
156380,15539,1.8276678323745728
156390,15540,2.0413522720336914
156400,15541,0.6099479794502258
156410,15542,1.0549025535583496
156420,15543,1.1356672048568726
156430,15544,6.051392555236816
156440,15545,1.8701171875
156450,15546,2.003244400024414
156460,15547,0.6426950097084045
156470,15548,1.1080248355865479
156480,15549,0.8936553001403809
156490,15550,2.382345676422119
156500,15551,1.7128006219863892
156510,15552,1.2511820793151855
156520,15553,2.019960641860962
156530,15554,0.9169960618019104
156540,15555,2.0567078590393066
156550,15556,1.8931121826171875
156560,15557,1.9891669750213623
156570,15558,1.136867880821228
156580,15559,0.7869457006454468
156590,15560,1.2236860990524292
156600,15561,2.687429904937744
156610,15562,1.8628430366516113
156620,15563,1.9753941297531128
156630,15564,1.842065691947937
156640,15565,1.953932285308838
156650,15566,2.356245756149292
156660,15567,1.6130532026290894
156670,15568,1.5615955591201782
156680,15569,1.5969043970108032
156690,15570,2.3972573280334473
156700,15571,1.9273942708969116
156710,15572,1.1545063257217407
156720,15573,0.9915274381637573
156730,15574,2.5949037075042725
156740,15575,1.54595148563385
156750,15576,1.4593456983566284
156760,15577,1.9219297170639038
156770,15578,2.64355731010437
156780,15579,1.1925818920135498
156790,15580,4.1992998123168945
156800,15581,2.003047227859497
156810,15582,2.190368413925171
156820,15583,1.1580595970153809
156830,15584,1.8441500663757324
156840,15585,0.7783088684082031
156850,15586,1.2449281215667725
156860,15587,1.2838047742843628
156870,15588,1.9236125946044922
156880,15589,4.247770309448242
156890,15590,1.5612685680389404
156900,15591,2.0382564067840576
156910,15592,0.9269948601722717
156920,15593,1.8139938116073608
156930,15594,5.456418514251709
156940,15595,1.3194712400436401
156950,15596,1.7412201166152954
156960,15597,1.2242302894592285
156970,15598,1.301126480102539
156980,15599,1.3851221799850464
156990,15600,0.6203033924102783
157000,15601,1.5235741138458252
157010,15602,2.373322010040283
157020,15603,1.971160650253296
157030,15604,1.7142035961151123
157040,15605,4.393399715423584
157050,15606,2.533799648284912
157060,15607,1.2418227195739746
157070,15608,2.5697827339172363
157080,15609,0.9857903122901917
157090,15610,1.4410147666931152
157100,15611,0.8676265478134155
157110,15612,1.768117904663086
157120,15613,1.0135438442230225
157130,15614,0.6462079882621765
157140,15615,1.8178074359893799
157150,15616,2.6821959018707275
157160,15617,2.5215678215026855
157170,15618,1.6188021898269653
157180,15619,1.5301657915115356
157190,15620,2.1536312103271484
157200,15621,1.4326962232589722
157210,15622,0.8502385020256042
157220,15623,3.4087297916412354
157230,15624,0.8978525996208191
157240,15625,1.339415192604065
157250,15626,0.7549157738685608
157260,15627,1.0155119895935059
157270,15628,0.7669051885604858
157280,15629,1.386949896812439
157290,15630,2.5638368129730225
157300,15631,1.7395210266113281
157310,15632,1.1075541973114014
157320,15633,1.7604378461837769
157330,15634,1.0191521644592285
157340,15635,1.9514613151550293
157350,15636,1.3007241487503052
157360,15637,2.081225872039795
157370,15638,1.2811238765716553
157380,15639,0.7727909088134766
157390,15640,0.9740618467330933
157400,15641,1.447222113609314
157410,15642,1.7849847078323364
157420,15643,1.8332706689834595
157430,15644,1.86247980594635
157440,15645,6.128124713897705
157450,15646,2.533884048461914
157460,15647,1.6352819204330444
157470,15648,2.3513426780700684
157480,15649,2.6771841049194336
157490,15650,0.6828854084014893
157500,15651,1.263019323348999
157510,15652,0.7562788724899292
157520,15653,2.3856608867645264
157530,15654,1.5268166065216064
157540,15655,1.7004802227020264
157550,15656,1.4707658290863037
157560,15657,1.3570475578308105
157570,15658,3.115339994430542
157580,15659,0.8892253637313843
157590,15660,1.8019185066223145
157600,15661,2.468834161758423
157610,15662,0.7076799273490906
157620,15663,1.6290690898895264
157630,15664,1.2159969806671143
157640,15665,2.410360097885132
157650,15666,0.6411054134368896
157660,15667,0.7219985127449036
157670,15668,0.8529824018478394
157680,15669,1.396848201751709
157690,15670,1.624056339263916
157700,15671,1.4036260843276978
157710,15672,0.8562696576118469
157720,15673,1.6252597570419312
157730,15674,1.3717293739318848
157740,15675,0.7449065446853638
157750,15676,2.0629608631134033
157760,15677,4.434028625488281
157770,15678,1.5125151872634888
157780,15679,1.2405723333358765
157790,15680,1.8548755645751953
157800,15681,2.906177520751953
157810,15682,1.5340044498443604
157820,15683,1.6786991357803345
157830,15684,1.0817832946777344
157840,15685,3.0725746154785156
157850,15686,2.7107126712799072
157860,15687,0.9971333742141724
157870,15688,1.5507032871246338
157880,15689,1.1844582557678223
157890,15690,1.060337781906128
157900,15691,0.6713250279426575
157910,15692,1.7612764835357666
157920,15693,2.457638740539551
157930,15694,0.7492554783821106
157940,15695,2.412170648574829
157950,15696,1.1268314123153687
157960,15697,3.3096559047698975
157970,15698,0.9660109281539917
157980,15699,1.7083905935287476
157990,15700,0.8948161602020264
158000,15701,1.9600002765655518
158010,15702,1.31557297706604
158020,15703,1.3533201217651367
158030,15704,3.030581474304199
158040,15705,1.4443212747573853
158050,15706,2.3130686283111572
158060,15707,2.1343390941619873
158070,15708,1.791206955909729
158080,15709,1.1312024593353271
158090,15710,1.1591260433197021
158100,15711,3.087123155593872
158110,15712,1.2381664514541626
158120,15713,0.92802494764328
158130,15714,1.2608281373977661
158140,15715,1.2312369346618652
158150,15716,1.318461537361145
158160,15717,2.405611276626587
158170,15718,1.1718640327453613
158180,15719,0.8215172290802002
158190,15720,1.5588122606277466
158200,15721,1.0225077867507935
158210,15722,1.5500742197036743
158220,15723,1.4748246669769287
158230,15724,0.8874391913414001
158240,15725,1.351682424545288
158250,15726,1.626723051071167
158260,15727,1.3530826568603516
158270,15728,0.9400346279144287
158280,15729,1.383300542831421
158290,15730,0.7758197784423828
158300,15731,2.7903032302856445
158310,15732,1.3426597118377686
158320,15733,1.1787742376327515
158330,15734,1.2024389505386353
158340,15735,1.2034357786178589
158350,15736,1.9036517143249512
158360,15737,1.3392924070358276
158370,15738,1.070777177810669
158380,15739,3.5982894897460938
158390,15740,1.3956325054168701
158400,15741,1.9352731704711914
158410,15742,0.8552817106246948
158420,15743,0.5704419612884521
158430,15744,0.8552987575531006
158440,15745,3.1658546924591064
158450,15746,0.7351333498954773
158460,15747,3.249345302581787
158470,15748,0.6271560788154602
158480,15749,1.0246825218200684
158490,15750,1.0430132150650024
158500,15751,0.9408532977104187
158510,15752,0.657529890537262
158520,15753,1.9281761646270752
158530,15754,1.5932973623275757
158540,15755,3.504957437515259
158550,15756,1.1847411394119263
158560,15757,0.7092192769050598
158570,15758,1.9718785285949707
158580,15759,1.2794631719589233
158590,15760,1.5619618892669678
158600,15761,1.258015513420105
158610,15762,3.265719413757324
158620,15763,1.658156394958496
158630,15764,1.5378037691116333
158640,15765,2.0622849464416504
158650,15766,1.8604257106781006
158660,15767,1.7950448989868164
158670,15768,1.0691016912460327
158680,15769,1.1731904745101929
158690,15770,2.094736337661743
158700,15771,0.6205467581748962
158710,15772,1.250935435295105
158720,15773,1.5436954498291016
158730,15774,2.229304313659668
158740,15775,1.855452060699463
158750,15776,0.7461865544319153
158760,15777,1.4539189338684082
158770,15778,0.9776858687400818
158780,15779,1.6456987857818604
158790,15780,0.8342454433441162
158800,15781,0.6882145404815674
158810,15782,3.071169853210449
158820,15783,1.4347233772277832
158830,15784,1.0294404029846191
158840,15785,2.3022971153259277
158850,15786,1.5641380548477173
158860,15787,1.756483793258667
158870,15788,3.615354537963867
158880,15789,1.6209423542022705
158890,15790,1.4509028196334839
158900,15791,2.6727094650268555
158910,15792,1.4584916830062866
158920,15793,1.381636142730713
158930,15794,1.0944204330444336
158940,15795,2.2556874752044678
158950,15796,2.561398983001709
158960,15797,2.468749523162842
158970,15798,4.448136806488037
158980,15799,4.8517961502075195
158990,15800,2.9749341011047363
159000,15801,2.053136110305786
159010,15802,1.6777820587158203
159020,15803,1.0051002502441406
159030,15804,2.0751051902770996
159040,15805,1.921730875968933
159050,15806,2.299278736114502
159060,15807,1.5158615112304688
159070,15808,1.1517192125320435
159080,15809,0.7017038464546204
159090,15810,1.9103960990905762
159100,15811,1.7987043857574463
159110,15812,1.6006836891174316
159120,15813,7.45986795425415
159130,15814,1.5270172357559204
159140,15815,2.8919355869293213
159150,15816,0.9450496435165405
159160,15817,2.6356453895568848
159170,15818,1.611204743385315
159180,15819,1.5123555660247803
159190,15820,1.3862295150756836
159200,15821,2.0238077640533447
159210,15822,0.8652652502059937
159220,15823,1.1779836416244507
159230,15824,1.5008386373519897
159240,15825,5.958118915557861
159250,15826,0.937904953956604
159260,15827,2.2417542934417725
159270,15828,0.9740297794342041
159280,15829,2.4478495121002197
159290,15830,0.9403990507125854
159300,15831,1.0031489133834839
159310,15832,1.1157890558242798
159320,15833,2.368948221206665
159330,15834,2.5336668491363525
159340,15835,2.409207820892334
159350,15836,1.4844460487365723
159360,15837,1.9149985313415527
159370,15838,0.9852635860443115
159380,15839,4.376742839813232
159390,15840,1.999341368675232
159400,15841,5.22759485244751
159410,15842,0.40596285462379456
159420,15843,5.230813980102539
159430,15844,2.4365956783294678
159440,15845,1.8043673038482666
159450,15846,1.9365466833114624
159460,15847,0.867564857006073
159470,15848,2.0477206707000732
159480,15849,0.9106244444847107
159490,15850,1.272324562072754
159500,15851,1.8010542392730713
159510,15852,1.5076240301132202
159520,15853,0.9698052406311035
159530,15854,1.05165696144104
159540,15855,0.9177095890045166
159550,15856,1.2684296369552612
159560,15857,1.6868584156036377
159570,15858,2.077624797821045
159580,15859,1.0806998014450073
159590,15860,2.9839372634887695
159600,15861,2.223811149597168
159610,15862,1.0698174238204956
159620,15863,2.350645065307617
159630,15864,1.615390658378601
159640,15865,0.9515681862831116
159650,15866,2.7921462059020996
159660,15867,1.4676079750061035
159670,15868,2.361311912536621
159680,15869,1.4272606372833252
159690,15870,1.5117528438568115
159700,15871,1.9502159357070923
159710,15872,2.344116687774658
159720,15873,2.0896575450897217
159730,15874,1.1605420112609863
159740,15875,2.9155991077423096
159750,15876,0.6639751195907593
159760,15877,1.2030318975448608
159770,15878,1.1167854070663452
159780,15879,1.015967845916748
159790,15880,1.0282869338989258
159800,15881,0.7619442939758301
159810,15882,1.1459410190582275
159820,15883,1.2094415426254272
159830,15884,3.012326240539551
159840,15885,1.3477715253829956
159850,15886,1.808306097984314
159860,15887,1.3868906497955322
159870,15888,0.8395078778266907
159880,15889,1.3598167896270752
159890,15890,1.053497076034546
159900,15891,1.495510220527649
159910,15892,1.3249106407165527
159920,15893,1.7795017957687378
159930,15894,1.6104538440704346
159940,15895,1.7295109033584595
159950,15896,0.5868109464645386
159960,15897,1.09248948097229
159970,15898,1.166520357131958
159980,15899,1.109529972076416
159990,15900,1.505632758140564
160000,15901,2.5115926265716553
160010,15902,1.4905624389648438
160020,15903,1.3384454250335693
160030,15904,1.574946641921997
160040,15905,1.2728302478790283
160050,15906,1.008307933807373
160060,15907,1.0152944326400757
160070,15908,1.7814596891403198
160080,15909,2.0855274200439453
160090,15910,1.272601842880249
160100,15911,1.13893461227417
160110,15912,1.8169291019439697
160120,15913,1.7897387742996216
160130,15914,2.0070230960845947
160140,15915,0.9537566304206848
160150,15916,1.7907947301864624
160160,15917,1.161399245262146
160170,15918,0.9773399829864502
160180,15919,2.974783182144165
160190,15920,0.6268384456634521
160200,15921,1.543867826461792
160210,15922,1.2137912511825562
160220,15923,0.6915538907051086
160230,15924,0.822857141494751
160240,15925,2.474015712738037
160250,15926,1.044643521308899
160260,15927,1.234165906906128
160270,15928,0.7955530285835266
160280,15929,0.7884767055511475
160290,15930,0.9126535654067993
160300,15931,0.9387729167938232
160310,15932,0.6207879185676575
160320,15933,0.8625156283378601
160330,15934,0.9957438111305237
160340,15935,1.0442899465560913
160350,15936,1.3227497339248657
160360,15937,4.089848518371582
160370,15938,1.1032030582427979
160380,15939,0.8901830315589905
160390,15940,1.3393715620040894
160400,15941,1.0003595352172852
160410,15942,3.9630649089813232
160420,15943,0.8263671398162842
160430,15944,2.3719570636749268
160440,15945,2.0930702686309814
160450,15946,1.2117304801940918
160460,15947,0.8397572636604309
160470,15948,1.1696957349777222
160480,15949,1.9463927745819092
160490,15950,1.0919880867004395
160500,15951,2.0681653022766113
160510,15952,1.1130915880203247
160520,15953,3.585752010345459
160530,15954,1.2294071912765503
160540,15955,1.369754672050476
160550,15956,2.934173107147217
160560,15957,1.5909857749938965
160570,15958,1.8845343589782715
160580,15959,0.906507134437561
160590,15960,1.34585440158844
160600,15961,1.7146143913269043
160610,15962,3.524078845977783
160620,15963,3.5029027462005615
160630,15964,1.69148588180542
160640,15965,1.2591521739959717
160650,15966,0.5618879795074463
160660,15967,1.8193429708480835
160670,15968,1.5774328708648682
160680,15969,2.0771920680999756
160690,15970,1.629186749458313
160700,15971,1.2547181844711304
160710,15972,0.8769407272338867
160720,15973,0.7151126265525818
160730,15974,0.936711847782135
160740,15975,1.7073674201965332
160750,15976,1.2520742416381836
160760,15977,2.1303393840789795
160770,15978,0.5612981915473938
160780,15979,2.1754860877990723
160790,15980,1.6734164953231812
160800,15981,1.431266188621521
160810,15982,0.4942438006401062
160820,15983,1.4638811349868774
160830,15984,2.034976005554199
160840,15985,1.1917541027069092
160850,15986,0.7864516377449036
160860,15987,2.0751333236694336
160870,15988,0.8537736535072327
160880,15989,2.202435255050659
160890,15990,0.9219937920570374
160900,15991,1.4045521020889282
160910,15992,2.1857075691223145
160920,15993,0.8249149918556213
160930,15994,1.0233265161514282
160940,15995,0.8327752947807312
160950,15996,0.3938525915145874
160960,15997,1.2219730615615845
160970,15998,1.2955207824707031
160980,15999,4.667740345001221
160990,16000,1.0126335620880127
161000,16001,2.201361894607544
161010,16002,2.262202739715576
161020,16003,2.272027015686035
161030,16004,2.0348167419433594
161040,16005,2.025388479232788
161050,16006,1.5188590288162231
161060,16007,1.269680142402649
161070,16008,1.4482717514038086
161080,16009,0.9879149794578552
161090,16010,1.2091163396835327
161100,16011,2.0188803672790527
161110,16012,1.5735396146774292
161120,16013,1.340098261833191
161130,16014,2.789196014404297
161140,16015,1.3643708229064941
161150,16016,0.8028557300567627
161160,16017,3.287079334259033
161170,16018,2.235757350921631
161180,16019,1.976968765258789
161190,16020,1.4190140962600708
161200,16021,1.1242753267288208
161210,16022,5.031100749969482
161220,16023,1.9084932804107666
161230,16024,1.274406909942627
161240,16025,1.177413821220398
161250,16026,1.6671282052993774
161260,16027,1.773006796836853
161270,16028,2.923128128051758
161280,16029,1.5304445028305054
161290,16030,0.9551711082458496
161300,16031,0.7485007047653198
161310,16032,2.0239334106445312
161320,16033,2.618443012237549
161330,16034,1.5637065172195435
161340,16035,1.3718490600585938
161350,16036,2.7626793384552
161360,16037,1.014716625213623
161370,16038,4.96347188949585
161380,16039,1.0682480335235596
161390,16040,1.5498530864715576
161400,16041,1.2951552867889404
161410,16042,1.0606967210769653
161420,16043,0.7856467962265015
161430,16044,0.6177292466163635
161440,16045,0.8661384582519531
161450,16046,0.7577479481697083
161460,16047,2.0484228134155273
161470,16048,1.095163345336914
161480,16049,2.4115498065948486
161490,16050,0.8599579334259033
161500,16051,0.9452743530273438
161510,16052,0.8501619100570679
161520,16053,0.8162797689437866
161530,16054,0.9625163674354553
161540,16055,1.2098127603530884
161550,16056,1.4208210706710815
161560,16057,0.5538434982299805
161570,16058,1.360640048980713
161580,16059,0.9334747791290283
161590,16060,0.7930196523666382
161600,16061,1.6414498090744019
161610,16062,1.0387908220291138
161620,16063,1.1660171747207642
161630,16064,1.472139835357666
161640,16065,1.644266963005066
161650,16066,0.9287347793579102
161660,16067,0.619646430015564
161670,16068,2.606313705444336
161680,16069,6.429739475250244
161690,16070,0.9336792826652527
161700,16071,0.6158796548843384
161710,16072,1.7330946922302246
161720,16073,1.790605068206787
161730,16074,0.8554583191871643
161740,16075,0.930091142654419
161750,16076,1.9355040788650513
161760,16077,1.801156997680664
161770,16078,1.1333410739898682
161780,16079,1.7617061138153076
161790,16080,0.9776116609573364
161800,16081,0.9596705436706543
161810,16082,1.1534090042114258
161820,16083,2.4530251026153564
161830,16084,1.8634696006774902
161840,16085,0.5591726303100586
161850,16086,2.200876474380493
161860,16087,2.110058307647705
161870,16088,3.048212766647339
161880,16089,2.7323434352874756
161890,16090,0.6582374572753906
161900,16091,0.9332078099250793
161910,16092,2.122366189956665
161920,16093,0.9608865976333618
161930,16094,5.651835918426514
161940,16095,4.275723457336426
161950,16096,1.960445523262024
161960,16097,1.9295140504837036
161970,16098,1.3301490545272827
161980,16099,0.8033445477485657
161990,16100,1.355534315109253
162000,16101,0.9522208571434021
162010,16102,2.2934889793395996
162020,16103,1.7803927659988403
162030,16104,1.8242026567459106
162040,16105,1.5133072137832642
162050,16106,1.3857712745666504
162060,16107,1.706562876701355
162070,16108,1.514665126800537
162080,16109,2.4523468017578125
162090,16110,1.9807534217834473
162100,16111,2.3531641960144043
162110,16112,1.150593876838684
162120,16113,1.8274521827697754
162130,16114,2.397620677947998
162140,16115,2.09399676322937
162150,16116,1.2255831956863403
162160,16117,1.2282793521881104
162170,16118,0.8907231092453003
162180,16119,1.570733666419983
162190,16120,1.3976202011108398
162200,16121,2.0882954597473145
162210,16122,1.5464036464691162
162220,16123,1.5373592376708984
162230,16124,1.5357666015625
162240,16125,1.4534622430801392
162250,16126,2.095296621322632
162260,16127,1.3210219144821167
162270,16128,3.8694822788238525
162280,16129,0.766793429851532
162290,16130,1.4863308668136597
162300,16131,2.462106704711914
162310,16132,0.6053227186203003
162320,16133,0.7651177048683167
162330,16134,1.7733995914459229
162340,16135,0.7475893497467041
162350,16136,0.7097779512405396
162360,16137,1.8898929357528687
162370,16138,1.329442024230957
162380,16139,0.8775779604911804
162390,16140,1.3256161212921143
162400,16141,1.0220146179199219
162410,16142,1.882675051689148
162420,16143,1.4501932859420776
162430,16144,1.1118762493133545
162440,16145,0.9805896878242493
162450,16146,1.9890508651733398
162460,16147,1.5544170141220093
162470,16148,0.8103296756744385
162480,16149,0.5620010495185852
162490,16150,1.3293620347976685
162500,16151,1.3531934022903442
162510,16152,1.5817041397094727
162520,16153,2.127192735671997
162530,16154,1.4413049221038818
162540,16155,0.7518224716186523
162550,16156,1.1069583892822266
162560,16157,3.1958460807800293
162570,16158,0.48661553859710693
162580,16159,1.1905943155288696
162590,16160,2.0325183868408203
162600,16161,2.2480809688568115
162610,16162,0.988502562046051
162620,16163,0.8299004435539246
162630,16164,1.9426740407943726
162640,16165,2.1334645748138428
162650,16166,3.677020788192749
162660,16167,1.841662049293518
162670,16168,1.3950573205947876
162680,16169,2.935486316680908
162690,16170,2.142176866531372
162700,16171,1.4551175832748413
162710,16172,0.9382787942886353
162720,16173,2.831606864929199
162730,16174,1.3412196636199951
162740,16175,0.9402111768722534
162750,16176,1.2799761295318604
162760,16177,1.3461345434188843
162770,16178,1.4599440097808838
162780,16179,1.512223720550537
162790,16180,1.953092098236084
162800,16181,2.3105013370513916
162810,16182,0.8537509441375732
162820,16183,1.3384839296340942
162830,16184,1.1832854747772217
162840,16185,1.3438760042190552
162850,16186,1.1930201053619385
162860,16187,2.370265245437622
162870,16188,0.9628103375434875
162880,16189,1.3029510974884033
162890,16190,4.258664131164551
162900,16191,4.0753607749938965
162910,16192,7.307001113891602
162920,16193,0.8936192989349365
162930,16194,4.898215293884277
162940,16195,1.2691584825515747
162950,16196,0.9319719076156616
162960,16197,1.2713654041290283
162970,16198,1.0068151950836182
162980,16199,1.0536283254623413
162990,16200,1.2301970720291138
163000,16201,1.7703187465667725
163010,16202,1.4617364406585693
163020,16203,1.6481623649597168
163030,16204,1.2151380777359009
163040,16205,1.4213838577270508
163050,16206,1.01761794090271
163060,16207,1.618790864944458
163070,16208,2.1146903038024902
163080,16209,1.8956403732299805
163090,16210,0.6781244277954102
163100,16211,5.551040172576904
163110,16212,1.2462804317474365
163120,16213,1.8722366094589233
163130,16214,1.995592474937439
163140,16215,2.4287822246551514
163150,16216,1.2878937721252441
163160,16217,1.4408973455429077
163170,16218,1.5132801532745361
163180,16219,0.8509184718132019
163190,16220,1.5905770063400269
163200,16221,1.2424283027648926
163210,16222,4.151185512542725
163220,16223,1.0509687662124634
163230,16224,1.279007911682129
163240,16225,1.0987355709075928
163250,16226,2.0305445194244385
163260,16227,3.1408987045288086
163270,16228,1.8729572296142578
163280,16229,1.0087586641311646
163290,16230,2.2256150245666504
163300,16231,0.9721473455429077
163310,16232,1.7004698514938354
163320,16233,1.7632849216461182
163330,16234,1.6180557012557983
163340,16235,1.7918647527694702
163350,16236,1.8687940835952759
163360,16237,0.9298305511474609
163370,16238,1.5341269969940186
163380,16239,1.9010813236236572
163390,16240,2.0129714012145996
163400,16241,2.1195485591888428
163410,16242,2.3888940811157227
163420,16243,2.1963443756103516
163430,16244,3.2135350704193115
163440,16245,2.0477733612060547
163450,16246,4.059208393096924
163460,16247,2.5534560680389404
163470,16248,0.6143156886100769
163480,16249,1.6037617921829224
163490,16250,2.7700605392456055
163500,16251,1.8928848505020142
163510,16252,1.661959171295166
163520,16253,4.222286224365234
163530,16254,1.8174352645874023
163540,16255,1.5528078079223633
163550,16256,1.297595739364624
163560,16257,1.967901587486267
163570,16258,1.5777798891067505
163580,16259,5.198298454284668
163590,16260,1.135499358177185
163600,16261,1.0362732410430908
163610,16262,1.9822341203689575
163620,16263,1.8250343799591064
163630,16264,5.459648132324219
163640,16265,4.971883773803711
163650,16266,0.8140332698822021
163660,16267,2.0085158348083496
163670,16268,1.7001020908355713
163680,16269,1.6662718057632446
163690,16270,1.1254708766937256
163700,16271,1.072659969329834
163710,16272,1.2328124046325684
163720,16273,1.2984353303909302
163730,16274,3.5759105682373047
163740,16275,1.3217194080352783
163750,16276,3.299192428588867
163760,16277,4.453001976013184
163770,16278,1.1210089921951294
163780,16279,1.3907122611999512
163790,16280,2.042595148086548
163800,16281,3.17636775970459
163810,16282,0.8741728067398071
163820,16283,1.983273983001709
163830,16284,1.0552423000335693
163840,16285,1.0782681703567505
163850,16286,2.005201816558838
163860,16287,1.5505644083023071
163870,16288,2.5101511478424072
163880,16289,1.9683650732040405
163890,16290,1.472601294517517
163900,16291,1.2130013704299927
163910,16292,1.3606129884719849
163920,16293,1.715335488319397
163930,16294,2.0478341579437256
163940,16295,2.695539951324463
163950,16296,1.7269229888916016
163960,16297,0.804664134979248
163970,16298,1.3647778034210205
163980,16299,0.9332305788993835
163990,16300,2.121901273727417
164000,16301,1.350400447845459
164010,16302,3.839127540588379
164020,16303,2.2606277465820312
164030,16304,1.2389569282531738
164040,16305,1.0912368297576904
164050,16306,1.586334466934204
164060,16307,5.029736518859863
164070,16308,2.0120935440063477
164080,16309,0.9716156125068665
164090,16310,2.6220734119415283
164100,16311,2.6364755630493164
164110,16312,1.1541378498077393
164120,16313,0.9639572501182556
164130,16314,3.116518259048462
164140,16315,0.7021309733390808
164150,16316,1.4284884929656982
164160,16317,0.9852821230888367
164170,16318,1.5312275886535645
164180,16319,1.5974302291870117
164190,16320,2.954834222793579
164200,16321,2.2169010639190674
164210,16322,2.661991596221924
164220,16323,5.566792011260986
164230,16324,1.094671368598938
164240,16325,5.154728412628174
164250,16326,2.4561166763305664
164260,16327,1.660111665725708
164270,16328,1.2918951511383057
164280,16329,1.3757197856903076
164290,16330,2.6177470684051514
164300,16331,0.9690369367599487
164310,16332,4.361629486083984
164320,16333,1.7699158191680908
164330,16334,3.432779550552368
164340,16335,1.4698235988616943
164350,16336,2.4499175548553467
164360,16337,2.4274704456329346
164370,16338,1.8525115251541138
164380,16339,1.6650396585464478
164390,16340,1.443648338317871
164400,16341,1.262437343597412
164410,16342,1.8034321069717407
164420,16343,1.2439895868301392
164430,16344,2.1976020336151123
164440,16345,2.1751115322113037
164450,16346,1.5862171649932861
164460,16347,0.654710590839386
164470,16348,1.948152780532837
164480,16349,1.021690011024475
164490,16350,1.6369247436523438
164500,16351,1.881626009941101
164510,16352,1.1926052570343018
164520,16353,3.832282781600952
164530,16354,2.9696640968322754
164540,16355,1.7485897541046143
164550,16356,1.7705994844436646
164560,16357,1.315693974494934
164570,16358,1.4800922870635986
164580,16359,1.5009678602218628
164590,16360,2.4517931938171387
164600,16361,1.3675804138183594
164610,16362,1.7695503234863281
164620,16363,1.2903509140014648
164630,16364,5.369771480560303
164640,16365,1.323357343673706
164650,16366,1.4888969659805298
164660,16367,1.8123406171798706
164670,16368,1.5467501878738403
164680,16369,1.1498841047286987
164690,16370,1.9061064720153809
164700,16371,1.1098865270614624
164710,16372,1.5695064067840576
164720,16373,1.3102129697799683
164730,16374,1.3911457061767578
164740,16375,3.1272048950195312
164750,16376,1.5571790933609009
164760,16377,2.1217310428619385
164770,16378,1.6190876960754395
164780,16379,0.6936250925064087
164790,16380,1.7246605157852173
164800,16381,1.1031380891799927
164810,16382,1.1090314388275146
164820,16383,1.2338844537734985
164830,16384,2.8566677570343018
164840,16385,2.0080373287200928
164850,16386,2.382685422897339
164860,16387,1.1343432664871216
164870,16388,2.961311101913452
164880,16389,1.1011419296264648
164890,16390,7.395463466644287
164900,16391,0.9622462391853333
164910,16392,0.7589351534843445
164920,16393,2.0906198024749756
164930,16394,0.9968910217285156
164940,16395,1.6343494653701782
164950,16396,1.569904088973999
164960,16397,1.6596640348434448
164970,16398,2.112515687942505
164980,16399,1.4603970050811768
164990,16400,2.1906754970550537
165000,16401,2.521353244781494
165010,16402,2.2277352809906006
165020,16403,0.9146632552146912
165030,16404,1.3608002662658691
165040,16405,1.8779536485671997
165050,16406,1.4968738555908203
165060,16407,2.157963514328003
165070,16408,1.5272139310836792
165080,16409,1.7549607753753662
165090,16410,1.0524266958236694
165100,16411,2.313535213470459
165110,16412,3.016568183898926
165120,16413,1.7789506912231445
165130,16414,1.7394345998764038
165140,16415,0.8367232084274292
165150,16416,1.5815961360931396
165160,16417,1.9104740619659424
165170,16418,6.913282871246338
165180,16419,2.0906782150268555
165190,16420,2.240572690963745
165200,16421,1.3292560577392578
165210,16422,2.3199164867401123
165220,16423,0.8167235851287842
165230,16424,1.5920610427856445
165240,16425,2.2147016525268555
165250,16426,0.7830214500427246
165260,16427,1.2158644199371338
165270,16428,1.361903190612793
165280,16429,1.3467401266098022
165290,16430,1.2130630016326904
165300,16431,2.3889856338500977
165310,16432,0.9711447358131409
165320,16433,4.500541687011719
165330,16434,4.290774822235107
165340,16435,0.9814097881317139
165350,16436,1.8806806802749634
165360,16437,1.3790686130523682
165370,16438,3.5948381423950195
165380,16439,0.7494781613349915
165390,16440,2.9665403366088867
165400,16441,0.9076172113418579
165410,16442,3.1120595932006836
165420,16443,2.1283862590789795
165430,16444,2.3527708053588867
165440,16445,0.7224903702735901
165450,16446,1.4541727304458618
165460,16447,2.500399351119995
165470,16448,2.3182315826416016
165480,16449,2.784144878387451
165490,16450,1.0669324398040771
165500,16451,2.7237870693206787
165510,16452,4.127383708953857
165520,16453,1.0166194438934326
165530,16454,2.2136991024017334
165540,16455,2.2908413410186768
165550,16456,1.7791039943695068
165560,16457,1.257997751235962
165570,16458,6.559170722961426
165580,16459,2.5260369777679443
165590,16460,1.1169872283935547
165600,16461,1.5384806394577026
165610,16462,1.4017788171768188
165620,16463,1.7306444644927979
165630,16464,4.451737403869629
165640,16465,2.1996114253997803
165650,16466,2.9245786666870117
165660,16467,0.8313762545585632
165670,16468,1.9516749382019043
165680,16469,0.8684719800949097
165690,16470,1.2497034072875977
165700,16471,2.9468507766723633
165710,16472,0.827539324760437
165720,16473,3.1709625720977783
165730,16474,1.210788369178772
165740,16475,1.0348011255264282
165750,16476,1.6088629961013794
165760,16477,0.8389837741851807
165770,16478,1.773320198059082
165780,16479,1.0612983703613281
165790,16480,1.3392832279205322
165800,16481,1.780705213546753
165810,16482,1.0900189876556396
165820,16483,1.0583428144454956
165830,16484,4.938005447387695
165840,16485,1.9320931434631348
165850,16486,1.927451252937317
165860,16487,1.640865683555603
165870,16488,1.6996487379074097
165880,16489,1.0279114246368408
165890,16490,4.657418727874756
165900,16491,1.1246867179870605
165910,16492,2.285858154296875
165920,16493,0.5694020390510559
165930,16494,1.4358563423156738
165940,16495,1.0874171257019043
165950,16496,1.2762644290924072
165960,16497,1.1487520933151245
165970,16498,2.5913121700286865
165980,16499,1.280638337135315
165990,16500,0.6423596143722534
166000,16501,2.137521505355835
166010,16502,3.0583298206329346
166020,16503,1.5582261085510254
166030,16504,1.6286224126815796
166040,16505,2.7789571285247803
166050,16506,0.8057014346122742
166060,16507,2.714552402496338
166070,16508,1.7946977615356445
166080,16509,1.1680116653442383
166090,16510,1.6061007976531982
166100,16511,2.683427572250366
166110,16512,3.779508590698242
166120,16513,1.8119423389434814
166130,16514,1.3346335887908936
166140,16515,2.138371229171753
166150,16516,0.840994119644165
166160,16517,1.7289916276931763
166170,16518,0.9406818151473999
166180,16519,1.3138221502304077
166190,16520,2.4307594299316406
166200,16521,2.7979376316070557
166210,16522,1.459446907043457
166220,16523,2.0120420455932617
166230,16524,1.7523744106292725
166240,16525,0.583365797996521
166250,16526,1.3204344511032104
166260,16527,0.8946320414543152
166270,16528,1.3489948511123657
166280,16529,1.434034824371338
166290,16530,1.0691862106323242
166300,16531,0.8923282027244568
166310,16532,0.8817749619483948
166320,16533,1.6381453275680542
166330,16534,2.2142069339752197
166340,16535,1.03545081615448
166350,16536,1.2119252681732178
166360,16537,1.611522912979126
166370,16538,3.9944400787353516
166380,16539,0.6479693651199341
166390,16540,1.1448487043380737
166400,16541,1.1921441555023193
166410,16542,1.4574874639511108
166420,16543,3.16154146194458
166430,16544,1.6877280473709106
166440,16545,1.658969521522522
166450,16546,1.4181402921676636
166460,16547,2.9865024089813232
166470,16548,1.67044997215271
166480,16549,1.3986421823501587
166490,16550,4.344232559204102
166500,16551,1.5021790266036987
166510,16552,1.7403393983840942
166520,16553,4.416937351226807
166530,16554,1.1434683799743652
166540,16555,2.6040945053100586
166550,16556,1.4496701955795288
166560,16557,1.2615665197372437
166570,16558,2.3849642276763916
166580,16559,1.3489758968353271
166590,16560,1.3188835382461548
166600,16561,0.8891850113868713
166610,16562,1.9201810359954834
166620,16563,1.363623023033142
166630,16564,1.2824047803878784
166640,16565,2.210599660873413
166650,16566,1.694623351097107
166660,16567,1.353905200958252
166670,16568,1.9163416624069214
166680,16569,0.6514078974723816
166690,16570,1.4578087329864502
166700,16571,1.480297565460205
166710,16572,1.4322659969329834
166720,16573,2.1580283641815186
166730,16574,1.3232777118682861
166740,16575,0.8379672765731812
166750,16576,1.5120112895965576
166760,16577,2.4849748611450195
166770,16578,1.3370963335037231
166780,16579,2.3367068767547607
166790,16580,1.699776291847229
166800,16581,0.911382794380188
166810,16582,1.868870735168457
166820,16583,1.3997774124145508
166830,16584,1.6010187864303589
166840,16585,1.0085731744766235
166850,16586,1.13885498046875
166860,16587,0.9013898968696594
166870,16588,2.4966988563537598
166880,16589,1.2793118953704834
166890,16590,2.43788480758667
166900,16591,1.7433780431747437
166910,16592,1.693090796470642
166920,16593,1.7935508489608765
166930,16594,1.7903531789779663
166940,16595,2.290184497833252
166950,16596,1.174005150794983
166960,16597,1.0803601741790771
166970,16598,1.7721598148345947
166980,16599,1.888489007949829
166990,16600,1.0863308906555176
167000,16601,1.6777145862579346
167010,16602,1.6573940515518188
167020,16603,0.8771884441375732
167030,16604,1.7515441179275513
167040,16605,1.3914365768432617
167050,16606,1.8011407852172852
167060,16607,3.4435582160949707
167070,16608,1.0382053852081299
167080,16609,4.350127220153809
167090,16610,1.8589303493499756
167100,16611,1.9856051206588745
167110,16612,1.4447520971298218
167120,16613,1.910083532333374
167130,16614,1.9987293481826782
167140,16615,2.5021562576293945
167150,16616,0.9637941718101501
167160,16617,1.4898680448532104
167170,16618,1.7719225883483887
167180,16619,1.5244807004928589
167190,16620,2.3972253799438477
167200,16621,1.1713505983352661
167210,16622,0.850570023059845
167220,16623,0.8674066066741943
167230,16624,1.2945442199707031
167240,16625,1.26216721534729
167250,16626,2.239549160003662
167260,16627,2.515852928161621
167270,16628,2.825199604034424
167280,16629,1.239495038986206
167290,16630,1.9418103694915771
167300,16631,0.7565184235572815
167310,16632,0.9655216336250305
167320,16633,2.662076950073242
167330,16634,0.8441821336746216
167340,16635,1.2312231063842773
167350,16636,0.6993411779403687
167360,16637,2.8975532054901123
167370,16638,1.1067619323730469
167380,16639,2.4994149208068848
167390,16640,1.251905083656311
167400,16641,1.4629603624343872
167410,16642,2.023606777191162
167420,16643,2.6163620948791504
167430,16644,0.6762019991874695
167440,16645,1.3394577503204346
167450,16646,1.6521543264389038
167460,16647,0.6550372838973999
167470,16648,4.166834354400635
167480,16649,1.1235982179641724
167490,16650,0.9901396632194519
167500,16651,1.0804170370101929
167510,16652,1.2072721719741821
167520,16653,1.014953851699829
167530,16654,2.0275230407714844
167540,16655,2.465428590774536
167550,16656,2.073147773742676
167560,16657,1.011390209197998
167570,16658,0.5772367715835571
167580,16659,0.8528776168823242
167590,16660,2.1782984733581543
167600,16661,1.1922487020492554
167610,16662,0.8397841453552246
167620,16663,1.2777773141860962
167630,16664,0.8826804757118225
167640,16665,0.4193889796733856
167650,16666,2.487492084503174
167660,16667,0.69340580701828
167670,16668,1.5875245332717896
167680,16669,1.7557247877120972
167690,16670,1.7201727628707886
167700,16671,0.8123733401298523
167710,16672,1.3188116550445557
167720,16673,0.8587024211883545
167730,16674,2.1084837913513184
167740,16675,0.940358579158783
167750,16676,0.6788270473480225
167760,16677,0.813077986240387
167770,16678,2.2961673736572266
167780,16679,1.7871736288070679
167790,16680,0.5624479651451111
167800,16681,1.0225998163223267
167810,16682,1.7130919694900513
167820,16683,2.858268976211548
167830,16684,1.350092887878418
167840,16685,1.8483412265777588
167850,16686,0.8082491755485535
167860,16687,2.936699151992798
167870,16688,1.0568240880966187
167880,16689,1.120587706565857
167890,16690,3.371137857437134
167900,16691,2.39662504196167
167910,16692,2.1218602657318115
167920,16693,0.8580591678619385
167930,16694,3.73862886428833
167940,16695,1.8339844942092896
167950,16696,2.2041289806365967
167960,16697,1.2208571434020996
167970,16698,3.9971094131469727
167980,16699,1.375633716583252
167990,16700,0.7377586364746094
168000,16701,1.891541600227356
168010,16702,1.786517858505249
168020,16703,1.8838026523590088
168030,16704,2.408836603164673
168040,16705,1.7287547588348389
168050,16706,3.4679996967315674
168060,16707,1.0572941303253174
168070,16708,1.1753009557724
168080,16709,1.528615117073059
168090,16710,1.0412214994430542
168100,16711,2.2833404541015625
168110,16712,1.3738304376602173
168120,16713,1.4396759271621704
168130,16714,1.838234305381775
168140,16715,1.4638851881027222
168150,16716,3.0745697021484375
168160,16717,1.9777876138687134
168170,16718,1.6402775049209595
168180,16719,2.3166964054107666
168190,16720,1.200447678565979
168200,16721,1.6374197006225586
168210,16722,1.7532222270965576
168220,16723,1.6497851610183716
168230,16724,2.2661795616149902
168240,16725,1.4039762020111084
168250,16726,1.922092080116272
168260,16727,0.9390230774879456
168270,16728,1.4783002138137817
168280,16729,2.0109260082244873
168290,16730,1.9256017208099365
168300,16731,1.2595323324203491
168310,16732,0.5484477877616882
168320,16733,4.747019290924072
168330,16734,2.150256395339966
168340,16735,1.0844680070877075
168350,16736,1.415135383605957
168360,16737,0.557639479637146
168370,16738,1.1025390625
168380,16739,1.3896164894104004
168390,16740,2.5264577865600586
168400,16741,1.0671985149383545
168410,16742,1.6158697605133057
168420,16743,1.1040704250335693
168430,16744,1.2297366857528687
168440,16745,1.8051670789718628
168450,16746,0.922986626625061
168460,16747,0.5989130735397339
168470,16748,2.1429061889648438
168480,16749,2.8356380462646484
168490,16750,4.635826110839844
168500,16751,1.8966083526611328
168510,16752,3.66725492477417
168520,16753,1.5247570276260376
168530,16754,1.340156078338623
168540,16755,0.7274923920631409
168550,16756,1.7181392908096313
168560,16757,0.8409175872802734
168570,16758,3.925568103790283
168580,16759,1.0701943635940552
168590,16760,0.9630712270736694
168600,16761,2.334758758544922
168610,16762,1.9473233222961426
168620,16763,1.2739418745040894
168630,16764,1.1354849338531494
168640,16765,0.7801532745361328
168650,16766,1.3346481323242188
168660,16767,1.7841212749481201
168670,16768,1.3743906021118164
168680,16769,1.0924732685089111
168690,16770,1.6433719396591187
168700,16771,1.144008994102478
168710,16772,4.214592933654785
168720,16773,3.9307589530944824
168730,16774,0.9602112770080566
168740,16775,1.446075677871704
168750,16776,0.768864631652832
168760,16777,0.6854945421218872
168770,16778,0.8039578199386597
168780,16779,1.3235305547714233
168790,16780,1.7035878896713257
168800,16781,1.896187424659729
168810,16782,1.2877466678619385
168820,16783,1.2478303909301758
168830,16784,1.1637673377990723
168840,16785,0.6951591968536377
168850,16786,0.7200831174850464
168860,16787,0.9429183602333069
168870,16788,2.219472885131836
168880,16789,1.2288923263549805
168890,16790,3.1651604175567627
168900,16791,1.0188190937042236
168910,16792,1.4922077655792236
168920,16793,1.8292491436004639
168930,16794,1.0256913900375366
168940,16795,2.1750917434692383
168950,16796,1.460466742515564
168960,16797,4.204851150512695
168970,16798,2.422905206680298
168980,16799,3.303651809692383
168990,16800,2.612884998321533
169000,16801,1.1737993955612183
169010,16802,0.8190351724624634
169020,16803,2.548967123031616
169030,16804,2.0713884830474854
169040,16805,1.12907075881958
169050,16806,1.6114898920059204
169060,16807,1.733903408050537
169070,16808,1.4114322662353516
169080,16809,1.018301248550415
169090,16810,1.3341081142425537
169100,16811,1.3027557134628296
169110,16812,1.4350703954696655
169120,16813,1.2172245979309082
169130,16814,0.7009024620056152
169140,16815,1.8459874391555786
169150,16816,1.197631597518921
169160,16817,0.8777913451194763
169170,16818,1.4964327812194824
169180,16819,1.724420428276062
169190,16820,0.6231828927993774
169200,16821,1.4631139039993286
169210,16822,1.382789969444275
169220,16823,1.0410860776901245
169230,16824,1.6024123430252075
169240,16825,2.9519028663635254
169250,16826,0.9293540120124817
169260,16827,1.032838225364685
169270,16828,2.296858310699463
169280,16829,2.4429657459259033
169290,16830,0.8203527927398682
169300,16831,1.0240260362625122
169310,16832,1.8507070541381836
169320,16833,1.8841218948364258
169330,16834,1.4006166458129883
169340,16835,0.9057615995407104
169350,16836,0.6831255555152893
169360,16837,1.0230931043624878
169370,16838,1.3819231986999512
169380,16839,0.9181828498840332
169390,16840,1.0531002283096313
169400,16841,1.7454149723052979
169410,16842,1.189630389213562
169420,16843,0.5019407272338867
169430,16844,1.6007307767868042
169440,16845,0.8613476157188416
169450,16846,2.0436079502105713
169460,16847,4.245110988616943
169470,16848,0.7654308080673218
169480,16849,1.0284337997436523
169490,16850,2.0828006267547607
169500,16851,1.0578062534332275
169510,16852,1.824789047241211
169520,16853,2.583022356033325
169530,16854,1.7375929355621338
169540,16855,1.9451161623001099
169550,16856,1.055793285369873
169560,16857,2.464259147644043
169570,16858,1.4445123672485352
169580,16859,0.8215955495834351
169590,16860,1.117125153541565
169600,16861,1.722334861755371
169610,16862,3.085097074508667
169620,16863,1.5843199491500854
169630,16864,1.6904911994934082
169640,16865,2.9794864654541016
169650,16866,1.9046701192855835
169660,16867,3.163405418395996
169670,16868,1.6246811151504517
169680,16869,1.11311936378479
169690,16870,1.4682040214538574
169700,16871,1.7558497190475464
169710,16872,0.6153391003608704
169720,16873,1.495003581047058
169730,16874,2.1289570331573486
169740,16875,2.8458995819091797
169750,16876,1.5501060485839844
169760,16877,3.0877017974853516
169770,16878,2.817685842514038
169780,16879,0.7527731657028198
169790,16880,1.2156990766525269
169800,16881,1.9592475891113281
169810,16882,1.117493748664856
169820,16883,1.1876964569091797
169830,16884,0.5125632882118225
169840,16885,3.4777798652648926
169850,16886,1.8122628927230835
169860,16887,1.3313688039779663
169870,16888,2.04140043258667
169880,16889,1.5324358940124512
169890,16890,0.9841709733009338
169900,16891,1.4092457294464111
169910,16892,2.3124122619628906
169920,16893,1.920750617980957
169930,16894,0.8927919864654541
169940,16895,1.092360258102417
169950,16896,1.0556272268295288
169960,16897,1.0112674236297607
169970,16898,1.2626752853393555
169980,16899,1.2153115272521973
169990,16900,1.952666997909546
170000,16901,0.6776005625724792
170010,16902,1.4883465766906738
170020,16903,1.090437412261963
170030,16904,1.628858208656311
170040,16905,2.813354969024658
170050,16906,2.4526913166046143
170060,16907,1.0946946144104004
170070,16908,1.6290605068206787
170080,16909,1.3435041904449463
170090,16910,0.5532225370407104
170100,16911,0.5266092419624329
170110,16912,1.8200571537017822
170120,16913,1.9067142009735107
170130,16914,1.5731408596038818
170140,16915,1.115776777267456
170150,16916,1.1606329679489136
170160,16917,1.1585849523544312
170170,16918,1.297055721282959
170180,16919,1.2085062265396118
170190,16920,1.1597623825073242
170200,16921,1.2655819654464722
170210,16922,1.1071093082427979
170220,16923,1.076512336730957
170230,16924,1.3841110467910767
170240,16925,1.5147196054458618
170250,16926,2.629469633102417
170260,16927,0.5781140327453613
170270,16928,2.1173183917999268
170280,16929,1.513528823852539
170290,16930,0.9133495688438416
170300,16931,0.6839675903320312
170310,16932,1.922522783279419
170320,16933,1.0537909269332886
170330,16934,2.2888007164001465
170340,16935,0.3561174273490906
170350,16936,0.4354763329029083
170360,16937,0.7826653122901917
170370,16938,1.9398442506790161
170380,16939,1.0890027284622192
170390,16940,2.9210023880004883
170400,16941,1.3132734298706055
170410,16942,2.3378021717071533
170420,16943,1.643792748451233
170430,16944,1.4611841440200806
170440,16945,2.0782909393310547
170450,16946,1.7682697772979736
170460,16947,0.7330766320228577
170470,16948,0.71346515417099
170480,16949,1.868162989616394
170490,16950,2.471134901046753
170500,16951,1.039438009262085
170510,16952,4.009787559509277
170520,16953,0.9785795211791992
170530,16954,0.6295537948608398
170540,16955,1.3416893482208252
170550,16956,1.9243345260620117
170560,16957,1.5861748456954956
170570,16958,0.9194594621658325
170580,16959,0.9940707087516785
170590,16960,1.8079980611801147
170600,16961,0.8001052141189575
170610,16962,2.5151474475860596
170620,16963,1.4662343263626099
170630,16964,0.8706598877906799
170640,16965,0.7095013856887817
170650,16966,0.8326335549354553
170660,16967,1.1899535655975342
170670,16968,1.6266212463378906
170680,16969,1.1008936166763306
170690,16970,1.2214120626449585
170700,16971,1.3301723003387451
170710,16972,1.4302133321762085
170720,16973,0.5321877598762512
170730,16974,1.797292947769165
170740,16975,1.4632033109664917
170750,16976,1.508905291557312
170760,16977,1.5260860919952393
170770,16978,0.8268375992774963
170780,16979,1.3086414337158203
170790,16980,1.1485987901687622
170800,16981,0.9368685483932495
170810,16982,2.1483569145202637
170820,16983,1.7370939254760742
170830,16984,1.7790857553482056
170840,16985,1.1186721324920654
170850,16986,2.826003074645996
170860,16987,1.7658839225769043
170870,16988,1.6262694597244263
170880,16989,0.9239240288734436
170890,16990,0.9829016327857971
170900,16991,1.7574708461761475
170910,16992,1.4316248893737793
170920,16993,1.9632470607757568
170930,16994,1.1935747861862183
170940,16995,3.1568636894226074
170950,16996,1.6617538928985596
170960,16997,2.0770397186279297
170970,16998,1.2816880941390991
170980,16999,1.5179016590118408
170990,17000,0.6491187810897827
171000,17001,1.0567048788070679
171010,17002,2.147102117538452
171020,17003,1.6515836715698242
171030,17004,1.0742565393447876
171040,17005,1.180907130241394
171050,17006,1.5881731510162354
171060,17007,2.3663928508758545
171070,17008,1.0863391160964966
171080,17009,1.8842049837112427
171090,17010,1.4340431690216064
171100,17011,0.9142847061157227
171110,17012,0.9339813590049744
171120,17013,1.2213720083236694
171130,17014,3.2826523780822754
171140,17015,3.7750892639160156
171150,17016,1.510066032409668
171160,17017,1.0049405097961426
171170,17018,0.8029733896255493
171180,17019,2.7063887119293213
171190,17020,1.9808286428451538
171200,17021,0.939782440662384
171210,17022,1.4140907526016235
171220,17023,0.8855786323547363
171230,17024,1.710319995880127
171240,17025,1.1043388843536377
171250,17026,1.975050687789917
171260,17027,0.7147095203399658
171270,17028,1.0225086212158203
171280,17029,1.3601644039154053
171290,17030,0.8026078343391418
171300,17031,3.027616024017334
171310,17032,0.9692968130111694
171320,17033,0.8089948296546936
171330,17034,1.2134062051773071
171340,17035,1.198503851890564
171350,17036,1.6015052795410156
171360,17037,1.2637521028518677
171370,17038,0.5444291830062866
171380,17039,1.1785666942596436
171390,17040,1.150154948234558
171400,17041,0.7367240786552429
171410,17042,0.8451709151268005
171420,17043,1.5673938989639282
171430,17044,1.8293893337249756
171440,17045,0.6837428212165833
171450,17046,1.0953837633132935
171460,17047,1.674248456954956
171470,17048,0.9704906940460205
171480,17049,1.3278181552886963
171490,17050,0.8700175881385803
171500,17051,1.2740150690078735
171510,17052,1.0871696472167969
171520,17053,5.071418762207031
171530,17054,1.6389503479003906
171540,17055,0.6705759763717651
171550,17056,1.1740392446517944
171560,17057,1.0518980026245117
171570,17058,1.8811118602752686
171580,17059,1.1691107749938965
171590,17060,0.5647842884063721
171600,17061,1.6580218076705933
171610,17062,1.2498804330825806
171620,17063,1.1906037330627441
171630,17064,1.0803875923156738
171640,17065,0.6025137305259705
171650,17066,0.8633280396461487
171660,17067,1.5154473781585693
171670,17068,1.4299578666687012
171680,17069,0.8974387645721436
171690,17070,0.7927571535110474
171700,17071,1.2598419189453125
171710,17072,0.9454846978187561
171720,17073,2.0157487392425537
171730,17074,1.302274227142334
171740,17075,0.8552896976470947
171750,17076,1.227853536605835
171760,17077,1.107077717781067
171770,17078,0.5519946813583374
171780,17079,1.0444350242614746
171790,17080,1.5568336248397827
171800,17081,0.37669309973716736
171810,17082,1.545111060142517
171820,17083,1.008127212524414
171830,17084,1.231848120689392
171840,17085,3.3791301250457764
171850,17086,1.114571213722229
171860,17087,1.2315878868103027
171870,17088,1.3561021089553833
171880,17089,1.0984292030334473
171890,17090,2.5213990211486816
171900,17091,1.7010486125946045
171910,17092,0.9339550137519836
171920,17093,1.5709774494171143
171930,17094,1.4462478160858154
171940,17095,0.6115021109580994
171950,17096,1.8003616333007812
171960,17097,1.462620496749878
171970,17098,0.4778260588645935
171980,17099,0.8872406482696533
171990,17100,0.3675326108932495
172000,17101,0.9956129193305969
172010,17102,1.2887071371078491
172020,17103,1.4935903549194336
172030,17104,0.5602793097496033
172040,17105,1.4690959453582764
172050,17106,1.0622121095657349
172060,17107,1.669679880142212
172070,17108,0.8508572578430176
172080,17109,1.3880609273910522
172090,17110,1.5451689958572388
172100,17111,3.0036962032318115
172110,17112,0.7571195960044861
172120,17113,1.417337417602539
172130,17114,1.6727203130722046
172140,17115,2.780489444732666
172150,17116,1.0064890384674072
172160,17117,0.7383416891098022
172170,17118,1.7973450422286987
172180,17119,2.594029426574707
172190,17120,1.6838589906692505
172200,17121,1.8783947229385376
172210,17122,1.007358431816101
172220,17123,0.921725332736969
172230,17124,1.2650179862976074
172240,17125,0.9049608111381531
172250,17126,1.6633244752883911
172260,17127,1.1236443519592285
172270,17128,0.9699755907058716
172280,17129,2.7849724292755127
172290,17130,0.9197576642036438
172300,17131,0.8403202295303345
172310,17132,1.461724042892456
172320,17133,1.3601199388504028
172330,17134,0.8932259678840637
172340,17135,1.4102030992507935
172350,17136,1.9368396997451782
172360,17137,3.164684772491455
172370,17138,1.173492193222046
172380,17139,1.4742507934570312
172390,17140,1.5574287176132202
172400,17141,2.0404036045074463
172410,17142,1.7325202226638794
172420,17143,0.8067575097084045
172430,17144,1.213388204574585
172440,17145,1.3766518831253052
172450,17146,1.6953678131103516
172460,17147,0.9989118576049805
172470,17148,0.9810776710510254
172480,17149,2.7110280990600586
172490,17150,1.7991271018981934
172500,17151,1.1190085411071777
172510,17152,3.2699220180511475
172520,17153,0.7234772443771362
172530,17154,1.0012046098709106
172540,17155,1.7328450679779053
172550,17156,2.0724363327026367
172560,17157,0.527768075466156
172570,17158,1.8726259469985962
172580,17159,1.1464736461639404
172590,17160,0.8801569938659668
172600,17161,0.45737120509147644
172610,17162,1.17416250705719
172620,17163,1.3243515491485596
172630,17164,1.0252904891967773
172640,17165,1.2077264785766602
172650,17166,1.0224969387054443
172660,17167,1.4450825452804565
172670,17168,0.8716174364089966
172680,17169,0.7782766819000244
172690,17170,1.165194034576416
172700,17171,1.4007378816604614
172710,17172,1.6723228693008423
172720,17173,1.7977267503738403
172730,17174,2.4697887897491455
172740,17175,1.5099947452545166
172750,17176,1.0834770202636719
172760,17177,1.1703141927719116
172770,17178,0.8872002363204956
172780,17179,1.1371833086013794
172790,17180,0.5539134740829468
172800,17181,1.478469729423523
172810,17182,1.0230567455291748
172820,17183,0.6323654651641846
172830,17184,1.171242356300354
172840,17185,1.0552842617034912
172850,17186,0.765249490737915
172860,17187,0.6349629163742065
172870,17188,0.8157293200492859
172880,17189,0.9655510187149048
172890,17190,0.801997721195221
172900,17191,0.5974485278129578
172910,17192,0.8502673506736755
172920,17193,1.2492197751998901
172930,17194,1.6049845218658447
172940,17195,1.3090871572494507
172950,17196,0.914175271987915
172960,17197,2.3575780391693115
172970,17198,1.0707448720932007
172980,17199,4.093832015991211
172990,17200,0.9661193490028381
173000,17201,0.4346034526824951
173010,17202,3.164368152618408
173020,17203,1.1587867736816406
173030,17204,3.1304783821105957
173040,17205,1.794230341911316
173050,17206,1.0111339092254639
173060,17207,1.3093960285186768
173070,17208,1.432144284248352
173080,17209,1.4254136085510254
173090,17210,1.0314375162124634
173100,17211,1.3105665445327759
173110,17212,2.0193703174591064
173120,17213,0.7309472560882568
173130,17214,1.4038305282592773
173140,17215,1.8586945533752441
173150,17216,2.1202735900878906
173160,17217,1.2742128372192383
173170,17218,1.0698975324630737
173180,17219,1.0361486673355103
173190,17220,1.3046520948410034
173200,17221,0.7156766057014465
173210,17222,1.2073428630828857
173220,17223,1.226194143295288
173230,17224,0.8779390454292297
173240,17225,2.514472723007202
173250,17226,0.7777993679046631
173260,17227,2.0416524410247803
173270,17228,1.2321951389312744
173280,17229,0.7163658142089844
173290,17230,0.9275290966033936
173300,17231,1.0152939558029175
173310,17232,2.2904765605926514
173320,17233,1.3884953260421753
173330,17234,1.3563445806503296
173340,17235,1.4947870969772339
173350,17236,0.8774495124816895
173360,17237,1.4527485370635986
173370,17238,2.715200662612915
173380,17239,0.703429639339447
173390,17240,0.6381669044494629
173400,17241,1.0374127626419067
173410,17242,1.0930795669555664
173420,17243,1.1042503118515015
173430,17244,1.7251243591308594
173440,17245,0.6966080069541931
173450,17246,2.1191937923431396
173460,17247,2.1721034049987793
173470,17248,2.2524969577789307
173480,17249,0.5959059000015259
173490,17250,1.3188470602035522
173500,17251,1.5363223552703857
173510,17252,1.6536022424697876
173520,17253,1.0335874557495117
173530,17254,3.6561222076416016
173540,17255,3.587897777557373
173550,17256,0.43534719944000244
173560,17257,0.6873576641082764
173570,17258,1.2470744848251343
173580,17259,1.185321569442749
173590,17260,1.2652662992477417
173600,17261,2.5730857849121094
173610,17262,2.1548385620117188
173620,17263,0.5994455814361572
173630,17264,2.0694754123687744
173640,17265,3.0358078479766846
173650,17266,1.7392091751098633
173660,17267,1.5188523530960083
173670,17268,2.3753318786621094
173680,17269,0.979994535446167
173690,17270,0.7376450300216675
173700,17271,1.2757196426391602
173710,17272,0.9716231226921082
173720,17273,6.734042644500732
173730,17274,1.8813368082046509
173740,17275,2.1628923416137695
173750,17276,2.323850631713867
173760,17277,1.4409384727478027
173770,17278,1.0438239574432373
173780,17279,0.993314266204834
173790,17280,1.047921895980835
173800,17281,2.529557704925537
173810,17282,4.4977264404296875
173820,17283,1.821544885635376
173830,17284,3.4070096015930176
173840,17285,2.3755860328674316
173850,17286,3.3645262718200684
173860,17287,1.485196828842163
173870,17288,1.3786938190460205
173880,17289,2.0913734436035156
173890,17290,3.4699864387512207
173900,17291,2.693312168121338
173910,17292,5.868795871734619
173920,17293,1.9337340593338013
173930,17294,0.9621885418891907
173940,17295,1.150777816772461
173950,17296,1.4920682907104492
173960,17297,1.652430534362793
173970,17298,1.260790228843689
173980,17299,1.9282160997390747
173990,17300,1.5953571796417236
174000,17301,4.237130165100098
174010,17302,1.9146031141281128
174020,17303,1.5316007137298584
174030,17304,1.3731805086135864
174040,17305,1.6023130416870117
174050,17306,1.0967438220977783
174060,17307,1.6842788457870483
174070,17308,0.7719231247901917
174080,17309,1.8453476428985596
174090,17310,0.9184713959693909
174100,17311,1.2256183624267578
174110,17312,1.311916470527649
174120,17313,2.0742244720458984
174130,17314,1.0787760019302368
174140,17315,2.6145424842834473
174150,17316,0.9144548177719116
174160,17317,0.6131390333175659
174170,17318,1.7389565706253052
174180,17319,1.2798749208450317
174190,17320,1.5392686128616333
174200,17321,0.7273436188697815
174210,17322,4.9990129470825195
174220,17323,1.2016907930374146
174230,17324,1.349855899810791
174240,17325,2.1126043796539307
174250,17326,1.691325306892395
174260,17327,0.7687078714370728
174270,17328,3.837920904159546
174280,17329,0.6689581871032715
174290,17330,1.0861058235168457
174300,17331,0.8792458772659302
174310,17332,1.8028472661972046
174320,17333,1.2581051588058472
174330,17334,2.1901607513427734
174340,17335,1.2705720663070679
174350,17336,1.6208575963974
174360,17337,0.6135470271110535
174370,17338,0.4387247562408447
174380,17339,1.4062107801437378
174390,17340,1.5905543565750122
174400,17341,1.4486327171325684
174410,17342,1.0459409952163696
174420,17343,0.6093388795852661
174430,17344,2.014075756072998
174440,17345,1.5322517156600952
174450,17346,2.547044515609741
174460,17347,0.9771022796630859
174470,17348,3.3587393760681152
174480,17349,1.3162078857421875
174490,17350,1.2112993001937866
174500,17351,0.9169198274612427
174510,17352,1.024621844291687
174520,17353,0.822176456451416
174530,17354,1.0481641292572021
174540,17355,1.88654625415802
174550,17356,1.3380075693130493
174560,17357,1.1551119089126587
174570,17358,2.0288684368133545
174580,17359,0.8838041424751282
174590,17360,1.786421775817871
174600,17361,1.1174726486206055
174610,17362,1.3547415733337402
174620,17363,2.969214677810669
174630,17364,1.607830286026001
174640,17365,0.8284767866134644
174650,17366,1.045715093612671
174660,17367,1.5526294708251953
174670,17368,1.115935206413269
174680,17369,1.1622350215911865
174690,17370,2.7352054119110107
174700,17371,1.7803454399108887
174710,17372,1.1280521154403687
174720,17373,0.9587150812149048
174730,17374,0.7541894912719727
174740,17375,1.5303553342819214
174750,17376,1.3824809789657593
174760,17377,0.9250088334083557
174770,17378,2.4531731605529785
174780,17379,0.3403475284576416
174790,17380,0.9123165011405945
174800,17381,1.936659336090088
174810,17382,4.129684925079346
174820,17383,1.2894781827926636
174830,17384,0.9669710993766785
174840,17385,1.6054966449737549
174850,17386,1.3919309377670288
174860,17387,1.0683364868164062
174870,17388,1.7624152898788452
174880,17389,2.5229105949401855
174890,17390,1.4466893672943115
174900,17391,1.167027235031128
174910,17392,3.839005947113037
174920,17393,3.338254451751709
174930,17394,1.2446308135986328
174940,17395,1.3748539686203003
174950,17396,1.8860036134719849
174960,17397,2.1824326515197754
174970,17398,1.1744426488876343
174980,17399,1.135758399963379
174990,17400,1.1499438285827637
175000,17401,1.45546555519104
175010,17402,1.0074338912963867
175020,17403,1.0866299867630005
175030,17404,1.4546936750411987
175040,17405,1.3556509017944336
175050,17406,2.4991989135742188
175060,17407,1.8180514574050903
175070,17408,1.4309724569320679
175080,17409,0.7921175956726074
175090,17410,4.577553749084473
175100,17411,0.7884408235549927
175110,17412,0.6375826001167297
175120,17413,2.707836627960205
175130,17414,1.0456329584121704
175140,17415,0.7732553482055664
175150,17416,1.5818076133728027
175160,17417,1.4988691806793213
175170,17418,1.1287100315093994
175180,17419,1.7971328496932983
175190,17420,1.7079492807388306
175200,17421,1.9677972793579102
175210,17422,2.4408516883850098
175220,17423,2.192359685897827
175230,17424,1.666771411895752
175240,17425,0.8826488256454468
175250,17426,1.305281400680542
175260,17427,0.709858775138855
175270,17428,2.101140260696411
175280,17429,1.6105477809906006
175290,17430,2.0255208015441895
175300,17431,2.449207305908203
175310,17432,1.8133920431137085
175320,17433,1.307239294052124
175330,17434,1.190321922302246
175340,17435,1.6513415575027466
175350,17436,5.798037528991699
175360,17437,1.0796996355056763
175370,17438,1.011218786239624
175380,17439,0.7197853922843933
175390,17440,2.142068862915039
175400,17441,1.1238685846328735
175410,17442,2.9201347827911377
175420,17443,0.590149998664856
175430,17444,2.4362895488739014
175440,17445,0.9004381895065308
175450,17446,1.5637528896331787
175460,17447,1.063234806060791
175470,17448,2.364384651184082
175480,17449,1.2036687135696411
175490,17450,0.7757100462913513
175500,17451,2.628568649291992
175510,17452,1.7994052171707153
175520,17453,1.7947471141815186
175530,17454,1.2422752380371094
175540,17455,0.9712023735046387
175550,17456,2.5286285877227783
175560,17457,3.666646957397461
175570,17458,0.6203263998031616
175580,17459,0.8484113216400146
175590,17460,0.8846856951713562
175600,17461,1.5411845445632935
175610,17462,1.5558100938796997
175620,17463,4.198310375213623
175630,17464,0.8448071479797363
175640,17465,2.1563305854797363
175650,17466,1.7211315631866455
175660,17467,2.927987575531006
175670,17468,4.2074384689331055
175680,17469,0.8171912431716919
175690,17470,0.98316490650177
175700,17471,1.108450174331665
175710,17472,1.5353447198867798
175720,17473,0.8174810409545898
175730,17474,1.519145131111145
175740,17475,1.5867106914520264
175750,17476,0.9095373749732971
175760,17477,2.1453285217285156
175770,17478,0.8655595779418945
175780,17479,0.7000671029090881
175790,17480,2.9090323448181152
175800,17481,1.5356248617172241
175810,17482,2.2691352367401123
175820,17483,1.823628544807434
175830,17484,1.068931221961975
175840,17485,2.5034494400024414
175850,17486,0.7907500863075256
175860,17487,1.342023253440857
175870,17488,0.9084495902061462
175880,17489,0.7070491909980774
175890,17490,1.275145173072815
175900,17491,0.9747948050498962
175910,17492,1.3599722385406494
175920,17493,1.3831967115402222
175930,17494,1.3449037075042725
175940,17495,0.5284023880958557
175950,17496,1.3012497425079346
175960,17497,0.5284969806671143
175970,17498,1.59957754611969
175980,17499,1.7270888090133667
175990,17500,1.677630066871643
176000,17501,1.7184181213378906
176010,17502,2.2454209327697754
176020,17503,1.7059297561645508
176030,17504,1.197399377822876
176040,17505,1.008265733718872
176050,17506,2.146350383758545
176060,17507,1.0950219631195068
176070,17508,1.3609026670455933
176080,17509,1.2712758779525757
176090,17510,1.2748042345046997
176100,17511,0.5835283994674683
176110,17512,1.2174664735794067
176120,17513,1.5563054084777832
176130,17514,0.889045000076294
176140,17515,1.3651463985443115
176150,17516,1.775201439857483
176160,17517,1.4497233629226685
176170,17518,3.2788901329040527
176180,17519,1.5600173473358154
176190,17520,1.8747014999389648
176200,17521,1.1097407341003418
176210,17522,2.5304527282714844
176220,17523,0.6351500749588013
176230,17524,0.8352468013763428
176240,17525,0.7310906052589417
176250,17526,0.8763049840927124
176260,17527,1.228005290031433
176270,17528,1.5079776048660278
176280,17529,1.9655210971832275
176290,17530,1.3561053276062012
176300,17531,1.0693254470825195
176310,17532,2.5947811603546143
176320,17533,2.0716943740844727
176330,17534,1.4188957214355469
176340,17535,1.538568377494812
176350,17536,1.0903290510177612
176360,17537,1.6262736320495605
176370,17538,1.9050910472869873
176380,17539,1.0004123449325562
176390,17540,1.9449989795684814
176400,17541,1.4216727018356323
176410,17542,0.9447580575942993
176420,17543,2.641502618789673
176430,17544,0.9570598006248474
176440,17545,0.8760467767715454
176450,17546,1.3902896642684937
176460,17547,1.5409212112426758
176470,17548,1.7602341175079346
176480,17549,1.2593302726745605
176490,17550,2.2510201930999756
176500,17551,1.997235655784607
176510,17552,3.616547107696533
176520,17553,1.6138606071472168
176530,17554,0.6261520981788635
176540,17555,1.0021214485168457
176550,17556,1.4718568325042725
176560,17557,1.3591125011444092
176570,17558,1.496320128440857
176580,17559,1.5123839378356934
176590,17560,1.9405643939971924
176600,17561,1.5501216650009155
176610,17562,1.1120587587356567
176620,17563,4.562073230743408
176630,17564,4.955813407897949
176640,17565,1.1686697006225586
176650,17566,0.8618041276931763
176660,17567,0.6663170456886292
176670,17568,1.69200599193573
176680,17569,1.5505555868148804
176690,17570,1.0887080430984497
176700,17571,2.5418615341186523
176710,17572,1.551131010055542
176720,17573,0.6224545240402222
176730,17574,1.470011591911316
176740,17575,1.8733973503112793
176750,17576,1.7188023328781128
176760,17577,1.2307310104370117
176770,17578,1.3093863725662231
176780,17579,0.9598482251167297
176790,17580,1.5923248529434204
176800,17581,1.6263982057571411
176810,17582,3.458043336868286
176820,17583,2.2754111289978027
176830,17584,3.511415958404541
176840,17585,1.2618811130523682
176850,17586,2.216872453689575
176860,17587,1.9411468505859375
176870,17588,1.766173005104065
176880,17589,0.8918688297271729
176890,17590,0.5799957513809204
176900,17591,0.9899939298629761
176910,17592,3.4624176025390625
176920,17593,2.295485496520996
176930,17594,0.8062421679496765
176940,17595,1.132148265838623
176950,17596,1.33943510055542
176960,17597,1.4415481090545654
176970,17598,0.746362566947937
176980,17599,1.6300321817398071
176990,17600,0.7787140011787415
177000,17601,1.7654839754104614
177010,17602,1.8748196363449097
177020,17603,0.6658324599266052
177030,17604,0.9146485924720764
177040,17605,1.4486132860183716
177050,17606,1.2206791639328003
177060,17607,1.3693946599960327
177070,17608,2.5827951431274414
177080,17609,1.0574389696121216
177090,17610,1.010509729385376
177100,17611,0.9800509810447693
177110,17612,1.5403110980987549
177120,17613,1.882406234741211
177130,17614,1.9831105470657349
177140,17615,2.046670436859131
177150,17616,1.3594034910202026
177160,17617,1.5621758699417114
177170,17618,0.9880006313323975
177180,17619,0.8982224464416504
177190,17620,0.516874372959137
177200,17621,2.207362174987793
177210,17622,2.753256320953369
177220,17623,0.9310064911842346
177230,17624,0.9386156797409058
177240,17625,3.132642984390259
177250,17626,1.3982089757919312
177260,17627,0.9896469116210938
177270,17628,2.3316547870635986
177280,17629,2.0054867267608643
177290,17630,1.4300123453140259
177300,17631,1.390274167060852
177310,17632,1.2543575763702393
177320,17633,2.2118775844573975
177330,17634,2.3810393810272217
177340,17635,0.8196398019790649
177350,17636,2.335641622543335
177360,17637,1.7475166320800781
177370,17638,2.071608781814575
177380,17639,0.6986541152000427
177390,17640,1.8747336864471436
177400,17641,1.1627905368804932
177410,17642,0.6750255823135376
177420,17643,1.2970809936523438
177430,17644,1.9312961101531982
177440,17645,0.9165919423103333
177450,17646,1.27358877658844
177460,17647,1.3080514669418335
177470,17648,1.3554627895355225
177480,17649,1.5276851654052734
177490,17650,1.3726845979690552
177500,17651,0.7462559938430786
177510,17652,1.761098861694336
177520,17653,2.8183693885803223
177530,17654,0.956611692905426
177540,17655,0.9474307894706726
177550,17656,0.9179065227508545
177560,17657,1.6998023986816406
177570,17658,1.1804250478744507
177580,17659,1.8736850023269653
177590,17660,2.1404099464416504
177600,17661,1.0241661071777344
177610,17662,3.1000630855560303
177620,17663,0.9585427045822144
177630,17664,1.3797661066055298
177640,17665,3.0378358364105225
177650,17666,1.4799447059631348
177660,17667,1.3665220737457275
177670,17668,3.6848597526550293
177680,17669,0.8918142318725586
177690,17670,0.6638915538787842
177700,17671,1.8238497972488403
177710,17672,1.0222883224487305
177720,17673,2.7802963256835938
177730,17674,1.2740267515182495
177740,17675,1.1643041372299194
177750,17676,8.281307220458984
177760,17677,0.7922319769859314
177770,17678,1.2243683338165283
177780,17679,1.1582266092300415
177790,17680,1.3837180137634277
177800,17681,1.1000735759735107
177810,17682,1.0766557455062866
177820,17683,0.9207234382629395
177830,17684,4.0899763107299805
177840,17685,2.187619924545288
177850,17686,0.7073839902877808
177860,17687,3.3483829498291016
177870,17688,2.049722671508789
177880,17689,2.0093741416931152
177890,17690,1.7761247158050537
177900,17691,2.1880710124969482
177910,17692,1.008841633796692
177920,17693,2.004296064376831
177930,17694,1.99622642993927
177940,17695,2.2515482902526855
177950,17696,1.5354406833648682
177960,17697,1.1847963333129883
177970,17698,1.6105705499649048
177980,17699,0.7813488245010376
177990,17700,1.4072295427322388
178000,17701,2.4456045627593994
178010,17702,0.8237134218215942
178020,17703,1.2161104679107666
178030,17704,0.6473371982574463
178040,17705,0.7175832986831665
178050,17706,2.0129475593566895
178060,17707,1.8416229486465454
178070,17708,1.1739617586135864
178080,17709,1.0471707582473755
178090,17710,1.172621250152588
178100,17711,0.9742733240127563
178110,17712,1.2203494310379028
178120,17713,0.9122189283370972
178130,17714,0.7880843281745911
178140,17715,1.095184087753296
178150,17716,2.0926778316497803
178160,17717,1.6397387981414795
178170,17718,1.2983345985412598
178180,17719,2.6655163764953613
178190,17720,2.9999680519104004
178200,17721,1.513027548789978
178210,17722,1.4822402000427246
178220,17723,1.5170594453811646
178230,17724,1.8936017751693726
178240,17725,0.7234278321266174
178250,17726,0.9640025496482849
178260,17727,1.2478315830230713
178270,17728,0.4268772304058075
178280,17729,1.3223330974578857
178290,17730,1.4851282835006714
178300,17731,1.048107385635376
178310,17732,1.0585063695907593
178320,17733,1.2827707529067993
178330,17734,1.4093025922775269
178340,17735,1.5674680471420288
178350,17736,0.9005980491638184
178360,17737,1.6840059757232666
178370,17738,1.172166109085083
178380,17739,2.109678268432617
178390,17740,0.6480744481086731
178400,17741,3.0310935974121094
178410,17742,0.7644886374473572
178420,17743,1.216318964958191
178430,17744,0.9374294877052307
178440,17745,2.9417147636413574
178450,17746,1.5693947076797485
178460,17747,2.8659396171569824
178470,17748,1.8577401638031006
178480,17749,0.6640996932983398
178490,17750,2.7561087608337402
178500,17751,2.1216845512390137
178510,17752,1.642106056213379
178520,17753,1.0319182872772217
178530,17754,3.2997591495513916
178540,17755,0.7061103582382202
178550,17756,1.7533900737762451
178560,17757,1.223928689956665
178570,17758,0.6161596775054932
178580,17759,0.7155994772911072
178590,17760,0.9979828596115112
178600,17761,1.019358515739441
178610,17762,1.840794563293457
178620,17763,1.2274532318115234
178630,17764,1.3091330528259277
178640,17765,1.2654722929000854
178650,17766,1.4199550151824951
178660,17767,1.815282940864563
178670,17768,1.5822248458862305
178680,17769,1.8865680694580078
178690,17770,0.6392735242843628
178700,17771,0.8470411896705627
178710,17772,1.205458641052246
178720,17773,1.4799113273620605
178730,17774,1.0055915117263794
178740,17775,1.431038498878479
178750,17776,1.3688161373138428
178760,17777,0.7341861724853516
178770,17778,1.2934486865997314
178780,17779,1.3473271131515503
178790,17780,2.5155913829803467
178800,17781,1.6626838445663452
178810,17782,1.1634809970855713
178820,17783,1.2318116426467896
178830,17784,0.8355107307434082
178840,17785,0.9034043550491333
178850,17786,0.5668023228645325
178860,17787,1.2676277160644531
178870,17788,2.050719738006592
178880,17789,0.8525295257568359
178890,17790,2.0696792602539062
178900,17791,0.9270705580711365
178910,17792,1.085031270980835
178920,17793,2.581153631210327
178930,17794,1.888131856918335
178940,17795,1.634138584136963
178950,17796,1.3444859981536865
178960,17797,0.7751392722129822
178970,17798,1.23063325881958
178980,17799,1.9866766929626465
178990,17800,2.411046266555786
179000,17801,1.244525671005249
179010,17802,1.650383472442627
179020,17803,2.206427574157715
179030,17804,0.8533291816711426
179040,17805,1.4150574207305908
179050,17806,6.581843852996826
179060,17807,0.8841304183006287
179070,17808,1.0812487602233887
179080,17809,0.9925180077552795
179090,17810,0.8040078282356262
179100,17811,1.491217017173767
179110,17812,1.3687504529953003
179120,17813,2.2367770671844482
179130,17814,3.6531782150268555
179140,17815,0.7656334042549133
179150,17816,0.9535402059555054
179160,17817,1.9679245948791504
179170,17818,0.9459872245788574
179180,17819,2.2322754859924316
179190,17820,1.0718859434127808
179200,17821,1.2452399730682373
179210,17822,1.3042936325073242
179220,17823,1.0745124816894531
179230,17824,0.7433775067329407
179240,17825,1.3404675722122192
179250,17826,0.8299164175987244
179260,17827,2.2233450412750244
179270,17828,1.2451674938201904
179280,17829,0.7325538396835327
179290,17830,0.6320241689682007
179300,17831,1.320566177368164
179310,17832,1.8252620697021484
179320,17833,1.1233611106872559
179330,17834,1.6478322744369507
179340,17835,0.6674315929412842
179350,17836,1.4331035614013672
179360,17837,1.9363144636154175
179370,17838,0.818035900592804
179380,17839,2.4160966873168945
179390,17840,2.2000956535339355
179400,17841,1.1094071865081787
179410,17842,1.631839394569397
179420,17843,1.1430927515029907
179430,17844,2.8479487895965576
179440,17845,1.4816936254501343
179450,17846,0.8556944727897644
179460,17847,0.8919165134429932
179470,17848,1.8135628700256348
179480,17849,0.8678112030029297
179490,17850,1.8373316526412964
179500,17851,1.309019923210144
179510,17852,0.662075400352478
179520,17853,1.7077264785766602
179530,17854,0.7759400606155396
179540,17855,4.354277610778809
179550,17856,1.1424052715301514
179560,17857,0.6229285001754761
179570,17858,1.122330904006958
179580,17859,1.3452839851379395
179590,17860,0.7187204360961914
179600,17861,1.8722262382507324
179610,17862,3.269444227218628
179620,17863,1.751682996749878
179630,17864,1.3607594966888428
179640,17865,1.9191741943359375
179650,17866,1.1535794734954834
179660,17867,2.1930019855499268
179670,17868,1.4950867891311646
179680,17869,0.9014559388160706
179690,17870,2.302398920059204
179700,17871,2.071291923522949
179710,17872,1.9093571901321411
179720,17873,1.3601009845733643
179730,17874,1.2568690776824951
179740,17875,3.1092214584350586
179750,17876,1.5405043363571167
179760,17877,1.2299652099609375
179770,17878,0.8925727605819702
179780,17879,0.6998271942138672
179790,17880,0.6597368121147156
179800,17881,0.9826755523681641
179810,17882,0.7587475776672363
179820,17883,0.9317683577537537
179830,17884,0.7951926589012146
179840,17885,1.4901206493377686
179850,17886,1.7570440769195557
179860,17887,2.0094239711761475
179870,17888,1.753077507019043
179880,17889,1.8366674184799194
179890,17890,1.3903006315231323
179900,17891,0.7861984968185425
179910,17892,1.623396635055542
179920,17893,0.7538149952888489
179930,17894,0.9671846628189087
179940,17895,1.265642762184143
179950,17896,3.406381607055664
179960,17897,1.1937497854232788
179970,17898,0.864334225654602
179980,17899,1.2149889469146729
179990,17900,1.123138189315796
180000,17901,0.8591431975364685
180010,17902,1.217240810394287
180020,17903,0.626538872718811
180030,17904,1.3447237014770508
180040,17905,1.618622899055481
180050,17906,1.2178635597229004
180060,17907,0.6848651170730591
180070,17908,0.8750145435333252
180080,17909,0.4693472981452942
180090,17910,3.636644124984741
180100,17911,2.30237078666687
180110,17912,1.4120776653289795
180120,17913,2.513258457183838
180130,17914,1.5843400955200195
180140,17915,1.3767822980880737
180150,17916,1.5824742317199707
180160,17917,1.667088508605957
180170,17918,1.4691368341445923
180180,17919,2.250173807144165
180190,17920,1.4030098915100098
180200,17921,0.5515075325965881
180210,17922,3.17686128616333
180220,17923,1.1895276308059692
180230,17924,0.8621255159378052
180240,17925,0.7484939098358154
180250,17926,0.7288762331008911
180260,17927,1.3951406478881836
180270,17928,1.401512622833252
180280,17929,1.3361198902130127
180290,17930,1.0847820043563843
180300,17931,1.049511194229126
180310,17932,0.9888352155685425
180320,17933,1.5138589143753052
180330,17934,2.0249781608581543
180340,17935,0.7567793130874634
180350,17936,0.9867238998413086
180360,17937,0.7502932548522949
180370,17938,0.8473907709121704
180380,17939,0.8086819648742676
180390,17940,1.503428339958191
180400,17941,2.499512195587158
180410,17942,1.4022537469863892
180420,17943,1.1051578521728516
180430,17944,1.3511080741882324
180440,17945,0.7596296668052673
180450,17946,1.5842158794403076
180460,17947,2.3766191005706787
180470,17948,2.6160709857940674
180480,17949,1.5637162923812866
180490,17950,1.1860119104385376
180500,17951,0.6259416341781616
180510,17952,1.703349232673645
180520,17953,0.9859970808029175
180530,17954,1.0438899993896484
180540,17955,1.4160970449447632
180550,17956,1.3248356580734253
180560,17957,0.5652598738670349
180570,17958,0.9683712124824524
180580,17959,2.00679874420166
180590,17960,1.0297904014587402
180600,17961,1.7357248067855835
180610,17962,0.8204364776611328
180620,17963,0.7945430278778076
180630,17964,2.5677950382232666
180640,17965,2.1176366806030273
180650,17966,2.53910231590271
180660,17967,0.8998368382453918
180670,17968,0.8282365798950195
180680,17969,0.9551266431808472
180690,17970,0.7999370098114014
180700,17971,1.7643089294433594
180710,17972,1.8247103691101074
180720,17973,1.0346723794937134
180730,17974,1.2139315605163574
180740,17975,1.6246623992919922
180750,17976,1.0844542980194092
180760,17977,0.7133032083511353
180770,17978,1.1038566827774048
180780,17979,1.0595135688781738
180790,17980,1.1688995361328125
180800,17981,3.5721161365509033
180810,17982,1.0982606410980225
180820,17983,2.5996437072753906
180830,17984,2.1406359672546387
180840,17985,0.43834471702575684
180850,17986,0.7256962060928345
180860,17987,1.081881046295166
180870,17988,0.8325668573379517
180880,17989,1.1594195365905762
180890,17990,1.7630035877227783
180900,17991,0.5868126749992371
180910,17992,1.06926691532135
180920,17993,1.3142260313034058
180930,17994,0.7613350749015808
180940,17995,1.3920445442199707
180950,17996,1.6640976667404175
180960,17997,0.7792657613754272
180970,17998,1.0837255716323853
180980,17999,2.0341246128082275
180990,18000,1.089504361152649
181000,18001,2.3487799167633057
181010,18002,1.5228369235992432
181020,18003,1.7456251382827759
181030,18004,1.4956218004226685
181040,18005,1.0041000843048096
181050,18006,0.9066386222839355
181060,18007,1.2391562461853027
181070,18008,2.0831689834594727
181080,18009,1.1494157314300537
181090,18010,1.4119081497192383
181100,18011,0.8461114764213562
181110,18012,1.3985328674316406
181120,18013,1.1218466758728027
181130,18014,1.1152693033218384
181140,18015,1.5879385471343994
181150,18016,0.6691145896911621
181160,18017,2.0526797771453857
181170,18018,1.6682981252670288
181180,18019,1.5634032487869263
181190,18020,1.5600543022155762
181200,18021,1.7439459562301636
181210,18022,0.5470408201217651
181220,18023,3.6256966590881348
181230,18024,3.127711057662964
181240,18025,2.1973910331726074
181250,18026,1.9259556531906128
181260,18027,1.279577612876892
181270,18028,1.3187475204467773
181280,18029,1.7428957223892212
181290,18030,1.3426787853240967
181300,18031,1.3866353034973145
181310,18032,1.7379159927368164
181320,18033,4.051448345184326
181330,18034,0.7400341033935547
181340,18035,1.1203557252883911
181350,18036,1.895115852355957
181360,18037,0.9465673565864563
181370,18038,2.0841562747955322
181380,18039,3.8286163806915283
181390,18040,1.2372950315475464
181400,18041,0.902717649936676
181410,18042,1.1038835048675537
181420,18043,2.2047855854034424
181430,18044,1.3386231660842896
181440,18045,1.8470728397369385
181450,18046,1.7897948026657104
181460,18047,0.5929459929466248
181470,18048,0.9166367053985596
181480,18049,1.6719359159469604
181490,18050,0.9066210985183716
181500,18051,0.9649211764335632
181510,18052,1.8166265487670898
181520,18053,2.9109549522399902
181530,18054,2.0295379161834717
181540,18055,1.0430892705917358
181550,18056,1.750491738319397
181560,18057,0.9404554963111877
181570,18058,1.8159079551696777
181580,18059,0.9984682202339172
181590,18060,0.6576534509658813
181600,18061,1.5164052248001099
181610,18062,0.6741300821304321
181620,18063,1.0045855045318604
181630,18064,0.7473793029785156
181640,18065,1.5878692865371704
181650,18066,3.5657174587249756
181660,18067,0.9063272476196289
181670,18068,0.9748294949531555
181680,18069,1.0206263065338135
181690,18070,0.4735269248485565
181700,18071,0.7147895693778992
181710,18072,2.0246365070343018
181720,18073,1.8297168016433716
181730,18074,1.9246079921722412
181740,18075,0.8529168367385864
181750,18076,1.7351070642471313
181760,18077,2.0425803661346436
181770,18078,1.2522066831588745
181780,18079,1.8254327774047852
181790,18080,1.6214816570281982
181800,18081,1.6253958940505981
181810,18082,1.1321215629577637
181820,18083,1.3703676462173462
181830,18084,0.7623468637466431
181840,18085,2.2490005493164062
181850,18086,0.7386028170585632
181860,18087,1.8813786506652832
181870,18088,0.7542880773544312
181880,18089,1.4887136220932007
181890,18090,1.481626033782959
181900,18091,0.6765345335006714
181910,18092,1.2724111080169678
181920,18093,1.9205348491668701
181930,18094,0.7799208164215088
181940,18095,0.94045490026474
181950,18096,1.166478157043457
181960,18097,0.8705636262893677
181970,18098,2.851787567138672
181980,18099,3.4340908527374268
181990,18100,1.24441659450531
182000,18101,1.213009238243103
182010,18102,2.2250945568084717
182020,18103,1.1851816177368164
182030,18104,0.7134048342704773
182040,18105,2.894571542739868
182050,18106,1.3338165283203125
182060,18107,1.6501166820526123
182070,18108,2.1962833404541016
182080,18109,1.815446138381958
182090,18110,1.8898277282714844
182100,18111,1.6423040628433228
182110,18112,1.4413652420043945
182120,18113,0.7515213489532471
182130,18114,1.5334210395812988
182140,18115,1.1326603889465332
182150,18116,1.3329644203186035
182160,18117,1.3085325956344604
182170,18118,1.3796415328979492
182180,18119,1.0154802799224854
182190,18120,2.5902271270751953
182200,18121,1.9408067464828491
182210,18122,1.1171622276306152
182220,18123,1.5011212825775146
182230,18124,2.961414098739624
182240,18125,1.1839168071746826
182250,18126,1.4394123554229736
182260,18127,0.6760783195495605
182270,18128,1.9198938608169556
182280,18129,0.6937257647514343
182290,18130,1.7549043893814087
182300,18131,2.522073745727539
182310,18132,0.8546611070632935
182320,18133,2.354552984237671
182330,18134,0.5935037732124329
182340,18135,0.6459224224090576
182350,18136,1.2215192317962646
182360,18137,0.5465365648269653
182370,18138,1.6544816493988037
182380,18139,2.8198938369750977
182390,18140,1.1911227703094482
182400,18141,1.3051165342330933
182410,18142,1.2073065042495728
182420,18143,1.4985464811325073
182430,18144,1.2643388509750366
182440,18145,2.2894198894500732
182450,18146,0.8526329398155212
182460,18147,3.277608871459961
182470,18148,1.0003145933151245
182480,18149,3.4889626502990723
182490,18150,1.4610458612442017
182500,18151,0.9352058172225952
182510,18152,1.5845530033111572
182520,18153,1.498247742652893
182530,18154,0.4327579438686371
182540,18155,1.4435275793075562
182550,18156,1.2464722394943237
182560,18157,3.7593791484832764
182570,18158,0.970146656036377
182580,18159,0.6999227404594421
182590,18160,1.2662181854248047
182600,18161,0.6995139122009277
182610,18162,2.2173640727996826
182620,18163,1.8437567949295044
182630,18164,1.2696913480758667
182640,18165,0.8052325248718262
182650,18166,1.4575656652450562
182660,18167,1.051094651222229
182670,18168,1.180477261543274
182680,18169,0.961685061454773
182690,18170,1.2042264938354492
182700,18171,1.1317558288574219
182710,18172,1.816706657409668
182720,18173,1.1799771785736084
182730,18174,0.6340814828872681
182740,18175,1.2092770338058472
182750,18176,1.6144862174987793
182760,18177,1.1447335481643677
182770,18178,0.871099054813385
182780,18179,1.608336091041565
182790,18180,1.3373545408248901
182800,18181,1.7482881546020508
182810,18182,0.8196409940719604
182820,18183,1.2219301462173462
182830,18184,0.4101126194000244
182840,18185,1.9554005861282349
182850,18186,0.5163474082946777
182860,18187,0.6618934869766235
182870,18188,0.6695207953453064
182880,18189,1.794787883758545
182890,18190,1.683602213859558
182900,18191,1.563286304473877
182910,18192,1.1826791763305664
182920,18193,1.634743332862854
182930,18194,1.5276384353637695
182940,18195,1.6575626134872437
182950,18196,1.5979533195495605
182960,18197,0.9994178414344788
182970,18198,1.4862221479415894
182980,18199,1.5992329120635986
182990,18200,1.5733320713043213
183000,18201,1.1731196641921997
183010,18202,0.9303712844848633
183020,18203,1.2844914197921753
183030,18204,1.1447582244873047
183040,18205,1.2997398376464844
183050,18206,0.958549976348877
183060,18207,2.196413516998291
183070,18208,0.8695585131645203
183080,18209,1.475404977798462
183090,18210,2.1816954612731934
183100,18211,2.358771800994873
183110,18212,0.5221499800682068
183120,18213,0.7884687185287476
183130,18214,1.4706168174743652
183140,18215,1.1336313486099243
183150,18216,1.0125603675842285
183160,18217,1.1573727130889893
183170,18218,1.6008024215698242
183180,18219,2.7019052505493164
183190,18220,1.9436230659484863
183200,18221,0.8962502479553223
183210,18222,1.7196686267852783
183220,18223,1.306827187538147
183230,18224,2.124389410018921
183240,18225,0.7598586678504944
183250,18226,1.227888822555542
183260,18227,1.1198498010635376
183270,18228,1.0982798337936401
183280,18229,1.5640352964401245
183290,18230,3.6864612102508545
183300,18231,1.1214796304702759
183310,18232,0.6567384004592896
183320,18233,0.7002065777778625
183330,18234,0.641555905342102
183340,18235,2.211045742034912
183350,18236,1.1599349975585938
183360,18237,1.0140591859817505
183370,18238,1.9576475620269775
183380,18239,0.8739410042762756
183390,18240,1.3223445415496826
183400,18241,1.3730559349060059
183410,18242,1.2656617164611816
183420,18243,0.7656495571136475
183430,18244,1.887690782546997
183440,18245,1.013925552368164
183450,18246,1.1307783126831055
183460,18247,0.9532670974731445
183470,18248,1.4907031059265137
183480,18249,1.6725631952285767
183490,18250,1.3524134159088135
183500,18251,0.5943058133125305
183510,18252,1.1555063724517822
183520,18253,1.572049617767334
183530,18254,1.692931890487671
183540,18255,1.1269835233688354
183550,18256,1.636551856994629
183560,18257,1.216002106666565
183570,18258,1.2257039546966553
183580,18259,1.894999623298645
183590,18260,1.6220989227294922
183600,18261,1.2830936908721924
183610,18262,1.679292917251587
183620,18263,1.6169257164001465
183630,18264,0.6797444820404053
183640,18265,0.6035009026527405
183650,18266,1.0001368522644043
183660,18267,0.8085554242134094
183670,18268,1.4176387786865234
183680,18269,1.140815019607544
183690,18270,1.639947772026062
183700,18271,2.2058634757995605
183710,18272,1.4113202095031738
183720,18273,0.8786219358444214
183730,18274,0.9029954671859741
183740,18275,2.6816225051879883
183750,18276,1.312393307685852
183760,18277,2.322798728942871
183770,18278,1.891179084777832
183780,18279,0.8149861693382263
183790,18280,0.8030658960342407
183800,18281,1.5157852172851562
183810,18282,1.0876868963241577
183820,18283,1.1326005458831787
183830,18284,0.36827048659324646
183840,18285,1.623878002166748
183850,18286,1.491711139678955
183860,18287,1.317333459854126
183870,18288,1.312868595123291
183880,18289,3.351088047027588
183890,18290,1.6213771104812622
183900,18291,1.2326226234436035
183910,18292,2.5361979007720947
183920,18293,0.9292898178100586
183930,18294,0.838336706161499
183940,18295,2.3693509101867676
183950,18296,1.0141552686691284
183960,18297,0.9147440195083618
183970,18298,1.4494972229003906
183980,18299,1.3102455139160156
183990,18300,1.525374174118042
184000,18301,1.5595450401306152
184010,18302,2.467930316925049
184020,18303,1.4820703268051147
184030,18304,1.056915521621704
184040,18305,0.8225352764129639
184050,18306,2.0668771266937256
184060,18307,0.6009438633918762
184070,18308,1.1889688968658447
184080,18309,1.39833402633667
184090,18310,1.1219568252563477
184100,18311,1.724745750427246
184110,18312,0.5470243096351624
184120,18313,1.0918703079223633
184130,18314,2.0916450023651123
184140,18315,1.9000022411346436
184150,18316,1.438571810722351
184160,18317,1.1555272340774536
184170,18318,3.1037704944610596
184180,18319,1.468562126159668
184190,18320,1.2880855798721313
184200,18321,0.6229363083839417
184210,18322,0.40331020951271057
184220,18323,1.4497084617614746
184230,18324,1.2561124563217163
184240,18325,1.3180081844329834
184250,18326,2.126258134841919
184260,18327,1.0857696533203125
184270,18328,1.0516602993011475
184280,18329,0.5272344946861267
184290,18330,1.5215604305267334
184300,18331,1.3373162746429443
184310,18332,1.6006267070770264
184320,18333,1.1678130626678467
184330,18334,0.7673183083534241
184340,18335,1.1634095907211304
184350,18336,0.9918487071990967
184360,18337,1.8790252208709717
184370,18338,0.5833392143249512
184380,18339,1.4325244426727295
184390,18340,1.2703007459640503
184400,18341,0.5797480940818787
184410,18342,1.35648512840271
184420,18343,1.1236354112625122
184430,18344,1.4344052076339722
184440,18345,1.0341744422912598
184450,18346,0.697508692741394
184460,18347,0.9665448665618896
184470,18348,1.2277765274047852
184480,18349,0.8784476518630981
184490,18350,3.432620048522949
184500,18351,0.4299825429916382
184510,18352,1.2498314380645752
184520,18353,0.8729060292243958
184530,18354,0.7403954267501831
184540,18355,0.6431339979171753
184550,18356,1.7960224151611328
184560,18357,2.743779182434082
184570,18358,0.6749024987220764
184580,18359,1.054929494857788
184590,18360,0.8674626350402832
184600,18361,1.5027886629104614
184610,18362,0.8906195163726807
184620,18363,1.4671252965927124
184630,18364,1.812896490097046
184640,18365,0.7927277684211731
184650,18366,1.6996707916259766
184660,18367,0.6861469149589539
184670,18368,0.97794109582901
184680,18369,0.4053250253200531
184690,18370,1.5857913494110107
184700,18371,1.1630604267120361
184710,18372,2.1061620712280273
184720,18373,0.7789467573165894
184730,18374,0.6270676255226135
184740,18375,0.797940194606781
184750,18376,0.6707924008369446
184760,18377,0.8012348413467407
184770,18378,1.52567720413208
184780,18379,0.7020283937454224
184790,18380,0.7293293476104736
184800,18381,1.3779644966125488
184810,18382,1.7923469543457031
184820,18383,1.1725046634674072
184830,18384,1.6435681581497192
184840,18385,0.8152428865432739
184850,18386,0.8540456295013428
184860,18387,0.7549993395805359
184870,18388,1.9857189655303955
184880,18389,1.4445124864578247
184890,18390,0.8867773413658142
184900,18391,1.4531290531158447
184910,18392,0.9861180186271667
184920,18393,2.2226409912109375
184930,18394,0.5670996904373169
184940,18395,1.247418761253357
184950,18396,0.4662655293941498
184960,18397,0.9771993160247803
184970,18398,0.741188645362854
184980,18399,0.47666603326797485
184990,18400,0.9540346264839172
185000,18401,0.5402258634567261
185010,18402,1.7931170463562012
185020,18403,1.1558207273483276
185030,18404,2.1346051692962646
185040,18405,1.1535468101501465
185050,18406,0.9241611957550049
185060,18407,1.2113041877746582
185070,18408,1.08146071434021
185080,18409,1.6926664113998413
185090,18410,1.6841943264007568
185100,18411,0.8527079820632935
185110,18412,1.4664798974990845
185120,18413,1.1997215747833252
185130,18414,0.9465779066085815
185140,18415,1.1136970520019531
185150,18416,1.0072360038757324
185160,18417,0.762974202632904
185170,18418,0.8918628692626953
185180,18419,1.378446102142334
185190,18420,0.6407261490821838
185200,18421,1.0579560995101929
185210,18422,1.5212559700012207
185220,18423,0.9814709424972534
185230,18424,1.1487332582473755
185240,18425,0.8150766491889954
185250,18426,0.9506680369377136
185260,18427,0.9295041561126709
185270,18428,1.7061924934387207
185280,18429,1.1362097263336182
185290,18430,1.499983310699463
185300,18431,1.0404387712478638
185310,18432,2.45986008644104
185320,18433,1.3769174814224243
185330,18434,0.9714655876159668
185340,18435,1.2508937120437622
185350,18436,0.7464525699615479
185360,18437,1.3234189748764038
185370,18438,0.7414161562919617
185380,18439,0.8770129084587097
185390,18440,3.117971181869507
185400,18441,0.5991153120994568
185410,18442,1.1950156688690186
185420,18443,0.9328131675720215
185430,18444,1.5858627557754517
185440,18445,1.0076161623001099
185450,18446,0.934670627117157
185460,18447,0.9632956981658936
185470,18448,0.8420314192771912
185480,18449,1.002984881401062
185490,18450,1.3723514080047607
185500,18451,0.9016045928001404
185510,18452,1.6988022327423096
185520,18453,1.702928066253662
185530,18454,0.6630730628967285
185540,18455,1.0199185609817505
185550,18456,0.6000926494598389
185560,18457,0.9823658466339111
185570,18458,1.7630969285964966
185580,18459,0.7290337085723877
185590,18460,1.0593996047973633
185600,18461,1.721343994140625
185610,18462,1.2580513954162598
185620,18463,0.7966216802597046
185630,18464,2.118152141571045
185640,18465,1.1359587907791138
185650,18466,1.6830248832702637
185660,18467,1.8394017219543457
185670,18468,1.4091392755508423
185680,18469,2.016425609588623
185690,18470,1.2152138948440552
185700,18471,2.9631547927856445
185710,18472,0.8787968158721924
185720,18473,1.3445285558700562
185730,18474,0.8197444677352905
185740,18475,0.39237430691719055
185750,18476,0.768143892288208
185760,18477,0.7084220051765442
185770,18478,0.3887443542480469
185780,18479,1.3645503520965576
185790,18480,0.6354038715362549
185800,18481,1.0951778888702393
185810,18482,1.8021334409713745
185820,18483,0.7873032689094543
185830,18484,1.740497350692749
185840,18485,1.069324016571045
185850,18486,0.9105557799339294
185860,18487,2.1229195594787598
185870,18488,0.6874526143074036
185880,18489,0.812686026096344
185890,18490,1.2908092737197876
185900,18491,1.1236878633499146
185910,18492,1.5771640539169312
185920,18493,1.0949842929840088
185930,18494,0.5629838705062866
185940,18495,0.9364038109779358
185950,18496,0.6515520811080933
185960,18497,0.8921217322349548
185970,18498,0.843146026134491
185980,18499,0.6497256755828857
185990,18500,0.44508394598960876
186000,18501,1.0105836391448975
186010,18502,1.1544229984283447
186020,18503,1.061962366104126
186030,18504,0.6884899735450745
186040,18505,1.952837347984314
186050,18506,1.2367520332336426
186060,18507,1.7655214071273804
186070,18508,2.896714448928833
186080,18509,1.236405372619629
186090,18510,0.9929178953170776
186100,18511,2.643550395965576
186110,18512,1.4262845516204834
186120,18513,0.906095564365387
186130,18514,1.0095399618148804
186140,18515,2.0809171199798584
186150,18516,1.4009201526641846
186160,18517,1.0932432413101196
186170,18518,0.5780280828475952
186180,18519,1.080740213394165
186190,18520,1.1439783573150635
186200,18521,1.520150899887085
186210,18522,1.3044970035552979
186220,18523,1.2550556659698486
186230,18524,0.6495675444602966
186240,18525,1.1860133409500122
186250,18526,0.9571139216423035
186260,18527,1.645374059677124
186270,18528,1.1689589023590088
186280,18529,1.095458745956421
186290,18530,0.5446114540100098
186300,18531,1.7014647722244263
186310,18532,0.8457084894180298
186320,18533,2.118295431137085
186330,18534,0.809000551700592
186340,18535,1.1245427131652832
186350,18536,0.9320907592773438
186360,18537,1.7988080978393555
186370,18538,0.9301546216011047
186380,18539,1.0806889533996582
186390,18540,1.580443263053894
186400,18541,1.7583552598953247
186410,18542,1.0375990867614746
186420,18543,1.2607771158218384
186430,18544,0.7662501335144043
186440,18545,0.8354390859603882
186450,18546,1.1845619678497314
186460,18547,1.8933454751968384
186470,18548,0.8982648849487305
186480,18549,0.7842344045639038
186490,18550,0.9859698414802551
186500,18551,0.7169685959815979
186510,18552,0.5658098459243774
186520,18553,2.4892959594726562
186530,18554,0.9835377931594849
186540,18555,1.7723610401153564
186550,18556,1.4926701784133911
186560,18557,0.898118257522583
186570,18558,1.7339223623275757
186580,18559,0.9811726808547974
186590,18560,2.339364528656006
186600,18561,0.4019337296485901
186610,18562,0.7533411383628845
186620,18563,1.4810162782669067
186630,18564,0.7493283152580261
186640,18565,2.6424622535705566
186650,18566,3.1232192516326904
186660,18567,2.2527880668640137
186670,18568,1.417893886566162
186680,18569,1.2105658054351807
186690,18570,0.8015084862709045
186700,18571,0.9531964063644409
186710,18572,1.044385313987732
186720,18573,1.1012145280838013
186730,18574,1.690151572227478
186740,18575,1.1786739826202393
186750,18576,1.2935049533843994
186760,18577,0.7479691505432129
186770,18578,1.893418788909912
186780,18579,0.6159406304359436
186790,18580,0.8564737439155579
186800,18581,0.7710399031639099
186810,18582,1.4545528888702393
186820,18583,1.087928295135498
186830,18584,0.9704809188842773
186840,18585,1.7006397247314453
186850,18586,0.4519001543521881
186860,18587,0.8836866021156311
186870,18588,0.556795597076416
186880,18589,1.4064898490905762
186890,18590,1.1729819774627686
186900,18591,0.7996220588684082
186910,18592,1.5787113904953003
186920,18593,1.1772512197494507
186930,18594,0.8466575741767883
186940,18595,1.5524941682815552
186950,18596,2.3973398208618164
186960,18597,1.2159909009933472
186970,18598,0.8540382981300354
186980,18599,1.4037871360778809
186990,18600,0.9820632934570312
187000,18601,0.8496448993682861
187010,18602,0.5034999847412109
187020,18603,1.263639211654663
187030,18604,0.7852733731269836
187040,18605,1.6849515438079834
187050,18606,1.3817172050476074
187060,18607,1.5313953161239624
187070,18608,0.6828257441520691
187080,18609,1.4164764881134033
187090,18610,1.2866030931472778
187100,18611,1.5737364292144775
187110,18612,3.5046212673187256
187120,18613,2.0056960582733154
187130,18614,0.8822082877159119
187140,18615,0.8027435541152954
187150,18616,0.9939808249473572
187160,18617,1.0986661911010742
187170,18618,0.9968439340591431
187180,18619,0.6179144978523254
187190,18620,1.8706445693969727
187200,18621,0.91646409034729
187210,18622,6.153036594390869
187220,18623,1.5126094818115234
187230,18624,1.629109263420105
187240,18625,1.3510137796401978
187250,18626,1.0305261611938477
187260,18627,0.6658080816268921
187270,18628,0.9037829041481018
187280,18629,1.0540848970413208
187290,18630,1.0061535835266113
187300,18631,0.6997479200363159
187310,18632,0.6892778873443604
187320,18633,1.1390233039855957
187330,18634,1.2962223291397095
187340,18635,1.6617599725723267
187350,18636,0.6314911842346191
187360,18637,0.5857794284820557
187370,18638,2.052621364593506
187380,18639,0.6858862042427063
187390,18640,2.6939072608947754
187400,18641,0.9052501916885376
187410,18642,0.7814198732376099
187420,18643,1.147537350654602
187430,18644,0.9414699673652649
187440,18645,1.1224136352539062
187450,18646,1.1057052612304688
187460,18647,1.307971715927124
187470,18648,1.3086897134780884
187480,18649,0.771981954574585
187490,18650,1.372827172279358
187500,18651,1.2700377702713013
187510,18652,0.9587464928627014
187520,18653,0.977604866027832
187530,18654,1.1510928869247437
187540,18655,0.832421600818634
187550,18656,0.9010736346244812
187560,18657,1.523066759109497
187570,18658,1.0072277784347534
187580,18659,1.3159297704696655
187590,18660,0.8522591590881348
187600,18661,2.637524366378784
187610,18662,0.7486245632171631
187620,18663,0.8564630150794983
187630,18664,0.8156306743621826
187640,18665,0.5862072706222534
187650,18666,1.1841347217559814
187660,18667,1.9069957733154297
187670,18668,0.7453422546386719
187680,18669,2.6244521141052246
187690,18670,1.8171780109405518
187700,18671,2.040740728378296
187710,18672,0.9830471277236938
187720,18673,1.0859872102737427
187730,18674,1.1876182556152344
187740,18675,1.1706064939498901
187750,18676,0.8534542322158813
187760,18677,0.8926719427108765
187770,18678,0.8999732732772827
187780,18679,0.8641789555549622
187790,18680,1.9702672958374023
187800,18681,1.0020711421966553
187810,18682,1.095902919769287
187820,18683,0.6807728409767151
187830,18684,1.2801756858825684
187840,18685,0.7439184784889221
187850,18686,0.6855021119117737
187860,18687,1.401128888130188
187870,18688,0.8032568097114563
187880,18689,1.411480188369751
187890,18690,0.7853730320930481
187900,18691,0.8509231805801392
187910,18692,1.5240479707717896
187920,18693,0.686791181564331
187930,18694,0.7956448793411255
187940,18695,0.7986796498298645
187950,18696,0.7203060388565063
187960,18697,1.128154993057251
187970,18698,1.3559602499008179
187980,18699,1.1815029382705688
187990,18700,1.2092747688293457
188000,18701,1.727338194847107
188010,18702,1.3716026544570923
188020,18703,1.0154908895492554
188030,18704,2.4447247982025146
188040,18705,0.795898973941803
188050,18706,1.443591594696045
188060,18707,1.139907956123352
188070,18708,1.5467309951782227
188080,18709,1.1370198726654053
188090,18710,1.057744026184082
188100,18711,0.7401439547538757
188110,18712,1.4783152341842651
188120,18713,0.5770740509033203
188130,18714,0.8714399933815002
188140,18715,0.9536113739013672
188150,18716,1.2690585851669312
188160,18717,1.070984959602356
188170,18718,1.1069530248641968
188180,18719,1.2469712495803833
188190,18720,0.7943480610847473
188200,18721,0.5997850298881531
188210,18722,1.25764799118042
188220,18723,1.0525953769683838
188230,18724,0.411658376455307
188240,18725,0.7469582557678223
188250,18726,1.1904009580612183
188260,18727,1.2118370532989502
188270,18728,1.4650379419326782
188280,18729,1.1384458541870117
188290,18730,0.6028765439987183
188300,18731,0.5613865852355957
188310,18732,1.3320562839508057
188320,18733,2.417027473449707
188330,18734,2.8957958221435547
188340,18735,1.107222318649292
188350,18736,0.9205458164215088
188360,18737,1.4971846342086792
188370,18738,1.434034824371338
188380,18739,1.041672706604004
188390,18740,3.238161087036133
188400,18741,0.6355690956115723
188410,18742,2.0259456634521484
188420,18743,0.8546479940414429
188430,18744,1.3019211292266846
188440,18745,5.4146857261657715
188450,18746,2.491405725479126
188460,18747,1.056275725364685
188470,18748,1.534777283668518
188480,18749,1.7473901510238647
188490,18750,0.46540120244026184
188500,18751,1.3902039527893066
188510,18752,0.9694889783859253
188520,18753,1.2382289171218872
188530,18754,1.50076425075531
188540,18755,1.0156195163726807
188550,18756,0.8629475235939026
188560,18757,2.6808345317840576
188570,18758,0.5168735384941101
188580,18759,0.9736771583557129
188590,18760,0.7731223702430725
188600,18761,0.7656128406524658
188610,18762,0.8453890681266785
188620,18763,0.6850057244300842
188630,18764,2.6645348072052
188640,18765,1.0708281993865967
188650,18766,1.7573449611663818
188660,18767,0.6528075933456421
188670,18768,0.5478053092956543
188680,18769,1.1338435411453247
188690,18770,0.8956117033958435
188700,18771,1.1835517883300781
188710,18772,0.6361809372901917
188720,18773,0.692582368850708
188730,18774,0.9017316102981567
188740,18775,0.5837944149971008
188750,18776,1.5397616624832153
188760,18777,1.081023097038269
188770,18778,0.46776992082595825
188780,18779,1.9989579916000366
188790,18780,0.9136119484901428
188800,18781,0.7407258152961731
188810,18782,0.9042844772338867
188820,18783,0.8760217428207397
188830,18784,1.1508800983428955
188840,18785,0.5859330892562866
188850,18786,1.2959500551223755
188860,18787,0.724650502204895
188870,18788,1.03670072555542
188880,18789,0.8727079033851624
188890,18790,0.7238158583641052
188900,18791,0.7063782811164856
188910,18792,0.6618611812591553
188920,18793,0.9325968623161316
188930,18794,1.4609452486038208
188940,18795,0.7460781335830688
188950,18796,0.7523221373558044
188960,18797,0.9383072257041931
188970,18798,0.43618351221084595
188980,18799,0.5886992812156677
188990,18800,1.8050802946090698
189000,18801,1.906418800354004
189010,18802,1.385623812675476
189020,18803,1.1524989604949951
189030,18804,1.0168542861938477
189040,18805,1.4582295417785645
189050,18806,1.4344552755355835
189060,18807,1.040421724319458
189070,18808,1.1453826427459717
189080,18809,0.7616417407989502
189090,18810,0.8722422122955322
189100,18811,0.9679008722305298
189110,18812,1.9789239168167114
189120,18813,0.9229309558868408
189130,18814,1.4445651769638062
189140,18815,1.2304705381393433
189150,18816,0.5957164764404297
189160,18817,1.6443952322006226
189170,18818,1.5586013793945312
189180,18819,0.9813841581344604
189190,18820,1.6316426992416382
189200,18821,1.2895469665527344
189210,18822,0.6822613477706909
189220,18823,0.8643212914466858
189230,18824,1.0020240545272827
189240,18825,1.0303131341934204
189250,18826,2.8494887351989746
189260,18827,0.8750645518302917
189270,18828,1.1318124532699585
189280,18829,1.1230149269104004
189290,18830,0.6574453115463257
189300,18831,1.2901021242141724
189310,18832,3.347064733505249
189320,18833,0.9718894958496094
189330,18834,1.7379984855651855
189340,18835,0.9753427505493164
189350,18836,1.0871429443359375
189360,18837,0.6247671842575073
189370,18838,0.8618710041046143
189380,18839,1.125087022781372
189390,18840,0.7887371182441711
189400,18841,1.2441891431808472
189410,18842,1.0986442565917969
189420,18843,1.2574522495269775
189430,18844,0.8676524758338928
189440,18845,0.8249601721763611
189450,18846,1.0217785835266113
189460,18847,1.088034749031067
189470,18848,1.1116958856582642
189480,18849,1.2914060354232788
189490,18850,1.7628768682479858
189500,18851,3.6015844345092773
189510,18852,0.8605557680130005
189520,18853,1.6923940181732178
189530,18854,1.4683326482772827
189540,18855,1.378963828086853
189550,18856,0.6253384351730347
189560,18857,1.0767111778259277
189570,18858,1.0359669923782349
189580,18859,2.857877492904663
189590,18860,0.6218645572662354
189600,18861,0.6094747185707092
189610,18862,1.2654026746749878
189620,18863,0.6122127771377563
189630,18864,1.6612062454223633
189640,18865,0.8945002555847168
189650,18866,0.893812894821167
189660,18867,0.6645856499671936
189670,18868,0.9363336563110352
189680,18869,1.6267210245132446
189690,18870,0.7712328433990479
189700,18871,0.7437113523483276
189710,18872,0.3815572261810303
189720,18873,1.0049622058868408
189730,18874,0.5400005578994751
189740,18875,1.5467044115066528
189750,18876,1.3896151781082153
189760,18877,0.46310967206954956
189770,18878,0.5723479986190796
189780,18879,0.9893081784248352
189790,18880,0.6524378061294556
189800,18881,0.8035730123519897
189810,18882,0.7882466316223145
189820,18883,0.6611453294754028
189830,18884,0.4490673542022705
189840,18885,0.5177377462387085
189850,18886,0.5077636241912842
189860,18887,0.7449973225593567
189870,18888,0.7597809433937073
189880,18889,0.7327405214309692
189890,18890,1.2268831729888916
189900,18891,2.4748597145080566
189910,18892,0.3967975378036499
189920,18893,0.8379257917404175
189930,18894,1.9649977684020996
189940,18895,0.8451923131942749
189950,18896,0.5115788578987122
189960,18897,0.9282604455947876
189970,18898,0.5375978946685791
189980,18899,1.6083906888961792
189990,18900,1.0267784595489502
190000,18901,1.7771568298339844
190010,18902,0.8580877780914307
190020,18903,0.8863892555236816
190030,18904,1.166951060295105
190040,18905,1.1829663515090942
190050,18906,2.320253849029541
190060,18907,0.7779377698898315
190070,18908,0.5900859832763672
190080,18909,1.968401551246643
190090,18910,0.9312937259674072
190100,18911,0.7909827828407288
190110,18912,0.7275785207748413
190120,18913,1.837899088859558
190130,18914,0.6705324053764343
190140,18915,2.058016538619995
190150,18916,0.791227400302887
190160,18917,2.2433481216430664
190170,18918,1.1019083261489868
190180,18919,1.1896514892578125
190190,18920,1.1007534265518188
190200,18921,1.0602837800979614
190210,18922,1.3386502265930176
190220,18923,0.8978169560432434
190230,18924,0.8368407487869263
190240,18925,0.6204971671104431
190250,18926,1.5395183563232422
190260,18927,0.9037602543830872
190270,18928,0.5299750566482544
190280,18929,0.34907233715057373
190290,18930,1.8688961267471313
190300,18931,0.6755374073982239
190310,18932,0.7377727031707764
190320,18933,2.793419122695923
190330,18934,0.8916109800338745
190340,18935,1.2313576936721802
190350,18936,1.205746054649353
190360,18937,1.0116472244262695
190370,18938,1.1089800596237183
190380,18939,0.7412213683128357
190390,18940,0.971969723701477
190400,18941,1.4390418529510498
190410,18942,1.0969074964523315
190420,18943,0.6406450271606445
190430,18944,0.7381002306938171
190440,18945,1.2778652906417847
190450,18946,1.1102914810180664
190460,18947,0.4851100742816925
190470,18948,1.0448477268218994
190480,18949,0.7939501404762268
190490,18950,0.9124922752380371
190500,18951,0.7123329639434814
190510,18952,1.3412278890609741
190520,18953,1.3109076023101807
190530,18954,1.2007650136947632
190540,18955,0.757922351360321
190550,18956,0.5553542971611023
190560,18957,0.6242135167121887
190570,18958,1.6208008527755737
190580,18959,0.741676926612854
190590,18960,1.0703307390213013
190600,18961,1.4233136177062988
190610,18962,0.5396249294281006
190620,18963,0.978213906288147
190630,18964,1.08381986618042
190640,18965,2.5408811569213867
190650,18966,0.9499493837356567
190660,18967,1.169350266456604
190670,18968,0.5196797251701355
190680,18969,2.344223737716675
190690,18970,1.0794763565063477
190700,18971,0.5465695858001709
190710,18972,0.8297351598739624
190720,18973,0.6945323944091797
190730,18974,0.9819719791412354
190740,18975,0.7766172885894775
190750,18976,0.7104023694992065
190760,18977,0.8596546053886414
190770,18978,0.9757581353187561
190780,18979,0.8045522570610046
190790,18980,1.2129302024841309
190800,18981,1.0048226118087769
190810,18982,1.055935025215149
190820,18983,0.8537799119949341
190830,18984,0.982248067855835
190840,18985,0.4358821213245392
190850,18986,0.8181514739990234
190860,18987,1.0450165271759033
190870,18988,1.5642170906066895
190880,18989,1.001743197441101
190890,18990,1.1739490032196045
190900,18991,1.0559691190719604
190910,18992,0.34582212567329407
190920,18993,0.6187422871589661
190930,18994,0.7305521368980408
190940,18995,0.7404081225395203
190950,18996,0.566165030002594
190960,18997,0.5154101252555847
190970,18998,0.6234433650970459
190980,18999,1.4397796392440796
190990,19000,0.9019807577133179
191000,19001,1.9672484397888184
191010,19002,1.8992650508880615
191020,19003,1.1687594652175903
191030,19004,1.0678136348724365
191040,19005,0.8358756303787231
191050,19006,0.6818380951881409
191060,19007,0.7774454355239868
191070,19008,0.9053630828857422
191080,19009,0.6920886635780334
191090,19010,0.6713806390762329
191100,19011,0.8268831968307495
191110,19012,1.1678035259246826
191120,19013,0.7094193696975708
191130,19014,1.10201895236969
191140,19015,1.127077341079712
191150,19016,1.2431092262268066
191160,19017,0.7782816886901855
191170,19018,0.9713423252105713
191180,19019,0.44995173811912537
191190,19020,0.28099682927131653
191200,19021,1.0329101085662842
191210,19022,0.6932365298271179
191220,19023,0.9224194884300232
191230,19024,1.3018608093261719
191240,19025,0.7350336909294128
191250,19026,0.9329268932342529
191260,19027,0.4764810800552368
191270,19028,1.2491061687469482
191280,19029,0.5058953762054443
191290,19030,1.3740334510803223
191300,19031,0.4030412435531616
191310,19032,0.7709391713142395
191320,19033,0.6642942428588867
191330,19034,1.563693642616272
191340,19035,0.5266847610473633
191350,19036,0.8352985382080078
191360,19037,0.7836653590202332
191370,19038,2.274467706680298
191380,19039,0.9475948214530945
191390,19040,0.8150033950805664
191400,19041,1.6705143451690674
191410,19042,0.8227985501289368
191420,19043,1.1926406621932983
191430,19044,0.8950406908988953
191440,19045,2.063488245010376
191450,19046,0.5824970006942749
191460,19047,0.9795739054679871
191470,19048,0.5184844136238098
191480,19049,0.6785886883735657
191490,19050,0.5812920331954956
191500,19051,0.7508662343025208
191510,19052,1.2416741847991943
191520,19053,1.7986751794815063
191530,19054,0.5671098232269287
191540,19055,0.8853273987770081
191550,19056,1.135723352432251
191560,19057,0.7648040056228638
191570,19058,1.0409080982208252
191580,19059,1.4448909759521484
191590,19060,0.707743763923645
191600,19061,2.564192771911621
191610,19062,0.6293001174926758
191620,19063,1.1551777124404907
191630,19064,0.8860060572624207
191640,19065,1.5018786191940308
191650,19066,0.9673154950141907
191660,19067,0.45657020807266235
191670,19068,1.5955091714859009
191680,19069,0.8155152201652527
191690,19070,1.1032747030258179
191700,19071,0.7375470995903015
191710,19072,0.7844796180725098
191720,19073,1.3744349479675293
191730,19074,0.6307559609413147
191740,19075,1.0960476398468018
191750,19076,0.8908745050430298
191760,19077,0.7573027014732361
191770,19078,0.8145322799682617
191780,19079,0.9205560684204102
191790,19080,0.8997140526771545
191800,19081,0.6831563711166382
191810,19082,0.9479542970657349
191820,19083,0.9718040823936462
191830,19084,1.3011837005615234
191840,19085,1.2025299072265625
191850,19086,1.46486234664917
191860,19087,0.7671961784362793
191870,19088,0.444852739572525
191880,19089,1.8480936288833618
191890,19090,1.4565916061401367
191900,19091,1.5271799564361572
191910,19092,0.7005178332328796
191920,19093,1.0995674133300781
191930,19094,0.8225751519203186
191940,19095,0.906709611415863
191950,19096,1.9764107465744019
191960,19097,0.8699272871017456
191970,19098,1.5995664596557617
191980,19099,1.6533584594726562
191990,19100,0.790378987789154
192000,19101,1.589613437652588
192010,19102,0.7967468500137329
192020,19103,1.5034830570220947
192030,19104,1.7709240913391113
192040,19105,0.8305771350860596
192050,19106,3.472728967666626
192060,19107,1.5607528686523438
192070,19108,0.9770171046257019
192080,19109,1.4029017686843872
192090,19110,1.3383346796035767
192100,19111,0.785271406173706
192110,19112,0.9707735776901245
192120,19113,1.5587170124053955
192130,19114,1.3099992275238037
192140,19115,0.9610583782196045
192150,19116,1.367987036705017
192160,19117,0.8871526718139648
192170,19118,1.0841606855392456
192180,19119,1.491145372390747
192190,19120,1.5647741556167603
192200,19121,3.6194446086883545
192210,19122,2.378009080886841
192220,19123,0.6251728534698486
192230,19124,0.601938009262085
192240,19125,0.6185434460639954
192250,19126,0.6941914558410645
192260,19127,1.5426743030548096
192270,19128,1.9819470643997192
192280,19129,0.537291407585144
192290,19130,1.7948634624481201
192300,19131,0.9927542805671692
192310,19132,0.8270602226257324
192320,19133,0.8781136870384216
192330,19134,0.6680049300193787
192340,19135,0.671433687210083
192350,19136,2.3296661376953125
192360,19137,1.5926101207733154
192370,19138,2.1637234687805176
192380,19139,0.6797477602958679
192390,19140,0.5623491406440735
192400,19141,0.7149345874786377
192410,19142,1.786462664604187
192420,19143,1.3769057989120483
192430,19144,1.005645990371704
192440,19145,1.2839418649673462
192450,19146,0.38967984914779663
192460,19147,0.7422282099723816
192470,19148,0.6783513426780701
192480,19149,1.3502980470657349
192490,19150,1.0681607723236084
192500,19151,1.6138867139816284
192510,19152,0.8359914422035217
192520,19153,0.3853033185005188
192530,19154,0.5853550434112549
192540,19155,0.8844492435455322
192550,19156,1.2445368766784668
192560,19157,0.8192116618156433
192570,19158,1.0625346899032593
192580,19159,0.6145177483558655
192590,19160,1.2110021114349365
192600,19161,1.3544585704803467
192610,19162,1.4262794256210327
192620,19163,1.0905542373657227
192630,19164,0.816124677658081
192640,19165,0.7840128540992737
192650,19166,0.7798048257827759
192660,19167,1.2900946140289307
192670,19168,0.8401452898979187
192680,19169,0.8100588321685791
192690,19170,0.6523603796958923
192700,19171,1.2963613271713257
192710,19172,1.3058416843414307
192720,19173,0.7989893555641174
192730,19174,0.7788403034210205
192740,19175,1.5446563959121704
192750,19176,1.2412480115890503
192760,19177,0.647771418094635
192770,19178,1.479315161705017
192780,19179,0.7986302375793457
192790,19180,0.7813076972961426
192800,19181,0.7547008991241455
192810,19182,0.8176646828651428
192820,19183,1.5499956607818604
192830,19184,0.7892025709152222
192840,19185,0.52877277135849
192850,19186,1.5060473680496216
192860,19187,1.6145111322402954
192870,19188,0.5581841468811035
192880,19189,0.9040844440460205
192890,19190,1.2080272436141968
192900,19191,2.7137300968170166
192910,19192,0.7305122017860413
192920,19193,1.4546220302581787
192930,19194,0.5891568064689636
192940,19195,1.5058735609054565
192950,19196,1.1897683143615723
192960,19197,0.31849992275238037
192970,19198,0.9767276048660278
192980,19199,0.5397829413414001
192990,19200,1.3270148038864136
193000,19201,1.8751239776611328
193010,19202,1.3585243225097656
193020,19203,0.8913124799728394
193030,19204,0.8811172246932983
193040,19205,0.6688821911811829
193050,19206,1.357351303100586
193060,19207,0.6887487173080444
193070,19208,0.8594467043876648
193080,19209,1.5515952110290527
193090,19210,1.2020643949508667
193100,19211,0.8652162551879883
193110,19212,0.9130601286888123
193120,19213,0.6727820634841919
193130,19214,0.9256743788719177
193140,19215,1.1465702056884766
193150,19216,1.2878748178482056
193160,19217,1.2733083963394165
193170,19218,0.537135660648346
193180,19219,3.9020707607269287
193190,19220,1.3606548309326172
193200,19221,2.1423580646514893
193210,19222,0.6753808259963989
193220,19223,1.142419695854187
193230,19224,1.0821304321289062
193240,19225,1.8766839504241943
193250,19226,0.5830618739128113
193260,19227,0.7064733505249023
193270,19228,0.8058033585548401
193280,19229,0.9774070978164673
193290,19230,1.1509735584259033
193300,19231,0.6592636108398438
193310,19232,1.9012199640274048
193320,19233,1.27420973777771
193330,19234,1.0051183700561523
193340,19235,0.8203445076942444
193350,19236,2.348581314086914
193360,19237,0.824127733707428
193370,19238,1.2192226648330688
193380,19239,0.6950944662094116
193390,19240,0.9079412221908569
193400,19241,0.441771537065506
193410,19242,1.0105594396591187
193420,19243,1.8296154737472534
193430,19244,0.741091787815094
193440,19245,1.0689533948898315
193450,19246,1.7781226634979248
193460,19247,1.4283634424209595
193470,19248,0.5674763917922974
193480,19249,0.7940795421600342
193490,19250,1.1870988607406616
193500,19251,0.8963353633880615
193510,19252,1.9050164222717285
193520,19253,1.2388345003128052
193530,19254,0.6313251256942749
193540,19255,0.8617956638336182
193550,19256,1.238913893699646
193560,19257,1.9877698421478271
193570,19258,1.2932467460632324
193580,19259,1.240543007850647
193590,19260,0.7708953022956848
193600,19261,1.1699525117874146
193610,19262,1.6201237440109253
193620,19263,0.46418213844299316
193630,19264,0.6431556344032288
193640,19265,0.9618715643882751
193650,19266,1.0886765718460083
193660,19267,1.091799259185791
193670,19268,0.774033784866333
193680,19269,1.166232705116272
193690,19270,1.7157509326934814
193700,19271,0.7973887920379639
193710,19272,1.4252102375030518
193720,19273,1.0499992370605469
193730,19274,1.5809838771820068
193740,19275,1.4982662200927734
193750,19276,1.0333799123764038
193760,19277,1.3441181182861328
193770,19278,1.9195799827575684
193780,19279,1.2523497343063354
193790,19280,1.671743392944336
193800,19281,1.0128533840179443
193810,19282,0.9723337292671204
193820,19283,1.069422960281372
193830,19284,0.9924579858779907
193840,19285,0.627077579498291
193850,19286,1.3654605150222778
193860,19287,0.8805301785469055
193870,19288,0.5012682676315308
193880,19289,1.4637030363082886
193890,19290,0.8331512212753296
193900,19291,0.8894345760345459
193910,19292,1.1921427249908447
193920,19293,1.6818619966506958
193930,19294,0.6244418621063232
193940,19295,0.9078128337860107
193950,19296,1.162447452545166
193960,19297,1.396714448928833
193970,19298,4.236965656280518
193980,19299,0.9470725059509277
193990,19300,0.7672578692436218
194000,19301,3.2039177417755127
194010,19302,1.2047955989837646
194020,19303,2.96574330329895
194030,19304,1.8464579582214355
194040,19305,1.0921063423156738
194050,19306,0.8382609486579895
194060,19307,7.634361267089844
194070,19308,1.3756835460662842
194080,19309,2.121873378753662
194090,19310,1.0705269575119019
194100,19311,1.5020657777786255
194110,19312,1.3705552816390991
194120,19313,3.3616960048675537
194130,19314,3.528698444366455
194140,19315,2.8791794776916504
194150,19316,1.2823673486709595
194160,19317,2.029566526412964
194170,19318,1.5056343078613281
194180,19319,2.8777127265930176
194190,19320,4.284185886383057
194200,19321,1.244253396987915
194210,19322,1.9673840999603271
194220,19323,1.8087563514709473
194230,19324,1.1226308345794678
194240,19325,0.9408260583877563
194250,19326,0.9528488516807556
194260,19327,3.5869858264923096
194270,19328,2.357980251312256
194280,19329,2.1089110374450684
194290,19330,1.3753480911254883
194300,19331,0.942457914352417
194310,19332,1.499662160873413
194320,19333,1.6810901165008545
194330,19334,2.504239559173584
194340,19335,1.16788649559021
194350,19336,6.786458492279053
194360,19337,2.335512399673462
194370,19338,1.878546118736267
194380,19339,0.7660918831825256
194390,19340,0.7478345036506653
194400,19341,0.740196704864502
194410,19342,1.2777692079544067
194420,19343,1.0292997360229492
194430,19344,2.7706713676452637
194440,19345,1.260303020477295
194450,19346,3.4686150550842285
194460,19347,1.4664297103881836
194470,19348,0.7602525949478149
194480,19349,1.7751283645629883
194490,19350,1.4031890630722046
194500,19351,1.162026286125183
194510,19352,0.9328640103340149
194520,19353,1.8849180936813354
194530,19354,3.805284261703491
194540,19355,1.4570494890213013
194550,19356,1.9229226112365723
194560,19357,0.7495241165161133
194570,19358,1.3286232948303223
194580,19359,1.1601053476333618
194590,19360,0.8339698314666748
194600,19361,0.6725898385047913
194610,19362,1.4479342699050903
194620,19363,0.7316737174987793
194630,19364,1.4598121643066406
194640,19365,0.8087451457977295
194650,19366,0.9226152896881104
194660,19367,1.9146356582641602
194670,19368,0.9874222874641418
194680,19369,1.6086196899414062
194690,19370,1.6628056764602661
194700,19371,0.5445159077644348
194710,19372,0.9169699549674988
194720,19373,1.287996530532837
194730,19374,1.6407191753387451
194740,19375,1.8220467567443848
194750,19376,2.8506429195404053
194760,19377,1.2192648649215698
194770,19378,0.7916398644447327
194780,19379,2.5963401794433594
194790,19380,2.264315128326416
194800,19381,0.911191463470459
194810,19382,1.2067756652832031
194820,19383,1.3306453227996826
194830,19384,1.901809573173523
194840,19385,1.1717503070831299
194850,19386,1.2509315013885498
194860,19387,2.0258865356445312
194870,19388,2.5293338298797607
194880,19389,1.2420401573181152
194890,19390,1.065614938735962
194900,19391,1.451324224472046
194910,19392,0.9825916886329651
194920,19393,1.8845477104187012
194930,19394,2.3179965019226074
194940,19395,1.9502424001693726
194950,19396,1.0317020416259766
194960,19397,1.069751262664795
194970,19398,1.2444437742233276
194980,19399,1.2510782480239868
194990,19400,2.433323860168457
195000,19401,0.7604180574417114
195010,19402,1.294923186302185
195020,19403,1.4362215995788574
195030,19404,1.6146568059921265
195040,19405,0.7999855875968933
195050,19406,0.9949731230735779
195060,19407,1.0004066228866577
195070,19408,1.38576340675354
195080,19409,0.40290483832359314
195090,19410,1.0480657815933228
195100,19411,0.924616813659668
195110,19412,0.9848527908325195
195120,19413,1.775809645652771
195130,19414,1.1197879314422607
195140,19415,1.969717025756836
195150,19416,1.407029151916504
195160,19417,0.8987099528312683
195170,19418,1.449319839477539
195180,19419,1.1543583869934082
195190,19420,0.8216269612312317
195200,19421,1.7095282077789307
195210,19422,3.11133074760437
195220,19423,0.9600310325622559
195230,19424,0.8947489857673645
195240,19425,1.4952659606933594
195250,19426,1.4918694496154785
195260,19427,1.9696528911590576
195270,19428,1.6000497341156006
195280,19429,4.084827423095703
195290,19430,1.7514959573745728
195300,19431,2.198124885559082
195310,19432,1.7718875408172607
195320,19433,1.3267070055007935
195330,19434,2.9934537410736084
195340,19435,2.153913974761963
195350,19436,1.8455511331558228
195360,19437,2.589073896408081
195370,19438,1.028738260269165
195380,19439,1.1287692785263062
195390,19440,1.6365928649902344
195400,19441,1.7347723245620728
195410,19442,1.1140387058258057
195420,19443,1.1276429891586304
195430,19444,1.5846881866455078
195440,19445,0.7090587019920349
195450,19446,0.7188600897789001
195460,19447,2.4689059257507324
195470,19448,0.6354557275772095
195480,19449,0.8748138546943665
195490,19450,1.1584078073501587
195500,19451,2.0007781982421875
195510,19452,2.945467948913574
195520,19453,0.7691380381584167
195530,19454,1.2890721559524536
195540,19455,1.238084077835083
195550,19456,0.7096951007843018
195560,19457,1.34315824508667
195570,19458,0.5953173637390137
195580,19459,1.2566380500793457
195590,19460,1.0928564071655273
195600,19461,1.42979097366333
195610,19462,1.1761844158172607
195620,19463,0.8849347829818726
195630,19464,1.2040096521377563
195640,19465,1.7291090488433838
195650,19466,2.358558177947998
195660,19467,1.831112265586853
195670,19468,1.1999974250793457
195680,19469,1.0776562690734863
195690,19470,1.3229923248291016
195700,19471,1.5603090524673462
195710,19472,0.817172110080719
195720,19473,1.0953370332717896
195730,19474,1.4554433822631836
195740,19475,1.165900468826294
195750,19476,1.0399631261825562
195760,19477,1.1936392784118652
195770,19478,3.1461939811706543
195780,19479,1.0529230833053589
195790,19480,0.5149325132369995
195800,19481,0.8178759217262268
195810,19482,1.7920048236846924
195820,19483,0.7643847465515137
195830,19484,2.9076263904571533
195840,19485,2.7626640796661377
195850,19486,1.0358209609985352
195860,19487,1.0402947664260864
195870,19488,1.0967438220977783
195880,19489,0.868964433670044
195890,19490,0.6399152278900146
195900,19491,0.9627582430839539
195910,19492,0.9324687719345093
195920,19493,1.393898606300354
195930,19494,1.6232309341430664
195940,19495,1.2726309299468994
195950,19496,1.1619988679885864
195960,19497,0.9637850522994995
195970,19498,1.4904701709747314
195980,19499,0.7852279543876648
195990,19500,1.7123982906341553
196000,19501,0.9049906134605408
196010,19502,1.5168672800064087
196020,19503,0.9368429780006409
196030,19504,1.791845440864563
196040,19505,1.5346064567565918
196050,19506,0.995074450969696
196060,19507,1.3012256622314453
196070,19508,3.923036813735962
196080,19509,1.3247796297073364
196090,19510,1.728126049041748
196100,19511,1.0566961765289307
196110,19512,1.273200273513794
196120,19513,2.49281644821167
196130,19514,1.308609127998352
196140,19515,1.2058372497558594
196150,19516,1.488711953163147
196160,19517,2.1232752799987793
196170,19518,0.9716923236846924
196180,19519,0.9557108283042908
196190,19520,1.213876724243164
196200,19521,0.7488808035850525
196210,19522,1.4504450559616089
196220,19523,1.6488332748413086
196230,19524,7.216684818267822
196240,19525,1.2197259664535522
196250,19526,1.0958107709884644
196260,19527,0.7934035062789917
196270,19528,1.8657832145690918
196280,19529,2.148221015930176
196290,19530,0.9530253410339355
196300,19531,1.8395051956176758
196310,19532,1.3106389045715332
196320,19533,1.4839569330215454
196330,19534,0.7596274018287659
196340,19535,0.9864113330841064
196350,19536,0.6156366467475891
196360,19537,1.286012887954712
196370,19538,1.0281660556793213
196380,19539,1.561346411705017
196390,19540,1.9570162296295166
196400,19541,1.2109179496765137
196410,19542,1.3217169046401978
196420,19543,1.6811645030975342
196430,19544,1.2633620500564575
196440,19545,0.4612334072589874
196450,19546,1.0398880243301392
196460,19547,0.9311767220497131
196470,19548,1.0005438327789307
196480,19549,1.2878553867340088
196490,19550,1.2551021575927734
196500,19551,0.7179833054542542
196510,19552,0.8522223234176636
196520,19553,3.2860381603240967
196530,19554,0.577776312828064
196540,19555,1.2900503873825073
196550,19556,1.9713534116744995
196560,19557,2.31258487701416
196570,19558,0.6076511144638062
196580,19559,0.8609276413917542
196590,19560,1.212807297706604
196600,19561,0.95836341381073
196610,19562,2.96063232421875
196620,19563,1.3158317804336548
196630,19564,1.2457140684127808
196640,19565,1.067213773727417
196650,19566,0.6677745580673218
196660,19567,1.1040067672729492
196670,19568,1.2271074056625366
196680,19569,0.5619808435440063
196690,19570,1.1548151969909668
196700,19571,0.7084928154945374
196710,19572,2.383565902709961
196720,19573,0.9865237474441528
196730,19574,0.97845458984375
196740,19575,1.2679299116134644
196750,19576,1.0310378074645996
196760,19577,0.49913546442985535
196770,19578,1.4014002084732056
196780,19579,0.6815920472145081
196790,19580,0.9616080522537231
196800,19581,0.857772707939148
196810,19582,1.1170454025268555
196820,19583,1.5859407186508179
196830,19584,1.7271307706832886
196840,19585,1.2202099561691284
196850,19586,0.9209866523742676
196860,19587,1.5162734985351562
196870,19588,0.45096108317375183
196880,19589,0.970696747303009
196890,19590,0.8706387281417847
196900,19591,0.7635737657546997
196910,19592,2.6991782188415527
196920,19593,2.891902446746826
196930,19594,0.9042677283287048
196940,19595,2.252692699432373
196950,19596,0.7703371047973633
196960,19597,0.9171013236045837
196970,19598,0.9416990876197815
196980,19599,1.1845073699951172
196990,19600,0.6611810326576233
197000,19601,1.1150116920471191
197010,19602,0.8875868320465088
197020,19603,1.024234414100647
197030,19604,1.3620617389678955
197040,19605,1.0186166763305664
197050,19606,1.0706366300582886
197060,19607,3.000365972518921
197070,19608,1.1843798160552979
197080,19609,1.1753875017166138
197090,19610,0.9556632041931152
197100,19611,1.6939518451690674
197110,19612,0.9435120820999146
197120,19613,2.5269551277160645
197130,19614,1.9243805408477783
197140,19615,2.2791519165039062
197150,19616,0.8329126238822937
197160,19617,1.0083333253860474
197170,19618,0.9863594770431519
197180,19619,1.1558606624603271
197190,19620,0.74318927526474
197200,19621,1.8580691814422607
197210,19622,0.9574706554412842
197220,19623,1.038190245628357
197230,19624,1.0482151508331299
197240,19625,2.310114622116089
197250,19626,0.6819979548454285
197260,19627,1.4471971988677979
197270,19628,1.1845729351043701
197280,19629,1.0421510934829712
197290,19630,0.8526390194892883
197300,19631,1.0096168518066406
197310,19632,2.104844808578491
197320,19633,0.9441538453102112
197330,19634,1.5152474641799927
197340,19635,2.24835205078125
197350,19636,1.329254150390625
197360,19637,1.146274447441101
197370,19638,1.0568774938583374
197380,19639,0.597148597240448
197390,19640,2.850484609603882
197400,19641,1.1873693466186523
197410,19642,0.9728323221206665
197420,19643,1.6356345415115356
197430,19644,0.8932639956474304
197440,19645,0.94675213098526
197450,19646,1.019251823425293
197460,19647,1.6346931457519531
197470,19648,0.7316216826438904
197480,19649,0.5269580483436584
197490,19650,0.863106906414032
197500,19651,1.2563201189041138
197510,19652,2.443650007247925
197520,19653,1.1110302209854126
197530,19654,1.61609947681427
197540,19655,0.7266794443130493
197550,19656,0.9063411951065063
197560,19657,1.2362900972366333
197570,19658,1.5684974193572998
197580,19659,0.5886533260345459
197590,19660,1.5589165687561035
197600,19661,0.7297794818878174
197610,19662,0.7075827717781067
197620,19663,0.8830003142356873
197630,19664,1.4618247747421265
197640,19665,0.7955928444862366
197650,19666,1.155155897140503
197660,19667,1.380196213722229
197670,19668,0.33573850989341736
197680,19669,1.1076501607894897
197690,19670,2.020745277404785
197700,19671,1.1464115381240845
197710,19672,1.2835354804992676
197720,19673,2.1364734172821045
197730,19674,1.2863726615905762
197740,19675,1.3898664712905884
197750,19676,1.2555047273635864
197760,19677,1.1499963998794556
197770,19678,1.335026502609253
197780,19679,0.8972086906433105
197790,19680,1.679205298423767
197800,19681,1.1825817823410034
197810,19682,1.6441080570220947
197820,19683,1.2321795225143433
197830,19684,1.9851775169372559
197840,19685,1.3198801279067993
197850,19686,0.5562353134155273
197860,19687,1.1710309982299805
197870,19688,1.436118245124817
197880,19689,1.122314453125
197890,19690,1.0868576765060425
197900,19691,0.8753551244735718
197910,19692,0.9311702251434326
197920,19693,1.2934225797653198
197930,19694,1.4811075925827026
197940,19695,0.9610547423362732
197950,19696,1.3448867797851562
197960,19697,0.7346471548080444
197970,19698,0.970512866973877
197980,19699,0.8292902112007141
197990,19700,1.6858031749725342
198000,19701,0.7537135481834412
198010,19702,2.3084654808044434
198020,19703,1.4152073860168457
198030,19704,1.0768756866455078
198040,19705,0.7494868636131287
198050,19706,1.5984883308410645
198060,19707,0.7106240391731262
198070,19708,1.3273226022720337
198080,19709,1.8875013589859009
198090,19710,0.8043918609619141
198100,19711,0.8769849538803101
198110,19712,1.0143399238586426
198120,19713,0.6174332499504089
198130,19714,1.1758878231048584
198140,19715,1.5539672374725342
198150,19716,1.642286777496338
198160,19717,1.448630452156067
198170,19718,1.2037516832351685
198180,19719,1.977766752243042
198190,19720,1.1056292057037354
198200,19721,2.5565123558044434
198210,19722,3.306854248046875
198220,19723,1.0863969326019287
198230,19724,1.2884676456451416
198240,19725,1.062116026878357
198250,19726,0.422317773103714
198260,19727,0.6102160215377808
198270,19728,1.2891976833343506
198280,19729,4.113493919372559
198290,19730,1.7066105604171753
198300,19731,1.4235364198684692
198310,19732,0.9499394297599792
198320,19733,1.57620370388031
198330,19734,1.0910338163375854
198340,19735,1.129765272140503
198350,19736,1.0843557119369507
198360,19737,1.753109335899353
198370,19738,1.465396523475647
198380,19739,2.0691821575164795
198390,19740,1.048044204711914
198400,19741,4.215865135192871
198410,19742,1.102447509765625
198420,19743,2.318542003631592
198430,19744,1.0463802814483643
198440,19745,2.3867814540863037
198450,19746,0.555479109287262
198460,19747,1.5684447288513184
198470,19748,2.3003227710723877
198480,19749,0.614561140537262
198490,19750,1.0022733211517334
198500,19751,0.6173821687698364
198510,19752,1.2692859172821045
198520,19753,1.651489496231079
198530,19754,0.745633602142334
198540,19755,1.868466854095459
198550,19756,3.8062384128570557
198560,19757,1.7855089902877808
198570,19758,0.4310062825679779
198580,19759,1.8875502347946167
198590,19760,1.614583134651184
198600,19761,1.378284215927124
198610,19762,1.2254215478897095
198620,19763,1.792762041091919
198630,19764,1.6223394870758057
198640,19765,1.2907689809799194
198650,19766,1.1634052991867065
198660,19767,1.5628149509429932
198670,19768,1.6967437267303467
198680,19769,1.5651012659072876
198690,19770,1.860352873802185
198700,19771,0.9973663091659546
198710,19772,0.9136253595352173
198720,19773,0.7980165481567383
198730,19774,1.257152795791626
198740,19775,1.389672040939331
198750,19776,1.6695417165756226
198760,19777,1.7311362028121948
198770,19778,2.2219955921173096
198780,19779,1.639347791671753
198790,19780,1.1508405208587646
198800,19781,0.9169697761535645
198810,19782,1.2471652030944824
198820,19783,0.5281276702880859
198830,19784,1.2376677989959717
198840,19785,0.9486159086227417
198850,19786,1.2657324075698853
198860,19787,1.725778341293335
198870,19788,1.031745195388794
198880,19789,0.4578990936279297
198890,19790,1.654016375541687
198900,19791,1.4456491470336914
198910,19792,1.170817255973816
198920,19793,1.3908476829528809
198930,19794,1.0333366394042969
198940,19795,2.725456953048706
198950,19796,0.5454827547073364
198960,19797,1.0831584930419922
198970,19798,0.6785619854927063
198980,19799,1.6059603691101074
198990,19800,2.420969247817993
199000,19801,1.3310856819152832
199010,19802,2.3850839138031006
199020,19803,1.0359300374984741
199030,19804,2.3787851333618164
199040,19805,0.5751199126243591
199050,19806,0.8126881122589111
199060,19807,1.1915874481201172
199070,19808,1.9310741424560547
199080,19809,1.7337841987609863
199090,19810,1.3738343715667725
199100,19811,0.8219007849693298
199110,19812,0.6854233741760254
199120,19813,1.197690486907959
199130,19814,1.627876877784729
199140,19815,0.9023579359054565
199150,19816,2.2840170860290527
199160,19817,1.297773003578186
199170,19818,1.4617557525634766
199180,19819,1.1301138401031494
199190,19820,0.7193771600723267
199200,19821,1.6473289728164673
199210,19822,1.680017113685608
199220,19823,1.9479249715805054
199230,19824,0.4597175717353821
199240,19825,1.5759153366088867
199250,19826,0.8720590472221375
199260,19827,1.2854617834091187
199270,19828,1.1885699033737183
199280,19829,0.41668036580085754
199290,19830,2.1876373291015625
199300,19831,1.0214688777923584
199310,19832,0.5442274212837219
199320,19833,1.3687289953231812
199330,19834,0.8943795561790466
199340,19835,1.428861141204834
199350,19836,1.4513401985168457
199360,19837,2.0739598274230957
199370,19838,1.0743650197982788
199380,19839,1.4973427057266235
199390,19840,1.274861454963684
199400,19841,1.0526554584503174
199410,19842,0.7324592471122742
199420,19843,0.8378471732139587
199430,19844,0.8047909140586853
199440,19845,1.2656439542770386
199450,19846,0.9263165593147278
199460,19847,0.889176607131958
199470,19848,1.8232084512710571
199480,19849,0.6053491830825806
199490,19850,0.9231370687484741
199500,19851,0.7319536209106445
199510,19852,1.3922868967056274
199520,19853,1.3124430179595947
199530,19854,1.317270278930664
199540,19855,1.2515630722045898
199550,19856,1.2820931673049927
199560,19857,1.4077962636947632
199570,19858,1.66032874584198
199580,19859,0.7270833849906921
199590,19860,1.7695235013961792
199600,19861,0.3588212728500366
199610,19862,1.1372789144515991
199620,19863,0.6874767541885376
199630,19864,0.7772573232650757
199640,19865,0.8989899754524231
199650,19866,0.603867769241333
199660,19867,1.1329195499420166
199670,19868,1.0683890581130981
199680,19869,2.0202081203460693
199690,19870,1.4057806730270386
199700,19871,1.0171642303466797
199710,19872,0.5475571155548096
199720,19873,1.3016103506088257
199730,19874,0.47750699520111084
199740,19875,1.0622209310531616
199750,19876,1.4787704944610596
199760,19877,1.2570767402648926
199770,19878,0.7508726716041565
199780,19879,0.9191865921020508
199790,19880,0.7338707447052002
199800,19881,0.6945515275001526
199810,19882,6.806867599487305
199820,19883,1.595815658569336
199830,19884,0.722762942314148
199840,19885,0.7133485674858093
199850,19886,1.386828064918518
199860,19887,0.5984419584274292
199870,19888,1.358475923538208
199880,19889,1.6222201585769653
199890,19890,1.0394152402877808
199900,19891,1.8669342994689941
199910,19892,0.9248865842819214
199920,19893,1.0698167085647583
199930,19894,1.1372836828231812
199940,19895,1.489042043685913
199950,19896,1.399505615234375
199960,19897,0.8036712408065796
199970,19898,2.4522476196289062
199980,19899,1.2458162307739258
199990,19900,0.9889988303184509
200000,19901,0.6820470094680786
