environment_step,learning_update,td_loss
70,1,0.007541988044977188
80,2,0.0476042777299881
90,3,0.04800298437476158
100,4,0.05205677077174187
110,5,0.04186941683292389
120,6,0.12199321389198303
130,7,0.39496269822120667
140,8,0.1863413006067276
150,9,0.19257865846157074
160,10,0.2915186583995819
170,11,0.3205219805240631
180,12,0.23511022329330444
190,13,0.42139020562171936
200,14,0.16074201464653015
210,15,0.1447705328464508
220,16,0.1578664928674698
230,17,0.21699762344360352
240,18,0.4135640561580658
250,19,0.0993034690618515
260,20,0.12469971925020218
270,21,0.2749179005622864
280,22,0.2128140777349472
290,23,0.16789600253105164
300,24,0.25885581970214844
310,25,0.0949154794216156
320,26,0.21882480382919312
330,27,0.16590917110443115
340,28,0.21377623081207275
350,29,0.3741854429244995
360,30,0.2383471578359604
370,31,0.16624821722507477
380,32,0.46124374866485596
390,33,0.10340678691864014
400,34,0.43687766790390015
410,35,0.25684744119644165
420,36,0.2769266963005066
430,37,0.24364949762821198
440,38,0.3052767813205719
450,39,0.4737277925014496
460,40,0.07696878910064697
470,41,0.18955080211162567
480,42,0.2966553568840027
490,43,0.1834641396999359
500,44,0.26589930057525635
510,45,0.2530564069747925
520,46,0.22787147760391235
530,47,0.37736061215400696
540,48,0.39078181982040405
550,49,0.2857262194156647
560,50,0.5605065822601318
570,51,0.2937224209308624
580,52,0.4480849504470825
590,53,0.2746596932411194
600,54,0.5310888290405273
610,55,0.2941763997077942
620,56,0.4410742521286011
630,57,0.4038273096084595
640,58,0.3346202075481415
650,59,0.4841630458831787
660,60,0.30731201171875
670,61,0.4356534779071808
680,62,0.3043324053287506
690,63,0.2254182994365692
700,64,0.48753470182418823
710,65,0.47328415513038635
720,66,0.3655821979045868
730,67,0.3279833197593689
740,68,0.5108368396759033
750,69,0.31840798258781433
760,70,0.13978520035743713
770,71,0.21553729474544525
780,72,0.44022873044013977
790,73,0.31059837341308594
800,74,0.28152093291282654
810,75,0.28719714283943176
820,76,0.10598848015069962
830,77,0.4582251310348511
840,78,0.5195348262786865
850,79,0.4140290319919586
860,80,0.3485483229160309
870,81,0.1453532576560974
880,82,0.4872188866138458
890,83,0.35280027985572815
900,84,0.19410604238510132
910,85,0.35796844959259033
920,86,0.21538355946540833
930,87,0.27868643403053284
940,88,0.3563843071460724
950,89,0.28048422932624817
960,90,0.23957720398902893
970,91,0.3343413472175598
980,92,0.745052695274353
990,93,0.24843452870845795
1000,94,0.34093743562698364
1010,95,0.2759668529033661
1020,96,0.5616399049758911
1030,97,0.20710594952106476
1040,98,0.5496991276741028
1050,99,0.4632163643836975
1060,100,0.44647473096847534
1070,101,0.39550262689590454
1080,102,0.3078829050064087
1090,103,0.34692803025245667
1100,104,0.2728327810764313
1110,105,0.23225167393684387
1120,106,0.4789600372314453
1130,107,0.3136187791824341
1140,108,0.3603716492652893
1150,109,0.3986110985279083
1160,110,0.4089311957359314
1170,111,0.4371209740638733
1180,112,0.37235310673713684
1190,113,0.37108325958251953
1200,114,0.27511176466941833
1210,115,0.3924660086631775
1220,116,0.5163900852203369
1230,117,0.4229421019554138
1240,118,0.31507018208503723
1250,119,0.344232439994812
1260,120,0.4697088599205017
1270,121,0.4323004186153412
1280,122,0.1730065494775772
1290,123,0.4698922038078308
1300,124,0.6476038098335266
1310,125,0.37331902980804443
1320,126,0.7202582955360413
1330,127,0.6600282788276672
1340,128,0.5534350275993347
1350,129,0.3470567464828491
1360,130,0.2731591463088989
1370,131,0.30622997879981995
1380,132,0.22167471051216125
1390,133,0.7514358162879944
1400,134,0.3837272524833679
1410,135,0.4587644934654236
1420,136,0.36994224786758423
1430,137,0.6386569738388062
1440,138,0.4062047004699707
1450,139,0.5740453600883484
1460,140,0.34083235263824463
1470,141,0.4423927068710327
1480,142,0.2828584313392639
1490,143,0.7150614261627197
1500,144,0.14809167385101318
1510,145,0.3962652087211609
1520,146,0.4233225882053375
1530,147,0.6633756756782532
1540,148,0.8918033242225647
1550,149,0.4295816123485565
1560,150,0.5774795413017273
1570,151,0.45186173915863037
1580,152,0.19712993502616882
1590,153,0.3785867691040039
1600,154,0.32973968982696533
1610,155,0.3548256456851959
1620,156,0.4040188789367676
1630,157,0.463279128074646
1640,158,0.35100117325782776
1650,159,0.2428155094385147
1660,160,0.7358258366584778
1670,161,0.5767967104911804
1680,162,0.5693677663803101
1690,163,0.5575153827667236
1700,164,0.4073481559753418
1710,165,0.30434778332710266
1720,166,0.41413450241088867
1730,167,0.5946574211120605
1740,168,0.35294923186302185
1750,169,0.27691712975502014
1760,170,0.24705550074577332
1770,171,0.5385817289352417
1780,172,0.508053719997406
1790,173,0.6289735436439514
1800,174,0.48008492588996887
1810,175,0.7806316018104553
1820,176,0.6262760758399963
1830,177,0.3893889784812927
1840,178,0.6565738916397095
1850,179,0.20183327794075012
1860,180,0.29120880365371704
1870,181,0.509956955909729
1880,182,0.3278750777244568
1890,183,0.44772323966026306
1900,184,0.4100238084793091
1910,185,0.6083875298500061
1920,186,0.49748343229293823
1930,187,0.5086550712585449
1940,188,0.4170829951763153
1950,189,0.3445270359516144
1960,190,0.7827758193016052
1970,191,0.4769415855407715
1980,192,0.5316816568374634
1990,193,0.30285435914993286
2000,194,0.4267071783542633
2010,195,0.30939939618110657
2020,196,0.4602018892765045
2030,197,0.2800343632698059
2040,198,0.3225134611129761
2050,199,0.5506457090377808
2060,200,0.21495500206947327
2070,201,0.35090696811676025
2080,202,0.6246647834777832
2090,203,0.3760588765144348
2100,204,0.38118693232536316
2110,205,0.4428139328956604
2120,206,0.7106392979621887
2130,207,0.3904719948768616
2140,208,0.31761738657951355
2150,209,0.4683274030685425
2160,210,0.44559529423713684
2170,211,0.4445493519306183
2180,212,0.3072199523448944
2190,213,0.16717661917209625
2200,214,0.43158724904060364
2210,215,0.37319451570510864
2220,216,0.6280386447906494
2230,217,0.3377036154270172
2240,218,0.28086668252944946
2250,219,0.4334012567996979
2260,220,0.5067532658576965
2270,221,0.9572672843933105
2280,222,0.4600333273410797
2290,223,0.2931945323944092
2300,224,0.46445780992507935
2310,225,0.2617844045162201
2320,226,0.39375385642051697
2330,227,0.2881816029548645
2340,228,0.4316864013671875
2350,229,0.5547342300415039
2360,230,0.4233919084072113
2370,231,0.5090544819831848
2380,232,0.7263834476470947
2390,233,0.34593671560287476
2400,234,0.6906463503837585
2410,235,0.6460886001586914
2420,236,0.3688764274120331
2430,237,0.5575463771820068
2440,238,0.28291788697242737
2450,239,0.4577522277832031
2460,240,0.2962345778942108
2470,241,0.4250604212284088
2480,242,0.7836099863052368
2490,243,0.5521347522735596
2500,244,0.4857028126716614
2510,245,0.5977647304534912
2520,246,0.5170962810516357
2530,247,0.3715957999229431
2540,248,0.5659775733947754
2550,249,0.5013666152954102
2560,250,0.5346964001655579
2570,251,0.6206581592559814
2580,252,0.4534555971622467
2590,253,0.48000332713127136
2600,254,0.5890265107154846
2610,255,0.3970346748828888
2620,256,0.35010480880737305
2630,257,0.37088894844055176
2640,258,0.291035920381546
2650,259,1.034897804260254
2660,260,0.4429885149002075
2670,261,0.3062603771686554
2680,262,0.5358072519302368
2690,263,0.5251052975654602
2700,264,0.3740125894546509
2710,265,0.8578526973724365
2720,266,0.5478190779685974
2730,267,0.3627437949180603
2740,268,0.5739020705223083
2750,269,0.5008063316345215
2760,270,0.4954015910625458
2770,271,0.332713782787323
2780,272,0.5124642252922058
2790,273,0.3506516218185425
2800,274,0.41943204402923584
2810,275,0.5229449272155762
2820,276,0.42354056239128113
2830,277,0.6012776494026184
2840,278,0.35189130902290344
2850,279,0.32026082277297974
2860,280,0.6235229969024658
2870,281,0.22902895510196686
2880,282,0.4342527389526367
2890,283,0.4721042513847351
2900,284,0.34207192063331604
2910,285,0.6476467251777649
2920,286,0.24062462151050568
2930,287,0.27228835225105286
2940,288,0.7967014908790588
2950,289,0.5618098378181458
2960,290,0.749374508857727
2970,291,0.39141732454299927
2980,292,0.4010675251483917
2990,293,0.5332871079444885
3000,294,0.3494892716407776
3010,295,0.4594240188598633
3020,296,0.3352472186088562
3030,297,0.5464133024215698
3040,298,0.7073695659637451
3050,299,0.7108983397483826
3060,300,0.7199135422706604
3070,301,0.3136196732521057
3080,302,0.4084046185016632
3090,303,0.7449455261230469
3100,304,0.39878085255622864
3110,305,0.7438868284225464
3120,306,0.48408156633377075
3130,307,0.5187662839889526
3140,308,0.4352273941040039
3150,309,0.4398467540740967
3160,310,0.3476102650165558
3170,311,0.5013234615325928
3180,312,0.2646838128566742
3190,313,0.45568254590034485
3200,314,0.6500335931777954
3210,315,0.38552170991897583
3220,316,0.46214625239372253
3230,317,0.6740440726280212
3240,318,0.43995732069015503
3250,319,0.4773007929325104
3260,320,0.580196738243103
3270,321,0.6360089182853699
3280,322,0.3935302495956421
3290,323,0.22695396840572357
3300,324,0.3282179534435272
3310,325,0.40596455335617065
3320,326,0.4088374972343445
3330,327,0.38980820775032043
3340,328,0.29823198914527893
3350,329,0.40873444080352783
3360,330,0.5720755457878113
3370,331,0.5375439524650574
3380,332,0.3387564420700073
3390,333,0.36245760321617126
3400,334,0.3413439691066742
3410,335,0.3496161699295044
3420,336,0.5702277421951294
3430,337,0.5019134879112244
3440,338,0.3863403797149658
3450,339,0.521788477897644
3460,340,0.46176832914352417
3470,341,0.916728138923645
3480,342,0.5534723997116089
3490,343,0.3989899754524231
3500,344,0.43050986528396606
3510,345,0.3530002534389496
3520,346,0.4239164888858795
3530,347,0.5029304027557373
3540,348,0.649439811706543
3550,349,0.431120902299881
3560,350,0.3718770444393158
3570,351,0.6609059572219849
3580,352,0.4804975092411041
3590,353,0.7080062627792358
3600,354,0.5316118001937866
3610,355,0.4639369249343872
3620,356,0.442876398563385
3630,357,0.3996865749359131
3640,358,0.7218365669250488
3650,359,0.5659862756729126
3660,360,0.27708500623703003
3670,361,0.6281548142433167
3680,362,0.3522469699382782
3690,363,0.5884372591972351
3700,364,0.36964723467826843
3710,365,0.41796737909317017
3720,366,0.6916811466217041
3730,367,0.5111745595932007
3740,368,0.2671736478805542
3750,369,0.5326594114303589
3760,370,0.4523169696331024
3770,371,0.6972223520278931
3780,372,0.5404500961303711
3790,373,0.3536932170391083
3800,374,0.4441068470478058
3810,375,0.44036367535591125
3820,376,0.31447383761405945
3830,377,0.3028486967086792
3840,378,0.4859490394592285
3850,379,0.4406995475292206
3860,380,0.27039381861686707
3870,381,0.19953680038452148
3880,382,0.41640493273735046
3890,383,0.5099915862083435
3900,384,0.44321203231811523
3910,385,0.8500714302062988
3920,386,0.5097735524177551
3930,387,0.536200225353241
3940,388,0.48236241936683655
3950,389,0.2847162187099457
3960,390,0.3688209056854248
3970,391,0.5233734846115112
3980,392,0.3373984694480896
3990,393,0.4452346861362457
4000,394,0.5175949335098267
4010,395,0.32307136058807373
4020,396,0.3773348927497864
4030,397,0.5745847821235657
4040,398,0.34007376432418823
4050,399,0.6595295071601868
4060,400,0.3582860231399536
4070,401,0.3711784780025482
4080,402,0.5624197721481323
4090,403,0.348949134349823
4100,404,0.34401294589042664
4110,405,0.38402658700942993
4120,406,0.460506796836853
4130,407,0.6911830306053162
4140,408,0.4108838737010956
4150,409,0.37081968784332275
4160,410,0.5948543548583984
4170,411,0.3280474841594696
4180,412,0.4790574014186859
4190,413,0.6507028341293335
4200,414,0.6361551284790039
4210,415,0.44600528478622437
4220,416,0.6286684274673462
4230,417,0.8270904421806335
4240,418,0.6540927290916443
4250,419,0.6664965748786926
4260,420,0.40595394372940063
4270,421,0.8024818897247314
4280,422,0.42019328474998474
4290,423,0.2915516793727875
4300,424,0.31317877769470215
4310,425,0.5614609122276306
4320,426,0.36440956592559814
4330,427,0.293387234210968
4340,428,0.5154871940612793
4350,429,0.2705346345901489
4360,430,0.30132222175598145
4370,431,0.7383535504341125
4380,432,0.476852148771286
4390,433,0.5905801057815552
4400,434,0.5503692030906677
4410,435,0.5536651611328125
4420,436,0.3485935628414154
4430,437,0.865211009979248
4440,438,0.49348071217536926
4450,439,0.6165647506713867
4460,440,0.4365685284137726
4470,441,0.4350414276123047
4480,442,0.8956050872802734
4490,443,0.593127965927124
4500,444,0.43358874320983887
4510,445,0.6127238273620605
4520,446,0.4691035747528076
4530,447,0.38630133867263794
4540,448,0.47248971462249756
4550,449,0.4677612781524658
4560,450,0.40697094798088074
4570,451,0.388599693775177
4580,452,0.4336996376514435
4590,453,0.4078797399997711
4600,454,0.42732036113739014
4610,455,0.29860180616378784
4620,456,0.5304276943206787
4630,457,0.7803054451942444
4640,458,0.23464541137218475
4650,459,0.4342230260372162
4660,460,0.5893819332122803
4670,461,0.31248047947883606
4680,462,0.5065301656723022
4690,463,0.5797805190086365
4700,464,0.26063838601112366
4710,465,0.36580395698547363
4720,466,0.5095279216766357
4730,467,0.6153389811515808
4740,468,0.36068564653396606
4750,469,0.4098924696445465
4760,470,0.5181299448013306
4770,471,0.27697819471359253
4780,472,0.5504701137542725
4790,473,0.4635349214076996
4800,474,0.4655809998512268
4810,475,0.37853604555130005
4820,476,0.49006587266921997
4830,477,0.47775137424468994
4840,478,0.28199246525764465
4850,479,0.5736779570579529
4860,480,0.4397761821746826
4870,481,0.5109436511993408
4880,482,0.6289469599723816
4890,483,0.6935554146766663
4900,484,0.48177802562713623
4910,485,0.6013233065605164
4920,486,0.6193218231201172
4930,487,0.3781904876232147
4940,488,0.4735274612903595
4950,489,0.34187883138656616
4960,490,0.7014066576957703
4970,491,0.6281530261039734
4980,492,0.3176286816596985
4990,493,0.2059929072856903
5000,494,0.772979736328125
5010,495,0.46464774012565613
5020,496,0.7232165932655334
5030,497,0.4746178984642029
5040,498,0.47062087059020996
5050,499,0.4070252478122711
5060,500,0.42805057764053345
5070,501,0.3568611145019531
5080,502,0.40434694290161133
5090,503,0.563077986240387
5100,504,0.27985161542892456
5110,505,0.6452636122703552
5120,506,0.5654852986335754
5130,507,0.2600940465927124
5140,508,0.4491533041000366
5150,509,0.6624948382377625
5160,510,0.5477402210235596
5170,511,0.5052854418754578
5180,512,0.5030801892280579
5190,513,0.24086546897888184
5200,514,0.5732733607292175
5210,515,0.47999951243400574
5220,516,0.5774654150009155
5230,517,0.5385954976081848
5240,518,0.4877529740333557
5250,519,0.4147758483886719
5260,520,0.433256059885025
5270,521,0.38951224088668823
5280,522,0.42827391624450684
5290,523,0.23994100093841553
5300,524,0.3956868350505829
5310,525,0.5486862063407898
5320,526,0.4337633550167084
5330,527,0.4596375524997711
5340,528,0.3581615090370178
5350,529,0.5354927778244019
5360,530,0.4262412190437317
5370,531,0.44606536626815796
5380,532,0.4350953996181488
5390,533,0.47278979420661926
5400,534,0.3758660554885864
5410,535,0.3729652464389801
5420,536,0.3822275400161743
5430,537,0.46168553829193115
5440,538,0.5014054775238037
5450,539,0.9226155281066895
5460,540,0.7076193690299988
5470,541,0.6027992367744446
5480,542,0.23980358242988586
5490,543,0.5378240346908569
5500,544,0.42550918459892273
5510,545,0.49268001317977905
5520,546,0.27941352128982544
5530,547,0.47322162985801697
5540,548,0.3800643980503082
5550,549,0.4526647925376892
5560,550,0.5698768496513367
5570,551,0.6566477417945862
5580,552,0.37331321835517883
5590,553,0.5362982153892517
5600,554,0.24081087112426758
5610,555,0.7143152356147766
5620,556,0.3786894977092743
5630,557,0.4677087068557739
5640,558,0.47676199674606323
5650,559,0.43655428290367126
5660,560,0.5558396577835083
5670,561,0.38880112767219543
5680,562,0.7833024263381958
5690,563,0.4157659411430359
5700,564,0.3919305205345154
5710,565,0.4744874835014343
5720,566,0.5720663070678711
5730,567,0.4243667721748352
5740,568,0.48679280281066895
5750,569,0.4993864893913269
5760,570,0.3847086727619171
5770,571,0.8895082473754883
5780,572,0.4790046513080597
5790,573,0.30062103271484375
5800,574,0.7450339794158936
5810,575,0.40871936082839966
5820,576,0.41597792506217957
5830,577,0.3951587677001953
5840,578,0.36882448196411133
5850,579,0.3537748456001282
5860,580,0.5562963485717773
5870,581,0.3924511671066284
5880,582,0.28147658705711365
5890,583,0.794084370136261
5900,584,0.5926920175552368
5910,585,0.4457946717739105
5920,586,0.38510510325431824
5930,587,0.36025819182395935
5940,588,0.31219398975372314
5950,589,0.22561240196228027
5960,590,0.42562901973724365
5970,591,0.43492358922958374
5980,592,0.32882335782051086
5990,593,0.6605086326599121
6000,594,0.44254565238952637
6010,595,0.5837188363075256
6020,596,0.4820633828639984
6030,597,0.34460166096687317
6040,598,0.5289362668991089
6050,599,0.4409763514995575
6060,600,0.451460599899292
6070,601,0.20605003833770752
6080,602,0.3673306107521057
6090,603,0.26402929425239563
6100,604,0.3044987916946411
6110,605,0.49703818559646606
6120,606,0.32259440422058105
6130,607,0.2570780813694
6140,608,0.3840808868408203
6150,609,0.4856296181678772
6160,610,0.417081356048584
6170,611,0.1839623749256134
6180,612,0.6529015302658081
6190,613,0.4198886454105377
6200,614,0.5437989234924316
6210,615,0.38543951511383057
6220,616,0.4914986491203308
6230,617,0.4898805022239685
6240,618,0.29017168283462524
6250,619,0.5855047106742859
6260,620,0.4410743713378906
6270,621,0.45466697216033936
6280,622,0.5770630240440369
6290,623,0.43524035811424255
6300,624,0.4770667552947998
6310,625,0.29678353667259216
6320,626,0.5621335506439209
6330,627,0.5114303827285767
6340,628,0.2675807774066925
6350,629,0.48354512453079224
6360,630,0.44960731267929077
6370,631,0.7077906131744385
6380,632,0.5044217705726624
6390,633,0.6545615196228027
6400,634,0.3361479341983795
6410,635,0.5588621497154236
6420,636,0.6209407448768616
6430,637,0.3844372034072876
6440,638,0.5907331109046936
6450,639,0.46058058738708496
6460,640,0.3052586019039154
6470,641,0.6225258708000183
6480,642,0.3965107500553131
6490,643,0.2871476113796234
6500,644,0.3823964297771454
6510,645,0.5128065347671509
6520,646,0.5033938884735107
6530,647,0.36022821068763733
6540,648,0.3310151696205139
6550,649,0.4570116400718689
6560,650,0.443779319524765
6570,651,0.5864540934562683
6580,652,0.8083159327507019
6590,653,0.5856242179870605
6600,654,0.2648089826107025
6610,655,0.5180200338363647
6620,656,0.32404863834381104
6630,657,0.20982594788074493
6640,658,0.35241708159446716
6650,659,0.23922553658485413
6660,660,0.3796863853931427
6670,661,0.5425393581390381
6680,662,0.4319416582584381
6690,663,0.3293082118034363
6700,664,0.4100207984447479
6710,665,0.28635066747665405
6720,666,0.5353261232376099
6730,667,0.4693068563938141
6740,668,0.3500267565250397
6750,669,0.4338279664516449
6760,670,0.4620492458343506
6770,671,0.5490309000015259
6780,672,0.522881031036377
6790,673,0.45076704025268555
6800,674,0.44689884781837463
6810,675,0.2964702248573303
6820,676,0.3450660705566406
6830,677,0.3393574655056
6840,678,0.4360918700695038
6850,679,0.49081113934516907
6860,680,0.4694956839084625
6870,681,0.33171671628952026
6880,682,0.565976619720459
6890,683,0.41470783948898315
6900,684,0.49836158752441406
6910,685,0.31084784865379333
6920,686,0.25154516100883484
6930,687,0.5930867791175842
6940,688,0.4117637276649475
6950,689,0.8281012773513794
6960,690,0.3078022599220276
6970,691,0.42397576570510864
6980,692,0.8276507258415222
6990,693,0.519173264503479
7000,694,0.510334849357605
7010,695,0.6460714936256409
7020,696,0.6176305413246155
7030,697,0.3879412114620209
7040,698,0.5364966988563538
7050,699,0.411271333694458
7060,700,0.7914499640464783
7070,701,0.43776893615722656
7080,702,0.4598669707775116
7090,703,0.4085400700569153
7100,704,0.4218037724494934
7110,705,0.6448462605476379
7120,706,0.2972789406776428
7130,707,0.47382158041000366
7140,708,0.3552343249320984
7150,709,0.41017165780067444
7160,710,0.37684422731399536
7170,711,0.4799994230270386
7180,712,0.4348800480365753
7190,713,0.40147528052330017
7200,714,0.7793123126029968
7210,715,0.4560772478580475
7220,716,0.47804346680641174
7230,717,0.43095487356185913
7240,718,0.522953450679779
7250,719,0.43727079033851624
7260,720,0.4563133716583252
7270,721,0.5235812067985535
7280,722,0.4068054258823395
7290,723,0.3377363085746765
7300,724,0.36097341775894165
7310,725,0.5633381009101868
7320,726,0.9187504053115845
7330,727,0.6248686909675598
7340,728,0.618746817111969
7350,729,0.6983757019042969
7360,730,0.5243929028511047
7370,731,0.45718449354171753
7380,732,0.38199377059936523
7390,733,0.275092750787735
7400,734,0.5457324981689453
7410,735,0.48451316356658936
7420,736,0.5708908438682556
7430,737,0.6449624300003052
7440,738,0.7378069758415222
7450,739,0.6721903681755066
7460,740,0.45249369740486145
7470,741,0.4276394248008728
7480,742,0.5015575885772705
7490,743,0.34555932879447937
7500,744,0.32610851526260376
7510,745,0.47037047147750854
7520,746,0.3147159516811371
7530,747,0.5089156627655029
7540,748,0.5903373956680298
7550,749,0.6214937567710876
7560,750,0.3224959969520569
7570,751,0.5435404181480408
7580,752,0.6120404005050659
7590,753,0.4112120270729065
7600,754,0.420523077249527
7610,755,0.3109607398509979
7620,756,0.5440379977226257
7630,757,0.5304017066955566
7640,758,0.5083490610122681
7650,759,0.29694807529449463
7660,760,0.694023609161377
7670,761,0.4554854929447174
7680,762,0.530603289604187
7690,763,0.45473572611808777
7700,764,0.3340268135070801
7710,765,0.4905427098274231
7720,766,0.3081940710544586
7730,767,0.46403583884239197
7740,768,0.34584659337997437
7750,769,0.46189969778060913
7760,770,0.21187348663806915
7770,771,0.5255863070487976
7780,772,0.2527259886264801
7790,773,0.32789039611816406
7800,774,0.7246870398521423
7810,775,0.47503662109375
7820,776,0.8908846378326416
7830,777,0.6043834090232849
7840,778,0.5508324503898621
7850,779,0.5695543885231018
7860,780,0.5326613187789917
7870,781,0.46187421679496765
7880,782,0.36084336042404175
7890,783,0.4042776823043823
7900,784,0.3154217004776001
7910,785,0.7289798259735107
7920,786,0.4666060507297516
7930,787,0.38339710235595703
7940,788,0.3891719877719879
7950,789,0.5271837115287781
7960,790,0.6691920161247253
7970,791,0.7225814461708069
7980,792,0.3121035099029541
7990,793,0.3664410412311554
8000,794,0.45576101541519165
8010,795,0.42671024799346924
8020,796,0.28359177708625793
8030,797,0.33506202697753906
8040,798,0.274797648191452
8050,799,0.49696987867355347
8060,800,0.3898445963859558
8070,801,0.5338122844696045
8080,802,0.4502490758895874
8090,803,0.4399586319923401
8100,804,0.6104230880737305
8110,805,0.5128212571144104
8120,806,0.4905569553375244
8130,807,0.34876471757888794
8140,808,0.3972017765045166
8150,809,0.527604341506958
8160,810,0.7316344976425171
8170,811,0.5862638354301453
8180,812,0.5325844287872314
8190,813,0.39411213994026184
8200,814,0.38571321964263916
8210,815,0.3437655568122864
8220,816,0.24094493687152863
8230,817,0.5237653851509094
8240,818,0.6301707029342651
8250,819,0.564092218875885
8260,820,0.7417014837265015
8270,821,0.3687051236629486
8280,822,0.4702308773994446
8290,823,0.6038408875465393
8300,824,0.6040079593658447
8310,825,0.3705606162548065
8320,826,0.6845775842666626
8330,827,0.7334005832672119
8340,828,0.7800074219703674
8350,829,0.7462589144706726
8360,830,0.2672596573829651
8370,831,0.5064870715141296
8380,832,0.3668297231197357
8390,833,0.5371987223625183
8400,834,0.5123651623725891
8410,835,0.6350411772727966
8420,836,0.5225266218185425
8430,837,0.3697488605976105
8440,838,0.6340554356575012
8450,839,0.32270461320877075
8460,840,0.2059924453496933
8470,841,0.5305237770080566
8480,842,0.30871760845184326
8490,843,0.6055147647857666
8500,844,0.49056124687194824
8510,845,0.42635852098464966
8520,846,0.4848990738391876
8530,847,0.3984471559524536
8540,848,0.5632909536361694
8550,849,0.6120374202728271
8560,850,0.5144222974777222
8570,851,0.6036903858184814
8580,852,0.44036969542503357
8590,853,0.5329259037971497
8600,854,0.26158589124679565
8610,855,0.8326477408409119
8620,856,0.48975640535354614
8630,857,0.5224394202232361
8640,858,0.55356365442276
8650,859,0.3051661252975464
8660,860,0.34647244215011597
8670,861,0.6877481937408447
8680,862,0.3542066514492035
8690,863,0.5931787490844727
8700,864,0.47586730122566223
8710,865,0.48859745264053345
8720,866,0.6441675424575806
8730,867,0.8558105230331421
8740,868,0.45022621750831604
8750,869,0.34848421812057495
8760,870,0.5536834001541138
8770,871,0.5049382448196411
8780,872,0.3491659462451935
8790,873,0.5235790610313416
8800,874,0.5167098045349121
8810,875,0.6685514450073242
8820,876,0.5647068619728088
8830,877,0.4638402462005615
8840,878,0.6723908185958862
8850,879,0.30283769965171814
8860,880,0.5019535422325134
8870,881,0.3782537877559662
8880,882,0.6526272892951965
8890,883,0.46295973658561707
8900,884,0.38466671109199524
8910,885,0.44871896505355835
8920,886,0.3468155860900879
8930,887,0.15728147327899933
8940,888,0.2769158184528351
8950,889,0.6419727206230164
8960,890,0.5555403828620911
8970,891,0.32222980260849
8980,892,0.5139766931533813
8990,893,0.4357373118400574
9000,894,0.5522400140762329
9010,895,0.5947009921073914
9020,896,0.4827214777469635
9030,897,0.37281420826911926
9040,898,0.5862607955932617
9050,899,0.658805251121521
9060,900,0.5482078790664673
9070,901,0.3929319381713867
9080,902,0.5742685794830322
9090,903,0.3919435441493988
9100,904,0.4180806577205658
9110,905,0.3521292209625244
9120,906,0.5671316385269165
9130,907,0.24984069168567657
9140,908,0.5123840570449829
9150,909,0.40674906969070435
9160,910,0.2652372121810913
9170,911,0.16367778182029724
9180,912,0.5725836753845215
9190,913,0.4530245363712311
9200,914,0.3691687285900116
9210,915,0.45254790782928467
9220,916,0.45074570178985596
9230,917,0.4952026605606079
9240,918,0.36743685603141785
9250,919,0.6331987380981445
9260,920,0.34810441732406616
9270,921,0.19882722198963165
9280,922,0.4144324064254761
9290,923,0.4398197829723358
9300,924,0.7162403464317322
9310,925,0.6070039868354797
9320,926,0.5652257204055786
9330,927,0.48548901081085205
9340,928,0.3224262595176697
9350,929,0.8490575551986694
9360,930,0.5749588012695312
9370,931,0.3987717926502228
9380,932,0.21707744896411896
9390,933,0.31621164083480835
9400,934,0.31155869364738464
9410,935,0.3875812888145447
9420,936,0.5674073696136475
9430,937,0.41930198669433594
9440,938,0.4537789523601532
9450,939,0.5848350524902344
9460,940,0.3839252293109894
9470,941,0.468778133392334
9480,942,0.3132309317588806
9490,943,0.404022216796875
9500,944,0.5337002277374268
9510,945,0.432934045791626
9520,946,0.39343076944351196
9530,947,0.4518868327140808
9540,948,0.5331026911735535
9550,949,0.603188693523407
9560,950,0.3903617262840271
9570,951,0.32821136713027954
9580,952,0.38955047726631165
9590,953,0.3200019896030426
9600,954,0.4366794228553772
9610,955,0.36659520864486694
9620,956,0.3964692950248718
9630,957,0.3643617331981659
9640,958,0.44947946071624756
9650,959,0.5511398911476135
9660,960,0.5331251621246338
9670,961,0.27837997674942017
9680,962,0.3518264591693878
9690,963,0.5003913640975952
9700,964,0.437923401594162
9710,965,0.4363858699798584
9720,966,0.4897930324077606
9730,967,0.6310007572174072
9740,968,0.6580969095230103
9750,969,0.5927400588989258
9760,970,0.25213173031806946
9770,971,0.5499956011772156
9780,972,0.37097254395484924
9790,973,0.3309668302536011
9800,974,0.6654680967330933
9810,975,0.5017748475074768
9820,976,0.4050910770893097
9830,977,0.5895975828170776
9840,978,0.41244742274284363
9850,979,0.5029943585395813
9860,980,0.4005310833454132
9870,981,0.5669504404067993
9880,982,0.31385675072669983
9890,983,0.39941173791885376
9900,984,0.4576073884963989
9910,985,0.3729616403579712
9920,986,0.32036250829696655
9930,987,0.38690024614334106
9940,988,0.5728495121002197
9950,989,0.3090369701385498
9960,990,0.4802697002887726
9970,991,0.5638328194618225
9980,992,0.4934299886226654
9990,993,0.39270201325416565
10000,994,0.4578760266304016
10010,995,0.9087464809417725
10020,996,0.4931418299674988
10030,997,0.8325652480125427
10040,998,0.5340238809585571
10050,999,0.39717787504196167
10060,1000,0.4669846296310425
10070,1001,0.3692035377025604
10080,1002,0.34778741002082825
10090,1003,0.3330920934677124
10100,1004,0.4637242555618286
10110,1005,0.5101717114448547
10120,1006,0.5357475876808167
10130,1007,0.3941153585910797
10140,1008,0.3618447184562683
10150,1009,0.41689950227737427
10160,1010,0.25830838084220886
10170,1011,0.4123958945274353
10180,1012,0.24420954287052155
10190,1013,0.5212984085083008
10200,1014,0.48645904660224915
10210,1015,0.4643130302429199
10220,1016,0.5164247155189514
10230,1017,0.3385647237300873
10240,1018,0.38181614875793457
10250,1019,0.33542877435684204
10260,1020,0.6134056448936462
10270,1021,0.4507428705692291
10280,1022,0.18423883616924286
10290,1023,0.40884995460510254
10300,1024,0.596615731716156
10310,1025,0.6056217551231384
10320,1026,0.3626875579357147
10330,1027,0.5246830582618713
10340,1028,0.5292243361473083
10350,1029,0.5601897239685059
10360,1030,0.5530334115028381
10370,1031,0.3755728304386139
10380,1032,0.36333510279655457
10390,1033,0.6214234828948975
10400,1034,0.8524702787399292
10410,1035,0.6312509179115295
10420,1036,0.4554089605808258
10430,1037,0.534283459186554
10440,1038,0.5456252694129944
10450,1039,0.5395066738128662
10460,1040,0.5625168085098267
10470,1041,0.5214284658432007
10480,1042,0.26197412610054016
10490,1043,0.4838697612285614
10500,1044,0.6202501654624939
10510,1045,0.695271372795105
10520,1046,0.6791958808898926
10530,1047,0.4355902373790741
10540,1048,0.46406617760658264
10550,1049,0.5257797837257385
10560,1050,0.6544570326805115
10570,1051,0.4362691640853882
10580,1052,0.2643405497074127
10590,1053,0.5442779660224915
10600,1054,0.4005148410797119
10610,1055,0.456788569688797
10620,1056,0.4570833444595337
10630,1057,0.3118199408054352
10640,1058,0.33511996269226074
10650,1059,0.3909173011779785
10660,1060,0.5573862791061401
10670,1061,0.5560064315795898
10680,1062,0.3704979717731476
10690,1063,0.31861698627471924
10700,1064,0.35110506415367126
10710,1065,0.35362911224365234
10720,1066,0.4906007647514343
10730,1067,0.4750092923641205
10740,1068,0.6120583415031433
10750,1069,0.41990476846694946
10760,1070,0.5237792730331421
10770,1071,0.504643440246582
10780,1072,0.4075929820537567
10790,1073,0.30270296335220337
10800,1074,0.3956153988838196
10810,1075,0.32988062500953674
10820,1076,0.6392547488212585
10830,1077,0.35747766494750977
10840,1078,0.4468567371368408
10850,1079,0.36153513193130493
10860,1080,0.6108154654502869
10870,1081,0.5487232804298401
10880,1082,0.4304341673851013
10890,1083,0.4047788679599762
10900,1084,0.24147209525108337
10910,1085,0.5419456958770752
10920,1086,0.39434581995010376
10930,1087,0.3928288221359253
10940,1088,0.4556652903556824
10950,1089,0.3769398629665375
10960,1090,0.68506920337677
10970,1091,0.3277323544025421
10980,1092,0.5481687188148499
10990,1093,0.2385663390159607
11000,1094,0.29361531138420105
11010,1095,0.5208096504211426
11020,1096,0.43459081649780273
11030,1097,0.24910227954387665
11040,1098,0.3794177174568176
11050,1099,0.33913755416870117
11060,1100,0.31479552388191223
11070,1101,0.9787836074829102
11080,1102,0.38282695412635803
11090,1103,0.5481718182563782
11100,1104,0.7008322477340698
11110,1105,0.7173904180526733
11120,1106,0.321515828371048
11130,1107,0.5576251745223999
11140,1108,0.33208054304122925
11150,1109,0.51931232213974
11160,1110,0.4171314835548401
11170,1111,0.36704859137535095
11180,1112,0.512532114982605
11190,1113,0.4558514952659607
11200,1114,0.32324713468551636
11210,1115,0.3223601281642914
11220,1116,0.3708399832248688
11230,1117,0.3661752939224243
11240,1118,0.34212321043014526
11250,1119,0.14570103585720062
11260,1120,0.3281237483024597
11270,1121,0.23607653379440308
11280,1122,0.48130106925964355
11290,1123,0.23742912709712982
11300,1124,0.32777130603790283
11310,1125,0.5207067131996155
11320,1126,0.7416902780532837
11330,1127,0.5261626243591309
11340,1128,0.2554972767829895
11350,1129,0.6196151375770569
11360,1130,0.47455623745918274
11370,1131,0.39735251665115356
11380,1132,0.2860730290412903
11390,1133,0.43359479308128357
11400,1134,0.515515148639679
11410,1135,0.34874552488327026
11420,1136,0.5340688228607178
11430,1137,0.4383690655231476
11440,1138,0.4914984107017517
11450,1139,0.3404545187950134
11460,1140,0.5797901153564453
11470,1141,0.38290125131607056
11480,1142,0.4361339211463928
11490,1143,0.5102487206459045
11500,1144,0.36729174852371216
11510,1145,0.262160986661911
11520,1146,0.5982463955879211
11530,1147,0.2900790572166443
11540,1148,0.4509412348270416
11550,1149,0.44795680046081543
11560,1150,0.4724055230617523
11570,1151,0.3448050916194916
11580,1152,0.6029306650161743
11590,1153,0.4311935603618622
11600,1154,0.3552456498146057
11610,1155,0.4926455616950989
11620,1156,0.2432868480682373
11630,1157,0.49255818128585815
11640,1158,0.42416590452194214
11650,1159,0.5423773527145386
11660,1160,0.3729212284088135
11670,1161,0.4073278307914734
11680,1162,0.4357244074344635
11690,1163,0.3028060793876648
11700,1164,0.1379147619009018
11710,1165,0.5045955181121826
11720,1166,0.5743369460105896
11730,1167,0.773259162902832
11740,1168,0.4927537739276886
11750,1169,0.407751202583313
11760,1170,0.3283321261405945
11770,1171,0.36982491612434387
11780,1172,0.3035838007926941
11790,1173,0.215976282954216
11800,1174,0.3428972363471985
11810,1175,0.5197231769561768
11820,1176,0.4442702829837799
11830,1177,0.13525770604610443
11840,1178,0.5039116144180298
11850,1179,0.3106839954853058
11860,1180,0.5095518827438354
11870,1181,0.33300119638442993
11880,1182,0.3001461923122406
11890,1183,0.5601853728294373
11900,1184,0.5774129629135132
11910,1185,0.6032333374023438
11920,1186,0.28902116417884827
11930,1187,0.2786516547203064
11940,1188,0.23716701567173004
11950,1189,0.3867150545120239
11960,1190,0.32392963767051697
11970,1191,0.5369994044303894
11980,1192,0.7265947461128235
11990,1193,0.3260785937309265
12000,1194,0.3378998935222626
12010,1195,0.4156533181667328
12020,1196,0.3152293562889099
12030,1197,0.3404412865638733
12040,1198,0.2085525095462799
12050,1199,0.5396624207496643
12060,1200,0.36278894543647766
12070,1201,0.32404518127441406
12080,1202,0.3645465672016144
12090,1203,0.3138597309589386
12100,1204,0.6570499539375305
12110,1205,0.1811590939760208
12120,1206,0.1841888576745987
12130,1207,0.5905187726020813
12140,1208,0.3477313220500946
12150,1209,0.46156954765319824
12160,1210,0.49840259552001953
12170,1211,0.4237315058708191
12180,1212,0.19345828890800476
12190,1213,0.368978351354599
12200,1214,0.3327798545360565
12210,1215,0.6808636784553528
12220,1216,0.3996557295322418
12230,1217,0.15420234203338623
12240,1218,0.28520041704177856
12250,1219,0.35035058856010437
12260,1220,0.31421568989753723
12270,1221,0.2541491985321045
12280,1222,0.6833944320678711
12290,1223,0.5491963028907776
12300,1224,0.5955188870429993
12310,1225,0.38999244570732117
12320,1226,0.32866278290748596
12330,1227,0.37913674116134644
12340,1228,0.4074743390083313
12350,1229,0.28892186284065247
12360,1230,0.5319918990135193
12370,1231,0.6125643849372864
12380,1232,0.6416869163513184
12390,1233,0.29377642273902893
12400,1234,0.2310183346271515
12410,1235,0.18115969002246857
12420,1236,0.658932089805603
12430,1237,0.45239341259002686
12440,1238,0.1523648351430893
12450,1239,0.33307939767837524
12460,1240,0.2856529951095581
12470,1241,0.34662720561027527
12480,1242,0.3375501036643982
12490,1243,0.27309876680374146
12500,1244,0.32746508717536926
12510,1245,0.5181034207344055
12520,1246,0.673267662525177
12530,1247,0.338584840297699
12540,1248,0.3744732439517975
12550,1249,0.2157599925994873
12560,1250,0.3782016336917877
12570,1251,0.687501072883606
12580,1252,0.3420012891292572
12590,1253,0.3118521273136139
12600,1254,0.4511687159538269
12610,1255,0.425151526927948
12620,1256,0.35677579045295715
12630,1257,0.4436764121055603
12640,1258,0.2067852020263672
12650,1259,0.4014182388782501
12660,1260,0.24827434122562408
12670,1261,0.45881351828575134
12680,1262,0.3514738976955414
12690,1263,0.5012471675872803
12700,1264,0.22696352005004883
12710,1265,0.3105963468551636
12720,1266,0.4166160225868225
12730,1267,0.38916707038879395
12740,1268,0.49798473715782166
12750,1269,0.3309324383735657
12760,1270,0.496954083442688
12770,1271,0.2503103017807007
12780,1272,0.2663167119026184
12790,1273,0.4085020422935486
12800,1274,0.42402273416519165
12810,1275,0.18817497789859772
12820,1276,0.37457287311553955
12830,1277,0.5888863801956177
12840,1278,0.7825822830200195
12850,1279,0.4888533055782318
12860,1280,0.40540313720703125
12870,1281,0.09950488060712814
12880,1282,0.1605893224477768
12890,1283,0.46142926812171936
12900,1284,0.3974528908729553
12910,1285,0.2253255844116211
12920,1286,0.26667165756225586
12930,1287,0.39302125573158264
12940,1288,0.2994775176048279
12950,1289,0.29188287258148193
12960,1290,0.4444791376590729
12970,1291,0.23720650374889374
12980,1292,0.31313154101371765
12990,1293,0.2578042447566986
13000,1294,0.6737209558486938
13010,1295,0.37962961196899414
13020,1296,0.280728816986084
13030,1297,0.26306918263435364
13040,1298,0.1255737692117691
13050,1299,0.5001798272132874
13060,1300,0.2566331624984741
13070,1301,0.35989731550216675
13080,1302,0.2511241137981415
13090,1303,0.34192413091659546
13100,1304,0.443560928106308
13110,1305,0.4356285333633423
13120,1306,0.30683159828186035
13130,1307,0.41586166620254517
13140,1308,0.42026740312576294
13150,1309,0.20084857940673828
13160,1310,0.3441509008407593
13170,1311,0.24300047755241394
13180,1312,0.23719944059848785
13190,1313,0.43829596042633057
13200,1314,0.2457461953163147
13210,1315,0.48971548676490784
13220,1316,0.7051169872283936
13230,1317,0.32837069034576416
13240,1318,0.26167935132980347
13250,1319,0.5712458491325378
13260,1320,0.3563491106033325
13270,1321,0.1864745020866394
13280,1322,0.4921530783176422
13290,1323,0.6092457175254822
13300,1324,0.32814377546310425
13310,1325,0.37233883142471313
13320,1326,0.5290771126747131
13330,1327,0.3575969636440277
13340,1328,0.5724164843559265
13350,1329,0.5642958879470825
13360,1330,0.5485073924064636
13370,1331,0.1926463544368744
13380,1332,0.45641249418258667
13390,1333,0.32771313190460205
13400,1334,0.243448868393898
13410,1335,0.27547115087509155
13420,1336,0.18608298897743225
13430,1337,0.3648280203342438
13440,1338,0.38354212045669556
13450,1339,0.24634453654289246
13460,1340,0.4649677872657776
13470,1341,0.36141544580459595
13480,1342,0.2573312520980835
13490,1343,0.42074456810951233
13500,1344,0.43761494755744934
13510,1345,0.2953605651855469
13520,1346,0.261460542678833
13530,1347,0.3460468351840973
13540,1348,0.2046777904033661
13550,1349,0.18973298370838165
13560,1350,0.2775053083896637
13570,1351,0.3710436522960663
13580,1352,0.40256452560424805
13590,1353,0.659272313117981
13600,1354,0.32547900080680847
13610,1355,0.29951733350753784
13620,1356,0.8241053223609924
13630,1357,0.36601722240448
13640,1358,0.517469584941864
13650,1359,0.36043238639831543
13660,1360,0.3789622187614441
13670,1361,0.30560147762298584
13680,1362,0.24894362688064575
13690,1363,0.35073623061180115
13700,1364,0.3401520848274231
13710,1365,0.5524953007698059
13720,1366,0.444594144821167
13730,1367,0.15103048086166382
13740,1368,0.38580378890037537
13750,1369,0.28263336420059204
13760,1370,0.33559688925743103
13770,1371,0.31222203373908997
13780,1372,0.40825626254081726
13790,1373,0.39354896545410156
13800,1374,0.23432014882564545
13810,1375,0.4355028569698334
13820,1376,0.48738089203834534
13830,1377,0.6511033773422241
13840,1378,0.5838974714279175
13850,1379,0.3536664843559265
13860,1380,0.40279874205589294
13870,1381,0.2534184455871582
13880,1382,0.52506422996521
13890,1383,0.3767273426055908
13900,1384,0.48472246527671814
13910,1385,0.47427135705947876
13920,1386,0.24783815443515778
13930,1387,0.5266890525817871
13940,1388,0.14908862113952637
13950,1389,0.38375231623649597
13960,1390,0.7781191468238831
13970,1391,0.31199920177459717
13980,1392,0.6032581329345703
13990,1393,0.33060693740844727
14000,1394,0.26734602451324463
14010,1395,0.36976876854896545
14020,1396,0.33230191469192505
14030,1397,0.36921200156211853
14040,1398,0.43580687046051025
14050,1399,0.34847497940063477
14060,1400,0.3144102692604065
14070,1401,0.4633215069770813
14080,1402,0.41107577085494995
14090,1403,0.32465606927871704
14100,1404,0.3575960397720337
14110,1405,0.5349846482276917
14120,1406,0.4316607117652893
14130,1407,0.32848259806632996
14140,1408,0.46099570393562317
14150,1409,0.4985003173351288
14160,1410,0.2042207419872284
14170,1411,0.14941509068012238
14180,1412,0.27866002917289734
14190,1413,0.2826991677284241
14200,1414,0.6976298093795776
14210,1415,0.13368582725524902
14220,1416,0.33837607502937317
14230,1417,0.9015970230102539
14240,1418,0.23127752542495728
14250,1419,0.34691065549850464
14260,1420,0.26630279421806335
14270,1421,0.45403802394866943
14280,1422,0.39371076226234436
14290,1423,0.32000818848609924
14300,1424,0.3352909982204437
14310,1425,0.35667985677719116
14320,1426,0.4951401650905609
14330,1427,0.2684171795845032
14340,1428,0.46053534746170044
14350,1429,0.29742762446403503
14360,1430,0.2756522297859192
14370,1431,0.19988366961479187
14380,1432,0.4705294668674469
14390,1433,0.12409874051809311
14400,1434,0.2213311493396759
14410,1435,0.4399842917919159
14420,1436,0.2173425853252411
14430,1437,0.3773074150085449
14440,1438,0.1940000355243683
14450,1439,0.5120401978492737
14460,1440,0.20005200803279877
14470,1441,0.3986366391181946
14480,1442,0.21875996887683868
14490,1443,0.19072620570659637
14500,1444,0.4143145680427551
14510,1445,0.24445633590221405
14520,1446,0.233823761343956
14530,1447,0.19876441359519958
14540,1448,0.5895845890045166
14550,1449,0.2646045386791229
14560,1450,0.18908025324344635
14570,1451,0.2888790965080261
14580,1452,0.4868198335170746
14590,1453,0.25389185547828674
14600,1454,0.3037185072898865
14610,1455,0.3331678807735443
14620,1456,0.4247073531150818
14630,1457,0.5002652406692505
14640,1458,0.4388296902179718
14650,1459,0.5514572262763977
14660,1460,0.1590195596218109
14670,1461,0.2590258717536926
14680,1462,0.3795831501483917
14690,1463,0.15024876594543457
14700,1464,0.4683316946029663
14710,1465,0.30224066972732544
14720,1466,0.3432624340057373
14730,1467,0.627234935760498
14740,1468,0.2776751220226288
14750,1469,0.3367823362350464
14760,1470,0.4080398380756378
14770,1471,0.44148391485214233
14780,1472,0.31613510847091675
14790,1473,0.46631932258605957
14800,1474,0.4977726340293884
14810,1475,0.2611684799194336
14820,1476,0.8040027618408203
14830,1477,0.38371214270591736
14840,1478,0.17321807146072388
14850,1479,0.23208263516426086
14860,1480,0.21052861213684082
14870,1481,0.35711053013801575
14880,1482,0.5459905862808228
14890,1483,0.4177249073982239
14900,1484,0.2137971967458725
14910,1485,0.22431834042072296
14920,1486,0.27391377091407776
14930,1487,0.3145604729652405
14940,1488,0.2689972519874573
14950,1489,0.33850520849227905
14960,1490,0.40010738372802734
14970,1491,0.2970651686191559
14980,1492,0.3612462878227234
14990,1493,0.26269668340682983
15000,1494,0.4657561182975769
15010,1495,0.18776945769786835
15020,1496,0.16849452257156372
15030,1497,0.5453318953514099
15040,1498,0.4062843322753906
15050,1499,0.31658461689949036
15060,1500,0.5671209692955017
15070,1501,0.29861265420913696
15080,1502,0.4430951476097107
15090,1503,0.35008326172828674
15100,1504,0.36076512932777405
15110,1505,0.3144548237323761
15120,1506,0.47598063945770264
15130,1507,0.4496784806251526
15140,1508,0.22676438093185425
15150,1509,0.47529271245002747
15160,1510,0.15513542294502258
15170,1511,0.33341890573501587
15180,1512,0.4838140606880188
15190,1513,0.3359062969684601
15200,1514,0.38782015442848206
15210,1515,0.40059080719947815
15220,1516,0.17968930304050446
15230,1517,0.20435956120491028
15240,1518,0.3901131749153137
15250,1519,0.3293341100215912
15260,1520,0.4716007709503174
15270,1521,0.2666938900947571
15280,1522,0.47208619117736816
15290,1523,0.31280210614204407
15300,1524,0.2661515772342682
15310,1525,0.3867061734199524
15320,1526,0.224539652466774
15330,1527,0.22206273674964905
15340,1528,0.35124117136001587
15350,1529,0.24910004436969757
15360,1530,0.37882351875305176
15370,1531,0.2645590901374817
15380,1532,0.4210270047187805
15390,1533,0.2699873447418213
15400,1534,0.3382561504840851
15410,1535,0.2151830643415451
15420,1536,0.142999529838562
15430,1537,0.5926597714424133
15440,1538,0.31294742226600647
15450,1539,0.24278396368026733
15460,1540,0.2465319186449051
15470,1541,0.17218823730945587
15480,1542,0.24873729050159454
15490,1543,0.26011526584625244
15500,1544,0.25586947798728943
15510,1545,0.210741326212883
15520,1546,0.2778247892856598
15530,1547,0.4339057207107544
15540,1548,0.4266509413719177
15550,1549,0.3927939832210541
15560,1550,0.39882609248161316
15570,1551,0.16554154455661774
15580,1552,0.44569528102874756
15590,1553,0.10963211953639984
15600,1554,0.39329448342323303
15610,1555,0.34006354212760925
15620,1556,0.31435829401016235
15630,1557,0.4086172580718994
15640,1558,0.2409197837114334
15650,1559,0.5031843781471252
15660,1560,0.3254346251487732
15670,1561,0.11996990442276001
15680,1562,0.22309613227844238
15690,1563,0.21614761650562286
15700,1564,0.5126667618751526
15710,1565,0.267746239900589
15720,1566,0.37772658467292786
15730,1567,0.27449536323547363
15740,1568,0.36801424622535706
15750,1569,0.29269933700561523
15760,1570,0.4787655472755432
15770,1571,0.3136600852012634
15780,1572,0.1996227651834488
15790,1573,0.32138538360595703
15800,1574,0.26270174980163574
15810,1575,0.4361914396286011
15820,1576,0.3909985423088074
15830,1577,0.26982906460762024
15840,1578,0.2525869309902191
15850,1579,0.27511826157569885
15860,1580,0.23765911161899567
15870,1581,0.23344403505325317
15880,1582,0.544599711894989
15890,1583,0.21033942699432373
15900,1584,0.4182799756526947
15910,1585,0.31534862518310547
15920,1586,0.339206337928772
15930,1587,0.33911558985710144
15940,1588,0.3021017611026764
15950,1589,0.18657919764518738
15960,1590,0.26293712854385376
15970,1591,0.2312338650226593
15980,1592,0.29766222834587097
15990,1593,0.23789988458156586
16000,1594,0.5116172432899475
16010,1595,0.21585693955421448
16020,1596,0.18302765488624573
16030,1597,0.06553059071302414
16040,1598,0.14097504317760468
16050,1599,0.42729681730270386
16060,1600,0.17910484969615936
16070,1601,0.387274831533432
16080,1602,0.25645291805267334
16090,1603,0.17541657388210297
16100,1604,0.23443184792995453
16110,1605,0.37610703706741333
16120,1606,0.3907162547111511
16130,1607,0.2862512469291687
16140,1608,0.6141052842140198
16150,1609,0.3337729871273041
16160,1610,0.25355860590934753
16170,1611,0.3053319454193115
16180,1612,0.4323844313621521
16190,1613,0.2492225170135498
16200,1614,0.26784762740135193
16210,1615,0.19715432822704315
16220,1616,0.4699174761772156
16230,1617,0.38160499930381775
16240,1618,0.16749964654445648
16250,1619,0.13275322318077087
16260,1620,0.20291616022586823
16270,1621,0.19609971344470978
16280,1622,0.3343365490436554
16290,1623,0.1920941025018692
16300,1624,0.3051100969314575
16310,1625,0.26265281438827515
16320,1626,0.3703339695930481
16330,1627,0.36515387892723083
16340,1628,0.29694855213165283
16350,1629,0.4140613079071045
16360,1630,0.34038907289505005
16370,1631,0.43523019552230835
16380,1632,0.23846125602722168
16390,1633,0.4201090931892395
16400,1634,0.3714800775051117
16410,1635,0.25542452931404114
16420,1636,0.2428840845823288
16430,1637,0.6156385540962219
16440,1638,0.36281511187553406
16450,1639,0.1782727688550949
16460,1640,0.3407347798347473
16470,1641,0.3460545837879181
16480,1642,0.22207456827163696
16490,1643,0.3513159453868866
16500,1644,0.20679871737957
16510,1645,0.3837147653102875
16520,1646,0.31569036841392517
16530,1647,0.3557920753955841
16540,1648,0.4887288808822632
16550,1649,0.286173552274704
16560,1650,0.1870376318693161
16570,1651,0.28959399461746216
16580,1652,0.4496498703956604
16590,1653,0.18157637119293213
16600,1654,0.45626696944236755
16610,1655,0.377340704202652
16620,1656,0.43570685386657715
16630,1657,0.30085721611976624
16640,1658,0.15397204458713531
16650,1659,0.32950612902641296
16660,1660,0.32010048627853394
16670,1661,0.5605654716491699
16680,1662,0.32705625891685486
16690,1663,0.17634707689285278
16700,1664,0.31945472955703735
16710,1665,0.4435345232486725
16720,1666,0.47057104110717773
16730,1667,0.405828058719635
16740,1668,0.24670390784740448
16750,1669,0.39391008019447327
16760,1670,0.12319446355104446
16770,1671,0.33412858843803406
16780,1672,0.5413046479225159
16790,1673,0.3230033218860626
16800,1674,0.3843907117843628
16810,1675,0.32012200355529785
16820,1676,0.404446005821228
16830,1677,0.186629980802536
16840,1678,0.21371659636497498
16850,1679,0.2747236490249634
16860,1680,0.3970300853252411
16870,1681,0.3801436126232147
16880,1682,0.26579704880714417
16890,1683,0.1692359894514084
16900,1684,0.29881417751312256
16910,1685,0.42753246426582336
16920,1686,0.37963438034057617
16930,1687,0.3786023259162903
16940,1688,0.3149532079696655
16950,1689,0.4561099708080292
16960,1690,0.2662338316440582
16970,1691,0.4742010831832886
16980,1692,0.22182609140872955
16990,1693,0.44122612476348877
17000,1694,0.37917304039001465
17010,1695,0.13255777955055237
17020,1696,0.2840571105480194
17030,1697,0.4409523904323578
17040,1698,0.2588074505329132
17050,1699,0.27348828315734863
17060,1700,0.4762732982635498
17070,1701,0.2884860336780548
17080,1702,0.47398608922958374
17090,1703,0.2294895052909851
17100,1704,0.16287507116794586
17110,1705,0.22858268022537231
17120,1706,0.6740401983261108
17130,1707,0.2633308470249176
17140,1708,0.40923696756362915
17150,1709,0.1687312126159668
17160,1710,0.20330403745174408
17170,1711,0.134116530418396
17180,1712,0.2960924804210663
17190,1713,0.38785266876220703
17200,1714,0.33881571888923645
17210,1715,0.4171147048473358
17220,1716,0.2927455008029938
17230,1717,0.40718749165534973
17240,1718,0.4477744698524475
17250,1719,0.22654405236244202
17260,1720,0.27196115255355835
17270,1721,0.3892704248428345
17280,1722,0.5148628950119019
17290,1723,0.3397117257118225
17300,1724,0.29978638887405396
17310,1725,0.31474927067756653
17320,1726,0.34125423431396484
17330,1727,0.36848175525665283
17340,1728,0.305887371301651
17350,1729,0.26984384655952454
17360,1730,0.4652056097984314
17370,1731,0.1843654066324234
17380,1732,0.2059999406337738
17390,1733,0.5171566009521484
17400,1734,0.3551994562149048
17410,1735,0.20035859942436218
17420,1736,0.31843069195747375
17430,1737,0.22213131189346313
17440,1738,0.28982114791870117
17450,1739,0.25688621401786804
17460,1740,0.17262035608291626
17470,1741,0.19696848094463348
17480,1742,0.31002482771873474
17490,1743,0.2099367082118988
17500,1744,0.3668866455554962
17510,1745,0.3402756154537201
17520,1746,0.30344879627227783
17530,1747,0.3050415515899658
17540,1748,0.41533148288726807
17550,1749,0.3416522741317749
17560,1750,0.6101514101028442
17570,1751,0.24758654832839966
17580,1752,0.3936256170272827
17590,1753,0.29155591130256653
17600,1754,0.25689896941185
17610,1755,0.18287257850170135
17620,1756,0.2042241096496582
17630,1757,0.39748427271842957
17640,1758,0.23331360518932343
17650,1759,0.35994675755500793
17660,1760,0.28796330094337463
17670,1761,0.46289360523223877
17680,1762,0.19730332493782043
17690,1763,0.23926210403442383
17700,1764,0.14318600296974182
17710,1765,0.5857191681861877
17720,1766,0.24960863590240479
17730,1767,0.18154685199260712
17740,1768,0.3031328022480011
17750,1769,0.3487955331802368
17760,1770,0.1298006772994995
17770,1771,0.25186896324157715
17780,1772,0.3910747468471527
17790,1773,0.3219029903411865
17800,1774,0.44169095158576965
17810,1775,0.7223206758499146
17820,1776,0.3931080996990204
17830,1777,0.46917879581451416
17840,1778,0.3132801353931427
17850,1779,0.3109457492828369
17860,1780,0.41886022686958313
17870,1781,0.15696753561496735
17880,1782,0.18677891790866852
17890,1783,0.3784335255622864
17900,1784,0.11925353109836578
17910,1785,0.22532717883586884
17920,1786,0.19193720817565918
17930,1787,0.2640379071235657
17940,1788,0.4493504464626312
17950,1789,0.26081082224845886
17960,1790,0.1659470647573471
17970,1791,0.20978353917598724
17980,1792,0.10350999981164932
17990,1793,0.22381961345672607
18000,1794,0.33071476221084595
18010,1795,0.3047688901424408
18020,1796,0.15315133333206177
18030,1797,0.4916962683200836
18040,1798,0.24669058620929718
18050,1799,0.15800456702709198
18060,1800,0.44292595982551575
18070,1801,0.39909687638282776
18080,1802,0.4661082625389099
18090,1803,0.2895444333553314
18100,1804,0.31811562180519104
18110,1805,0.4762624502182007
18120,1806,0.21048685908317566
18130,1807,0.43785032629966736
18140,1808,0.13368748128414154
18150,1809,0.40801405906677246
18160,1810,0.2986372411251068
18170,1811,0.17606723308563232
18180,1812,0.2865197956562042
18190,1813,0.33723872900009155
18200,1814,0.48425257205963135
18210,1815,0.3438914716243744
18220,1816,0.4018116295337677
18230,1817,0.26732730865478516
18240,1818,0.2833460867404938
18250,1819,0.3288304805755615
18260,1820,0.14514385163784027
18270,1821,0.2820575535297394
18280,1822,0.298281729221344
18290,1823,0.1785307079553604
18300,1824,0.3469821512699127
18310,1825,0.23504020273685455
18320,1826,0.13764414191246033
18330,1827,0.26766493916511536
18340,1828,0.28944090008735657
18350,1829,0.144154891371727
18360,1830,0.1771521419286728
18370,1831,0.21345366537570953
18380,1832,0.2544408142566681
18390,1833,0.2126745879650116
18400,1834,0.3528193235397339
18410,1835,0.30272960662841797
18420,1836,0.18664699792861938
18430,1837,0.22292326390743256
18440,1838,0.42428526282310486
18450,1839,0.09003754705190659
18460,1840,0.13195550441741943
18470,1841,0.3080848753452301
18480,1842,0.3568602502346039
18490,1843,0.3979420065879822
18500,1844,0.36233410239219666
18510,1845,0.3546335697174072
18520,1846,0.32007119059562683
18530,1847,0.27149975299835205
18540,1848,0.34330829977989197
18550,1849,0.11777786165475845
18560,1850,0.14232328534126282
18570,1851,0.3434866666793823
18580,1852,0.19963321089744568
18590,1853,0.11554163694381714
18600,1854,0.15991857647895813
18610,1855,0.36161544919013977
18620,1856,0.3750811219215393
18630,1857,0.19617511332035065
18640,1858,0.16697855293750763
18650,1859,0.2607620358467102
18660,1860,0.39806604385375977
18670,1861,0.1513124406337738
18680,1862,0.22995325922966003
18690,1863,0.38614189624786377
18700,1864,0.31670498847961426
18710,1865,0.2737271189689636
18720,1866,0.28534597158432007
18730,1867,0.21740086376667023
18740,1868,0.44255146384239197
18750,1869,0.34662842750549316
18760,1870,0.26037460565567017
18770,1871,0.30040329694747925
18780,1872,0.2923484444618225
18790,1873,0.17535579204559326
18800,1874,0.40792593359947205
18810,1875,0.27203869819641113
18820,1876,0.3302933871746063
18830,1877,0.39211294054985046
18840,1878,0.22158457338809967
18850,1879,0.19393640756607056
18860,1880,0.14251145720481873
18870,1881,0.434788316488266
18880,1882,0.295901894569397
18890,1883,0.20530858635902405
18900,1884,0.3986133337020874
18910,1885,0.2186305671930313
18920,1886,0.33353617787361145
18930,1887,0.03603962063789368
18940,1888,0.46922922134399414
18950,1889,0.22466561198234558
18960,1890,0.4527435302734375
18970,1891,0.16433390974998474
18980,1892,0.35973700881004333
18990,1893,0.21664194762706757
19000,1894,0.21049730479717255
19010,1895,0.3352821469306946
19020,1896,0.25034064054489136
19030,1897,0.127517968416214
19040,1898,0.2142094075679779
19050,1899,0.16206979751586914
19060,1900,0.13121090829372406
19070,1901,0.3358917832374573
19080,1902,0.18259721994400024
19090,1903,0.3294655978679657
19100,1904,0.41290268301963806
19110,1905,0.3454044759273529
19120,1906,0.3061583638191223
19130,1907,0.24106465280056
19140,1908,0.13854387402534485
19150,1909,0.17134040594100952
19160,1910,0.17980416119098663
19170,1911,0.3730601966381073
19180,1912,0.23467303812503815
19190,1913,0.15913406014442444
19200,1914,0.26960113644599915
19210,1915,0.3482295870780945
19220,1916,0.3717302083969116
19230,1917,0.18363595008850098
19240,1918,0.4000485837459564
19250,1919,0.4326938986778259
19260,1920,0.5018803477287292
19270,1921,0.27529388666152954
19280,1922,0.24294760823249817
19290,1923,0.19053947925567627
19300,1924,0.43522098660469055
19310,1925,0.22192370891571045
19320,1926,0.21039973199367523
19330,1927,0.14325618743896484
19340,1928,0.32785189151763916
19350,1929,0.2693749964237213
19360,1930,0.3036098778247833
19370,1931,0.25703054666519165
19380,1932,0.21045401692390442
19390,1933,0.33815521001815796
19400,1934,0.30438941717147827
19410,1935,0.16656464338302612
19420,1936,0.3949848711490631
19430,1937,0.4944419860839844
19440,1938,0.2567589581012726
19450,1939,0.17380747199058533
19460,1940,0.22876505553722382
19470,1941,0.12748244404792786
19480,1942,0.41887491941452026
19490,1943,0.24778100848197937
19500,1944,0.24768881499767303
19510,1945,0.4556455612182617
19520,1946,0.4067278802394867
19530,1947,0.45700737833976746
19540,1948,0.30754029750823975
19550,1949,0.4391801357269287
19560,1950,0.1752205491065979
19570,1951,0.3300064504146576
19580,1952,0.22085747122764587
19590,1953,0.24227489531040192
19600,1954,0.2951098680496216
19610,1955,0.344407320022583
19620,1956,0.4581216871738434
19630,1957,0.5065886378288269
19640,1958,0.19016969203948975
19650,1959,0.3627288341522217
19660,1960,0.3063417077064514
19670,1961,0.41568025946617126
19680,1962,0.12104833871126175
19690,1963,0.2765669822692871
19700,1964,0.39482149481773376
19710,1965,0.24945053458213806
19720,1966,0.15889595448970795
19730,1967,0.15866708755493164
19740,1968,0.2253085970878601
19750,1969,0.2093857228755951
19760,1970,0.13094593584537506
19770,1971,0.29618552327156067
19780,1972,0.3779607117176056
19790,1973,0.13250163197517395
19800,1974,0.1082155779004097
19810,1975,0.31904730200767517
19820,1976,0.37656930088996887
19830,1977,0.17361947894096375
19840,1978,0.2049078494310379
19850,1979,0.19817538559436798
19860,1980,0.17106527090072632
19870,1981,0.09126696735620499
19880,1982,0.20505307614803314
19890,1983,0.2139844000339508
19900,1984,0.25028014183044434
19910,1985,0.46448373794555664
19920,1986,0.5477724075317383
19930,1987,0.37334293127059937
19940,1988,0.22387239336967468
19950,1989,0.29836446046829224
19960,1990,0.12469371408224106
19970,1991,0.31037092208862305
19980,1992,0.27853626012802124
19990,1993,0.3485732674598694
20000,1994,0.3170327842235565
20010,1995,0.2478853166103363
20020,1996,0.3220542371273041
20030,1997,0.3974997401237488
20040,1998,0.2285262495279312
20050,1999,0.6053431630134583
20060,2000,0.1869584023952484
20070,2001,0.19727975130081177
20080,2002,0.12987661361694336
20090,2003,0.2930223345756531
20100,2004,0.5330058932304382
20110,2005,0.3786443769931793
20120,2006,0.42988529801368713
20130,2007,0.09297940135002136
20140,2008,0.3682754635810852
20150,2009,0.5205453038215637
20160,2010,0.31773102283477783
20170,2011,0.23611114919185638
20180,2012,0.32226914167404175
20190,2013,0.2298184186220169
20200,2014,0.1658642441034317
20210,2015,0.15742680430412292
20220,2016,0.4583975374698639
20230,2017,0.2899395525455475
20240,2018,0.11337102949619293
20250,2019,0.17289508879184723
20260,2020,0.27267470955848694
20270,2021,0.11439218372106552
20280,2022,0.24910666048526764
20290,2023,0.3555375337600708
20300,2024,0.4282848536968231
20310,2025,0.3213571310043335
20320,2026,0.3091419041156769
20330,2027,0.1929115653038025
20340,2028,0.4433843493461609
20350,2029,0.40669819712638855
20360,2030,0.2612141966819763
20370,2031,0.2423415184020996
20380,2032,0.4890745282173157
20390,2033,0.5060728192329407
20400,2034,0.47164374589920044
20410,2035,0.5032981038093567
20420,2036,0.15331882238388062
20430,2037,0.237402081489563
20440,2038,0.16642911732196808
20450,2039,0.11479571461677551
20460,2040,0.24435386061668396
20470,2041,0.05719371140003204
20480,2042,0.11914987117052078
20490,2043,0.13971902430057526
20500,2044,0.3166700005531311
20510,2045,0.17729775607585907
20520,2046,0.19598618149757385
20530,2047,0.28572943806648254
20540,2048,0.1743302345275879
20550,2049,0.31698474287986755
20560,2050,0.3248118758201599
20570,2051,0.1667712777853012
20580,2052,0.09387051314115524
20590,2053,0.3059271574020386
20600,2054,0.1207389310002327
20610,2055,0.2787150740623474
20620,2056,0.3918387293815613
20630,2057,0.2465003877878189
20640,2058,0.43632662296295166
20650,2059,0.3397260904312134
20660,2060,0.15952911972999573
20670,2061,0.16147291660308838
20680,2062,0.10561525821685791
20690,2063,0.091445691883564
20700,2064,0.19817692041397095
20710,2065,0.15319372713565826
20720,2066,0.3335210978984833
20730,2067,0.24440810084342957
20740,2068,0.2822352647781372
20750,2069,0.2051365077495575
20760,2070,0.3087601959705353
20770,2071,0.27048176527023315
20780,2072,0.09718314558267593
20790,2073,0.34946325421333313
20800,2074,0.20414580404758453
20810,2075,0.23775912821292877
20820,2076,0.2377776801586151
20830,2077,0.1629345864057541
20840,2078,0.3141375780105591
20850,2079,0.4003349840641022
20860,2080,0.21655435860157013
20870,2081,0.16819427907466888
20880,2082,0.2898406386375427
20890,2083,0.20251505076885223
20900,2084,0.3677481412887573
20910,2085,0.13172921538352966
20920,2086,0.19096581637859344
20930,2087,0.10513481497764587
20940,2088,0.19518105685710907
20950,2089,0.1338576078414917
20960,2090,0.2696665823459625
20970,2091,0.25147154927253723
20980,2092,0.267410010099411
20990,2093,0.2492494136095047
21000,2094,0.3924303948879242
21010,2095,0.21339179575443268
21020,2096,0.1492162048816681
21030,2097,0.33898690342903137
21040,2098,0.186149001121521
21050,2099,0.23696500062942505
21060,2100,0.3262609839439392
21070,2101,0.24940520524978638
21080,2102,0.24936604499816895
21090,2103,0.230619415640831
21100,2104,0.20853397250175476
21110,2105,0.23192483186721802
21120,2106,0.22355598211288452
21130,2107,0.23606139421463013
21140,2108,0.34463033080101013
21150,2109,0.4849623739719391
21160,2110,0.14784155786037445
21170,2111,0.060547057539224625
21180,2112,0.09484890848398209
21190,2113,0.43460559844970703
21200,2114,0.4454585909843445
21210,2115,0.18697737157344818
21220,2116,0.25260069966316223
21230,2117,0.3529530167579651
21240,2118,0.3360185921192169
21250,2119,0.22500063478946686
21260,2120,0.11820890754461288
21270,2121,0.1879960149526596
21280,2122,0.3374328017234802
21290,2123,0.1669493168592453
21300,2124,0.40789416432380676
21310,2125,0.31459182500839233
21320,2126,0.08212126046419144
21330,2127,0.27652472257614136
21340,2128,0.40010276436805725
21350,2129,0.24793368577957153
21360,2130,0.2948056161403656
21370,2131,0.29920831322669983
21380,2132,0.12666523456573486
21390,2133,0.1298210620880127
21400,2134,0.26895418763160706
21410,2135,0.1567060947418213
21420,2136,0.06204087287187576
21430,2137,0.3360734283924103
21440,2138,0.38084864616394043
21450,2139,0.3742251396179199
21460,2140,0.3275921046733856
21470,2141,0.2589474022388458
21480,2142,0.1539798080921173
21490,2143,0.17303414642810822
21500,2144,0.14063523709774017
21510,2145,0.24885571002960205
21520,2146,0.2252568155527115
21530,2147,0.2846778631210327
21540,2148,0.3566280007362366
21550,2149,0.5505343079566956
21560,2150,0.15038588643074036
21570,2151,0.12951453030109406
21580,2152,0.17569586634635925
21590,2153,0.2514704167842865
21600,2154,0.17087875306606293
21610,2155,0.07331494987010956
21620,2156,0.24936404824256897
21630,2157,0.20401619374752045
21640,2158,0.15224941074848175
21650,2159,0.2251964509487152
21660,2160,0.24094748497009277
21670,2161,0.11509131640195847
21680,2162,0.1460268348455429
21690,2163,0.3144201338291168
21700,2164,0.14617092907428741
21710,2165,0.24045330286026
21720,2166,0.33618879318237305
21730,2167,0.4646458625793457
21740,2168,0.21704711019992828
21750,2169,0.29964619874954224
21760,2170,0.2815888524055481
21770,2171,0.14298543334007263
21780,2172,0.12605439126491547
21790,2173,0.15491251647472382
21800,2174,0.2468826025724411
21810,2175,0.29043540358543396
21820,2176,0.2683408856391907
21830,2177,0.08671058714389801
21840,2178,0.2966221868991852
21850,2179,0.22371946275234222
21860,2180,0.3424111604690552
21870,2181,0.3430193364620209
21880,2182,0.14915457367897034
21890,2183,0.24972505867481232
21900,2184,0.29093483090400696
21910,2185,0.21904651820659637
21920,2186,0.2112484872341156
21930,2187,0.13809938728809357
21940,2188,0.11221842467784882
21950,2189,0.28201666474342346
21960,2190,0.584104597568512
21970,2191,0.20167173445224762
21980,2192,0.11316684633493423
21990,2193,0.15404725074768066
22000,2194,0.18706750869750977
22010,2195,0.2581136226654053
22020,2196,0.3077913522720337
22030,2197,0.09368723630905151
22040,2198,0.2981794476509094
22050,2199,0.2613218128681183
22060,2200,0.27710196375846863
22070,2201,0.17275261878967285
22080,2202,0.43097659945487976
22090,2203,0.20035052299499512
22100,2204,0.2901318073272705
22110,2205,0.3588603734970093
22120,2206,0.26598870754241943
22130,2207,0.23985792696475983
22140,2208,0.19016516208648682
22150,2209,0.18662676215171814
22160,2210,0.149346262216568
22170,2211,0.26597413420677185
22180,2212,0.263009250164032
22190,2213,0.1146034225821495
22200,2214,0.2105773538351059
22210,2215,0.2922719120979309
22220,2216,0.2304575890302658
22230,2217,0.11465286463499069
22240,2218,0.2506256103515625
22250,2219,0.07025415450334549
22260,2220,0.1903936266899109
22270,2221,0.11611271649599075
22280,2222,0.14670787751674652
22290,2223,0.15063926577568054
22300,2224,0.18968407809734344
22310,2225,0.3291081190109253
22320,2226,0.1480625569820404
22330,2227,0.312506765127182
22340,2228,0.16025616228580475
22350,2229,0.14057624340057373
22360,2230,0.15663853287696838
22370,2231,0.13485918939113617
22380,2232,0.12939715385437012
22390,2233,0.18533506989479065
22400,2234,0.12543490529060364
22410,2235,0.38154223561286926
22420,2236,0.19790339469909668
22430,2237,0.24280010163784027
22440,2238,0.14112918078899384
22450,2239,0.31330496072769165
22460,2240,0.1630723625421524
22470,2241,0.14022499322891235
22480,2242,0.07095641642808914
22490,2243,0.4380641281604767
22500,2244,0.1172119677066803
22510,2245,0.3482075333595276
22520,2246,0.16930630803108215
22530,2247,0.1103457361459732
22540,2248,0.16411559283733368
22550,2249,0.5629513263702393
22560,2250,0.18687233328819275
22570,2251,0.2993864119052887
22580,2252,0.18442338705062866
22590,2253,0.5059579610824585
22600,2254,0.23905029892921448
22610,2255,0.0914374589920044
22620,2256,0.06931177526712418
22630,2257,0.2704683244228363
22640,2258,0.2891786992549896
22650,2259,0.06849822402000427
22660,2260,0.10829099267721176
22670,2261,0.07733238488435745
22680,2262,0.3722032606601715
22690,2263,0.22698922455310822
22700,2264,0.1411396861076355
22710,2265,0.41247111558914185
22720,2266,0.11441591382026672
22730,2267,0.4177064895629883
22740,2268,0.27387547492980957
22750,2269,0.20534738898277283
22760,2270,0.3233284056186676
22770,2271,0.19328443706035614
22780,2272,0.20088538527488708
22790,2273,0.2619585394859314
22800,2274,0.30122578144073486
22810,2275,0.24160656332969666
22820,2276,0.1982337236404419
22830,2277,0.16585682332515717
22840,2278,0.09442134946584702
22850,2279,0.28605955839157104
22860,2280,0.17221808433532715
22870,2281,0.2583240866661072
22880,2282,0.22655640542507172
22890,2283,0.14203794300556183
22900,2284,0.2997646927833557
22910,2285,0.2515338957309723
22920,2286,0.1335235834121704
22930,2287,0.16943533718585968
22940,2288,0.2861567437648773
22950,2289,0.2726600766181946
22960,2290,0.21288587152957916
22970,2291,0.21913832426071167
22980,2292,0.11328166723251343
22990,2293,0.23749378323554993
23000,2294,0.23707589507102966
23010,2295,0.24391375482082367
23020,2296,0.1507733166217804
23030,2297,0.07070940732955933
23040,2298,0.054252445697784424
23050,2299,0.2816721796989441
23060,2300,0.19165974855422974
23070,2301,0.20149336755275726
23080,2302,0.18651965260505676
23090,2303,0.1570703387260437
23100,2304,0.18918819725513458
23110,2305,0.38738811016082764
23120,2306,0.3126051127910614
23130,2307,0.07533836364746094
23140,2308,0.17691127955913544
23150,2309,0.17885813117027283
23160,2310,0.07208098471164703
23170,2311,0.1205439493060112
23180,2312,0.24652783572673798
23190,2313,0.21382851898670197
23200,2314,0.12238340824842453
23210,2315,0.20624209940433502
23220,2316,0.2549900710582733
23230,2317,0.18944904208183289
23240,2318,0.3473743498325348
23250,2319,0.1293129324913025
23260,2320,0.27862343192100525
23270,2321,0.10069478303194046
23280,2322,0.38603895902633667
23290,2323,0.3897307515144348
23300,2324,0.22725985944271088
23310,2325,0.18688184022903442
23320,2326,0.01784932240843773
23330,2327,0.1288217008113861
23340,2328,0.1561221480369568
23350,2329,0.13536718487739563
23360,2330,0.21930481493473053
23370,2331,0.3215259909629822
23380,2332,0.04617605730891228
23390,2333,0.25724369287490845
23400,2334,0.23120954632759094
23410,2335,0.3568660616874695
23420,2336,0.17742128670215607
23430,2337,0.15252941846847534
23440,2338,0.12892362475395203
23450,2339,0.1693767011165619
23460,2340,0.26894596219062805
23470,2341,0.0801609605550766
23480,2342,0.16563546657562256
23490,2343,0.11418923735618591
23500,2344,0.20290102064609528
23510,2345,0.1742551326751709
23520,2346,0.18173272907733917
23530,2347,0.10303021967411041
23540,2348,0.2307605892419815
23550,2349,0.12882734835147858
23560,2350,0.08485335111618042
23570,2351,0.27683520317077637
23580,2352,0.16684195399284363
23590,2353,0.06248483434319496
23600,2354,0.1695818454027176
23610,2355,0.06972546875476837
23620,2356,0.1696062684059143
23630,2357,0.1503862887620926
23640,2358,0.21111732721328735
23650,2359,0.049442440271377563
23660,2360,0.09080135077238083
23670,2361,0.24564474821090698
23680,2362,0.22538889944553375
23690,2363,0.04713808745145798
23700,2364,0.22193573415279388
23710,2365,0.21619898080825806
23720,2366,0.19305257499217987
23730,2367,0.49140551686286926
23740,2368,0.1777687817811966
23750,2369,0.13313628733158112
23760,2370,0.10917806625366211
23770,2371,0.20376646518707275
23780,2372,0.08769287168979645
23790,2373,0.13304609060287476
23800,2374,0.13846205174922943
23810,2375,0.2490616738796234
23820,2376,0.13492503762245178
23830,2377,0.09276463091373444
23840,2378,0.15680624544620514
23850,2379,0.04203593358397484
23860,2380,0.14211203157901764
23870,2381,0.14351147413253784
23880,2382,0.23434440791606903
23890,2383,0.06960052251815796
23900,2384,0.356322318315506
23910,2385,0.1922571361064911
23920,2386,0.36220747232437134
23930,2387,0.23562884330749512
23940,2388,0.2428114414215088
23950,2389,0.07802606374025345
23960,2390,0.26584380865097046
23970,2391,0.03650207445025444
23980,2392,0.08646813035011292
23990,2393,0.1983942985534668
24000,2394,0.1342223882675171
24010,2395,0.14038348197937012
24020,2396,0.3149511218070984
24030,2397,0.05116308853030205
24040,2398,0.1015980914235115
24050,2399,0.1804853230714798
24060,2400,0.16171424090862274
24070,2401,0.2615392208099365
24080,2402,0.19123885035514832
24090,2403,0.25607815384864807
24100,2404,0.22140705585479736
24110,2405,0.13154269754886627
24120,2406,0.197887122631073
24130,2407,0.18248607218265533
24140,2408,0.04964099079370499
24150,2409,0.10184410214424133
24160,2410,0.327900230884552
24170,2411,0.456512987613678
24180,2412,0.07162650674581528
24190,2413,0.39621829986572266
24200,2414,0.22983473539352417
24210,2415,0.25239768624305725
24220,2416,0.16121140122413635
24230,2417,0.11957061290740967
24240,2418,0.1364682912826538
24250,2419,0.19089604914188385
24260,2420,0.13690322637557983
24270,2421,0.25993478298187256
24280,2422,0.3325273394584656
24290,2423,0.2117343544960022
24300,2424,0.057980384677648544
24310,2425,0.21820153295993805
24320,2426,0.09792584180831909
24330,2427,0.18624341487884521
24340,2428,0.12518252432346344
24350,2429,0.14367930591106415
24360,2430,0.04918620362877846
24370,2431,0.1701747328042984
24380,2432,0.06782703846693039
24390,2433,0.21963581442832947
24400,2434,0.08292221277952194
24410,2435,0.06368862837553024
24420,2436,0.08161956071853638
24430,2437,0.1085648238658905
24440,2438,0.13424992561340332
24450,2439,0.24970437586307526
24460,2440,0.08814725279808044
24470,2441,0.24637241661548615
24480,2442,0.25257349014282227
24490,2443,0.11986060440540314
24500,2444,0.19208264350891113
24510,2445,0.219779834151268
24520,2446,0.277826726436615
24530,2447,0.2948325276374817
24540,2448,0.17689014971256256
24550,2449,0.3406435549259186
24560,2450,0.08509163558483124
24570,2451,0.24014019966125488
24580,2452,0.2303621768951416
24590,2453,0.2209349125623703
24600,2454,0.2813054025173187
24610,2455,0.06681215763092041
24620,2456,0.17276020348072052
24630,2457,0.16795705258846283
24640,2458,0.3095811605453491
24650,2459,0.24993373453617096
24660,2460,0.15152204036712646
24670,2461,0.15292957425117493
24680,2462,0.13756206631660461
24690,2463,0.15263248980045319
24700,2464,0.06141946464776993
24710,2465,0.1765872836112976
24720,2466,0.042660363018512726
24730,2467,0.06297102570533752
24740,2468,0.08629605174064636
24750,2469,0.08531026542186737
24760,2470,0.1885378360748291
24770,2471,0.1171870306134224
24780,2472,0.10405377298593521
24790,2473,0.18892313539981842
24800,2474,0.2025356888771057
24810,2475,0.1376415193080902
24820,2476,0.09517909586429596
24830,2477,0.10880370438098907
24840,2478,0.1441064029932022
24850,2479,0.21351152658462524
24860,2480,0.13243652880191803
24870,2481,0.11107058078050613
24880,2482,0.252503901720047
24890,2483,0.09635891020298004
24900,2484,0.10925595462322235
24910,2485,0.15653769671916962
24920,2486,0.2428695559501648
24930,2487,0.07067042589187622
24940,2488,0.15953312814235687
24950,2489,0.07379863411188126
24960,2490,0.1384834200143814
24970,2491,0.18350327014923096
24980,2492,0.12457454949617386
24990,2493,0.15565125644207
25000,2494,0.05144771561026573
25010,2495,0.13013264536857605
25020,2496,0.09832896292209625
25030,2497,0.06627604365348816
25040,2498,0.3183007836341858
25050,2499,0.13218453526496887
25060,2500,0.2923291027545929
25070,2501,0.22343464195728302
25080,2502,0.10055069625377655
25090,2503,0.11702927947044373
25100,2504,0.1296658217906952
25110,2505,0.24077022075653076
25120,2506,0.07006744295358658
25130,2507,0.2112666219472885
25140,2508,0.017194023355841637
25150,2509,0.23553907871246338
25160,2510,0.23003517091274261
25170,2511,0.2338549941778183
25180,2512,0.1780918538570404
25190,2513,0.25122764706611633
25200,2514,0.050399571657180786
25210,2515,0.012054418213665485
25220,2516,0.19411098957061768
25230,2517,0.12444576621055603
25240,2518,0.044539354741573334
25250,2519,0.19293856620788574
25260,2520,0.22407275438308716
25270,2521,0.1662990152835846
25280,2522,0.12642644345760345
25290,2523,0.3618217706680298
25300,2524,0.12640008330345154
25310,2525,0.07776830345392227
25320,2526,0.07945827394723892
25330,2527,0.050517912954092026
25340,2528,0.15175239741802216
25350,2529,0.08707701414823532
25360,2530,0.26921024918556213
25370,2531,0.09728330373764038
25380,2532,0.21368470788002014
25390,2533,0.08463098853826523
25400,2534,0.13815821707248688
25410,2535,0.15110337734222412
25420,2536,0.035018689930438995
25430,2537,0.13712699711322784
25440,2538,0.29220783710479736
25450,2539,0.04979162663221359
25460,2540,0.14612418413162231
25470,2541,0.011633224785327911
25480,2542,0.22644969820976257
25490,2543,0.0604516975581646
25500,2544,0.1368407905101776
25510,2545,0.1209239512681961
25520,2546,0.2855361998081207
25530,2547,0.14648883044719696
25540,2548,0.23942115902900696
25550,2549,0.06735287606716156
25560,2550,0.15192008018493652
25570,2551,0.06124285236001015
25580,2552,0.4468120336532593
25590,2553,0.14325577020645142
25600,2554,0.08309660851955414
25610,2555,0.051537156105041504
25620,2556,0.028634725138545036
25630,2557,0.1018797755241394
25640,2558,0.06155124306678772
25650,2559,0.010800093412399292
25660,2560,0.1380314975976944
25670,2561,0.18224377930164337
25680,2562,0.1644161492586136
25690,2563,0.1826867014169693
25700,2564,0.24773617088794708
25710,2565,0.4682614803314209
25720,2566,0.04216381907463074
25730,2567,0.2865010201931
25740,2568,0.09109965711832047
25750,2569,0.06491204351186752
25760,2570,0.08906407654285431
25770,2571,0.08297500759363174
25780,2572,0.11567696928977966
25790,2573,0.3302263915538788
25800,2574,0.2888796329498291
25810,2575,0.08412593603134155
25820,2576,0.07366549223661423
25830,2577,0.11337262392044067
25840,2578,0.08839722722768784
25850,2579,0.19649943709373474
25860,2580,0.1853533387184143
25870,2581,0.16749867796897888
25880,2582,0.036667197942733765
25890,2583,0.258349746465683
25900,2584,0.3510839641094208
25910,2585,0.05130084976553917
25920,2586,0.15209129452705383
25930,2587,0.24380317330360413
25940,2588,0.21568889915943146
25950,2589,0.1111198142170906
25960,2590,0.013972879387438297
25970,2591,0.10381565243005753
25980,2592,0.1662486046552658
25990,2593,0.12669986486434937
26000,2594,0.09093349426984787
26010,2595,0.010599079541862011
26020,2596,0.3828723728656769
26030,2597,0.06357336789369583
26040,2598,0.15439613163471222
26050,2599,0.12252591550350189
26060,2600,0.0548643097281456
26070,2601,0.21937309205532074
26080,2602,0.016625240445137024
26090,2603,0.12632398307323456
26100,2604,0.17929062247276306
26110,2605,0.03109676018357277
26120,2606,0.16583238542079926
26130,2607,0.23352421820163727
26140,2608,0.12732556462287903
26150,2609,0.17523911595344543
26160,2610,0.07038053870201111
26170,2611,0.17118996381759644
26180,2612,0.13158704340457916
26190,2613,0.42939913272857666
26200,2614,0.19685614109039307
26210,2615,0.36386507749557495
26220,2616,0.2527713477611542
26230,2617,0.10516761988401413
26240,2618,0.2593625485897064
26250,2619,0.04896891117095947
26260,2620,0.13364586234092712
26270,2621,0.14405503869056702
26280,2622,0.12388850003480911
26290,2623,0.09470959007740021
26300,2624,0.1123979464173317
26310,2625,0.18035076558589935
26320,2626,0.011478884145617485
26330,2627,0.010302502661943436
26340,2628,0.17121686041355133
26350,2629,0.10862987488508224
26360,2630,0.0972568467259407
26370,2631,0.25675883889198303
26380,2632,0.053142476826906204
26390,2633,0.04672374948859215
26400,2634,0.22703760862350464
26410,2635,0.1634015440940857
26420,2636,0.10398665815591812
26430,2637,0.03265761584043503
26440,2638,0.10412632673978806
26450,2639,0.2619667947292328
26460,2640,0.2822583317756653
26470,2641,0.04491840675473213
26480,2642,0.19817909598350525
26490,2643,0.08647400140762329
26500,2644,0.052733756601810455
26510,2645,0.16099902987480164
26520,2646,0.05509741231799126
26530,2647,0.2832109332084656
26540,2648,0.1572292596101761
26550,2649,0.07429604232311249
26560,2650,0.20445844531059265
26570,2651,0.07223677635192871
26580,2652,0.25643402338027954
26590,2653,0.04192198067903519
26600,2654,0.13243862986564636
26610,2655,0.21542035043239594
26620,2656,0.15544603765010834
26630,2657,0.30665457248687744
26640,2658,0.038110848516225815
26650,2659,0.08784903585910797
26660,2660,0.3415907323360443
26670,2661,0.12636521458625793
26680,2662,0.26921412348747253
26690,2663,0.07593349367380142
26700,2664,0.10382454097270966
26710,2665,0.0811108648777008
26720,2666,0.2274605631828308
26730,2667,0.19087174534797668
26740,2668,0.07399582117795944
26750,2669,0.17379921674728394
26760,2670,0.09786639362573624
26770,2671,0.07612419128417969
26780,2672,0.3060115575790405
26790,2673,0.21786075830459595
26800,2674,0.18716473877429962
26810,2675,0.10916027426719666
26820,2676,0.10137178003787994
26830,2677,0.1452825516462326
26840,2678,0.13522613048553467
26850,2679,0.14312919974327087
26860,2680,0.10882111638784409
26870,2681,0.05684319883584976
26880,2682,0.2334572672843933
26890,2683,0.06899593025445938
26900,2684,0.18559075891971588
26910,2685,0.18163487315177917
26920,2686,0.12197750806808472
26930,2687,0.11912579834461212
26940,2688,0.16272448003292084
26950,2689,0.0399056114256382
26960,2690,0.15235748887062073
26970,2691,0.08309048414230347
26980,2692,0.16639788448810577
26990,2693,0.07528015971183777
27000,2694,0.2838790714740753
27010,2695,0.11594662070274353
27020,2696,0.17699378728866577
27030,2697,0.14317533373832703
27040,2698,0.09066452085971832
27050,2699,0.06078404560685158
27060,2700,0.05664651095867157
27070,2701,0.21649011969566345
27080,2702,0.07962481677532196
27090,2703,0.0299910306930542
27100,2704,0.07178717106580734
27110,2705,0.2949741780757904
27120,2706,0.26657038927078247
27130,2707,0.15607891976833344
27140,2708,0.13792948424816132
27150,2709,0.12245453149080276
27160,2710,0.08497872203588486
27170,2711,0.09024989604949951
27180,2712,0.06460738927125931
27190,2713,0.10917188227176666
27200,2714,0.1171148493885994
27210,2715,0.03843788430094719
27220,2716,0.18255336582660675
27230,2717,0.14398890733718872
27240,2718,0.0714891254901886
27250,2719,0.042735710740089417
27260,2720,0.0932406559586525
27270,2721,0.06599557399749756
27280,2722,0.05067445710301399
27290,2723,0.13251596689224243
27300,2724,0.14882677793502808
27310,2725,0.2603704333305359
27320,2726,0.15188075602054596
27330,2727,0.09478021413087845
27340,2728,0.07924775779247284
27350,2729,0.09026532620191574
27360,2730,0.06728899478912354
27370,2731,0.08500274270772934
27380,2732,0.11949115246534348
27390,2733,0.14965248107910156
27400,2734,0.06112026423215866
27410,2735,0.2850583791732788
27420,2736,0.03712938353419304
27430,2737,0.04442989453673363
27440,2738,0.0011431023012846708
27450,2739,0.142926424741745
27460,2740,0.07626844942569733
27470,2741,0.06995479017496109
27480,2742,0.1497240513563156
27490,2743,0.06549758464097977
27500,2744,0.020598798990249634
27510,2745,0.3032987117767334
27520,2746,0.1636933982372284
27530,2747,0.11323175579309464
27540,2748,0.030053414404392242
27550,2749,0.0672951340675354
27560,2750,0.10044649988412857
27570,2751,0.17785166203975677
27580,2752,0.19366642832756042
27590,2753,0.06293701380491257
27600,2754,0.013547497801482677
27610,2755,0.021101582795381546
27620,2756,0.062267765402793884
27630,2757,0.10438086092472076
27640,2758,0.17813752591609955
27650,2759,0.0379510335624218
27660,2760,0.2655452787876129
27670,2761,0.07211119681596756
27680,2762,0.15113279223442078
27690,2763,0.057635821402072906
27700,2764,0.11183971166610718
27710,2765,0.10578542947769165
27720,2766,0.09077596664428711
27730,2767,0.1232587918639183
27740,2768,0.11521557718515396
27750,2769,0.0704449862241745
27760,2770,0.05357322841882706
27770,2771,0.2547246217727661
27780,2772,0.06635550409555435
27790,2773,0.15909039974212646
27800,2774,0.11139772832393646
27810,2775,0.10351521521806717
27820,2776,0.11519185453653336
27830,2777,0.13325388729572296
27840,2778,0.09258925914764404
27850,2779,0.12585467100143433
27860,2780,0.0013677807291969657
27870,2781,0.014961464330554008
27880,2782,0.0906270444393158
27890,2783,0.2169400006532669
27900,2784,0.06539202481508255
27910,2785,0.06752584874629974
27920,2786,0.13651448488235474
27930,2787,0.10415472090244293
27940,2788,0.14082588255405426
27950,2789,0.052842892706394196
27960,2790,0.07598505169153214
27970,2791,0.014816313050687313
27980,2792,0.04467754065990448
27990,2793,0.15858709812164307
28000,2794,0.13798323273658752
28010,2795,0.08000318706035614
28020,2796,0.09935837984085083
28030,2797,0.03835373744368553
28040,2798,0.05366484448313713
28050,2799,0.027195703238248825
28060,2800,0.08977365493774414
28070,2801,0.1265336573123932
28080,2802,0.011032992973923683
28090,2803,0.09104079753160477
28100,2804,0.14035344123840332
28110,2805,0.03383828327059746
28120,2806,0.09825795143842697
28130,2807,0.1368260234594345
28140,2808,0.20084242522716522
28150,2809,0.14584675431251526
28160,2810,0.0007526813424192369
28170,2811,0.16210174560546875
28180,2812,0.03512231633067131
28190,2813,0.06250772625207901
28200,2814,0.09732971340417862
28210,2815,0.01954895630478859
28220,2816,0.21449387073516846
28230,2817,0.10221803188323975
28240,2818,0.050774604082107544
28250,2819,0.10593870282173157
28260,2820,0.0778602808713913
28270,2821,0.3065434694290161
28280,2822,0.062022946774959564
28290,2823,0.11581933498382568
28300,2824,0.2882603406906128
28310,2825,0.0009817781392484903
28320,2826,0.03867468982934952
28330,2827,0.021887661889195442
28340,2828,0.04850918799638748
28350,2829,0.06790182739496231
28360,2830,0.1549641638994217
28370,2831,0.14424343407154083
28380,2832,0.04817730560898781
28390,2833,0.06559635698795319
28400,2834,0.18311220407485962
28410,2835,0.06800850480794907
28420,2836,0.19970624148845673
28430,2837,0.15225501358509064
28440,2838,0.019708430394530296
28450,2839,0.16141653060913086
28460,2840,0.15557855367660522
28470,2841,0.05207626149058342
28480,2842,0.024425456300377846
28490,2843,0.038537077605724335
28500,2844,0.06330862641334534
28510,2845,0.1643822193145752
28520,2846,0.04341282323002815
28530,2847,0.07821871340274811
28540,2848,0.07941383123397827
28550,2849,0.23949189484119415
28560,2850,0.03688563406467438
28570,2851,0.07677634805440903
28580,2852,0.14434809982776642
28590,2853,0.044409915804862976
28600,2854,0.37069159746170044
28610,2855,0.14073902368545532
28620,2856,0.013699918054044247
28630,2857,0.012611448764801025
28640,2858,0.025648562237620354
28650,2859,0.023833639919757843
28660,2860,0.09073647856712341
28670,2861,0.060495149344205856
28680,2862,0.034404490143060684
28690,2863,0.012249010615050793
28700,2864,0.05391230434179306
28710,2865,0.09794162213802338
28720,2866,0.09999210387468338
28730,2867,0.07385195791721344
28740,2868,0.00902819074690342
28750,2869,0.08998732268810272
28760,2870,0.07496355473995209
28770,2871,0.05565950274467468
28780,2872,0.0604117326438427
28790,2873,0.05057557672262192
28800,2874,0.21262547373771667
28810,2875,0.03026393987238407
28820,2876,0.006803171243518591
28830,2877,0.08878534287214279
28840,2878,0.01615317538380623
28850,2879,0.007897399365901947
28860,2880,0.14086954295635223
28870,2881,0.047856781631708145
28880,2882,4.963613946529222e-07
28890,2883,0.023297008126974106
28900,2884,0.052756957709789276
28910,2885,0.013943573459982872
28920,2886,0.07948026061058044
28930,2887,0.12221242487430573
28940,2888,0.026677178218960762
28950,2889,0.054181817919015884
28960,2890,0.03467826172709465
28970,2891,0.0009047849453054368
28980,2892,0.179476797580719
28990,2893,0.05771977826952934
29000,2894,0.0851343646645546
29010,2895,0.2689436078071594
29020,2896,0.007451668381690979
29030,2897,0.05318140238523483
29040,2898,0.05365457758307457
29050,2899,0.060010336339473724
29060,2900,0.12468066811561584
29070,2901,0.0426335334777832
29080,2902,0.021138105541467667
29090,2903,0.0883331224322319
29100,2904,0.011444252915680408
29110,2905,0.03866627812385559
29120,2906,0.05379951372742653
29130,2907,0.07982201129198074
29140,2908,0.0048432303592562675
29150,2909,0.03671373054385185
29160,2910,0.04312008619308472
29170,2911,0.012343663722276688
29180,2912,0.020734185352921486
29190,2913,0.0050803846679627895
29200,2914,0.08704781532287598
29210,2915,0.025770554319024086
29220,2916,7.403961035379325e-07
29230,2917,0.025463892146945
29240,2918,0.1793612837791443
29250,2919,0.07933543622493744
29260,2920,0.005909965839236975
29270,2921,0.16232259571552277
29280,2922,0.02846926636993885
29290,2923,0.07543794810771942
29300,2924,0.009240452200174332
29310,2925,0.10722153633832932
29320,2926,0.15647488832473755
29330,2927,0.015966683626174927
29340,2928,0.11960725486278534
29350,2929,0.06052006036043167
29360,2930,0.0034431072417646646
29370,2931,0.18538077175617218
29380,2932,0.11890050023794174
29390,2933,0.09065332263708115
29400,2934,0.023093905299901962
29410,2935,0.059508442878723145
29420,2936,0.026459166780114174
29430,2937,0.02118467167019844
29440,2938,0.0962158739566803
29450,2939,0.13908430933952332
29460,2940,0.012314416468143463
29470,2941,0.016258783638477325
29480,2942,0.148823544383049
29490,2943,0.1668996512889862
29500,2944,0.11172129958868027
29510,2945,0.010636800900101662
29520,2946,0.004989157896488905
29530,2947,0.05031365901231766
29540,2948,0.02733057737350464
29550,2949,0.030819153413176537
29560,2950,0.016275107860565186
29570,2951,0.05481496825814247
29580,2952,0.024141155183315277
29590,2953,0.07449784874916077
29600,2954,0.023133274167776108
29610,2955,0.039389755576848984
29620,2956,0.006226089783012867
29630,2957,0.044456757605075836
29640,2958,0.012418465688824654
29650,2959,0.07022392749786377
29660,2960,0.037417203187942505
29670,2961,0.003036057110875845
29680,2962,0.03611713647842407
29690,2963,0.03610340878367424
29700,2964,0.01998293586075306
29710,2965,0.1315467357635498
29720,2966,0.0022493647411465645
29730,2967,0.05805761367082596
29740,2968,0.061001069843769073
29750,2969,0.009045474231243134
29760,2970,0.0009049963555298746
29770,2971,3.882325927406782e-06
29780,2972,0.0031280359253287315
29790,2973,0.08108123391866684
29800,2974,0.04026929289102554
29810,2975,0.04963205009698868
29820,2976,0.10327614843845367
29830,2977,0.03788921236991882
29840,2978,0.036342278122901917
29850,2979,0.05564204603433609
29860,2980,0.03370065242052078
29870,2981,0.09262052178382874
29880,2982,0.042895056307315826
29890,2983,0.11489253491163254
29900,2984,0.011774775572121143
29910,2985,0.074750617146492
29920,2986,0.12495111674070358
29930,2987,0.01677098497748375
29940,2988,0.028740305453538895
29950,2989,0.018444642424583435
29960,2990,0.04339389130473137
29970,2991,0.057613346725702286
29980,2992,0.014735986478626728
29990,2993,0.11377672851085663
30000,2994,0.050137151032686234
30010,2995,0.018221484497189522
30020,2996,0.027859358116984367
30030,2997,1.3811143162456574e-06
30040,2998,0.07629205286502838
30050,2999,0.001610236125998199
30060,3000,0.04633605107665062
30070,3001,0.10499730706214905
30080,3002,0.01609136536717415
30090,3003,0.00011682956392178312
30100,3004,0.05434796214103699
30110,3005,0.05589379742741585
30120,3006,0.03171361982822418
30130,3007,0.010157587938010693
30140,3008,0.09505225718021393
30150,3009,0.0010521076619625092
30160,3010,0.007092487532645464
30170,3011,0.057950783520936966
30180,3012,0.010839728638529778
30190,3013,0.04575146734714508
30200,3014,0.000729441293515265
30210,3015,0.00021894476958550513
30220,3016,0.02695285901427269
30230,3017,0.09768696874380112
30240,3018,0.03592890128493309
30250,3019,0.01883772201836109
30260,3020,0.07839664816856384
30270,3021,0.020992346107959747
30280,3022,0.06736627221107483
30290,3023,0.034243129193782806
30300,3024,0.010076311416924
30310,3025,0.12018242478370667
30320,3026,0.036425136029720306
30330,3027,0.05122078210115433
30340,3028,0.05786949768662453
30350,3029,0.01368868350982666
30360,3030,0.10494586825370789
30370,3031,0.11439979076385498
30380,3032,0.009225833229720592
30390,3033,0.03215138986706734
30400,3034,0.09759456664323807
30410,3035,0.007482932880520821
30420,3036,0.017913952469825745
30430,3037,0.006141764111816883
30440,3038,0.4757818281650543
30450,3039,0.1268019825220108
30460,3040,0.0031868992373347282
30470,3041,0.03751373291015625
30480,3042,9.388151056555216e-08
30490,3043,0.08586188405752182
30500,3044,0.14902590215206146
30510,3045,0.013877972960472107
30520,3046,0.06239605322480202
30530,3047,0.15131649374961853
30540,3048,0.015238290652632713
30550,3049,0.045333005487918854
30560,3050,1.1374008863640483e-05
30570,3051,0.04741716384887695
30580,3052,0.012310870923101902
30590,3053,0.00790652260184288
30600,3054,0.0369945764541626
30610,3055,0.07298088818788528
30620,3056,0.025958526879549026
30630,3057,0.0126393036916852
30640,3058,0.03799473121762276
30650,3059,0.09520970284938812
30660,3060,0.04439187049865723
30670,3061,0.07073705643415451
30680,3062,0.11898607760667801
30690,3063,0.13931818306446075
30700,3064,0.06853795051574707
30710,3065,0.03769974038004875
30720,3066,0.020915403962135315
30730,3067,0.006948481313884258
30740,3068,0.28006112575531006
30750,3069,0.08168070763349533
30760,3070,0.017050601541996002
30770,3071,0.010254488326609135
30780,3072,0.03127339109778404
30790,3073,0.05680682882666588
30800,3074,0.049742817878723145
30810,3075,0.03717876598238945
30820,3076,0.1838708519935608
30830,3077,0.009363871067762375
30840,3078,0.008427596651017666
30850,3079,0.16271662712097168
30860,3080,0.039378415793180466
30870,3081,0.008349430747330189
30880,3082,0.11000275611877441
30890,3083,0.06399397552013397
30900,3084,0.059913016855716705
30910,3085,0.023426875472068787
30920,3086,0.15102186799049377
30930,3087,0.07963640242815018
30940,3088,0.01976090483367443
30950,3089,0.018945826217532158
30960,3090,1.4863074682125443e-07
30970,3091,0.15792861580848694
30980,3092,0.042562779039144516
30990,3093,0.016679078340530396
31000,3094,0.057583246380090714
31010,3095,0.03199753165245056
31020,3096,0.021205736324191093
31030,3097,0.044798657298088074
31040,3098,0.027314623817801476
31050,3099,0.007413437590003014
31060,3100,0.17476136982440948
31070,3101,0.011641452088952065
31080,3102,0.05950266122817993
31090,3103,0.04896776005625725
31100,3104,0.10130602866411209
31110,3105,0.013152566738426685
31120,3106,0.014621729962527752
31130,3107,0.017991838976740837
31140,3108,0.012246586382389069
31150,3109,0.008067704737186432
31160,3110,0.038140881806612015
31170,3111,0.11042812466621399
31180,3112,0.047795619815588
31190,3113,0.02692735195159912
31200,3114,0.09438887238502502
31210,3115,0.0069758412428200245
31220,3116,0.08750089257955551
31230,3117,5.045074885856593e-06
31240,3118,0.015017048455774784
31250,3119,0.042019933462142944
31260,3120,4.200320745439967e-06
31270,3121,0.0065684011206030846
31280,3122,0.017668820917606354
31290,3123,0.061738163232803345
31300,3124,0.007756032515317202
31310,3125,0.07947593927383423
31320,3126,2.1211303646850865e-06
31330,3127,0.05862116813659668
31340,3128,0.07071369886398315
31350,3129,0.01869991049170494
31360,3130,0.051852915436029434
31370,3131,0.047135330736637115
31380,3132,0.04132470861077309
31390,3133,0.07501474767923355
31400,3134,0.05567723512649536
31410,3135,0.08060328662395477
31420,3136,0.03428345173597336
31430,3137,0.005570541135966778
31440,3138,0.005801350809633732
31450,3139,0.024010200053453445
31460,3140,0.05225419998168945
31470,3141,0.00875943060964346
31480,3142,0.051070623099803925
31490,3143,0.03570243716239929
31500,3144,0.05346929654479027
31510,3145,0.010438207536935806
31520,3146,1.0169861752729048e-06
31530,3147,0.014526291750371456
31540,3148,0.10830914974212646
31550,3149,0.06333564221858978
31560,3150,0.037508558481931686
31570,3151,0.0896148830652237
31580,3152,0.17130546271800995
31590,3153,0.011245610192418098
31600,3154,0.00043893331894651055
31610,3155,0.0768493041396141
31620,3156,0.06669934839010239
31630,3157,0.06678558140993118
31640,3158,0.05227052420377731
31650,3159,0.08071353286504745
31660,3160,0.04365737363696098
31670,3161,0.08266781270503998
31680,3162,0.017788546159863472
31690,3163,0.013139813207089901
31700,3164,0.10414543002843857
31710,3165,0.10509060323238373
31720,3166,0.047259051352739334
31730,3167,0.04784807562828064
31740,3168,0.0011824073735624552
31750,3169,0.008327951654791832
31760,3170,0.07957198470830917
31770,3171,0.0862671509385109
31780,3172,0.013571038842201233
31790,3173,0.01053483784198761
31800,3174,0.019839273765683174
31810,3175,0.006302124820649624
31820,3176,0.0039028876926749945
31830,3177,0.012189445085823536
31840,3178,0.015339035540819168
31850,3179,0.00871645100414753
31860,3180,0.09011398255825043
31870,3181,0.038441192358732224
31880,3182,0.14328047633171082
31890,3183,0.01097048819065094
31900,3184,0.012210972607135773
31910,3185,0.0025210909079760313
31920,3186,0.01721707545220852
31930,3187,0.05738215893507004
31940,3188,0.025969911366701126
31950,3189,0.009755264967679977
31960,3190,0.04408349096775055
31970,3191,0.09503290057182312
31980,3192,0.06780457496643066
31990,3193,0.03754343092441559
32000,3194,0.018428225070238113
32010,3195,0.0037123223301023245
32020,3196,0.023917244747281075
32030,3197,0.005438384134322405
32040,3198,0.0006685845437459648
32050,3199,0.11094382405281067
32060,3200,0.007477396167814732
32070,3201,0.10860516875982285
32080,3202,1.1294221167190699e-06
32090,3203,0.03253930062055588
32100,3204,0.03481583297252655
32110,3205,0.03707461804151535
32120,3206,0.027968158945441246
32130,3207,0.00835063960403204
32140,3208,0.11942800879478455
32150,3209,0.050672244280576706
32160,3210,0.02914082258939743
32170,3211,0.08521789312362671
32180,3212,3.047251766474801e-07
32190,3213,0.008058437146246433
32200,3214,0.119460828602314
32210,3215,0.04138236865401268
32220,3216,0.08290287107229233
32230,3217,0.16217845678329468
32240,3218,0.07825593650341034
32250,3219,0.05432962626218796
32260,3220,0.1101781502366066
32270,3221,0.014305640012025833
32280,3222,0.04789404571056366
32290,3223,0.0331750325858593
32300,3224,0.06823843717575073
32310,3225,0.0007232388015836477
32320,3226,0.012849959544837475
32330,3227,0.007348181214183569
32340,3228,0.03485216945409775
32350,3229,0.031236590817570686
32360,3230,0.07540515065193176
32370,3231,1.6947871017691796e-06
32380,3232,0.007081430405378342
32390,3233,0.03324844688177109
32400,3234,6.216519068402704e-06
32410,3235,0.14063143730163574
32420,3236,0.02166701853275299
32430,3237,0.10636692494153976
32440,3238,0.12636590003967285
32450,3239,0.043614573776721954
32460,3240,0.09315957129001617
32470,3241,0.0008938047103583813
32480,3242,0.021483657881617546
32490,3243,0.11081144958734512
32500,3244,0.015148974023759365
32510,3245,0.03505348041653633
32520,3246,0.10774604976177216
32530,3247,0.005009286105632782
32540,3248,0.03499413654208183
32550,3249,0.016583455726504326
32560,3250,0.056934379041194916
32570,3251,0.035300444811582565
32580,3252,0.0007295638788491488
32590,3253,0.25847741961479187
32600,3254,0.031226864084601402
32610,3255,0.01310790702700615
32620,3256,0.10414519906044006
32630,3257,0.06505560874938965
32640,3258,0.1042567566037178
32650,3259,0.016805920749902725
32660,3260,0.02975323237478733
32670,3261,0.017119141295552254
32680,3262,0.11452092230319977
32690,3263,0.0015914564719423652
32700,3264,0.052666932344436646
32710,3265,0.07055791467428207
32720,3266,0.004433687776327133
32730,3267,0.012537766247987747
32740,3268,0.04462694376707077
32750,3269,0.028886938467621803
32760,3270,0.019192447885870934
32770,3271,0.030034633353352547
32780,3272,0.19486188888549805
32790,3273,0.11039330065250397
32800,3274,0.006815304979681969
32810,3275,0.011716393753886223
32820,3276,0.10135482251644135
32830,3277,0.003555610775947571
32840,3278,0.1029835045337677
32850,3279,0.060382381081581116
32860,3280,0.05154837667942047
32870,3281,0.006252022925764322
32880,3282,0.12835480272769928
32890,3283,0.041681643575429916
32900,3284,0.004438161384314299
32910,3285,0.03716197609901428
32920,3286,0.0029147437307983637
32930,3287,0.012021482922136784
32940,3288,0.07401160895824432
32950,3289,0.13383454084396362
32960,3290,0.04754826799035072
32970,3291,2.7407122615841217e-06
32980,3292,0.11253324896097183
32990,3293,0.06049715727567673
33000,3294,0.008194061927497387
33010,3295,0.09006667882204056
33020,3296,0.009377517737448215
33030,3297,0.006359989754855633
33040,3298,0.003740557236596942
33050,3299,0.04058772698044777
33060,3300,0.026004187762737274
33070,3301,0.05136117339134216
33080,3302,0.02362290769815445
33090,3303,0.051828984171152115
33100,3304,0.0073044029995799065
33110,3305,0.09120643138885498
33120,3306,0.06986291706562042
33130,3307,0.03499297797679901
33140,3308,0.0072101508267223835
33150,3309,0.00872899778187275
33160,3310,0.0011400124058127403
33170,3311,0.022907836362719536
33180,3312,0.02816064842045307
33190,3313,0.08205229789018631
33200,3314,0.020871752873063087
33210,3315,0.06841949373483658
33220,3316,0.011030775494873524
33230,3317,0.04550518840551376
33240,3318,0.005915799178183079
33250,3319,0.0019275323720648885
33260,3320,5.445663646241883e-06
33270,3321,0.14247791469097137
33280,3322,0.012855318374931812
33290,3323,0.04417535290122032
33300,3324,0.004187661223113537
33310,3325,0.07674513012170792
33320,3326,0.06111936643719673
33330,3327,0.0019498368492349982
33340,3328,0.14511960744857788
33350,3329,0.09579356014728546
33360,3330,0.041937872767448425
33370,3331,0.03570498898625374
33380,3332,0.047280747443437576
33390,3333,0.018349045887589455
33400,3334,0.022406188771128654
33410,3335,0.06491350382566452
33420,3336,0.18814736604690552
33430,3337,0.059568047523498535
33440,3338,0.05471356585621834
33450,3339,0.02325875125825405
33460,3340,0.07784673571586609
33470,3341,0.017772991210222244
33480,3342,0.013825502246618271
33490,3343,0.05582549795508385
33500,3344,2.2436427116190316e-06
33510,3345,0.03185176104307175
33520,3346,0.07170140743255615
33530,3347,0.13181915879249573
33540,3348,0.08319463580846786
33550,3349,0.021740445867180824
33560,3350,0.10477748513221741
33570,3351,0.055198442190885544
33580,3352,0.0011962654534727335
33590,3353,0.016345441341400146
33600,3354,0.0049904631450772285
33610,3355,0.009061181917786598
33620,3356,0.0203429963439703
33630,3357,0.11402005702257156
33640,3358,0.06826207786798477
33650,3359,0.011119825765490532
33660,3360,0.05289652571082115
33670,3361,0.008051411248743534
33680,3362,5.2633261304890766e-08
33690,3363,0.2090378999710083
33700,3364,0.03410685062408447
33710,3365,0.09624293446540833
33720,3366,0.0037174620665609837
33730,3367,0.030376890674233437
33740,3368,0.025970708578824997
33750,3369,0.004373640287667513
33760,3370,0.22217296063899994
33770,3371,0.01459408923983574
33780,3372,0.021622681990265846
33790,3373,0.05529198423027992
33800,3374,0.1350928694009781
33810,3375,0.013340966776013374
33820,3376,0.05088360607624054
33830,3377,0.037204284220933914
33840,3378,0.0024882308207452297
33850,3379,0.04730071499943733
33860,3380,0.01396477036178112
33870,3381,0.060450129210948944
33880,3382,0.00855265837162733
33890,3383,0.002631744835525751
33900,3384,0.043509773910045624
33910,3385,0.05823494493961334
33920,3386,0.05002409219741821
33930,3387,0.021259017288684845
33940,3388,2.5238497983082198e-05
33950,3389,0.00972508080303669
33960,3390,0.04736793041229248
33970,3391,0.017464594915509224
33980,3392,0.08262895047664642
33990,3393,0.010949691757559776
34000,3394,0.14990097284317017
34010,3395,0.012341625988483429
34020,3396,0.11544264107942581
34030,3397,0.10842646658420563
34040,3398,0.0740366280078888
34050,3399,0.06145738437771797
34060,3400,0.026348574087023735
34070,3401,0.08151773363351822
34080,3402,0.1396910399198532
34090,3403,0.07411395013332367
34100,3404,1.7352924260194413e-05
34110,3405,0.02625703439116478
34120,3406,0.03685932978987694
34130,3407,0.00017012654279824346
34140,3408,0.06062714010477066
34150,3409,0.01516847126185894
34160,3410,0.028464673087000847
34170,3411,0.011168569326400757
34180,3412,0.039410412311553955
34190,3413,0.025497475638985634
34200,3414,0.08707457780838013
34210,3415,0.19102159142494202
34220,3416,0.17708520591259003
34230,3417,0.20646502077579498
34240,3418,0.029881387948989868
34250,3419,0.029072873294353485
34260,3420,0.01399637944996357
34270,3421,0.07147154211997986
34280,3422,0.13179074227809906
34290,3423,0.0025938122998923063
34300,3424,1.0414426469651517e-05
34310,3425,0.10590998828411102
34320,3426,0.04280763491988182
34330,3427,0.02689964696764946
34340,3428,0.03911798819899559
34350,3429,0.05121394991874695
34360,3430,0.034036166965961456
34370,3431,0.10110335797071457
34380,3432,0.01682237535715103
34390,3433,0.039181359112262726
34400,3434,0.06611926853656769
34410,3435,0.046550165861845016
34420,3436,0.003993762191385031
34430,3437,0.06559333950281143
34440,3438,0.0023729437962174416
34450,3439,1.954055369424168e-05
34460,3440,0.01877392828464508
34470,3441,0.08869734406471252
34480,3442,0.06224926561117172
34490,3443,0.05780348554253578
34500,3444,0.08798516541719437
34510,3445,0.010568475350737572
34520,3446,0.018603937700390816
34530,3447,0.0055311694741249084
34540,3448,0.022409433498978615
34550,3449,0.0531659871339798
34560,3450,0.12545886635780334
34570,3451,0.016490349546074867
34580,3452,0.02664584293961525
34590,3453,0.023908322677016258
34600,3454,0.017696702852845192
34610,3455,0.031070521101355553
34620,3456,0.05310765653848648
34630,3457,0.001566590159200132
34640,3458,0.05697183310985565
34650,3459,0.04397032409906387
34660,3460,0.006147400941699743
34670,3461,0.05036018043756485
34680,3462,0.024103567004203796
34690,3463,0.013176603242754936
34700,3464,0.003952549304813147
34710,3465,0.06133395433425903
34720,3466,0.03807971999049187
34730,3467,0.07435202598571777
34740,3468,0.15974286198616028
34750,3469,0.029152415692806244
34760,3470,0.13575774431228638
34770,3471,0.03090563975274563
34780,3472,0.015967460349202156
34790,3473,0.021269040182232857
34800,3474,0.10164085775613785
34810,3475,0.0007793233962729573
34820,3476,0.0509009063243866
34830,3477,0.04540850222110748
34840,3478,0.07453206181526184
34850,3479,0.02910049632191658
34860,3480,0.04592229053378105
34870,3481,0.06318234652280807
34880,3482,0.034221041947603226
34890,3483,0.05447480082511902
34900,3484,0.062153059989213943
34910,3485,0.12205281108617783
34920,3486,0.0017356552416458726
34930,3487,0.09736594557762146
34940,3488,0.04931184649467468
34950,3489,0.004370249342173338
34960,3490,0.07254450768232346
34970,3491,1.3495035091182217e-05
34980,3492,0.03980420529842377
34990,3493,0.05236269161105156
35000,3494,0.10652413219213486
35010,3495,0.0066496627405285835
35020,3496,0.06398557871580124
35030,3497,0.08717474341392517
35040,3498,0.0036004004068672657
35050,3499,8.75255295795796e-07
35060,3500,0.003940144088119268
35070,3501,0.0105157271027565
35080,3502,0.03720301762223244
35090,3503,0.005960775073617697
35100,3504,0.07841372489929199
35110,3505,0.11927161365747452
35120,3506,0.0678834393620491
35130,3507,0.036753881722688675
35140,3508,0.09097378700971603
35150,3509,0.15605378150939941
35160,3510,0.050254084169864655
35170,3511,0.07144518941640854
35180,3512,0.022867660969495773
35190,3513,0.01588144339621067
35200,3514,0.0703178271651268
35210,3515,0.021647892892360687
35220,3516,0.032885871827602386
35230,3517,0.00968935526907444
35240,3518,0.11955924332141876
35250,3519,0.004429340362548828
35260,3520,0.022759074345231056
35270,3521,0.16564065217971802
35280,3522,1.6020201201172313e-06
35290,3523,0.005444288719445467
35300,3524,0.126382514834404
35310,3525,0.017873726785182953
35320,3526,0.01083194650709629
35330,3527,0.00865517370402813
35340,3528,0.03819265961647034
35350,3529,0.06106828898191452
35360,3530,0.013130455277860165
35370,3531,0.005757652223110199
35380,3532,1.0362803550378885e-05
35390,3533,0.06060122698545456
35400,3534,0.005559884011745453
35410,3535,0.046783119440078735
35420,3536,0.05705853924155235
35430,3537,0.03889532387256622
35440,3538,5.978034096187912e-06
35450,3539,0.00018324481789022684
35460,3540,0.07529302686452866
35470,3541,0.032098423689603806
35480,3542,0.003161699278280139
35490,3543,0.051918722689151764
35500,3544,0.016960110515356064
35510,3545,0.013326884247362614
35520,3546,0.017732053995132446
35530,3547,0.11377637088298798
35540,3548,0.10367065668106079
35550,3549,0.1233605444431305
35560,3550,0.027573326602578163
35570,3551,0.000249715696554631
35580,3552,0.06937233358621597
35590,3553,0.032780420035123825
35600,3554,0.005966493394225836
35610,3555,0.05307786539196968
35620,3556,0.06524086743593216
35630,3557,7.21308242646046e-06
35640,3558,0.03502432629466057
35650,3559,0.03321143239736557
35660,3560,0.007449973374605179
35670,3561,0.061291974037885666
35680,3562,0.18347954750061035
35690,3563,0.12747222185134888
35700,3564,0.0014472226612269878
35710,3565,0.042892567813396454
35720,3566,0.011143851093947887
35730,3567,0.013742038048803806
35740,3568,0.023458771407604218
35750,3569,0.051976803690195084
35760,3570,0.040946684777736664
35770,3571,0.022109435871243477
35780,3572,2.452485205139965e-06
35790,3573,0.0400579608976841
35800,3574,0.03606593981385231
35810,3575,0.0730232298374176
35820,3576,0.11737067997455597
35830,3577,0.1102495864033699
35840,3578,0.006587803363800049
35850,3579,0.10663028061389923
35860,3580,0.03629690781235695
35870,3581,0.018270421773195267
35880,3582,0.010212955996394157
35890,3583,0.053347062319517136
35900,3584,0.0783114805817604
35910,3585,0.12977834045886993
35920,3586,0.037916820496320724
35930,3587,0.0008932792698033154
35940,3588,0.0338895358145237
35950,3589,0.07483205199241638
35960,3590,0.058986417949199677
35970,3591,0.00959699135273695
35980,3592,0.034328486770391464
35990,3593,0.09435413777828217
36000,3594,0.14588183164596558
36010,3595,6.336348633340094e-06
36020,3596,0.05879662558436394
36030,3597,0.0616435669362545
36040,3598,0.051684409379959106
36050,3599,0.02883160300552845
36060,3600,0.009414184838533401
36070,3601,0.016731148585677147
36080,3602,0.10884314030408859
36090,3603,0.015144893899559975
36100,3604,0.07161198556423187
36110,3605,0.22958669066429138
36120,3606,0.02474595233798027
36130,3607,0.01640293374657631
36140,3608,0.04194052889943123
36150,3609,0.05470311641693115
36160,3610,0.08632508665323257
36170,3611,0.007401160895824432
36180,3612,0.07084395736455917
36190,3613,3.00954889098648e-06
36200,3614,0.01338665559887886
36210,3615,0.00014261419710237533
36220,3616,0.03841451182961464
36230,3617,0.007260293234139681
36240,3618,0.043492354452610016
36250,3619,0.026396898552775383
36260,3620,0.0022236809600144625
36270,3621,0.03027438372373581
36280,3622,0.0021690737921744585
36290,3623,2.426565970381489e-06
36300,3624,0.003775391960516572
36310,3625,0.1151232123374939
36320,3626,8.847859862726182e-05
36330,3627,0.10673333704471588
36340,3628,1.4841909433016554e-05
36350,3629,0.003532631089910865
36360,3630,0.1007501631975174
36370,3631,0.01579102873802185
36380,3632,0.028612911701202393
36390,3633,0.013477216474711895
36400,3634,2.4237611796706915e-05
36410,3635,0.20519483089447021
36420,3636,0.05226586014032364
36430,3637,0.07661163061857224
36440,3638,0.13270965218544006
36450,3639,0.004159547388553619
36460,3640,0.008901027962565422
36470,3641,0.08335322141647339
36480,3642,0.029381629079580307
36490,3643,2.8151012884336524e-05
36500,3644,0.04491940885782242
36510,3645,0.0110390093177557
36520,3646,0.04977426677942276
36530,3647,0.014988130889832973
36540,3648,0.05684986338019371
36550,3649,0.037867121398448944
36560,3650,0.040003858506679535
36570,3651,0.0057306657545268536
36580,3652,3.1776147579876124e-07
36590,3653,0.005793600343167782
36600,3654,0.020686395466327667
36610,3655,0.11694253981113434
36620,3656,0.022032534703612328
36630,3657,0.0052542006596922874
36640,3658,0.0413065068423748
36650,3659,0.012579251080751419
36660,3660,2.378370027145138e-06
36670,3661,0.0071253045462071896
36680,3662,0.028305597603321075
36690,3663,0.006907547824084759
36700,3664,0.06342507153749466
36710,3665,0.04975798353552818
36720,3666,0.04958626255393028
36730,3667,0.010784268379211426
36740,3668,0.0735241249203682
36750,3669,0.16675712168216705
36760,3670,0.08607819676399231
36770,3671,0.020768865942955017
36780,3672,0.006581810303032398
36790,3673,0.001954023027792573
36800,3674,0.06264691799879074
36810,3675,0.0408545546233654
36820,3676,0.07738403230905533
36830,3677,0.05415759235620499
36840,3678,0.03920186311006546
36850,3679,0.02250915952026844
36860,3680,0.0037850900553166866
36870,3681,0.10827844589948654
36880,3682,0.09431100636720657
36890,3683,0.004947596695274115
36900,3684,0.00891777966171503
36910,3685,1.5099465599632822e-05
36920,3686,0.046525225043296814
36930,3687,0.018838679417967796
36940,3688,0.02145957574248314
36950,3689,0.04446029290556908
36960,3690,0.03811068460345268
36970,3691,0.001980127301067114
36980,3692,0.1108996570110321
36990,3693,0.0021288765128701925
37000,3694,0.00839028600603342
37010,3695,0.005032622255384922
37020,3696,0.0018217540346086025
37030,3697,0.09791862964630127
37040,3698,0.015953563153743744
37050,3699,0.14943310618400574
37060,3700,0.06694348156452179
37070,3701,0.0001853317953646183
37080,3702,0.07662846148014069
37090,3703,0.0039234100840985775
37100,3704,0.010245265439152718
37110,3705,0.13439175486564636
37120,3706,0.01530214212834835
37130,3707,0.014873712323606014
37140,3708,0.06302651762962341
37150,3709,3.7312092899810523e-06
37160,3710,0.16720497608184814
37170,3711,0.003468290902674198
37180,3712,0.2239779233932495
37190,3713,0.06499294936656952
37200,3714,0.007711414713412523
37210,3715,0.00582886254414916
37220,3716,0.017821339890360832
37230,3717,0.036787278950214386
37240,3718,0.011304535903036594
37250,3719,0.001148701529018581
37260,3720,0.0051575275138020515
37270,3721,0.006170201115310192
37280,3722,0.027251342311501503
37290,3723,0.03570310026407242
37300,3724,0.027233999222517014
37310,3725,0.0128370001912117
37320,3726,0.026750056073069572
37330,3727,0.04832468926906586
37340,3728,0.044181644916534424
37350,3729,0.060041122138500214
37360,3730,0.024513134732842445
37370,3731,0.02172684296965599
37380,3732,1.1133904081361834e-05
37390,3733,0.06077824905514717
37400,3734,0.050127431750297546
37410,3735,0.036899372935295105
37420,3736,0.033536966890096664
37430,3737,0.03214886412024498
37440,3738,0.06297614425420761
37450,3739,0.01906539313495159
37460,3740,0.0935584306716919
37470,3741,0.0003380644484423101
37480,3742,0.0005542351864278316
37490,3743,0.0013849189272150397
37500,3744,0.13774468004703522
37510,3745,0.03188140317797661
37520,3746,0.0873444452881813
37530,3747,0.06337488442659378
37540,3748,0.05440830811858177
37550,3749,0.08525753021240234
37560,3750,7.777005635034584e-07
37570,3751,0.018932674080133438
37580,3752,0.04247906059026718
37590,3753,0.05846945941448212
37600,3754,0.007815331220626831
37610,3755,0.09780329465866089
37620,3756,0.018544191494584084
37630,3757,0.08559121936559677
37640,3758,0.0744357630610466
37650,3759,0.03731102496385574
37660,3760,0.0628112256526947
37670,3761,0.05635565146803856
37680,3762,0.020621828734874725
37690,3763,0.05708221718668938
37700,3764,0.028332464396953583
37710,3765,0.00023637167760170996
37720,3766,0.014757039956748486
37730,3767,0.06609035283327103
37740,3768,0.024410180747509003
37750,3769,0.07315471023321152
37760,3770,0.053067754954099655
37770,3771,0.004054956138134003
37780,3772,1.836216324591078e-05
37790,3773,0.05489452928304672
37800,3774,0.0240449421107769
37810,3775,0.11383568495512009
37820,3776,0.027423271909356117
37830,3777,0.02754475548863411
37840,3778,0.020243585109710693
37850,3779,0.02076820842921734
37860,3780,0.025058459490537643
37870,3781,4.2474746919651807e-07
37880,3782,0.020478656515479088
37890,3783,0.03142965957522392
37900,3784,0.05251263827085495
37910,3785,6.038241281203227e-06
37920,3786,0.07087350636720657
37930,3787,0.027394825592637062
37940,3788,0.0032580860424786806
37950,3789,0.016165822744369507
37960,3790,0.03582359105348587
37970,3791,0.017500663176178932
37980,3792,0.04619479924440384
37990,3793,0.017977342009544373
38000,3794,0.09260522574186325
38010,3795,0.019227301701903343
38020,3796,0.025431707501411438
38030,3797,0.04021213576197624
38040,3798,0.054333094507455826
38050,3799,0.07643364369869232
38060,3800,0.05431491509079933
38070,3801,0.04116203263401985
38080,3802,0.2284890115261078
38090,3803,0.047899313271045685
38100,3804,0.19278761744499207
38110,3805,0.07859894633293152
38120,3806,0.0370607003569603
38130,3807,0.06744315475225449
38140,3808,0.036628637462854385
38150,3809,0.06134229525923729
38160,3810,0.04165831208229065
38170,3811,0.0017002393724396825
38180,3812,0.03008832223713398
38190,3813,0.011098920367658138
38200,3814,0.059327978640794754
38210,3815,0.04822089150547981
38220,3816,0.02816205844283104
38230,3817,0.08817694336175919
38240,3818,6.672582912869984e-06
38250,3819,0.09868760406970978
38260,3820,0.0011268133530393243
38270,3821,0.0015606031520292163
38280,3822,0.0934932604432106
38290,3823,0.0030247350223362446
38300,3824,0.003572911024093628
38310,3825,0.07242299616336823
38320,3826,0.08408159762620926
38330,3827,0.09357821196317673
38340,3828,0.031205786392092705
38350,3829,0.007233364507555962
38360,3830,0.04623827710747719
38370,3831,0.06852513551712036
38380,3832,0.05780773609876633
38390,3833,0.009471403434872627
38400,3834,0.03202209994196892
38410,3835,0.0184777919203043
38420,3836,0.03342418745160103
38430,3837,0.061239805072546005
38440,3838,0.03898046910762787
38450,3839,0.041605379432439804
38460,3840,0.012063981033861637
38470,3841,0.0962589904665947
38480,3842,0.17761383950710297
38490,3843,0.04376031458377838
38500,3844,0.0019341513980180025
38510,3845,0.07797188311815262
38520,3846,0.05463934689760208
38530,3847,0.08150579780340195
38540,3848,0.0640711635351181
38550,3849,2.2422107576858252e-05
38560,3850,0.09809162467718124
38570,3851,0.04328162968158722
38580,3852,0.01940182037651539
38590,3853,0.021276207640767097
38600,3854,0.011366119608283043
38610,3855,2.888596952743683e-07
38620,3856,0.01274906750768423
38630,3857,0.09302811324596405
38640,3858,0.0320429690182209
38650,3859,0.03303192928433418
38660,3860,0.0921148955821991
38670,3861,0.02716498263180256
38680,3862,0.1106690838932991
38690,3863,5.81927167786489e-07
38700,3864,0.005942991003394127
38710,3865,0.07739748805761337
38720,3866,0.02274281159043312
38730,3867,5.8397549906885615e-08
38740,3868,0.04760115593671799
38750,3869,0.0427447184920311
38760,3870,0.0011165713658556342
38770,3871,0.0674126073718071
38780,3872,0.026963336393237114
38790,3873,0.011287364177405834
38800,3874,0.003618670627474785
38810,3875,0.036668889224529266
38820,3876,1.4106758499110583e-06
38830,3877,0.01274179294705391
38840,3878,0.06162048503756523
38850,3879,0.02148393914103508
38860,3880,0.01626306027173996
38870,3881,0.008811186999082565
38880,3882,0.08057257533073425
38890,3883,0.0038042834494262934
38900,3884,0.06879603862762451
38910,3885,0.05128183215856552
38920,3886,0.007938853465020657
38930,3887,0.03559090942144394
38940,3888,0.03406210616230965
38950,3889,0.057658009231090546
38960,3890,0.03328131139278412
38970,3891,0.002826481591910124
38980,3892,0.02116064913570881
38990,3893,0.04093361645936966
39000,3894,0.0002765135432127863
39010,3895,0.05882825702428818
39020,3896,0.06223336234688759
39030,3897,0.07093862444162369
39040,3898,0.053154364228248596
39050,3899,0.03746804967522621
39060,3900,0.0688440278172493
39070,3901,0.02052272856235504
39080,3902,0.04870198667049408
39090,3903,0.029965078458189964
39100,3904,0.03190150856971741
39110,3905,0.009346365928649902
39120,3906,0.016381483525037766
39130,3907,0.08183825761079788
39140,3908,0.05559095740318298
39150,3909,0.04253586381673813
39160,3910,0.04250798001885414
39170,3911,0.038943611085414886
39180,3912,0.09784213453531265
39190,3913,0.04867707937955856
39200,3914,0.025406286120414734
39210,3915,0.027232423424720764
39220,3916,0.04996848478913307
39230,3917,0.007038946263492107
39240,3918,0.024677230045199394
39250,3919,0.024209165945649147
39260,3920,0.11775628477334976
39270,3921,0.06349927932024002
39280,3922,0.1301320344209671
39290,3923,0.11052356660366058
39300,3924,0.03933384269475937
39310,3925,0.06888216733932495
39320,3926,0.018272871151566505
39330,3927,0.026934830471873283
39340,3928,0.0006590026896446943
39350,3929,0.003457940649241209
39360,3930,0.05241784453392029
39370,3931,0.006949255708605051
39380,3932,0.013070686720311642
39390,3933,0.17913177609443665
39400,3934,0.013142023235559464
39410,3935,1.4755834854440764e-05
39420,3936,0.03455489128828049
39430,3937,0.05565306171774864
39440,3938,0.15313616394996643
39450,3939,0.013994770124554634
39460,3940,0.0255446620285511
39470,3941,0.04619702324271202
39480,3942,0.060249488800764084
39490,3943,0.02286628820002079
39500,3944,0.03437739610671997
39510,3945,0.10227250307798386
39520,3946,0.0049568768590688705
39530,3947,0.01510652806609869
39540,3948,0.01723071187734604
39550,3949,0.02879456803202629
39560,3950,0.14786890149116516
39570,3951,0.0867442637681961
39580,3952,0.014842500910162926
39590,3953,0.08772439509630203
39600,3954,0.0057144369930028915
39610,3955,0.02697598934173584
39620,3956,0.03894570842385292
39630,3957,0.00868756789714098
39640,3958,0.011090355925261974
39650,3959,0.02032967284321785
39660,3960,0.010931340977549553
39670,3961,0.05519137904047966
39680,3962,0.24408996105194092
39690,3963,0.14838124811649323
39700,3964,0.016080217435956
39710,3965,0.00496267294511199
39720,3966,0.044791556894779205
39730,3967,0.0483415387570858
39740,3968,0.06278549879789352
39750,3969,0.015999237075448036
39760,3970,0.06473410129547119
39770,3971,0.005692396312952042
39780,3972,0.00758818956092
39790,3973,0.0017568371258676052
39800,3974,0.025236552581191063
39810,3975,0.056761547923088074
39820,3976,0.06895382702350616
39830,3977,0.03546596318483353
39840,3978,0.001832378446124494
39850,3979,0.02051013521850109
39860,3980,0.009709293954074383
39870,3981,0.029662737622857094
39880,3982,0.10645946860313416
39890,3983,0.021650422364473343
39900,3984,0.0706978589296341
39910,3985,0.007699989248067141
39920,3986,0.05266345664858818
39930,3987,0.010367983020842075
39940,3988,0.07822056859731674
39950,3989,0.02991308830678463
39960,3990,0.0025010216049849987
39970,3991,0.033909693360328674
39980,3992,0.013866111636161804
39990,3993,0.008465270511806011
40000,3994,0.01537646260112524
40010,3995,0.019380005076527596
40020,3996,0.07285447418689728
40030,3997,0.04885603114962578
40040,3998,0.009929741732776165
40050,3999,0.04053110256791115
40060,4000,0.0208994559943676
40070,4001,0.00935343373566866
40080,4002,0.056702449917793274
40090,4003,0.018172185868024826
40100,4004,0.07704582810401917
40110,4005,0.01625111512839794
40120,4006,0.017862429842352867
40130,4007,0.056137777864933014
40140,4008,0.002767374273389578
40150,4009,0.05382103845477104
40160,4010,0.03058462031185627
40170,4011,0.12025786936283112
40180,4012,0.017008503898978233
40190,4013,0.0004942396190017462
40200,4014,0.09117092192173004
40210,4015,0.018305981531739235
40220,4016,0.05358026549220085
40230,4017,0.0178455151617527
40240,4018,0.0027409798931330442
40250,4019,0.029503339901566505
40260,4020,0.01600365713238716
40270,4021,0.16355733573436737
40280,4022,0.00012548196536954492
40290,4023,0.04232025891542435
40300,4024,0.033162444829940796
40310,4025,0.09420967847108841
40320,4026,0.025299785658717155
40330,4027,0.08433523029088974
40340,4028,0.061158668249845505
40350,4029,0.25271037220954895
40360,4030,0.0021373245399445295
40370,4031,0.023128008469939232
40380,4032,0.04468286782503128
40390,4033,0.021790886297822
40400,4034,0.07775360345840454
40410,4035,1.3207342817622703e-05
40420,4036,0.02750970795750618
40430,4037,0.013684840872883797
40440,4038,0.0734260305762291
40450,4039,0.029899461194872856
40460,4040,0.09019074589014053
40470,4041,0.03472701087594032
40480,4042,0.04922899603843689
40490,4043,0.19041362404823303
40500,4044,0.016626417636871338
40510,4045,0.0004936871118843555
40520,4046,0.0024690283462405205
40530,4047,0.14407533407211304
40540,4048,0.019816484302282333
40550,4049,0.047177668660879135
40560,4050,0.06553088873624802
40570,4051,0.04648899659514427
40580,4052,0.029366377741098404
40590,4053,0.019024929031729698
40600,4054,0.12826606631278992
40610,4055,0.003373823594301939
40620,4056,0.021981367841362953
40630,4057,0.09512558579444885
40640,4058,0.010515501722693443
40650,4059,0.0028764046728610992
40660,4060,0.03767767176032066
40670,4061,0.025465091690421104
40680,4062,0.027582785114645958
40690,4063,0.025004062801599503
40700,4064,0.10094593465328217
40710,4065,0.10067436099052429
40720,4066,0.04466954618692398
40730,4067,0.07899096608161926
40740,4068,0.014789363369345665
40750,4069,0.06668408215045929
40760,4070,0.017868153750896454
40770,4071,0.06922531127929688
40780,4072,0.01797567680478096
40790,4073,0.0009694420732557774
40800,4074,0.10081295669078827
40810,4075,0.0738312378525734
40820,4076,0.05030709132552147
40830,4077,0.02735745720565319
40840,4078,0.03592662140727043
40850,4079,0.061251141130924225
40860,4080,0.012585361488163471
40870,4081,0.03221933916211128
40880,4082,0.06146896630525589
40890,4083,0.04894568398594856
40900,4084,0.04673730954527855
40910,4085,0.001782601815648377
40920,4086,0.014287425205111504
40930,4087,0.025599850341677666
40940,4088,0.003246177453547716
40950,4089,0.0021136344876140356
40960,4090,0.08907623589038849
40970,4091,0.06685353070497513
40980,4092,0.10949975997209549
40990,4093,0.048984456807374954
41000,4094,0.05822779983282089
41010,4095,0.03253817930817604
41020,4096,0.05628296360373497
41030,4097,0.07393667846918106
41040,4098,0.15336373448371887
41050,4099,0.06633055210113525
41060,4100,0.08696825802326202
41070,4101,0.017764970660209656
41080,4102,0.0666208490729332
41090,4103,0.04947561025619507
41100,4104,0.019363395869731903
41110,4105,0.041578762233257294
41120,4106,0.012344814836978912
41130,4107,0.14248253405094147
41140,4108,0.029781319200992584
41150,4109,0.01232143398374319
41160,4110,0.03258362412452698
41170,4111,0.06491716206073761
41180,4112,0.0888669490814209
41190,4113,0.07109574973583221
41200,4114,0.18278785049915314
41210,4115,0.10420067608356476
41220,4116,0.030184848234057426
41230,4117,0.06512729823589325
41240,4118,0.10098753124475479
41250,4119,0.04066992551088333
41260,4120,0.060308221727609634
41270,4121,0.16806280612945557
41280,4122,0.1010192334651947
41290,4123,0.03991692140698433
41300,4124,0.059823740273714066
41310,4125,0.11976276338100433
41320,4126,0.05819626897573471
41330,4127,0.0361996628344059
41340,4128,0.07624609768390656
41350,4129,0.04356307536363602
41360,4130,0.0011290580732747912
41370,4131,0.059500277042388916
41380,4132,0.07282216101884842
41390,4133,0.03785032033920288
41400,4134,0.01614794135093689
41410,4135,0.14964281022548676
41420,4136,0.04137511923909187
41430,4137,0.11790208518505096
41440,4138,0.07507015019655228
41450,4139,0.12135274708271027
41460,4140,0.05105440318584442
41470,4141,0.032815393060445786
41480,4142,0.029969314113259315
41490,4143,0.009417807683348656
41500,4144,0.11189761757850647
41510,4145,0.0033736820332705975
41520,4146,0.13827383518218994
41530,4147,0.09927012026309967
41540,4148,0.07854310423135757
41550,4149,0.04359641671180725
41560,4150,0.0899481549859047
41570,4151,0.15759636461734772
41580,4152,0.09278813749551773
41590,4153,0.19916744530200958
41600,4154,0.0922553539276123
41610,4155,0.0833284854888916
41620,4156,0.04951820150017738
41630,4157,0.06665925681591034
41640,4158,0.020666711032390594
41650,4159,0.21439525485038757
41660,4160,0.06288306415081024
41670,4161,0.16209109127521515
41680,4162,0.0007365969358943403
41690,4163,0.004876820836216211
41700,4164,0.10585513710975647
41710,4165,0.0807424783706665
41720,4166,0.11969923228025436
41730,4167,0.14118631184101105
41740,4168,0.037498924881219864
41750,4169,0.03414703905582428
41760,4170,0.03204626590013504
41770,4171,0.16967418789863586
41780,4172,0.11262832581996918
41790,4173,0.09110014140605927
41800,4174,0.10435814410448074
41810,4175,0.008311198092997074
41820,4176,0.08657526969909668
41830,4177,0.07149571925401688
41840,4178,0.0399450957775116
41850,4179,0.12111258506774902
41860,4180,0.17511826753616333
41870,4181,0.023131104186177254
41880,4182,0.0713667944073677
41890,4183,0.03070242702960968
41900,4184,0.0985187292098999
41910,4185,0.0544687956571579
41920,4186,0.13314835727214813
41930,4187,0.13647013902664185
41940,4188,0.2540944218635559
41950,4189,0.05346013978123665
41960,4190,0.051839035004377365
41970,4191,0.012407652102410793
41980,4192,0.062019575387239456
41990,4193,0.11203836649656296
42000,4194,0.0018213256262242794
42010,4195,0.04791298136115074
42020,4196,0.09035225957632065
42030,4197,0.03273996338248253
42040,4198,0.06875520199537277
42050,4199,0.07976190745830536
42060,4200,0.11210635304450989
42070,4201,0.06478723138570786
42080,4202,0.18774104118347168
42090,4203,0.04074924439191818
42100,4204,0.051249898970127106
42110,4205,0.10390359163284302
42120,4206,0.11919505149126053
42130,4207,0.007879124954342842
42140,4208,0.032421283423900604
42150,4209,0.020532822236418724
42160,4210,0.03496341407299042
42170,4211,0.020964903756976128
42180,4212,0.08154234290122986
42190,4213,0.03472984582185745
42200,4214,0.18708881735801697
42210,4215,0.05806286260485649
42220,4216,0.10577858239412308
42230,4217,0.06282396614551544
42240,4218,0.02783082239329815
42250,4219,0.08014237880706787
42260,4220,0.052383288741111755
42270,4221,0.0464310459792614
42280,4222,0.0640907809138298
42290,4223,0.04682587459683418
42300,4224,0.05872168391942978
42310,4225,0.09772273898124695
42320,4226,0.09879189729690552
42330,4227,0.1562872976064682
42340,4228,0.23265112936496735
42350,4229,0.012124210596084595
42360,4230,0.09678825736045837
42370,4231,0.2190982550382614
42380,4232,0.0854000672698021
42390,4233,0.07546427100896835
42400,4234,0.019176382571458817
42410,4235,0.06669913977384567
42420,4236,0.03492855280637741
42430,4237,0.04147467389702797
42440,4238,0.008602927438914776
42450,4239,0.06820451468229294
42460,4240,0.0775197371840477
42470,4241,0.02497061714529991
42480,4242,0.00940499547868967
42490,4243,0.0713035836815834
42500,4244,0.06825018674135208
42510,4245,0.10135754942893982
42520,4246,0.09657257795333862
42530,4247,0.18332216143608093
42540,4248,0.08641988039016724
42550,4249,0.051403384655714035
42560,4250,0.17691391706466675
42570,4251,0.07025054097175598
42580,4252,0.010535545647144318
42590,4253,0.06280805915594101
42600,4254,0.12512610852718353
42610,4255,0.07858244329690933
42620,4256,0.02527421899139881
42630,4257,0.03266702964901924
42640,4258,0.04172728955745697
42650,4259,0.057452745735645294
42660,4260,0.41297993063926697
42670,4261,0.021359562873840332
42680,4262,0.13732601702213287
42690,4263,0.013277348130941391
42700,4264,0.0382213220000267
42710,4265,0.10290835052728653
42720,4266,0.11825904250144958
42730,4267,0.09012548625469208
42740,4268,0.040987733751535416
42750,4269,0.065586157143116
42760,4270,0.05852079391479492
42770,4271,0.04374132677912712
42780,4272,0.23464423418045044
42790,4273,0.13626107573509216
42800,4274,0.10775016993284225
42810,4275,0.10333526879549026
42820,4276,0.2189098596572876
42830,4277,0.08533929288387299
42840,4278,0.008759508840739727
42850,4279,0.09570978581905365
42860,4280,0.11909559369087219
42870,4281,0.15537512302398682
42880,4282,0.11105036735534668
42890,4283,0.1536887139081955
42900,4284,0.05428965017199516
42910,4285,0.0926508754491806
42920,4286,0.13127323985099792
42930,4287,0.22080324590206146
42940,4288,0.22120758891105652
42950,4289,0.08542930334806442
42960,4290,0.05344171077013016
42970,4291,0.01716649904847145
42980,4292,0.05803101137280464
42990,4293,0.159897118806839
43000,4294,0.02897924743592739
43010,4295,0.01551725808531046
43020,4296,0.12475986778736115
43030,4297,0.012088237330317497
43040,4298,0.10320725291967392
43050,4299,0.06940501183271408
43060,4300,0.09587781131267548
43070,4301,0.07438413798809052
43080,4302,0.1642022579908371
43090,4303,0.14015452563762665
43100,4304,0.2443428635597229
43110,4305,0.05826766416430473
43120,4306,0.0844387412071228
43130,4307,0.05784280225634575
43140,4308,0.10501261800527573
43150,4309,0.16400040686130524
43160,4310,0.1696343868970871
43170,4311,0.2846042811870575
43180,4312,0.046754032373428345
43190,4313,0.21188947558403015
43200,4314,0.17681998014450073
43210,4315,0.10633447766304016
43220,4316,0.07934390753507614
43230,4317,0.05930599570274353
43240,4318,0.0807906985282898
43250,4319,0.04240574687719345
43260,4320,0.07637789100408554
43270,4321,0.07017707079648972
43280,4322,0.09110180288553238
43290,4323,0.20908908545970917
43300,4324,0.1718888133764267
43310,4325,0.20067107677459717
43320,4326,0.10204877704381943
43330,4327,0.014889516867697239
43340,4328,0.060236766934394836
43350,4329,0.09251722693443298
43360,4330,0.13599777221679688
43370,4331,0.11084003746509552
43380,4332,0.03120417147874832
43390,4333,0.26340150833129883
43400,4334,0.11996142566204071
43410,4335,0.03212419152259827
43420,4336,0.09584884345531464
43430,4337,0.20395535230636597
43440,4338,0.055869538336992264
43450,4339,0.07839997857809067
43460,4340,0.15136343240737915
43470,4341,0.08006679266691208
43480,4342,0.13984151184558868
43490,4343,0.0447225496172905
43500,4344,0.22255484759807587
43510,4345,0.2206856608390808
43520,4346,0.0529351681470871
43530,4347,0.07167225331068039
43540,4348,0.021904494613409042
43550,4349,0.054844196885824203
43560,4350,0.043505068868398666
43570,4351,0.24013349413871765
43580,4352,0.13013900816440582
43590,4353,0.08962792158126831
43600,4354,0.1286773383617401
43610,4355,0.08665524423122406
43620,4356,0.25625523924827576
43630,4357,0.0370657704770565
43640,4358,0.2200198620557785
43650,4359,0.023955535143613815
43660,4360,0.10332071781158447
43670,4361,0.06703484803438187
43680,4362,0.19972705841064453
43690,4363,0.12409241497516632
43700,4364,0.08755159378051758
43710,4365,0.06891221553087234
43720,4366,0.0847591832280159
43730,4367,0.027559924870729446
43740,4368,0.33889737725257874
43750,4369,0.13181692361831665
43760,4370,0.17940275371074677
43770,4371,0.12433935701847076
43780,4372,0.21167178452014923
43790,4373,0.29179421067237854
43800,4374,0.13306641578674316
43810,4375,0.13210241496562958
43820,4376,0.12843024730682373
43830,4377,0.14575660228729248
43840,4378,0.1385793685913086
43850,4379,0.09681930392980576
43860,4380,0.06517138332128525
43870,4381,0.16962464153766632
43880,4382,0.05129522830247879
43890,4383,0.028832275420427322
43900,4384,0.049609895795583725
43910,4385,0.14856359362602234
43920,4386,0.3530721664428711
43930,4387,0.251078337430954
43940,4388,0.16211044788360596
43950,4389,0.10411564260721207
43960,4390,0.03870110213756561
43970,4391,0.16723014414310455
43980,4392,0.06971144676208496
43990,4393,0.2853619158267975
44000,4394,0.1574421525001526
44010,4395,0.03718392178416252
44020,4396,0.07688426226377487
44030,4397,0.04417732357978821
44040,4398,0.09349725395441055
44050,4399,0.06462180614471436
44060,4400,0.07267766445875168
44070,4401,0.1478530466556549
44080,4402,0.009101798757910728
44090,4403,0.14637400209903717
44100,4404,0.1180771067738533
44110,4405,0.1428278535604477
44120,4406,0.13009695708751678
44130,4407,0.12648993730545044
44140,4408,0.05903342366218567
44150,4409,0.0144190127030015
44160,4410,0.061431076377630234
44170,4411,0.03781978785991669
44180,4412,0.02806911990046501
44190,4413,0.0828515961766243
44200,4414,0.08875663578510284
44210,4415,0.05698079243302345
44220,4416,0.1396857053041458
44230,4417,0.17970044910907745
44240,4418,0.10421352833509445
44250,4419,0.09881152957677841
44260,4420,0.14284788072109222
44270,4421,0.023185472935438156
44280,4422,0.10283876955509186
44290,4423,0.13763637840747833
44300,4424,0.16754023730754852
44310,4425,0.11048917472362518
44320,4426,0.03321107104420662
44330,4427,0.09555738419294357
44340,4428,0.16499972343444824
44350,4429,0.10321221500635147
44360,4430,0.0669877752661705
44370,4431,0.08937350660562515
44380,4432,0.12547852098941803
44390,4433,0.1116710901260376
44400,4434,0.10674670338630676
44410,4435,0.19754597544670105
44420,4436,0.03732343763113022
44430,4437,0.030468638986349106
44440,4438,0.09818293154239655
44450,4439,0.15971419215202332
44460,4440,0.14738884568214417
44470,4441,0.1535208374261856
44480,4442,0.04191990941762924
44490,4443,0.09756641834974289
44500,4444,0.185495987534523
44510,4445,0.07066082954406738
44520,4446,0.09683768451213837
44530,4447,0.09313996881246567
44540,4448,0.07471345365047455
44550,4449,0.15999695658683777
44560,4450,0.1560758352279663
44570,4451,0.09783977270126343
44580,4452,0.1776157170534134
44590,4453,0.2833889424800873
44600,4454,0.20313134789466858
44610,4455,0.041274603456258774
44620,4456,0.20641455054283142
44630,4457,0.2543638348579407
44640,4458,0.17465171217918396
44650,4459,0.11567755043506622
44660,4460,0.0630013644695282
44670,4461,0.15102140605449677
44680,4462,0.13447320461273193
44690,4463,0.23346713185310364
44700,4464,0.16364578902721405
44710,4465,0.1372321993112564
44720,4466,0.23685218393802643
44730,4467,0.1478479653596878
44740,4468,0.10497970879077911
44750,4469,0.12374645471572876
44760,4470,0.23421916365623474
44770,4471,0.15295764803886414
44780,4472,0.1120888814330101
44790,4473,0.29909640550613403
44800,4474,0.0624074712395668
44810,4475,0.3632269501686096
44820,4476,0.18282531201839447
44830,4477,0.2165931761264801
44840,4478,0.189976304769516
44850,4479,0.13801690936088562
44860,4480,0.10935765504837036
44870,4481,0.17962825298309326
44880,4482,0.2672763168811798
44890,4483,0.16972848773002625
44900,4484,0.15541334450244904
44910,4485,0.0829591453075409
44920,4486,0.27732816338539124
44930,4487,0.08797843754291534
44940,4488,0.027072634547948837
44950,4489,0.19470611214637756
44960,4490,0.20845678448677063
44970,4491,0.07522854954004288
44980,4492,0.09179773926734924
44990,4493,0.08116016536951065
45000,4494,0.26270073652267456
45010,4495,0.10713164508342743
45020,4496,0.2161242812871933
45030,4497,0.08862626552581787
45040,4498,0.05416521057486534
45050,4499,0.13043051958084106
45060,4500,0.05912216380238533
45070,4501,0.18952825665473938
45080,4502,0.13465946912765503
45090,4503,0.07475142925977707
45100,4504,0.10297458618879318
45110,4505,0.16090892255306244
45120,4506,0.13680234551429749
45130,4507,0.040735695511102676
45140,4508,0.08438444137573242
45150,4509,0.1699107587337494
45160,4510,0.22826309502124786
45170,4511,0.09256954491138458
45180,4512,0.12517453730106354
45190,4513,0.20232927799224854
45200,4514,0.10107140243053436
45210,4515,0.04719825088977814
45220,4516,0.2243107259273529
45230,4517,0.004176630172878504
45240,4518,0.16095493733882904
45250,4519,0.05788307264447212
45260,4520,0.16454961895942688
45270,4521,0.13964752852916718
45280,4522,0.14338171482086182
45290,4523,0.17943309247493744
45300,4524,0.2542751133441925
45310,4525,0.05430532991886139
45320,4526,0.14426083862781525
45330,4527,0.028835732489824295
45340,4528,0.28815343976020813
45350,4529,0.28010252118110657
45360,4530,0.17251268029212952
45370,4531,0.14638389647006989
45380,4532,0.21716463565826416
45390,4533,0.147612527012825
45400,4534,0.09203938394784927
45410,4535,0.14754924178123474
45420,4536,0.1840818077325821
45430,4537,0.08990819752216339
45440,4538,0.12198452651500702
45450,4539,0.11006991565227509
45460,4540,0.125351220369339
45470,4541,0.3804140090942383
45480,4542,0.16689883172512054
45490,4543,0.14222119748592377
45500,4544,0.04582660272717476
45510,4545,0.14507471024990082
45520,4546,0.35093599557876587
45530,4547,0.31705036759376526
45540,4548,0.09337971359491348
45550,4549,0.15968312323093414
45560,4550,0.14481541514396667
45570,4551,0.049349699169397354
45580,4552,0.08058115839958191
45590,4553,0.1200510784983635
45600,4554,0.11425216495990753
45610,4555,0.17450928688049316
45620,4556,0.21454542875289917
45630,4557,0.21684308350086212
45640,4558,0.087890625
45650,4559,0.14358524978160858
45660,4560,0.15884366631507874
45670,4561,0.0572783425450325
45680,4562,0.18582074344158173
45690,4563,0.13619844615459442
45700,4564,0.06439028680324554
45710,4565,0.11688049137592316
45720,4566,0.1502460092306137
45730,4567,0.17439405620098114
45740,4568,0.09179054945707321
45750,4569,0.2595961391925812
45760,4570,0.27743810415267944
45770,4571,0.11060570925474167
45780,4572,0.14490503072738647
45790,4573,0.11806511878967285
45800,4574,0.29636386036872864
45810,4575,0.2959274649620056
45820,4576,0.20664972066879272
45830,4577,0.2280254364013672
45840,4578,0.10229548811912537
45850,4579,0.0987798273563385
45860,4580,0.3056035339832306
45870,4581,0.09879852086305618
45880,4582,0.16018137335777283
45890,4583,0.040968578308820724
45900,4584,0.12483339011669159
45910,4585,0.07339997589588165
45920,4586,0.13210469484329224
45930,4587,0.09996498376131058
45940,4588,0.18006223440170288
45950,4589,0.29090842604637146
45960,4590,0.33815500140190125
45970,4591,0.25069499015808105
45980,4592,0.11221399903297424
45990,4593,0.1866142898797989
46000,4594,0.07235535234212875
46010,4595,0.12336350977420807
46020,4596,0.2137673795223236
46030,4597,0.14627765119075775
46040,4598,0.39438456296920776
46050,4599,0.22980506718158722
46060,4600,0.18797855079174042
46070,4601,0.22363406419754028
46080,4602,0.16498887538909912
46090,4603,0.25170645117759705
46100,4604,0.16394861042499542
46110,4605,0.2055361568927765
46120,4606,0.09796291589736938
46130,4607,0.3001527488231659
46140,4608,0.2143508344888687
46150,4609,0.07453808933496475
46160,4610,0.08807426691055298
46170,4611,0.16290324926376343
46180,4612,0.0672338604927063
46190,4613,0.19676922261714935
46200,4614,0.09441907703876495
46210,4615,0.11039580404758453
46220,4616,0.09397466480731964
46230,4617,0.058166127651929855
46240,4618,0.4247080087661743
46250,4619,0.10490362346172333
46260,4620,0.35830259323120117
46270,4621,0.22653788328170776
46280,4622,0.20024818181991577
46290,4623,0.12580567598342896
46300,4624,0.2577075660228729
46310,4625,0.38174760341644287
46320,4626,0.31563687324523926
46330,4627,0.19454802572727203
46340,4628,0.36196354031562805
46350,4629,0.11667413264513016
46360,4630,0.2466880828142166
46370,4631,0.15196853876113892
46380,4632,0.16868004202842712
46390,4633,0.15203197300434113
46400,4634,0.2030797004699707
46410,4635,0.2628958821296692
46420,4636,0.18843676149845123
46430,4637,0.17422270774841309
46440,4638,0.07924419641494751
46450,4639,0.11570239067077637
46460,4640,0.12681244313716888
46470,4641,0.1513923853635788
46480,4642,0.05097132921218872
46490,4643,0.12312625348567963
46500,4644,0.18879030644893646
46510,4645,0.1355534791946411
46520,4646,0.26111719012260437
46530,4647,0.14216108620166779
46540,4648,0.11798873543739319
46550,4649,0.12418153136968613
46560,4650,0.23950183391571045
46570,4651,0.14886948466300964
46580,4652,0.3311518132686615
46590,4653,0.17546941339969635
46600,4654,0.4736200273036957
46610,4655,0.21770913898944855
46620,4656,0.1379767507314682
46630,4657,0.18475241959095
46640,4658,0.22729146480560303
46650,4659,0.16543367505073547
46660,4660,0.21573016047477722
46670,4661,0.37128329277038574
46680,4662,0.08660463243722916
46690,4663,0.19379708170890808
46700,4664,0.10735542327165604
46710,4665,0.09249851107597351
46720,4666,0.1404796987771988
46730,4667,0.27022019028663635
46740,4668,0.2399989664554596
46750,4669,0.20078253746032715
46760,4670,0.09725042432546616
46770,4671,0.08762645721435547
46780,4672,0.09397260844707489
46790,4673,0.1644888073205948
46800,4674,0.3095168471336365
46810,4675,0.10439827293157578
46820,4676,0.3553665578365326
46830,4677,0.18785971403121948
46840,4678,0.1751890629529953
46850,4679,0.3677677512168884
46860,4680,0.25173941254615784
46870,4681,0.11805042624473572
46880,4682,0.2658361494541168
46890,4683,0.07286931574344635
46900,4684,0.3026391565799713
46910,4685,0.16813607513904572
46920,4686,0.12737292051315308
46930,4687,0.20570211112499237
46940,4688,0.13260899484157562
46950,4689,0.12605232000350952
46960,4690,0.16296274960041046
46970,4691,0.13676834106445312
46980,4692,0.17116469144821167
46990,4693,0.08887291699647903
47000,4694,0.09203577041625977
47010,4695,0.13134394586086273
47020,4696,0.15050332248210907
47030,4697,0.07121607661247253
47040,4698,0.25916656851768494
47050,4699,0.2934061288833618
47060,4700,0.4111569821834564
47070,4701,0.36018210649490356
47080,4702,0.054143477231264114
47090,4703,0.09901098161935806
47100,4704,0.24293391406536102
47110,4705,0.16350367665290833
47120,4706,0.31022128462791443
47130,4707,0.30446669459342957
47140,4708,0.2781579792499542
47150,4709,0.38697367906570435
47160,4710,0.18086853623390198
47170,4711,0.07954856753349304
47180,4712,0.3525264263153076
47190,4713,0.3820852041244507
47200,4714,0.35407620668411255
47210,4715,0.47586554288864136
47220,4716,0.1817474663257599
47230,4717,0.18151763081550598
47240,4718,0.28284406661987305
47250,4719,0.3303073048591614
47260,4720,0.471118688583374
47270,4721,0.24838970601558685
47280,4722,0.19334349036216736
47290,4723,0.18481262028217316
47300,4724,0.2856702208518982
47310,4725,0.15587478876113892
47320,4726,0.22996209561824799
47330,4727,0.0766817033290863
47340,4728,0.052755750715732574
47350,4729,0.16434255242347717
47360,4730,0.4784777760505676
47370,4731,0.06775423139333725
47380,4732,0.07124537229537964
47390,4733,0.19835136830806732
47400,4734,0.1084851324558258
47410,4735,0.33699849247932434
47420,4736,0.357418030500412
47430,4737,0.19058193266391754
47440,4738,0.2870502173900604
47450,4739,0.13241994380950928
47460,4740,0.260714054107666
47470,4741,0.27937406301498413
47480,4742,0.3032330274581909
47490,4743,0.18912768363952637
47500,4744,0.17528462409973145
47510,4745,0.16596828401088715
47520,4746,0.10055394470691681
47530,4747,0.17443840205669403
47540,4748,0.19125041365623474
47550,4749,0.3084574043750763
47560,4750,0.1537666618824005
47570,4751,0.14692583680152893
47580,4752,0.05946696922183037
47590,4753,0.1855478286743164
47600,4754,0.07473637908697128
47610,4755,0.302267849445343
47620,4756,0.2544429302215576
47630,4757,0.14670461416244507
47640,4758,0.11405233293771744
47650,4759,0.2686573266983032
47660,4760,0.1977812498807907
47670,4761,0.23111924529075623
47680,4762,0.23626923561096191
47690,4763,0.18555739521980286
47700,4764,0.47511669993400574
47710,4765,0.1406119018793106
47720,4766,0.22070449590682983
47730,4767,0.1222931519150734
47740,4768,0.0919274240732193
47750,4769,0.268586128950119
47760,4770,0.3687402904033661
47770,4771,0.16630201041698456
47780,4772,0.3265226185321808
47790,4773,0.19775895774364471
47800,4774,0.22577914595603943
47810,4775,0.2956891655921936
47820,4776,0.35808122158050537
47830,4777,0.2402571737766266
47840,4778,0.15121839940547943
47850,4779,0.17046082019805908
47860,4780,0.23939049243927002
47870,4781,0.2341608703136444
47880,4782,0.1451956331729889
47890,4783,0.26061922311782837
47900,4784,0.4338563084602356
47910,4785,0.10427802801132202
47920,4786,0.12173864245414734
47930,4787,0.10994455963373184
47940,4788,0.11681167781352997
47950,4789,0.13345210254192352
47960,4790,0.22918584942817688
47970,4791,0.3098968267440796
47980,4792,0.3508740961551666
47990,4793,0.27590739727020264
48000,4794,0.06399758905172348
48010,4795,0.19867533445358276
48020,4796,0.0981888622045517
48030,4797,0.06141768395900726
48040,4798,0.25769683718681335
48050,4799,0.33006659150123596
48060,4800,0.2218472808599472
48070,4801,0.2028113305568695
48080,4802,0.06695190817117691
48090,4803,0.2629229724407196
48100,4804,0.27099815011024475
48110,4805,0.35682180523872375
48120,4806,0.34782612323760986
48130,4807,0.25252029299736023
48140,4808,0.3148178458213806
48150,4809,0.20135769248008728
48160,4810,0.5614773035049438
48170,4811,0.5265078544616699
48180,4812,0.2288375347852707
48190,4813,0.15004920959472656
48200,4814,0.15057231485843658
48210,4815,0.0678819864988327
48220,4816,0.10062061250209808
48230,4817,0.1309199333190918
48240,4818,0.11935592442750931
48250,4819,0.14015544950962067
48260,4820,0.2108922004699707
48270,4821,0.26290008425712585
48280,4822,0.37460705637931824
48290,4823,0.2065163403749466
48300,4824,0.041588131338357925
48310,4825,0.46100130677223206
48320,4826,0.28930264711380005
48330,4827,0.18580840528011322
48340,4828,0.32600367069244385
48350,4829,0.1871638149023056
48360,4830,0.11102968454360962
48370,4831,0.15090516209602356
48380,4832,0.09511162340641022
48390,4833,0.20369349420070648
48400,4834,0.24225372076034546
48410,4835,0.19641026854515076
48420,4836,0.20084960758686066
48430,4837,0.23722660541534424
48440,4838,0.188691645860672
48450,4839,0.13472118973731995
48460,4840,0.10677991807460785
48470,4841,0.3200121521949768
48480,4842,0.3144838809967041
48490,4843,0.14135414361953735
48500,4844,0.2894861400127411
48510,4845,0.14308221638202667
48520,4846,0.2650963068008423
48530,4847,0.11819078773260117
48540,4848,0.17680120468139648
48550,4849,0.13400080800056458
48560,4850,0.22295387089252472
48570,4851,0.4224102199077606
48580,4852,0.2162192016839981
48590,4853,0.3075507879257202
48600,4854,0.1908569037914276
48610,4855,0.0933266207575798
48620,4856,0.23565427958965302
48630,4857,0.13796645402908325
48640,4858,0.16834038496017456
48650,4859,0.3139144480228424
48660,4860,0.36795130372047424
48670,4861,0.12670570611953735
48680,4862,0.16786590218544006
48690,4863,0.14764191210269928
48700,4864,0.27066048979759216
48710,4865,0.20625752210617065
48720,4866,0.20702427625656128
48730,4867,0.1430506855249405
48740,4868,0.26619952917099
48750,4869,0.2222246676683426
48760,4870,0.23581017553806305
48770,4871,0.32337257266044617
48780,4872,0.17333392798900604
48790,4873,0.13302090764045715
48800,4874,0.4901614189147949
48810,4875,0.11166246980428696
48820,4876,0.13355779647827148
48830,4877,0.23906151950359344
48840,4878,0.36926504969596863
48850,4879,0.327206015586853
48860,4880,0.39812541007995605
48870,4881,0.10971038788557053
48880,4882,0.19743098318576813
48890,4883,0.2556423842906952
48900,4884,0.15304216742515564
48910,4885,0.4848596453666687
48920,4886,0.12400167435407639
48930,4887,0.21569427847862244
48940,4888,0.30076321959495544
48950,4889,0.34266582131385803
48960,4890,0.07969465851783752
48970,4891,0.1254909783601761
48980,4892,0.3789916932582855
48990,4893,0.1930205225944519
49000,4894,0.1954580396413803
49010,4895,0.205422043800354
49020,4896,0.5056670904159546
49030,4897,0.2191278338432312
49040,4898,0.44794946908950806
49050,4899,0.26818424463272095
49060,4900,0.3403928875923157
49070,4901,0.30529990792274475
49080,4902,0.16737116873264313
49090,4903,0.22833748161792755
49100,4904,0.29790520668029785
49110,4905,0.31092992424964905
49120,4906,0.2761257290840149
49130,4907,0.11442053318023682
49140,4908,0.26571014523506165
49150,4909,0.110683873295784
49160,4910,0.14775778353214264
49170,4911,0.4529132544994354
49180,4912,0.3766195774078369
49190,4913,0.38022559881210327
49200,4914,0.07338269054889679
49210,4915,0.24233561754226685
49220,4916,0.22744645178318024
49230,4917,0.1228490099310875
49240,4918,0.5648802518844604
49250,4919,0.2076401263475418
49260,4920,0.498832106590271
49270,4921,0.19810311496257782
49280,4922,0.3303965926170349
49290,4923,0.3482227921485901
49300,4924,0.2935343384742737
49310,4925,0.4720291793346405
49320,4926,0.11027000099420547
49330,4927,0.04217361658811569
49340,4928,0.3118445873260498
49350,4929,0.3349439203739166
49360,4930,0.06446351855993271
49370,4931,0.18374165892601013
49380,4932,0.3669239580631256
49390,4933,0.3337410092353821
49400,4934,0.1871967911720276
49410,4935,0.20976324379444122
49420,4936,0.28226956725120544
49430,4937,0.07327557355165482
49440,4938,0.1961766630411148
49450,4939,0.08847872167825699
49460,4940,0.15694022178649902
49470,4941,0.2870798707008362
49480,4942,0.12474808841943741
49490,4943,0.5595685243606567
49500,4944,0.23631545901298523
49510,4945,0.40467512607574463
49520,4946,0.3001081049442291
49530,4947,0.2760430574417114
49540,4948,0.16342589259147644
49550,4949,0.27729907631874084
49560,4950,0.19509896636009216
49570,4951,0.2372782975435257
49580,4952,0.39191216230392456
49590,4953,0.16871143877506256
49600,4954,0.3576606214046478
49610,4955,0.19314086437225342
49620,4956,0.24176162481307983
49630,4957,0.22827447950839996
49640,4958,0.2998499870300293
49650,4959,0.21004676818847656
49660,4960,0.3578459322452545
49670,4961,0.49960407614707947
49680,4962,0.2156868875026703
49690,4963,0.29667019844055176
49700,4964,0.19759875535964966
49710,4965,0.3893510699272156
49720,4966,0.21023094654083252
49730,4967,0.3822771906852722
49740,4968,0.15682855248451233
49750,4969,0.15526126325130463
49760,4970,0.18912068009376526
49770,4971,0.1860860139131546
49780,4972,0.47035694122314453
49790,4973,0.15686634182929993
49800,4974,0.09178012609481812
49810,4975,0.2509511411190033
49820,4976,0.1766192466020584
49830,4977,0.27898046374320984
49840,4978,0.2618892788887024
49850,4979,0.33166250586509705
49860,4980,0.3049025237560272
49870,4981,0.2965792119503021
49880,4982,0.25333458185195923
49890,4983,0.30415308475494385
49900,4984,0.21668553352355957
49910,4985,0.24068449437618256
49920,4986,0.3629509210586548
49930,4987,0.2834145128726959
49940,4988,0.13230423629283905
49950,4989,0.2971703112125397
49960,4990,0.27183496952056885
49970,4991,0.3369297683238983
49980,4992,0.11311262100934982
49990,4993,0.15353798866271973
50000,4994,0.15123111009597778
