environment_step,learning_update,td_loss
70,1,0.01127657014876604
80,2,0.010717835277318954
90,3,0.00026129515026696026
100,4,0.17096251249313354
110,5,0.14941945672035217
120,6,0.047930244356393814
130,7,0.32905107736587524
140,8,0.2874176502227783
150,9,0.2762221395969391
160,10,0.31608498096466064
170,11,0.1651024967432022
180,12,0.34521394968032837
190,13,0.088496133685112
200,14,0.44859635829925537
210,15,0.3810357451438904
220,16,0.21111154556274414
230,17,0.329222708940506
240,18,0.2478947788476944
250,19,0.39010560512542725
260,20,0.42270076274871826
270,21,0.16853433847427368
280,22,0.2544777989387512
290,23,0.3620879054069519
300,24,0.4307626485824585
310,25,0.36071541905403137
320,26,0.2771977186203003
330,27,0.26215696334838867
340,28,0.361350953578949
350,29,0.30033454298973083
360,30,0.2698417007923126
370,31,0.36854490637779236
380,32,0.36361202597618103
390,33,0.36268681287765503
400,34,0.2795758843421936
410,35,0.3769162595272064
420,36,0.3408849239349365
430,37,0.3622310161590576
440,38,0.2699460983276367
450,39,0.4389549195766449
460,40,0.6837028861045837
470,41,0.3165552318096161
480,42,0.24335943162441254
490,43,0.3772395849227905
500,44,0.4214029014110565
510,45,0.230333149433136
520,46,0.3283669054508209
530,47,0.4550406336784363
540,48,0.25860580801963806
550,49,0.45858925580978394
560,50,0.46890610456466675
570,51,0.24388082325458527
580,52,0.3368387222290039
590,53,0.23863133788108826
600,54,0.414446622133255
610,55,0.40371695160865784
620,56,0.40135112404823303
630,57,0.5859708786010742
640,58,0.3760049641132355
650,59,0.388507604598999
660,60,0.550540566444397
670,61,0.47975611686706543
680,62,0.6731541156768799
690,63,0.3975813388824463
700,64,0.2084769755601883
710,65,0.30333665013313293
720,66,0.5485814809799194
730,67,0.3966945707798004
740,68,0.1947605311870575
750,69,0.3786516785621643
760,70,0.4323263168334961
770,71,0.275452196598053
780,72,0.2831103503704071
790,73,0.7765268087387085
800,74,0.3882511258125305
810,75,0.32989129424095154
820,76,0.5795251727104187
830,77,0.39200419187545776
840,78,0.5341788530349731
850,79,0.2407165765762329
860,80,0.4227201044559479
870,81,0.5908008813858032
880,82,0.5110611915588379
890,83,0.3754202723503113
900,84,0.45127737522125244
910,85,0.27835243940353394
920,86,0.29910632967948914
930,87,0.29371944069862366
940,88,0.3449583053588867
950,89,0.31990858912467957
960,90,0.45378172397613525
970,91,0.37068459391593933
980,92,0.38048818707466125
990,93,0.42364007234573364
1000,94,0.35331976413726807
1010,95,0.43598759174346924
1020,96,0.4018755853176117
1030,97,0.614942729473114
1040,98,0.34730881452560425
1050,99,0.49252477288246155
1060,100,0.394230455160141
1070,101,0.45682281255722046
1080,102,0.34019532799720764
1090,103,0.3977694511413574
1100,104,0.2612151503562927
1110,105,0.34964999556541443
1120,106,0.3766961693763733
1130,107,0.19127213954925537
1140,108,0.5889405012130737
1150,109,0.3170909583568573
1160,110,0.3086209297180176
1170,111,0.5882785320281982
1180,112,0.37999817728996277
1190,113,0.3779699504375458
1200,114,0.4358253479003906
1210,115,0.5152979493141174
1220,116,0.6794390082359314
1230,117,0.4805130064487457
1240,118,0.3656783699989319
1250,119,0.3931504487991333
1260,120,0.2822645902633667
1270,121,0.45815742015838623
1280,122,0.3960108757019043
1290,123,0.31167012453079224
1300,124,0.21414408087730408
1310,125,0.48641273379325867
1320,126,0.4292626678943634
1330,127,0.8171592354774475
1340,128,0.5595044493675232
1350,129,0.4267876148223877
1360,130,0.4428081214427948
1370,131,0.58244389295578
1380,132,0.45693695545196533
1390,133,0.28346845507621765
1400,134,0.3956625163555145
1410,135,0.5792757868766785
1420,136,0.5838062763214111
1430,137,0.40359848737716675
1440,138,0.6186248064041138
1450,139,0.2960584759712219
1460,140,0.2572276294231415
1470,141,0.19753329455852509
1480,142,0.5698539614677429
1490,143,0.28552260994911194
1500,144,0.4705621600151062
1510,145,0.49748694896698
1520,146,0.5291227698326111
1530,147,0.3470016121864319
1540,148,0.6723127365112305
1550,149,0.35437455773353577
1560,150,0.8777058124542236
1570,151,0.2920043170452118
1580,152,0.5148293972015381
1590,153,0.43425148725509644
1600,154,0.3126557469367981
1610,155,0.24271699786186218
1620,156,0.2745307683944702
1630,157,0.33329492807388306
1640,158,0.3441428244113922
1650,159,0.36954590678215027
1660,160,0.41925302147865295
1670,161,0.3368958532810211
1680,162,0.3321174085140228
1690,163,0.6722357869148254
1700,164,0.3714691400527954
1710,165,0.3191840648651123
1720,166,0.3188961446285248
1730,167,0.4654928147792816
1740,168,0.3483329713344574
1750,169,0.5627696514129639
1760,170,0.49199825525283813
1770,171,0.4764917492866516
1780,172,0.5956194400787354
1790,173,0.3546501696109772
1800,174,0.5731730461120605
1810,175,0.16726014018058777
1820,176,0.7628335356712341
1830,177,0.533988356590271
1840,178,0.42785048484802246
1850,179,0.15653008222579956
1860,180,0.37279048562049866
1870,181,0.36171436309814453
1880,182,0.5387621521949768
1890,183,0.4047279953956604
1900,184,0.702109158039093
1910,185,0.5238874554634094
1920,186,0.48229658603668213
1930,187,0.5761580467224121
1940,188,0.4924367368221283
1950,189,0.2838607132434845
1960,190,0.4800828695297241
1970,191,0.4537465274333954
1980,192,0.49404165148735046
1990,193,0.3081813454627991
2000,194,0.4315892457962036
2010,195,0.7841946482658386
2020,196,0.39429450035095215
2030,197,0.48909154534339905
2040,198,0.41086235642433167
2050,199,0.5287420153617859
2060,200,0.3926388621330261
2070,201,0.6290369033813477
2080,202,0.5319759249687195
2090,203,0.6666288375854492
2100,204,0.9197134375572205
2110,205,0.4694473445415497
2120,206,0.42102885246276855
2130,207,0.7815901041030884
2140,208,0.6218414306640625
2150,209,0.4168429970741272
2160,210,0.576931357383728
2170,211,0.7411710023880005
2180,212,0.4018903076648712
2190,213,0.791022002696991
2200,214,0.2204497754573822
2210,215,0.36937209963798523
2220,216,0.3443635106086731
2230,217,0.369846910238266
2240,218,0.6744313836097717
2250,219,0.6258149743080139
2260,220,0.41015341877937317
2270,221,0.605410635471344
2280,222,0.4641167223453522
2290,223,0.3934036195278168
2300,224,0.4375995397567749
2310,225,0.5798958539962769
2320,226,0.5042407512664795
2330,227,0.3127621114253998
2340,228,0.47867459058761597
2350,229,0.3659668266773224
2360,230,0.3281179964542389
2370,231,0.4364994168281555
2380,232,0.6254264116287231
2390,233,0.6262483596801758
2400,234,0.6667481064796448
2410,235,0.4146200120449066
2420,236,0.37186792492866516
2430,237,0.3747437000274658
2440,238,0.331728458404541
2450,239,0.4041637182235718
2460,240,0.4852454662322998
2470,241,0.39129114151000977
2480,242,0.7456167340278625
2490,243,0.4355228841304779
2500,244,0.5998501181602478
2510,245,0.39814960956573486
2520,246,0.3812996745109558
2530,247,0.2236708104610443
2540,248,0.5482867360115051
2550,249,0.19308467209339142
2560,250,0.5687447190284729
2570,251,0.4449383616447449
2580,252,0.4190443158149719
2590,253,0.4335956573486328
2600,254,0.4460061192512512
2610,255,0.389651358127594
2620,256,0.4407012462615967
2630,257,0.3279713988304138
2640,258,0.6524500846862793
2650,259,0.43389809131622314
2660,260,0.6406828165054321
2670,261,0.4271739721298218
2680,262,0.5933532118797302
2690,263,0.2607063949108124
2700,264,0.5563762187957764
2710,265,0.5151013135910034
2720,266,0.36279237270355225
2730,267,0.3875564634799957
2740,268,0.42567530274391174
2750,269,0.8100358843803406
2760,270,0.3995809257030487
2770,271,0.24867640435695648
2780,272,0.33990946412086487
2790,273,0.2511247396469116
2800,274,0.40960946679115295
2810,275,0.6132984161376953
2820,276,0.5997352600097656
2830,277,0.5653029084205627
2840,278,0.4176991581916809
2850,279,0.5894119739532471
2860,280,0.7624062895774841
2870,281,0.473663330078125
2880,282,0.4577002227306366
2890,283,0.4534345269203186
2900,284,0.36672672629356384
2910,285,0.49360865354537964
2920,286,0.5246315002441406
2930,287,0.28791093826293945
2940,288,0.5021580457687378
2950,289,0.690231442451477
2960,290,0.3105839490890503
2970,291,0.2348334640264511
2980,292,0.3968084454536438
2990,293,0.35794368386268616
3000,294,0.33209848403930664
3010,295,0.4368409514427185
3020,296,0.4602697491645813
3030,297,0.6418825387954712
3040,298,0.43366312980651855
3050,299,0.4166034162044525
3060,300,0.5945533514022827
3070,301,0.5175811648368835
3080,302,0.6214982271194458
3090,303,0.4453355669975281
3100,304,0.5078475475311279
3110,305,0.25666543841362
3120,306,0.4034007787704468
3130,307,0.3032837510108948
3140,308,0.9274104833602905
3150,309,0.39001917839050293
3160,310,0.383791983127594
3170,311,0.4902510643005371
3180,312,0.3938758671283722
3190,313,0.7361753582954407
3200,314,0.19110830128192902
3210,315,0.5036934614181519
3220,316,0.4475359618663788
3230,317,0.5372716784477234
3240,318,0.43613147735595703
3250,319,0.5095844864845276
3260,320,0.4448455274105072
3270,321,0.6270396709442139
3280,322,0.39307036995887756
3290,323,0.3915887475013733
3300,324,0.6166923642158508
3310,325,0.6577171683311462
3320,326,0.44719940423965454
3330,327,0.6895104646682739
3340,328,0.4487929940223694
3350,329,0.28560951352119446
3360,330,0.305053174495697
3370,331,0.4672996401786804
3380,332,0.4653662443161011
3390,333,0.4414605498313904
3400,334,0.623702883720398
3410,335,0.38563552498817444
3420,336,0.4477745294570923
3430,337,0.2955082356929779
3440,338,0.38497596979141235
3450,339,0.40063944458961487
3460,340,0.7427458763122559
3470,341,0.11842769384384155
3480,342,0.6420071125030518
3490,343,0.29233044385910034
3500,344,0.642021656036377
3510,345,0.47818511724472046
3520,346,0.49129846692085266
3530,347,0.5468868017196655
3540,348,0.2884567379951477
3550,349,0.3640816807746887
3560,350,0.6330370903015137
3570,351,0.4603358209133148
3580,352,0.433758407831192
3590,353,0.46996480226516724
3600,354,0.5275267958641052
3610,355,0.46188458800315857
3620,356,0.5160188674926758
3630,357,0.18359839916229248
3640,358,0.6829796433448792
3650,359,0.3754954934120178
3660,360,0.45038163661956787
3670,361,0.4788641631603241
3680,362,0.3490001857280731
3690,363,0.2896839678287506
3700,364,0.3299335539340973
3710,365,0.4656631648540497
3720,366,0.3437715470790863
3730,367,0.3567275404930115
3740,368,0.1674109548330307
3750,369,0.5214920043945312
3760,370,0.3056192100048065
3770,371,0.5001574754714966
3780,372,0.503279447555542
3790,373,0.2457769811153412
3800,374,0.3286571800708771
3810,375,0.6371465921401978
3820,376,0.4720347821712494
3830,377,0.5116925239562988
3840,378,0.7078912854194641
3850,379,0.38781508803367615
3860,380,0.238361656665802
3870,381,0.6208088397979736
3880,382,0.504385769367218
3890,383,0.3830542266368866
3900,384,0.3108029067516327
3910,385,0.2714202404022217
3920,386,0.4400651752948761
3930,387,0.40606847405433655
3940,388,0.39084264636039734
3950,389,0.3223782181739807
3960,390,0.5853099226951599
3970,391,0.29622969031333923
3980,392,0.8031973242759705
3990,393,0.25174346566200256
4000,394,0.28800249099731445
4010,395,0.39214837551116943
4020,396,0.5112555623054504
4030,397,0.48508453369140625
4040,398,0.7157022356987
4050,399,0.29688864946365356
4060,400,0.5745550394058228
4070,401,0.33817893266677856
4080,402,0.21376773715019226
4090,403,0.40065422654151917
4100,404,0.3985935151576996
4110,405,0.29915931820869446
4120,406,0.3780302405357361
4130,407,0.3391917645931244
4140,408,0.39554375410079956
4150,409,0.39289921522140503
4160,410,0.2606937289237976
4170,411,0.45354270935058594
4180,412,0.3056216537952423
4190,413,0.44108715653419495
4200,414,0.45015618205070496
4210,415,0.3122744858264923
4220,416,0.7706204652786255
4230,417,0.21237358450889587
4240,418,0.45602867007255554
4250,419,0.28668278455734253
4260,420,0.3468456566333771
4270,421,0.5397941470146179
4280,422,0.4555472135543823
4290,423,0.42204993963241577
4300,424,0.33093297481536865
4310,425,0.35200127959251404
4320,426,0.45100393891334534
4330,427,0.3977912962436676
4340,428,0.5419648289680481
4350,429,0.5100154876708984
4360,430,0.6898797750473022
4370,431,0.46224167943000793
4380,432,0.3070633113384247
4390,433,0.2919076681137085
4400,434,0.30442774295806885
4410,435,0.4066595137119293
4420,436,0.3139708936214447
4430,437,0.5482584238052368
4440,438,0.6149609088897705
4450,439,0.23447594046592712
4460,440,0.2642318904399872
4470,441,0.48843005299568176
4480,442,0.5829956531524658
4490,443,0.4011293351650238
4500,444,0.4252530336380005
4510,445,0.36977511644363403
4520,446,0.3376989960670471
4530,447,0.3823002874851227
4540,448,0.418276309967041
4550,449,0.3970550298690796
4560,450,0.27045246958732605
4570,451,0.5230004787445068
4580,452,0.3061838150024414
4590,453,0.47795695066452026
4600,454,0.33649295568466187
4610,455,0.5001488924026489
4620,456,0.31104204058647156
4630,457,0.40382182598114014
4640,458,0.45319485664367676
4650,459,0.39236313104629517
4660,460,0.3671509325504303
4670,461,0.3492124676704407
4680,462,0.3289519250392914
4690,463,0.41423386335372925
4700,464,0.5899053812026978
4710,465,0.3815256357192993
4720,466,0.3432157039642334
4730,467,0.36670130491256714
4740,468,0.4962323307991028
4750,469,0.40016961097717285
4760,470,0.32585370540618896
4770,471,0.2653234601020813
4780,472,0.4227086007595062
4790,473,0.4836565852165222
4800,474,0.4258729815483093
4810,475,0.29641208052635193
4820,476,0.4511222541332245
4830,477,0.3336185812950134
4840,478,0.33571454882621765
4850,479,0.25390535593032837
4860,480,0.3891628384590149
4870,481,0.2411227524280548
4880,482,0.22297824919223785
4890,483,0.24281705915927887
4900,484,0.4492224454879761
4910,485,0.4773511588573456
4920,486,0.3657020330429077
4930,487,0.4384590685367584
4940,488,0.3152883052825928
4950,489,0.2846839427947998
4960,490,0.20504844188690186
4970,491,0.4832773208618164
4980,492,0.5555680990219116
4990,493,0.2953152060508728
5000,494,0.2434878647327423
5010,495,0.5042018890380859
5020,496,0.27366769313812256
5030,497,0.34317800402641296
5040,498,0.3728139102458954
5050,499,0.25596240162849426
5060,500,0.26765140891075134
5070,501,0.34656721353530884
5080,502,0.1394372433423996
5090,503,0.28603097796440125
5100,504,0.2617654800415039
5110,505,0.24173599481582642
5120,506,0.504885196685791
5130,507,0.406797856092453
5140,508,0.3009498715400696
5150,509,0.6200314164161682
5160,510,0.3560115694999695
5170,511,0.18008609116077423
5180,512,0.2783842384815216
5190,513,0.15581029653549194
5200,514,0.3804626762866974
5210,515,0.3939633369445801
5220,516,0.40509092807769775
5230,517,0.547805905342102
5240,518,0.2803284227848053
5250,519,0.14638985693454742
5260,520,0.6038892865180969
5270,521,0.34706732630729675
5280,522,0.19868910312652588
5290,523,0.41994380950927734
5300,524,0.2545551061630249
5310,525,0.35582852363586426
5320,526,0.34002646803855896
5330,527,0.4285967946052551
5340,528,0.13877379894256592
5350,529,0.2071366161108017
5360,530,0.33999964594841003
5370,531,0.2821665108203888
5380,532,0.2041967809200287
5390,533,0.3354659080505371
5400,534,0.3446928560733795
5410,535,0.32129740715026855
5420,536,0.15043523907661438
5430,537,0.3400438725948334
5440,538,0.31305068731307983
5450,539,0.2696526050567627
5460,540,0.644544243812561
5470,541,0.25993242859840393
5480,542,0.3411926329135895
5490,543,0.2694230079650879
5500,544,0.4617021679878235
5510,545,0.27542173862457275
5520,546,0.3928620219230652
5530,547,0.11592303216457367
5540,548,0.3344726860523224
5550,549,0.3260655403137207
5560,550,0.3078159987926483
5570,551,0.401324599981308
5580,552,0.27534759044647217
5590,553,0.48133307695388794
5600,554,0.2285298854112625
5610,555,0.40622687339782715
5620,556,0.16658064723014832
5630,557,0.32319778203964233
5640,558,0.21964257955551147
5650,559,0.49123960733413696
5660,560,0.3287847340106964
5670,561,0.37299472093582153
5680,562,0.39926350116729736
5690,563,0.3285319209098816
5700,564,0.14072488248348236
5710,565,0.3378637433052063
5720,566,0.2456439733505249
5730,567,0.5427226424217224
5740,568,0.507554829120636
5750,569,0.21358250081539154
5760,570,0.46799659729003906
5770,571,0.25818783044815063
5780,572,0.4880235493183136
5790,573,0.3615749478340149
5800,574,0.5414665341377258
5810,575,0.42881447076797485
5820,576,0.13770714402198792
5830,577,0.16645057499408722
5840,578,0.19227957725524902
5850,579,0.24871180951595306
5860,580,0.40455734729766846
5870,581,0.2914440929889679
5880,582,0.5866014957427979
5890,583,0.3105676472187042
5900,584,0.23389118909835815
5910,585,0.2655241787433624
5920,586,0.24826167523860931
5930,587,0.2713632583618164
5940,588,0.5516853928565979
5950,589,0.4314381182193756
5960,590,0.18485121428966522
5970,591,0.24152949452400208
5980,592,0.3618367314338684
5990,593,0.179972305893898
6000,594,0.3563573360443115
6010,595,0.39987713098526
6020,596,0.2666526734828949
6030,597,0.2242652326822281
6040,598,0.17972780764102936
6050,599,0.18680740892887115
6060,600,0.34555235505104065
6070,601,0.26731419563293457
6080,602,0.2863086760044098
6090,603,0.22698509693145752
6100,604,0.276950478553772
6110,605,0.5041554570198059
6120,606,0.3233099579811096
6130,607,0.4984554946422577
6140,608,0.2208806425333023
6150,609,0.17628440260887146
6160,610,0.3623506426811218
6170,611,0.4086794853210449
6180,612,0.2658669352531433
6190,613,0.2764543294906616
6200,614,0.11536455899477005
6210,615,0.4671143889427185
6220,616,0.3717649281024933
6230,617,0.27397310733795166
6240,618,0.20386996865272522
6250,619,0.32602250576019287
6260,620,0.3793458640575409
6270,621,0.31181788444519043
6280,622,0.17972083389759064
6290,623,0.2938615679740906
6300,624,0.45969927310943604
6310,625,0.28699061274528503
6320,626,0.24685434997081757
6330,627,0.09862485527992249
6340,628,0.359514445066452
6350,629,0.30146998167037964
6360,630,0.22122426331043243
6370,631,0.4508236050605774
6380,632,0.3776704668998718
6390,633,0.4413287341594696
6400,634,0.21646545827388763
6410,635,0.4228995442390442
6420,636,0.4161970615386963
6430,637,0.21664555370807648
6440,638,0.43432778120040894
6450,639,0.17953412234783173
6460,640,0.27941131591796875
6470,641,0.3098803460597992
6480,642,0.20080050826072693
6490,643,0.21868754923343658
6500,644,0.4497482180595398
6510,645,0.22925367951393127
6520,646,0.34670746326446533
6530,647,0.3073098659515381
6540,648,0.29418009519577026
6550,649,0.37272313237190247
6560,650,0.2605445981025696
6570,651,0.17340324819087982
6580,652,0.29323825240135193
6590,653,0.36661502718925476
6600,654,0.23249199986457825
6610,655,0.21264861524105072
6620,656,0.13910384476184845
6630,657,0.26870566606521606
6640,658,0.1301364302635193
6650,659,0.2481825202703476
6660,660,0.37117359042167664
6670,661,0.3891841769218445
6680,662,0.21179847419261932
6690,663,0.19800986349582672
6700,664,0.10889656096696854
6710,665,0.2556866407394409
6720,666,0.20700092613697052
6730,667,0.20631039142608643
6740,668,0.3348763883113861
6750,669,0.3606676161289215
6760,670,0.3113124966621399
6770,671,0.14552804827690125
6780,672,0.22014154493808746
6790,673,0.3491080105304718
6800,674,0.11843305826187134
6810,675,0.5644682049751282
6820,676,0.39738959074020386
6830,677,0.3869090974330902
6840,678,0.361407995223999
6850,679,0.3656151592731476
6860,680,0.1607804000377655
6870,681,0.3673228323459625
6880,682,0.3632899522781372
6890,683,0.30734333395957947
6900,684,0.23024995625019073
6910,685,0.3401079773902893
6920,686,0.15939943492412567
6930,687,0.25989603996276855
6940,688,0.3521627187728882
6950,689,0.27908897399902344
6960,690,0.3356146216392517
6970,691,0.2414046674966812
6980,692,0.09982867538928986
6990,693,0.18163546919822693
7000,694,0.1723668873310089
7010,695,0.29226043820381165
7020,696,0.4379766285419464
7030,697,0.520599365234375
7040,698,0.3665936589241028
7050,699,0.12494021654129028
7060,700,0.20699220895767212
7070,701,0.19355936348438263
7080,702,0.3256979286670685
7090,703,0.13968391716480255
7100,704,0.2958250939846039
7110,705,0.17148301005363464
7120,706,0.17913328111171722
7130,707,0.33288252353668213
7140,708,0.3859918713569641
7150,709,0.16547419130802155
7160,710,0.3676600456237793
7170,711,0.22289299964904785
7180,712,0.3760625123977661
7190,713,0.12654593586921692
7200,714,0.10962988436222076
7210,715,0.4412474036216736
7220,716,0.34066110849380493
7230,717,0.1624051034450531
7240,718,0.2588454782962799
7250,719,0.20476338267326355
7260,720,0.26541656255722046
7270,721,0.3725162148475647
7280,722,0.41495510935783386
7290,723,0.27338725328445435
7300,724,0.2608944773674011
7310,725,0.36224275827407837
7320,726,0.1251615583896637
7330,727,0.26619744300842285
7340,728,0.2764608860015869
7350,729,0.21764110028743744
7360,730,0.27725887298583984
7370,731,0.2765260934829712
7380,732,0.15098322927951813
7390,733,0.32018762826919556
7400,734,0.20874233543872833
7410,735,0.25873175263404846
7420,736,0.20368018746376038
7430,737,0.5271641612052917
7440,738,0.2803574800491333
7450,739,0.3083774149417877
7460,740,0.06633477658033371
7470,741,0.3313647210597992
7480,742,0.28026777505874634
7490,743,0.2751849889755249
7500,744,0.5132661461830139
7510,745,0.3816097676753998
7520,746,0.30258655548095703
7530,747,0.16635064780712128
7540,748,0.15812428295612335
7550,749,0.2652471959590912
7560,750,0.09132587164640427
7570,751,0.2219424992799759
7580,752,0.15435215830802917
7590,753,0.2714829444885254
7600,754,0.395930677652359
7610,755,0.339132159948349
7620,756,0.23614227771759033
7630,757,0.17739775776863098
7640,758,0.38467785716056824
7650,759,0.21303418278694153
7660,760,0.18759754300117493
7670,761,0.09379619359970093
7680,762,0.1718713641166687
7690,763,0.12083128094673157
7700,764,0.21439749002456665
7710,765,0.03696129098534584
7720,766,0.32531896233558655
7730,767,0.23113009333610535
7740,768,0.1109955832362175
7750,769,0.4397066533565521
7760,770,0.342944473028183
7770,771,0.2851274907588959
7780,772,0.2487015575170517
7790,773,0.11722972989082336
7800,774,0.20782826840877533
7810,775,0.13885468244552612
7820,776,0.3390367925167084
7830,777,0.19872112572193146
7840,778,0.22647786140441895
7850,779,0.1736445426940918
7860,780,0.25714439153671265
7870,781,0.21267591416835785
7880,782,0.2249336987733841
7890,783,0.2710075378417969
7900,784,0.234038844704628
7910,785,0.11979613453149796
7920,786,0.21841709315776825
7930,787,0.4162850081920624
7940,788,0.2767042815685272
7950,789,0.16078780591487885
7960,790,0.32561302185058594
7970,791,0.3320561647415161
7980,792,0.2379409521818161
7990,793,0.1460811197757721
8000,794,0.143203467130661
8010,795,0.1949024200439453
8020,796,0.3894639313220978
8030,797,0.3621586859226227
8040,798,0.3368906080722809
8050,799,0.19430790841579437
8060,800,0.24972258508205414
8070,801,0.3447747528553009
8080,802,0.20920585095882416
8090,803,0.2044685184955597
8100,804,0.1639593243598938
8110,805,0.08871995657682419
8120,806,0.3665386438369751
8130,807,0.3919636607170105
8140,808,0.2887864112854004
8150,809,0.39922699332237244
8160,810,0.2995450794696808
8170,811,0.2118966281414032
8180,812,0.11217773705720901
8190,813,0.2078581601381302
8200,814,0.38324782252311707
8210,815,0.4107832908630371
8220,816,0.3981088697910309
8230,817,0.3610728681087494
8240,818,0.15309841930866241
8250,819,0.1292116492986679
8260,820,0.2020879089832306
8270,821,0.1790735423564911
8280,822,0.36072275042533875
8290,823,0.22885772585868835
8300,824,0.24130450189113617
8310,825,0.07166250795125961
8320,826,0.32727810740470886
8330,827,0.48806241154670715
8340,828,0.06397339701652527
8350,829,0.3731668293476105
8360,830,0.1284288763999939
8370,831,0.2964901924133301
8380,832,0.11743856966495514
8390,833,0.10260418057441711
8400,834,0.3041149973869324
8410,835,0.30354639887809753
8420,836,0.191379576921463
8430,837,0.10692976415157318
8440,838,0.1396847814321518
8450,839,0.11101450771093369
8460,840,0.40787121653556824
8470,841,0.3594128489494324
8480,842,0.17989201843738556
8490,843,0.2780351936817169
8500,844,0.1015363484621048
8510,845,0.17709778249263763
8520,846,0.2817589044570923
8530,847,0.41611751914024353
8540,848,0.1616377830505371
8550,849,0.2903120815753937
8560,850,0.4066639840602875
8570,851,0.32687056064605713
8580,852,0.2192889153957367
8590,853,0.3483605980873108
8600,854,0.2489241361618042
8610,855,0.07768316566944122
8620,856,0.3143728971481323
8630,857,0.27270984649658203
8640,858,0.29457366466522217
8650,859,0.22035036981105804
8660,860,0.22013835608959198
8670,861,0.33855754137039185
8680,862,0.5071543455123901
8690,863,0.316062331199646
8700,864,0.07086554914712906
8710,865,0.07911332696676254
8720,866,0.2499111294746399
8730,867,0.14567126333713531
8740,868,0.09239213168621063
8750,869,0.24164274334907532
8760,870,0.21893610060214996
8770,871,0.2517170310020447
8780,872,0.1273416131734848
8790,873,0.3626977801322937
8800,874,0.14380979537963867
8810,875,0.11808524280786514
8820,876,0.3549048900604248
8830,877,0.16590648889541626
8840,878,0.2320147454738617
8850,879,0.10482899844646454
8860,880,0.20830020308494568
8870,881,0.24447698891162872
8880,882,0.5117323398590088
8890,883,0.2044447362422943
8900,884,0.2761305868625641
8910,885,0.07394198328256607
8920,886,0.28352034091949463
8930,887,0.26352232694625854
8940,888,0.24197283387184143
8950,889,0.3584862947463989
8960,890,0.3019672632217407
8970,891,0.2752767503261566
8980,892,0.28052544593811035
8990,893,0.1575794368982315
9000,894,0.4660170078277588
9010,895,0.1535683274269104
9020,896,0.194624662399292
9030,897,0.1754315346479416
9040,898,0.38109782338142395
9050,899,0.26588571071624756
9060,900,0.07771442830562592
9070,901,0.4243893623352051
9080,902,0.39651384949684143
9090,903,0.27643564343452454
9100,904,0.25754696130752563
9110,905,0.15487751364707947
9120,906,0.17879819869995117
9130,907,0.14752104878425598
9140,908,0.2864866852760315
9150,909,0.22497868537902832
9160,910,0.14315345883369446
9170,911,0.17633852362632751
9180,912,0.26507794857025146
9190,913,0.17396146059036255
9200,914,0.2244088053703308
9210,915,0.10114774107933044
9220,916,0.5417018532752991
9230,917,0.26198387145996094
9240,918,0.3966309130191803
9250,919,0.20741617679595947
9260,920,0.38019034266471863
9270,921,0.23809814453125
9280,922,0.1626637578010559
9290,923,0.26404473185539246
9300,924,0.18690724670886993
9310,925,0.3075963854789734
9320,926,0.29662784934043884
9330,927,0.4632248878479004
9340,928,0.2778625786304474
9350,929,0.2734673023223877
9360,930,0.1069868803024292
9370,931,0.21356849372386932
9380,932,0.17635996639728546
9390,933,0.2621370255947113
9400,934,0.2335393875837326
9410,935,0.3794684410095215
9420,936,0.30332496762275696
9430,937,0.14009855687618256
9440,938,0.24009159207344055
9450,939,0.1637793779373169
9460,940,0.23769941926002502
9470,941,0.16745908558368683
9480,942,0.20016592741012573
9490,943,0.1931934952735901
9500,944,0.14519207179546356
9510,945,0.33927810192108154
9520,946,0.048830561339855194
9530,947,0.10604308545589447
9540,948,0.3172025680541992
9550,949,0.1886095106601715
9560,950,0.11535944044589996
9570,951,0.28772830963134766
9580,952,0.07302152365446091
9590,953,0.22332677245140076
9600,954,0.5382400751113892
9610,955,0.16767939925193787
9620,956,0.15442673861980438
9630,957,0.11644149571657181
9640,958,0.2578262686729431
9650,959,0.31304335594177246
9660,960,0.2521982192993164
9670,961,0.23269705474376678
9680,962,0.3999136686325073
9690,963,0.10723014175891876
9700,964,0.1668478101491928
9710,965,0.24273577332496643
9720,966,0.2186211794614792
9730,967,0.22507844865322113
9740,968,0.13146845996379852
9750,969,0.09303764998912811
9760,970,0.25385671854019165
9770,971,0.3482140600681305
9780,972,0.19269567728042603
9790,973,0.212018221616745
9800,974,0.35966214537620544
9810,975,0.1980440616607666
9820,976,0.07971829921007156
9830,977,0.13118118047714233
9840,978,0.1500443071126938
9850,979,0.16108539700508118
9860,980,0.2613683342933655
9870,981,0.2749415636062622
9880,982,0.14734292030334473
9890,983,0.2521064281463623
9900,984,0.21061421930789948
9910,985,0.20937830209732056
9920,986,0.20740754902362823
9930,987,0.41682538390159607
9940,988,0.23788011074066162
9950,989,0.1479722559452057
9960,990,0.2236645519733429
9970,991,0.14091531932353973
9980,992,0.23272308707237244
9990,993,0.12156862020492554
10000,994,0.33940446376800537
10010,995,0.3107876777648926
10020,996,0.5875701308250427
10030,997,0.33092761039733887
10040,998,0.17331324517726898
10050,999,0.10568145662546158
10060,1000,0.08943116664886475
10070,1001,0.22064711153507233
10080,1002,0.24373936653137207
10090,1003,0.45881661772727966
10100,1004,0.29918915033340454
10110,1005,0.11319662630558014
10120,1006,0.13918282091617584
10130,1007,0.35736724734306335
10140,1008,0.11363320797681808
10150,1009,0.0982154980301857
10160,1010,0.19952303171157837
10170,1011,0.19303391873836517
10180,1012,0.37623587250709534
10190,1013,0.13782373070716858
10200,1014,0.32832223176956177
10210,1015,0.07415705174207687
10220,1016,0.11431907117366791
10230,1017,0.1399698555469513
10240,1018,0.20497453212738037
10250,1019,0.11625377833843231
10260,1020,0.12893761694431305
10270,1021,0.09500567615032196
10280,1022,0.15194475650787354
10290,1023,0.223418191075325
10300,1024,0.2163301259279251
10310,1025,0.24797111749649048
10320,1026,0.03362620621919632
10330,1027,0.15036273002624512
10340,1028,0.22374579310417175
10350,1029,0.10734380781650543
10360,1030,0.1454901248216629
10370,1031,0.21397331357002258
10380,1032,0.18039144575595856
10390,1033,0.37291625142097473
10400,1034,0.2842850685119629
10410,1035,0.19185498356819153
10420,1036,0.22723591327667236
10430,1037,0.3390982449054718
10440,1038,0.3340010344982147
10450,1039,0.2757872939109802
10460,1040,0.07012449204921722
10470,1041,0.2684371769428253
10480,1042,0.1587585210800171
10490,1043,0.23067933320999146
10500,1044,0.23948456346988678
10510,1045,0.04884301498532295
10520,1046,0.3304517865180969
10530,1047,0.20899206399917603
10540,1048,0.3823924660682678
10550,1049,0.12521840631961823
10560,1050,0.16060620546340942
10570,1051,0.39780500531196594
10580,1052,0.13933859765529633
10590,1053,0.021359309554100037
10600,1054,0.1552865356206894
10610,1055,0.2026059776544571
10620,1056,0.12657727301120758
10630,1057,0.3141019940376282
10640,1058,0.10533543676137924
10650,1059,0.10017836093902588
10660,1060,0.25674906373023987
10670,1061,0.10360227525234222
10680,1062,0.13199332356452942
10690,1063,0.20537661015987396
10700,1064,0.4120825231075287
10710,1065,0.2128027081489563
10720,1066,0.22879743576049805
10730,1067,0.1925731748342514
10740,1068,0.2045772671699524
10750,1069,0.2521358132362366
10760,1070,0.3139615058898926
10770,1071,0.1965397149324417
10780,1072,0.12084144353866577
10790,1073,0.13222259283065796
10800,1074,0.24370765686035156
10810,1075,0.13708055019378662
10820,1076,0.3833441734313965
10830,1077,0.2628505825996399
10840,1078,0.1658032387495041
10850,1079,0.06874269992113113
10860,1080,0.29878726601600647
10870,1081,0.14110051095485687
10880,1082,0.4398304522037506
10890,1083,0.14049191772937775
10900,1084,0.5429063439369202
10910,1085,0.0669604018330574
10920,1086,0.4394755959510803
10930,1087,0.20095567405223846
10940,1088,0.25487035512924194
10950,1089,0.12312305718660355
10960,1090,0.08387051522731781
10970,1091,0.21594414114952087
10980,1092,0.42644792795181274
10990,1093,0.09134268760681152
11000,1094,0.19229331612586975
11010,1095,0.14161615073680878
11020,1096,0.18250827491283417
11030,1097,0.14257174730300903
11040,1098,0.2736343741416931
11050,1099,0.17899802327156067
11060,1100,0.2505383789539337
11070,1101,0.5141311883926392
11080,1102,0.18790754675865173
11090,1103,0.41633033752441406
11100,1104,0.12105205655097961
11110,1105,0.19169150292873383
11120,1106,0.14374084770679474
11130,1107,0.43867361545562744
11140,1108,0.17180952429771423
11150,1109,0.08364507555961609
11160,1110,0.22673426568508148
11170,1111,0.17377033829689026
11180,1112,0.44859424233436584
11190,1113,0.2519066333770752
11200,1114,0.34129053354263306
11210,1115,0.2418288141489029
11220,1116,0.2567600607872009
11230,1117,0.21517746150493622
11240,1118,0.08088374882936478
11250,1119,0.21722719073295593
11260,1120,0.09491188079118729
11270,1121,0.10066621005535126
11280,1122,0.19987905025482178
11290,1123,0.2469450831413269
11300,1124,0.2448156774044037
11310,1125,0.08957815170288086
11320,1126,0.1715441197156906
11330,1127,0.28907474875450134
11340,1128,0.15679052472114563
11350,1129,0.2747492492198944
11360,1130,0.15716537833213806
11370,1131,0.23967024683952332
11380,1132,0.15891773998737335
11390,1133,0.12966623902320862
11400,1134,0.07048740237951279
11410,1135,0.09674941003322601
11420,1136,0.21419338881969452
11430,1137,0.13427506387233734
11440,1138,0.07034555077552795
11450,1139,0.09779174625873566
11460,1140,0.1655615121126175
11470,1141,0.13918161392211914
11480,1142,0.03832598030567169
11490,1143,0.15787580609321594
11500,1144,0.19734902679920197
11510,1145,0.2751751244068146
11520,1146,0.2598336338996887
11530,1147,0.33589279651641846
11540,1148,0.2442714422941208
11550,1149,0.09941806644201279
11560,1150,0.1559605747461319
11570,1151,0.2953474819660187
11580,1152,0.3353520631790161
11590,1153,0.3587721586227417
11600,1154,0.26578256487846375
11610,1155,0.22973361611366272
11620,1156,0.18256716430187225
11630,1157,0.17537859082221985
11640,1158,0.12028569728136063
11650,1159,0.25500887632369995
11660,1160,0.3805837035179138
11670,1161,0.499470055103302
11680,1162,0.14061465859413147
11690,1163,0.08522181212902069
11700,1164,0.28608858585357666
11710,1165,0.14443165063858032
11720,1166,0.05073000490665436
11730,1167,0.17834673821926117
11740,1168,0.1288941204547882
11750,1169,0.1516168713569641
11760,1170,0.20408327877521515
11770,1171,0.06269817799329758
11780,1172,0.09091099351644516
11790,1173,0.14499527215957642
11800,1174,0.1871839463710785
11810,1175,0.1228545606136322
11820,1176,0.08774784952402115
11830,1177,0.15957432985305786
11840,1178,0.32018935680389404
11850,1179,0.25575169920921326
11860,1180,0.17793403565883636
11870,1181,0.10038188099861145
11880,1182,0.0831870436668396
11890,1183,0.16080838441848755
11900,1184,0.3328406810760498
11910,1185,0.17328527569770813
11920,1186,0.18752335011959076
11930,1187,0.3523920774459839
11940,1188,0.29074954986572266
11950,1189,0.24501919746398926
11960,1190,0.10198067128658295
11970,1191,0.3488880395889282
11980,1192,0.2752842307090759
11990,1193,0.10761766880750656
12000,1194,0.08846810460090637
12010,1195,0.23441076278686523
12020,1196,0.10071264952421188
12030,1197,0.13839539885520935
12040,1198,0.20750492811203003
12050,1199,0.35346871614456177
12060,1200,0.09456294029951096
12070,1201,0.08194447308778763
12080,1202,0.2960732877254486
12090,1203,0.22205674648284912
12100,1204,0.18445856869220734
12110,1205,0.16265545785427094
12120,1206,0.1655592918395996
12130,1207,0.2198660671710968
12140,1208,0.2933465242385864
12150,1209,0.17606106400489807
12160,1210,0.33796751499176025
12170,1211,0.37171366810798645
12180,1212,0.15549394488334656
12190,1213,0.07788248360157013
12200,1214,0.15725381672382355
12210,1215,0.20235301554203033
12220,1216,0.1743037849664688
12230,1217,0.1176789179444313
12240,1218,0.19037605822086334
12250,1219,0.13008525967597961
12260,1220,0.23352570831775665
12270,1221,0.06092684715986252
12280,1222,0.24157145619392395
12290,1223,0.24254225194454193
12300,1224,0.1854574829339981
12310,1225,0.11445003002882004
12320,1226,0.10617028921842575
12330,1227,0.21785013377666473
12340,1228,0.22737455368041992
12350,1229,0.0640426054596901
12360,1230,0.14191356301307678
12370,1231,0.14776071906089783
12380,1232,0.19980725646018982
12390,1233,0.11966460943222046
12400,1234,0.14755156636238098
12410,1235,0.24932338297367096
12420,1236,0.38292643427848816
12430,1237,0.27792036533355713
12440,1238,0.0769447609782219
12450,1239,0.3260214924812317
12460,1240,0.13950617611408234
12470,1241,0.22066211700439453
12480,1242,0.2477497160434723
12490,1243,0.24437081813812256
12500,1244,0.07596001029014587
12510,1245,0.21405163407325745
12520,1246,0.30128780007362366
12530,1247,0.12914414703845978
12540,1248,0.11271890252828598
12550,1249,0.38108766078948975
12560,1250,0.34174543619155884
12570,1251,0.16760225594043732
12580,1252,0.2670668661594391
12590,1253,0.08397791534662247
12600,1254,0.07579803466796875
12610,1255,0.09705553203821182
12620,1256,0.07878068089485168
12630,1257,0.2385910004377365
12640,1258,0.10644975304603577
12650,1259,0.18436987698078156
12660,1260,0.259992778301239
12670,1261,0.049409039318561554
12680,1262,0.1417253613471985
12690,1263,0.025145752355456352
12700,1264,0.23089157044887543
12710,1265,0.21352767944335938
12720,1266,0.1609169989824295
12730,1267,0.17902277410030365
12740,1268,0.13173240423202515
12750,1269,0.17790359258651733
12760,1270,0.13425198197364807
12770,1271,0.3317246437072754
12780,1272,0.1308278739452362
12790,1273,0.0920620858669281
12800,1274,0.12584273517131805
12810,1275,0.168110653758049
12820,1276,0.16064053773880005
12830,1277,0.16328129172325134
12840,1278,0.1703171581029892
12850,1279,0.08935971558094025
12860,1280,0.22533325850963593
12870,1281,0.21417418122291565
12880,1282,0.2680923044681549
12890,1283,0.17540308833122253
12900,1284,0.16535593569278717
12910,1285,0.4014568626880646
12920,1286,0.08189257234334946
12930,1287,0.07556556910276413
12940,1288,0.2634294629096985
12950,1289,0.26242172718048096
12960,1290,0.12246809899806976
12970,1291,0.09676805138587952
12980,1292,0.2592829167842865
12990,1293,0.34908580780029297
13000,1294,0.25926902890205383
13010,1295,0.21845176815986633
13020,1296,0.21497462689876556
13030,1297,0.18909025192260742
13040,1298,0.21348576247692108
13050,1299,0.16168160736560822
13060,1300,0.20679964125156403
13070,1301,0.08820787817239761
13080,1302,0.09484711289405823
13090,1303,0.16004560887813568
13100,1304,0.2387726604938507
13110,1305,0.13503096997737885
13120,1306,0.2651884853839874
13130,1307,0.13724887371063232
13140,1308,0.17277096211910248
13150,1309,0.06644149124622345
13160,1310,0.1984556019306183
13170,1311,0.08268886804580688
13180,1312,0.0934576615691185
13190,1313,0.1239616647362709
13200,1314,0.34914618730545044
13210,1315,0.16825266182422638
13220,1316,0.26449984312057495
13230,1317,0.07027942687273026
13240,1318,0.20144537091255188
13250,1319,0.24753688275814056
13260,1320,0.11528144031763077
13270,1321,0.13046106696128845
13280,1322,0.11380352079868317
13290,1323,0.3956223428249359
13300,1324,0.167118102312088
13310,1325,0.12729260325431824
13320,1326,0.15266969799995422
13330,1327,0.46834537386894226
13340,1328,0.14128702878952026
13350,1329,0.18596310913562775
13360,1330,0.11507916450500488
13370,1331,0.2146841287612915
13380,1332,0.29800206422805786
13390,1333,0.06557823717594147
13400,1334,0.21764472126960754
13410,1335,0.2727990746498108
13420,1336,0.15706658363342285
13430,1337,0.1729835718870163
13440,1338,0.240251824259758
13450,1339,0.2300405204296112
13460,1340,0.43471086025238037
13470,1341,0.0924246683716774
13480,1342,0.17677125334739685
13490,1343,0.21901875734329224
13500,1344,0.06661903858184814
13510,1345,0.08202870935201645
13520,1346,0.06433083862066269
13530,1347,0.15958598256111145
13540,1348,0.22081208229064941
13550,1349,0.11039614677429199
13560,1350,0.08798101544380188
13570,1351,0.015600579790771008
13580,1352,0.32655924558639526
13590,1353,0.3241080939769745
13600,1354,0.049104463309049606
13610,1355,0.12053990364074707
13620,1356,0.2177228033542633
13630,1357,0.20734214782714844
13640,1358,0.256332129240036
13650,1359,0.2242954671382904
13660,1360,0.10105744004249573
13670,1361,0.1955493688583374
13680,1362,0.20951922237873077
13690,1363,0.36350271105766296
13700,1364,0.20982633531093597
13710,1365,0.2337692826986313
13720,1366,0.48052671551704407
13730,1367,0.28605714440345764
13740,1368,0.17885534465312958
13750,1369,0.13802888989448547
13760,1370,0.16770689189434052
13770,1371,0.1988893449306488
13780,1372,0.22409221529960632
13790,1373,0.32871997356414795
13800,1374,0.19107714295387268
13810,1375,0.23835210502147675
13820,1376,0.11852308362722397
13830,1377,0.19311536848545074
13840,1378,0.07906569540500641
13850,1379,0.2276821732521057
13860,1380,0.1804235279560089
13870,1381,0.15218113362789154
13880,1382,0.17966009676456451
13890,1383,0.07043401896953583
13900,1384,0.12234140932559967
13910,1385,0.010073368437588215
13920,1386,0.0482448935508728
13930,1387,0.16621878743171692
13940,1388,0.1425270140171051
13950,1389,0.052674151957035065
13960,1390,0.08020804822444916
13970,1391,0.1309366524219513
13980,1392,0.14935357868671417
13990,1393,0.26719537377357483
14000,1394,0.13238348066806793
14010,1395,0.25945165753364563
14020,1396,0.17380034923553467
14030,1397,0.40333518385887146
14040,1398,0.18236902356147766
14050,1399,0.1686757206916809
14060,1400,0.24874292314052582
14070,1401,0.1542687714099884
14080,1402,0.12729968130588531
14090,1403,0.24287162721157074
14100,1404,0.03824260085821152
14110,1405,0.0744696706533432
14120,1406,0.16204261779785156
14130,1407,0.23430314660072327
14140,1408,0.2379148155450821
14150,1409,0.2690332531929016
14160,1410,0.18072932958602905
14170,1411,0.16792695224285126
14180,1412,0.17633460462093353
14190,1413,0.09150350093841553
14200,1414,0.15929661691188812
14210,1415,0.09017413854598999
14220,1416,0.2653283476829529
14230,1417,0.08894407749176025
14240,1418,0.07527615875005722
14250,1419,0.14467942714691162
14260,1420,0.07737312465906143
14270,1421,0.06839847564697266
14280,1422,0.31140923500061035
14290,1423,0.13412263989448547
14300,1424,0.2878226041793823
14310,1425,0.23503868281841278
14320,1426,0.3050302267074585
14330,1427,0.08318477123975754
14340,1428,0.12499025464057922
14350,1429,0.09927879273891449
14360,1430,0.15581482648849487
14370,1431,0.06566104292869568
14380,1432,0.2347460240125656
14390,1433,0.12990020215511322
14400,1434,0.1932237148284912
14410,1435,0.05733858421444893
14420,1436,0.2457381784915924
14430,1437,0.2180626392364502
14440,1438,0.3502247631549835
14450,1439,0.13963162899017334
14460,1440,0.16494984924793243
14470,1441,0.12585125863552094
14480,1442,0.2088329792022705
14490,1443,0.0600007101893425
14500,1444,0.14482243359088898
14510,1445,0.2948217988014221
14520,1446,0.1938875913619995
14530,1447,0.17779555916786194
14540,1448,0.2931627035140991
14550,1449,0.3550567626953125
14560,1450,0.05941180884838104
14570,1451,0.15052635967731476
14580,1452,0.3141171634197235
14590,1453,0.1570843905210495
14600,1454,0.19478406012058258
14610,1455,0.20215722918510437
14620,1456,0.1703372448682785
14630,1457,0.11450938135385513
14640,1458,0.2280292510986328
14650,1459,0.19743062555789948
14660,1460,0.12898226082324982
14670,1461,0.11471889913082123
14680,1462,0.24018123745918274
14690,1463,0.11490747332572937
14700,1464,0.1551857888698578
14710,1465,0.12271139025688171
14720,1466,0.10718578100204468
14730,1467,0.194064199924469
14740,1468,0.23172985017299652
14750,1469,0.31338217854499817
14760,1470,0.10633190721273422
14770,1471,0.12169135361909866
14780,1472,0.3651532232761383
14790,1473,0.3079814910888672
14800,1474,0.2477937638759613
14810,1475,0.04809748753905296
14820,1476,0.1987880915403366
14830,1477,0.317568838596344
14840,1478,0.431797593832016
14850,1479,0.2046472728252411
14860,1480,0.17609210312366486
14870,1481,0.35122057795524597
14880,1482,0.229305699467659
14890,1483,0.26477697491645813
14900,1484,0.18298189342021942
14910,1485,0.1383020132780075
14920,1486,0.13505801558494568
14930,1487,0.15120351314544678
14940,1488,0.18103155493736267
14950,1489,0.1081441268324852
14960,1490,0.13069291412830353
14970,1491,0.3201400637626648
14980,1492,0.17407208681106567
14990,1493,0.2526206374168396
15000,1494,0.22339537739753723
15010,1495,0.3967494070529938
15020,1496,0.18614491820335388
15030,1497,0.0927945002913475
15040,1498,0.11555047333240509
15050,1499,0.2370768040418625
15060,1500,0.25056105852127075
15070,1501,0.12307015061378479
15080,1502,0.053321097046136856
15090,1503,0.039447955787181854
15100,1504,0.30138370394706726
15110,1505,0.12986619770526886
15120,1506,0.030973244458436966
15130,1507,0.13464754819869995
15140,1508,0.12094775587320328
15150,1509,0.13016903400421143
15160,1510,0.23009034991264343
15170,1511,0.1844010353088379
15180,1512,0.19344821572303772
15190,1513,0.09144710004329681
15200,1514,0.17888857424259186
15210,1515,0.15791812539100647
15220,1516,0.07546254992485046
15230,1517,0.15278489887714386
15240,1518,0.07539777457714081
15250,1519,0.06252412497997284
15260,1520,0.1928250789642334
15270,1521,0.06692256778478622
15280,1522,0.29429563879966736
15290,1523,0.15458297729492188
15300,1524,0.09160985797643661
15310,1525,0.10777488350868225
15320,1526,0.11181354522705078
15330,1527,0.41477087140083313
15340,1528,0.17422080039978027
15350,1529,0.21081852912902832
15360,1530,0.1982879936695099
15370,1531,0.18998755514621735
15380,1532,0.15241120755672455
15390,1533,0.09680595248937607
15400,1534,0.12116160243749619
15410,1535,0.11767026782035828
15420,1536,0.13240675628185272
15430,1537,0.29032161831855774
15440,1538,0.08253161609172821
15450,1539,0.25714290142059326
15460,1540,0.1059514731168747
15470,1541,0.10865315049886703
15480,1542,0.2595755159854889
15490,1543,0.08935807645320892
15500,1544,0.2951381802558899
15510,1545,0.07926856726408005
15520,1546,0.13143323361873627
15530,1547,0.15647365152835846
15540,1548,0.1266179084777832
15550,1549,0.07981259375810623
15560,1550,0.08721277117729187
15570,1551,0.12533342838287354
15580,1552,0.08685754984617233
15590,1553,0.11829205602407455
15600,1554,0.09372708201408386
15610,1555,0.11205563694238663
15620,1556,0.2187989056110382
15630,1557,0.10181992501020432
15640,1558,0.06936744600534439
15650,1559,0.057010624557733536
15660,1560,0.04143209382891655
15670,1561,0.09171324223279953
15680,1562,0.15911665558815002
15690,1563,0.05122938007116318
15700,1564,0.012944196350872517
15710,1565,0.14416438341140747
15720,1566,0.04141968861222267
15730,1567,0.1584952175617218
15740,1568,0.15263164043426514
15750,1569,0.045623891055583954
15760,1570,0.04147128760814667
15770,1571,0.11713375151157379
15780,1572,0.22561727464199066
15790,1573,0.17187795042991638
15800,1574,0.08809106051921844
15810,1575,0.10845344513654709
15820,1576,0.17282281816005707
15830,1577,0.3631831705570221
15840,1578,0.16909997165203094
15850,1579,0.2727736532688141
15860,1580,0.09492672234773636
15870,1581,0.0595061257481575
15880,1582,0.2338796854019165
15890,1583,0.2889951765537262
15900,1584,0.15176180005073547
15910,1585,0.22699663043022156
15920,1586,0.08260785043239594
15930,1587,0.22034917771816254
15940,1588,0.15191151201725006
15950,1589,0.2182208001613617
15960,1590,0.2764476537704468
15970,1591,0.09573251754045486
15980,1592,0.13408450782299042
15990,1593,0.2692960202693939
16000,1594,0.07469499111175537
16010,1595,0.19762353599071503
16020,1596,0.20073896646499634
16030,1597,0.18063125014305115
16040,1598,0.0056710937060415745
16050,1599,0.12685862183570862
16060,1600,0.19771870970726013
16070,1601,0.22052103281021118
16080,1602,0.09556971490383148
16090,1603,0.14091795682907104
16100,1604,0.09243970364332199
16110,1605,0.16957306861877441
16120,1606,0.14863093197345734
16130,1607,0.11900531500577927
16140,1608,0.1485779732465744
16150,1609,0.11942964047193527
16160,1610,0.13921557366847992
16170,1611,0.09780976176261902
16180,1612,0.13631285727024078
16190,1613,0.22817710041999817
16200,1614,0.16648587584495544
16210,1615,0.21143954992294312
16220,1616,0.3545321226119995
16230,1617,0.11335156857967377
16240,1618,0.06341695785522461
16250,1619,0.19580185413360596
16260,1620,0.28388360142707825
16270,1621,0.2233736515045166
16280,1622,0.44906967878341675
16290,1623,0.15358133614063263
16300,1624,0.08071086555719376
16310,1625,0.07315834611654282
16320,1626,0.21244081854820251
16330,1627,0.3039250373840332
16340,1628,0.13308753073215485
16350,1629,0.12012089788913727
16360,1630,0.16552022099494934
16370,1631,0.06973475962877274
16380,1632,0.05810035020112991
16390,1633,0.21951301395893097
16400,1634,0.2552849352359772
16410,1635,0.07496089488267899
16420,1636,0.14355292916297913
16430,1637,0.25852611660957336
16440,1638,0.1772879660129547
16450,1639,0.41755223274230957
16460,1640,0.17264743149280548
16470,1641,0.16204123198986053
16480,1642,0.09578344225883484
16490,1643,0.28444114327430725
16500,1644,0.18482297658920288
16510,1645,0.08097876608371735
16520,1646,0.11749696731567383
16530,1647,0.13054955005645752
16540,1648,0.19914467632770538
16550,1649,0.23417402803897858
16560,1650,0.10141262412071228
16570,1651,0.16514383256435394
16580,1652,0.12041125446557999
16590,1653,0.12675261497497559
16600,1654,0.17634963989257812
16610,1655,0.14145000278949738
16620,1656,0.07653233408927917
16630,1657,0.1352827399969101
16640,1658,0.12363378703594208
16650,1659,0.2495129108428955
16660,1660,0.22147275507450104
16670,1661,0.07285578548908234
16680,1662,0.11047807335853577
16690,1663,0.11649876832962036
16700,1664,0.09260575473308563
16710,1665,0.15140622854232788
16720,1666,0.11142141371965408
16730,1667,0.32694771885871887
16740,1668,0.06042563170194626
16750,1669,0.1079266369342804
16760,1670,0.11265908926725388
16770,1671,0.2112586796283722
16780,1672,0.14913535118103027
16790,1673,0.1019735187292099
16800,1674,0.23434844613075256
16810,1675,0.04741262272000313
16820,1676,0.1828356236219406
16830,1677,0.1255665421485901
16840,1678,0.09796631336212158
16850,1679,0.16024458408355713
16860,1680,0.1250835657119751
16870,1681,0.238296240568161
16880,1682,0.19569987058639526
16890,1683,0.20765826106071472
16900,1684,0.29196956753730774
16910,1685,0.23707853257656097
16920,1686,0.33823060989379883
16930,1687,0.26110053062438965
16940,1688,0.3449617922306061
16950,1689,0.13507740199565887
16960,1690,0.022629985585808754
16970,1691,0.13541439175605774
16980,1692,0.17892901599407196
16990,1693,0.036419328302145004
17000,1694,0.17411620914936066
17010,1695,0.15910549461841583
17020,1696,0.1570061296224594
17030,1697,0.16581659018993378
17040,1698,0.1217447817325592
17050,1699,0.1809995174407959
17060,1700,0.13369442522525787
17070,1701,0.2503749132156372
17080,1702,0.2059895098209381
17090,1703,0.147745743393898
17100,1704,0.06647748500108719
17110,1705,0.1456127166748047
17120,1706,0.0887211486697197
17130,1707,0.16577653586864471
17140,1708,0.11923898756504059
17150,1709,0.24464727938175201
17160,1710,0.07487165182828903
17170,1711,0.24135088920593262
17180,1712,0.31760355830192566
17190,1713,0.15103068947792053
17200,1714,0.20033882558345795
17210,1715,0.2619335949420929
17220,1716,0.09391850978136063
17230,1717,0.20665596425533295
17240,1718,0.061375103890895844
17250,1719,0.1180560514330864
17260,1720,0.06961753219366074
17270,1721,0.31932756304740906
17280,1722,0.19276456534862518
17290,1723,0.14223594963550568
17300,1724,0.07038874179124832
17310,1725,0.2445250004529953
17320,1726,0.09556598961353302
17330,1727,0.18145506083965302
17340,1728,0.05955448001623154
17350,1729,0.13884872198104858
17360,1730,0.1798870861530304
17370,1731,0.22688128054141998
17380,1732,0.04177669808268547
17390,1733,0.1821693778038025
17400,1734,0.12966372072696686
17410,1735,0.06896516680717468
17420,1736,0.14683285355567932
17430,1737,0.15887509286403656
17440,1738,0.30031031370162964
17450,1739,0.13236933946609497
17460,1740,0.10292379558086395
17470,1741,0.26745912432670593
17480,1742,0.2734009921550751
17490,1743,0.09037315100431442
17500,1744,0.28959962725639343
17510,1745,0.30390244722366333
17520,1746,0.1998603641986847
17530,1747,0.27783721685409546
17540,1748,0.10507121682167053
17550,1749,0.15488921105861664
17560,1750,0.18976183235645294
17570,1751,0.1200089305639267
17580,1752,0.04963983595371246
17590,1753,0.1257391721010208
17600,1754,0.10003061592578888
17610,1755,0.285033643245697
17620,1756,0.07691957801580429
17630,1757,0.13380201160907745
17640,1758,0.20540466904640198
17650,1759,0.18652136623859406
17660,1760,0.05733814463019371
17670,1761,0.21621385216712952
17680,1762,0.1435062289237976
17690,1763,0.3209332525730133
17700,1764,0.19567757844924927
17710,1765,0.2690705955028534
17720,1766,0.1528879851102829
17730,1767,0.11748753488063812
17740,1768,0.09694778919219971
17750,1769,0.13608895242214203
17760,1770,0.1617797166109085
17770,1771,0.22526225447654724
17780,1772,0.28034183382987976
17790,1773,0.17290975153446198
17800,1774,0.045857593417167664
17810,1775,0.21777798235416412
17820,1776,0.279837429523468
17830,1777,0.05789101496338844
17840,1778,0.21726951003074646
17850,1779,0.07221721857786179
17860,1780,0.2872525155544281
17870,1781,0.12475953996181488
17880,1782,0.1365542709827423
17890,1783,0.20761457085609436
17900,1784,0.10996629297733307
17910,1785,0.16159680485725403
17920,1786,0.06066663935780525
17930,1787,0.08857767283916473
17940,1788,0.1556340605020523
17950,1789,0.22939251363277435
17960,1790,0.2652955651283264
17970,1791,0.16602107882499695
17980,1792,0.37501296401023865
17990,1793,0.05870605260133743
18000,1794,0.14148969948291779
18010,1795,0.26418444514274597
18020,1796,0.057368624955415726
18030,1797,0.29923832416534424
18040,1798,0.15734019875526428
18050,1799,0.21403151750564575
18060,1800,0.19369451701641083
18070,1801,0.09902045130729675
18080,1802,0.18449047207832336
18090,1803,0.15110932290554047
18100,1804,0.3198489248752594
18110,1805,0.20792937278747559
18120,1806,0.10818545520305634
18130,1807,0.11446879059076309
18140,1808,0.34123241901397705
18150,1809,0.3305336534976959
18160,1810,0.16196037828922272
18170,1811,0.07234100997447968
18180,1812,0.18922005593776703
18190,1813,0.2893257141113281
18200,1814,0.0965651422739029
18210,1815,0.12397724390029907
18220,1816,0.13007548451423645
18230,1817,0.10114891082048416
18240,1818,0.25153663754463196
18250,1819,0.13785172998905182
18260,1820,0.5305222272872925
18270,1821,0.12235109508037567
18280,1822,0.08879319578409195
18290,1823,0.08157850056886673
18300,1824,0.27587205171585083
18310,1825,0.2888294756412506
18320,1826,0.25737062096595764
18330,1827,0.2235601544380188
18340,1828,0.07644399255514145
18350,1829,0.07923562824726105
18360,1830,0.12762558460235596
18370,1831,0.12508060038089752
18380,1832,0.12489721179008484
18390,1833,0.15929268300533295
18400,1834,0.12056280672550201
18410,1835,0.14478375017642975
18420,1836,0.05468365177512169
18430,1837,0.05491498112678528
18440,1838,0.18410736322402954
18450,1839,0.31917768716812134
18460,1840,0.2619078755378723
18470,1841,0.14749175310134888
18480,1842,0.12226620316505432
18490,1843,0.1798563450574875
18500,1844,0.11590798944234848
18510,1845,0.1251189261674881
18520,1846,0.12317833304405212
18530,1847,0.26820120215415955
18540,1848,0.4677671194076538
18550,1849,0.2787328362464905
18560,1850,0.06990758329629898
18570,1851,0.1252136379480362
18580,1852,0.2470901906490326
18590,1853,0.22916841506958008
18600,1854,0.14870747923851013
18610,1855,0.32829147577285767
18620,1856,0.1428830474615097
18630,1857,0.12378092110157013
18640,1858,0.02803613990545273
18650,1859,0.23927199840545654
18660,1860,0.1156235784292221
18670,1861,0.18621505796909332
18680,1862,0.225795716047287
18690,1863,0.07302022725343704
18700,1864,0.1243138238787651
18710,1865,0.06510259956121445
18720,1866,0.1487462818622589
18730,1867,0.06252194195985794
18740,1868,0.11836790293455124
18750,1869,0.34119051694869995
18760,1870,0.25674694776535034
18770,1871,0.052125632762908936
18780,1872,0.1927412748336792
18790,1873,0.2978498637676239
18800,1874,0.22698776423931122
18810,1875,0.0851241797208786
18820,1876,0.17163683474063873
18830,1877,0.08060669898986816
18840,1878,0.1292356252670288
18850,1879,0.06632199883460999
18860,1880,0.10453283786773682
18870,1881,0.08440043777227402
18880,1882,0.25404274463653564
18890,1883,0.18243400752544403
18900,1884,0.05318803712725639
18910,1885,0.3857139050960541
18920,1886,0.04844731092453003
18930,1887,0.04544077813625336
18940,1888,0.2588863670825958
18950,1889,0.15909039974212646
18960,1890,0.1364266574382782
18970,1891,0.1837017685174942
18980,1892,0.33134204149246216
18990,1893,0.18363937735557556
19000,1894,0.08057168126106262
19010,1895,0.44144341349601746
19020,1896,0.23053520917892456
19030,1897,0.11337991803884506
19040,1898,0.3025455176830292
19050,1899,0.18715089559555054
19060,1900,0.23380452394485474
19070,1901,0.14261645078659058
19080,1902,0.13957105576992035
19090,1903,0.11966465413570404
19100,1904,0.19467318058013916
19110,1905,0.11085506528615952
19120,1906,0.4093713164329529
19130,1907,0.09886105358600616
19140,1908,0.19551004469394684
19150,1909,0.15236641466617584
19160,1910,0.1079985499382019
19170,1911,0.009456401690840721
19180,1912,0.10063929110765457
19190,1913,0.049900803714990616
19200,1914,0.12241178750991821
19210,1915,0.13181756436824799
19220,1916,0.1204189732670784
19230,1917,0.12983039021492004
19240,1918,0.07546953856945038
19250,1919,0.11194968968629837
19260,1920,0.13331441581249237
19270,1921,0.07251948118209839
19280,1922,0.30297693610191345
19290,1923,0.08147528767585754
19300,1924,0.0971282422542572
19310,1925,0.2432423084974289
19320,1926,0.08461003005504608
19330,1927,0.1376311480998993
19340,1928,0.18772557377815247
19350,1929,0.07804138958454132
19360,1930,0.09858269989490509
19370,1931,0.14041580259799957
19380,1932,0.21883198618888855
19390,1933,0.05698814243078232
19400,1934,0.11544625461101532
19410,1935,0.0963255912065506
19420,1936,0.07499589025974274
19430,1937,0.11240293830633163
19440,1938,0.25091129541397095
19450,1939,0.15163689851760864
19460,1940,0.14340217411518097
19470,1941,0.10232634842395782
19480,1942,0.06951575726270676
19490,1943,0.10801485925912857
19500,1944,0.16345711052417755
19510,1945,0.2230287343263626
19520,1946,0.1008705347776413
19530,1947,0.045964911580085754
19540,1948,0.11317871510982513
19550,1949,0.3821004629135132
19560,1950,0.10446621477603912
19570,1951,0.08314909040927887
19580,1952,0.23933574557304382
19590,1953,0.11775267869234085
19600,1954,0.11724872142076492
19610,1955,0.08010374754667282
19620,1956,0.12129507958889008
19630,1957,0.24218201637268066
19640,1958,0.36062783002853394
19650,1959,0.08740396797657013
19660,1960,0.10503938794136047
19670,1961,0.026841795071959496
19680,1962,0.03778132051229477
19690,1963,0.08987364917993546
19700,1964,0.044254641979932785
19710,1965,0.12173915654420853
19720,1966,0.24191910028457642
19730,1967,0.11233187466859818
19740,1968,0.07646599411964417
19750,1969,0.10188842564821243
19760,1970,0.0952465683221817
19770,1971,0.07943463325500488
19780,1972,0.09122847020626068
19790,1973,0.07233640551567078
19800,1974,0.1578909158706665
19810,1975,0.08398421853780746
19820,1976,0.0567706860601902
19830,1977,0.16285386681556702
19840,1978,0.17794807255268097
19850,1979,0.3699902296066284
19860,1980,0.0282722320407629
19870,1981,0.07228972762823105
19880,1982,0.1607666164636612
19890,1983,0.07260657101869583
19900,1984,0.1770487278699875
19910,1985,0.07925368845462799
19920,1986,0.22464780509471893
19930,1987,0.21051347255706787
19940,1988,0.07844357937574387
19950,1989,0.227535218000412
19960,1990,0.29271405935287476
19970,1991,0.1734084039926529
19980,1992,0.28805074095726013
19990,1993,0.1412205845117569
20000,1994,0.19968494772911072
20010,1995,0.14137805998325348
20020,1996,0.08993326127529144
20030,1997,0.14470705389976501
20040,1998,0.10285389423370361
20050,1999,0.1607186496257782
20060,2000,0.18657398223876953
20070,2001,0.25784873962402344
20080,2002,0.23737482726573944
20090,2003,0.10826858878135681
20100,2004,0.16410966217517853
20110,2005,0.05328049510717392
20120,2006,0.1673164963722229
20130,2007,0.12246720492839813
20140,2008,0.09273551404476166
20150,2009,0.1628216952085495
20160,2010,0.2234780341386795
20170,2011,0.12550076842308044
20180,2012,0.21281880140304565
20190,2013,0.02215079590678215
20200,2014,0.14461906254291534
20210,2015,0.40030568838119507
20220,2016,0.18422769010066986
20230,2017,0.11855482310056686
20240,2018,0.42048537731170654
20250,2019,0.10826635360717773
20260,2020,0.1102670207619667
20270,2021,0.08089685440063477
20280,2022,0.18831738829612732
20290,2023,0.06347277760505676
20300,2024,0.18113353848457336
20310,2025,0.129672110080719
20320,2026,0.24328161776065826
20330,2027,0.14734485745429993
20340,2028,0.11048047244548798
20350,2029,0.1073407307267189
20360,2030,0.0700095146894455
20370,2031,0.0734509825706482
20380,2032,0.15979993343353271
20390,2033,0.06081308051943779
20400,2034,0.06678177416324615
20410,2035,0.09231731295585632
20420,2036,0.18386517465114594
20430,2037,0.1070457398891449
20440,2038,0.13696104288101196
20450,2039,0.15471404790878296
20460,2040,0.2784058153629303
20470,2041,0.12883201241493225
20480,2042,0.14468629658222198
20490,2043,0.2043755054473877
20500,2044,0.28114786744117737
20510,2045,0.13383658230304718
20520,2046,0.1884133517742157
20530,2047,0.18981893360614777
20540,2048,0.11677033454179764
20550,2049,0.11867770552635193
20560,2050,0.2588616609573364
20570,2051,0.2506847083568573
20580,2052,0.07721985876560211
20590,2053,0.20604823529720306
20600,2054,0.12221022695302963
20610,2055,0.13228994607925415
20620,2056,0.33316946029663086
20630,2057,0.125015527009964
20640,2058,0.10434562712907791
20650,2059,0.25437110662460327
20660,2060,0.20243880152702332
20670,2061,0.06756623834371567
20680,2062,0.0562884658575058
20690,2063,0.0710064023733139
20700,2064,0.11516168713569641
20710,2065,0.14048130810260773
20720,2066,0.1700589656829834
20730,2067,0.15482883155345917
20740,2068,0.1529700607061386
20750,2069,0.057520732283592224
20760,2070,0.10160046815872192
20770,2071,0.18985548615455627
20780,2072,0.10260763764381409
20790,2073,0.07639569789171219
20800,2074,0.025542255491018295
20810,2075,0.0667804554104805
20820,2076,0.1606840044260025
20830,2077,0.13808678090572357
20840,2078,0.31307506561279297
20850,2079,0.13114401698112488
20860,2080,0.13982439041137695
20870,2081,0.07907234132289886
20880,2082,0.08210434019565582
20890,2083,0.2209557145833969
20900,2084,0.12479584664106369
20910,2085,0.2502892315387726
20920,2086,0.06472714990377426
20930,2087,0.13638398051261902
20940,2088,0.2332560420036316
20950,2089,0.10037816315889359
20960,2090,0.17035338282585144
20970,2091,0.022910865023732185
20980,2092,0.08388685435056686
20990,2093,0.12415856122970581
21000,2094,0.11617495119571686
21010,2095,0.10923682153224945
21020,2096,0.05354071781039238
21030,2097,0.054454438388347626
21040,2098,0.041871413588523865
21050,2099,0.09060203284025192
21060,2100,0.27602413296699524
21070,2101,0.2668933570384979
21080,2102,0.18657995760440826
21090,2103,0.08144740760326385
21100,2104,0.022841352969408035
21110,2105,0.11251963675022125
21120,2106,0.10127917677164078
21130,2107,0.03999095410108566
21140,2108,0.0799776166677475
21150,2109,0.14920228719711304
21160,2110,0.20807898044586182
21170,2111,0.0671742707490921
21180,2112,0.06796901673078537
21190,2113,0.22355344891548157
21200,2114,0.1992955505847931
21210,2115,0.04802585765719414
21220,2116,0.09332004934549332
21230,2117,0.10048199445009232
21240,2118,0.1796693503856659
21250,2119,0.07120193541049957
21260,2120,0.060371268540620804
21270,2121,0.04881270229816437
21280,2122,0.17169466614723206
21290,2123,0.18423235416412354
21300,2124,0.15167492628097534
21310,2125,0.05729140341281891
21320,2126,0.15083831548690796
21330,2127,0.07347371429204941
21340,2128,0.3533909022808075
21350,2129,0.1114937886595726
21360,2130,0.11105851829051971
21370,2131,0.09151873737573624
21380,2132,0.1673794388771057
21390,2133,0.03315563127398491
21400,2134,0.15016844868659973
21410,2135,0.33997946977615356
21420,2136,0.3595002591609955
21430,2137,0.08314395695924759
21440,2138,0.14779579639434814
21450,2139,0.193786159157753
21460,2140,0.3897703289985657
21470,2141,0.09529029577970505
21480,2142,0.10972010344266891
21490,2143,0.12551818788051605
21500,2144,0.11322812736034393
21510,2145,0.045831672847270966
21520,2146,0.1202334314584732
21530,2147,0.20965752005577087
21540,2148,0.06704051792621613
21550,2149,0.18369771540164948
21560,2150,0.2653123438358307
21570,2151,0.08855734765529633
21580,2152,0.03557509183883667
21590,2153,0.14841309189796448
21600,2154,0.2009011209011078
21610,2155,0.17638036608695984
21620,2156,0.0410342663526535
21630,2157,0.08551609516143799
21640,2158,0.1007101982831955
21650,2159,0.15556971728801727
21660,2160,0.01589016430079937
21670,2161,0.18967431783676147
21680,2162,0.12538129091262817
21690,2163,0.07520805299282074
21700,2164,0.10000770539045334
21710,2165,0.06140923500061035
21720,2166,0.15898123383522034
21730,2167,0.22057756781578064
21740,2168,0.28451821208000183
21750,2169,0.3515327274799347
21760,2170,0.1269722580909729
21770,2171,0.1319272369146347
21780,2172,0.2117694467306137
21790,2173,0.17892132699489594
21800,2174,0.31515154242515564
21810,2175,0.052083518356084824
21820,2176,0.07128126174211502
21830,2177,0.04345583915710449
21840,2178,0.06551740318536758
21850,2179,0.06940790265798569
21860,2180,0.11989336460828781
21870,2181,0.09999248385429382
21880,2182,0.06755942106246948
21890,2183,0.050186917185783386
21900,2184,0.1658562272787094
21910,2185,0.22199754416942596
21920,2186,0.03501120209693909
21930,2187,0.10155779123306274
21940,2188,0.18652841448783875
21950,2189,0.123414546251297
21960,2190,0.09830359369516373
21970,2191,0.23613227903842926
21980,2192,0.041326265782117844
21990,2193,0.31122028827667236
22000,2194,0.1646638810634613
22010,2195,0.16145195066928864
22020,2196,0.17038124799728394
22030,2197,0.051592037081718445
22040,2198,0.19207382202148438
22050,2199,0.3194083571434021
22060,2200,0.07240506261587143
22070,2201,0.09469914436340332
22080,2202,0.14821471273899078
22090,2203,0.06794098019599915
22100,2204,0.1958947628736496
22110,2205,0.11970241367816925
22120,2206,0.06007340922951698
22130,2207,0.0890759527683258
22140,2208,0.04294384643435478
22150,2209,0.13141001760959625
22160,2210,0.3110876977443695
22170,2211,0.1773250848054886
22180,2212,0.2030945122241974
22190,2213,0.05076167359948158
22200,2214,0.2045837938785553
22210,2215,0.08387737721204758
22220,2216,0.15419583022594452
22230,2217,0.03689974173903465
22240,2218,0.05713290348649025
22250,2219,0.04062251001596451
22260,2220,0.18284708261489868
22270,2221,0.06066552549600601
22280,2222,0.1591455340385437
22290,2223,0.06486732512712479
22300,2224,0.09866494685411453
22310,2225,0.05664743483066559
22320,2226,0.013163959607481956
22330,2227,0.15045589208602905
22340,2228,0.08192677795886993
22350,2229,0.06981749087572098
22360,2230,0.03280653432011604
22370,2231,0.041926536709070206
22380,2232,0.1678733080625534
22390,2233,0.1754443645477295
22400,2234,0.13328181207180023
22410,2235,0.13742300868034363
22420,2236,0.10747914761304855
22430,2237,0.09777414798736572
22440,2238,0.11493778228759766
22450,2239,0.10233493149280548
22460,2240,0.10188286006450653
22470,2241,0.08684861660003662
22480,2242,0.44244304299354553
22490,2243,0.09596113115549088
22500,2244,0.12212095409631729
22510,2245,0.021956922486424446
22520,2246,0.013994180597364902
22530,2247,0.14138558506965637
22540,2248,0.08265367895364761
22550,2249,0.08437623083591461
22560,2250,0.14453798532485962
22570,2251,0.1265207678079605
22580,2252,0.21338950097560883
22590,2253,0.05394104868173599
22600,2254,0.10336557030677795
22610,2255,0.047055114060640335
22620,2256,0.2583361566066742
22630,2257,0.040950845927000046
22640,2258,0.08914154767990112
22650,2259,0.06654751300811768
22660,2260,0.14969481527805328
22670,2261,0.136168971657753
22680,2262,0.17142000794410706
22690,2263,0.15929365158081055
22700,2264,0.09653202444314957
22710,2265,0.049554549157619476
22720,2266,0.01547209918498993
22730,2267,0.11442020535469055
22740,2268,0.07174567133188248
22750,2269,0.07146812975406647
22760,2270,0.10981059074401855
22770,2271,0.23125794529914856
22780,2272,0.1404590904712677
22790,2273,0.04377593472599983
22800,2274,0.010043453425168991
22810,2275,0.03575411066412926
22820,2276,0.19301900267601013
22830,2277,0.10107119381427765
22840,2278,0.060392219573259354
22850,2279,0.07234856486320496
22860,2280,0.13676726818084717
22870,2281,0.10633758455514908
22880,2282,0.009519624523818493
22890,2283,0.16167357563972473
22900,2284,0.09279944002628326
22910,2285,0.02215232141315937
22920,2286,0.023331018164753914
22930,2287,0.1608530431985855
22940,2288,0.17622660100460052
22950,2289,0.11680610477924347
22960,2290,0.04507441446185112
22970,2291,0.07933143526315689
22980,2292,0.1616763323545456
22990,2293,0.2051878571510315
23000,2294,0.054799020290374756
23010,2295,0.09923141449689865
23020,2296,0.009479488246142864
23030,2297,0.014491792768239975
23040,2298,0.1466866433620453
23050,2299,0.018732862547039986
23060,2300,0.1732475310564041
23070,2301,0.11453044414520264
23080,2302,0.14014583826065063
23090,2303,0.05063087120652199
23100,2304,0.13654839992523193
23110,2305,0.0957493931055069
23120,2306,0.053412843495607376
23130,2307,0.013782829977571964
23140,2308,0.10917086899280548
23150,2309,0.15455174446105957
23160,2310,0.20521223545074463
23170,2311,0.007823578082025051
23180,2312,0.03637196123600006
23190,2313,0.14691856503486633
23200,2314,0.025768548250198364
23210,2315,0.07002067565917969
23220,2316,0.051807865500450134
23230,2317,0.17835770547389984
23240,2318,0.06178291514515877
23250,2319,0.0732855349779129
23260,2320,0.16437485814094543
23270,2321,0.022467564791440964
23280,2322,0.07630433142185211
23290,2323,0.034057896584272385
23300,2324,0.1296069175004959
23310,2325,0.22312265634536743
23320,2326,0.06760118156671524
23330,2327,0.08611435443162918
23340,2328,0.0045913509093225
23350,2329,0.1163247749209404
23360,2330,0.04690762236714363
23370,2331,5.9293906815582886e-05
23380,2332,0.03741458058357239
23390,2333,0.26664999127388
23400,2334,0.04498124122619629
23410,2335,0.11367864161729813
23420,2336,0.10971671342849731
23430,2337,0.02855660207569599
23440,2338,0.19923800230026245
23450,2339,0.08326829224824905
23460,2340,0.14564327895641327
23470,2341,0.017483465373516083
23480,2342,0.03776206821203232
23490,2343,0.02457335591316223
23500,2344,0.12090533971786499
23510,2345,0.09923921525478363
23520,2346,0.06718824803829193
23530,2347,0.1276661902666092
23540,2348,0.03333164006471634
23550,2349,0.1425492912530899
23560,2350,0.15662972629070282
23570,2351,0.24166911840438843
23580,2352,0.024622170254588127
23590,2353,0.09037650376558304
23600,2354,0.16147632896900177
23610,2355,0.02529527246952057
23620,2356,0.0050820899195969105
23630,2357,0.028194090351462364
23640,2358,0.23480156064033508
23650,2359,0.16037076711654663
23660,2360,0.16401545703411102
23670,2361,0.1445785015821457
23680,2362,0.20320037007331848
23690,2363,0.06947539001703262
23700,2364,0.06336076557636261
23710,2365,0.11202873289585114
23720,2366,0.02928059548139572
23730,2367,0.09640944004058838
23740,2368,0.11498798429965973
23750,2369,0.09323585778474808
23760,2370,0.11558142304420471
23770,2371,0.03854939341545105
23780,2372,0.07051534950733185
23790,2373,0.027808524668216705
23800,2374,0.08608304709196091
23810,2375,0.013974918983876705
23820,2376,0.01996125839650631
23830,2377,0.0587758868932724
23840,2378,0.10508113354444504
23850,2379,0.12789291143417358
23860,2380,0.1133042424917221
23870,2381,0.11621727049350739
23880,2382,0.113511823117733
23890,2383,0.03098619356751442
23900,2384,0.17077796161174774
23910,2385,0.06584969162940979
23920,2386,0.007914976216852665
23930,2387,0.03330465406179428
23940,2388,0.09517361223697662
23950,2389,0.08558916300535202
23960,2390,0.08534681051969528
23970,2391,0.18322418630123138
23980,2392,0.014399637468159199
23990,2393,0.08612482249736786
24000,2394,0.07383034378290176
24010,2395,0.0757124125957489
24020,2396,0.13248442113399506
24030,2397,0.10044508427381516
24040,2398,0.041868045926094055
24050,2399,0.049194518476724625
24060,2400,0.11084069311618805
24070,2401,0.0792396292090416
24080,2402,0.12329189479351044
24090,2403,0.03619244322180748
24100,2404,0.0887889713048935
24110,2405,0.129311203956604
24120,2406,0.0598769448697567
24130,2407,0.09432849287986755
24140,2408,0.02702154405415058
24150,2409,0.15996333956718445
24160,2410,0.04210289195179939
24170,2411,0.09553660452365875
24180,2412,0.07959412038326263
24190,2413,0.1669004261493683
24200,2414,0.10802845656871796
24210,2415,0.05939362943172455
24220,2416,0.009176256135106087
24230,2417,0.13902603089809418
24240,2418,0.12401489913463593
24250,2419,0.06147085130214691
24260,2420,0.13923539221286774
24270,2421,0.04474120959639549
24280,2422,0.05715787783265114
24290,2423,0.08148419111967087
24300,2424,0.045801423490047455
24310,2425,0.03591758385300636
24320,2426,0.1669880747795105
24330,2427,0.07966094464063644
24340,2428,0.19286535680294037
24350,2429,0.15925703942775726
24360,2430,0.06000494211912155
24370,2431,0.091413214802742
24380,2432,0.026973795145750046
24390,2433,3.068842488573864e-06
24400,2434,0.12659819424152374
24410,2435,0.04467322304844856
24420,2436,0.30930474400520325
24430,2437,0.10839089751243591
24440,2438,0.06394905596971512
24450,2439,0.07743058353662491
24460,2440,0.07293430715799332
24470,2441,0.04824472591280937
24480,2442,0.04406008869409561
24490,2443,0.02000279910862446
24500,2444,0.04659108817577362
24510,2445,0.21509118378162384
24520,2446,0.10217304527759552
24530,2447,0.188338965177536
24540,2448,0.18444783985614777
24550,2449,0.052820105105638504
24560,2450,0.031033754348754883
24570,2451,0.11356624960899353
24580,2452,0.09514683485031128
24590,2453,0.1825028955936432
24600,2454,0.052186667919158936
24610,2455,0.06817782670259476
24620,2456,0.10126031190156937
24630,2457,0.029932154342532158
24640,2458,0.06123922020196915
24650,2459,0.14202478528022766
24660,2460,0.0170527882874012
24670,2461,0.17615431547164917
24680,2462,0.13840778172016144
24690,2463,0.0884849950671196
24700,2464,0.2641725242137909
24710,2465,0.05397476628422737
24720,2466,0.10353027284145355
24730,2467,0.15343248844146729
24740,2468,0.08112388849258423
24750,2469,0.12148010730743408
24760,2470,0.07360658049583435
24770,2471,0.031128836795687675
24780,2472,0.05571085587143898
24790,2473,0.04608335718512535
24800,2474,0.058071598410606384
24810,2475,0.05322491377592087
24820,2476,0.003073464147746563
24830,2477,0.11074987798929214
24840,2478,0.056568488478660583
24850,2479,0.030225548893213272
24860,2480,0.04859868437051773
24870,2481,0.1006978303194046
24880,2482,0.03264585882425308
24890,2483,0.052565108984708786
24900,2484,0.07405242323875427
24910,2485,0.09268304705619812
24920,2486,0.14095765352249146
24930,2487,0.39526134729385376
24940,2488,0.1727064549922943
24950,2489,0.3602275252342224
24960,2490,0.08356858789920807
24970,2491,0.0803980603814125
24980,2492,0.052515290677547455
24990,2493,0.07276849448680878
25000,2494,0.09162529557943344
25010,2495,0.07712797075510025
25020,2496,0.04997917637228966
25030,2497,0.032050732523202896
25040,2498,0.14853714406490326
25050,2499,0.07931045442819595
25060,2500,0.020604923367500305
25070,2501,0.08567804843187332
25080,2502,0.07468099147081375
25090,2503,0.028264038264751434
25100,2504,0.12452150881290436
25110,2505,0.05499155819416046
25120,2506,0.20836091041564941
25130,2507,0.02546551451086998
25140,2508,0.09047463536262512
25150,2509,0.1870725303888321
25160,2510,0.041340675204992294
25170,2511,0.2138323336839676
25180,2512,0.12004704773426056
25190,2513,0.17349594831466675
25200,2514,0.0757729634642601
25210,2515,0.05143658071756363
25220,2516,0.03486782684922218
25230,2517,0.05193166434764862
25240,2518,0.02839794009923935
25250,2519,0.17189304530620575
25260,2520,0.06401130557060242
25270,2521,0.13045233488082886
25280,2522,0.0874282568693161
25290,2523,0.16320665180683136
25300,2524,0.05439761281013489
25310,2525,0.019304923713207245
25320,2526,0.1502431482076645
25330,2527,0.10331188142299652
25340,2528,0.17603161931037903
25350,2529,0.041985608637332916
25360,2530,0.09161167591810226
25370,2531,0.0436931774020195
25380,2532,0.15033623576164246
25390,2533,0.017472613602876663
25400,2534,0.16308100521564484
25410,2535,0.26466047763824463
25420,2536,0.0897364541888237
25430,2537,0.038774628192186356
25440,2538,0.15038856863975525
25450,2539,0.08359895646572113
25460,2540,0.001110317651182413
25470,2541,0.01572495885193348
25480,2542,0.02471284009516239
25490,2543,0.049844007939100266
25500,2544,0.057150304317474365
25510,2545,0.049995046108961105
25520,2546,0.11075923591852188
25530,2547,0.025265637785196304
25540,2548,0.0003097979642916471
25550,2549,0.03779664635658264
25560,2550,0.08564718812704086
25570,2551,0.11402209848165512
25580,2552,0.056481290608644485
25590,2553,0.025624772533774376
25600,2554,0.12454372644424438
25610,2555,0.23084008693695068
25620,2556,0.019386691972613335
25630,2557,0.05769338831305504
25640,2558,0.03853895142674446
25650,2559,0.15792807936668396
25660,2560,0.06476438045501709
25670,2561,0.1422351598739624
25680,2562,0.015431124716997147
25690,2563,0.19301088154315948
25700,2564,0.01698596030473709
25710,2565,0.025291182100772858
25720,2566,0.07967261224985123
25730,2567,0.008991837501525879
25740,2568,0.07999902218580246
25750,2569,0.1892327070236206
25760,2570,0.02106427028775215
25770,2571,0.13509692251682281
25780,2572,0.0631234273314476
25790,2573,0.10287756472826004
25800,2574,0.04860023409128189
25810,2575,0.10760575532913208
25820,2576,0.15111412107944489
25830,2577,0.09586958587169647
25840,2578,0.19219864904880524
25850,2579,0.1271798461675644
25860,2580,0.10093431174755096
25870,2581,0.04867670685052872
25880,2582,0.06065969541668892
25890,2583,0.1164107397198677
25900,2584,0.10479967296123505
25910,2585,0.08001109957695007
25920,2586,0.018994972109794617
25930,2587,0.19823546707630157
25940,2588,0.0492587611079216
25950,2589,0.09563054144382477
25960,2590,0.2538159489631653
25970,2591,0.04327007010579109
25980,2592,0.11099718511104584
25990,2593,0.061842747032642365
26000,2594,0.21919885277748108
26010,2595,0.16949394345283508
26020,2596,0.1428646594285965
26030,2597,0.10430797189474106
26040,2598,0.05970201641321182
26050,2599,0.08394896984100342
26060,2600,0.06496677547693253
26070,2601,0.06566924601793289
26080,2602,0.03209028020501137
26090,2603,0.10679779946804047
26100,2604,0.07284638285636902
26110,2605,0.12948371469974518
26120,2606,0.1269003450870514
26130,2607,0.0823264792561531
26140,2608,0.007868336513638496
26150,2609,0.0358915776014328
26160,2610,0.2284431904554367
26170,2611,0.052420005202293396
26180,2612,0.10830694437026978
26190,2613,0.06477922201156616
26200,2614,0.07541429251432419
26210,2615,0.048980340361595154
26220,2616,0.10304295271635056
26230,2617,0.10532326996326447
26240,2618,0.021149924024939537
26250,2619,0.06738005578517914
26260,2620,0.09350265562534332
26270,2621,0.09930018335580826
26280,2622,0.11946236342191696
26290,2623,0.10937552154064178
26300,2624,0.1187344491481781
26310,2625,0.22859002649784088
26320,2626,0.04138466715812683
26330,2627,0.08860256522893906
26340,2628,0.08667780458927155
26350,2629,0.0685822069644928
26360,2630,0.12732242047786713
26370,2631,0.03695984184741974
26380,2632,0.21667060256004333
26390,2633,0.10784746706485748
26400,2634,0.24108438193798065
26410,2635,0.10027708858251572
26420,2636,0.04950205236673355
26430,2637,0.009676652029156685
26440,2638,0.23725971579551697
26450,2639,0.03829224035143852
26460,2640,0.31313833594322205
26470,2641,0.054490767419338226
26480,2642,0.04019284248352051
26490,2643,0.12688559293746948
26500,2644,0.09354975074529648
26510,2645,0.0784263014793396
26520,2646,0.04238966852426529
26530,2647,0.18536731600761414
26540,2648,0.16982302069664001
26550,2649,0.09824695438146591
26560,2650,0.027225354686379433
26570,2651,0.03309308737516403
26580,2652,0.11864957958459854
26590,2653,0.04120542109012604
26600,2654,0.08479810506105423
26610,2655,0.03411480411887169
26620,2656,0.1474790871143341
26630,2657,0.04519490897655487
26640,2658,0.10144198685884476
26650,2659,0.06563543528318405
26660,2660,0.10277687758207321
26670,2661,0.1449691206216812
26680,2662,0.056094881147146225
26690,2663,0.1124977171421051
26700,2664,0.034285660833120346
26710,2665,0.03237520158290863
26720,2666,0.03335728496313095
26730,2667,0.08079659938812256
26740,2668,0.0573398657143116
26750,2669,0.14559441804885864
26760,2670,0.05993182957172394
26770,2671,0.12419509142637253
26780,2672,0.13762877881526947
26790,2673,0.039388302713632584
26800,2674,0.08284083753824234
26810,2675,0.008239085786044598
26820,2676,0.13981503248214722
26830,2677,0.009997589513659477
26840,2678,0.008303886279463768
26850,2679,0.12704071402549744
26860,2680,0.10659153014421463
26870,2681,0.12613996863365173
26880,2682,0.08577904850244522
26890,2683,0.1454191505908966
26900,2684,0.05620841681957245
26910,2685,0.1551889032125473
26920,2686,0.07934362441301346
26930,2687,0.040776193141937256
26940,2688,0.07165466994047165
26950,2689,0.11158281564712524
26960,2690,0.09553976356983185
26970,2691,0.2476511299610138
26980,2692,0.18851634860038757
26990,2693,0.19759385287761688
27000,2694,0.13257528841495514
27010,2695,0.0661383643746376
27020,2696,0.12404890358448029
27030,2697,0.029447926208376884
27040,2698,0.06443876773118973
27050,2699,0.032414838671684265
27060,2700,0.1462121605873108
27070,2701,0.15317592024803162
27080,2702,0.12291471660137177
27090,2703,0.10393163561820984
27100,2704,0.1256977915763855
27110,2705,0.20549289882183075
27120,2706,0.024967802688479424
27130,2707,0.02986343391239643
27140,2708,0.10299307852983475
27150,2709,0.0384298637509346
27160,2710,0.05595937743782997
27170,2711,0.031017867848277092
27180,2712,0.09496242552995682
27190,2713,0.03932695835828781
27200,2714,0.11574821919202805
27210,2715,0.068931445479393
27220,2716,0.0842265635728836
27230,2717,0.12433230876922607
27240,2718,0.06981348246335983
27250,2719,0.0680064857006073
27260,2720,0.12525659799575806
27270,2721,0.1128963977098465
27280,2722,0.02492467314004898
27290,2723,0.017815198749303818
27300,2724,0.12838317453861237
27310,2725,0.1500009000301361
27320,2726,0.06786796450614929
27330,2727,0.22501659393310547
27340,2728,0.03638342395424843
27350,2729,0.07717527449131012
27360,2730,0.05271901562809944
27370,2731,0.00984756089746952
27380,2732,0.12235670536756516
27390,2733,0.11012867093086243
27400,2734,0.2361200749874115
27410,2735,0.08432654291391373
27420,2736,0.09754571318626404
27430,2737,0.22669503092765808
27440,2738,0.10400228947401047
27450,2739,0.016244178637862206
27460,2740,0.04642002284526825
27470,2741,0.10161272436380386
27480,2742,0.07960741966962814
27490,2743,0.16712933778762817
27500,2744,0.04194817692041397
27510,2745,0.14873842895030975
27520,2746,0.13377141952514648
27530,2747,0.11842267960309982
27540,2748,0.08548983186483383
27550,2749,0.23856179416179657
27560,2750,0.06660158187150955
27570,2751,0.024296008050441742
27580,2752,0.13163617253303528
27590,2753,0.12268681079149246
27600,2754,0.051789723336696625
27610,2755,0.10336610674858093
27620,2756,0.08316288888454437
27630,2757,0.01824980042874813
27640,2758,0.09928864240646362
27650,2759,0.08632219582796097
27660,2760,0.0457562580704689
27670,2761,0.05383600294589996
27680,2762,0.10297088325023651
27690,2763,0.08304601907730103
27700,2764,0.14292527735233307
27710,2765,0.16579443216323853
27720,2766,0.15459361672401428
27730,2767,0.04403240606188774
27740,2768,0.11073577404022217
27750,2769,0.2099609524011612
27760,2770,0.10615753382444382
27770,2771,0.11360146850347519
27780,2772,0.2237471640110016
27790,2773,0.058563318103551865
27800,2774,0.11295561492443085
27810,2775,0.06589622795581818
27820,2776,0.04045451059937477
27830,2777,0.1493614763021469
27840,2778,0.039457302540540695
27850,2779,0.2278602123260498
27860,2780,0.052764590829610825
27870,2781,0.06009454280138016
27880,2782,0.10002347081899643
27890,2783,0.04435510188341141
27900,2784,0.09615828841924667
27910,2785,0.06463126093149185
27920,2786,0.08818402886390686
27930,2787,0.32115867733955383
27940,2788,0.1666935384273529
27950,2789,0.1074381098151207
27960,2790,0.022051574662327766
27970,2791,0.09592962265014648
27980,2792,0.11462895572185516
27990,2793,0.1459280550479889
28000,2794,0.0017423344543203712
28010,2795,0.1169016882777214
28020,2796,0.19950589537620544
28030,2797,0.06891854107379913
28040,2798,0.14793069660663605
28050,2799,0.1178145706653595
28060,2800,0.021581174805760384
28070,2801,0.18179118633270264
28080,2802,0.15176814794540405
28090,2803,0.039484791457653046
28100,2804,0.1510637104511261
28110,2805,0.04606711491942406
28120,2806,0.2577735483646393
28130,2807,0.004015298560261726
28140,2808,0.05258539319038391
28150,2809,0.12265004962682724
28160,2810,0.08613152801990509
28170,2811,0.052354853600263596
28180,2812,0.17265741527080536
28190,2813,0.037691470235586166
28200,2814,0.13275869190692902
28210,2815,0.17432118952274323
28220,2816,0.029540488496422768
28230,2817,0.08134458214044571
28240,2818,0.07645557075738907
28250,2819,0.15727336704730988
28260,2820,0.047514330595731735
28270,2821,0.07658983767032623
28280,2822,0.13086706399917603
28290,2823,0.18627817928791046
28300,2824,0.025206416845321655
28310,2825,0.1468690037727356
28320,2826,0.11056165397167206
28330,2827,0.08625485002994537
28340,2828,0.19954237341880798
28350,2829,0.03919065743684769
28360,2830,0.0699068084359169
28370,2831,0.1724693477153778
28380,2832,0.2234029471874237
28390,2833,0.09231214970350266
28400,2834,0.062038347125053406
28410,2835,0.0774066373705864
28420,2836,0.08669134974479675
28430,2837,0.037866611033678055
28440,2838,0.07379812747240067
28450,2839,0.06473254412412643
28460,2840,0.03016253560781479
28470,2841,0.05135965719819069
28480,2842,0.20454637706279755
28490,2843,0.02724689617753029
28500,2844,0.09178268164396286
28510,2845,0.20172274112701416
28520,2846,0.038949333131313324
28530,2847,0.20933416485786438
28540,2848,0.20024779438972473
28550,2849,0.16255933046340942
28560,2850,0.03712902590632439
28570,2851,0.019891859963536263
28580,2852,0.10682427883148193
28590,2853,0.13586419820785522
28600,2854,0.1601649522781372
28610,2855,0.10216068476438522
28620,2856,0.054690808057785034
28630,2857,0.0817488506436348
28640,2858,0.07930798828601837
28650,2859,0.03061414137482643
28660,2860,0.05061979964375496
28670,2861,0.019372452050447464
28680,2862,0.11865899711847305
28690,2863,0.08064292371273041
28700,2864,0.08391216397285461
28710,2865,0.07458341866731644
28720,2866,0.07330896705389023
28730,2867,0.12373243272304535
28740,2868,0.12915512919425964
28750,2869,0.03706692159175873
28760,2870,0.028683483600616455
28770,2871,0.04737204313278198
28780,2872,0.12561377882957458
28790,2873,0.06662152707576752
28800,2874,0.23618893325328827
28810,2875,0.16052448749542236
28820,2876,0.08668612688779831
28830,2877,0.06429611146450043
28840,2878,0.1555277556180954
28850,2879,0.029236480593681335
28860,2880,0.1760748028755188
28870,2881,0.12589159607887268
28880,2882,0.2621678113937378
28890,2883,0.18872764706611633
28900,2884,0.1729559749364853
28910,2885,0.05727916955947876
28920,2886,0.08108586072921753
28930,2887,0.1713663637638092
28940,2888,0.12125683575868607
28950,2889,0.09366019815206528
28960,2890,0.07070918381214142
28970,2891,0.04060671105980873
28980,2892,0.1639091670513153
28990,2893,0.0486309640109539
29000,2894,0.015785610303282738
29010,2895,0.04565120488405228
29020,2896,0.11519507318735123
29030,2897,0.0934537723660469
29040,2898,0.03901783004403114
29050,2899,0.0841330885887146
29060,2900,0.07942460477352142
29070,2901,0.07811116427183151
29080,2902,0.0781179741024971
29090,2903,0.18633434176445007
29100,2904,0.16163623332977295
29110,2905,0.13845191895961761
29120,2906,0.06047949939966202
29130,2907,0.31963488459587097
29140,2908,0.08888831734657288
29150,2909,0.06718466430902481
29160,2910,0.02404816634953022
29170,2911,0.16070957481861115
29180,2912,0.13483695685863495
29190,2913,0.07170726358890533
29200,2914,0.0005995439132675529
29210,2915,0.09804564714431763
29220,2916,0.06291446834802628
29230,2917,0.03521401807665825
29240,2918,0.07389529049396515
29250,2919,0.10040855407714844
29260,2920,0.19329102337360382
29270,2921,0.023391690105199814
29280,2922,0.0421040914952755
29290,2923,0.13869747519493103
29300,2924,0.04188477620482445
29310,2925,0.025136766955256462
29320,2926,0.07928074896335602
29330,2927,0.04973593354225159
29340,2928,0.09006699174642563
29350,2929,0.09648434817790985
29360,2930,0.04324357211589813
29370,2931,0.1491214781999588
29380,2932,0.04730284586548805
29390,2933,0.07322017103433609
29400,2934,0.012777047231793404
29410,2935,0.011267491616308689
29420,2936,0.10121144354343414
29430,2937,0.0496855303645134
29440,2938,0.19695055484771729
29450,2939,0.20652785897254944
29460,2940,0.010765854269266129
29470,2941,0.02369215525686741
29480,2942,0.04270179569721222
29490,2943,0.1912011057138443
29500,2944,0.022647924721240997
29510,2945,0.22779281437397003
29520,2946,0.08863094449043274
29530,2947,0.10214108973741531
29540,2948,0.30395618081092834
29550,2949,0.10710280388593674
29560,2950,0.23934662342071533
29570,2951,0.1814614236354828
29580,2952,0.002977194497361779
29590,2953,0.07118726521730423
29600,2954,0.06877752393484116
29610,2955,0.0845910906791687
29620,2956,0.15072807669639587
29630,2957,0.0776980072259903
29640,2958,0.09157691150903702
29650,2959,0.15573352575302124
29660,2960,0.019284458830952644
29670,2961,0.0916985347867012
29680,2962,0.1191985085606575
29690,2963,0.10796082764863968
29700,2964,0.09602245688438416
29710,2965,0.11917158216238022
29720,2966,0.12492317706346512
29730,2967,0.03310402110219002
29740,2968,0.04551722854375839
29750,2969,0.04615762084722519
29760,2970,0.03981812670826912
29770,2971,0.06973422318696976
29780,2972,0.16447219252586365
29790,2973,0.16098253428936005
29800,2974,0.21072585880756378
29810,2975,0.014072075486183167
29820,2976,0.022551247850060463
29830,2977,0.03781185299158096
29840,2978,0.12650711834430695
29850,2979,0.015988105908036232
29860,2980,0.03720711171627045
29870,2981,0.011299597099423409
29880,2982,0.04645527899265289
29890,2983,0.08224280923604965
29900,2984,0.1829746961593628
29910,2985,0.09491508454084396
29920,2986,0.08235835283994675
29930,2987,0.02775196172297001
29940,2988,0.2054866999387741
29950,2989,0.23911702632904053
29960,2990,0.11169752478599548
29970,2991,0.2341829091310501
29980,2992,0.14811760187149048
29990,2993,0.0724540427327156
30000,2994,0.06888127326965332
30010,2995,0.0899965688586235
30020,2996,0.17563600838184357
30030,2997,0.0965229943394661
30040,2998,0.09407861530780792
30050,2999,0.07913602888584137
30060,3000,0.09214167296886444
30070,3001,0.21537764370441437
30080,3002,0.1434236764907837
30090,3003,0.05262147635221481
30100,3004,0.14666685461997986
30110,3005,0.10430240631103516
30120,3006,0.02963170036673546
30130,3007,0.13867956399917603
30140,3008,0.1158197894692421
30150,3009,0.21942993998527527
30160,3010,0.020117847248911858
30170,3011,0.05439666286110878
30180,3012,0.08291266113519669
30190,3013,0.10805462300777435
30200,3014,0.07705675810575485
30210,3015,0.08498328924179077
30220,3016,0.07223248481750488
30230,3017,0.07419032603502274
30240,3018,0.08762135356664658
30250,3019,0.1451476812362671
30260,3020,0.03274717181921005
30270,3021,0.06114807724952698
30280,3022,0.2248348891735077
30290,3023,0.08226726949214935
30300,3024,0.11612291634082794
30310,3025,0.09468985348939896
30320,3026,0.12990035116672516
30330,3027,0.06593285501003265
30340,3028,0.03686731308698654
30350,3029,0.15699303150177002
30360,3030,0.13245679438114166
30370,3031,0.198954775929451
30380,3032,0.1422930508852005
30390,3033,0.10012522339820862
30400,3034,0.15635958313941956
30410,3035,1.4859388102195226e-06
30420,3036,0.07425833493471146
30430,3037,0.04270512983202934
30440,3038,0.05973714217543602
30450,3039,0.1582096368074417
30460,3040,0.1602732092142105
30470,3041,0.10836943984031677
30480,3042,0.29779288172721863
30490,3043,0.14658382534980774
30500,3044,0.10680877417325974
30510,3045,0.08842376619577408
30520,3046,0.05860106647014618
30530,3047,0.20468541979789734
30540,3048,0.10431986302137375
30550,3049,0.09721262007951736
30560,3050,0.014649072661995888
30570,3051,0.11293327063322067
30580,3052,0.1250409483909607
30590,3053,0.10348042845726013
30600,3054,0.011984854005277157
30610,3055,0.043795324862003326
30620,3056,0.09189122170209885
30630,3057,0.03554631397128105
30640,3058,0.15060582756996155
30650,3059,0.06624431163072586
30660,3060,0.12495395541191101
30670,3061,0.19136974215507507
30680,3062,0.1301908791065216
30690,3063,0.038955505937337875
30700,3064,0.058760736137628555
30710,3065,0.17123159766197205
30720,3066,0.05009849742054939
30730,3067,0.14102230966091156
30740,3068,0.19251683354377747
30750,3069,0.09891748428344727
30760,3070,0.22793495655059814
30770,3071,0.22297237813472748
30780,3072,0.11791983991861343
30790,3073,0.3233383297920227
30800,3074,0.05176439881324768
30810,3075,0.1730782836675644
30820,3076,0.09244564920663834
30830,3077,0.15184232592582703
30840,3078,0.13376541435718536
30850,3079,0.0818684920668602
30860,3080,0.07372912764549255
30870,3081,0.0891231894493103
30880,3082,0.05455109104514122
30890,3083,0.27192455530166626
30900,3084,0.15383881330490112
30910,3085,0.030115723609924316
30920,3086,0.18056944012641907
30930,3087,0.1834377497434616
30940,3088,0.07999677211046219
30950,3089,0.10419543087482452
30960,3090,0.17638933658599854
30970,3091,0.1974656730890274
30980,3092,0.11513916403055191
30990,3093,0.3511146008968353
31000,3094,0.14627686142921448
31010,3095,0.06502333283424377
31020,3096,0.1624227911233902
31030,3097,0.38703566789627075
31040,3098,0.20615924894809723
31050,3099,0.12449565529823303
31060,3100,0.07007377594709396
31070,3101,0.16499343514442444
31080,3102,0.128641277551651
31090,3103,0.009563742205500603
31100,3104,0.1535676121711731
31110,3105,0.11794514954090118
31120,3106,0.22004348039627075
31130,3107,0.19076798856258392
31140,3108,0.06109342724084854
31150,3109,0.3695048987865448
31160,3110,0.1560942679643631
31170,3111,0.014224306680262089
31180,3112,0.03765159472823143
31190,3113,0.10034438967704773
31200,3114,0.20288069546222687
31210,3115,0.09505775570869446
31220,3116,0.1070781722664833
31230,3117,0.19044353067874908
31240,3118,0.16359281539916992
31250,3119,0.12127761542797089
31260,3120,0.24832656979560852
31270,3121,0.04764808341860771
31280,3122,0.1525716483592987
31290,3123,0.019442034885287285
31300,3124,0.06589730083942413
31310,3125,0.23583725094795227
31320,3126,0.2918294668197632
31330,3127,0.13797566294670105
31340,3128,0.16917093098163605
31350,3129,0.08148705214262009
31360,3130,0.14514747262001038
31370,3131,0.36409100890159607
31380,3132,0.14882159233093262
31390,3133,0.2853734791278839
31400,3134,0.28565725684165955
31410,3135,0.1792304962873459
31420,3136,0.13861186802387238
31430,3137,0.0863204374909401
31440,3138,0.25141599774360657
31450,3139,0.25990191102027893
31460,3140,0.11791910231113434
31470,3141,0.17912784218788147
31480,3142,0.05798277631402016
31490,3143,0.12180681526660919
31500,3144,0.045215532183647156
31510,3145,0.07194436341524124
31520,3146,0.039929673075675964
31530,3147,0.13286161422729492
31540,3148,0.17527490854263306
31550,3149,0.1479705274105072
31560,3150,0.08977746963500977
31570,3151,0.09140082448720932
31580,3152,0.036625802516937256
31590,3153,0.10648121684789658
31600,3154,0.07405750453472137
31610,3155,0.2670401632785797
31620,3156,0.03646886348724365
31630,3157,0.13262011110782623
31640,3158,0.17133724689483643
31650,3159,0.10057035088539124
31660,3160,0.17907977104187012
31670,3161,0.10580814629793167
31680,3162,0.1283618062734604
31690,3163,0.04641672223806381
31700,3164,0.24173377454280853
31710,3165,0.09228504449129105
31720,3166,0.30833157896995544
31730,3167,0.09999194741249084
31740,3168,0.176454558968544
31750,3169,0.27146482467651367
31760,3170,0.10719064623117447
31770,3171,0.1956217885017395
31780,3172,0.12829706072807312
31790,3173,0.30777186155319214
31800,3174,0.13419775664806366
31810,3175,0.06641865521669388
31820,3176,0.08094090223312378
31830,3177,0.06025285646319389
31840,3178,0.19281785190105438
31850,3179,0.29549476504325867
31860,3180,0.1308051496744156
31870,3181,0.20156297087669373
31880,3182,0.08918256312608719
31890,3183,0.10526575893163681
31900,3184,0.2497245818376541
31910,3185,0.14422476291656494
31920,3186,0.2736816704273224
31930,3187,0.15345890820026398
31940,3188,0.14876367151737213
31950,3189,0.2506099343299866
31960,3190,0.0704558715224266
31970,3191,0.11178624629974365
31980,3192,0.07676095515489578
31990,3193,0.08434095978736877
32000,3194,0.07157611846923828
32010,3195,0.2431262582540512
32020,3196,0.2425907552242279
32030,3197,0.08768326044082642
32040,3198,0.09307818859815598
32050,3199,0.08997165411710739
32060,3200,0.09652212262153625
32070,3201,0.085497185587883
32080,3202,0.13835115730762482
32090,3203,0.10708664357662201
32100,3204,0.16220887005329132
32110,3205,0.12748552858829498
32120,3206,0.1494770497083664
32130,3207,0.16048957407474518
32140,3208,0.12606796622276306
32150,3209,0.13762833178043365
32160,3210,0.10793430358171463
32170,3211,0.31512999534606934
32180,3212,0.05647740513086319
32190,3213,0.05617636814713478
32200,3214,0.12464804947376251
32210,3215,0.17904075980186462
32220,3216,0.0958573967218399
32230,3217,0.0384218655526638
32240,3218,0.1634046733379364
32250,3219,0.08100995421409607
32260,3220,0.06594772636890411
32270,3221,0.08632802963256836
32280,3222,0.23632459342479706
32290,3223,0.08840698003768921
32300,3224,0.09335624426603317
32310,3225,0.3121965527534485
32320,3226,0.42020905017852783
32330,3227,0.2059326171875
32340,3228,0.022550297901034355
32350,3229,0.12137605249881744
32360,3230,0.399186909198761
32370,3231,0.13580705225467682
32380,3232,0.1630702018737793
32390,3233,0.14569082856178284
32400,3234,0.21402490139007568
32410,3235,0.17495694756507874
32420,3236,0.12812039256095886
32430,3237,0.19309930503368378
32440,3238,0.035531558096408844
32450,3239,0.17903384566307068
32460,3240,0.20908591151237488
32470,3241,0.14369377493858337
32480,3242,0.06162036955356598
32490,3243,0.28790533542633057
32500,3244,0.11039440333843231
32510,3245,0.0773225724697113
32520,3246,0.1531650573015213
32530,3247,0.38256797194480896
32540,3248,0.21199333667755127
32550,3249,0.05092497915029526
32560,3250,0.06898583471775055
32570,3251,0.06958383321762085
32580,3252,0.15834054350852966
32590,3253,0.17277038097381592
32600,3254,0.09037487208843231
32610,3255,0.10848581790924072
32620,3256,0.12978588044643402
32630,3257,0.12407512962818146
32640,3258,0.2564429044723511
32650,3259,0.08894968032836914
32660,3260,0.06979577243328094
32670,3261,0.02892962656915188
32680,3262,0.1531481146812439
32690,3263,0.10403566062450409
32700,3264,0.19888977706432343
32710,3265,0.20011678338050842
32720,3266,0.23091641068458557
32730,3267,0.14096203446388245
32740,3268,0.11193670332431793
32750,3269,0.1019214317202568
32760,3270,0.16726839542388916
32770,3271,0.1562909483909607
32780,3272,0.11968109011650085
32790,3273,0.18442454934120178
32800,3274,0.1473255157470703
32810,3275,0.100487619638443
32820,3276,0.21585041284561157
32830,3277,0.14316292107105255
32840,3278,0.17703090608119965
32850,3279,0.0975455492734909
32860,3280,0.28201404213905334
32870,3281,0.26261261105537415
32880,3282,0.15316730737686157
32890,3283,0.12352702766656876
32900,3284,0.17037492990493774
32910,3285,0.10110681504011154
32920,3286,0.19399678707122803
32930,3287,0.18390291929244995
32940,3288,0.09814427047967911
32950,3289,0.15445029735565186
32960,3290,0.06409727036952972
32970,3291,0.07151488959789276
32980,3292,0.23416072130203247
32990,3293,0.13910089433193207
33000,3294,0.026381252333521843
33010,3295,0.2069401890039444
33020,3296,0.20057016611099243
33030,3297,0.19772067666053772
33040,3298,0.16644921898841858
33050,3299,0.09313514828681946
33060,3300,0.08019893616437912
33070,3301,0.16102108359336853
33080,3302,0.3020029067993164
33090,3303,0.3547493517398834
33100,3304,0.19952818751335144
33110,3305,0.09583554416894913
33120,3306,0.2247786819934845
33130,3307,0.13755542039871216
33140,3308,0.21106338500976562
33150,3309,0.12026999890804291
33160,3310,0.1159033253788948
33170,3311,0.18320156633853912
33180,3312,0.16832035779953003
33190,3313,0.05733566731214523
33200,3314,0.2305573672056198
33210,3315,0.2487262338399887
33220,3316,0.23562157154083252
33230,3317,0.10030893236398697
33240,3318,0.15553916990756989
33250,3319,0.2648995816707611
33260,3320,0.18509912490844727
33270,3321,0.06863832473754883
33280,3322,0.03649429976940155
33290,3323,0.1961863934993744
33300,3324,0.3003125488758087
33310,3325,0.040887877345085144
33320,3326,0.12449469417333603
33330,3327,0.23670119047164917
33340,3328,0.07241520285606384
33350,3329,0.17800693213939667
33360,3330,0.2090226113796234
33370,3331,0.14569781720638275
33380,3332,0.18165917694568634
33390,3333,0.10598292201757431
33400,3334,0.12511807680130005
33410,3335,0.1581854522228241
33420,3336,0.3788589537143707
33430,3337,0.26453977823257446
33440,3338,0.14681321382522583
33450,3339,0.07222455739974976
33460,3340,0.037467535585165024
33470,3341,0.40781867504119873
33480,3342,0.07632345706224442
33490,3343,0.2763703167438507
33500,3344,0.2133323848247528
33510,3345,0.13786356151103973
33520,3346,0.08303852379322052
33530,3347,0.09171363711357117
33540,3348,0.13277855515480042
33550,3349,0.13247467577457428
33560,3350,0.33330416679382324
33570,3351,0.15959447622299194
33580,3352,0.07990133762359619
33590,3353,0.14652343094348907
33600,3354,0.08281858265399933
33610,3355,0.1551755666732788
33620,3356,0.04224225506186485
33630,3357,0.3583139479160309
33640,3358,0.3603861927986145
33650,3359,0.29586172103881836
33660,3360,0.17419856786727905
33670,3361,0.16175305843353271
33680,3362,0.20774215459823608
33690,3363,0.43429914116859436
33700,3364,0.17811685800552368
33710,3365,0.1979457139968872
33720,3366,0.12310630828142166
33730,3367,0.1406792253255844
33740,3368,0.20409369468688965
33750,3369,0.2325495034456253
33760,3370,0.2711455821990967
33770,3371,0.10757069289684296
33780,3372,0.11047407239675522
33790,3373,0.2353881448507309
33800,3374,0.256802499294281
33810,3375,0.11832965165376663
33820,3376,0.043331634253263474
33830,3377,0.1255638301372528
33840,3378,0.2090236246585846
33850,3379,0.23577521741390228
33860,3380,0.25719207525253296
33870,3381,0.290361613035202
33880,3382,0.20390331745147705
33890,3383,0.3315989375114441
33900,3384,0.24148906767368317
33910,3385,0.3650628328323364
33920,3386,0.2762052118778229
33930,3387,0.021942194551229477
33940,3388,0.15870022773742676
33950,3389,0.1389111578464508
33960,3390,0.15567174553871155
33970,3391,0.24162599444389343
33980,3392,0.31085923314094543
33990,3393,0.11158378422260284
34000,3394,0.19873231649398804
34010,3395,0.3073907792568207
34020,3396,0.11417949199676514
34030,3397,0.1885492503643036
34040,3398,0.2761373221874237
34050,3399,0.20947743952274323
34060,3400,0.27051278948783875
34070,3401,0.2776099741458893
34080,3402,0.38561660051345825
34090,3403,0.33706721663475037
34100,3404,0.3479993939399719
34110,3405,0.20309382677078247
34120,3406,0.2349599003791809
34130,3407,0.2771683633327484
34140,3408,0.2206990271806717
34150,3409,0.16055092215538025
34160,3410,0.049536481499671936
34170,3411,0.14828553795814514
34180,3412,0.12300961464643478
34190,3413,0.2854776382446289
34200,3414,0.17202211916446686
34210,3415,0.17427466809749603
34220,3416,0.23810862004756927
34230,3417,0.18120422959327698
34240,3418,0.20102021098136902
34250,3419,0.10481449216604233
34260,3420,0.2317020446062088
34270,3421,0.16671212017536163
34280,3422,0.1977178007364273
34290,3423,0.17512395977973938
34300,3424,0.07491261512041092
34310,3425,0.1072501465678215
34320,3426,0.15742772817611694
34330,3427,0.414656400680542
34340,3428,0.06018851697444916
34350,3429,0.2892148792743683
34360,3430,0.17818672955036163
34370,3431,0.2115975171327591
34380,3432,0.07616870105266571
34390,3433,0.18893778324127197
34400,3434,0.3427705466747284
34410,3435,0.3140026926994324
34420,3436,0.20201393961906433
34430,3437,0.19699746370315552
34440,3438,0.09533728659152985
34450,3439,0.2030758261680603
34460,3440,0.08022814989089966
34470,3441,0.07495137304067612
34480,3442,0.218886137008667
34490,3443,0.17659185826778412
34500,3444,0.11372572183609009
34510,3445,0.4175443649291992
34520,3446,0.15836681425571442
34530,3447,0.21192730963230133
34540,3448,0.14300893247127533
34550,3449,0.07866597175598145
34560,3450,0.2455287128686905
34570,3451,0.1680000275373459
34580,3452,0.27098867297172546
34590,3453,0.21248748898506165
34600,3454,0.14945130050182343
34610,3455,0.3107653260231018
34620,3456,0.2261504977941513
34630,3457,0.17117522656917572
34640,3458,0.1892288625240326
34650,3459,0.10389997065067291
34660,3460,0.124579519033432
34670,3461,0.13200224936008453
34680,3462,0.3102329671382904
34690,3463,0.11672917008399963
34700,3464,0.19472236931324005
34710,3465,0.15874770283699036
34720,3466,0.21826721727848053
34730,3467,0.11807125806808472
34740,3468,0.2535155415534973
34750,3469,0.23204082250595093
34760,3470,0.37740060687065125
34770,3471,0.1661110818386078
34780,3472,0.6045103669166565
34790,3473,0.26928240060806274
34800,3474,0.17310932278633118
34810,3475,0.06702962517738342
34820,3476,0.36980682611465454
34830,3477,0.2867525517940521
34840,3478,0.39167511463165283
34850,3479,0.1474168598651886
34860,3480,0.21535152196884155
34870,3481,0.1627233922481537
34880,3482,0.2798946499824524
34890,3483,0.4288475215435028
34900,3484,0.2649393677711487
34910,3485,0.2068493515253067
34920,3486,0.276375949382782
34930,3487,0.12940356135368347
34940,3488,0.30244335532188416
34950,3489,0.2806439995765686
34960,3490,0.13327506184577942
34970,3491,0.05326477065682411
34980,3492,0.21744981408119202
34990,3493,0.10930334776639938
35000,3494,0.3206346929073334
35010,3495,0.3089066445827484
35020,3496,0.16297166049480438
35030,3497,0.037909671664237976
35040,3498,0.33872249722480774
35050,3499,0.0728302150964737
35060,3500,0.31287533044815063
35070,3501,0.16881400346755981
35080,3502,0.23864638805389404
35090,3503,0.18145637214183807
35100,3504,0.24549530446529388
35110,3505,0.11987963318824768
35120,3506,0.19557395577430725
35130,3507,0.15769319236278534
35140,3508,0.21094031631946564
35150,3509,0.23085251450538635
35160,3510,0.03767738491296768
35170,3511,0.11685384809970856
35180,3512,0.36133337020874023
35190,3513,0.26556262373924255
35200,3514,0.1526423990726471
35210,3515,0.2354055792093277
35220,3516,0.17735908925533295
35230,3517,0.258084237575531
35240,3518,0.17975948750972748
35250,3519,0.035736728459596634
35260,3520,0.20511871576309204
35270,3521,0.42681777477264404
35280,3522,0.2141653448343277
35290,3523,0.2175823599100113
35300,3524,0.16110312938690186
35310,3525,0.2624301314353943
35320,3526,0.15088698267936707
35330,3527,0.20394547283649445
35340,3528,0.22716163098812103
35350,3529,0.19408245384693146
35360,3530,0.24883760511875153
35370,3531,0.1680229902267456
35380,3532,0.11534824222326279
35390,3533,0.2517484426498413
35400,3534,0.07405682653188705
35410,3535,0.2926005721092224
35420,3536,0.13518333435058594
35430,3537,0.2541902959346771
35440,3538,0.2336152195930481
35450,3539,0.2927802503108978
35460,3540,0.37984806299209595
35470,3541,0.13693571090698242
35480,3542,0.2722680866718292
35490,3543,0.3401128649711609
35500,3544,0.26114004850387573
35510,3545,0.22393406927585602
35520,3546,0.17363065481185913
35530,3547,0.15496502816677094
35540,3548,0.10582827776670456
35550,3549,0.11418896168470383
35560,3550,0.22271594405174255
35570,3551,0.22176823019981384
35580,3552,0.20443212985992432
35590,3553,0.28082379698753357
35600,3554,0.1675170212984085
35610,3555,0.17828403413295746
35620,3556,0.18739329278469086
35630,3557,0.1149342879652977
35640,3558,0.21579967439174652
35650,3559,0.21995213627815247
35660,3560,0.3384692668914795
35670,3561,0.2262270599603653
35680,3562,0.2875644862651825
35690,3563,0.1352762132883072
35700,3564,0.34273144602775574
35710,3565,0.25796014070510864
35720,3566,0.16844922304153442
35730,3567,0.2785789668560028
35740,3568,0.1067238301038742
35750,3569,0.3042494058609009
35760,3570,0.19633448123931885
35770,3571,0.26198118925094604
35780,3572,0.24785540997982025
35790,3573,0.11008325964212418
35800,3574,0.147324800491333
35810,3575,0.16114044189453125
35820,3576,0.32677751779556274
35830,3577,0.08566823601722717
35840,3578,0.16164684295654297
35850,3579,0.35267648100852966
35860,3580,0.1149853840470314
35870,3581,0.20980626344680786
35880,3582,0.2273140549659729
35890,3583,0.31308379769325256
35900,3584,0.2633470594882965
35910,3585,0.15387772023677826
35920,3586,0.292885422706604
35930,3587,0.15468576550483704
35940,3588,0.12255539745092392
35950,3589,0.10343053936958313
35960,3590,0.08497479557991028
35970,3591,0.2357168197631836
35980,3592,0.4937376379966736
35990,3593,0.2431238889694214
36000,3594,0.06545938551425934
36010,3595,0.15744136273860931
36020,3596,0.16375449299812317
36030,3597,0.09544485807418823
36040,3598,0.08872561156749725
36050,3599,0.25537484884262085
36060,3600,0.1830500364303589
36070,3601,0.23892460763454437
36080,3602,0.18427994847297668
36090,3603,0.444074809551239
36100,3604,0.17839446663856506
36110,3605,0.13432568311691284
36120,3606,0.4227549135684967
36130,3607,0.28428590297698975
36140,3608,0.17224468290805817
36150,3609,0.41912245750427246
36160,3610,0.0970146507024765
36170,3611,0.18409833312034607
36180,3612,0.13922467827796936
36190,3613,0.2336607575416565
36200,3614,0.17047639191150665
36210,3615,0.35847219824790955
36220,3616,0.17801830172538757
36230,3617,0.3739457428455353
36240,3618,0.05206781625747681
36250,3619,0.12952427566051483
36260,3620,0.1842285394668579
36270,3621,0.4657478332519531
36280,3622,0.156648188829422
36290,3623,0.2505519390106201
36300,3624,0.11350778490304947
36310,3625,0.3596961200237274
36320,3626,0.46567919850349426
36330,3627,0.3379766643047333
36340,3628,0.11240314692258835
36350,3629,0.15807434916496277
36360,3630,0.32945185899734497
36370,3631,0.20002838969230652
36380,3632,0.08105248957872391
36390,3633,0.12180330604314804
36400,3634,0.3924944996833801
36410,3635,0.22647683322429657
36420,3636,0.24987433850765228
36430,3637,0.2913672626018524
36440,3638,0.22740638256072998
36450,3639,0.17247863113880157
36460,3640,0.28477245569229126
36470,3641,0.16770145297050476
36480,3642,0.3573450446128845
36490,3643,0.09841390699148178
36500,3644,0.2321191281080246
36510,3645,0.3496393859386444
36520,3646,0.16072086989879608
36530,3647,0.3564876616001129
36540,3648,0.23004290461540222
36550,3649,0.20431916415691376
36560,3650,0.2385270595550537
36570,3651,0.08258336782455444
36580,3652,0.32105109095573425
36590,3653,0.2706950604915619
36600,3654,0.3188320994377136
36610,3655,0.13287532329559326
36620,3656,0.1274380087852478
36630,3657,0.21165627241134644
36640,3658,0.28843820095062256
36650,3659,0.30197012424468994
36660,3660,0.24382680654525757
36670,3661,0.21371813118457794
36680,3662,0.06212663650512695
36690,3663,0.4253391623497009
36700,3664,0.16255652904510498
36710,3665,0.11422093957662582
36720,3666,0.3736874759197235
36730,3667,0.19964629411697388
36740,3668,0.300769567489624
36750,3669,0.18277326226234436
36760,3670,0.1735137701034546
36770,3671,0.30650582909584045
36780,3672,0.12321902066469193
36790,3673,0.3185303807258606
36800,3674,0.12565572559833527
36810,3675,0.14971226453781128
36820,3676,0.23482078313827515
36830,3677,0.3427833020687103
36840,3678,0.15371939539909363
36850,3679,0.18626107275485992
36860,3680,0.20821650326251984
36870,3681,0.2948334217071533
36880,3682,0.28874194622039795
36890,3683,0.28058937191963196
36900,3684,0.2078116238117218
36910,3685,0.20367291569709778
36920,3686,0.22791726887226105
36930,3687,0.2892342507839203
36940,3688,0.1930200606584549
36950,3689,0.04015909135341644
36960,3690,0.12759262323379517
36970,3691,0.29549071192741394
36980,3692,0.3215157091617584
36990,3693,0.38136565685272217
37000,3694,0.21615780889987946
37010,3695,0.2640970051288605
37020,3696,0.20706376433372498
37030,3697,0.10645054280757904
37040,3698,0.3515278697013855
37050,3699,0.18773610889911652
37060,3700,0.13199062645435333
37070,3701,0.37974658608436584
37080,3702,0.21148772537708282
37090,3703,0.26026201248168945
37100,3704,0.22300118207931519
37110,3705,0.2241014987230301
37120,3706,0.37319841980934143
37130,3707,0.2824153006076813
37140,3708,0.13971668481826782
37150,3709,0.3626749813556671
37160,3710,0.2546653151512146
37170,3711,0.1733013391494751
37180,3712,0.18002451956272125
37190,3713,0.18848161399364471
37200,3714,0.11727546155452728
37210,3715,0.2284725159406662
37220,3716,0.20726974308490753
37230,3717,0.14938539266586304
37240,3718,0.2669273912906647
37250,3719,0.29952874779701233
37260,3720,0.2392871230840683
37270,3721,0.1373918056488037
37280,3722,0.3627360165119171
37290,3723,0.24412605166435242
37300,3724,0.291245698928833
37310,3725,0.2893436551094055
37320,3726,0.1481035351753235
37330,3727,0.2801777720451355
37340,3728,0.18173503875732422
37350,3729,0.28765031695365906
37360,3730,0.18236590921878815
37370,3731,0.0558248907327652
37380,3732,0.20736370980739594
37390,3733,0.17755992710590363
37400,3734,0.3263944089412689
37410,3735,0.1723136454820633
37420,3736,0.11426085978746414
37430,3737,0.5559167265892029
37440,3738,0.21056486666202545
37450,3739,0.2547744810581207
37460,3740,0.2724469304084778
37470,3741,0.34888955950737
37480,3742,0.2455049306154251
37490,3743,0.17091485857963562
37500,3744,0.26865875720977783
37510,3745,0.20541484653949738
37520,3746,0.20403769612312317
37530,3747,0.2836126983165741
37540,3748,0.2553142309188843
37550,3749,0.3531780242919922
37560,3750,0.15247155725955963
37570,3751,0.1656533032655716
37580,3752,0.18581636250019073
37590,3753,0.1592157483100891
37600,3754,0.3382014036178589
37610,3755,0.38596194982528687
37620,3756,0.1309484839439392
37630,3757,0.26804372668266296
37640,3758,0.2823668122291565
37650,3759,0.5360393524169922
37660,3760,0.061168212443590164
37670,3761,0.2358807474374771
37680,3762,0.15129636228084564
37690,3763,0.4340912401676178
37700,3764,0.21785318851470947
37710,3765,0.17981912195682526
37720,3766,0.12980777025222778
37730,3767,0.1117774099111557
37740,3768,0.131332129240036
37750,3769,0.256381630897522
37760,3770,0.2541109621524811
37770,3771,0.2862342596054077
37780,3772,0.371911883354187
37790,3773,0.2876889109611511
37800,3774,0.3646669089794159
37810,3775,0.3138348162174225
37820,3776,0.2551538348197937
37830,3777,0.20478923618793488
37840,3778,0.24406695365905762
37850,3779,0.2580181062221527
37860,3780,0.10127007961273193
37870,3781,0.3388022482395172
37880,3782,0.2734184265136719
37890,3783,0.36303094029426575
37900,3784,0.11430136114358902
37910,3785,0.26287874579429626
37920,3786,0.16456347703933716
37930,3787,0.2777329683303833
37940,3788,0.3502636253833771
37950,3789,0.19959591329097748
37960,3790,0.21928469836711884
37970,3791,0.2078850269317627
37980,3792,0.17928825318813324
37990,3793,0.18347422778606415
38000,3794,0.31498590111732483
38010,3795,0.18767911195755005
38020,3796,0.35061371326446533
38030,3797,0.14846853911876678
38040,3798,0.20062798261642456
38050,3799,0.2563445568084717
38060,3800,0.21859285235404968
38070,3801,0.32274380326271057
38080,3802,0.2380780428647995
38090,3803,0.26332858204841614
38100,3804,0.24246414005756378
38110,3805,0.24183142185211182
38120,3806,0.2429855763912201
38130,3807,0.376615971326828
38140,3808,0.2620225250720978
38150,3809,0.13325442373752594
38160,3810,0.21890555322170258
38170,3811,0.20600451529026031
38180,3812,0.24051445722579956
38190,3813,0.25190606713294983
38200,3814,0.27973905205726624
38210,3815,0.3380211889743805
38220,3816,0.2696135640144348
38230,3817,0.2919175326824188
38240,3818,0.24757754802703857
38250,3819,0.27179819345474243
38260,3820,0.07903531938791275
38270,3821,0.33093172311782837
38280,3822,0.20807838439941406
38290,3823,0.36638277769088745
38300,3824,0.19392572343349457
38310,3825,0.3280068635940552
38320,3826,0.11760173738002777
38330,3827,0.290024995803833
38340,3828,0.220941424369812
38350,3829,0.21788254380226135
38360,3830,0.27803105115890503
38370,3831,0.45816078782081604
38380,3832,0.2283848077058792
38390,3833,0.34220004081726074
38400,3834,0.2177741676568985
38410,3835,0.24416223168373108
38420,3836,0.09407347440719604
38430,3837,0.30640044808387756
38440,3838,0.3788633942604065
38450,3839,0.32834362983703613
38460,3840,0.16327263414859772
38470,3841,0.18931704759597778
38480,3842,0.48355937004089355
38490,3843,0.37394025921821594
38500,3844,0.18095119297504425
38510,3845,0.17948168516159058
38520,3846,0.24852237105369568
38530,3847,0.2022358775138855
38540,3848,0.18700332939624786
38550,3849,0.36990979313850403
38560,3850,0.36181843280792236
38570,3851,0.4931778609752655
38580,3852,0.15937048196792603
38590,3853,0.14994628727436066
38600,3854,0.2857387065887451
38610,3855,0.2668357789516449
38620,3856,0.16992276906967163
38630,3857,0.4074717164039612
38640,3858,0.4174451529979706
38650,3859,0.08534502983093262
38660,3860,0.3738401532173157
38670,3861,0.5310887694358826
38680,3862,0.2011171132326126
38690,3863,0.3344728648662567
38700,3864,0.35005444288253784
38710,3865,0.3161892294883728
38720,3866,0.1226189136505127
38730,3867,0.14244814217090607
38740,3868,0.34192728996276855
38750,3869,0.11738385260105133
38760,3870,0.4809126555919647
38770,3871,0.27902889251708984
38780,3872,0.3352872431278229
38790,3873,0.22885534167289734
38800,3874,0.108871690928936
38810,3875,0.4792640209197998
38820,3876,0.18130911886692047
38830,3877,0.21937283873558044
38840,3878,0.20223946869373322
38850,3879,0.31619352102279663
38860,3880,0.24139612913131714
38870,3881,0.20084957778453827
38880,3882,0.14176101982593536
38890,3883,0.2527225911617279
38900,3884,0.45336610078811646
38910,3885,0.3494105935096741
38920,3886,0.42162635922431946
38930,3887,0.2827475965023041
38940,3888,0.2716730833053589
38950,3889,0.3985697627067566
38960,3890,0.2991284132003784
38970,3891,0.23443901538848877
38980,3892,0.1643024981021881
38990,3893,0.35073500871658325
39000,3894,0.11826303601264954
39010,3895,0.3355429172515869
39020,3896,0.12010752409696579
39030,3897,0.1867663711309433
39040,3898,0.2477695643901825
39050,3899,0.2465757429599762
39060,3900,0.25537601113319397
39070,3901,0.249896839261055
39080,3902,0.29864028096199036
39090,3903,0.14409004151821136
39100,3904,0.6147359609603882
39110,3905,0.12627272307872772
39120,3906,0.19415819644927979
39130,3907,0.3423847258090973
39140,3908,0.2155330628156662
39150,3909,0.35959213972091675
39160,3910,0.20559479296207428
39170,3911,0.39479508996009827
39180,3912,0.3962975740432739
39190,3913,0.09220526367425919
39200,3914,0.3768489956855774
39210,3915,0.40720221400260925
39220,3916,0.14796367287635803
39230,3917,0.5400072336196899
39240,3918,0.28948336839675903
39250,3919,0.4963638484477997
39260,3920,0.3422882854938507
39270,3921,0.11327091604471207
39280,3922,0.3554939329624176
39290,3923,0.33860400319099426
39300,3924,0.24998044967651367
39310,3925,0.41764748096466064
39320,3926,0.22080238163471222
39330,3927,0.37677714228630066
39340,3928,0.270357608795166
39350,3929,0.42638689279556274
39360,3930,0.3800395131111145
39370,3931,0.31092923879623413
39380,3932,0.20436705648899078
39390,3933,0.082272008061409
39400,3934,0.24549198150634766
39410,3935,0.32037267088890076
39420,3936,0.4445095658302307
39430,3937,0.32669225335121155
39440,3938,0.3209591209888458
39450,3939,0.3258633613586426
39460,3940,0.33398646116256714
39470,3941,0.3119161128997803
39480,3942,0.3471706807613373
39490,3943,0.3305925130844116
39500,3944,0.2344161868095398
39510,3945,0.2815983295440674
39520,3946,0.15694046020507812
39530,3947,0.23342902958393097
39540,3948,0.24041035771369934
39550,3949,0.3729862570762634
39560,3950,0.3191733956336975
39570,3951,0.33452650904655457
39580,3952,0.24203971028327942
39590,3953,0.2356414496898651
39600,3954,0.4505356550216675
39610,3955,0.2488405704498291
39620,3956,0.15800397098064423
39630,3957,0.20509865880012512
39640,3958,0.19903430342674255
39650,3959,0.5445575714111328
39660,3960,0.3001965582370758
39670,3961,0.43688106536865234
39680,3962,0.17879216372966766
39690,3963,0.3399462401866913
39700,3964,0.20427975058555603
39710,3965,0.37928780913352966
39720,3966,0.26603320240974426
39730,3967,0.301877498626709
39740,3968,0.4338865876197815
39750,3969,0.4317297637462616
39760,3970,0.1495671272277832
39770,3971,0.3669669032096863
39780,3972,0.24071259796619415
39790,3973,0.5592432618141174
39800,3974,0.2831295132637024
39810,3975,0.2849196791648865
39820,3976,0.2634671926498413
39830,3977,0.23632602393627167
39840,3978,0.1980484127998352
39850,3979,0.1981172412633896
39860,3980,0.3369270861148834
39870,3981,0.34488704800605774
39880,3982,0.25886595249176025
39890,3983,0.29884564876556396
39900,3984,0.25380852818489075
39910,3985,0.29584816098213196
39920,3986,0.3633121848106384
39930,3987,0.2720456123352051
39940,3988,0.2501225769519806
39950,3989,0.25087007880210876
39960,3990,0.27891606092453003
39970,3991,0.17154143750667572
39980,3992,0.2503787875175476
39990,3993,0.35541170835494995
40000,3994,0.37301886081695557
40010,3995,0.46002909541130066
40020,3996,0.4763224124908447
40030,3997,0.6032156944274902
40040,3998,0.3405730128288269
40050,3999,0.5256012678146362
40060,4000,0.3372543156147003
40070,4001,0.20423205196857452
40080,4002,0.44136619567871094
40090,4003,0.17343299090862274
40100,4004,0.37162795662879944
40110,4005,0.26855209469795227
40120,4006,0.18475103378295898
40130,4007,0.4354325532913208
40140,4008,0.26509571075439453
40150,4009,0.3098984360694885
40160,4010,0.19422927498817444
40170,4011,0.1504412740468979
40180,4012,0.17376047372817993
40190,4013,0.3768172264099121
40200,4014,0.2275875061750412
40210,4015,0.27907079458236694
40220,4016,0.1817081719636917
40230,4017,0.24412743747234344
40240,4018,0.5640929937362671
40250,4019,0.3756013512611389
40260,4020,0.21731428802013397
40270,4021,0.44343268871307373
40280,4022,0.26376456022262573
40290,4023,0.20969043672084808
40300,4024,0.09975776076316833
40310,4025,0.36194872856140137
40320,4026,0.34208807349205017
40330,4027,0.20456506311893463
40340,4028,0.17390978336334229
40350,4029,0.20185019075870514
40360,4030,0.324963241815567
40370,4031,0.2256946563720703
40380,4032,0.48339155316352844
40390,4033,0.3114617168903351
40400,4034,0.24488398432731628
40410,4035,0.3109198212623596
40420,4036,0.32751208543777466
40430,4037,0.2945597767829895
40440,4038,0.2834145426750183
40450,4039,0.19668810069561005
40460,4040,0.39226454496383667
40470,4041,0.11469504237174988
40480,4042,0.27450960874557495
40490,4043,0.17492559552192688
40500,4044,0.3512668013572693
40510,4045,0.24012050032615662
40520,4046,0.2640453279018402
40530,4047,0.5754693746566772
40540,4048,0.2753675580024719
40550,4049,0.2725457549095154
40560,4050,0.07586541026830673
40570,4051,0.12237958610057831
40580,4052,0.121565081179142
40590,4053,0.21162153780460358
40600,4054,0.37559396028518677
40610,4055,0.5711395144462585
40620,4056,0.18160474300384521
40630,4057,0.057820551097393036
40640,4058,0.4143292307853699
40650,4059,0.3094184398651123
40660,4060,0.14998957514762878
40670,4061,0.15585890412330627
40680,4062,0.2662578821182251
40690,4063,0.1742655336856842
40700,4064,0.28532472252845764
40710,4065,0.5015043616294861
40720,4066,0.32991650700569153
40730,4067,0.31202706694602966
40740,4068,0.32757461071014404
40750,4069,0.1924741566181183
40760,4070,0.2510131597518921
40770,4071,0.1332542449235916
40780,4072,0.27785757184028625
40790,4073,0.12359222769737244
40800,4074,0.24490049481391907
40810,4075,0.15320244431495667
40820,4076,0.10813561081886292
40830,4077,0.4440211355686188
40840,4078,0.21002638339996338
40850,4079,0.1269194632768631
40860,4080,0.24917834997177124
40870,4081,0.20267830789089203
40880,4082,0.13817407190799713
40890,4083,0.195231631398201
40900,4084,0.45086243748664856
40910,4085,0.4091648459434509
40920,4086,0.25868314504623413
40930,4087,0.5208366513252258
40940,4088,0.23475487530231476
40950,4089,0.41672664880752563
40960,4090,0.1959611475467682
40970,4091,0.1905132532119751
40980,4092,0.3352788984775543
40990,4093,0.2597910761833191
41000,4094,0.1577933132648468
41010,4095,0.32170867919921875
41020,4096,0.5301697850227356
41030,4097,0.23519381880760193
41040,4098,0.4781690835952759
41050,4099,0.16743001341819763
41060,4100,0.2161468267440796
41070,4101,0.3122962415218353
41080,4102,0.3269364535808563
41090,4103,0.1286322921514511
41100,4104,0.24188962578773499
41110,4105,0.4651881754398346
41120,4106,0.33798837661743164
41130,4107,0.25085824728012085
41140,4108,0.26414650678634644
41150,4109,0.4920297861099243
41160,4110,0.24448972940444946
41170,4111,0.20733579993247986
41180,4112,0.3211239278316498
41190,4113,0.3801743984222412
41200,4114,0.25849395990371704
41210,4115,0.3787207305431366
41220,4116,0.21300484240055084
41230,4117,0.19498825073242188
41240,4118,0.40120792388916016
41250,4119,0.30694663524627686
41260,4120,0.20799003541469574
41270,4121,0.39637741446495056
41280,4122,0.3609471619129181
41290,4123,0.39837273955345154
41300,4124,0.20208586752414703
41310,4125,0.11102249473333359
41320,4126,0.2889181971549988
41330,4127,0.2829004228115082
41340,4128,0.36269932985305786
41350,4129,0.4020775854587555
41360,4130,0.2642876207828522
41370,4131,0.20758232474327087
41380,4132,0.30365312099456787
41390,4133,0.188471719622612
41400,4134,0.4172583818435669
41410,4135,0.43523499369621277
41420,4136,0.10477950423955917
41430,4137,0.207376167178154
41440,4138,0.2994755208492279
41450,4139,0.3031465411186218
41460,4140,0.13155773282051086
41470,4141,0.241089329123497
41480,4142,0.2658138871192932
41490,4143,0.2606702446937561
41500,4144,0.40164607763290405
41510,4145,0.27173522114753723
41520,4146,0.17445100843906403
41530,4147,0.33403536677360535
41540,4148,0.31650078296661377
41550,4149,0.6194773316383362
41560,4150,0.4521639943122864
41570,4151,0.24780651926994324
41580,4152,0.42059454321861267
41590,4153,0.2428121417760849
41600,4154,0.535026490688324
41610,4155,0.2674374580383301
41620,4156,0.347347617149353
41630,4157,0.49332326650619507
41640,4158,0.7515134215354919
41650,4159,0.23822364211082458
41660,4160,0.5281713008880615
41670,4161,0.36174795031547546
41680,4162,0.20098061859607697
41690,4163,0.1902168095111847
41700,4164,0.4086727201938629
41710,4165,0.21288375556468964
41720,4166,0.27612194418907166
41730,4167,0.3848634362220764
41740,4168,0.2440764456987381
41750,4169,0.32860881090164185
41760,4170,0.29661932587623596
41770,4171,0.24648600816726685
41780,4172,0.31725746393203735
41790,4173,0.2711334526538849
41800,4174,0.11344369500875473
41810,4175,0.2987378239631653
41820,4176,0.35698404908180237
41830,4177,0.3743439316749573
41840,4178,0.2716021239757538
41850,4179,0.24503356218338013
41860,4180,0.22776764631271362
41870,4181,0.3228452503681183
41880,4182,0.35644811391830444
41890,4183,0.19139991700649261
41900,4184,0.28605470061302185
41910,4185,0.45055001974105835
41920,4186,0.23567596077919006
41930,4187,0.2942325472831726
41940,4188,0.18110451102256775
41950,4189,0.11242245882749557
41960,4190,0.23536968231201172
41970,4191,0.13274428248405457
41980,4192,0.19346241652965546
41990,4193,0.47605541348457336
42000,4194,0.4406448006629944
42010,4195,0.3156445622444153
42020,4196,0.2063855230808258
42030,4197,0.5586194396018982
42040,4198,0.5152355432510376
42050,4199,0.2469724714756012
42060,4200,0.45822709798812866
42070,4201,0.3599424362182617
42080,4202,0.14701759815216064
42090,4203,0.2958231568336487
42100,4204,0.10737410932779312
42110,4205,0.22203978896141052
42120,4206,0.35768088698387146
42130,4207,0.25721001625061035
42140,4208,0.2971169352531433
42150,4209,0.276687890291214
42160,4210,0.2209330052137375
42170,4211,0.2580198645591736
42180,4212,0.5199583768844604
42190,4213,0.32677996158599854
42200,4214,0.2945958077907562
42210,4215,0.28083211183547974
42220,4216,0.30045193433761597
42230,4217,0.32122471928596497
42240,4218,0.09619276225566864
42250,4219,0.4814956784248352
42260,4220,0.27647122740745544
42270,4221,0.46591293811798096
42280,4222,0.3675398826599121
42290,4223,0.5975494980812073
42300,4224,0.2005026638507843
42310,4225,0.2576984763145447
42320,4226,0.21812249720096588
42330,4227,0.20515738427639008
42340,4228,0.3348436951637268
42350,4229,0.12759600579738617
42360,4230,0.22178533673286438
42370,4231,0.6293713450431824
42380,4232,0.35527002811431885
42390,4233,0.21253284811973572
42400,4234,0.24153567850589752
42410,4235,0.2258545607328415
42420,4236,0.231429785490036
42430,4237,0.4290619194507599
42440,4238,0.3820304870605469
42450,4239,0.36893904209136963
42460,4240,0.15060342848300934
42470,4241,0.2301783263683319
42480,4242,0.3536801040172577
42490,4243,0.4794953763484955
42500,4244,0.3444892168045044
42510,4245,0.11316365003585815
42520,4246,0.3272779583930969
42530,4247,0.5433087944984436
42540,4248,0.27952173352241516
42550,4249,0.16393804550170898
42560,4250,0.21640148758888245
42570,4251,0.33097225427627563
42580,4252,0.3085044324398041
42590,4253,0.20278441905975342
42600,4254,0.11086668819189072
42610,4255,0.3707420229911804
42620,4256,0.2362745851278305
42630,4257,0.19436722993850708
42640,4258,0.3939368724822998
42650,4259,0.12101306021213531
42660,4260,0.25982367992401123
42670,4261,0.3688524663448334
42680,4262,0.16892924904823303
42690,4263,0.44814932346343994
42700,4264,0.26407390832901
42710,4265,0.12060218304395676
42720,4266,0.2941422164440155
42730,4267,0.2755672037601471
42740,4268,0.32807013392448425
42750,4269,0.16362591087818146
42760,4270,0.16610883176326752
42770,4271,0.2514863610267639
42780,4272,0.31121763586997986
42790,4273,0.45950257778167725
42800,4274,0.17182496190071106
42810,4275,0.40473005175590515
42820,4276,0.11728610098361969
42830,4277,0.23617491126060486
42840,4278,0.25317656993865967
42850,4279,0.3928685188293457
42860,4280,0.27442416548728943
42870,4281,0.4359895586967468
42880,4282,0.16090306639671326
42890,4283,0.13212914764881134
42900,4284,0.20075801014900208
42910,4285,0.3725108504295349
42920,4286,0.20165583491325378
42930,4287,0.11860485374927521
42940,4288,0.30695027112960815
42950,4289,0.2423289716243744
42960,4290,0.22115455567836761
42970,4291,0.22583502531051636
42980,4292,0.3120209872722626
42990,4293,0.24238815903663635
43000,4294,0.34213870763778687
43010,4295,0.3962728977203369
43020,4296,0.19722722470760345
43030,4297,0.19578176736831665
43040,4298,0.10817968100309372
43050,4299,0.31813955307006836
43060,4300,0.35282638669013977
43070,4301,0.26549679040908813
43080,4302,0.2511313259601593
43090,4303,0.23131075501441956
43100,4304,0.2726137042045593
43110,4305,0.32205525040626526
43120,4306,0.2765370011329651
43130,4307,0.24256935715675354
43140,4308,0.3576052784919739
43150,4309,0.130207821726799
43160,4310,0.36547404527664185
43170,4311,0.18495401740074158
43180,4312,0.18451565504074097
43190,4313,0.2848515808582306
43200,4314,0.3143155574798584
43210,4315,0.30912601947784424
43220,4316,0.3786052167415619
43230,4317,0.5754953622817993
43240,4318,0.16985473036766052
43250,4319,0.16831763088703156
43260,4320,0.3645298182964325
43270,4321,0.2313491851091385
43280,4322,0.5031561851501465
43290,4323,0.19643089175224304
43300,4324,0.36533409357070923
43310,4325,0.4282364547252655
43320,4326,0.23494181036949158
43330,4327,0.3236923813819885
43340,4328,0.42251306772232056
43350,4329,0.3197375535964966
43360,4330,0.2967306077480316
43370,4331,0.12388444691896439
43380,4332,0.5060340762138367
43390,4333,0.2975414991378784
43400,4334,0.2744103968143463
43410,4335,0.19906696677207947
43420,4336,0.2909852862358093
43430,4337,0.16883105039596558
43440,4338,0.35401180386543274
43450,4339,0.4247385561466217
43460,4340,0.340149849653244
43470,4341,0.27183854579925537
43480,4342,0.2078794538974762
43490,4343,0.3617546260356903
43500,4344,0.14581166207790375
43510,4345,0.28581616282463074
43520,4346,0.2821662425994873
43530,4347,0.350287526845932
43540,4348,0.2631203830242157
43550,4349,0.6138855218887329
43560,4350,0.220345139503479
43570,4351,0.5296189785003662
43580,4352,0.22605697810649872
43590,4353,0.3225611448287964
43600,4354,0.24206799268722534
43610,4355,0.4327605962753296
43620,4356,0.28511670231819153
43630,4357,0.16707874834537506
43640,4358,0.33740729093551636
43650,4359,0.16020502150058746
43660,4360,0.24609436094760895
43670,4361,0.2982999086380005
43680,4362,0.521803617477417
43690,4363,0.25764578580856323
43700,4364,0.09411878138780594
43710,4365,0.2920639216899872
43720,4366,0.164591982960701
43730,4367,0.22039414942264557
43740,4368,0.4983963668346405
43750,4369,0.3044874668121338
43760,4370,0.4980930984020233
43770,4371,0.40941309928894043
43780,4372,0.2971723675727844
43790,4373,0.27325934171676636
43800,4374,0.23276223242282867
43810,4375,0.27659931778907776
43820,4376,0.2838272750377655
43830,4377,0.4664464592933655
43840,4378,0.22010143101215363
43850,4379,0.18500040471553802
43860,4380,0.27171584963798523
43870,4381,0.11837448924779892
43880,4382,0.4539276957511902
43890,4383,0.1959550678730011
43900,4384,0.4741398096084595
43910,4385,0.23799026012420654
43920,4386,0.2559490501880646
43930,4387,0.26639193296432495
43940,4388,0.5342856049537659
43950,4389,0.196845144033432
43960,4390,0.3937610387802124
43970,4391,0.3066810965538025
43980,4392,0.40259766578674316
43990,4393,0.36881065368652344
44000,4394,0.4646093547344208
44010,4395,0.2683667540550232
44020,4396,0.20236580073833466
44030,4397,0.19520710408687592
44040,4398,0.12668506801128387
44050,4399,0.2948128283023834
44060,4400,0.16579851508140564
44070,4401,0.3700600862503052
44080,4402,0.19159771502017975
44090,4403,0.3416749835014343
44100,4404,0.20706570148468018
44110,4405,0.1685042679309845
44120,4406,0.30086636543273926
44130,4407,0.3294665813446045
44140,4408,0.25681382417678833
44150,4409,0.20400504767894745
44160,4410,0.4095855951309204
44170,4411,0.3500475287437439
44180,4412,0.3310604393482208
44190,4413,0.3269105553627014
44200,4414,0.35448935627937317
44210,4415,0.3509492576122284
44220,4416,0.21358945965766907
44230,4417,0.2803266644477844
44240,4418,0.15828801691532135
44250,4419,0.23375670611858368
44260,4420,0.3378535509109497
44270,4421,0.4397795796394348
44280,4422,0.20898430049419403
44290,4423,0.2832745313644409
44300,4424,0.28732243180274963
44310,4425,0.35039597749710083
44320,4426,0.5048269629478455
44330,4427,0.35023054480552673
44340,4428,0.19302773475646973
44350,4429,0.2257915586233139
44360,4430,0.32997825741767883
44370,4431,0.38361161947250366
44380,4432,0.20907482504844666
44390,4433,0.338337242603302
44400,4434,0.24684089422225952
44410,4435,0.4178595244884491
44420,4436,0.7976039052009583
44430,4437,0.3429998457431793
44440,4438,0.36325928568840027
44450,4439,0.21510253846645355
44460,4440,0.3358680009841919
44470,4441,0.40260791778564453
44480,4442,0.2537931203842163
44490,4443,0.20613908767700195
44500,4444,0.2726614475250244
44510,4445,0.33656251430511475
44520,4446,0.2952234447002411
44530,4447,0.5301488637924194
44540,4448,0.23434706032276154
44550,4449,0.3558198809623718
44560,4450,0.23837795853614807
44570,4451,0.20301297307014465
44580,4452,0.32952436804771423
44590,4453,0.2432577908039093
44600,4454,0.24122753739356995
44610,4455,0.30015793442726135
44620,4456,0.37105852365493774
44630,4457,0.24007867276668549
44640,4458,0.19155767560005188
44650,4459,0.36352699995040894
44660,4460,0.15913143754005432
44670,4461,0.29895490407943726
44680,4462,0.4680335521697998
44690,4463,0.3275589346885681
44700,4464,0.35777032375335693
44710,4465,0.3952787518501282
44720,4466,0.2891155481338501
44730,4467,0.1007547527551651
44740,4468,0.1509549617767334
44750,4469,0.34285077452659607
44760,4470,0.18178826570510864
44770,4471,0.4627906382083893
44780,4472,0.09729083627462387
44790,4473,0.35913264751434326
44800,4474,0.5148211717605591
44810,4475,0.3772695064544678
44820,4476,0.2792206406593323
44830,4477,0.1138930544257164
44840,4478,0.29831182956695557
44850,4479,0.20242932438850403
44860,4480,0.24058856070041656
44870,4481,0.5005795359611511
44880,4482,0.23878200352191925
44890,4483,0.2787410616874695
44900,4484,0.3086073100566864
44910,4485,0.19213351607322693
44920,4486,0.25757965445518494
44930,4487,0.1900026500225067
44940,4488,0.2631158232688904
44950,4489,0.2400554120540619
44960,4490,0.40360042452812195
44970,4491,0.21404483914375305
44980,4492,0.3783286213874817
44990,4493,0.13547982275485992
45000,4494,0.4175010323524475
45010,4495,0.3455056846141815
45020,4496,0.2926205098628998
45030,4497,0.5244318246841431
45040,4498,0.40692439675331116
45050,4499,0.39895686507225037
45060,4500,0.2951936721801758
45070,4501,0.3515503406524658
45080,4502,0.25427842140197754
45090,4503,0.2671867907047272
45100,4504,0.26897352933883667
45110,4505,0.2444968968629837
45120,4506,0.15828837454319
45130,4507,0.3602847456932068
45140,4508,0.47779834270477295
45150,4509,0.45620864629745483
45160,4510,0.14866650104522705
45170,4511,0.2344868779182434
45180,4512,0.3574897050857544
45190,4513,0.08062466979026794
45200,4514,0.49604570865631104
45210,4515,0.1952488124370575
45220,4516,0.1862371861934662
45230,4517,0.201283261179924
45240,4518,0.4902287721633911
45250,4519,0.3860720098018646
45260,4520,0.2624717950820923
45270,4521,0.18018703162670135
45280,4522,0.33671075105667114
45290,4523,0.3411960005760193
45300,4524,0.2459060400724411
45310,4525,0.32996493577957153
45320,4526,0.3874678611755371
45330,4527,0.31843405961990356
45340,4528,0.1456943154335022
45350,4529,0.29847005009651184
45360,4530,0.18441663682460785
45370,4531,0.23067434132099152
45380,4532,0.09005583822727203
45390,4533,0.26462531089782715
45400,4534,0.4756256937980652
45410,4535,0.20851004123687744
45420,4536,0.24500754475593567
45430,4537,0.39302143454551697
45440,4538,0.26550576090812683
45450,4539,0.45779991149902344
45460,4540,0.1862960010766983
45470,4541,0.1043582558631897
45480,4542,0.3273250460624695
45490,4543,0.28073176741600037
45500,4544,0.23886354267597198
45510,4545,0.18783900141716003
45520,4546,0.30993568897247314
45530,4547,0.20384293794631958
45540,4548,0.15025492012500763
45550,4549,0.3540605306625366
45560,4550,0.34805500507354736
45570,4551,0.26050910353660583
45580,4552,0.1645098179578781
45590,4553,0.14715556800365448
45600,4554,0.4011559784412384
45610,4555,0.2748051881790161
45620,4556,0.2168254554271698
45630,4557,0.35437479615211487
45640,4558,0.40372905135154724
45650,4559,0.40561211109161377
45660,4560,0.26978808641433716
45670,4561,0.30191969871520996
45680,4562,0.10079032182693481
45690,4563,0.3031392991542816
45700,4564,0.22447983920574188
45710,4565,0.33299607038497925
45720,4566,0.1394272744655609
45730,4567,0.29648610949516296
45740,4568,0.44489917159080505
45750,4569,0.40887701511383057
45760,4570,0.16904878616333008
45770,4571,0.4484582543373108
45780,4572,0.1822299361228943
45790,4573,0.24900200963020325
45800,4574,0.20942482352256775
45810,4575,0.21702301502227783
45820,4576,0.3310869634151459
45830,4577,0.1922641545534134
45840,4578,0.2430833876132965
45850,4579,0.5310865640640259
45860,4580,0.36232343316078186
45870,4581,0.2652859389781952
45880,4582,0.6220896244049072
45890,4583,0.2579285204410553
45900,4584,0.6494906544685364
45910,4585,0.34092962741851807
45920,4586,0.42456328868865967
45930,4587,0.2436179518699646
45940,4588,0.3000065088272095
45950,4589,0.3145219385623932
45960,4590,0.2569013237953186
45970,4591,0.32923686504364014
45980,4592,0.48062846064567566
45990,4593,0.3827296495437622
46000,4594,0.3475509285926819
46010,4595,0.17225335538387299
46020,4596,0.18331989645957947
46030,4597,0.48097527027130127
46040,4598,0.4034179747104645
46050,4599,0.37772297859191895
46060,4600,0.1964327096939087
46070,4601,0.4887174367904663
46080,4602,0.23570840060710907
46090,4603,0.12329277396202087
46100,4604,0.37889692187309265
46110,4605,0.2934871017932892
46120,4606,0.22016029059886932
46130,4607,0.21712054312229156
46140,4608,0.17835655808448792
46150,4609,0.33371463418006897
46160,4610,0.23858927190303802
46170,4611,0.14538341760635376
46180,4612,0.45170238614082336
46190,4613,0.3309146761894226
46200,4614,0.18307165801525116
46210,4615,0.49014812707901
46220,4616,0.4363971948623657
46230,4617,0.2985038161277771
46240,4618,0.1705380231142044
46250,4619,0.5830657482147217
46260,4620,0.25382041931152344
46270,4621,0.09616996347904205
46280,4622,0.2920318841934204
46290,4623,0.2948108911514282
46300,4624,0.22643586993217468
46310,4625,0.3542671799659729
46320,4626,0.32295674085617065
46330,4627,0.15480929613113403
46340,4628,0.2519124746322632
46350,4629,0.510739266872406
46360,4630,0.4278925359249115
46370,4631,0.41160860657691956
46380,4632,0.277794748544693
46390,4633,0.4278225898742676
46400,4634,0.2305709719657898
46410,4635,0.1492319256067276
46420,4636,0.1953229159116745
46430,4637,0.2114555835723877
46440,4638,0.2538762390613556
46450,4639,0.39222192764282227
46460,4640,0.07628631591796875
46470,4641,0.37534981966018677
46480,4642,0.2746772766113281
46490,4643,0.4443841576576233
46500,4644,0.34362488985061646
46510,4645,0.37304481863975525
46520,4646,0.3464474678039551
46530,4647,0.5056138634681702
46540,4648,0.17018164694309235
46550,4649,0.1512231081724167
46560,4650,0.21867544949054718
46570,4651,0.17211419343948364
46580,4652,0.28049343824386597
46590,4653,0.19345881044864655
46600,4654,0.13718727231025696
46610,4655,0.5235294699668884
46620,4656,0.32994556427001953
46630,4657,0.17559777200222015
46640,4658,0.2873274087905884
46650,4659,0.15048059821128845
46660,4660,0.36867883801460266
46670,4661,0.23248440027236938
46680,4662,0.21334388852119446
46690,4663,0.19110232591629028
46700,4664,0.10741662234067917
46710,4665,0.2595663368701935
46720,4666,0.12779097259044647
46730,4667,0.2519995868206024
46740,4668,0.37143996357917786
46750,4669,0.37259238958358765
46760,4670,0.43131592869758606
46770,4671,0.26050645112991333
46780,4672,0.302160382270813
46790,4673,0.12929166853427887
46800,4674,0.20808570086956024
46810,4675,0.3325914144515991
46820,4676,0.22723130881786346
46830,4677,0.29908180236816406
46840,4678,0.2593619227409363
46850,4679,0.3741013705730438
46860,4680,0.16282907128334045
46870,4681,0.15011753141880035
46880,4682,0.4684140086174011
46890,4683,0.3398877680301666
46900,4684,0.5423204302787781
46910,4685,0.5594401359558105
46920,4686,0.25215741991996765
46930,4687,0.27577242255210876
46940,4688,0.3337589502334595
46950,4689,0.2806178033351898
46960,4690,0.4124406576156616
46970,4691,0.3684448301792145
46980,4692,0.410318523645401
46990,4693,0.5275107026100159
47000,4694,0.35555189847946167
47010,4695,0.5378252863883972
47020,4696,0.28904449939727783
47030,4697,0.20894062519073486
47040,4698,0.1279938668012619
47050,4699,0.20485234260559082
47060,4700,0.20183952152729034
47070,4701,0.19120799005031586
47080,4702,0.30640625953674316
47090,4703,0.24571493268013
47100,4704,0.36499571800231934
47110,4705,0.08056411892175674
47120,4706,0.3298098146915436
47130,4707,0.1317676305770874
47140,4708,0.2516463100910187
47150,4709,0.41982731223106384
47160,4710,0.21682651340961456
47170,4711,0.23338034749031067
47180,4712,0.28570300340652466
47190,4713,0.39409592747688293
47200,4714,0.34574174880981445
47210,4715,0.10743016004562378
47220,4716,0.41367343068122864
47230,4717,0.30055639147758484
47240,4718,0.5482178330421448
47250,4719,0.24400848150253296
47260,4720,0.17100968956947327
47270,4721,0.4842248558998108
47280,4722,0.27547013759613037
47290,4723,0.21651098132133484
47300,4724,0.20144441723823547
47310,4725,0.15580381453037262
47320,4726,0.22817036509513855
47330,4727,0.24404287338256836
47340,4728,0.1920243352651596
47350,4729,0.3923456072807312
47360,4730,0.29211801290512085
47370,4731,0.18464738130569458
47380,4732,0.21089011430740356
47390,4733,0.2649725377559662
47400,4734,0.33782556653022766
47410,4735,0.4026854336261749
47420,4736,0.20488294959068298
47430,4737,0.2749268710613251
47440,4738,0.28753751516342163
47450,4739,0.1439315676689148
47460,4740,0.3706589341163635
47470,4741,0.3904177248477936
47480,4742,0.24299176037311554
47490,4743,0.3980829119682312
47500,4744,0.0963607132434845
47510,4745,0.22020284831523895
47520,4746,0.23950394988059998
47530,4747,0.4151723086833954
47540,4748,0.34085363149642944
47550,4749,0.3757665753364563
47560,4750,0.1548539698123932
47570,4751,0.2630522549152374
47580,4752,0.7207151055335999
47590,4753,0.27114734053611755
47600,4754,0.13213470578193665
47610,4755,0.27452409267425537
47620,4756,0.17792445421218872
47630,4757,0.4310590326786041
47640,4758,0.27593162655830383
47650,4759,0.2555848956108093
47660,4760,0.27865612506866455
47670,4761,0.38456374406814575
47680,4762,0.3866533041000366
47690,4763,0.16955414414405823
47700,4764,0.20243434607982635
47710,4765,0.32592958211898804
47720,4766,0.295112282037735
47730,4767,0.3261115849018097
47740,4768,0.22438454627990723
47750,4769,0.3329765796661377
47760,4770,0.564195454120636
47770,4771,0.33673006296157837
47780,4772,0.2757095992565155
47790,4773,0.41027241945266724
47800,4774,0.30081307888031006
47810,4775,0.5099138617515564
47820,4776,0.6707166433334351
47830,4777,0.2523244023323059
47840,4778,0.2822030484676361
47850,4779,0.572422206401825
47860,4780,0.16538748145103455
47870,4781,0.31081804633140564
47880,4782,0.45507118105888367
47890,4783,0.1956227570772171
47900,4784,0.18006543815135956
47910,4785,0.3986681401729584
47920,4786,0.33219194412231445
47930,4787,0.21639809012413025
47940,4788,0.1537986397743225
47950,4789,0.18993030488491058
47960,4790,0.3767959475517273
47970,4791,0.46450722217559814
47980,4792,0.17905710637569427
47990,4793,0.5100926160812378
48000,4794,0.37386518716812134
48010,4795,0.3097601532936096
48020,4796,0.29317012429237366
48030,4797,0.5206443071365356
48040,4798,0.19949987530708313
48050,4799,0.2935387194156647
48060,4800,0.16827884316444397
48070,4801,0.2728852927684784
48080,4802,0.2923458218574524
48090,4803,0.42671704292297363
48100,4804,0.12143443524837494
48110,4805,0.3300912082195282
48120,4806,0.13839596509933472
48130,4807,0.2554613947868347
48140,4808,0.2159845381975174
48150,4809,0.17668794095516205
48160,4810,0.21312786638736725
48170,4811,0.2117515206336975
48180,4812,0.3056681752204895
48190,4813,0.28595784306526184
48200,4814,0.10977451503276825
48210,4815,0.44047605991363525
48220,4816,0.16544802486896515
48230,4817,0.25713983178138733
48240,4818,0.3110659122467041
48250,4819,0.1917135864496231
48260,4820,0.2317199558019638
48270,4821,0.20819318294525146
48280,4822,0.19061465561389923
48290,4823,0.17794997990131378
48300,4824,0.11876194179058075
48310,4825,0.49750077724456787
48320,4826,0.3065587282180786
48330,4827,0.2836226522922516
48340,4828,0.2724577784538269
48350,4829,0.29065459966659546
48360,4830,0.345519483089447
48370,4831,0.1182122528553009
48380,4832,0.2224476933479309
48390,4833,0.16349798440933228
48400,4834,0.2823837399482727
48410,4835,0.35456812381744385
48420,4836,0.17199021577835083
48430,4837,0.20268218219280243
48440,4838,0.14132972061634064
48450,4839,0.2100743055343628
48460,4840,0.18489277362823486
48470,4841,0.24490970373153687
48480,4842,0.3564588725566864
48490,4843,0.29848843812942505
48500,4844,0.31391143798828125
48510,4845,0.2660701274871826
48520,4846,0.5424171090126038
48530,4847,0.2571175992488861
48540,4848,0.3046588599681854
48550,4849,0.27085795998573303
48560,4850,0.3490432798862457
48570,4851,0.31265926361083984
48580,4852,0.28629666566848755
48590,4853,0.22364458441734314
48600,4854,0.507311999797821
48610,4855,0.201496884226799
48620,4856,0.10248636454343796
48630,4857,0.27232229709625244
48640,4858,0.3765604496002197
48650,4859,0.33167895674705505
48660,4860,0.2631951570510864
48670,4861,0.40659692883491516
48680,4862,0.15773412585258484
48690,4863,0.6495425701141357
48700,4864,0.23858720064163208
48710,4865,0.22158204019069672
48720,4866,0.30737316608428955
48730,4867,0.35372716188430786
48740,4868,0.33588680624961853
48750,4869,0.36391517519950867
48760,4870,0.30812180042266846
48770,4871,0.31784477829933167
48780,4872,0.6157510280609131
48790,4873,0.35746368765830994
48800,4874,0.3649546802043915
48810,4875,0.3158077001571655
48820,4876,0.28860870003700256
48830,4877,0.3529404103755951
48840,4878,0.30589017271995544
48850,4879,0.20379985868930817
48860,4880,0.2473256140947342
48870,4881,0.3291151523590088
48880,4882,0.21352490782737732
48890,4883,0.34981364011764526
48900,4884,0.15460628271102905
48910,4885,0.18576985597610474
48920,4886,0.180135577917099
48930,4887,0.4171585440635681
48940,4888,0.26233530044555664
48950,4889,0.3730638027191162
48960,4890,0.17249754071235657
48970,4891,0.26859164237976074
48980,4892,0.14953751862049103
48990,4893,0.15676960349082947
49000,4894,0.22709128260612488
49010,4895,0.3808552920818329
49020,4896,0.31790390610694885
49030,4897,0.18717655539512634
49040,4898,0.18098479509353638
49050,4899,0.14731216430664062
49060,4900,0.27960601449012756
49070,4901,0.20122773945331573
49080,4902,0.28112077713012695
49090,4903,0.12113579362630844
49100,4904,0.3382723033428192
49110,4905,0.33089905977249146
49120,4906,0.35344475507736206
49130,4907,0.17440901696681976
49140,4908,0.5093874335289001
49150,4909,0.347023606300354
49160,4910,0.33573848009109497
49170,4911,0.26862597465515137
49180,4912,0.11196548491716385
49190,4913,0.25618645548820496
49200,4914,0.4250802993774414
49210,4915,0.4244496822357178
49220,4916,0.3222508132457733
49230,4917,0.30947503447532654
49240,4918,0.3598657548427582
49250,4919,0.5159095525741577
49260,4920,0.25126197934150696
49270,4921,0.14164653420448303
49280,4922,0.0649540051817894
49290,4923,0.1799575537443161
49300,4924,0.3374810218811035
49310,4925,0.21476532518863678
49320,4926,0.2765284776687622
49330,4927,0.23370562493801117
49340,4928,0.2757701277732849
49350,4929,0.33654531836509705
49360,4930,0.27691471576690674
49370,4931,0.11284191161394119
49380,4932,0.2074102759361267
49390,4933,0.29045188426971436
49400,4934,0.22890761494636536
49410,4935,0.18648721277713776
49420,4936,0.4118729829788208
49430,4937,0.20308610796928406
49440,4938,0.11638101935386658
49450,4939,0.27394115924835205
49460,4940,0.23159120976924896
49470,4941,0.08116161823272705
49480,4942,0.26470667123794556
49490,4943,0.35362735390663147
49500,4944,0.508021354675293
49510,4945,0.1872747242450714
49520,4946,0.20682960748672485
49530,4947,0.2080867737531662
49540,4948,0.24866947531700134
49550,4949,0.4968957304954529
49560,4950,0.24677881598472595
49570,4951,0.5039488077163696
49580,4952,0.621651291847229
49590,4953,0.2536562979221344
49600,4954,0.49513697624206543
49610,4955,0.3261137306690216
49620,4956,0.4612646698951721
49630,4957,0.19567856192588806
49640,4958,0.2575855255126953
49650,4959,0.19490180909633636
49660,4960,0.1523551493883133
49670,4961,0.16641312837600708
49680,4962,0.05291268974542618
49690,4963,0.44084280729293823
49700,4964,0.21832890808582306
49710,4965,0.27304092049598694
49720,4966,0.23659923672676086
49730,4967,0.3978125751018524
49740,4968,0.410383939743042
49750,4969,0.2993377149105072
49760,4970,0.20604409277439117
49770,4971,0.18031421303749084
49780,4972,0.3745635449886322
49790,4973,0.11455073207616806
49800,4974,0.22179558873176575
49810,4975,0.38670581579208374
49820,4976,0.4061105251312256
49830,4977,0.15294428169727325
49840,4978,0.25545209646224976
49850,4979,0.19966448843479156
49860,4980,0.22851966321468353
49870,4981,0.20181682705879211
49880,4982,0.20156022906303406
49890,4983,0.50657057762146
49900,4984,0.39077189564704895
49910,4985,0.38939955830574036
49920,4986,0.14663632214069366
49930,4987,0.3586200177669525
49940,4988,0.35631880164146423
49950,4989,0.2056461125612259
49960,4990,0.19998805224895477
49970,4991,0.33264291286468506
49980,4992,0.3456346094608307
49990,4993,0.3783954381942749
50000,4994,0.19274365901947021
