environment_step,learning_update,td_loss
70,1,0.8098545670509338
80,2,0.3198179304599762
90,3,0.6121470928192139
100,4,0.4488551914691925
110,5,0.541009783744812
120,6,0.5405671000480652
130,7,0.4626854360103607
140,8,0.46767720580101013
150,9,0.2522903084754944
160,10,0.38656967878341675
170,11,0.49657732248306274
180,12,0.5795950293540955
190,13,0.40030360221862793
200,14,0.34581512212753296
210,15,0.4568670392036438
220,16,0.8030156493186951
230,17,0.36783528327941895
240,18,0.3499559164047241
250,19,0.6624352335929871
260,20,0.34625086188316345
270,21,0.34911832213401794
280,22,0.24324993789196014
290,23,0.33201393485069275
300,24,0.599984884262085
310,25,0.3169206976890564
320,26,0.46084848046302795
330,27,0.7153785228729248
340,28,0.33041876554489136
350,29,0.5032055974006653
360,30,0.6192034482955933
370,31,0.4785963296890259
380,32,0.33504998683929443
390,33,0.5548866391181946
400,34,0.17578068375587463
410,35,0.416409969329834
420,36,0.446341872215271
430,37,0.36845624446868896
440,38,0.4385378062725067
450,39,0.8060499429702759
460,40,0.4212518334388733
470,41,0.42190125584602356
480,42,0.41635584831237793
490,43,0.5032151937484741
500,44,0.30709782242774963
510,45,0.25808146595954895
520,46,0.561151921749115
530,47,0.385631799697876
540,48,0.47472429275512695
550,49,0.34658095240592957
560,50,0.3672257661819458
570,51,0.4028944671154022
580,52,0.42586514353752136
590,53,0.5477831363677979
600,54,0.34785956144332886
610,55,0.5477091670036316
620,56,0.3503093719482422
630,57,0.47310683131217957
640,58,0.3964184820652008
650,59,0.32673823833465576
660,60,0.35210710763931274
670,61,0.5248618125915527
680,62,0.4743165373802185
690,63,0.7563464641571045
700,64,0.29809442162513733
710,65,0.345151424407959
720,66,0.29258790612220764
730,67,0.5192821025848389
740,68,0.5073772668838501
750,69,0.3438616991043091
760,70,0.33734482526779175
770,71,0.4417433440685272
780,72,0.28598615527153015
790,73,0.38136589527130127
800,74,0.40887781977653503
810,75,0.30857083201408386
820,76,0.5589990615844727
830,77,0.2133321315050125
840,78,0.36137908697128296
850,79,0.2851211428642273
860,80,0.2695578932762146
870,81,0.21659883856773376
880,82,0.15760990977287292
890,83,0.42907801270484924
900,84,0.21075338125228882
910,85,0.33979159593582153
920,86,0.18807774782180786
930,87,0.442627489566803
940,88,0.33518922328948975
950,89,0.29235389828681946
960,90,0.31394609808921814
970,91,0.2285425364971161
980,92,0.387250691652298
990,93,0.14892680943012238
1000,94,0.2977760136127472
1010,95,0.2632238566875458
1020,96,0.2605281174182892
1030,97,0.2797522246837616
1040,98,0.20458896458148956
1050,99,0.32725104689598083
1060,100,0.2775130867958069
1070,101,0.11685971915721893
1080,102,0.12525999546051025
1090,103,0.19114306569099426
1100,104,0.27278271317481995
1110,105,0.52667635679245
1120,106,0.20332004129886627
1130,107,0.16211378574371338
1140,108,0.27736908197402954
1150,109,0.3978223204612732
1160,110,0.06516271084547043
1170,111,0.21806371212005615
1180,112,0.2450203150510788
1190,113,0.24137231707572937
1200,114,0.21795445680618286
1210,115,0.325727641582489
1220,116,0.13033907115459442
1230,117,0.2662343680858612
1240,118,0.3142474889755249
1250,119,0.14159685373306274
1260,120,0.1781182438135147
1270,121,0.3147200644016266
1280,122,0.27641919255256653
1290,123,0.3025728166103363
1300,124,0.34622982144355774
1310,125,0.21821124851703644
1320,126,0.20865556597709656
1330,127,0.2377435863018036
1340,128,0.20311608910560608
1350,129,0.30291104316711426
1360,130,0.415316104888916
1370,131,0.2824040949344635
1380,132,0.3682202100753784
1390,133,0.3965702950954437
1400,134,0.16917961835861206
1410,135,0.28590521216392517
1420,136,0.2925470769405365
1430,137,0.2857125997543335
1440,138,0.2579581141471863
1450,139,0.3720742166042328
1460,140,0.29063212871551514
1470,141,0.22534382343292236
1480,142,0.25875216722488403
1490,143,0.19773760437965393
1500,144,0.228513702750206
1510,145,0.35019198060035706
1520,146,0.2563744783401489
1530,147,0.1768580675125122
1540,148,0.32672691345214844
1550,149,0.19687525928020477
1560,150,0.5007206201553345
1570,151,0.28544729948043823
1580,152,0.06381881237030029
1590,153,0.2052188217639923
1600,154,0.31159716844558716
1610,155,0.3965679109096527
1620,156,0.6617285013198853
1630,157,0.2706122100353241
1640,158,0.21442463994026184
1650,159,0.19687071442604065
1660,160,0.33967089653015137
1670,161,0.2435763031244278
1680,162,0.34540605545043945
1690,163,0.3605336844921112
1700,164,0.22036561369895935
1710,165,0.23762400448322296
1720,166,0.2555380165576935
1730,167,0.46248874068260193
1740,168,0.34210410714149475
1750,169,0.27656400203704834
1760,170,0.5868154764175415
1770,171,0.7535009384155273
1780,172,0.3965644836425781
1790,173,0.6272690296173096
1800,174,0.23863305151462555
1810,175,0.23165717720985413
1820,176,0.438728004693985
1830,177,0.47366073727607727
1840,178,0.4446571469306946
1850,179,0.4367491900920868
1860,180,0.36292991042137146
1870,181,0.23872429132461548
1880,182,0.27005869150161743
1890,183,0.20160596072673798
1900,184,0.22985824942588806
1910,185,0.4436206817626953
1920,186,0.4201468527317047
1930,187,0.40695613622665405
1940,188,0.4098437428474426
1950,189,0.2626345753669739
1960,190,0.5458980202674866
1970,191,0.27962446212768555
1980,192,0.3520621061325073
1990,193,0.47786617279052734
2000,194,0.3715759813785553
2010,195,0.2119217813014984
2020,196,0.3071022927761078
2030,197,0.3029986023902893
2040,198,0.3747909367084503
2050,199,0.13685177266597748
2060,200,0.1390213668346405
2070,201,0.32369357347488403
2080,202,0.17751933634281158
2090,203,0.3653125464916229
2100,204,0.3804079592227936
2110,205,0.3232917785644531
2120,206,0.19793419539928436
2130,207,0.22223368287086487
2140,208,0.29345250129699707
2150,209,0.3374423086643219
2160,210,0.3619474768638611
2170,211,0.16925738751888275
2180,212,0.191693976521492
2190,213,0.24997204542160034
2200,214,0.2714267075061798
2210,215,0.2586451470851898
2220,216,0.519774854183197
2230,217,0.3091716170310974
2240,218,0.2150113731622696
2250,219,0.43259483575820923
2260,220,0.0859839916229248
2270,221,0.3174635171890259
2280,222,0.349761962890625
2290,223,0.3647698760032654
2300,224,0.20217378437519073
2310,225,0.15900683403015137
2320,226,0.16206641495227814
2330,227,0.2199411690235138
2340,228,0.3403884768486023
2350,229,0.4101184606552124
2360,230,0.1880042552947998
2370,231,0.3567503094673157
2380,232,0.14739353954792023
2390,233,0.22938889265060425
2400,234,0.46121853590011597
2410,235,0.2811035215854645
2420,236,0.49543505907058716
2430,237,0.20624025166034698
2440,238,0.22656100988388062
2450,239,0.3339744806289673
2460,240,0.4368436336517334
2470,241,0.4078753888607025
2480,242,0.18885314464569092
2490,243,0.31823498010635376
2500,244,0.36296701431274414
2510,245,0.33405670523643494
2520,246,0.3280014395713806
2530,247,0.22147171199321747
2540,248,0.3678819239139557
2550,249,0.37511396408081055
2560,250,0.21569740772247314
2570,251,0.22719597816467285
2580,252,0.24874453246593475
2590,253,0.3868730068206787
2600,254,0.21809376776218414
2610,255,0.2261744886636734
2620,256,0.26390209794044495
2630,257,0.4107458293437958
2640,258,0.19959859549999237
2650,259,0.3634888529777527
2660,260,0.5098695158958435
2670,261,0.1278764307498932
2680,262,0.30883878469467163
2690,263,0.3005204498767853
2700,264,0.2223876714706421
2710,265,0.3586544692516327
2720,266,0.1541879028081894
2730,267,0.2586776316165924
2740,268,0.16128024458885193
2750,269,0.507784903049469
2760,270,0.31836092472076416
2770,271,0.5320783257484436
2780,272,0.32864418625831604
2790,273,0.40031754970550537
2800,274,0.26043379306793213
2810,275,0.4278344511985779
2820,276,0.19741587340831757
2830,277,0.23747551441192627
2840,278,0.1536714732646942
2850,279,0.30684536695480347
2860,280,0.28913307189941406
2870,281,0.12687940895557404
2880,282,0.3630424439907074
2890,283,0.3137144148349762
2900,284,0.4524936079978943
2910,285,0.5151529312133789
2920,286,0.24931098520755768
2930,287,0.28258994221687317
2940,288,0.3901871144771576
2950,289,0.29583367705345154
2960,290,0.2626616358757019
2970,291,0.40325695276260376
2980,292,0.5135492086410522
2990,293,0.19740134477615356
3000,294,0.27896296977996826
3010,295,0.2730061113834381
3020,296,0.4883365035057068
3030,297,0.4069705605506897
3040,298,0.1865524798631668
3050,299,0.33744561672210693
3060,300,0.3956420123577118
3070,301,0.17810380458831787
3080,302,0.2682070732116699
3090,303,0.23933908343315125
3100,304,0.35115060210227966
3110,305,0.3580490052700043
3120,306,0.20621532201766968
3130,307,0.5653877854347229
3140,308,0.34722262620925903
3150,309,0.370565265417099
3160,310,0.3728075325489044
3170,311,0.15948118269443512
3180,312,0.2898114323616028
3190,313,0.25534889101982117
3200,314,0.4195239543914795
3210,315,0.5191132426261902
3220,316,0.2084982842206955
3230,317,0.1531740128993988
3240,318,0.36168473958969116
3250,319,0.30634352564811707
3260,320,0.31441232562065125
3270,321,0.47355857491493225
3280,322,0.38506174087524414
3290,323,0.13273824751377106
3300,324,0.16560162603855133
3310,325,0.3900553584098816
3320,326,0.13046877086162567
3330,327,0.2060449868440628
3340,328,0.17222446203231812
3350,329,0.4332357347011566
3360,330,0.10461114346981049
3370,331,0.2558116018772125
3380,332,0.4205325245857239
3390,333,0.333630234003067
3400,334,0.23262187838554382
3410,335,0.3501438498497009
3420,336,0.4238150119781494
3430,337,0.23161406815052032
3440,338,0.34798386693000793
3450,339,0.45111027359962463
3460,340,0.17997756600379944
3470,341,0.08906159549951553
3480,342,0.4738164246082306
3490,343,0.20789703726768494
3500,344,0.29084378480911255
3510,345,0.2679104208946228
3520,346,0.5236183404922485
3530,347,0.2926214635372162
3540,348,0.13545262813568115
3550,349,0.3208222985267639
3560,350,0.3269942104816437
3570,351,0.17665712535381317
3580,352,0.2585105299949646
3590,353,0.3439008593559265
3600,354,0.12207727879285812
3610,355,0.5081444978713989
3620,356,0.46657997369766235
3630,357,0.3341215252876282
3640,358,0.148339182138443
3650,359,0.38572409749031067
3660,360,0.31279364228248596
3670,361,0.284402459859848
3680,362,0.35897770524024963
3690,363,0.31101787090301514
3700,364,0.24904781579971313
3710,365,0.21976768970489502
3720,366,0.4320686161518097
3730,367,0.4226730763912201
3740,368,0.5379949808120728
3750,369,0.13708831369876862
3760,370,0.13035587966442108
3770,371,0.33752700686454773
3780,372,0.3960248827934265
3790,373,0.3424133062362671
3800,374,0.11033013463020325
3810,375,0.18182748556137085
3820,376,0.26477059721946716
3830,377,0.13500814139842987
3840,378,0.04511059448122978
3850,379,0.1963929831981659
3860,380,0.3081449866294861
3870,381,0.37248528003692627
3880,382,0.2654776871204376
3890,383,0.14511755108833313
3900,384,0.26978665590286255
3910,385,0.29377561807632446
3920,386,0.22201861441135406
3930,387,0.23215529322624207
3940,388,0.18523770570755005
3950,389,0.2512790858745575
3960,390,0.3600448966026306
3970,391,0.1828462779521942
3980,392,0.16920781135559082
3990,393,0.33749815821647644
4000,394,0.22232279181480408
4010,395,0.31826773285865784
4020,396,0.22916190326213837
4030,397,0.28813406825065613
4040,398,0.29576098918914795
4050,399,0.317474365234375
4060,400,0.1591806560754776
4070,401,0.38468968868255615
4080,402,0.4051520526409149
4090,403,0.2924101948738098
4100,404,0.30208879709243774
4110,405,0.3935575485229492
4120,406,0.29111969470977783
4130,407,0.1922045201063156
4140,408,0.31572598218917847
4150,409,0.4561804533004761
4160,410,0.14198051393032074
4170,411,0.27360597252845764
4180,412,0.3003808259963989
4190,413,0.18253082036972046
4200,414,0.2651327848434448
4210,415,0.37993618845939636
4220,416,0.2994346618652344
4230,417,0.2068924754858017
4240,418,0.13695819675922394
4250,419,0.12945646047592163
4260,420,0.4345773458480835
4270,421,0.27907487750053406
4280,422,0.2587452232837677
4290,423,0.19894661009311676
4300,424,0.10862402617931366
4310,425,0.29234829545021057
4320,426,0.38035085797309875
4330,427,0.23402339220046997
4340,428,0.5942286849021912
4350,429,0.13650348782539368
4360,430,0.2404192090034485
4370,431,0.1809304654598236
4380,432,0.17695271968841553
4390,433,0.32058578729629517
4400,434,0.12399870157241821
4410,435,0.18480712175369263
4420,436,0.13422301411628723
4430,437,0.351249098777771
4440,438,0.12500929832458496
4450,439,0.12180771678686142
4460,440,0.20947206020355225
4470,441,0.31937870383262634
4480,442,0.4593776762485504
4490,443,0.3011142313480377
4500,444,0.1912553757429123
4510,445,0.16910086572170258
4520,446,0.2304437905550003
4530,447,0.2556939721107483
4540,448,0.38100188970565796
4550,449,0.2069161832332611
4560,450,0.3100002706050873
4570,451,0.3834128975868225
4580,452,0.12594309449195862
4590,453,0.16119036078453064
4600,454,0.07608780264854431
4610,455,0.17560049891471863
4620,456,0.14389105141162872
4630,457,0.4088475704193115
4640,458,0.11223077028989792
4650,459,0.1695481836795807
4660,460,0.18036718666553497
4670,461,0.24730435013771057
4680,462,0.19660209119319916
4690,463,0.2220546305179596
4700,464,0.39829179644584656
4710,465,0.14106498658657074
4720,466,0.1741573065519333
4730,467,0.26896777749061584
4740,468,0.18157219886779785
4750,469,0.3767631947994232
4760,470,0.3194923996925354
4770,471,0.13496872782707214
4780,472,0.36431437730789185
4790,473,0.15540830790996552
4800,474,0.18779680132865906
4810,475,0.135914146900177
4820,476,0.40001457929611206
4830,477,0.13642598688602448
4840,478,0.19095729291439056
4850,479,0.16206789016723633
4860,480,0.2150406837463379
4870,481,0.1620747298002243
4880,482,0.17536687850952148
4890,483,0.2468262016773224
4900,484,0.13926036655902863
4910,485,0.30935949087142944
4920,486,0.22874146699905396
4930,487,0.21505680680274963
4940,488,0.18476220965385437
4950,489,0.30961018800735474
4960,490,0.1480695605278015
4970,491,0.12735478579998016
4980,492,0.2692834436893463
4990,493,0.06613605469465256
5000,494,0.133035346865654
5010,495,0.16188451647758484
5020,496,0.3888530135154724
5030,497,0.23409566283226013
5040,498,0.09134887903928757
5050,499,0.22748886048793793
5060,500,0.2334512621164322
5070,501,0.15328146517276764
5080,502,0.12624946236610413
5090,503,0.13914674520492554
5100,504,0.34653240442276
5110,505,0.2597348690032959
5120,506,0.28172722458839417
5130,507,0.3720347285270691
5140,508,0.253454327583313
5150,509,0.15614256262779236
5160,510,0.22408804297447205
5170,511,0.40718579292297363
5180,512,0.10073189437389374
5190,513,0.39227089285850525
5200,514,0.17010784149169922
5210,515,0.13716329634189606
5220,516,0.10897870361804962
5230,517,0.15729518234729767
5240,518,0.20997941493988037
5250,519,0.21604934334754944
5260,520,0.3454951047897339
5270,521,0.36967769265174866
5280,522,0.21773137152194977
5290,523,0.22639168798923492
5300,524,0.05444036424160004
5310,525,0.37753060460090637
5320,526,0.3093581199645996
5330,527,0.4060821533203125
5340,528,0.21088312566280365
5350,529,0.35096079111099243
5360,530,0.12120649218559265
5370,531,0.3011396527290344
5380,532,0.20033465325832367
5390,533,0.23530393838882446
5400,534,0.5013335943222046
5410,535,0.08827719837427139
5420,536,0.16578929126262665
5430,537,0.24369876086711884
5440,538,0.40670284628868103
5450,539,0.19214046001434326
5460,540,0.21252663433551788
5470,541,0.44853675365448
5480,542,0.3145465850830078
5490,543,0.16597943007946014
5500,544,0.36318445205688477
5510,545,0.15716500580310822
5520,546,0.2980647683143616
5530,547,0.053374994546175
5540,548,0.15167924761772156
5550,549,0.22891248762607574
5560,550,0.09132535755634308
5570,551,0.07549172639846802
5580,552,0.20834024250507355
5590,553,0.12147948890924454
5600,554,0.2919079065322876
5610,555,0.38041001558303833
5620,556,0.09833575785160065
5630,557,0.347796767950058
5640,558,0.12136714160442352
5650,559,0.09483467042446136
5660,560,0.23160265386104584
5670,561,0.2068374752998352
5680,562,0.2100694328546524
5690,563,0.3017536401748657
5700,564,0.460920512676239
5710,565,0.47092586755752563
5720,566,0.34421002864837646
5730,567,0.1970142424106598
5740,568,0.2416510432958603
5750,569,0.20781293511390686
5760,570,0.24083690345287323
5770,571,0.3430235683917999
5780,572,0.22209903597831726
5790,573,0.15916667878627777
5800,574,0.3284805417060852
5810,575,0.17686094343662262
5820,576,0.2716740667819977
5830,577,0.13223998248577118
5840,578,0.4657699465751648
5850,579,0.1696339100599289
5860,580,0.20650643110275269
5870,581,0.38934585452079773
5880,582,0.15026335418224335
5890,583,0.27488088607788086
5900,584,0.23478321731090546
5910,585,0.4102831482887268
5920,586,0.2659527361392975
5930,587,0.1663035750389099
5940,588,0.1304418295621872
5950,589,0.3548550605773926
5960,590,0.3157733082771301
5970,591,0.17216569185256958
5980,592,0.2778524160385132
5990,593,0.19321441650390625
6000,594,0.15049439668655396
6010,595,0.32685530185699463
6020,596,0.15877236425876617
6030,597,0.27062392234802246
6040,598,0.19724440574645996
6050,599,0.30205243825912476
6060,600,0.07284661382436752
6070,601,0.1829376220703125
6080,602,0.30018728971481323
6090,603,0.31048858165740967
6100,604,0.24054770171642303
6110,605,0.22449252009391785
6120,606,0.21775107085704803
6130,607,0.2570958137512207
6140,608,0.24048496782779694
6150,609,0.25007492303848267
6160,610,0.31745514273643494
6170,611,0.1895732581615448
6180,612,0.2838682532310486
6190,613,0.171351820230484
6200,614,0.3262534439563751
6210,615,0.2882155478000641
6220,616,0.3009028732776642
6230,617,0.1354687213897705
6240,618,0.27091264724731445
6250,619,0.1963948905467987
6260,620,0.3560912311077118
6270,621,0.25628283619880676
6280,622,0.3468041718006134
6290,623,0.3122219443321228
6300,624,0.20877830684185028
6310,625,0.25697770714759827
6320,626,0.275840699672699
6330,627,0.1234864741563797
6340,628,0.2116214483976364
6350,629,0.25300511717796326
6360,630,0.18550768494606018
6370,631,0.31756892800331116
6380,632,0.272222638130188
6390,633,0.361789733171463
6400,634,0.21571342647075653
6410,635,0.23391713201999664
6420,636,0.27206334471702576
6430,637,0.362829327583313
6440,638,0.2927019000053406
6450,639,0.2035418301820755
6460,640,0.130014568567276
6470,641,0.3822854459285736
6480,642,0.18604685366153717
6490,643,0.15046647191047668
6500,644,0.42279794812202454
6510,645,0.3541777729988098
6520,646,0.24039100110530853
6530,647,0.3364241123199463
6540,648,0.27128079533576965
6550,649,0.15985828638076782
6560,650,0.15348085761070251
6570,651,0.22128479182720184
6580,652,0.22696587443351746
6590,653,0.28080329298973083
6600,654,0.2318175584077835
6610,655,0.17335236072540283
6620,656,0.4464864432811737
6630,657,0.42869651317596436
6640,658,0.26091116666793823
6650,659,0.21127961575984955
6660,660,0.3909105658531189
6670,661,0.36006179451942444
6680,662,0.30018916726112366
6690,663,0.21529072523117065
6700,664,0.33749228715896606
6710,665,0.25248655676841736
6720,666,0.5473809242248535
6730,667,0.24314454197883606
6740,668,0.437282919883728
6750,669,0.33415311574935913
6760,670,0.232357457280159
6770,671,0.13252362608909607
6780,672,0.3090684115886688
6790,673,0.41328880190849304
6800,674,0.16587291657924652
6810,675,0.22403934597969055
6820,676,0.3012116551399231
6830,677,0.16659754514694214
6840,678,0.14565883576869965
6850,679,0.45569223165512085
6860,680,0.38631105422973633
6870,681,0.43152111768722534
6880,682,0.2328018695116043
6890,683,0.2736499607563019
6900,684,0.2786785066127777
6910,685,0.26572364568710327
6920,686,0.21300627291202545
6930,687,0.1930362731218338
6940,688,0.19490426778793335
6950,689,0.4474577009677887
6960,690,0.15472382307052612
6970,691,0.3344733417034149
6980,692,0.3434295952320099
6990,693,0.35839778184890747
7000,694,0.4384472668170929
7010,695,0.17264750599861145
7020,696,0.5896005630493164
7030,697,0.45028460025787354
7040,698,0.24096143245697021
7050,699,0.2061254233121872
7060,700,0.30825093388557434
7070,701,0.2611906826496124
7080,702,0.2348874807357788
7090,703,0.23901815712451935
7100,704,0.2421230673789978
7110,705,0.22169870138168335
7120,706,0.404649019241333
7130,707,0.2980610430240631
7140,708,0.2616896629333496
7150,709,0.2473919689655304
7160,710,0.3440141975879669
7170,711,0.20976728200912476
7180,712,0.11358484625816345
7190,713,0.2523897886276245
7200,714,0.3503222167491913
7210,715,0.49520331621170044
7220,716,0.19082443416118622
7230,717,0.26473891735076904
7240,718,0.2663742005825043
7250,719,0.22988033294677734
7260,720,0.2808631956577301
7270,721,0.24073338508605957
7280,722,0.172536700963974
7290,723,0.33645713329315186
7300,724,0.10948045551776886
7310,725,0.22646084427833557
7320,726,0.2656022906303406
7330,727,0.37309780716896057
7340,728,0.22920389473438263
7350,729,0.3358709514141083
7360,730,0.46488675475120544
7370,731,0.26255321502685547
7380,732,0.2737376093864441
7390,733,0.2721821963787079
7400,734,0.5022043585777283
7410,735,0.2854406237602234
7420,736,0.30449461936950684
7430,737,0.5667585134506226
7440,738,0.18644684553146362
7450,739,0.22911804914474487
7460,740,0.45026296377182007
7470,741,0.046175651252269745
7480,742,0.2242276519536972
7490,743,0.5410794019699097
7500,744,0.19171619415283203
7510,745,0.38603731989860535
7520,746,0.11255097389221191
7530,747,0.24037975072860718
7540,748,0.2660259008407593
7550,749,0.30419230461120605
7560,750,0.16558432579040527
7570,751,0.17303462326526642
7580,752,0.29521146416664124
7590,753,0.14746597409248352
7600,754,0.13065536320209503
7610,755,0.15191668272018433
7620,756,0.2900010347366333
7630,757,0.123492032289505
7640,758,0.3021228611469269
7650,759,0.09999249875545502
7660,760,0.3450377881526947
7670,761,0.2012062519788742
7680,762,0.45950445532798767
7690,763,0.25224727392196655
7700,764,0.3286539912223816
7710,765,0.20134350657463074
7720,766,0.24983610212802887
7730,767,0.3480682671070099
7740,768,0.19514136016368866
7750,769,0.3372069299221039
7760,770,0.45746952295303345
7770,771,0.13933447003364563
7780,772,0.324629545211792
7790,773,0.2344089150428772
7800,774,0.34331804513931274
7810,775,0.18430261313915253
7820,776,0.23778201639652252
7830,777,0.45734453201293945
7840,778,0.40882158279418945
7850,779,0.10995616018772125
7860,780,0.24860107898712158
7870,781,0.17186351120471954
7880,782,0.22760272026062012
7890,783,0.3748306334018707
7900,784,0.13168248534202576
7910,785,0.15980561077594757
7920,786,0.4844287037849426
7930,787,0.22527602314949036
7940,788,0.22826936841011047
7950,789,0.4038727581501007
7960,790,0.2130662053823471
7970,791,0.21866953372955322
7980,792,0.22609733045101166
7990,793,0.09194562584161758
8000,794,0.3211619257926941
8010,795,0.28108686208724976
8020,796,0.2513040006160736
8030,797,0.23320582509040833
8040,798,0.1272221803665161
8050,799,0.19933292269706726
8060,800,0.3886677622795105
8070,801,0.16221600770950317
8080,802,0.24120256304740906
8090,803,0.14848177134990692
8100,804,0.13691446185112
8110,805,0.09592107683420181
8120,806,0.21333405375480652
8130,807,0.14829836785793304
8140,808,0.32701611518859863
8150,809,0.2208264023065567
8160,810,0.1452026218175888
8170,811,0.2916296422481537
8180,812,0.05203923210501671
8190,813,0.14085978269577026
8200,814,0.25593873858451843
8210,815,0.09821460396051407
8220,816,0.12468162178993225
8230,817,0.19721083343029022
8240,818,0.198186993598938
8250,819,0.24987953901290894
8260,820,0.2447381168603897
8270,821,0.22947826981544495
8280,822,0.42034703493118286
8290,823,0.1661835014820099
8300,824,0.17458575963974
8310,825,0.2926778793334961
8320,826,0.30118218064308167
8330,827,0.20248980820178986
8340,828,0.29839760065078735
8350,829,0.20451703667640686
8360,830,0.2862509489059448
8370,831,0.14220471680164337
8380,832,0.1481184959411621
8390,833,0.3570821285247803
8400,834,0.2408795803785324
8410,835,0.40582355856895447
8420,836,0.12032359093427658
8430,837,0.3313440680503845
8440,838,0.12638211250305176
8450,839,0.27894118428230286
8460,840,0.19043104350566864
8470,841,0.10073751211166382
8480,842,0.24662669003009796
8490,843,0.1367638111114502
8500,844,0.1341862678527832
8510,845,0.23772859573364258
8520,846,0.16937129199504852
8530,847,0.30483976006507874
8540,848,0.31520146131515503
8550,849,0.25460779666900635
8560,850,0.18120568990707397
8570,851,0.20460422337055206
8580,852,0.14841535687446594
8590,853,0.2973535358905792
8600,854,0.4216192960739136
8610,855,0.19529110193252563
8620,856,0.23574557900428772
8630,857,0.2254183441400528
8640,858,0.32208824157714844
8650,859,0.24491727352142334
8660,860,0.22765201330184937
8670,861,0.2189498096704483
8680,862,0.10505076497793198
8690,863,0.3355388939380646
8700,864,0.2865285575389862
8710,865,0.10188499093055725
8720,866,0.15369845926761627
8730,867,0.15943554043769836
8740,868,0.19902202486991882
8750,869,0.39470016956329346
8760,870,0.3079332113265991
8770,871,0.2576584815979004
8780,872,0.0719105452299118
8790,873,0.39806482195854187
8800,874,0.21296074986457825
8810,875,0.2310868799686432
8820,876,0.19744092226028442
8830,877,0.4052296578884125
8840,878,0.1805276721715927
8850,879,0.36205220222473145
8860,880,0.2689649164676666
8870,881,0.24102722108364105
8880,882,0.11938566714525223
8890,883,0.14277103543281555
8900,884,0.31103143095970154
8910,885,0.23500601947307587
8920,886,0.21650269627571106
8930,887,0.19466450810432434
8940,888,0.336697518825531
8950,889,0.4737946093082428
8960,890,0.2830568552017212
8970,891,0.2993232011795044
8980,892,0.19499361515045166
8990,893,0.21879258751869202
9000,894,0.16600078344345093
9010,895,0.26360151171684265
9020,896,0.07300563901662827
9030,897,0.21023862063884735
9040,898,0.1893298178911209
9050,899,0.27150678634643555
9060,900,0.16021448373794556
9070,901,0.16297604143619537
9080,902,0.2176600843667984
9090,903,0.26428812742233276
9100,904,0.17453289031982422
9110,905,0.35710564255714417
9120,906,0.1320938616991043
9130,907,0.10763666033744812
9140,908,0.22768667340278625
9150,909,0.2349923551082611
9160,910,0.24601569771766663
9170,911,0.23104411363601685
9180,912,0.12202539294958115
9190,913,0.20546002686023712
9200,914,0.3073309063911438
9210,915,0.11747407913208008
9220,916,0.09750194102525711
9230,917,0.2342141568660736
9240,918,0.25046199560165405
9250,919,0.1558387577533722
9260,920,0.23180241882801056
9270,921,0.1172139048576355
9280,922,0.14682559669017792
9290,923,0.2288280576467514
9300,924,0.23778070509433746
9310,925,0.3560088574886322
9320,926,0.14017027616500854
9330,927,0.3236578702926636
9340,928,0.1104954406619072
9350,929,0.14277751743793488
9360,930,0.17601870000362396
9370,931,0.29683881998062134
9380,932,0.24496977031230927
9390,933,0.34091225266456604
9400,934,0.27152833342552185
9410,935,0.4240204095840454
9420,936,0.0881754532456398
9430,937,0.11295707523822784
9440,938,0.4490652084350586
9450,939,0.3797203302383423
9460,940,0.11385513097047806
9470,941,0.3247251510620117
9480,942,0.1434689313173294
9490,943,0.17442849278450012
9500,944,0.204565167427063
9510,945,0.1420622020959854
9520,946,0.21150004863739014
9530,947,0.1009976863861084
9540,948,0.06121354550123215
9550,949,0.19707150757312775
9560,950,0.364144891500473
9570,951,0.19708296656608582
9580,952,0.16820916533470154
9590,953,0.16260920464992523
9600,954,0.29370829463005066
9610,955,0.2456393986940384
9620,956,0.16979236900806427
9630,957,0.10027529299259186
9640,958,0.28498849272727966
9650,959,0.04970552772283554
9660,960,0.2976893186569214
9670,961,0.3124021589756012
9680,962,0.3555067181587219
9690,963,0.21817368268966675
9700,964,0.09949573129415512
9710,965,0.29920175671577454
9720,966,0.20030200481414795
9730,967,0.2527029812335968
9740,968,0.08355442434549332
9750,969,0.06901144981384277
9760,970,0.10056072473526001
9770,971,0.14965121448040009
9780,972,0.3006897270679474
9790,973,0.2902580499649048
9800,974,0.12530802190303802
9810,975,0.233369380235672
9820,976,0.12402010709047318
9830,977,0.1578918695449829
9840,978,0.39916107058525085
9850,979,0.06790821999311447
9860,980,0.24245041608810425
9870,981,0.43564221262931824
9880,982,0.07596640288829803
9890,983,0.29640668630599976
9900,984,0.08845128118991852
9910,985,0.10427246987819672
9920,986,0.21117429435253143
9930,987,0.06673897057771683
9940,988,0.09118641167879105
9950,989,0.30915290117263794
9960,990,0.19478139281272888
9970,991,0.18366935849189758
9980,992,0.12533381581306458
9990,993,0.2559989392757416
10000,994,0.18546812236309052
10010,995,0.16361895203590393
10020,996,0.187645822763443
10030,997,0.2043742686510086
10040,998,0.09502161294221878
10050,999,0.33657243847846985
10060,1000,0.18703502416610718
10070,1001,0.23748238384723663
10080,1002,0.20312470197677612
10090,1003,0.11037839949131012
10100,1004,0.3870319724082947
10110,1005,0.12357740849256516
10120,1006,0.30691713094711304
10130,1007,0.13907445967197418
10140,1008,0.1940079927444458
10150,1009,0.23131808638572693
10160,1010,0.2567135989665985
10170,1011,0.15934394299983978
10180,1012,0.18513056635856628
10190,1013,0.3239768147468567
10200,1014,0.35317254066467285
10210,1015,0.3248251676559448
10220,1016,0.08759814500808716
10230,1017,0.15302163362503052
10240,1018,0.2511765658855438
10250,1019,0.24078074097633362
10260,1020,0.2620043158531189
10270,1021,0.21544691920280457
10280,1022,0.21835477650165558
10290,1023,0.11055092513561249
10300,1024,0.27768057584762573
10310,1025,0.28812482953071594
10320,1026,0.19913123548030853
10330,1027,0.1604534536600113
10340,1028,0.14335030317306519
10350,1029,0.47200724482536316
10360,1030,0.24978935718536377
10370,1031,0.10758242011070251
10380,1032,0.16968819499015808
10390,1033,0.3988782465457916
10400,1034,0.12981970608234406
10410,1035,0.16777154803276062
10420,1036,0.2420375645160675
10430,1037,0.14000096917152405
10440,1038,0.13100892305374146
10450,1039,0.13486020267009735
10460,1040,0.25217270851135254
10470,1041,0.11336233466863632
10480,1042,0.2652527689933777
10490,1043,0.16878028213977814
10500,1044,0.42757755517959595
10510,1045,0.13226047158241272
10520,1046,0.3453129529953003
10530,1047,0.24682307243347168
10540,1048,0.22987240552902222
10550,1049,0.29585394263267517
10560,1050,0.23608170449733734
10570,1051,0.10037000477313995
10580,1052,0.45176851749420166
10590,1053,0.3689037561416626
10600,1054,0.1998310685157776
10610,1055,0.04938896745443344
10620,1056,0.2540924549102783
10630,1057,0.3007250428199768
10640,1058,0.07510412484407425
10650,1059,0.13970163464546204
10660,1060,0.27609068155288696
10670,1061,0.42451784014701843
10680,1062,0.15732300281524658
10690,1063,0.17581221461296082
10700,1064,0.08474168926477432
10710,1065,0.3240918815135956
10720,1066,0.26780611276626587
10730,1067,0.1576813906431198
10740,1068,0.249579519033432
10750,1069,0.22193342447280884
10760,1070,0.30178719758987427
10770,1071,0.1782383918762207
10780,1072,0.24446174502372742
10790,1073,0.35679858922958374
10800,1074,0.19318072497844696
10810,1075,0.5832506418228149
10820,1076,0.22412927448749542
10830,1077,0.3568827211856842
10840,1078,0.22886747121810913
10850,1079,0.42117437720298767
10860,1080,0.3514634668827057
10870,1081,0.20856165885925293
10880,1082,0.1844301074743271
10890,1083,0.22689856588840485
10900,1084,0.2207983434200287
10910,1085,0.29601913690567017
10920,1086,0.2061888575553894
10930,1087,0.13506224751472473
10940,1088,0.299616277217865
10950,1089,0.1864565759897232
10960,1090,0.10148439556360245
10970,1091,0.21456609666347504
10980,1092,0.3504071533679962
10990,1093,0.29687121510505676
11000,1094,0.13297559320926666
11010,1095,0.22165586054325104
11020,1096,0.422547310590744
11030,1097,0.2669232487678528
11040,1098,0.16150271892547607
11050,1099,0.22478923201560974
11060,1100,0.24139368534088135
11070,1101,0.08711910247802734
11080,1102,0.3991272747516632
11090,1103,0.32916688919067383
11100,1104,0.33406180143356323
11110,1105,0.31148287653923035
11120,1106,0.17151302099227905
11130,1107,0.09649302065372467
11140,1108,0.3013588488101959
11150,1109,0.17505435645580292
11160,1110,0.22680769860744476
11170,1111,0.33605486154556274
11180,1112,0.2726096212863922
11190,1113,0.23067183792591095
11200,1114,0.3232108950614929
11210,1115,0.34695547819137573
11220,1116,0.23929283022880554
11230,1117,0.2884426414966583
11240,1118,0.2994672954082489
11250,1119,0.27049216628074646
11260,1120,0.22809378802776337
11270,1121,0.1285049021244049
11280,1122,0.4618070423603058
11290,1123,0.32104992866516113
11300,1124,0.28595417737960815
11310,1125,0.339709997177124
11320,1126,0.18740634620189667
11330,1127,0.34478145837783813
11340,1128,0.21560433506965637
11350,1129,0.15271364152431488
11360,1130,0.2738150358200073
11370,1131,0.21093200147151947
11380,1132,0.23080658912658691
11390,1133,0.09727051854133606
11400,1134,0.29409411549568176
11410,1135,0.32220524549484253
11420,1136,0.17322781682014465
11430,1137,0.5227142572402954
11440,1138,0.3335801661014557
11450,1139,0.37850287556648254
11460,1140,0.13855381309986115
11470,1141,0.25570833683013916
11480,1142,0.2693483233451843
11490,1143,0.21528750658035278
11500,1144,0.2837248146533966
11510,1145,0.20969539880752563
11520,1146,0.06302493810653687
11530,1147,0.1744132936000824
11540,1148,0.26936954259872437
11550,1149,0.4213874936103821
11560,1150,0.07321713864803314
11570,1151,0.3067207932472229
11580,1152,0.21126729249954224
11590,1153,0.2757449448108673
11600,1154,0.2291877418756485
11610,1155,0.2651156187057495
11620,1156,0.16298224031925201
11630,1157,0.09576791524887085
11640,1158,0.27371808886528015
11650,1159,0.32197678089141846
11660,1160,0.15346406400203705
11670,1161,0.25504839420318604
11680,1162,0.2061208039522171
11690,1163,0.20603445172309875
11700,1164,0.1730145663022995
11710,1165,0.26306357979774475
11720,1166,0.3799155056476593
11730,1167,0.10497359931468964
11740,1168,0.16427285969257355
11750,1169,0.07057023793458939
11760,1170,0.25938689708709717
11770,1171,0.1681220531463623
11780,1172,0.4327715337276459
11790,1173,0.24484515190124512
11800,1174,0.23646681010723114
11810,1175,0.11075618118047714
11820,1176,0.15976005792617798
11830,1177,0.36419177055358887
11840,1178,0.23209837079048157
11850,1179,0.16934248805046082
11860,1180,0.13950829207897186
11870,1181,0.3500713109970093
11880,1182,0.2520068883895874
11890,1183,0.3567405641078949
11900,1184,0.2235918641090393
11910,1185,0.07195582985877991
11920,1186,0.2670482397079468
11930,1187,0.2986685633659363
11940,1188,0.1969580054283142
11950,1189,0.3407933712005615
11960,1190,0.1366950273513794
11970,1191,0.14928752183914185
11980,1192,0.20014309883117676
11990,1193,0.1805972307920456
12000,1194,0.2495202124118805
12010,1195,0.1967105120420456
12020,1196,0.26299020648002625
12030,1197,0.34673404693603516
12040,1198,0.44073665142059326
12050,1199,0.29799002408981323
12060,1200,0.3454412817955017
12070,1201,0.07509513199329376
12080,1202,0.2598094940185547
12090,1203,0.2947506308555603
12100,1204,0.3375740647315979
12110,1205,0.18391063809394836
12120,1206,0.3267500698566437
12130,1207,0.24288758635520935
12140,1208,0.5189528465270996
12150,1209,0.5230010151863098
12160,1210,0.12281032651662827
12170,1211,0.4042549729347229
12180,1212,0.3798616826534271
12190,1213,0.24969075620174408
12200,1214,0.20561257004737854
12210,1215,0.2702484726905823
12220,1216,0.40229707956314087
12230,1217,0.28410178422927856
12240,1218,0.31096893548965454
12250,1219,0.12475458532571793
12260,1220,0.27719762921333313
12270,1221,0.19686488807201385
12280,1222,0.3706221580505371
12290,1223,0.25176697969436646
12300,1224,0.27146056294441223
12310,1225,0.40404456853866577
12320,1226,0.13281622529029846
12330,1227,0.13181862235069275
12340,1228,0.6764572858810425
12350,1229,0.28150317072868347
12360,1230,0.1605888307094574
12370,1231,0.31738051772117615
12380,1232,0.6715294122695923
12390,1233,0.28501877188682556
12400,1234,0.20960652828216553
12410,1235,0.10339158773422241
12420,1236,0.2835596203804016
12430,1237,0.22958926856517792
12440,1238,0.1915437877178192
12450,1239,0.30634230375289917
12460,1240,0.250020295381546
12470,1241,0.40694862604141235
12480,1242,0.25830739736557007
12490,1243,0.46765750646591187
12500,1244,0.18463927507400513
12510,1245,0.18767578899860382
12520,1246,0.12858068943023682
12530,1247,0.3248947560787201
12540,1248,0.3287791609764099
12550,1249,0.12049040198326111
12560,1250,0.24179790914058685
12570,1251,0.07763415575027466
12580,1252,0.17960967123508453
12590,1253,0.12082252651453018
12600,1254,0.16916225850582123
12610,1255,0.22340402007102966
12620,1256,0.17512889206409454
12630,1257,0.3153385519981384
12640,1258,0.12421093136072159
12650,1259,0.2602366805076599
12660,1260,0.04771357774734497
12670,1261,0.3282366991043091
12680,1262,0.07649032771587372
12690,1263,0.0810130387544632
12700,1264,0.36951693892478943
12710,1265,0.4889821708202362
12720,1266,0.22122281789779663
12730,1267,0.1277567446231842
12740,1268,0.20029795169830322
12750,1269,0.2980101704597473
12760,1270,0.17794865369796753
12770,1271,0.1328120231628418
12780,1272,0.3308936655521393
12790,1273,0.27070772647857666
12800,1274,0.38235902786254883
12810,1275,0.17001616954803467
12820,1276,0.18364335596561432
12830,1277,0.1386604607105255
12840,1278,0.25166669487953186
12850,1279,0.2737112045288086
12860,1280,0.2572903037071228
12870,1281,0.3614974021911621
12880,1282,0.1564379632472992
12890,1283,0.3486943244934082
12900,1284,0.14829666912555695
12910,1285,0.1737731397151947
12920,1286,0.20266471803188324
12930,1287,0.3565486967563629
12940,1288,0.2037767469882965
12950,1289,0.4724217355251312
12960,1290,0.3001062273979187
12970,1291,0.30451637506484985
12980,1292,0.4809207320213318
12990,1293,0.15112555027008057
13000,1294,0.23260122537612915
13010,1295,0.15429072082042694
13020,1296,0.2880244553089142
13030,1297,0.2643469572067261
13040,1298,0.1516048163175583
13050,1299,0.2352360337972641
13060,1300,0.12448685616254807
13070,1301,0.16458097100257874
13080,1302,0.22771628201007843
13090,1303,0.09849949926137924
13100,1304,0.184789776802063
13110,1305,0.21716374158859253
13120,1306,0.3357298672199249
13130,1307,0.21702517569065094
13140,1308,0.09139137715101242
13150,1309,0.15088506042957306
13160,1310,0.23027582466602325
13170,1311,0.4685278534889221
13180,1312,0.277296245098114
13190,1313,0.1359560340642929
13200,1314,0.23717263340950012
13210,1315,0.15288133919239044
13220,1316,0.3232877850532532
13230,1317,0.16335196793079376
13240,1318,0.2160920649766922
13250,1319,0.17171113193035126
13260,1320,0.325217068195343
13270,1321,0.2618350088596344
13280,1322,0.29970043897628784
13290,1323,0.37304311990737915
13300,1324,0.37783268094062805
13310,1325,0.11524482816457748
13320,1326,0.19200216233730316
13330,1327,0.4522879123687744
13340,1328,0.1909657120704651
13350,1329,0.17600180208683014
13360,1330,0.32066506147384644
13370,1331,0.2585242986679077
13380,1332,0.21075788140296936
13390,1333,0.19804082810878754
13400,1334,0.11796700954437256
13410,1335,0.2946021556854248
13420,1336,0.07935802638530731
13430,1337,0.12626062333583832
13440,1338,0.18435218930244446
13450,1339,0.24893523752689362
13460,1340,0.1993865966796875
13470,1341,0.3491360545158386
13480,1342,0.13004806637763977
13490,1343,0.5477918386459351
13500,1344,0.22743166983127594
13510,1345,0.32761314511299133
13520,1346,0.21166910231113434
13530,1347,0.1264858841896057
13540,1348,0.1419682800769806
13550,1349,0.3509140908718109
13560,1350,0.08198297768831253
13570,1351,0.28201934695243835
13580,1352,0.265390545129776
13590,1353,0.27855801582336426
13600,1354,0.2575191855430603
13610,1355,0.2547609210014343
13620,1356,0.35388439893722534
13630,1357,0.27561211585998535
13640,1358,0.2268209159374237
13650,1359,0.2138705551624298
13660,1360,0.15933194756507874
13670,1361,0.11025650054216385
13680,1362,0.2584701180458069
13690,1363,0.17489871382713318
13700,1364,0.1684167981147766
13710,1365,0.2868811786174774
13720,1366,0.14737176895141602
13730,1367,0.27965688705444336
13740,1368,0.09145493060350418
13750,1369,0.22286571562290192
13760,1370,0.212619349360466
13770,1371,0.22742725908756256
13780,1372,0.21335314214229584
13790,1373,0.3673739433288574
13800,1374,0.16337944567203522
13810,1375,0.16048213839530945
13820,1376,0.29642751812934875
13830,1377,0.17433033883571625
13840,1378,0.45353659987449646
13850,1379,0.33863207697868347
13860,1380,0.3175569772720337
13870,1381,0.38386479020118713
13880,1382,0.35386061668395996
13890,1383,0.12881866097450256
13900,1384,0.3539723753929138
13910,1385,0.1103401631116867
13920,1386,0.3303842544555664
13930,1387,0.3559580445289612
13940,1388,0.3012487590312958
13950,1389,0.21807566285133362
13960,1390,0.15620920062065125
13970,1391,0.3293704092502594
13980,1392,0.38484635949134827
13990,1393,0.6124367713928223
14000,1394,0.2700699269771576
14010,1395,0.17886392772197723
14020,1396,0.2136925756931305
14030,1397,0.256500244140625
14040,1398,0.18348819017410278
14050,1399,0.2784523367881775
14060,1400,0.1292603760957718
14070,1401,0.25149598717689514
14080,1402,0.19542166590690613
14090,1403,0.20640534162521362
14100,1404,0.1543406844139099
14110,1405,0.2865658402442932
14120,1406,0.32433825731277466
14130,1407,0.17038869857788086
14140,1408,0.29866400361061096
14150,1409,0.2478824257850647
14160,1410,0.46341466903686523
14170,1411,0.26540109515190125
14180,1412,0.237356036901474
14190,1413,0.15177267789840698
14200,1414,0.28060048818588257
14210,1415,0.400929719209671
14220,1416,0.2368280589580536
14230,1417,0.31818443536758423
14240,1418,0.4638519585132599
14250,1419,0.3976704776287079
14260,1420,0.2110549956560135
14270,1421,0.33498531579971313
14280,1422,0.3129967749118805
14290,1423,0.12312363088130951
14300,1424,0.17751944065093994
14310,1425,0.2817142903804779
14320,1426,0.2427801787853241
14330,1427,0.2863140404224396
14340,1428,0.19672802090644836
14350,1429,0.4016675651073456
14360,1430,0.12609179317951202
14370,1431,0.4129970967769623
14380,1432,0.19415217638015747
14390,1433,0.3051433265209198
14400,1434,0.5045768618583679
14410,1435,0.0910489484667778
14420,1436,0.1938285529613495
14430,1437,0.03836481645703316
14440,1438,0.1393979787826538
14450,1439,0.22326058149337769
14460,1440,0.2701805531978607
14470,1441,0.28213930130004883
14480,1442,0.14879152178764343
14490,1443,0.13484951853752136
14500,1444,0.44099161028862
14510,1445,0.17607232928276062
14520,1446,0.2502461373806
14530,1447,0.27728527784347534
14540,1448,0.31002897024154663
14550,1449,0.34859704971313477
14560,1450,0.13542303442955017
14570,1451,0.2969817519187927
14580,1452,0.2875632047653198
14590,1453,0.1837126910686493
14600,1454,0.19457070529460907
14610,1455,0.18902833759784698
14620,1456,0.19035163521766663
14630,1457,0.2618168592453003
14640,1458,0.11252712458372116
14650,1459,0.14867135882377625
14660,1460,0.28352656960487366
14670,1461,0.15972940623760223
14680,1462,0.1888132244348526
14690,1463,0.28501635789871216
14700,1464,0.18457823991775513
14710,1465,0.34664225578308105
14720,1466,0.08782520890235901
14730,1467,0.2738938331604004
14740,1468,0.21794934570789337
14750,1469,0.23594379425048828
14760,1470,0.14782515168190002
14770,1471,0.21127364039421082
14780,1472,0.28714868426322937
14790,1473,0.2747003734111786
14800,1474,0.16407570242881775
14810,1475,0.24475166201591492
14820,1476,0.09462326765060425
14830,1477,0.13191485404968262
14840,1478,0.3925580382347107
14850,1479,0.11639712750911713
14860,1480,0.05446091666817665
14870,1481,0.19918066263198853
14880,1482,0.11964000761508942
14890,1483,0.19298292696475983
14900,1484,0.22535718977451324
14910,1485,0.1024569720029831
14920,1486,0.16298344731330872
14930,1487,0.14008061587810516
14940,1488,0.22059252858161926
14950,1489,0.11194123327732086
14960,1490,0.17172923684120178
14970,1491,0.22847357392311096
14980,1492,0.12517938017845154
14990,1493,0.25274235010147095
15000,1494,0.25963348150253296
15010,1495,0.2864116132259369
15020,1496,0.32564616203308105
15030,1497,0.17796331644058228
15040,1498,0.34633392095565796
15050,1499,0.2917882204055786
15060,1500,0.2226250171661377
15070,1501,0.253070205450058
15080,1502,0.21150901913642883
15090,1503,0.2642851769924164
15100,1504,0.35136184096336365
15110,1505,0.4313434958457947
15120,1506,0.20195272564888
15130,1507,0.11385195702314377
15140,1508,0.08925539255142212
15150,1509,0.3766961097717285
15160,1510,0.3507840037345886
15170,1511,0.1518171727657318
15180,1512,0.18253478407859802
15190,1513,0.3269377648830414
15200,1514,0.2564381957054138
15210,1515,0.4101109504699707
15220,1516,0.3393293619155884
15230,1517,0.2388344258069992
15240,1518,0.29052552580833435
15250,1519,0.1767684817314148
15260,1520,0.1839570254087448
15270,1521,0.06575305014848709
15280,1522,0.14547234773635864
15290,1523,0.22487470507621765
15300,1524,0.31473609805107117
15310,1525,0.4041208028793335
15320,1526,0.12847194075584412
15330,1527,0.24889226257801056
15340,1528,0.3263653814792633
15350,1529,0.14754505455493927
15360,1530,0.2084999829530716
15370,1531,0.23762038350105286
15380,1532,0.0567430779337883
15390,1533,0.36685019731521606
15400,1534,0.12155512720346451
15410,1535,0.3653295040130615
15420,1536,0.17564646899700165
15430,1537,0.5100752115249634
15440,1538,0.11450613290071487
15450,1539,0.3629337549209595
15460,1540,0.24192821979522705
15470,1541,0.36570751667022705
15480,1542,0.30084896087646484
15490,1543,0.16817863285541534
15500,1544,0.5068372488021851
15510,1545,0.18302284181118011
15520,1546,0.16022410988807678
15530,1547,0.14270903170108795
15540,1548,0.10341136157512665
15550,1549,0.1929619461297989
15560,1550,0.10461141169071198
15570,1551,0.11572086066007614
15580,1552,0.1163526177406311
15590,1553,0.3009600043296814
15600,1554,0.14339248836040497
15610,1555,0.3911636471748352
15620,1556,0.0894024595618248
15630,1557,0.25262323021888733
15640,1558,0.09846913814544678
15650,1559,0.05162062495946884
15660,1560,0.31378185749053955
15670,1561,0.18249015510082245
15680,1562,0.09048867225646973
15690,1563,0.22793030738830566
15700,1564,0.2250649631023407
15710,1565,0.20084106922149658
15720,1566,0.10654795914888382
15730,1567,0.179441437125206
15740,1568,0.2875500023365021
15750,1569,0.23876115679740906
15760,1570,0.2154254913330078
15770,1571,0.044598713517189026
15780,1572,0.24600626528263092
15790,1573,0.2846652865409851
15800,1574,0.29394465684890747
15810,1575,0.432201623916626
15820,1576,0.30102020502090454
15830,1577,0.41981223225593567
15840,1578,0.23817721009254456
15850,1579,0.2211330085992813
15860,1580,0.20614664256572723
15870,1581,0.15059542655944824
15880,1582,0.15321741998195648
15890,1583,0.29550784826278687
15900,1584,0.32740357518196106
15910,1585,0.3064790368080139
15920,1586,0.2788754403591156
15930,1587,0.23291805386543274
15940,1588,0.10085282474756241
15950,1589,0.1889556646347046
15960,1590,0.15712052583694458
15970,1591,0.33639052510261536
15980,1592,0.13608764111995697
15990,1593,0.22714221477508545
16000,1594,0.3185501992702484
16010,1595,0.28893741965293884
16020,1596,0.17105790972709656
16030,1597,0.24935412406921387
16040,1598,0.11317787319421768
16050,1599,0.3582841753959656
16060,1600,0.32378265261650085
16070,1601,0.16234271228313446
16080,1602,0.2085789442062378
16090,1603,0.28232863545417786
16100,1604,0.1910591423511505
16110,1605,0.2642649710178375
16120,1606,0.11471342295408249
16130,1607,0.24872393906116486
16140,1608,0.11930860579013824
16150,1609,0.12253979593515396
16160,1610,0.24336519837379456
16170,1611,0.18911653757095337
16180,1612,0.24494940042495728
16190,1613,0.2337885946035385
16200,1614,0.1455899327993393
16210,1615,0.1321888566017151
16220,1616,0.10056184977293015
16230,1617,0.1527462899684906
16240,1618,0.26001793146133423
16250,1619,0.33472394943237305
16260,1620,0.182145357131958
16270,1621,0.28999948501586914
16280,1622,0.31403979659080505
16290,1623,0.0764305591583252
16300,1624,0.16175685822963715
16310,1625,0.15751352906227112
16320,1626,0.2776084840297699
16330,1627,0.19381698966026306
16340,1628,0.1744195967912674
16350,1629,0.2324308156967163
16360,1630,0.13738472759723663
16370,1631,0.08531439304351807
16380,1632,0.2854515314102173
16390,1633,0.13543735444545746
16400,1634,0.3048311173915863
16410,1635,0.30792558193206787
16420,1636,0.13414859771728516
16430,1637,0.18381887674331665
16440,1638,0.19496676325798035
16450,1639,0.21424944698810577
16460,1640,0.08017127960920334
16470,1641,0.21940141916275024
16480,1642,0.23212827742099762
16490,1643,0.3722740411758423
16500,1644,0.1344919204711914
16510,1645,0.21033373475074768
16520,1646,0.18395757675170898
16530,1647,0.1416957527399063
16540,1648,0.29712456464767456
16550,1649,0.09626757353544235
16560,1650,0.14788997173309326
16570,1651,0.275712251663208
16580,1652,0.1847342997789383
16590,1653,0.16431738436222076
16600,1654,0.26848718523979187
16610,1655,0.334494411945343
16620,1656,0.27705517411231995
16630,1657,0.2887495756149292
16640,1658,0.28921663761138916
16650,1659,0.2544151842594147
16660,1660,0.17560365796089172
16670,1661,0.13660866022109985
16680,1662,0.1492195874452591
16690,1663,0.27561044692993164
16700,1664,0.14602118730545044
16710,1665,0.15133582055568695
16720,1666,0.3197791278362274
16730,1667,0.2749464809894562
16740,1668,0.19580712914466858
16750,1669,0.2155192494392395
16760,1670,0.10092149674892426
16770,1671,0.1637604832649231
16780,1672,0.33409881591796875
16790,1673,0.42176368832588196
16800,1674,0.19758401811122894
16810,1675,0.12267789989709854
16820,1676,0.2568643391132355
16830,1677,0.06075945869088173
16840,1678,0.4810541868209839
16850,1679,0.13212735950946808
16860,1680,0.26827892661094666
16870,1681,0.022874677553772926
16880,1682,0.32565534114837646
16890,1683,0.12552349269390106
16900,1684,0.15960609912872314
16910,1685,0.20059466361999512
16920,1686,0.3718806803226471
16930,1687,0.26135575771331787
16940,1688,0.1910630464553833
16950,1689,0.30357739329338074
16960,1690,0.13544711470603943
16970,1691,0.19434435665607452
16980,1692,0.1348053365945816
16990,1693,0.02349410392343998
17000,1694,0.34661340713500977
17010,1695,0.14749741554260254
17020,1696,0.2255832403898239
17030,1697,0.20095835626125336
17040,1698,0.08539796620607376
17050,1699,0.15836818516254425
17060,1700,0.2219167947769165
17070,1701,0.34220293164253235
17080,1702,0.10414202511310577
17090,1703,0.17688091099262238
17100,1704,0.15791764855384827
17110,1705,0.2531088590621948
17120,1706,0.22642555832862854
17130,1707,0.28452396392822266
17140,1708,0.1553657501935959
17150,1709,0.21093332767486572
17160,1710,0.05593813955783844
17170,1711,0.18884915113449097
17180,1712,0.13520003855228424
17190,1713,0.31365060806274414
17200,1714,0.29109862446784973
17210,1715,0.39988529682159424
17220,1716,0.24192386865615845
17230,1717,0.04215236380696297
17240,1718,0.1361982524394989
17250,1719,0.2822839319705963
17260,1720,0.29212459921836853
17270,1721,0.2538982033729553
17280,1722,0.34578457474708557
17290,1723,0.15803317725658417
17300,1724,0.12960141897201538
17310,1725,0.3584224581718445
17320,1726,0.1864060014486313
17330,1727,0.049087755382061005
17340,1728,0.0983508750796318
17350,1729,0.21665962040424347
17360,1730,0.15468278527259827
17370,1731,0.28236961364746094
17380,1732,0.2302507609128952
17390,1733,0.10055297613143921
17400,1734,0.2855927348136902
17410,1735,0.21475692093372345
17420,1736,0.16855578124523163
17430,1737,0.3683059513568878
17440,1738,0.23354536294937134
17450,1739,0.1664208471775055
17460,1740,0.23653057217597961
17470,1741,0.1787266731262207
17480,1742,0.27605974674224854
17490,1743,0.1980716437101364
17500,1744,0.33638715744018555
17510,1745,0.25524669885635376
17520,1746,0.18151797354221344
17530,1747,0.1453460305929184
17540,1748,0.254696786403656
17550,1749,0.08281910419464111
17560,1750,0.1491660177707672
17570,1751,0.12789398431777954
17580,1752,0.21204780042171478
17590,1753,0.26282408833503723
17600,1754,0.21435236930847168
17610,1755,0.18317891657352448
17620,1756,0.2471301257610321
17630,1757,0.10018651932477951
17640,1758,0.24702318012714386
17650,1759,0.2719632387161255
17660,1760,0.179811492562294
17670,1761,0.301961213350296
17680,1762,0.10135883092880249
17690,1763,0.19860443472862244
17700,1764,0.08097216486930847
17710,1765,0.24120448529720306
17720,1766,0.17855215072631836
17730,1767,0.1834544986486435
17740,1768,0.05091097205877304
17750,1769,0.1915108859539032
17760,1770,0.07090595364570618
17770,1771,0.2469666302204132
17780,1772,0.09460599720478058
17790,1773,0.16946648061275482
17800,1774,0.29604607820510864
17810,1775,0.21402831375598907
17820,1776,0.18839696049690247
17830,1777,0.13170307874679565
17840,1778,0.14144372940063477
17850,1779,0.24509820342063904
17860,1780,0.14598983526229858
17870,1781,0.3191863000392914
17880,1782,0.23355939984321594
17890,1783,0.07104023545980453
17900,1784,0.17767485976219177
17910,1785,0.20413491129875183
17920,1786,0.16015103459358215
17930,1787,0.16901655495166779
17940,1788,0.20180705189704895
17950,1789,0.2601443827152252
17960,1790,0.11081384867429733
17970,1791,0.1985083967447281
17980,1792,0.1504226177930832
17990,1793,0.08676151931285858
18000,1794,0.18881994485855103
18010,1795,0.19104476273059845
18020,1796,0.0772542953491211
18030,1797,0.23688477277755737
18040,1798,0.167259082198143
18050,1799,0.31698453426361084
18060,1800,0.48010751605033875
18070,1801,0.10991257429122925
18080,1802,0.2547072172164917
18090,1803,0.3392348289489746
18100,1804,0.07653366029262543
18110,1805,0.2626535892486572
18120,1806,0.12449737638235092
18130,1807,0.07271797955036163
18140,1808,0.1757178157567978
18150,1809,0.1255987137556076
18160,1810,0.2630505859851837
18170,1811,0.13065361976623535
18180,1812,0.24892500042915344
18190,1813,0.25846153497695923
18200,1814,0.18616271018981934
18210,1815,0.17162227630615234
18220,1816,0.30887964367866516
18230,1817,0.2888566553592682
18240,1818,0.47108587622642517
18250,1819,0.11793507635593414
18260,1820,0.20813550055027008
18270,1821,0.14949335157871246
18280,1822,0.08476714789867401
18290,1823,0.06335919350385666
18300,1824,0.17358200252056122
18310,1825,0.437666654586792
18320,1826,0.34234699606895447
18330,1827,0.16274815797805786
18340,1828,0.07065281271934509
18350,1829,0.11266161501407623
18360,1830,0.3126881420612335
18370,1831,0.3337112367153168
18380,1832,0.1447381228208542
18390,1833,0.35882169008255005
18400,1834,0.1866304725408554
18410,1835,0.23228168487548828
18420,1836,0.11206390708684921
18430,1837,0.15405121445655823
18440,1838,0.2766900062561035
18450,1839,0.09033516049385071
18460,1840,0.14025819301605225
18470,1841,0.11665620654821396
18480,1842,0.3205081820487976
18490,1843,0.08792748302221298
18500,1844,0.06857416778802872
18510,1845,0.13384366035461426
18520,1846,0.2560924291610718
18530,1847,0.32850340008735657
18540,1848,0.20133066177368164
18550,1849,0.18468689918518066
18560,1850,0.18859703838825226
18570,1851,0.14027711749076843
18580,1852,0.12235958129167557
18590,1853,0.09496674686670303
18600,1854,0.20614305138587952
18610,1855,0.26761338114738464
18620,1856,0.15849487483501434
18630,1857,0.13069608807563782
18640,1858,0.18328431248664856
18650,1859,0.12212234735488892
18660,1860,0.45494168996810913
18670,1861,0.13720594346523285
18680,1862,0.18660038709640503
18690,1863,0.10582990199327469
18700,1864,0.1556016206741333
18710,1865,0.17705251276493073
18720,1866,0.13734327256679535
18730,1867,0.2774868607521057
18740,1868,0.11441287398338318
18750,1869,0.1848592907190323
18760,1870,0.12222551554441452
18770,1871,0.1787852942943573
18780,1872,0.3029799461364746
18790,1873,0.16969716548919678
18800,1874,0.1630629301071167
18810,1875,0.2910657823085785
18820,1876,0.18615788221359253
18830,1877,0.2703726589679718
18840,1878,0.08138994127511978
18850,1879,0.1217755675315857
18860,1880,0.18958832323551178
18870,1881,0.17522281408309937
18880,1882,0.09562758356332779
18890,1883,0.12210540473461151
18900,1884,0.046862922608852386
18910,1885,0.15548528730869293
18920,1886,0.1366824358701706
18930,1887,0.29172080755233765
18940,1888,0.18394680321216583
18950,1889,0.18446463346481323
18960,1890,0.280435711145401
18970,1891,0.16918756067752838
18980,1892,0.17262431979179382
18990,1893,0.22335651516914368
19000,1894,0.22566629946231842
19010,1895,0.12555314600467682
19020,1896,0.2246709167957306
19030,1897,0.11491962522268295
19040,1898,0.16915488243103027
19050,1899,0.11409346759319305
19060,1900,0.2726900279521942
19070,1901,0.20567086338996887
19080,1902,0.21747557818889618
19090,1903,0.14572162926197052
19100,1904,0.19440941512584686
19110,1905,0.1984185427427292
19120,1906,0.20865361392498016
19130,1907,0.12782764434814453
19140,1908,0.21590225398540497
19150,1909,0.18160369992256165
19160,1910,0.2507476508617401
19170,1911,0.12418095022439957
19180,1912,0.07871851325035095
19190,1913,0.13700252771377563
19200,1914,0.13619588315486908
19210,1915,0.1267300844192505
19220,1916,0.19728437066078186
19230,1917,0.07848641276359558
19240,1918,0.0683237686753273
19250,1919,0.3724558353424072
19260,1920,0.5024623274803162
19270,1921,0.20795834064483643
19280,1922,0.13059113919734955
19290,1923,0.10840827971696854
19300,1924,0.282998263835907
19310,1925,0.2752824127674103
19320,1926,0.18212293088436127
19330,1927,0.16033998131752014
19340,1928,0.2678723931312561
19350,1929,0.2802185118198395
19360,1930,0.16826024651527405
19370,1931,0.1746417135000229
19380,1932,0.015627644956111908
19390,1933,0.19161202013492584
19400,1934,0.21698203682899475
19410,1935,0.1629803478717804
19420,1936,0.20059426128864288
19430,1937,0.19589567184448242
19440,1938,0.19426916539669037
19450,1939,0.11882708966732025
19460,1940,0.18532922863960266
19470,1941,0.23589298129081726
19480,1942,0.17048394680023193
19490,1943,0.18295639753341675
19500,1944,0.013506731018424034
19510,1945,0.19523075222969055
19520,1946,0.0837596133351326
19530,1947,0.12670458853244781
19540,1948,0.17077048122882843
19550,1949,0.1491861790418625
19560,1950,0.11659859865903854
19570,1951,0.16161702573299408
19580,1952,0.3660895824432373
19590,1953,0.2082657814025879
19600,1954,0.27045732736587524
19610,1955,0.15290038287639618
19620,1956,0.24011754989624023
19630,1957,0.03724632039666176
19640,1958,0.2830542027950287
19650,1959,0.36219897866249084
19660,1960,0.21411392092704773
19670,1961,0.2831267714500427
19680,1962,0.05259333550930023
19690,1963,0.029799215495586395
19700,1964,0.08364664018154144
19710,1965,0.38274016976356506
19720,1966,0.11613361537456512
19730,1967,0.4111880660057068
19740,1968,0.13786807656288147
19750,1969,0.31360286474227905
19760,1970,0.13471221923828125
19770,1971,0.10202761739492416
19780,1972,0.11621413379907608
19790,1973,0.12283208966255188
19800,1974,0.08973856270313263
19810,1975,0.24020615220069885
19820,1976,0.027720900252461433
19830,1977,0.23661859333515167
19840,1978,0.14334270358085632
19850,1979,0.31478428840637207
19860,1980,0.102267786860466
19870,1981,0.08370368182659149
19880,1982,0.16820743680000305
19890,1983,0.16194242238998413
19900,1984,0.500202476978302
19910,1985,0.42469632625579834
19920,1986,0.13713426887989044
19930,1987,0.14796756207942963
19940,1988,0.08923360705375671
19950,1989,0.10775675624608994
19960,1990,0.1558534950017929
19970,1991,0.22541232407093048
19980,1992,0.29723644256591797
19990,1993,0.13486029207706451
20000,1994,0.3452431559562683
20010,1995,0.19205808639526367
20020,1996,0.09884525090456009
20030,1997,0.19005294144153595
20040,1998,0.07679139822721481
20050,1999,0.1535370945930481
20060,2000,0.1589614450931549
20070,2001,0.2656971514225006
20080,2002,0.16840699315071106
20090,2003,0.14281372725963593
20100,2004,0.13138680160045624
20110,2005,0.11579069495201111
20120,2006,0.1992294192314148
20130,2007,0.2160358428955078
20140,2008,0.4077894985675812
20150,2009,0.1957104504108429
20160,2010,0.08587288111448288
20170,2011,0.22355420887470245
20180,2012,0.1067446917295456
20190,2013,0.034586142748594284
20200,2014,0.1819375455379486
20210,2015,0.19902560114860535
20220,2016,0.10122261196374893
20230,2017,0.21441113948822021
20240,2018,0.18682171404361725
20250,2019,0.10302719473838806
20260,2020,0.12328410148620605
20270,2021,0.09395241737365723
20280,2022,0.1758691370487213
20290,2023,0.1794847995042801
20300,2024,0.054835811257362366
20310,2025,0.1792781502008438
20320,2026,0.09375845640897751
20330,2027,0.1199081540107727
20340,2028,0.12153083831071854
20350,2029,0.24972423911094666
20360,2030,0.07747773826122284
20370,2031,0.23434863984584808
20380,2032,0.04397651553153992
20390,2033,0.1115231066942215
20400,2034,0.08872101455926895
20410,2035,0.10435332357883453
20420,2036,0.24906261265277863
20430,2037,0.43401142954826355
20440,2038,0.2658069431781769
20450,2039,0.18129393458366394
20460,2040,0.10791436582803726
20470,2041,0.138440802693367
20480,2042,0.058044299483299255
20490,2043,0.1886008083820343
20500,2044,0.18102966248989105
20510,2045,0.1641908437013626
20520,2046,0.1558161973953247
20530,2047,0.16967852413654327
20540,2048,0.15256379544734955
20550,2049,0.16038550436496735
20560,2050,0.15926426649093628
20570,2051,0.30550774931907654
20580,2052,0.05574052408337593
20590,2053,0.22354908287525177
20600,2054,0.0707460269331932
20610,2055,0.15707632899284363
20620,2056,0.21238061785697937
20630,2057,0.11378571391105652
20640,2058,0.21378564834594727
20650,2059,0.17568975687026978
20660,2060,0.1915835440158844
20670,2061,0.09341297298669815
20680,2062,0.22134731709957123
20690,2063,0.23783841729164124
20700,2064,0.1749553382396698
20710,2065,0.08252224326133728
20720,2066,0.1127777248620987
20730,2067,0.13870473206043243
20740,2068,0.13774721324443817
20750,2069,0.12720683217048645
20760,2070,0.12482820451259613
20770,2071,0.0451151579618454
20780,2072,0.11251941323280334
20790,2073,0.10684247314929962
20800,2074,0.03565952181816101
20810,2075,0.1910083144903183
20820,2076,0.06338618695735931
20830,2077,0.2712709307670593
20840,2078,0.1793733686208725
20850,2079,0.26894116401672363
20860,2080,0.21985995769500732
20870,2081,0.08607347309589386
20880,2082,0.05728797987103462
20890,2083,0.15719282627105713
20900,2084,0.1103968694806099
20910,2085,0.09203522652387619
20920,2086,0.20558902621269226
20930,2087,0.14695212244987488
20940,2088,0.15193992853164673
20950,2089,0.07942429184913635
20960,2090,0.2750808596611023
20970,2091,0.18633010983467102
20980,2092,0.08665794134140015
20990,2093,0.17622651159763336
21000,2094,0.10131779313087463
21010,2095,0.28534096479415894
21020,2096,0.13533109426498413
21030,2097,0.12658067047595978
21040,2098,0.2322135865688324
21050,2099,0.07736068964004517
21060,2100,0.11734579503536224
21070,2101,0.2274799346923828
21080,2102,0.05571091175079346
21090,2103,0.34149229526519775
21100,2104,0.34228459000587463
21110,2105,0.13700763881206512
21120,2106,0.13535076379776
21130,2107,0.2107073962688446
21140,2108,0.11912883073091507
21150,2109,0.15394937992095947
21160,2110,0.37454891204833984
21170,2111,0.04684470593929291
21180,2112,0.16851426661014557
21190,2113,0.20135992765426636
21200,2114,0.11253584176301956
21210,2115,0.05773397535085678
21220,2116,0.2143128365278244
21230,2117,0.14516475796699524
21240,2118,0.10078123211860657
21250,2119,0.13332706689834595
21260,2120,0.26859042048454285
21270,2121,0.09329577535390854
21280,2122,0.1444622278213501
21290,2123,0.3238159716129303
21300,2124,0.3596183657646179
21310,2125,0.09557981044054031
21320,2126,0.2875422239303589
21330,2127,0.08894427865743637
21340,2128,0.17508146166801453
21350,2129,0.3119569420814514
21360,2130,0.2211664468050003
21370,2131,0.047568488866090775
21380,2132,0.1287008374929428
21390,2133,0.16705861687660217
21400,2134,0.08585433661937714
21410,2135,0.11076478660106659
21420,2136,0.12975916266441345
21430,2137,0.07805804908275604
21440,2138,0.13276007771492004
21450,2139,0.25554701685905457
21460,2140,0.12750008702278137
21470,2141,0.3263397514820099
21480,2142,0.19685742259025574
21490,2143,0.22541598975658417
21500,2144,0.22610968351364136
21510,2145,0.1737983077764511
21520,2146,0.21553631126880646
21530,2147,0.28092899918556213
21540,2148,0.09672442078590393
21550,2149,0.26153358817100525
21560,2150,0.13804934918880463
21570,2151,0.21769091486930847
21580,2152,0.0658143162727356
21590,2153,0.1660141795873642
21600,2154,0.18661822378635406
21610,2155,0.06839711964130402
21620,2156,0.15943032503128052
21630,2157,0.3184942603111267
21640,2158,0.31103041768074036
21650,2159,0.1682269275188446
21660,2160,0.16333197057247162
21670,2161,0.2963870167732239
21680,2162,0.2192021757364273
21690,2163,0.07458563148975372
21700,2164,0.27852749824523926
21710,2165,0.24088619649410248
21720,2166,0.09780111908912659
21730,2167,0.06507550925016403
21740,2168,0.11513349413871765
21750,2169,0.2714681029319763
21760,2170,0.3398168683052063
21770,2171,0.1542823612689972
21780,2172,0.2424626499414444
21790,2173,0.10988999158143997
21800,2174,0.15555495023727417
21810,2175,0.3897649347782135
21820,2176,0.19580215215682983
21830,2177,0.14408275485038757
21840,2178,0.28467902541160583
21850,2179,0.21494761109352112
21860,2180,0.2550013065338135
21870,2181,0.12864457070827484
21880,2182,0.27890506386756897
21890,2183,0.34049105644226074
21900,2184,0.15381044149398804
21910,2185,0.2197445034980774
21920,2186,0.1199178621172905
21930,2187,0.2923862338066101
21940,2188,0.12134990841150284
21950,2189,0.18590030074119568
21960,2190,0.2134048044681549
21970,2191,0.2060675472021103
21980,2192,0.12221099436283112
21990,2193,0.08655742555856705
22000,2194,0.2790638506412506
22010,2195,0.15148375928401947
22020,2196,0.15655094385147095
22030,2197,0.10631565749645233
22040,2198,0.089673712849617
22050,2199,0.13994701206684113
22060,2200,0.20549213886260986
22070,2201,0.13007931411266327
22080,2202,0.04008299857378006
22090,2203,0.08729077875614166
22100,2204,0.20978574454784393
22110,2205,0.15576393902301788
22120,2206,0.07409362494945526
22130,2207,0.15890681743621826
22140,2208,0.1233741044998169
22150,2209,0.10783711075782776
22160,2210,0.10711786150932312
22170,2211,0.07516351342201233
22180,2212,0.3067972958087921
22190,2213,0.1847403645515442
22200,2214,0.15973466634750366
22210,2215,0.0935998409986496
22220,2216,0.18479770421981812
22230,2217,0.09388268738985062
22240,2218,0.14588049054145813
22250,2219,0.0785815492272377
22260,2220,0.18626797199249268
22270,2221,0.32160884141921997
22280,2222,0.30009326338768005
22290,2223,0.23739862442016602
22300,2224,0.25022467970848083
22310,2225,0.17128705978393555
22320,2226,0.11666588485240936
22330,2227,0.1249895915389061
22340,2228,0.13452711701393127
22350,2229,0.33808743953704834
22360,2230,0.337257444858551
22370,2231,0.17810466885566711
22380,2232,0.288336843252182
22390,2233,0.1696709841489792
22400,2234,0.19122570753097534
22410,2235,0.14529214799404144
22420,2236,0.21237465739250183
22430,2237,0.12538786232471466
22440,2238,0.4495003819465637
22450,2239,0.3048705756664276
22460,2240,0.15907755494117737
22470,2241,0.15738721191883087
22480,2242,0.36129748821258545
22490,2243,0.09136967360973358
22500,2244,0.15663276612758636
22510,2245,0.08899867534637451
22520,2246,0.21613860130310059
22530,2247,0.17912837862968445
22540,2248,0.07513319700956345
22550,2249,0.17143043875694275
22560,2250,0.08265583962202072
22570,2251,0.0324392095208168
22580,2252,0.12987728416919708
22590,2253,0.06528979539871216
22600,2254,0.13365617394447327
22610,2255,0.02802131697535515
22620,2256,0.2521143853664398
22630,2257,0.28245365619659424
22640,2258,0.23622606694698334
22650,2259,0.09147034585475922
22660,2260,0.11510393768548965
22670,2261,0.2344270944595337
22680,2262,0.2770876884460449
22690,2263,0.1801360845565796
22700,2264,0.19596163928508759
22710,2265,0.13275651633739471
22720,2266,0.23580360412597656
22730,2267,0.07812930643558502
22740,2268,0.1889074593782425
22750,2269,0.32828763127326965
22760,2270,0.24368301033973694
22770,2271,0.09907472133636475
22780,2272,0.30010175704956055
22790,2273,0.11613986641168594
22800,2274,0.04744613170623779
22810,2275,0.18924802541732788
22820,2276,0.15280622243881226
22830,2277,0.133721262216568
22840,2278,0.14882652461528778
22850,2279,0.14985734224319458
22860,2280,0.20262853801250458
22870,2281,0.10824139416217804
22880,2282,0.13468031585216522
22890,2283,0.14801353216171265
22900,2284,0.11618048697710037
22910,2285,0.05262938514351845
22920,2286,0.21230876445770264
22930,2287,0.2312406748533249
22940,2288,0.059934064745903015
22950,2289,0.09737573564052582
22960,2290,0.1616494506597519
22970,2291,0.2556597888469696
22980,2292,0.15279223024845123
22990,2293,0.11408644914627075
23000,2294,0.1580188274383545
23010,2295,0.1285264790058136
23020,2296,0.2865435779094696
23030,2297,0.1684166043996811
23040,2298,0.342122882604599
23050,2299,0.2867094874382019
23060,2300,0.37397629022598267
23070,2301,0.1765809953212738
23080,2302,0.3431830406188965
23090,2303,0.08491116017103195
23100,2304,0.09030069410800934
23110,2305,0.23942145705223083
23120,2306,0.25794413685798645
23130,2307,0.302973210811615
23140,2308,0.18252386152744293
23150,2309,0.07685334980487823
23160,2310,0.0230590607970953
23170,2311,0.12438385933637619
23180,2312,0.20080330967903137
23190,2313,0.1623343825340271
23200,2314,0.03594785928726196
23210,2315,0.1727609932422638
23220,2316,0.16043512523174286
23230,2317,0.16586759686470032
23240,2318,0.2630803883075714
23250,2319,0.3379785716533661
23260,2320,0.12531769275665283
23270,2321,0.1619160920381546
23280,2322,0.19796599447727203
23290,2323,0.2997754216194153
23300,2324,0.08340150117874146
23310,2325,0.33171576261520386
23320,2326,0.22472591698169708
23330,2327,0.3246014714241028
23340,2328,0.3206188678741455
23350,2329,0.16328948736190796
23360,2330,0.11386379599571228
23370,2331,0.201255664229393
23380,2332,0.2824068069458008
23390,2333,0.17938737571239471
23400,2334,0.10990994423627853
23410,2335,0.26979443430900574
23420,2336,0.01574324071407318
23430,2337,0.20584489405155182
23440,2338,0.16342462599277496
23450,2339,0.09192357212305069
23460,2340,0.18491896986961365
23470,2341,0.06682541966438293
23480,2342,0.12713271379470825
23490,2343,0.15004485845565796
23500,2344,0.2418966293334961
23510,2345,0.21837273240089417
23520,2346,0.04223586618900299
23530,2347,0.2665315866470337
23540,2348,0.13160155713558197
23550,2349,0.19800299406051636
23560,2350,0.1727878898382187
23570,2351,0.19359904527664185
23580,2352,0.18494154512882233
23590,2353,0.09811960905790329
23600,2354,0.13125498592853546
23610,2355,0.14962927997112274
23620,2356,0.17977778613567352
23630,2357,0.17718225717544556
23640,2358,0.1814938634634018
23650,2359,0.10774630308151245
23660,2360,0.1615760624408722
23670,2361,0.25175270438194275
23680,2362,0.17394940555095673
23690,2363,0.17402739822864532
23700,2364,0.18347546458244324
23710,2365,0.2790689468383789
23720,2366,0.19646458327770233
23730,2367,0.4088265895843506
23740,2368,0.1142524927854538
23750,2369,0.3348582983016968
23760,2370,0.08938749134540558
23770,2371,0.15561029314994812
23780,2372,0.14449729025363922
23790,2373,0.12625589966773987
23800,2374,0.161973237991333
23810,2375,0.08102429658174515
23820,2376,0.15754874050617218
23830,2377,0.10598674416542053
23840,2378,0.24382977187633514
23850,2379,0.19438289105892181
23860,2380,0.08137210458517075
23870,2381,0.12294051796197891
23880,2382,0.11202177405357361
23890,2383,0.16566535830497742
23900,2384,0.2715712785720825
23910,2385,0.2349351942539215
23920,2386,0.3232647478580475
23930,2387,0.19814912974834442
23940,2388,0.12129397690296173
23950,2389,0.20426999032497406
23960,2390,0.22855114936828613
23970,2391,0.08174345642328262
23980,2392,0.1616363376379013
23990,2393,0.0774555578827858
24000,2394,0.16015632450580597
24010,2395,0.1876130998134613
24020,2396,0.36996954679489136
24030,2397,0.15427111089229584
24040,2398,0.22182834148406982
24050,2399,0.09754975885152817
24060,2400,0.2182306945323944
24070,2401,0.1864449828863144
24080,2402,0.034570980817079544
24090,2403,0.22213149070739746
24100,2404,0.2039938122034073
24110,2405,0.1453116089105606
24120,2406,0.13704761862754822
24130,2407,0.18984416127204895
24140,2408,0.022716529667377472
24150,2409,0.1239451989531517
24160,2410,0.2592732906341553
24170,2411,0.3176445960998535
24180,2412,0.17272965610027313
24190,2413,0.11513260006904602
24200,2414,0.06808554381132126
24210,2415,0.2283136546611786
24220,2416,0.2253539264202118
24230,2417,0.2470294088125229
24240,2418,0.08587341010570526
24250,2419,0.351291298866272
24260,2420,0.10122106969356537
24270,2421,0.2402304857969284
24280,2422,0.24387089908123016
24290,2423,0.22477145493030548
24300,2424,0.06626230478286743
24310,2425,0.14007435739040375
24320,2426,0.24536462128162384
24330,2427,0.23585595190525055
24340,2428,0.22557774186134338
24350,2429,0.2106645554304123
24360,2430,0.1570592224597931
24370,2431,0.14664459228515625
24380,2432,0.19983816146850586
24390,2433,0.12817099690437317
24400,2434,0.22508662939071655
24410,2435,0.2647897005081177
24420,2436,0.0973394513130188
24430,2437,0.2573615312576294
24440,2438,0.06922589987516403
24450,2439,0.19294346868991852
24460,2440,0.20413066446781158
24470,2441,0.20523925125598907
24480,2442,0.24694682657718658
24490,2443,0.1654587686061859
24500,2444,0.2381412535905838
24510,2445,0.40131163597106934
24520,2446,0.22221337258815765
24530,2447,0.10401467233896255
24540,2448,0.12269937992095947
24550,2449,0.17787118256092072
24560,2450,0.21786655485630035
24570,2451,0.2679992616176605
24580,2452,0.24074718356132507
24590,2453,0.17761176824569702
24600,2454,0.1656171679496765
24610,2455,0.31906118988990784
24620,2456,0.2192438244819641
24630,2457,0.08719727396965027
24640,2458,0.207001730799675
24650,2459,0.16518063843250275
24660,2460,0.21299822628498077
24670,2461,0.13533543050289154
24680,2462,0.0372767373919487
24690,2463,0.06762460619211197
24700,2464,0.13479791581630707
24710,2465,0.1432606726884842
24720,2466,0.13761252164840698
24730,2467,0.12355297803878784
24740,2468,0.33427348732948303
24750,2469,0.0957464650273323
24760,2470,0.09471386671066284
24770,2471,0.18011797964572906
24780,2472,0.4864320456981659
24790,2473,0.09447219967842102
24800,2474,0.15218386054039001
24810,2475,0.11732237786054611
24820,2476,0.08726093173027039
24830,2477,0.15290142595767975
24840,2478,0.27206823229789734
24850,2479,0.1415441781282425
24860,2480,0.22480013966560364
24870,2481,0.10571125894784927
24880,2482,0.06624636799097061
24890,2483,0.08128529042005539
24900,2484,0.08863843232393265
24910,2485,0.3455674648284912
24920,2486,0.15595155954360962
24930,2487,0.08400315046310425
24940,2488,0.21620288491249084
24950,2489,0.14065933227539062
24960,2490,0.054403502494096756
24970,2491,0.19568128883838654
24980,2492,0.23055487871170044
24990,2493,0.11726173758506775
25000,2494,0.09797974675893784
25010,2495,0.17928114533424377
25020,2496,0.14915867149829865
25030,2497,0.13382907211780548
25040,2498,0.006116891745477915
25050,2499,0.23316097259521484
25060,2500,0.10863856226205826
25070,2501,0.2789692282676697
25080,2502,0.061709657311439514
25090,2503,0.16081997752189636
25100,2504,0.1986640840768814
25110,2505,0.12209025025367737
25120,2506,0.41941580176353455
25130,2507,0.14973890781402588
25140,2508,0.11187922954559326
25150,2509,0.15698541700839996
25160,2510,0.08662454783916473
25170,2511,0.13831095397472382
25180,2512,0.1071116179227829
25190,2513,0.18957147002220154
25200,2514,0.27135151624679565
25210,2515,0.1561117321252823
25220,2516,0.2461041957139969
25230,2517,0.14555244147777557
25240,2518,0.09751390665769577
25250,2519,0.09715691953897476
25260,2520,0.17423202097415924
25270,2521,0.20648472011089325
25280,2522,0.2148437649011612
25290,2523,0.15984702110290527
25300,2524,0.06365123391151428
25310,2525,0.14509084820747375
25320,2526,0.09326443821191788
25330,2527,0.09856787323951721
25340,2528,0.16030341386795044
25350,2529,0.22622722387313843
25360,2530,0.13996069133281708
25370,2531,0.0666046291589737
25380,2532,0.14985135197639465
25390,2533,0.19298559427261353
25400,2534,0.22189101576805115
25410,2535,0.2550905644893646
25420,2536,0.1758081465959549
25430,2537,0.08997424691915512
25440,2538,0.0883575975894928
25450,2539,0.2982912063598633
25460,2540,0.30466073751449585
25470,2541,0.029622158035635948
25480,2542,0.1334429234266281
25490,2543,0.12937232851982117
25500,2544,0.18824195861816406
25510,2545,0.3352590799331665
25520,2546,0.20380522310733795
25530,2547,0.3713064193725586
25540,2548,0.08704397082328796
25550,2549,0.46863698959350586
25560,2550,0.11898300051689148
25570,2551,0.1186397448182106
25580,2552,0.12838639318943024
25590,2553,0.08007115870714188
25600,2554,0.2947882413864136
25610,2555,0.18339554965496063
25620,2556,0.0710781142115593
25630,2557,0.2127731591463089
25640,2558,0.22030270099639893
25650,2559,0.06825309991836548
25660,2560,0.12028909474611282
25670,2561,0.21306173503398895
25680,2562,0.2739288806915283
25690,2563,0.17251397669315338
25700,2564,0.10643739998340607
25710,2565,0.06263137608766556
25720,2566,0.14653794467449188
25730,2567,0.12165096402168274
25740,2568,0.1424182951450348
25750,2569,0.25174570083618164
25760,2570,0.1355864554643631
25770,2571,0.07546187192201614
25780,2572,0.21479973196983337
25790,2573,0.09325674176216125
25800,2574,0.18521001935005188
25810,2575,0.071798175573349
25820,2576,0.28942638635635376
25830,2577,0.1470492035150528
25840,2578,0.07596588134765625
25850,2579,0.16545900702476501
25860,2580,0.14389613270759583
25870,2581,0.3022456169128418
25880,2582,0.10608317703008652
25890,2583,0.20969516038894653
25900,2584,0.13451023399829865
25910,2585,0.1534305363893509
25920,2586,0.1163523718714714
25930,2587,0.1077413335442543
25940,2588,0.06125684827566147
25950,2589,0.12213308364152908
25960,2590,0.14141961932182312
25970,2591,0.004927133210003376
25980,2592,0.2285834401845932
25990,2593,0.26895061135292053
26000,2594,0.12998943030834198
26010,2595,0.06551987677812576
26020,2596,0.24598738551139832
26030,2597,0.26454824209213257
26040,2598,0.09314744174480438
26050,2599,0.13355721533298492
26060,2600,0.05633958801627159
26070,2601,0.12640684843063354
26080,2602,0.05630846321582794
26090,2603,0.08277036249637604
26100,2604,0.06370542198419571
26110,2605,0.16780412197113037
26120,2606,0.08711709827184677
26130,2607,0.06967835873365402
26140,2608,0.09273269027471542
26150,2609,0.06874188035726547
26160,2610,0.10922303050756454
26170,2611,0.28255730867385864
26180,2612,0.11124415695667267
26190,2613,0.1611940860748291
26200,2614,0.14756153523921967
26210,2615,0.09595529735088348
26220,2616,0.23062165081501007
26230,2617,0.23897328972816467
26240,2618,0.0981069877743721
26250,2619,0.2293401062488556
26260,2620,0.14163795113563538
26270,2621,0.10814102739095688
26280,2622,0.1514582335948944
26290,2623,0.03726120665669441
26300,2624,0.10517808794975281
26310,2625,0.15808968245983124
26320,2626,0.2415807545185089
26330,2627,0.18384478986263275
26340,2628,0.11865336447954178
26350,2629,0.1533433198928833
26360,2630,0.08915762603282928
26370,2631,0.08750735223293304
26380,2632,0.06356081366539001
26390,2633,0.14342312514781952
26400,2634,0.25127336382865906
26410,2635,0.3300430178642273
26420,2636,0.13440276682376862
26430,2637,0.04792136326432228
26440,2638,0.2007378190755844
26450,2639,0.11592235416173935
26460,2640,0.1182233989238739
26470,2641,0.21204882860183716
26480,2642,0.0879606157541275
26490,2643,0.22894029319286346
26500,2644,0.12207057327032089
26510,2645,0.2393999993801117
26520,2646,0.14624476432800293
26530,2647,0.08204030990600586
26540,2648,0.19168439507484436
26550,2649,0.16493715345859528
26560,2650,0.11849026381969452
26570,2651,0.1756562441587448
26580,2652,0.15277108550071716
26590,2653,0.16212840378284454
26600,2654,0.2481340765953064
26610,2655,0.08670772612094879
26620,2656,0.0822085589170456
26630,2657,0.0901736319065094
26640,2658,0.14237824082374573
26650,2659,0.15358540415763855
26660,2660,0.11556705087423325
26670,2661,0.17032937705516815
26680,2662,0.06965339183807373
26690,2663,0.08428601920604706
26700,2664,0.2225998342037201
26710,2665,0.057866938412189484
26720,2666,0.202754944562912
26730,2667,0.17994177341461182
26740,2668,0.1325720250606537
26750,2669,0.06993850320577621
26760,2670,0.3339657783508301
26770,2671,0.16168135404586792
26780,2672,0.04008258879184723
26790,2673,0.23355267941951752
26800,2674,0.1996675729751587
26810,2675,0.22045017778873444
26820,2676,0.09952020645141602
26830,2677,0.05110091716051102
26840,2678,0.15340277552604675
26850,2679,0.04844491928815842
26860,2680,0.04556266963481903
26870,2681,0.15694360435009003
26880,2682,0.24909132719039917
26890,2683,0.08833952993154526
26900,2684,0.07010947912931442
26910,2685,0.1936981976032257
26920,2686,0.1472412496805191
26930,2687,0.21647758781909943
26940,2688,0.04316669702529907
26950,2689,0.14224007725715637
26960,2690,0.045008644461631775
26970,2691,0.17055071890354156
26980,2692,0.001700617023743689
26990,2693,0.13758498430252075
27000,2694,0.1756693422794342
27010,2695,0.08871369063854218
27020,2696,0.3863266706466675
27030,2697,0.11189224570989609
27040,2698,0.07727526128292084
27050,2699,0.12759926915168762
27060,2700,0.16842509806156158
27070,2701,0.14520621299743652
27080,2702,0.18934930860996246
27090,2703,0.19753658771514893
27100,2704,0.0470348596572876
27110,2705,0.06756783276796341
27120,2706,0.1801844984292984
27130,2707,0.06701832264661789
27140,2708,0.12905119359493256
27150,2709,0.06851741671562195
27160,2710,0.3097493648529053
27170,2711,0.10778666287660599
27180,2712,0.16852323710918427
27190,2713,0.19617217779159546
27200,2714,0.15715080499649048
27210,2715,0.19251972436904907
27220,2716,0.16362300515174866
27230,2717,0.2328614741563797
27240,2718,0.025273634120821953
27250,2719,0.15104131400585175
27260,2720,0.3211868107318878
27270,2721,0.07218402624130249
27280,2722,0.1785253882408142
27290,2723,0.13388170301914215
27300,2724,0.0764792412519455
27310,2725,0.0738564133644104
27320,2726,0.2930578589439392
27330,2727,0.13406197726726532
27340,2728,0.15010659396648407
27350,2729,0.1127549558877945
27360,2730,0.09201785922050476
27370,2731,0.04240785166621208
27380,2732,0.05714789405465126
27390,2733,0.20930500328540802
27400,2734,0.06578096002340317
27410,2735,0.07893332839012146
27420,2736,0.11197789758443832
27430,2737,0.08511830866336823
27440,2738,0.0673406571149826
27450,2739,0.14215481281280518
27460,2740,0.1528443992137909
27470,2741,0.30131784081459045
27480,2742,0.10329756140708923
27490,2743,0.1485186070203781
27500,2744,0.08824624121189117
27510,2745,0.3045658767223358
27520,2746,0.22881755232810974
27530,2747,0.09032494574785233
27540,2748,0.03923369571566582
27550,2749,0.08895747363567352
27560,2750,0.033170610666275024
27570,2751,0.060934074223041534
27580,2752,0.053346533328294754
27590,2753,0.1864837259054184
27600,2754,0.11948215961456299
27610,2755,0.18782463669776917
27620,2756,0.09190048277378082
27630,2757,0.20168957114219666
27640,2758,0.1576206088066101
27650,2759,0.16811788082122803
27660,2760,0.1576908379793167
27670,2761,0.1685899794101715
27680,2762,0.06982550024986267
27690,2763,0.3482421636581421
27700,2764,0.035422418266534805
27710,2765,0.1681423932313919
27720,2766,0.08174553513526917
27730,2767,0.14763715863227844
27740,2768,0.1184731274843216
27750,2769,0.1942310929298401
27760,2770,0.10320043563842773
27770,2771,0.19771602749824524
27780,2772,0.09533646702766418
27790,2773,0.06395028531551361
27800,2774,0.06541038304567337
27810,2775,0.04712824895977974
27820,2776,0.07565610855817795
27830,2777,0.058448608964681625
27840,2778,0.1787930279970169
27850,2779,0.12561805546283722
27860,2780,0.21036197245121002
27870,2781,0.07933306694030762
27880,2782,0.18329212069511414
27890,2783,0.25394898653030396
27900,2784,0.13115593791007996
27910,2785,0.2096327394247055
27920,2786,0.15352381765842438
27930,2787,0.11348220705986023
27940,2788,0.01996888592839241
27950,2789,0.22996710240840912
27960,2790,0.049663618206977844
27970,2791,0.36500823497772217
27980,2792,0.3763815462589264
27990,2793,0.08556708693504333
28000,2794,0.11229423433542252
28010,2795,0.1249147579073906
28020,2796,0.06053232401609421
28030,2797,0.10690724849700928
28040,2798,0.2037598341703415
28050,2799,0.1845843493938446
28060,2800,0.13136492669582367
28070,2801,0.12971806526184082
28080,2802,0.225394606590271
28090,2803,0.12917326390743256
28100,2804,0.06512242555618286
28110,2805,0.2291705161333084
28120,2806,0.1490205079317093
28130,2807,0.125574991106987
28140,2808,0.23063385486602783
28150,2809,0.27010786533355713
28160,2810,0.06629518419504166
28170,2811,0.1340232640504837
28180,2812,0.053596727550029755
28190,2813,0.018667329102754593
28200,2814,0.2527199387550354
28210,2815,0.1597145050764084
28220,2816,0.17910796403884888
28230,2817,0.07139050215482712
28240,2818,0.17077884078025818
28250,2819,0.1026022806763649
28260,2820,0.08456544578075409
28270,2821,0.13987940549850464
28280,2822,0.23265475034713745
28290,2823,0.09708231687545776
28300,2824,0.17281481623649597
28310,2825,0.15259572863578796
28320,2826,0.01781446859240532
28330,2827,0.13849256932735443
28340,2828,0.12226717174053192
28350,2829,0.18363885581493378
28360,2830,0.06421057879924774
28370,2831,0.07345634698867798
28380,2832,0.3656719923019409
28390,2833,0.02626512013375759
28400,2834,0.3069116473197937
28410,2835,0.147744819521904
28420,2836,0.05394134670495987
28430,2837,0.020646078512072563
28440,2838,0.2642243802547455
28450,2839,0.12171828746795654
28460,2840,0.2680620849132538
28470,2841,0.08449462056159973
28480,2842,0.13742129504680634
28490,2843,0.2069721519947052
28500,2844,0.16196192800998688
28510,2845,0.1254482865333557
28520,2846,0.08733899146318436
28530,2847,0.16099350154399872
28540,2848,0.26190948486328125
28550,2849,0.3138561546802521
28560,2850,0.13801079988479614
28570,2851,0.201454758644104
28580,2852,0.11591978371143341
28590,2853,0.09064508229494095
28600,2854,0.10559121519327164
28610,2855,0.11671503633260727
28620,2856,0.10779208689928055
28630,2857,0.2248900979757309
28640,2858,0.24238178133964539
28650,2859,0.17458198964595795
28660,2860,0.15982145071029663
28670,2861,0.059515126049518585
28680,2862,0.1033904105424881
28690,2863,0.1991289108991623
28700,2864,0.20597746968269348
28710,2865,0.13742458820343018
28720,2866,0.13836956024169922
28730,2867,0.04529397934675217
28740,2868,0.06045754253864288
28750,2869,0.13262008130550385
28760,2870,0.07902330160140991
28770,2871,0.3002900779247284
28780,2872,0.1224595159292221
28790,2873,0.08207971602678299
28800,2874,0.2631538510322571
28810,2875,0.24876365065574646
28820,2876,0.10867159813642502
28830,2877,0.19107915461063385
28840,2878,0.20021136105060577
28850,2879,0.09869137406349182
28860,2880,0.2793401777744293
28870,2881,0.17105911672115326
28880,2882,0.24188745021820068
28890,2883,0.07174467295408249
28900,2884,0.10604482144117355
28910,2885,0.10769208520650864
28920,2886,0.25804299116134644
28930,2887,0.1796714961528778
28940,2888,0.337414026260376
28950,2889,0.07828591763973236
28960,2890,0.19793789088726044
28970,2891,0.19946083426475525
28980,2892,0.1803482621908188
28990,2893,0.17499549686908722
29000,2894,0.18395330011844635
29010,2895,0.095661960542202
29020,2896,0.09654009342193604
29030,2897,0.18562905490398407
29040,2898,0.13943059742450714
29050,2899,0.10884442925453186
29060,2900,0.0708082765340805
29070,2901,0.1542482078075409
29080,2902,0.11249160766601562
29090,2903,0.08683649450540543
29100,2904,0.08106253296136856
29110,2905,0.07400406897068024
29120,2906,0.2525888979434967
29130,2907,0.19904294610023499
29140,2908,0.19187746942043304
29150,2909,0.2655448019504547
29160,2910,0.10847161710262299
29170,2911,0.09195233136415482
29180,2912,0.1428685337305069
29190,2913,0.19276222586631775
29200,2914,0.15159466862678528
29210,2915,0.1159200444817543
29220,2916,0.2861306667327881
29230,2917,0.3343457579612732
29240,2918,0.05552598461508751
29250,2919,0.23040848970413208
29260,2920,0.0872926265001297
29270,2921,0.20510569214820862
29280,2922,0.262952983379364
29290,2923,0.032774198800325394
29300,2924,0.19546641409397125
29310,2925,0.09391658753156662
29320,2926,0.18413983285427094
29330,2927,0.17426957190036774
29340,2928,0.11158507317304611
29350,2929,0.24558286368846893
29360,2930,0.15184766054153442
29370,2931,0.028466721996665
29380,2932,0.27780964970588684
29390,2933,0.11276735365390778
29400,2934,0.14446347951889038
29410,2935,0.19167758524417877
29420,2936,0.01362626627087593
29430,2937,0.09235787391662598
29440,2938,0.1083860769867897
29450,2939,0.16474387049674988
29460,2940,0.1227993294596672
29470,2941,0.24613286554813385
29480,2942,0.17073175311088562
29490,2943,0.31313228607177734
29500,2944,0.09543661773204803
29510,2945,0.0171444620937109
29520,2946,0.07063129544258118
29530,2947,0.017374424263834953
29540,2948,0.17575453221797943
29550,2949,0.1776692271232605
29560,2950,0.036770597100257874
29570,2951,0.16350135207176208
29580,2952,0.15764540433883667
29590,2953,0.141677588224411
29600,2954,0.13086873292922974
29610,2955,0.08868804574012756
29620,2956,0.015613245777785778
29630,2957,0.08111070841550827
29640,2958,0.09633782505989075
29650,2959,0.14212781190872192
29660,2960,0.10548728704452515
29670,2961,0.05296972393989563
29680,2962,0.056513167917728424
29690,2963,0.11654798686504364
29700,2964,0.13592958450317383
29710,2965,0.035817719995975494
29720,2966,0.017824888229370117
29730,2967,0.04986145347356796
29740,2968,0.12925706803798676
29750,2969,0.19979605078697205
29760,2970,0.12476345151662827
29770,2971,0.09213948249816895
29780,2972,0.23147916793823242
29790,2973,0.3242705762386322
29800,2974,0.13995589315891266
29810,2975,0.1591320037841797
29820,2976,0.10994533449411392
29830,2977,0.11577828973531723
29840,2978,0.1895025670528412
29850,2979,0.0893087089061737
29860,2980,0.25027796626091003
29870,2981,0.1997140347957611
29880,2982,0.10221406817436218
29890,2983,0.14889293909072876
29900,2984,0.36232540011405945
29910,2985,0.08511941134929657
29920,2986,0.2144339680671692
29930,2987,0.2104986011981964
29940,2988,0.11840687692165375
29950,2989,0.24240168929100037
29960,2990,0.19617298245429993
29970,2991,0.02721242979168892
29980,2992,0.19633854925632477
29990,2993,0.07989505678415298
30000,2994,0.09377118945121765
30010,2995,0.226204976439476
30020,2996,0.25282514095306396
30030,2997,0.07491780817508698
30040,2998,0.16546207666397095
30050,2999,0.15703505277633667
30060,3000,0.10328260064125061
30070,3001,0.16615137457847595
30080,3002,0.08745800703763962
30090,3003,0.302296906709671
30100,3004,0.12706905603408813
30110,3005,0.04077755659818649
30120,3006,0.12964338064193726
30130,3007,0.16246327757835388
30140,3008,0.3907303810119629
30150,3009,0.05592610687017441
30160,3010,0.3487786054611206
30170,3011,0.15156683325767517
30180,3012,0.11205141246318817
30190,3013,0.03996546193957329
30200,3014,0.13178610801696777
30210,3015,0.12441697716712952
30220,3016,0.09361674636602402
30230,3017,0.1032794639468193
30240,3018,0.24411942064762115
30250,3019,0.09619148820638657
30260,3020,0.06536764651536942
30270,3021,0.13567598164081573
30280,3022,0.1134677529335022
30290,3023,0.048631832003593445
30300,3024,0.10159801691770554
30310,3025,0.05850489065051079
30320,3026,0.01968563161790371
30330,3027,0.05141519382596016
30340,3028,0.09216965734958649
30350,3029,0.15671539306640625
30360,3030,0.06603020429611206
30370,3031,0.12999291718006134
30380,3032,0.09670952707529068
30390,3033,0.2445116639137268
30400,3034,0.13365572690963745
30410,3035,0.12649032473564148
30420,3036,0.07012976706027985
30430,3037,0.12054333090782166
30440,3038,0.11626007407903671
30450,3039,0.08685903251171112
30460,3040,0.1512681543827057
30470,3041,0.036196786910295486
30480,3042,0.08866161853075027
30490,3043,0.05518021434545517
30500,3044,0.07195262610912323
30510,3045,0.004475593566894531
30520,3046,0.10684837400913239
30530,3047,0.11267951130867004
30540,3048,0.11996907740831375
30550,3049,0.16683213412761688
30560,3050,0.1988774836063385
30570,3051,0.10451249033212662
30580,3052,0.06340506672859192
30590,3053,0.1275777667760849
30600,3054,0.09956340491771698
30610,3055,0.07471415400505066
30620,3056,0.33041760325431824
30630,3057,0.08787021040916443
30640,3058,0.10028301179409027
30650,3059,0.08040738105773926
30660,3060,0.07284265756607056
30670,3061,0.08990749716758728
30680,3062,0.08390621840953827
30690,3063,0.011295623145997524
30700,3064,0.05601707100868225
30710,3065,0.04551137983798981
30720,3066,0.1603454053401947
30730,3067,0.09732484817504883
30740,3068,0.09327385574579239
30750,3069,0.11589889228343964
30760,3070,0.15015840530395508
30770,3071,0.09207996726036072
30780,3072,0.2803381681442261
30790,3073,0.17350077629089355
30800,3074,0.11455481499433517
30810,3075,0.16054968535900116
30820,3076,0.05640784651041031
30830,3077,0.18986770510673523
30840,3078,0.09003430604934692
30850,3079,0.2971492409706116
30860,3080,0.08715513348579407
30870,3081,0.04194680601358414
30880,3082,0.20063087344169617
30890,3083,0.04075227305293083
30900,3084,0.055715009570121765
30910,3085,0.11538608372211456
30920,3086,0.18960925936698914
30930,3087,0.032891858369112015
30940,3088,0.27248111367225647
30950,3089,0.14253856241703033
30960,3090,0.12493277341127396
30970,3091,0.04581833630800247
30980,3092,0.03819767385721207
30990,3093,0.21111993491649628
31000,3094,0.05825090408325195
31010,3095,0.14053402841091156
31020,3096,0.2049376666545868
31030,3097,0.07962354272603989
31040,3098,0.10028688609600067
31050,3099,0.09233726561069489
31060,3100,0.09381202608346939
31070,3101,0.18474535644054413
31080,3102,0.06736762821674347
31090,3103,0.11480242758989334
31100,3104,0.16594991087913513
31110,3105,0.16404494643211365
31120,3106,0.19708022475242615
31130,3107,0.03612286224961281
31140,3108,0.06383843719959259
31150,3109,0.18626640737056732
31160,3110,0.12067203223705292
31170,3111,0.3010818362236023
31180,3112,0.12498746812343597
31190,3113,0.097098208963871
31200,3114,0.2964664399623871
31210,3115,0.14513501524925232
31220,3116,0.03986833617091179
31230,3117,0.0895969346165657
31240,3118,0.09317326545715332
31250,3119,0.11747574061155319
31260,3120,0.19767114520072937
31270,3121,0.1370062381029129
31280,3122,0.13550977408885956
31290,3123,0.1269090324640274
31300,3124,0.05490301921963692
31310,3125,0.08923068642616272
31320,3126,0.1928514540195465
31330,3127,0.08501966297626495
31340,3128,0.0032959934324026108
31350,3129,0.03403354808688164
31360,3130,0.1734624207019806
31370,3131,0.07259596139192581
31380,3132,0.013336308300495148
31390,3133,0.1695956289768219
31400,3134,0.12365559488534927
31410,3135,0.2149665504693985
31420,3136,0.011989946477115154
31430,3137,0.07910066097974777
31440,3138,0.1484801173210144
31450,3139,0.09023167937994003
31460,3140,0.04285363107919693
31470,3141,0.05404665321111679
31480,3142,0.13841718435287476
31490,3143,0.07992745190858841
31500,3144,0.029468361288309097
31510,3145,0.08075888454914093
31520,3146,0.07776283472776413
31530,3147,0.3046896159648895
31540,3148,0.14315246045589447
31550,3149,0.10798871517181396
31560,3150,0.032750025391578674
31570,3151,0.3357626795768738
31580,3152,0.04777498170733452
31590,3153,0.24436315894126892
31600,3154,0.1939488798379898
31610,3155,0.04612043499946594
31620,3156,0.03650958836078644
31630,3157,0.05016561970114708
31640,3158,0.1190907210111618
31650,3159,0.11060991883277893
31660,3160,0.059141986072063446
31670,3161,0.007269527297466993
31680,3162,0.1719701737165451
31690,3163,0.12877880036830902
31700,3164,0.11663243919610977
31710,3165,0.04551633447408676
31720,3166,0.3110092580318451
31730,3167,0.23268255591392517
31740,3168,0.11852012574672699
31750,3169,0.048989709466695786
31760,3170,0.15672075748443604
31770,3171,0.0037287466693669558
31780,3172,0.04543646425008774
31790,3173,0.06202442944049835
31800,3174,0.031484268605709076
31810,3175,0.037529367953538895
31820,3176,0.05164142698049545
31830,3177,0.10495299100875854
31840,3178,0.044298555701971054
31850,3179,0.06412148475646973
31860,3180,0.16050033271312714
31870,3181,0.06677204370498657
31880,3182,0.1979682296514511
31890,3183,0.056381918489933014
31900,3184,0.16036558151245117
31910,3185,0.019497424364089966
31920,3186,0.015177544206380844
31930,3187,0.07555430382490158
31940,3188,0.022394949570298195
31950,3189,0.10676208883523941
31960,3190,0.0453949011862278
31970,3191,0.038351159542798996
31980,3192,0.1127675473690033
31990,3193,0.16428740322589874
32000,3194,0.08590494841337204
32010,3195,0.07293593883514404
32020,3196,0.29126816987991333
32030,3197,0.06663717329502106
32040,3198,0.0846010223031044
32050,3199,0.0802149772644043
32060,3200,0.26916196942329407
32070,3201,0.03691419959068298
32080,3202,0.0495331734418869
32090,3203,0.1895347386598587
32100,3204,0.1544305980205536
32110,3205,0.14332306385040283
32120,3206,0.1314028650522232
32130,3207,0.22199055552482605
32140,3208,0.12961256504058838
32150,3209,0.036602143198251724
32160,3210,0.1609753519296646
32170,3211,0.0993008241057396
32180,3212,0.12184499949216843
32190,3213,0.15441663563251495
32200,3214,0.08209697902202606
32210,3215,0.08295447379350662
32220,3216,0.17368154227733612
32230,3217,0.16069599986076355
32240,3218,0.06164729967713356
32250,3219,0.27686288952827454
32260,3220,0.2748739421367645
32270,3221,0.12588250637054443
32280,3222,0.06898113340139389
32290,3223,0.04523574933409691
32300,3224,0.11159220337867737
32310,3225,0.06409703195095062
32320,3226,0.05523267015814781
32330,3227,0.03830624744296074
32340,3228,0.020364709198474884
32350,3229,0.03151288628578186
32360,3230,0.09444665163755417
32370,3231,0.06626279652118683
32380,3232,0.34650805592536926
32390,3233,0.17326457798480988
32400,3234,0.05305429548025131
32410,3235,0.08263882249593735
32420,3236,0.050396859645843506
32430,3237,0.05527360364794731
32440,3238,0.1030016541481018
32450,3239,0.17617309093475342
32460,3240,0.11815139651298523
32470,3241,0.01469489373266697
32480,3242,0.10077635943889618
32490,3243,0.11037710309028625
32500,3244,0.08437085896730423
32510,3245,0.001002478296868503
32520,3246,0.10052527487277985
32530,3247,0.16311782598495483
32540,3248,0.04711717739701271
32550,3249,0.09946601092815399
32560,3250,0.0422358475625515
32570,3251,0.02375064231455326
32580,3252,0.08504568040370941
32590,3253,0.1491553783416748
32600,3254,0.09817879647016525
32610,3255,0.04967380315065384
32620,3256,0.03479728847742081
32630,3257,0.22357077896595
32640,3258,0.2059611678123474
32650,3259,0.07723180204629898
32660,3260,0.23455511033535004
32670,3261,0.18066510558128357
32680,3262,0.14415951073169708
32690,3263,0.2711517810821533
32700,3264,0.07624384015798569
32710,3265,0.05240679532289505
32720,3266,0.05277185142040253
32730,3267,0.2280885875225067
32740,3268,0.028274590149521828
32750,3269,0.13375133275985718
32760,3270,0.0939921960234642
32770,3271,0.09085329622030258
32780,3272,0.10721205919981003
32790,3273,0.10619934648275375
32800,3274,0.08695919066667557
32810,3275,0.0783926323056221
32820,3276,0.13201281428337097
32830,3277,0.08046984672546387
32840,3278,0.10795532166957855
32850,3279,0.009769120253622532
32860,3280,0.23179486393928528
32870,3281,0.25225409865379333
32880,3282,0.12225336581468582
32890,3283,0.04148489609360695
32900,3284,0.010674671269953251
32910,3285,0.20850586891174316
32920,3286,0.10858820378780365
32930,3287,0.10809928178787231
32940,3288,0.12432225048542023
32950,3289,0.17455299198627472
32960,3290,0.12605947256088257
32970,3291,0.12360928952693939
32980,3292,0.0508924163877964
32990,3293,0.26999300718307495
33000,3294,0.08425343781709671
33010,3295,0.1187962219119072
33020,3296,0.09891453385353088
33030,3297,0.17527098953723907
33040,3298,0.15988603234291077
33050,3299,0.0824688971042633
33060,3300,0.0680219978094101
33070,3301,0.12362458556890488
33080,3302,0.12205711752176285
33090,3303,0.1730004996061325
33100,3304,0.07572038471698761
33110,3305,0.17695893347263336
33120,3306,0.12457077205181122
33130,3307,0.025122644379734993
33140,3308,0.060884956270456314
33150,3309,0.027773935347795486
33160,3310,0.1958141326904297
33170,3311,0.10602211207151413
33180,3312,0.014255180954933167
33190,3313,0.2294723093509674
33200,3314,0.20863287150859833
33210,3315,0.05104142054915428
33220,3316,0.2874947488307953
33230,3317,0.18752595782279968
33240,3318,0.16390936076641083
33250,3319,0.05977316200733185
33260,3320,0.11774113029241562
33270,3321,0.10606320947408676
33280,3322,0.08931799232959747
33290,3323,0.009380204603075981
33300,3324,0.08671806007623672
33310,3325,0.14213596284389496
33320,3326,0.16630268096923828
33330,3327,0.0031336266547441483
33340,3328,0.19408780336380005
33350,3329,0.12334936857223511
33360,3330,0.12941239774227142
33370,3331,0.15352186560630798
33380,3332,0.05140233784914017
33390,3333,0.05955779179930687
33400,3334,0.16315239667892456
33410,3335,0.10279470682144165
33420,3336,0.06743666529655457
33430,3337,0.15336740016937256
33440,3338,0.08069625496864319
33450,3339,0.05367402359843254
33460,3340,0.18735414743423462
33470,3341,0.04208499565720558
33480,3342,0.036357104778289795
33490,3343,0.08112796396017075
33500,3344,0.014481666497886181
33510,3345,0.17492081224918365
33520,3346,0.02846698649227619
33530,3347,0.12370318174362183
33540,3348,0.025811122730374336
33550,3349,0.01349673792719841
33560,3350,0.04344905912876129
33570,3351,0.06662071496248245
33580,3352,0.04246194288134575
33590,3353,0.11852770298719406
33600,3354,0.11902313679456711
33610,3355,0.0971154272556305
33620,3356,0.15661871433258057
33630,3357,0.05344363674521446
33640,3358,0.057101547718048096
33650,3359,0.024713750928640366
33660,3360,0.12933076918125153
33670,3361,0.10214853286743164
33680,3362,0.10165797173976898
33690,3363,0.06996965408325195
33700,3364,0.09130702912807465
33710,3365,0.07373015582561493
33720,3366,0.09872023016214371
33730,3367,0.012926011346280575
33740,3368,0.058508582413196564
33750,3369,0.04680827260017395
33760,3370,0.09257671982049942
33770,3371,0.14518682658672333
33780,3372,0.03816899657249451
33790,3373,0.14443527162075043
33800,3374,0.05628768354654312
33810,3375,0.08974757045507431
33820,3376,0.15355020761489868
33830,3377,0.24937482178211212
33840,3378,0.06847953051328659
33850,3379,0.20112667977809906
33860,3380,0.14023354649543762
33870,3381,0.16016048192977905
33880,3382,0.1923748403787613
33890,3383,0.15403158962726593
33900,3384,0.1149962991476059
33910,3385,0.20705172419548035
33920,3386,0.12432786077260971
33930,3387,0.1358117014169693
33940,3388,0.08023525774478912
33950,3389,0.14825725555419922
33960,3390,0.1104169636964798
33970,3391,0.08502540737390518
33980,3392,0.15732361376285553
33990,3393,0.07211309671401978
34000,3394,0.060330525040626526
34010,3395,0.08815786242485046
34020,3396,0.13097047805786133
34030,3397,0.07712163031101227
34040,3398,0.17292416095733643
34050,3399,0.11407957226037979
34060,3400,0.2860122323036194
34070,3401,0.0896538570523262
34080,3402,0.09091972559690475
34090,3403,0.19445203244686127
34100,3404,0.04915415868163109
34110,3405,0.18732856214046478
34120,3406,0.2110600620508194
34130,3407,0.047122277319431305
34140,3408,0.04133111611008644
34150,3409,0.2585653066635132
34160,3410,0.10978934168815613
34170,3411,0.07107292860746384
34180,3412,0.08880721777677536
34190,3413,0.16364268958568573
34200,3414,0.09979341924190521
34210,3415,0.0957971066236496
34220,3416,0.09126659482717514
34230,3417,0.010359668172895908
34240,3418,0.13992175459861755
34250,3419,0.08039481192827225
34260,3420,0.19478556513786316
34270,3421,0.15295156836509705
34280,3422,0.12597708404064178
34290,3423,0.06774959713220596
34300,3424,0.001595024368725717
34310,3425,0.13637199997901917
34320,3426,0.19221816956996918
34330,3427,0.09886859357357025
34340,3428,0.12498021125793457
34350,3429,0.12862662971019745
34360,3430,0.20266351103782654
34370,3431,0.012895232997834682
34380,3432,0.10000195354223251
34390,3433,0.16977374255657196
34400,3434,0.06159791350364685
34410,3435,0.12597480416297913
34420,3436,0.08955375105142593
34430,3437,0.01054245326668024
34440,3438,0.3953450918197632
34450,3439,0.3718418776988983
34460,3440,0.04972485452890396
34470,3441,0.157518669962883
34480,3442,0.15151675045490265
34490,3443,0.06561325490474701
34500,3444,0.0656588077545166
34510,3445,0.10484900325536728
34520,3446,0.2073403000831604
34530,3447,0.14897944033145905
34540,3448,0.009454513899981976
34550,3449,0.05992615967988968
34560,3450,0.0852683037519455
34570,3451,0.14098063111305237
34580,3452,0.2081705927848816
34590,3453,0.10433228313922882
34600,3454,0.1471642702817917
34610,3455,0.03407369926571846
34620,3456,0.1831289380788803
34630,3457,0.12404458969831467
34640,3458,0.07871872931718826
34650,3459,0.05250180885195732
34660,3460,0.06042768433690071
34670,3461,0.07331483066082001
34680,3462,0.17962035536766052
34690,3463,0.01902136392891407
34700,3464,0.01561875268816948
34710,3465,0.16313940286636353
34720,3466,0.12177536636590958
34730,3467,0.07771296054124832
34740,3468,0.1647125631570816
34750,3469,0.09790816903114319
34760,3470,0.09674741327762604
34770,3471,0.11530843377113342
34780,3472,0.09338605403900146
34790,3473,0.197068989276886
34800,3474,0.08584241569042206
34810,3475,0.08313924074172974
34820,3476,0.08271922171115875
34830,3477,0.2141062468290329
34840,3478,0.04430491849780083
34850,3479,0.19884000718593597
34860,3480,0.13239043951034546
34870,3481,0.24227581918239594
34880,3482,0.11478491127490997
34890,3483,0.040993548929691315
34900,3484,0.03929182514548302
34910,3485,0.11162135750055313
34920,3486,0.11961624026298523
34930,3487,0.03590267896652222
34940,3488,0.09033183008432388
34950,3489,0.11987271159887314
34960,3490,0.07202375680208206
34970,3491,0.11514691263437271
34980,3492,0.20214274525642395
34990,3493,0.18761250376701355
35000,3494,0.17047613859176636
35010,3495,0.025203388184309006
35020,3496,0.12788125872612
35030,3497,0.05928438901901245
35040,3498,0.15190857648849487
35050,3499,0.15154241025447845
35060,3500,0.12150032073259354
35070,3501,0.0014192082453519106
35080,3502,0.19378851354122162
35090,3503,0.23008640110492706
35100,3504,0.030057232826948166
35110,3505,0.3160253167152405
35120,3506,0.03908334672451019
35130,3507,0.05164365470409393
35140,3508,0.14181071519851685
35150,3509,0.08146435767412186
35160,3510,0.10658726096153259
35170,3511,0.056847646832466125
35180,3512,0.15623024106025696
35190,3513,0.03780926764011383
35200,3514,0.013693409971892834
35210,3515,0.27653640508651733
35220,3516,0.1345480978488922
35230,3517,0.031534623354673386
35240,3518,0.0381588339805603
35250,3519,0.07259887456893921
35260,3520,0.27480044960975647
35270,3521,0.08318999409675598
35280,3522,0.30910128355026245
35290,3523,0.1562911421060562
35300,3524,0.07040190696716309
35310,3525,0.17201057076454163
35320,3526,0.029490051791071892
35330,3527,0.24044661223888397
35340,3528,0.13240350782871246
35350,3529,0.15738002955913544
35360,3530,0.08521716296672821
35370,3531,0.37811213731765747
35380,3532,0.1179242730140686
35390,3533,0.10999197512865067
35400,3534,0.09198834002017975
35410,3535,0.08598273992538452
35420,3536,0.43176817893981934
35430,3537,0.064927838742733
35440,3538,0.19040252268314362
35450,3539,0.22012671828269958
35460,3540,0.15735679864883423
35470,3541,0.13690237700939178
35480,3542,0.06577786058187485
35490,3543,0.2090848684310913
35500,3544,0.055083390325307846
35510,3545,0.04635141044855118
35520,3546,0.10756993293762207
35530,3547,0.3509153127670288
35540,3548,0.09063675254583359
35550,3549,0.16640117764472961
35560,3550,0.03591298311948776
35570,3551,0.07746338099241257
35580,3552,0.09614353626966476
35590,3553,0.11048591136932373
35600,3554,0.05821576714515686
35610,3555,0.13464848697185516
35620,3556,0.05769650265574455
35630,3557,0.16221407055854797
35640,3558,0.09712450951337814
35650,3559,0.172159805893898
35660,3560,0.1345280259847641
35670,3561,0.2865472733974457
35680,3562,0.1675514131784439
35690,3563,0.1768852174282074
35700,3564,0.13773015141487122
35710,3565,0.22378592193126678
35720,3566,0.06748206913471222
35730,3567,0.13391020894050598
35740,3568,0.15114405751228333
35750,3569,0.17615583539009094
35760,3570,0.07931062579154968
35770,3571,0.35308709740638733
35780,3572,0.29708296060562134
35790,3573,0.10658799111843109
35800,3574,0.2818523943424225
35810,3575,0.18398019671440125
35820,3576,0.18814529478549957
35830,3577,0.0412847064435482
35840,3578,0.1203608512878418
35850,3579,0.16411590576171875
35860,3580,0.09730308502912521
35870,3581,0.027754947543144226
35880,3582,0.11449839919805527
35890,3583,0.26404786109924316
35900,3584,0.17839010059833527
35910,3585,0.1132601946592331
35920,3586,0.0618186891078949
35930,3587,0.06411399692296982
35940,3588,0.16813667118549347
35950,3589,0.13691848516464233
35960,3590,0.22235774993896484
35970,3591,0.06141815707087517
35980,3592,0.04324434697628021
35990,3593,0.06741060316562653
36000,3594,0.08717790246009827
36010,3595,0.3693823218345642
36020,3596,0.16748179495334625
36030,3597,0.05846849083900452
36040,3598,0.2293173372745514
36050,3599,0.20736560225486755
36060,3600,0.17830324172973633
36070,3601,0.05830945819616318
36080,3602,0.1579054445028305
36090,3603,0.13949494063854218
36100,3604,0.18599842488765717
36110,3605,0.11582288146018982
36120,3606,0.18016451597213745
36130,3607,0.37602895498275757
36140,3608,0.16022779047489166
36150,3609,0.0549219585955143
36160,3610,0.17046613991260529
36170,3611,0.12318813800811768
36180,3612,0.08116967231035233
36190,3613,0.09660536050796509
36200,3614,0.10045170038938522
36210,3615,0.15806005895137787
36220,3616,0.22615057229995728
36230,3617,0.07329592108726501
36240,3618,0.06487531214952469
36250,3619,0.028788818046450615
36260,3620,0.025217236950993538
36270,3621,0.23747733235359192
36280,3622,0.22680293023586273
36290,3623,0.1940985769033432
36300,3624,0.08900711685419083
36310,3625,0.11006250977516174
36320,3626,0.260916531085968
36330,3627,0.08969887346029282
36340,3628,0.06856764853000641
36350,3629,0.042357273399829865
36360,3630,0.09119483828544617
36370,3631,0.3018105626106262
36380,3632,0.08652222901582718
36390,3633,0.07128038257360458
36400,3634,0.258743017911911
36410,3635,0.12458693981170654
36420,3636,0.04087149351835251
36430,3637,0.07488646358251572
36440,3638,0.3815528154373169
36450,3639,0.1693619340658188
36460,3640,0.1353272795677185
36470,3641,0.0752742663025856
36480,3642,0.14562368392944336
36490,3643,0.26761019229888916
36500,3644,0.1323234885931015
36510,3645,0.08586803078651428
36520,3646,0.12245523929595947
36530,3647,0.05735950171947479
36540,3648,0.2701624035835266
36550,3649,0.13691894710063934
36560,3650,0.13171128928661346
36570,3651,0.15714171528816223
36580,3652,0.12804105877876282
36590,3653,0.25586163997650146
36600,3654,0.18766605854034424
36610,3655,0.1365707665681839
36620,3656,0.22914627194404602
36630,3657,0.16581356525421143
36640,3658,0.17666207253932953
36650,3659,0.11519056558609009
36660,3660,0.2510249614715576
36670,3661,0.10414779931306839
36680,3662,0.10006541013717651
36690,3663,0.08592936396598816
36700,3664,0.10294486582279205
36710,3665,0.08629007637500763
36720,3666,0.12823015451431274
36730,3667,0.09080775082111359
36740,3668,0.12050566077232361
36750,3669,0.23850679397583008
36760,3670,0.023794235661625862
36770,3671,0.017955312505364418
36780,3672,0.33191487193107605
36790,3673,0.1804201304912567
36800,3674,0.09104949235916138
36810,3675,0.16012778878211975
36820,3676,0.16942916810512543
36830,3677,0.165204256772995
36840,3678,0.27076148986816406
36850,3679,0.04412310570478439
36860,3680,0.09472975879907608
36870,3681,0.13445822894573212
36880,3682,0.09746814519166946
36890,3683,0.047270338982343674
36900,3684,0.0619611032307148
36910,3685,0.15533395111560822
36920,3686,0.20981718599796295
36930,3687,0.1744963526725769
36940,3688,0.08600662648677826
36950,3689,0.17425328493118286
36960,3690,0.07022881507873535
36970,3691,0.16638587415218353
36980,3692,0.1531742513179779
36990,3693,0.30434030294418335
37000,3694,0.21700334548950195
37010,3695,0.23401740193367004
37020,3696,0.15503636002540588
37030,3697,0.12579697370529175
37040,3698,0.03350166603922844
37050,3699,0.08875848352909088
37060,3700,0.17234134674072266
37070,3701,0.23925615847110748
37080,3702,0.1262216866016388
37090,3703,0.1663493514060974
37100,3704,0.1778595745563507
37110,3705,0.0688985288143158
37120,3706,0.2073700726032257
37130,3707,0.14956586062908173
37140,3708,0.09528335183858871
37150,3709,0.29893651604652405
37160,3710,0.23368170857429504
37170,3711,0.08752578496932983
37180,3712,0.07625917345285416
37190,3713,0.17199550569057465
37200,3714,0.026236310601234436
37210,3715,0.1097007617354393
37220,3716,0.24153918027877808
37230,3717,0.07832742482423782
37240,3718,0.1283567100763321
37250,3719,0.15374085307121277
37260,3720,0.06837012618780136
37270,3721,0.039846114814281464
37280,3722,0.04798787459731102
37290,3723,0.08211128413677216
37300,3724,0.2456679344177246
37310,3725,0.14816799759864807
37320,3726,0.07917710393667221
37330,3727,0.16797617077827454
37340,3728,0.39086222648620605
37350,3729,0.10110656172037125
37360,3730,0.13083790242671967
37370,3731,0.10959252715110779
37380,3732,0.13597141206264496
37390,3733,0.25837820768356323
37400,3734,0.3223651051521301
37410,3735,0.07691580057144165
37420,3736,0.14413726329803467
37430,3737,0.2328985035419464
37440,3738,0.11437742412090302
37450,3739,0.12765371799468994
37460,3740,0.18876230716705322
37470,3741,0.1320783942937851
37480,3742,0.27557381987571716
37490,3743,0.16239085793495178
37500,3744,0.09224595129489899
37510,3745,0.21604785323143005
37520,3746,0.02625877410173416
37530,3747,0.14637428522109985
37540,3748,0.11059147119522095
37550,3749,0.27241238951683044
37560,3750,0.07504898309707642
37570,3751,0.10341751575469971
37580,3752,0.07104437798261642
37590,3753,0.27610716223716736
37600,3754,0.15220953524112701
37610,3755,0.29699239134788513
37620,3756,0.019785884767770767
37630,3757,0.12099558860063553
37640,3758,0.0856158584356308
37650,3759,0.20591968297958374
37660,3760,0.06389046460390091
37670,3761,0.22087645530700684
37680,3762,0.14807924628257751
37690,3763,0.20729780197143555
37700,3764,0.11270833760499954
37710,3765,0.22786730527877808
37720,3766,0.11133620887994766
37730,3767,0.10052619874477386
37740,3768,0.11647529900074005
37750,3769,0.0753818154335022
37760,3770,0.0811246782541275
37770,3771,0.049555446952581406
37780,3772,0.17218177020549774
37790,3773,0.16479763388633728
37800,3774,0.12107351422309875
37810,3775,0.12223464250564575
37820,3776,0.13889938592910767
37830,3777,0.18527936935424805
37840,3778,0.13611498475074768
37850,3779,0.3563309609889984
37860,3780,0.11834973096847534
37870,3781,0.07441609352827072
37880,3782,0.16516876220703125
37890,3783,0.15735012292861938
37900,3784,0.1279078722000122
37910,3785,0.1178012564778328
37920,3786,0.13141444325447083
37930,3787,0.2946721315383911
37940,3788,0.11076783388853073
37950,3789,0.10709226876497269
37960,3790,0.1810135841369629
37970,3791,0.05453402176499367
37980,3792,0.21650204062461853
37990,3793,0.14106614887714386
38000,3794,0.14749780297279358
38010,3795,0.224151611328125
38020,3796,0.2284814715385437
38030,3797,0.1582324355840683
38040,3798,0.19910897314548492
38050,3799,0.2293011099100113
38060,3800,0.1909574568271637
38070,3801,0.16058126091957092
38080,3802,0.18346932530403137
38090,3803,0.04636983945965767
38100,3804,0.19013330340385437
38110,3805,0.06541821360588074
38120,3806,0.14289124310016632
38130,3807,0.17780323326587677
38140,3808,0.21320518851280212
38150,3809,0.03988649696111679
38160,3810,0.06858964264392853
38170,3811,0.07457654923200607
38180,3812,0.12450362741947174
38190,3813,0.1596512496471405
38200,3814,0.19260025024414062
38210,3815,0.16740471124649048
38220,3816,0.03275488689541817
38230,3817,0.09167347848415375
38240,3818,0.21075032651424408
38250,3819,0.17148546874523163
38260,3820,0.1641344279050827
38270,3821,0.17732778191566467
38280,3822,0.08392372727394104
38290,3823,0.23595987260341644
38300,3824,0.2165859192609787
38310,3825,0.3178130090236664
38320,3826,0.28017979860305786
38330,3827,0.1267613023519516
38340,3828,0.12377706170082092
38350,3829,0.11082828044891357
38360,3830,0.07333029806613922
38370,3831,0.14623066782951355
38380,3832,0.055080216377973557
38390,3833,0.16061480343341827
38400,3834,0.127152681350708
38410,3835,0.17082594335079193
38420,3836,0.5980151891708374
38430,3837,0.16695667803287506
38440,3838,0.11193955689668655
38450,3839,0.13460516929626465
38460,3840,0.11913938075304031
38470,3841,0.10542432963848114
38480,3842,0.09428921341896057
38490,3843,0.21222256124019623
38500,3844,0.20257225632667542
38510,3845,0.18627358973026276
38520,3846,0.10483694821596146
38530,3847,0.23863345384597778
38540,3848,0.21044796705245972
38550,3849,0.13646556437015533
38560,3850,0.15538309514522552
38570,3851,0.07658036053180695
38580,3852,0.039813246577978134
38590,3853,0.23726610839366913
38600,3854,0.14267656207084656
38610,3855,0.043506428599357605
38620,3856,0.1730106621980667
38630,3857,0.15911702811717987
38640,3858,0.1849861443042755
38650,3859,0.20176586508750916
38660,3860,0.10135523229837418
38670,3861,0.09135270118713379
38680,3862,0.03389699384570122
38690,3863,0.1277705430984497
38700,3864,0.15116947889328003
38710,3865,0.07408297061920166
38720,3866,0.14751440286636353
38730,3867,0.12725171446800232
38740,3868,0.05228454992175102
38750,3869,0.05925312638282776
38760,3870,0.038624465465545654
38770,3871,0.26582926511764526
38780,3872,0.11066727340221405
38790,3873,0.11483186483383179
38800,3874,0.08278963714838028
38810,3875,0.16944722831249237
38820,3876,0.17647477984428406
38830,3877,0.3227529525756836
38840,3878,0.0814267098903656
38850,3879,0.0813041403889656
38860,3880,0.20763738453388214
38870,3881,0.1933920532464981
38880,3882,0.08605881035327911
38890,3883,0.15052321553230286
38900,3884,0.15191750228405
38910,3885,0.018200162798166275
38920,3886,0.07147960364818573
38930,3887,0.11894823610782623
38940,3888,0.3184525966644287
38950,3889,0.05613330379128456
38960,3890,0.1873108446598053
38970,3891,0.04163414612412453
38980,3892,0.17366904020309448
38990,3893,0.20998723804950714
39000,3894,0.12641939520835876
39010,3895,0.14536356925964355
39020,3896,0.1271638125181198
39030,3897,0.270896315574646
39040,3898,0.2140120416879654
39050,3899,0.1323205977678299
39060,3900,0.25298452377319336
39070,3901,0.16434183716773987
39080,3902,0.09914784878492355
39090,3903,0.2756879925727844
39100,3904,0.06443046778440475
39110,3905,0.21653121709823608
39120,3906,0.19591060280799866
39130,3907,0.14289148151874542
39140,3908,0.09552692621946335
39150,3909,0.3791481554508209
39160,3910,0.20253616571426392
39170,3911,0.06994906812906265
39180,3912,0.05747723951935768
39190,3913,0.2725963294506073
39200,3914,0.16661161184310913
39210,3915,0.07980194687843323
39220,3916,0.16104380786418915
39230,3917,0.06636074185371399
39240,3918,0.04323836788535118
39250,3919,0.15591733157634735
39260,3920,0.10625793039798737
39270,3921,0.07370464503765106
39280,3922,0.13673536479473114
39290,3923,0.05875282362103462
39300,3924,0.23641841113567352
39310,3925,0.0764605849981308
39320,3926,0.1751631200313568
39330,3927,0.0684494599699974
39340,3928,0.1017567440867424
39350,3929,0.14291763305664062
39360,3930,0.053885988891124725
39370,3931,0.11335703730583191
39380,3932,0.05237821489572525
39390,3933,0.14938049018383026
39400,3934,0.2343977987766266
39410,3935,0.07630008459091187
39420,3936,0.3715977668762207
39430,3937,0.03789237141609192
39440,3938,0.11132030189037323
39450,3939,0.11552590876817703
39460,3940,0.11745816469192505
39470,3941,0.12227744609117508
39480,3942,0.03809204325079918
39490,3943,0.08292658627033234
39500,3944,0.17776569724082947
39510,3945,0.15973258018493652
39520,3946,0.11898148059844971
39530,3947,0.2673585116863251
39540,3948,0.11096066981554031
39550,3949,0.16220363974571228
39560,3950,0.11975985020399094
39570,3951,0.13345396518707275
39580,3952,0.09176108241081238
39590,3953,0.05128064379096031
39600,3954,0.18646422028541565
39610,3955,0.14641712605953217
39620,3956,0.031143445521593094
39630,3957,0.20464465022087097
39640,3958,0.1774396300315857
39650,3959,0.1457720547914505
39660,3960,0.04572721943259239
39670,3961,0.2751947343349457
39680,3962,0.020916176959872246
39690,3963,0.1744830161333084
39700,3964,0.17245396971702576
39710,3965,0.3095741868019104
39720,3966,0.14411157369613647
39730,3967,0.19276286661624908
39740,3968,0.2020508199930191
39750,3969,0.07090604305267334
39760,3970,0.15077242255210876
39770,3971,0.10160943120718002
39780,3972,0.20835411548614502
39790,3973,0.1750383824110031
39800,3974,0.08281978964805603
39810,3975,0.1946696788072586
39820,3976,0.29524433612823486
39830,3977,0.13971230387687683
39840,3978,0.22111403942108154
39850,3979,0.023587219417095184
39860,3980,0.25357213616371155
39870,3981,0.19839724898338318
39880,3982,0.10059170424938202
39890,3983,0.2571277618408203
39900,3984,0.07130643725395203
39910,3985,0.1466783583164215
39920,3986,0.20089231431484222
39930,3987,0.2347257286310196
39940,3988,0.2285604327917099
39950,3989,0.07319740206003189
39960,3990,0.28645291924476624
39970,3991,0.13522681593894958
39980,3992,0.294514000415802
39990,3993,0.054926276206970215
40000,3994,0.10971757769584656
40010,3995,0.15803542733192444
40020,3996,0.1862274706363678
40030,3997,0.16733206808567047
40040,3998,0.2303105592727661
40050,3999,0.06849619001150131
40060,4000,0.09471876174211502
40070,4001,0.13244588673114777
40080,4002,0.35297340154647827
40090,4003,0.08914600312709808
40100,4004,0.030139675363898277
40110,4005,0.08938474953174591
40120,4006,0.1533290147781372
40130,4007,0.16667430102825165
40140,4008,0.042323265224695206
40150,4009,0.023215491324663162
40160,4010,0.20226624608039856
40170,4011,0.1509861946105957
40180,4012,0.20558275282382965
40190,4013,0.19256806373596191
40200,4014,0.09825478494167328
40210,4015,0.3748793601989746
40220,4016,0.25515618920326233
40230,4017,0.1941981315612793
40240,4018,0.2297089546918869
40250,4019,0.15726357698440552
40260,4020,0.19942323863506317
40270,4021,0.19019034504890442
40280,4022,0.16061744093894958
40290,4023,0.3000219762325287
40300,4024,0.12317629158496857
40310,4025,0.12451137602329254
40320,4026,0.1054922491312027
40330,4027,0.36364084482192993
40340,4028,0.10999847203493118
40350,4029,0.4651626944541931
40360,4030,0.06795710325241089
40370,4031,0.06532320380210876
40380,4032,0.015357348136603832
40390,4033,0.1384114921092987
40400,4034,0.048468392342329025
40410,4035,0.1091570109128952
40420,4036,0.183755561709404
40430,4037,0.10253903269767761
40440,4038,0.0376637727022171
40450,4039,0.17423270642757416
40460,4040,0.18807080388069153
40470,4041,0.0770469605922699
40480,4042,0.25666362047195435
40490,4043,0.22108936309814453
40500,4044,0.07023867219686508
40510,4045,0.0451090969145298
40520,4046,0.0769440159201622
40530,4047,0.14053946733474731
40540,4048,0.2217978835105896
40550,4049,0.17212994396686554
40560,4050,0.13626287877559662
40570,4051,0.22739946842193604
40580,4052,0.26592689752578735
40590,4053,0.3292917013168335
40600,4054,0.203521728515625
40610,4055,0.11855361610651016
40620,4056,0.029675278812646866
40630,4057,0.17330701649188995
40640,4058,0.25349730253219604
40650,4059,0.07194315642118454
40660,4060,0.07444393634796143
40670,4061,0.10979948192834854
40680,4062,0.08598139882087708
40690,4063,0.12700405716896057
40700,4064,0.15435589849948883
40710,4065,0.061244357377290726
40720,4066,0.17962762713432312
40730,4067,0.19487208127975464
40740,4068,0.24782389402389526
40750,4069,0.15612785518169403
40760,4070,0.20266154408454895
40770,4071,0.09556388109922409
40780,4072,0.07870195806026459
40790,4073,0.16398228704929352
40800,4074,0.16724339127540588
40810,4075,0.15116363763809204
40820,4076,0.06759250164031982
40830,4077,0.1317208707332611
40840,4078,0.19719232618808746
40850,4079,0.1303834319114685
40860,4080,0.1607639640569687
40870,4081,0.16143649816513062
40880,4082,0.12064772844314575
40890,4083,0.3099030554294586
40900,4084,0.3680657148361206
40910,4085,0.0766933336853981
40920,4086,0.0997510775923729
40930,4087,0.17156513035297394
40940,4088,0.12086264044046402
40950,4089,0.3426792323589325
40960,4090,0.09373383969068527
40970,4091,0.19942453503608704
40980,4092,0.04242011159658432
40990,4093,0.055796969681978226
41000,4094,0.14613406360149384
41010,4095,0.1444944143295288
41020,4096,0.04789850860834122
41030,4097,0.17022253572940826
41040,4098,0.1598653495311737
41050,4099,0.17801974713802338
41060,4100,0.2519848644733429
41070,4101,0.04715939611196518
41080,4102,0.11929542571306229
41090,4103,0.10738877952098846
41100,4104,0.2983207106590271
41110,4105,0.2665323317050934
41120,4106,0.20164550840854645
41130,4107,0.17012034356594086
41140,4108,0.12244000285863876
41150,4109,0.09974253177642822
41160,4110,0.028036851435899734
41170,4111,0.009169844910502434
41180,4112,0.16465386748313904
41190,4113,0.11536888778209686
41200,4114,0.18607234954833984
41210,4115,0.1228054091334343
41220,4116,0.2362365424633026
41230,4117,0.2370152473449707
41240,4118,0.06152874603867531
41250,4119,0.1131124272942543
41260,4120,0.06998531520366669
41270,4121,0.14418534934520721
41280,4122,0.030506681650877
41290,4123,0.04084167629480362
41300,4124,0.08656111359596252
41310,4125,0.09059494733810425
41320,4126,0.10020995885133743
41330,4127,0.1637335568666458
41340,4128,0.06760238856077194
41350,4129,0.13343572616577148
41360,4130,0.13370798528194427
41370,4131,0.12763835489749908
41380,4132,0.1862422525882721
41390,4133,0.05483168736100197
41400,4134,0.08033782243728638
41410,4135,0.14164002239704132
41420,4136,0.07466204464435577
41430,4137,0.23979724943637848
41440,4138,0.23195171356201172
41450,4139,0.1738065481185913
41460,4140,0.14592018723487854
41470,4141,0.2964887022972107
41480,4142,0.1992889791727066
41490,4143,0.09589976072311401
41500,4144,0.1704709827899933
41510,4145,0.18720242381095886
41520,4146,0.06550440937280655
41530,4147,0.22442853450775146
41540,4148,0.1521117389202118
41550,4149,0.0802067220211029
41560,4150,0.026285698637366295
41570,4151,0.15431949496269226
41580,4152,0.1445576548576355
41590,4153,0.19364231824874878
41600,4154,0.20754753053188324
41610,4155,0.07243433594703674
41620,4156,0.00022740577696822584
41630,4157,0.04254722595214844
41640,4158,0.1267874389886856
41650,4159,0.13225756585597992
41660,4160,0.17714059352874756
41670,4161,0.1420404464006424
41680,4162,0.17962974309921265
41690,4163,0.15468527376651764
41700,4164,0.1215994656085968
41710,4165,0.13904963433742523
41720,4166,0.2993498742580414
41730,4167,0.17524662613868713
41740,4168,0.05366810783743858
41750,4169,0.1912531703710556
41760,4170,0.027265353128314018
41770,4171,0.1167626604437828
41780,4172,0.18101270496845245
41790,4173,0.17186978459358215
41800,4174,0.11992793530225754
41810,4175,0.1417749673128128
41820,4176,0.24683378636837006
41830,4177,0.12719066441059113
41840,4178,0.11009439080953598
41850,4179,0.2158586084842682
41860,4180,0.05658407136797905
41870,4181,0.22916297614574432
41880,4182,0.08668270707130432
41890,4183,0.09461775422096252
41900,4184,0.08676280081272125
41910,4185,0.08696097880601883
41920,4186,0.2636440396308899
41930,4187,0.04947371780872345
41940,4188,0.2297629415988922
41950,4189,0.033600613474845886
41960,4190,0.07140228152275085
41970,4191,0.15927588939666748
41980,4192,0.014793123118579388
41990,4193,0.2707653045654297
42000,4194,0.09679072350263596
42010,4195,0.14243032038211823
42020,4196,0.036981791257858276
42030,4197,0.11424676328897476
42040,4198,0.24814899265766144
42050,4199,0.019219018518924713
42060,4200,0.17198292911052704
42070,4201,0.05105509236454964
42080,4202,0.14122697710990906
42090,4203,0.10595201700925827
42100,4204,0.07680319249629974
42110,4205,0.36429888010025024
42120,4206,0.16978254914283752
42130,4207,0.09223660826683044
42140,4208,0.24977390468120575
42150,4209,0.029413839802145958
42160,4210,0.3066353499889374
42170,4211,0.09152767807245255
42180,4212,0.1355571746826172
42190,4213,0.13447660207748413
42200,4214,0.22600233554840088
42210,4215,0.12862132489681244
42220,4216,0.05679018422961235
42230,4217,0.052284568548202515
42240,4218,0.09834642708301544
42250,4219,0.1460307538509369
42260,4220,0.2516130208969116
42270,4221,0.2685449421405792
42280,4222,0.13628976047039032
42290,4223,0.028379838913679123
42300,4224,0.04580816626548767
42310,4225,0.0727868303656578
42320,4226,0.2878550589084625
42330,4227,0.20819155871868134
42340,4228,0.0476892851293087
42350,4229,0.2551930844783783
42360,4230,0.06667191535234451
42370,4231,0.10408147424459457
42380,4232,0.14239995181560516
42390,4233,0.09935752302408218
42400,4234,0.3075222373008728
42410,4235,0.24828916788101196
42420,4236,0.17961065471172333
42430,4237,0.10984113067388535
42440,4238,0.26632851362228394
42450,4239,0.07437650114297867
42460,4240,0.21856465935707092
42470,4241,0.18081091344356537
42480,4242,0.14172643423080444
42490,4243,0.0908178985118866
42500,4244,0.22765761613845825
42510,4245,0.11471561342477798
42520,4246,0.054922059178352356
42530,4247,0.19823455810546875
42540,4248,0.1016283705830574
42550,4249,0.1293642818927765
42560,4250,0.09723901748657227
42570,4251,0.21363863348960876
42580,4252,0.19580674171447754
42590,4253,0.05228031799197197
42600,4254,0.06220617517828941
42610,4255,0.2709173858165741
42620,4256,0.04785052686929703
42630,4257,0.062100064009428024
42640,4258,0.046233538538217545
42650,4259,0.04042521491646767
42660,4260,0.08675665408372879
42670,4261,0.08159593492746353
42680,4262,0.12658652663230896
42690,4263,0.22107750177383423
42700,4264,0.12524591386318207
42710,4265,0.09119417518377304
42720,4266,0.09323655068874359
42730,4267,0.17003901302814484
42740,4268,0.15287598967552185
42750,4269,0.15513664484024048
42760,4270,0.14101241528987885
42770,4271,0.09683272987604141
42780,4272,0.080620177090168
42790,4273,0.10494932532310486
42800,4274,0.18713121116161346
42810,4275,0.1478883922100067
42820,4276,0.19461724162101746
42830,4277,0.13684242963790894
42840,4278,0.0795694962143898
42850,4279,0.14680340886116028
42860,4280,0.13242307305335999
42870,4281,0.11461260914802551
42880,4282,0.046251147985458374
42890,4283,0.11473599076271057
42900,4284,0.019507912918925285
42910,4285,0.049262646585702896
42920,4286,0.14214065670967102
42930,4287,0.19763748347759247
42940,4288,0.08782518655061722
42950,4289,0.09606695920228958
42960,4290,0.1588435173034668
42970,4291,0.1404128074645996
42980,4292,0.1112971305847168
42990,4293,0.17558744549751282
43000,4294,0.10596568882465363
43010,4295,0.1429813802242279
43020,4296,0.03945561498403549
43030,4297,0.041116438806056976
43040,4298,0.06451638787984848
43050,4299,0.1477150022983551
43060,4300,0.07564137130975723
43070,4301,0.1490815132856369
43080,4302,0.1481269896030426
43090,4303,0.1020839661359787
43100,4304,0.11447447538375854
43110,4305,0.026526283472776413
43120,4306,0.09144983440637589
43130,4307,0.18569447100162506
43140,4308,0.16189338266849518
43150,4309,0.31854596734046936
43160,4310,0.06606511771678925
43170,4311,0.06705690920352936
43180,4312,0.020839866250753403
43190,4313,0.22701247036457062
43200,4314,0.15783515572547913
43210,4315,0.06921208649873734
43220,4316,0.2521853446960449
43230,4317,0.10561110079288483
43240,4318,0.0913875550031662
43250,4319,0.2850072681903839
43260,4320,0.11789117008447647
43270,4321,0.038497067987918854
43280,4322,0.08133283257484436
43290,4323,0.04671108350157738
43300,4324,0.47956204414367676
43310,4325,0.16417713463306427
43320,4326,0.215556800365448
43330,4327,0.11424470692873001
43340,4328,0.10404784977436066
43350,4329,0.18841493129730225
43360,4330,0.10929124057292938
43370,4331,0.07499431818723679
43380,4332,0.28927987813949585
43390,4333,0.2672275900840759
43400,4334,0.1417006552219391
43410,4335,0.19541597366333008
43420,4336,0.2706853747367859
43430,4337,0.18441037833690643
43440,4338,0.12641718983650208
43450,4339,0.1460573524236679
43460,4340,0.0969708114862442
43470,4341,0.22804468870162964
43480,4342,0.17367777228355408
43490,4343,0.11876596510410309
43500,4344,0.10794415324926376
43510,4345,0.10163509845733643
43520,4346,0.04918419197201729
43530,4347,0.036404579877853394
43540,4348,0.015246840193867683
43550,4349,0.10391384363174438
43560,4350,0.048902638256549835
43570,4351,0.05794305354356766
43580,4352,0.10844465345144272
43590,4353,0.07615269720554352
43600,4354,0.1110290139913559
43610,4355,0.1727062463760376
43620,4356,0.17984192073345184
43630,4357,0.03505166620016098
43640,4358,0.12031248211860657
43650,4359,0.1067725270986557
43660,4360,0.13434572517871857
43670,4361,0.05530574917793274
43680,4362,0.22817642986774445
43690,4363,0.014368736185133457
43700,4364,0.045846108347177505
43710,4365,0.05504877120256424
43720,4366,0.29208382964134216
43730,4367,0.14489862322807312
43740,4368,0.035616181790828705
43750,4369,0.14270952343940735
43760,4370,0.15961302816867828
43770,4371,0.08448228240013123
43780,4372,0.13096857070922852
43790,4373,0.3293418884277344
43800,4374,0.14026862382888794
43810,4375,0.13262362778186798
43820,4376,0.0174395889043808
43830,4377,0.10216812789440155
43840,4378,0.11479511857032776
43850,4379,0.18986329436302185
43860,4380,0.04855186864733696
43870,4381,0.11128715425729752
43880,4382,0.2123996913433075
43890,4383,0.11264161765575409
43900,4384,0.06889989227056503
43910,4385,0.12460678070783615
43920,4386,0.22826960682868958
43930,4387,0.02378622069954872
43940,4388,0.09345287829637527
43950,4389,0.2742072343826294
43960,4390,0.20749527215957642
43970,4391,0.19370761513710022
43980,4392,0.10874366760253906
43990,4393,0.031313035637140274
44000,4394,0.07897815108299255
44010,4395,0.18466326594352722
44020,4396,0.10709089040756226
44030,4397,0.11422064900398254
44040,4398,0.17116570472717285
44050,4399,0.2058345228433609
44060,4400,0.11317568272352219
44070,4401,0.16046524047851562
44080,4402,0.008689625188708305
44090,4403,0.1435307264328003
44100,4404,0.1741371899843216
44110,4405,0.1476236879825592
44120,4406,0.22824761271476746
44130,4407,0.026191135868430138
44140,4408,0.10994397103786469
44150,4409,0.05026039481163025
44160,4410,0.12770764529705048
44170,4411,0.05633634328842163
44180,4412,0.17416588962078094
44190,4413,0.09106241166591644
44200,4414,0.1445622593164444
44210,4415,0.11258841305971146
44220,4416,0.2081155627965927
44230,4417,0.35097289085388184
44240,4418,0.2530420124530792
44250,4419,0.021453777328133583
44260,4420,0.17253483831882477
44270,4421,0.09046415984630585
44280,4422,0.15623170137405396
44290,4423,0.17934133112430573
44300,4424,0.16568997502326965
44310,4425,0.12187118828296661
44320,4426,0.39831429719924927
44330,4427,0.07086396962404251
44340,4428,0.12860801815986633
44350,4429,0.10435599833726883
44360,4430,0.18908803164958954
44370,4431,0.19688354432582855
44380,4432,0.06786663830280304
44390,4433,0.2779318392276764
44400,4434,0.18609760701656342
44410,4435,0.07336795330047607
44420,4436,0.09928451478481293
44430,4437,0.19482344388961792
44440,4438,0.2774486839771271
44450,4439,0.11198881268501282
44460,4440,0.14419643580913544
44470,4441,0.12437466531991959
44480,4442,0.09207737445831299
44490,4443,0.05160112306475639
44500,4444,0.06218672916293144
44510,4445,0.1295456737279892
44520,4446,0.06466174125671387
44530,4447,0.10315991938114166
44540,4448,0.041239310055971146
44550,4449,0.19442738592624664
44560,4450,0.04349431395530701
44570,4451,0.20736324787139893
44580,4452,0.16273446381092072
44590,4453,0.08740662038326263
44600,4454,0.15054337680339813
44610,4455,0.1796722114086151
44620,4456,0.05691178888082504
44630,4457,0.03882727771997452
44640,4458,0.08415796607732773
44650,4459,0.05621197819709778
44660,4460,0.011934896931052208
44670,4461,0.09768186509609222
44680,4462,0.04444870352745056
44690,4463,0.03178669512271881
44700,4464,0.06422072649002075
44710,4465,0.17252832651138306
44720,4466,0.0848693922162056
44730,4467,0.11529329419136047
44740,4468,0.1839892715215683
44750,4469,0.15326914191246033
44760,4470,0.218230202794075
44770,4471,0.09662005305290222
44780,4472,0.036179058253765106
44790,4473,0.03179450333118439
44800,4474,0.11865825206041336
44810,4475,0.048121389001607895
44820,4476,0.046995311975479126
44830,4477,0.0617123581469059
44840,4478,0.15507619082927704
44850,4479,0.20524655282497406
44860,4480,0.046491630375385284
44870,4481,0.12791337072849274
44880,4482,0.1551516056060791
44890,4483,0.06977643072605133
44900,4484,0.14903946220874786
44910,4485,0.12973271310329437
44920,4486,0.02176147699356079
44930,4487,0.2803514897823334
44940,4488,0.2835387587547302
44950,4489,0.14394275844097137
44960,4490,0.052507974207401276
44970,4491,0.057360872626304626
44980,4492,0.3143722116947174
44990,4493,0.11903654038906097
45000,4494,0.06426114588975906
45010,4495,0.06373068690299988
45020,4496,0.16807445883750916
45030,4497,0.16507112979888916
45040,4498,0.04231235757470131
45050,4499,0.07365268468856812
45060,4500,0.09160058200359344
45070,4501,0.07141439616680145
45080,4502,0.12222606688737869
45090,4503,0.01406877115368843
45100,4504,0.19872808456420898
45110,4505,0.1585501879453659
45120,4506,0.12054365128278732
45130,4507,0.003429645672440529
45140,4508,0.06225467845797539
45150,4509,0.16352654993534088
45160,4510,0.07422643899917603
45170,4511,0.08629122376441956
45180,4512,0.008950630202889442
45190,4513,0.33753448724746704
45200,4514,0.20308583974838257
45210,4515,0.013918298296630383
45220,4516,0.10421868413686752
45230,4517,0.03415009751915932
45240,4518,0.10729613155126572
45250,4519,0.05850903317332268
45260,4520,0.09794218093156815
45270,4521,0.08067259937524796
45280,4522,0.2663699984550476
45290,4523,0.10978120565414429
45300,4524,0.0819627046585083
45310,4525,0.1697974056005478
45320,4526,0.15251411497592926
45330,4527,0.07380803674459457
45340,4528,0.13290256261825562
45350,4529,0.045502375811338425
45360,4530,0.09587935358285904
45370,4531,0.06201387941837311
45380,4532,0.17260558903217316
45390,4533,0.044328488409519196
45400,4534,0.027711233124136925
45410,4535,0.04988686740398407
45420,4536,0.35824644565582275
45430,4537,0.05686981976032257
45440,4538,0.013459112495183945
45450,4539,0.13356542587280273
45460,4540,0.016240203753113747
45470,4541,0.09640738368034363
45480,4542,0.04461917653679848
45490,4543,0.1077532097697258
45500,4544,0.08515726774930954
45510,4545,0.022820552811026573
45520,4546,0.01402566023170948
45530,4547,0.09813371300697327
45540,4548,0.07701030373573303
45550,4549,0.1176089346408844
45560,4550,0.07116907835006714
45570,4551,0.2716609835624695
45580,4552,0.0706913098692894
45590,4553,0.103962242603302
45600,4554,0.04107906296849251
45610,4555,0.12906506657600403
45620,4556,0.049457721412181854
45630,4557,0.2198631912469864
45640,4558,0.23510153591632843
45650,4559,0.2050502449274063
45660,4560,0.08573190122842789
45670,4561,0.03330725058913231
45680,4562,0.07415453344583511
45690,4563,0.06758963316679001
45700,4564,0.07908588647842407
45710,4565,0.039348114281892776
45720,4566,0.11032155901193619
45730,4567,0.09722737222909927
45740,4568,0.06628009676933289
45750,4569,0.16016064584255219
45760,4570,0.19596931338310242
45770,4571,0.020169634371995926
45780,4572,0.31586959958076477
45790,4573,0.059760868549346924
45800,4574,0.008999654091894627
45810,4575,0.03189902752637863
45820,4576,0.2436572164297104
45830,4577,0.08254685252904892
45840,4578,0.03991873189806938
45850,4579,0.13499239087104797
45860,4580,0.055576108396053314
45870,4581,0.041751157492399216
45880,4582,0.2008703202009201
45890,4583,0.11877189576625824
45900,4584,0.08861052989959717
45910,4585,0.008093421347439289
45920,4586,0.10143209993839264
45930,4587,0.038903605192899704
45940,4588,0.08315899968147278
45950,4589,0.15545684099197388
45960,4590,0.02281147800385952
45970,4591,0.13527673482894897
45980,4592,0.0674448013305664
45990,4593,0.09966500848531723
46000,4594,0.3035956919193268
46010,4595,0.11880511790513992
46020,4596,0.18649929761886597
46030,4597,0.15827366709709167
46040,4598,0.21989908814430237
46050,4599,0.06683200597763062
46060,4600,0.1268424540758133
46070,4601,0.14257656037807465
46080,4602,0.025508509948849678
46090,4603,0.10401023924350739
46100,4604,0.08986050635576248
46110,4605,0.07026614993810654
46120,4606,0.1347728818655014
46130,4607,0.11531638354063034
46140,4608,0.036996155977249146
46150,4609,0.1399977207183838
46160,4610,0.17370133101940155
46170,4611,0.2715483009815216
46180,4612,0.08356664329767227
46190,4613,0.24425888061523438
46200,4614,0.04701392352581024
46210,4615,0.062280479818582535
46220,4616,0.08549731969833374
46230,4617,0.12627293169498444
46240,4618,0.13476647436618805
46250,4619,0.09253571927547455
46260,4620,0.07687689363956451
46270,4621,0.13038651645183563
46280,4622,0.13333715498447418
46290,4623,0.06834135204553604
46300,4624,0.2110612988471985
46310,4625,0.16586704552173615
46320,4626,0.006865714676678181
46330,4627,0.07950093597173691
46340,4628,0.07747431099414825
46350,4629,0.08931843191385269
46360,4630,0.08447686582803726
46370,4631,0.016023432835936546
46380,4632,0.16210488975048065
46390,4633,0.12958654761314392
46400,4634,0.2549065351486206
46410,4635,0.08101348578929901
46420,4636,0.06119097024202347
46430,4637,0.1064915657043457
46440,4638,0.06173275038599968
46450,4639,0.049448709934949875
46460,4640,0.026638923212885857
46470,4641,0.15805351734161377
46480,4642,0.11307425051927567
46490,4643,0.27833107113838196
46500,4644,0.05076993256807327
46510,4645,0.26353326439857483
46520,4646,0.28795480728149414
46530,4647,0.09134005010128021
46540,4648,0.05843700096011162
46550,4649,0.03371461108326912
46560,4650,0.06245619058609009
46570,4651,0.10162169486284256
46580,4652,0.014541313983500004
46590,4653,0.25643810629844666
46600,4654,0.15921224653720856
46610,4655,0.08598671108484268
46620,4656,0.2263607531785965
46630,4657,0.20870183408260345
46640,4658,0.09286386519670486
46650,4659,0.12219845503568649
46660,4660,0.12738440930843353
46670,4661,0.09368844330310822
46680,4662,0.06739121675491333
46690,4663,0.014473018236458302
46700,4664,0.22703012824058533
46710,4665,0.1088193878531456
46720,4666,0.24988313019275665
46730,4667,0.2484046071767807
46740,4668,0.07470421493053436
46750,4669,0.04098474606871605
46760,4670,0.27084895968437195
46770,4671,0.0805332362651825
46780,4672,0.23408243060112
46790,4673,0.18917316198349
46800,4674,0.021542809903621674
46810,4675,0.07187026739120483
46820,4676,0.06876613944768906
46830,4677,0.10182180255651474
46840,4678,0.04370291531085968
46850,4679,0.08417825400829315
46860,4680,0.20309367775917053
46870,4681,0.01657484471797943
46880,4682,0.042790599167346954
46890,4683,0.2563243508338928
46900,4684,0.2097126990556717
46910,4685,0.015895789489150047
46920,4686,0.12711021304130554
46930,4687,0.20840603113174438
46940,4688,0.1336779147386551
46950,4689,0.20396053791046143
46960,4690,0.13244205713272095
46970,4691,0.02018062025308609
46980,4692,0.05174608901143074
46990,4693,0.07921625673770905
47000,4694,0.18145149946212769
47010,4695,0.18360461294651031
47020,4696,0.18327449262142181
47030,4697,0.151347815990448
47040,4698,0.11334756016731262
47050,4699,0.11168371886014938
47060,4700,0.053944043815135956
47070,4701,0.03083358332514763
47080,4702,0.06461628526449203
47090,4703,0.2660193145275116
47100,4704,0.08575768023729324
47110,4705,0.05616696923971176
47120,4706,0.040028780698776245
47130,4707,0.19972868263721466
47140,4708,0.20334075391292572
47150,4709,0.11412845551967621
47160,4710,0.13243520259857178
47170,4711,0.27196618914604187
47180,4712,0.0007072549196891487
47190,4713,0.1899637132883072
47200,4714,0.07922075688838959
47210,4715,0.06999260932207108
47220,4716,0.1926223784685135
47230,4717,0.13891619443893433
47240,4718,0.1430967152118683
47250,4719,0.08990727365016937
47260,4720,0.1070442721247673
47270,4721,0.027698419988155365
47280,4722,0.23809489607810974
47290,4723,0.026889406144618988
47300,4724,0.07366175949573517
47310,4725,0.30175983905792236
47320,4726,0.16683535277843475
47330,4727,0.16878417134284973
47340,4728,0.024342820048332214
47350,4729,0.13085108995437622
47360,4730,0.07078605890274048
47370,4731,0.07421938329935074
47380,4732,0.10642059892416
47390,4733,0.009440349414944649
47400,4734,0.14989140629768372
47410,4735,0.10844597220420837
47420,4736,0.010154346004128456
47430,4737,0.10850921273231506
47440,4738,0.10286705195903778
47450,4739,0.11910059303045273
47460,4740,0.13046753406524658
47470,4741,0.09346017241477966
47480,4742,0.04968243092298508
47490,4743,0.09200560301542282
47500,4744,0.1541716456413269
47510,4745,0.24390116333961487
47520,4746,0.08120928704738617
47530,4747,0.12127944827079773
47540,4748,0.035845741629600525
47550,4749,0.15911266207695007
47560,4750,0.17069832980632782
47570,4751,0.07708296924829483
47580,4752,0.20884822309017181
47590,4753,0.10345064103603363
47600,4754,0.2038000226020813
47610,4755,0.17451642453670502
47620,4756,0.1631024032831192
47630,4757,0.07526066899299622
47640,4758,0.03002100996673107
47650,4759,0.051441844552755356
47660,4760,0.11681834608316422
47670,4761,0.08736838400363922
47680,4762,0.09753570705652237
47690,4763,0.04758277162909508
47700,4764,0.09996040910482407
47710,4765,0.014295702800154686
47720,4766,0.21260710060596466
47730,4767,0.4085550010204315
47740,4768,0.12664911150932312
47750,4769,0.15067020058631897
47760,4770,0.15247242152690887
47770,4771,0.07414985448122025
47780,4772,0.0847553089261055
47790,4773,0.1738416999578476
47800,4774,0.06882082670927048
47810,4775,0.0524330735206604
47820,4776,0.06738664209842682
47830,4777,0.0172230564057827
47840,4778,0.19164074957370758
47850,4779,0.29494401812553406
47860,4780,0.11778528243303299
47870,4781,0.042202968150377274
47880,4782,0.14040479063987732
47890,4783,0.05614180490374565
47900,4784,0.24851898849010468
47910,4785,0.05300401896238327
47920,4786,0.12088504433631897
47930,4787,0.07064811140298843
47940,4788,0.0606582947075367
47950,4789,0.023757558315992355
47960,4790,0.02261248044669628
47970,4791,0.058346938341856
47980,4792,0.120040163397789
47990,4793,0.07556816190481186
48000,4794,0.07391947507858276
48010,4795,0.14817523956298828
48020,4796,0.02053394727408886
48030,4797,0.14596769213676453
48040,4798,0.07561962306499481
48050,4799,0.08764980733394623
48060,4800,0.10001975297927856
48070,4801,0.18973827362060547
48080,4802,0.15712252259254456
48090,4803,0.20924197137355804
48100,4804,0.0492711067199707
48110,4805,0.1100567951798439
48120,4806,0.0694635733962059
48130,4807,0.04006030410528183
48140,4808,0.0721435397863388
48150,4809,0.14742496609687805
48160,4810,0.08303557336330414
48170,4811,0.08542138338088989
48180,4812,0.08118944615125656
48190,4813,0.0984157994389534
48200,4814,0.05380574241280556
48210,4815,0.28031012415885925
48220,4816,0.13027015328407288
48230,4817,0.14458130300045013
48240,4818,0.10679654777050018
48250,4819,0.044514745473861694
48260,4820,0.09487548470497131
48270,4821,0.09103628247976303
48280,4822,0.07582049816846848
48290,4823,0.11331228911876678
48300,4824,0.050597891211509705
48310,4825,0.12049369513988495
48320,4826,0.210521399974823
48330,4827,0.21850985288619995
48340,4828,0.15423208475112915
48350,4829,0.031162243336439133
48360,4830,0.09181016683578491
48370,4831,0.018518539145588875
48380,4832,0.15787461400032043
48390,4833,0.06348121166229248
48400,4834,0.08667542785406113
48410,4835,0.4250304400920868
48420,4836,0.01563962921500206
48430,4837,0.12316741049289703
48440,4838,0.0856722965836525
48450,4839,0.05051017925143242
48460,4840,0.08638295531272888
48470,4841,0.3241446614265442
48480,4842,0.1832352578639984
48490,4843,0.11878697574138641
48500,4844,0.08345053344964981
48510,4845,0.18675728142261505
48520,4846,0.010594259947538376
48530,4847,0.04207952320575714
48540,4848,0.12632250785827637
48550,4849,0.06813628226518631
48560,4850,0.008573616854846478
48570,4851,0.04573259502649307
48580,4852,0.10185768455266953
48590,4853,0.02326054498553276
48600,4854,0.0832224041223526
48610,4855,0.11166547238826752
48620,4856,0.039205148816108704
48630,4857,0.07931490987539291
48640,4858,0.2123245894908905
48650,4859,0.11551341414451599
48660,4860,0.07541392743587494
48670,4861,0.017312614247202873
48680,4862,0.12117082625627518
48690,4863,0.029093343764543533
48700,4864,0.15965783596038818
48710,4865,0.16886022686958313
48720,4866,0.05863924324512482
48730,4867,0.046671610325574875
48740,4868,0.08021728694438934
48750,4869,0.13977013528347015
48760,4870,0.18257039785385132
48770,4871,0.060717515647411346
48780,4872,0.16038648784160614
48790,4873,0.11920097470283508
48800,4874,0.15887048840522766
48810,4875,0.21314369142055511
48820,4876,0.26353317499160767
48830,4877,0.03585980832576752
48840,4878,0.056599877774715424
48850,4879,0.16379131376743317
48860,4880,0.09497630596160889
48870,4881,0.05982503667473793
48880,4882,0.036487024277448654
48890,4883,0.12089274823665619
48900,4884,0.014171281829476357
48910,4885,0.16305534541606903
48920,4886,0.05010346695780754
48930,4887,0.018601737916469574
48940,4888,0.10596251487731934
48950,4889,0.09119226783514023
48960,4890,0.3958912491798401
48970,4891,0.14151030778884888
48980,4892,0.05232076346874237
48990,4893,0.05127805471420288
49000,4894,0.07716923952102661
49010,4895,0.11256331205368042
49020,4896,0.13581494987010956
49030,4897,0.08482982218265533
49040,4898,0.0888492688536644
49050,4899,0.054703615605831146
49060,4900,0.2546403408050537
49070,4901,0.1914149820804596
49080,4902,0.050744183361530304
49090,4903,0.15344424545764923
49100,4904,0.050343018025159836
49110,4905,0.17385104298591614
49120,4906,0.02787644788622856
49130,4907,0.05156657472252846
49140,4908,0.2387329339981079
49150,4909,0.13187524676322937
49160,4910,0.18808583915233612
49170,4911,0.009601464495062828
49180,4912,0.11675012111663818
49190,4913,0.030567385256290436
49200,4914,0.07402978092432022
49210,4915,0.09561331570148468
49220,4916,0.17633917927742004
49230,4917,0.09817357361316681
49240,4918,0.08824789524078369
49250,4919,0.01185914408415556
49260,4920,0.15845835208892822
49270,4921,0.1469576507806778
49280,4922,0.144210085272789
49290,4923,0.018974175676703453
49300,4924,0.0011498555541038513
49310,4925,0.050519831478595734
49320,4926,0.18665295839309692
49330,4927,0.02399473451077938
49340,4928,0.06353522837162018
49350,4929,0.15385158360004425
49360,4930,0.1049446240067482
49370,4931,0.20526519417762756
49380,4932,0.03450964391231537
49390,4933,0.09120413661003113
49400,4934,0.10659373551607132
49410,4935,0.014896362088620663
49420,4936,0.048693232238292694
49430,4937,0.02370557188987732
49440,4938,0.16074325144290924
49450,4939,0.29606685042381287
49460,4940,0.026562001556158066
49470,4941,0.08421335369348526
49480,4942,0.08848068118095398
49490,4943,0.14325463771820068
49500,4944,0.053809233009815216
49510,4945,0.20069757103919983
49520,4946,0.16505621373653412
49530,4947,0.048157621175050735
49540,4948,0.08096015453338623
49550,4949,0.036048971116542816
49560,4950,0.06074736639857292
49570,4951,0.26261720061302185
49580,4952,0.15795545279979706
49590,4953,0.11395936459302902
49600,4954,0.1660902202129364
49610,4955,0.03544466570019722
49620,4956,0.018353378400206566
49630,4957,0.1962863802909851
49640,4958,0.07360608875751495
49650,4959,0.11237253993749619
49660,4960,0.14122071862220764
49670,4961,0.14704957604408264
49680,4962,0.041310831904411316
49690,4963,0.15573322772979736
49700,4964,0.07502147555351257
49710,4965,0.26071488857269287
49720,4966,0.1045575886964798
49730,4967,0.16047686338424683
49740,4968,0.10138213634490967
49750,4969,0.0894756093621254
49760,4970,0.13049839437007904
49770,4971,0.11986638605594635
49780,4972,0.15604141354560852
49790,4973,0.14290493726730347
49800,4974,0.15165947377681732
49810,4975,0.0538492426276207
49820,4976,0.15065686404705048
49830,4977,0.25364217162132263
49840,4978,0.10189928114414215
49850,4979,0.08850497752428055
49860,4980,0.06759695708751678
49870,4981,0.18118366599082947
49880,4982,0.22016549110412598
49890,4983,0.11203222721815109
49900,4984,0.10135012865066528
49910,4985,0.1875240057706833
49920,4986,0.034270621836185455
49930,4987,0.07798358052968979
49940,4988,0.011625009588897228
49950,4989,0.01362338662147522
49960,4990,0.19075284898281097
49970,4991,0.044109880924224854
49980,4992,0.07552111148834229
49990,4993,0.05876496806740761
50000,4994,0.2409384697675705
